Dec 01 01:38:39.465 INFO Logging to file                         path: "/data/lighthouse/beacon-data/beacon/logs/beacon.log"
Dec 01 01:38:39.470 INFO Lighthouse started                      version: Lighthouse/v5.3.0-2e0eb6d
Dec 01 01:38:39.470 INFO Configured for network                  name: custom (/network-configs/network-configs)
Dec 01 01:38:39.471 INFO Data directory initialised              datadir: /data/lighthouse/beacon-data
Dec 01 01:38:39.471 WARN Discv5 packet filter is disabled
Dec 01 01:38:39.471 WARN Ignoring --http-allow-sync-stalled      info: this flag is deprecated and will be removed
Dec 01 01:38:39.476 INFO Deposit contract                        address: 0x4242424242424242424242424242424242424242, deploy_block: 0
Dec 01 01:38:39.496 INFO Blob DB initialized                     oldest_blob_slot: Some(Slot(0)), path: "/data/lighthouse/beacon-data/beacon/blobs_db", service: freezer_db
Dec 01 01:38:39.514 INFO Using external block builder            local_user_agent: Lighthouse/v5.3.0-2e0eb6d, builder_url: "http://mev-boost-1-lighthouse-geth:18550/", service: exec
Dec 01 01:38:39.514 INFO Starting from known genesis state       service: beacon
Dec 01 01:38:39.615 INFO Block production enabled                method: json rpc via http, endpoint: Auth { endpoint: "http://172.16.4.11:8551/", jwt_path: "/jwt/jwtsecret", jwt_id: None, jwt_version: None }
Dec 01 01:38:39.628 INFO Beacon chain initialized                head_slot: 0, head_block: 0xf872…f8fe, head_state: 0xc766…48b8, service: beacon
Dec 01 01:38:39.628 INFO Timer service started                   service: node_timer
Dec 01 01:38:39.629 INFO ENR Initialised                         quic6: None, quic4: Some(9001), udp6: None, tcp6: None, tcp4: Some(9000), udp4: Some(9000), ip4: Some(172.16.4.14), id: 0x71a3..8127, seq: 1, enr: enr:-MS4QKzfMkSrVThOlrL29oJeZRm_DwuWQSrJPewhykBPkFqAPraa_8Yr3SqVOaPOrP68L6EOk1Hebxzo1qDhP_doBToBh2F0dG5ldHOIAAAAAAAAAACEZXRoMpDYTi7gUAAAOP__________gmlkgnY0gmlwhKwQBA6EcXVpY4IjKYlzZWNwMjU2azGhAqlDLdn68YXmHmMkTdNdjbW_G7JQogvCmFwgvGNisW88iHN5bmNuZXRzAIN0Y3CCIyiDdWRwgiMo, service: libp2p
Dec 01 01:38:39.630 INFO Libp2p Starting                         bandwidth_config: 3-Average, peer_id: 16Uiu2HAm6pQJ2qVcRd3jQk5xK95E8niqGgkHVBRT83oVVtTAwHJb, service: libp2p
Dec 01 01:38:39.630 INFO Listening established                   address: /ip4/0.0.0.0/tcp/9000/p2p/16Uiu2HAm6pQJ2qVcRd3jQk5xK95E8niqGgkHVBRT83oVVtTAwHJb, service: libp2p
Dec 01 01:38:39.630 INFO Listening established                   address: /ip4/0.0.0.0/udp/9001/quic-v1/p2p/16Uiu2HAm6pQJ2qVcRd3jQk5xK95E8niqGgkHVBRT83oVVtTAwHJb, service: libp2p
Dec 01 01:38:39.630 INFO Subscribing to all subnets              service: attestation_service
Dec 01 01:38:39.650 INFO HTTP API started                        listen_address: 0.0.0.0:4000
Dec 01 01:38:39.650 INFO Metrics HTTP server started             listen_address: 0.0.0.0:5054
Dec 01 01:38:39.650 INFO UPnP Attempting to initialise routes
Dec 01 01:38:39.650 INFO Waiting for genesis                     wait_time: 0 mins, peers: 0, service: slot_notifier
Dec 01 01:38:39.650 WARN Syncing deposit contract block cache    est_blocks_remaining: initializing deposits, service: slot_notifier
Dec 01 01:38:39.650 WARN Not ready Bellatrix                     info: The execution endpoint is connected and configured, however it is not yet synced, service: slot_notifier
Dec 01 01:38:39.651 WARN Execution engine call failed            error: Json(Error("missing field `totalDifficulty`", line: 0, column: 0)), service: exec
Dec 01 01:38:39.651 ERRO Unable to check genesis execution payload, error: ExecutionLayerGetBlockByNumberFailed(EngineError(Api { error: Json(Error("missing field `totalDifficulty`", line: 0, column: 0)) })), service: slot_notifier
Dec 01 01:38:41.277 INFO Sync state updated                      new_state: Synced, old_state: Stalled, service: sync
Dec 01 01:38:41.288 INFO Subscribed to topics                    topics: ["/eth2/d84e2ee0/blob_sidecar_0/ssz_snappy", "/eth2/d84e2ee0/blob_sidecar_1/ssz_snappy", "/eth2/d84e2ee0/blob_sidecar_2/ssz_snappy", "/eth2/d84e2ee0/blob_sidecar_3/ssz_snappy", "/eth2/d84e2ee0/blob_sidecar_4/ssz_snappy", "/eth2/d84e2ee0/blob_sidecar_5/ssz_snappy", "/eth2/d84e2ee0/bls_to_execution_change/ssz_snappy", "/eth2/d84e2ee0/sync_committee_contribution_and_proof/ssz_snappy", "/eth2/d84e2ee0/beacon_block/ssz_snappy", "/eth2/d84e2ee0/beacon_aggregate_and_proof/ssz_snappy", "/eth2/d84e2ee0/voluntary_exit/ssz_snappy", "/eth2/d84e2ee0/proposer_slashing/ssz_snappy", "/eth2/d84e2ee0/attester_slashing/ssz_snappy", "/eth2/d84e2ee0/beacon_attestation_0/ssz_snappy", "/eth2/d84e2ee0/beacon_attestation_1/ssz_snappy", "/eth2/d84e2ee0/beacon_attestation_2/ssz_snappy", "/eth2/d84e2ee0/beacon_attestation_3/ssz_snappy", "/eth2/d84e2ee0/beacon_attestation_4/ssz_snappy", "/eth2/d84e2ee0/beacon_attestation_5/ssz_snappy", "/eth2/d84e2ee0/beacon_attestation_6/ssz_snappy", "/eth2/d84e2ee0/beacon_attestation_7/ssz_snappy", "/eth2/d84e2ee0/beacon_attestation_8/ssz_snappy", "/eth2/d84e2ee0/beacon_attestation_9/ssz_snappy", "/eth2/d84e2ee0/beacon_attestation_10/ssz_snappy", "/eth2/d84e2ee0/beacon_attestation_11/ssz_snappy", "/eth2/d84e2ee0/beacon_attestation_12/ssz_snappy", "/eth2/d84e2ee0/beacon_attestation_13/ssz_snappy", "/eth2/d84e2ee0/beacon_attestation_14/ssz_snappy", "/eth2/d84e2ee0/beacon_attestation_15/ssz_snappy", "/eth2/d84e2ee0/beacon_attestation_16/ssz_snappy", "/eth2/d84e2ee0/beacon_attestation_17/ssz_snappy", "/eth2/d84e2ee0/beacon_attestation_18/ssz_snappy", "/eth2/d84e2ee0/beacon_attestation_19/ssz_snappy", "/eth2/d84e2ee0/beacon_attestation_20/ssz_snappy", "/eth2/d84e2ee0/beacon_attestation_21/ssz_snappy", "/eth2/d84e2ee0/beacon_attestation_22/ssz_snappy", "/eth2/d84e2ee0/beacon_attestation_23/ssz_snappy", "/eth2/d84e2ee0/beacon_attestation_24/ssz_snappy", "/eth2/d84e2ee0/beacon_attestation_25/ssz_snappy", "/eth2/d84e2ee0/beacon_attestation_26/ssz_snappy", "/eth2/d84e2ee0/beacon_attestation_27/ssz_snappy", "/eth2/d84e2ee0/beacon_attestation_28/ssz_snappy", "/eth2/d84e2ee0/beacon_attestation_29/ssz_snappy", "/eth2/d84e2ee0/beacon_attestation_30/ssz_snappy", "/eth2/d84e2ee0/beacon_attestation_31/ssz_snappy", "/eth2/d84e2ee0/beacon_attestation_32/ssz_snappy", "/eth2/d84e2ee0/beacon_attestation_33/ssz_snappy", "/eth2/d84e2ee0/beacon_attestation_34/ssz_snappy", "/eth2/d84e2ee0/beacon_attestation_35/ssz_snappy", "/eth2/d84e2ee0/beacon_attestation_36/ssz_snappy", "/eth2/d84e2ee0/beacon_attestation_37/ssz_snappy", "/eth2/d84e2ee0/beacon_attestation_38/ssz_snappy", "/eth2/d84e2ee0/beacon_attestation_39/ssz_snappy", "/eth2/d84e2ee0/beacon_attestation_40/ssz_snappy", "/eth2/d84e2ee0/beacon_attestation_41/ssz_snappy", "/eth2/d84e2ee0/beacon_attestation_42/ssz_snappy", "/eth2/d84e2ee0/beacon_attestation_43/ssz_snappy", "/eth2/d84e2ee0/beacon_attestation_44/ssz_snappy", "/eth2/d84e2ee0/beacon_attestation_45/ssz_snappy", "/eth2/d84e2ee0/beacon_attestation_46/ssz_snappy", "/eth2/d84e2ee0/beacon_attestation_47/ssz_snappy", "/eth2/d84e2ee0/beacon_attestation_48/ssz_snappy", "/eth2/d84e2ee0/beacon_attestation_49/ssz_snappy", "/eth2/d84e2ee0/beacon_attestation_50/ssz_snappy", "/eth2/d84e2ee0/beacon_attestation_51/ssz_snappy", "/eth2/d84e2ee0/beacon_attestation_52/ssz_snappy", "/eth2/d84e2ee0/beacon_attestation_53/ssz_snappy", "/eth2/d84e2ee0/beacon_attestation_54/ssz_snappy", "/eth2/d84e2ee0/beacon_attestation_55/ssz_snappy", "/eth2/d84e2ee0/beacon_attestation_56/ssz_snappy", "/eth2/d84e2ee0/beacon_attestation_57/ssz_snappy", "/eth2/d84e2ee0/beacon_attestation_58/ssz_snappy", "/eth2/d84e2ee0/beacon_attestation_59/ssz_snappy", "/eth2/d84e2ee0/beacon_attestation_60/ssz_snappy", "/eth2/d84e2ee0/beacon_attestation_61/ssz_snappy", "/eth2/d84e2ee0/beacon_attestation_62/ssz_snappy", "/eth2/d84e2ee0/beacon_attestation_63/ssz_snappy", "/eth2/d84e2ee0/sync_committee_0/ssz_snappy", "/eth2/d84e2ee0/sync_committee_1/ssz_snappy", "/eth2/d84e2ee0/sync_committee_2/ssz_snappy", "/eth2/d84e2ee0/sync_committee_3/ssz_snappy"], service: network
Dec 01 01:38:41.653 INFO Waiting for genesis                     wait_time: 0 mins, peers: 1, service: slot_notifier
Dec 01 01:38:41.653 WARN Not ready Bellatrix                     info: The execution endpoint is connected and configured, however it is not yet synced, service: slot_notifier
Dec 01 01:38:41.654 WARN Execution engine call failed            error: Json(Error("missing field `totalDifficulty`", line: 0, column: 0)), service: exec
Dec 01 01:38:41.654 ERRO Unable to check genesis execution payload, error: ExecutionLayerGetBlockByNumberFailed(EngineError(Api { error: Json(Error("missing field `totalDifficulty`", line: 0, column: 0)) })), service: slot_notifier
Dec 01 01:38:43.655 INFO Waiting for genesis                     wait_time: 0 mins, peers: 2, service: slot_notifier
Dec 01 01:38:43.655 WARN Not ready Bellatrix                     info: The execution endpoint is connected and configured, however it is not yet synced, service: slot_notifier
Dec 01 01:38:43.656 WARN Execution engine call failed            error: Json(Error("missing field `totalDifficulty`", line: 0, column: 0)), service: exec
Dec 01 01:38:43.656 ERRO Unable to check genesis execution payload, error: ExecutionLayerGetBlockByNumberFailed(EngineError(Api { error: Json(Error("missing field `totalDifficulty`", line: 0, column: 0)) })), service: slot_notifier
Dec 01 01:38:45.657 INFO Waiting for genesis                     wait_time: 0 mins, peers: 2, service: slot_notifier
Dec 01 01:38:45.657 WARN Not ready Bellatrix                     info: The execution endpoint is connected and configured, however it is not yet synced, service: slot_notifier
Dec 01 01:38:45.658 WARN Execution engine call failed            error: Json(Error("missing field `totalDifficulty`", line: 0, column: 0)), service: exec
Dec 01 01:38:45.658 ERRO Unable to check genesis execution payload, error: ExecutionLayerGetBlockByNumberFailed(EngineError(Api { error: Json(Error("missing field `totalDifficulty`", line: 0, column: 0)) })), service: slot_notifier
Dec 01 01:38:47.659 INFO Waiting for genesis                     wait_time: 0 mins, peers: 2, service: slot_notifier
Dec 01 01:38:47.659 WARN Not ready Bellatrix                     info: The execution endpoint is connected and configured, however it is not yet synced, service: slot_notifier
Dec 01 01:38:47.660 WARN Execution engine call failed            error: Json(Error("missing field `totalDifficulty`", line: 0, column: 0)), service: exec
Dec 01 01:38:47.660 ERRO Unable to check genesis execution payload, error: ExecutionLayerGetBlockByNumberFailed(EngineError(Api { error: Json(Error("missing field `totalDifficulty`", line: 0, column: 0)) })), service: slot_notifier
Dec 01 01:38:49.652 INFO UPnP not available                      service: libp2p
Dec 01 01:38:49.652 INFO Could not UPnP map Discovery port       error: Gateway does not support UPnP
Dec 01 01:38:49.661 INFO Waiting for genesis                     wait_time: 0 mins, peers: 2, service: slot_notifier
Dec 01 01:38:49.661 WARN Not ready Bellatrix                     info: The execution endpoint is connected and configured, however it is not yet synced, service: slot_notifier
Dec 01 01:38:49.661 WARN Execution engine call failed            error: Json(Error("missing field `totalDifficulty`", line: 0, column: 0)), service: exec
Dec 01 01:38:49.661 ERRO Unable to check genesis execution payload, error: ExecutionLayerGetBlockByNumberFailed(EngineError(Api { error: Json(Error("missing field `totalDifficulty`", line: 0, column: 0)) })), service: slot_notifier
Dec 01 01:38:51.662 INFO Waiting for genesis                     wait_time: 0 mins, peers: 2, service: slot_notifier
Dec 01 01:38:51.662 WARN Not ready Bellatrix                     info: The execution endpoint is connected and configured, however it is not yet synced, service: slot_notifier
Dec 01 01:38:51.663 WARN Execution engine call failed            error: Json(Error("missing field `totalDifficulty`", line: 0, column: 0)), service: exec
Dec 01 01:38:51.663 ERRO Unable to check genesis execution payload, error: ExecutionLayerGetBlockByNumberFailed(EngineError(Api { error: Json(Error("missing field `totalDifficulty`", line: 0, column: 0)) })), service: slot_notifier
Dec 01 01:38:53.664 INFO Waiting for genesis                     wait_time: 0 mins, peers: 2, service: slot_notifier
Dec 01 01:38:53.665 WARN Not ready Bellatrix                     info: The execution endpoint is connected and configured, however it is not yet synced, service: slot_notifier
Dec 01 01:38:53.667 WARN Execution engine call failed            error: Json(Error("missing field `totalDifficulty`", line: 0, column: 0)), service: exec
Dec 01 01:38:53.667 ERRO Unable to check genesis execution payload, error: ExecutionLayerGetBlockByNumberFailed(EngineError(Api { error: Json(Error("missing field `totalDifficulty`", line: 0, column: 0)) })), service: slot_notifier
Dec 01 01:38:55.668 INFO Waiting for genesis                     wait_time: 0 mins, peers: 2, service: slot_notifier
Dec 01 01:38:55.668 WARN Not ready Bellatrix                     info: The execution endpoint is connected and configured, however it is not yet synced, service: slot_notifier
Dec 01 01:38:55.670 WARN Execution engine call failed            error: Json(Error("missing field `totalDifficulty`", line: 0, column: 0)), service: exec
Dec 01 01:38:55.670 ERRO Unable to check genesis execution payload, error: ExecutionLayerGetBlockByNumberFailed(EngineError(Api { error: Json(Error("missing field `totalDifficulty`", line: 0, column: 0)) })), service: slot_notifier
Dec 01 01:38:57.671 INFO Waiting for genesis                     wait_time: 0 mins, peers: 2, service: slot_notifier
Dec 01 01:38:57.672 WARN Not ready Bellatrix                     info: The execution endpoint is connected and configured, however it is not yet synced, service: slot_notifier
Dec 01 01:38:57.674 WARN Execution engine call failed            error: Json(Error("missing field `totalDifficulty`", line: 0, column: 0)), service: exec
Dec 01 01:38:57.674 ERRO Unable to check genesis execution payload, error: ExecutionLayerGetBlockByNumberFailed(EngineError(Api { error: Json(Error("missing field `totalDifficulty`", line: 0, column: 0)) })), service: slot_notifier
Dec 01 01:38:59.675 INFO Waiting for genesis                     wait_time: 0 mins, peers: 2, service: slot_notifier
Dec 01 01:38:59.675 WARN Not ready Bellatrix                     info: The execution endpoint is connected and configured, however it is not yet synced, service: slot_notifier
Dec 01 01:38:59.678 WARN Execution engine call failed            error: Json(Error("missing field `totalDifficulty`", line: 0, column: 0)), service: exec
Dec 01 01:38:59.678 ERRO Unable to check genesis execution payload, error: ExecutionLayerGetBlockByNumberFailed(EngineError(Api { error: Json(Error("missing field `totalDifficulty`", line: 0, column: 0)) })), service: slot_notifier
Dec 01 01:39:01.679 INFO Waiting for genesis                     wait_time: 0 mins, peers: 2, service: slot_notifier
Dec 01 01:39:01.680 WARN Not ready Bellatrix                     info: The execution endpoint is connected and configured, however it is not yet synced, service: slot_notifier
Dec 01 01:39:01.682 WARN Execution engine call failed            error: Json(Error("missing field `totalDifficulty`", line: 0, column: 0)), service: exec
Dec 01 01:39:01.682 ERRO Unable to check genesis execution payload, error: ExecutionLayerGetBlockByNumberFailed(EngineError(Api { error: Json(Error("missing field `totalDifficulty`", line: 0, column: 0)) })), service: slot_notifier
Dec 01 01:39:03.684 INFO Waiting for genesis                     wait_time: 0 mins, peers: 2, service: slot_notifier
Dec 01 01:39:03.684 WARN Not ready Bellatrix                     info: The execution endpoint is connected and configured, however it is not yet synced, service: slot_notifier
Dec 01 01:39:03.687 WARN Execution engine call failed            error: Json(Error("missing field `totalDifficulty`", line: 0, column: 0)), service: exec
Dec 01 01:39:03.687 ERRO Unable to check genesis execution payload, error: ExecutionLayerGetBlockByNumberFailed(EngineError(Api { error: Json(Error("missing field `totalDifficulty`", line: 0, column: 0)) })), service: slot_notifier
Dec 01 01:39:05.688 INFO Waiting for genesis                     wait_time: 0 mins, peers: 2, service: slot_notifier
Dec 01 01:39:05.688 WARN Not ready Bellatrix                     info: The execution endpoint is connected and configured, however it is not yet synced, service: slot_notifier
Dec 01 01:39:05.691 WARN Execution engine call failed            error: Json(Error("missing field `totalDifficulty`", line: 0, column: 0)), service: exec
Dec 01 01:39:05.691 ERRO Unable to check genesis execution payload, error: ExecutionLayerGetBlockByNumberFailed(EngineError(Api { error: Json(Error("missing field `totalDifficulty`", line: 0, column: 0)) })), service: slot_notifier
Dec 01 01:39:07.693 INFO Waiting for genesis                     wait_time: 0 mins, peers: 2, service: slot_notifier
Dec 01 01:39:07.693 WARN Not ready Bellatrix                     info: The execution endpoint is connected and configured, however it is not yet synced, service: slot_notifier
Dec 01 01:39:07.695 WARN Execution engine call failed            error: Json(Error("missing field `totalDifficulty`", line: 0, column: 0)), service: exec
Dec 01 01:39:07.695 ERRO Unable to check genesis execution payload, error: ExecutionLayerGetBlockByNumberFailed(EngineError(Api { error: Json(Error("missing field `totalDifficulty`", line: 0, column: 0)) })), service: slot_notifier
Dec 01 01:39:09.696 INFO Waiting for genesis                     wait_time: 0 mins, peers: 2, service: slot_notifier
Dec 01 01:39:09.696 WARN Not ready Bellatrix                     info: The execution endpoint is connected and configured, however it is not yet synced, service: slot_notifier
Dec 01 01:39:09.697 WARN Execution engine call failed            error: Json(Error("missing field `totalDifficulty`", line: 0, column: 0)), service: exec
Dec 01 01:39:09.697 ERRO Unable to check genesis execution payload, error: ExecutionLayerGetBlockByNumberFailed(EngineError(Api { error: Json(Error("missing field `totalDifficulty`", line: 0, column: 0)) })), service: slot_notifier
Dec 01 01:39:11.699 INFO Waiting for genesis                     wait_time: 0 mins, peers: 2, service: slot_notifier
Dec 01 01:39:11.699 WARN Not ready Bellatrix                     info: The execution endpoint is connected and configured, however it is not yet synced, service: slot_notifier
Dec 01 01:39:11.701 WARN Execution engine call failed            error: Json(Error("missing field `totalDifficulty`", line: 0, column: 0)), service: exec
Dec 01 01:39:11.701 ERRO Unable to check genesis execution payload, error: ExecutionLayerGetBlockByNumberFailed(EngineError(Api { error: Json(Error("missing field `totalDifficulty`", line: 0, column: 0)) })), service: slot_notifier
Dec 01 01:39:13.501 WARN Unable to determine slot in state advance timer, error: UnableToReadSlot, service: state_advance
Dec 01 01:39:15.002 INFO Synced                                  slot: 0, block: 0xf872…f8fe, epoch: 0, finalized_epoch: 0, finalized_root: 0xf872…f8fe, exec_hash: n/a, peers: 2, service: slot_notifier
Dec 01 01:39:15.002 WARN Not ready Bellatrix                     info: The execution endpoint is connected and configured, however it is not yet synced, service: slot_notifier
Dec 01 01:39:16.004 INFO Prepared beacon proposer                parent_root: 0xf872cd103570a730a3f3ca2e60e7be2d14b280bf4aa9840772a4f8822485f8fe, validator: 14, prepare_slot: 2, service: beacon
Dec 01 01:39:16.113 INFO New block received                      root: 0x8ba522502547dd5fcbf0f67eaf438d950aabacadc04af2d2d7c5696a06051403, slot: 1
Dec 01 01:39:16.126 INFO Prepared beacon proposer                parent_root: 0x8ba522502547dd5fcbf0f67eaf438d950aabacadc04af2d2d7c5696a06051403, validator: 14, prepare_slot: 2, service: beacon
Dec 01 01:39:16.127 INFO Execution engine online                 service: exec
Dec 01 01:39:16.127 INFO Issuing forkchoiceUpdated               forkchoice_state: ForkchoiceState { head_block_hash: 0x8d56aa7f4c835fa52991d56040e7c604994b9527c0f7f5481a9e77801106ed68, safe_block_hash: 0x0000000000000000000000000000000000000000000000000000000000000000, finalized_block_hash: 0x0000000000000000000000000000000000000000000000000000000000000000 }, service: exec
Dec 01 01:39:16.489 INFO Forwarding register validator request to connected builder, count: 64
Dec 01 01:39:16.509 WARN Relay error when registering validator(s), error: HttpClient(url: http://mev-boost-1-lighthouse-geth:18550/, kind: request, detail: error trying to connect: dns error: failed to lookup address information: Name or service not known), num_registrations: 64
Dec 01 01:39:16.509 WARN Error processing HTTP API request       method: POST, path: /eth/v1/validator/register_validator, status: 500 Internal Server Error, elapsed: 23.52265ms
Dec 01 01:39:17.001 INFO Synced                                  slot: 1, block: 0x8ba5…1403, epoch: 0, finalized_epoch: 0, finalized_root: 0xf872…f8fe, exec_hash: 0x8d56…ed68 (verified), peers: 2, service: slot_notifier
Dec 01 01:39:18.002 INFO Prepared beacon proposer                parent_root: 0x8ba522502547dd5fcbf0f67eaf438d950aabacadc04af2d2d7c5696a06051403, validator: 59, prepare_slot: 3, service: beacon
Dec 01 01:39:18.088 ERRO No valid eth1_data votes, `votes_to_consider` empty, outcome: casting `state.eth1_data` as eth1 vote, genesis_time: 1733017154, earliest_block_timestamp: 1733017134, lowest_block_number: 0, service: deposit_contract_rpc
Dec 01 01:39:18.088 INFO Requesting blinded header from connected builder, parent_hash: 0x8d56aa7f4c835fa52991d56040e7c604994b9527c0f7f5481a9e77801106ed68, pubkey: 0xab72cbc6575c3179680a58c0ecd5de46d2678ccbafc016746348ee5688edcb21b4e15bd37c70c508e3ea73103c2d566b, slot: Slot(2), service: exec
Dec 01 01:39:18.088 WARN Producing block with no sync contributions, slot: 2, service: beacon
Dec 01 01:39:18.105 INFO Requested blinded execution payload     parent_hash: 0x8d56aa7f4c835fa52991d56040e7c604994b9527c0f7f5481a9e77801106ed68, local_response_ms: 4, local_fee_recipient: 0x8943545177806ed17b9f23f0a21ee5948ecaa776, relay_response_ms: 16, relay_fee_recipient: request failed, service: exec
Dec 01 01:39:18.105 WARN Builder error when requesting payload   parent_hash: 0x8d56aa7f4c835fa52991d56040e7c604994b9527c0f7f5481a9e77801106ed68, local_block_hash: 0x68166a9b7469c5bc1f1d3e826edfc80e4b08c4ecf1452b3315c9d0f2ae8e7b34, relay_error: HttpClient(url: http://mev-boost-1-lighthouse-geth:18550/, kind: request, detail: error trying to connect: dns error: failed to lookup address information: Name or service not known), info: falling back to local execution client, service: exec
Dec 01 01:39:18.206 INFO Signed block published to network via HTTP API, publish_delay_ms: 2, slot: 2
Dec 01 01:39:18.240 INFO Valid block from HTTP API               slot: 2, proposer_index: 14, root: 0xd613…50b6, block_delay: 204.123426ms
Dec 01 01:39:18.249 INFO Prepared beacon proposer                parent_root: 0xd613c2232492584bfab5f7dc74ab1deaafc726f535096879389cfccf3a3150b6, validator: 59, prepare_slot: 3, service: beacon
Dec 01 01:39:19.001 INFO Synced                                  slot: 2, block: 0xd613…50b6, epoch: 0, finalized_epoch: 0, finalized_root: 0xf872…f8fe, exec_hash: 0x6816…7b34 (verified), peers: 2, service: slot_notifier
Dec 01 01:39:20.002 INFO Prepared beacon proposer                parent_root: 0xd613c2232492584bfab5f7dc74ab1deaafc726f535096879389cfccf3a3150b6, validator: 5, prepare_slot: 4, service: beacon
Dec 01 01:39:20.086 ERRO No valid eth1_data votes, `votes_to_consider` empty, outcome: casting `state.eth1_data` as eth1 vote, genesis_time: 1733017154, earliest_block_timestamp: 1733017134, lowest_block_number: 0, service: deposit_contract_rpc
Dec 01 01:39:20.087 INFO Requesting blinded header from connected builder, parent_hash: 0x68166a9b7469c5bc1f1d3e826edfc80e4b08c4ecf1452b3315c9d0f2ae8e7b34, pubkey: 0x9763dde1b8028136a3ffd6dafd1f450e2cafb2819c7fa901f7c6e9cde8f2897ee7e9a45da6947fde1ad0d3836188eab5, slot: Slot(3), service: exec
Dec 01 01:39:20.105 INFO Requested blinded execution payload     parent_hash: 0x68166a9b7469c5bc1f1d3e826edfc80e4b08c4ecf1452b3315c9d0f2ae8e7b34, local_response_ms: 1, local_fee_recipient: 0x8943545177806ed17b9f23f0a21ee5948ecaa776, relay_response_ms: 18, relay_fee_recipient: request failed, service: exec
Dec 01 01:39:20.105 WARN Builder error when requesting payload   parent_hash: 0x68166a9b7469c5bc1f1d3e826edfc80e4b08c4ecf1452b3315c9d0f2ae8e7b34, local_block_hash: 0x124d6c3392feca50644c3b7c86a7c5181c2293ca94f870ec429d38ad98123ee6, relay_error: HttpClient(url: http://mev-boost-1-lighthouse-geth:18550/, kind: request, detail: error trying to connect: dns error: failed to lookup address information: Name or service not known), info: falling back to local execution client, service: exec
Dec 01 01:39:20.193 INFO Signed block published to network via HTTP API, publish_delay_ms: 1, slot: 3
Dec 01 01:39:20.202 INFO Valid block from HTTP API               slot: 3, proposer_index: 59, root: 0x17fc…4716, block_delay: 192.719012ms
Dec 01 01:39:20.206 INFO Prepared beacon proposer                parent_root: 0x17fcb829b6fc8ff92751772da6794ccdeb516cb12796cbcf0ca6686660214716, validator: 5, prepare_slot: 4, service: beacon
Dec 01 01:39:21.000 INFO Synced                                  slot: 3, block: 0x17fc…4716, epoch: 0, finalized_epoch: 0, finalized_root: 0xf872…f8fe, exec_hash: 0x124d…3ee6 (verified), peers: 2, service: slot_notifier
Dec 01 01:39:22.086 ERRO No valid eth1_data votes, `votes_to_consider` empty, outcome: casting `state.eth1_data` as eth1 vote, genesis_time: 1733017154, earliest_block_timestamp: 1733017134, lowest_block_number: 0, service: deposit_contract_rpc
Dec 01 01:39:22.086 INFO Requesting blinded header from connected builder, parent_hash: 0x124d6c3392feca50644c3b7c86a7c5181c2293ca94f870ec429d38ad98123ee6, pubkey: 0xa54fe5c26059ed60b4f0b66ef7b0bf167580504525f83c169507dc812816df41b1da6128341c23977300dffd32a32f41, slot: Slot(4), service: exec
Dec 01 01:39:22.106 INFO Requested blinded execution payload     parent_hash: 0x124d6c3392feca50644c3b7c86a7c5181c2293ca94f870ec429d38ad98123ee6, local_response_ms: 1, local_fee_recipient: 0x8943545177806ed17b9f23f0a21ee5948ecaa776, relay_response_ms: 19, relay_fee_recipient: request failed, service: exec
Dec 01 01:39:22.106 WARN Builder error when requesting payload   parent_hash: 0x124d6c3392feca50644c3b7c86a7c5181c2293ca94f870ec429d38ad98123ee6, local_block_hash: 0xd250ff5755eeeeef58d68de75f4b4cbdd0f4063d66ed850a994f4b6c804a0520, relay_error: HttpClient(url: http://mev-boost-1-lighthouse-geth:18550/, kind: request, detail: error trying to connect: dns error: failed to lookup address information: Name or service not known), info: falling back to local execution client, service: exec
Dec 01 01:39:22.196 INFO Signed block published to network via HTTP API, publish_delay_ms: 1, slot: 4
Dec 01 01:39:22.203 INFO Valid block from HTTP API               slot: 4, proposer_index: 5, root: 0xf0b3…a566, block_delay: 194.635284ms
Dec 01 01:39:23.001 INFO Synced                                  slot: 4, block: 0xf0b3…a566, epoch: 0, finalized_epoch: 0, finalized_root: 0xf872…f8fe, exec_hash: 0xd250…0520 (verified), peers: 2, service: slot_notifier
Dec 01 01:39:24.003 INFO Prepared beacon proposer                parent_root: 0xf0b352b32394b6cd3887c78b1a6ca01878800b197b911783d8e2c0f2b848a566, validator: 53, prepare_slot: 6, service: beacon
Dec 01 01:39:24.204 INFO New block received                      root: 0x44e0f9c0cd07ffbce2598cb33812e80e74e96f7f7d539031985fddeb0c45407f, slot: 5
Dec 01 01:39:24.218 INFO Prepared beacon proposer                parent_root: 0x44e0f9c0cd07ffbce2598cb33812e80e74e96f7f7d539031985fddeb0c45407f, validator: 53, prepare_slot: 6, service: beacon
Dec 01 01:39:25.000 INFO Synced                                  slot: 5, block: 0x44e0…407f, epoch: 0, finalized_epoch: 0, finalized_root: 0xf872…f8fe, exec_hash: 0xa7dd…69fa (verified), peers: 2, service: slot_notifier
Dec 01 01:39:26.086 ERRO No valid eth1_data votes, `votes_to_consider` empty, outcome: casting `state.eth1_data` as eth1 vote, genesis_time: 1733017154, earliest_block_timestamp: 1733017134, lowest_block_number: 0, service: deposit_contract_rpc
Dec 01 01:39:26.086 INFO Requesting blinded header from connected builder, parent_hash: 0xa7dd3441ea8d3f311e73aea0304fc8306861dbe946f7012d246b27557a8169fa, pubkey: 0xb09cb155daf2022afd18114a352e506a84065c80573cb0c7c310cbe92e2706cdcf91f74bbd9e464f74e3d831386d5033, slot: Slot(6), service: exec
Dec 01 01:39:26.101 INFO Requested blinded execution payload     parent_hash: 0xa7dd3441ea8d3f311e73aea0304fc8306861dbe946f7012d246b27557a8169fa, local_response_ms: 0, local_fee_recipient: 0x8943545177806ed17b9f23f0a21ee5948ecaa776, relay_response_ms: 15, relay_fee_recipient: request failed, service: exec
Dec 01 01:39:26.101 WARN Builder error when requesting payload   parent_hash: 0xa7dd3441ea8d3f311e73aea0304fc8306861dbe946f7012d246b27557a8169fa, local_block_hash: 0x015147fcd500a31ceec7a3de6f32071f16b8e370fab4a1f0ac75709b41a68964, relay_error: HttpClient(url: http://mev-boost-1-lighthouse-geth:18550/, kind: request, detail: error trying to connect: dns error: failed to lookup address information: Name or service not known), info: falling back to local execution client, service: exec
Dec 01 01:39:26.199 INFO Signed block published to network via HTTP API, publish_delay_ms: 2, slot: 6
Dec 01 01:39:26.207 INFO Valid block from HTTP API               slot: 6, proposer_index: 53, root: 0xbd5b…f52d, block_delay: 196.846434ms
Dec 01 01:39:27.001 INFO Synced                                  slot: 6, block: 0xbd5b…f52d, epoch: 0, finalized_epoch: 0, finalized_root: 0xf872…f8fe, exec_hash: 0x0151…8964 (verified), peers: 2, service: slot_notifier
Dec 01 01:39:28.002 INFO Prepared beacon proposer                parent_root: 0xbd5b0fabadc0f8f40f1fff1a2209e5824979dd71b5cde60497a0929f4dd8f52d, validator: 28, prepare_slot: 8, service: beacon
Dec 01 01:39:28.205 INFO New block received                      root: 0xca009d009e4a9749a777eabd7a528dcb84e7519c81677f37b89fce27ab4db5ba, slot: 7
Dec 01 01:39:28.217 INFO Prepared beacon proposer                parent_root: 0xca009d009e4a9749a777eabd7a528dcb84e7519c81677f37b89fce27ab4db5ba, validator: 28, prepare_slot: 8, service: beacon
Dec 01 01:39:29.001 INFO Synced                                  slot: 7, block: 0xca00…b5ba, epoch: 0, finalized_epoch: 0, finalized_root: 0xf872…f8fe, exec_hash: 0x9890…b793 (verified), peers: 2, service: slot_notifier
Dec 01 01:39:30.086 ERRO No valid eth1_data votes, `votes_to_consider` empty, outcome: casting `state.eth1_data` as eth1 vote, genesis_time: 1733017154, earliest_block_timestamp: 1733017134, lowest_block_number: 0, service: deposit_contract_rpc
Dec 01 01:39:30.086 INFO Requesting blinded header from connected builder, parent_hash: 0x9890145bdaebd9a59404c4864a04510e7d8c8b956e86308efc603cec6fdbb793, pubkey: 0x8d46e9aa0c1986056e407efc7013b7f271027d3c98ce96667faa98074ab0588a61681faf78644c11819a459a95689dab, slot: Slot(8), service: exec
Dec 01 01:39:30.109 INFO Requested blinded execution payload     parent_hash: 0x9890145bdaebd9a59404c4864a04510e7d8c8b956e86308efc603cec6fdbb793, local_response_ms: 1, local_fee_recipient: 0x8943545177806ed17b9f23f0a21ee5948ecaa776, relay_response_ms: 22, relay_fee_recipient: request failed, service: exec
Dec 01 01:39:30.110 WARN Builder error when requesting payload   parent_hash: 0x9890145bdaebd9a59404c4864a04510e7d8c8b956e86308efc603cec6fdbb793, local_block_hash: 0x33cd68743ce5a840a4a40dca3f91bd3818ce5b1b91ca1eae26ca3082a195b6fe, relay_error: HttpClient(url: http://mev-boost-1-lighthouse-geth:18550/, kind: request, detail: error trying to connect: dns error: failed to lookup address information: Name or service not known), info: falling back to local execution client, service: exec
Dec 01 01:39:30.199 INFO Signed block published to network via HTTP API, publish_delay_ms: 1, slot: 8
Dec 01 01:39:30.210 INFO Valid block from HTTP API               slot: 8, proposer_index: 28, root: 0x0b77…2b0c, block_delay: 198.359542ms
Dec 01 01:39:31.001 INFO Synced                                  slot: 8, block: 0x0b77…2b0c, epoch: 0, finalized_epoch: 0, finalized_root: 0xf872…f8fe, exec_hash: 0x33cd…b6fe (verified), peers: 2, service: slot_notifier
Dec 01 01:39:32.004 INFO Prepared beacon proposer                parent_root: 0x0b777f019e408f04b5e0d4b532385926cd197fd36c0dd0fd988977e9f2982b0c, validator: 42, prepare_slot: 10, service: beacon
Dec 01 01:39:32.209 INFO New block received                      root: 0x20d515bc6d802f928cc753e4307ffe8477da8535ba285dc24219771f0191b6c0, slot: 9
Dec 01 01:39:32.227 INFO Prepared beacon proposer                parent_root: 0x20d515bc6d802f928cc753e4307ffe8477da8535ba285dc24219771f0191b6c0, validator: 42, prepare_slot: 10, service: beacon
Dec 01 01:39:33.002 INFO Synced                                  slot: 9, block: 0x20d5…b6c0, epoch: 0, finalized_epoch: 0, finalized_root: 0xf872…f8fe, exec_hash: 0x78b2…0645 (verified), peers: 2, service: slot_notifier
Dec 01 01:39:34.087 ERRO No valid eth1_data votes, `votes_to_consider` empty, outcome: casting `state.eth1_data` as eth1 vote, genesis_time: 1733017154, earliest_block_timestamp: 1733017134, lowest_block_number: 0, service: deposit_contract_rpc
Dec 01 01:39:34.087 INFO Requesting blinded header from connected builder, parent_hash: 0x78b2774e1cf8d824b6e638e941c6edd19aa5166550995a115bb5551810a80645, pubkey: 0x84d08d58c31bcd3cddf93e13d6f50203897384afa34644bff1135efe8e01c81c6a91ca6c234bb1e51ca32e41b828aaf9, slot: Slot(10), service: exec
Dec 01 01:39:34.096 INFO Requested blinded execution payload     parent_hash: 0x78b2774e1cf8d824b6e638e941c6edd19aa5166550995a115bb5551810a80645, local_response_ms: 5, local_fee_recipient: 0x8943545177806ed17b9f23f0a21ee5948ecaa776, relay_response_ms: 8, relay_fee_recipient: empty response, service: exec
Dec 01 01:39:34.096 INFO Builder did not return a payload        parent_hash: 0x78b2774e1cf8d824b6e638e941c6edd19aa5166550995a115bb5551810a80645, local_block_hash: 0x7044c4f8df0bc79d320452480d10c4827275e78d47ab0ef0249c090bd7a06a75, info: falling back to local execution client, service: exec
Dec 01 01:39:34.204 INFO Signed block published to network via HTTP API, publish_delay_ms: 2, slot: 10
Dec 01 01:39:34.234 INFO Valid block from HTTP API               slot: 10, proposer_index: 42, root: 0xb51d…f0ba, block_delay: 201.939193ms
Dec 01 01:39:35.001 INFO Synced                                  slot: 10, block: 0xb51d…f0ba, epoch: 0, finalized_epoch: 0, finalized_root: 0xf872…f8fe, exec_hash: 0x7044…6a75 (verified), peers: 2, service: slot_notifier
Dec 01 01:39:36.210 INFO New block received                      root: 0xcc1273fe71c2b9b90599550da94e651baf334adbbf17eea3e237c1abee00413f, slot: 11
Dec 01 01:39:37.001 INFO Synced                                  slot: 11, block: 0xcc12…413f, epoch: 0, finalized_epoch: 0, finalized_root: 0xf872…f8fe, exec_hash: 0xb189…1066 (verified), peers: 2, service: slot_notifier
Dec 01 01:39:38.003 INFO Prepared beacon proposer                parent_root: 0xcc1273fe71c2b9b90599550da94e651baf334adbbf17eea3e237c1abee00413f, validator: 41, prepare_slot: 13, service: beacon
Dec 01 01:39:38.217 INFO New block received                      root: 0x2656bef8080d5d052fcce4fded595313ed011032a72ba74bb1d994f3abba97a3, slot: 12
Dec 01 01:39:38.241 INFO Prepared beacon proposer                parent_root: 0x2656bef8080d5d052fcce4fded595313ed011032a72ba74bb1d994f3abba97a3, validator: 41, prepare_slot: 13, service: beacon
Dec 01 01:39:39.000 INFO Synced                                  slot: 12, block: 0x2656…97a3, epoch: 0, finalized_epoch: 0, finalized_root: 0xf872…f8fe, exec_hash: 0xa55a…2bff (verified), peers: 2, service: slot_notifier
Dec 01 01:39:40.003 INFO Prepared beacon proposer                parent_root: 0x2656bef8080d5d052fcce4fded595313ed011032a72ba74bb1d994f3abba97a3, validator: 12, prepare_slot: 14, service: beacon
Dec 01 01:39:40.087 ERRO No valid eth1_data votes, `votes_to_consider` empty, outcome: casting `state.eth1_data` as eth1 vote, genesis_time: 1733017154, earliest_block_timestamp: 1733017134, lowest_block_number: 0, service: deposit_contract_rpc
Dec 01 01:39:40.087 INFO Requesting blinded header from connected builder, parent_hash: 0xa55a5b3de777b5c028c12a1023c103f497b0a3f6b5f98ac37fb083f6c6112bff, pubkey: 0x84dc37ca3cd621d3da0fbdd11ca84021e0cd81a73d772dd6fcf19775b72eb64af4e573213378ccee0915dde92ac83ba6, slot: Slot(13), service: exec
Dec 01 01:39:40.093 INFO Requested blinded execution payload     parent_hash: 0xa55a5b3de777b5c028c12a1023c103f497b0a3f6b5f98ac37fb083f6c6112bff, local_response_ms: 2, local_fee_recipient: 0x8943545177806ed17b9f23f0a21ee5948ecaa776, relay_response_ms: 6, relay_fee_recipient: empty response, service: exec
Dec 01 01:39:40.093 INFO Builder did not return a payload        parent_hash: 0xa55a5b3de777b5c028c12a1023c103f497b0a3f6b5f98ac37fb083f6c6112bff, local_block_hash: 0x500cf722b76e73b117b9435619f26758fb9072ea21a80e97d3d598eb8b8b8027, info: falling back to local execution client, service: exec
Dec 01 01:39:40.194 INFO Signed block published to network via HTTP API, publish_delay_ms: 1, slot: 13
Dec 01 01:39:40.216 INFO Valid block from HTTP API               slot: 13, proposer_index: 41, root: 0x654b…30fd, block_delay: 193.216829ms
Dec 01 01:39:40.225 INFO Prepared beacon proposer                parent_root: 0x654b369f86df78160589f537506a91c1328ce549775e0d49d3bee22bcc1a30fd, validator: 12, prepare_slot: 14, service: beacon
Dec 01 01:39:41.001 INFO Synced                                  slot: 13, block: 0x654b…30fd, epoch: 0, finalized_epoch: 0, finalized_root: 0xf872…f8fe, exec_hash: 0x500c…8027 (verified), peers: 2, service: slot_notifier
Dec 01 01:39:42.002 INFO Prepared beacon proposer                parent_root: 0x654b369f86df78160589f537506a91c1328ce549775e0d49d3bee22bcc1a30fd, validator: 58, prepare_slot: 15, service: beacon
Dec 01 01:39:42.088 ERRO No valid eth1_data votes, `votes_to_consider` empty, outcome: casting `state.eth1_data` as eth1 vote, genesis_time: 1733017154, earliest_block_timestamp: 1733017134, lowest_block_number: 0, service: deposit_contract_rpc
Dec 01 01:39:42.088 INFO Requesting blinded header from connected builder, parent_hash: 0x500cf722b76e73b117b9435619f26758fb9072ea21a80e97d3d598eb8b8b8027, pubkey: 0x91709ee06497b9ac049325853d64947290189a8c2322e3a500d91e23ea02dc158b6db63ae558b3b7670357a151cd6071, slot: Slot(14), service: exec
Dec 01 01:39:42.093 INFO Requested blinded execution payload     parent_hash: 0x500cf722b76e73b117b9435619f26758fb9072ea21a80e97d3d598eb8b8b8027, local_response_ms: 4, local_fee_recipient: 0x8943545177806ed17b9f23f0a21ee5948ecaa776, relay_response_ms: 4, relay_fee_recipient: empty response, service: exec
Dec 01 01:39:42.093 INFO Builder did not return a payload        parent_hash: 0x500cf722b76e73b117b9435619f26758fb9072ea21a80e97d3d598eb8b8b8027, local_block_hash: 0x1d429dcf4fa6d966d62f057eb89b4344a20087dd8d52c1b8716de35a88b9f0a6, info: falling back to local execution client, service: exec
Dec 01 01:39:42.196 INFO Signed block published to network via HTTP API, publish_delay_ms: 2, slot: 14
Dec 01 01:39:42.245 INFO Valid block from HTTP API               slot: 14, proposer_index: 12, root: 0x8ef4…a51b, block_delay: 193.505238ms
Dec 01 01:39:42.254 INFO Prepared beacon proposer                parent_root: 0x8ef4c435e55bc46a3e451ad863d86843bd9de7dbe6413e0f9a98d406a549a51b, validator: 58, prepare_slot: 15, service: beacon
Dec 01 01:39:43.001 INFO Synced                                  slot: 14, block: 0x8ef4…a51b, epoch: 0, finalized_epoch: 0, finalized_root: 0xf872…f8fe, exec_hash: 0x1d42…f0a6 (verified), peers: 2, service: slot_notifier
Dec 01 01:39:44.091 ERRO No valid eth1_data votes, `votes_to_consider` empty, outcome: casting `state.eth1_data` as eth1 vote, genesis_time: 1733017154, earliest_block_timestamp: 1733017134, lowest_block_number: 0, service: deposit_contract_rpc
Dec 01 01:39:44.091 INFO Requesting blinded header from connected builder, parent_hash: 0x1d429dcf4fa6d966d62f057eb89b4344a20087dd8d52c1b8716de35a88b9f0a6, pubkey: 0x896a51e0b0de0f29029af38b796db1f1e6d0f9f9085ade40a313a60cb723fa3d58f6587175570086c4fbf0fe5331f1c8, slot: Slot(15), service: exec
Dec 01 01:39:44.097 INFO Requested blinded execution payload     parent_hash: 0x1d429dcf4fa6d966d62f057eb89b4344a20087dd8d52c1b8716de35a88b9f0a6, local_response_ms: 5, local_fee_recipient: 0x8943545177806ed17b9f23f0a21ee5948ecaa776, relay_response_ms: 5, relay_fee_recipient: empty response, service: exec
Dec 01 01:39:44.097 INFO Builder did not return a payload        parent_hash: 0x1d429dcf4fa6d966d62f057eb89b4344a20087dd8d52c1b8716de35a88b9f0a6, local_block_hash: 0x36907749fafa1451d91418e0c93296ad157ae669340078533ecb2c90f436e198, info: falling back to local execution client, service: exec
Dec 01 01:39:44.203 INFO Signed block published to network via HTTP API, publish_delay_ms: 2, slot: 15
Dec 01 01:39:44.247 INFO Valid block from HTTP API               slot: 15, proposer_index: 58, root: 0x93fd…2c7b, block_delay: 200.63156ms
Dec 01 01:39:45.001 INFO Synced                                  slot: 15, block: 0x93fd…2c7b, epoch: 0, finalized_epoch: 0, finalized_root: 0xf872…f8fe, exec_hash: 0x3690…e198 (verified), peers: 2, service: slot_notifier
Dec 01 01:39:46.206 INFO New block received                      root: 0xadb8ef903d402872900d96c274aa4480cacd5da2d3c75e1845b2423c908ea97b, slot: 16
Dec 01 01:39:47.001 INFO Synced                                  slot: 16, block: 0xadb8…a97b, epoch: 0, finalized_epoch: 0, finalized_root: 0xf872…f8fe, exec_hash: 0x6123…c0e3 (verified), peers: 2, service: slot_notifier
Dec 01 01:39:48.113 INFO New block received                      root: 0xb5f739dc83dec1563b1ff6038fc9d986090f9e3f8e38f355f3484d043029492f, slot: 17
Dec 01 01:39:49.000 INFO Synced                                  slot: 17, block: 0xb5f7…492f, epoch: 0, finalized_epoch: 0, finalized_root: 0xf872…f8fe, exec_hash: 0x4b43…ba9e (verified), peers: 2, service: slot_notifier
Dec 01 01:39:50.002 INFO Prepared beacon proposer                parent_root: 0xb5f739dc83dec1563b1ff6038fc9d986090f9e3f8e38f355f3484d043029492f, validator: 24, prepare_slot: 19, service: beacon
Dec 01 01:39:50.204 INFO New block received                      root: 0x62badb1eb2cdfcb7814e38cd7c6a42e319b7300ca6ffd5a85bb2310355bd6463, slot: 18
Dec 01 01:39:50.212 INFO Prepared beacon proposer                parent_root: 0x62badb1eb2cdfcb7814e38cd7c6a42e319b7300ca6ffd5a85bb2310355bd6463, validator: 24, prepare_slot: 19, service: beacon
Dec 01 01:39:51.001 INFO Synced                                  slot: 18, block: 0x62ba…6463, epoch: 0, finalized_epoch: 0, finalized_root: 0xf872…f8fe, exec_hash: 0x4ec0…c4b1 (verified), peers: 2, service: slot_notifier
Dec 01 01:39:52.085 ERRO No valid eth1_data votes, `votes_to_consider` empty, outcome: casting `state.eth1_data` as eth1 vote, genesis_time: 1733017154, earliest_block_timestamp: 1733017134, lowest_block_number: 0, service: deposit_contract_rpc
Dec 01 01:39:52.085 INFO Requesting blinded header from connected builder, parent_hash: 0x4ec0865cae1a18c277058399af1f58afacc0ac3e362e8c36d412991c6b90c4b1, pubkey: 0xae5302796cfeca685eaf37ffd5baeb32121f2f07415bee26cc0051ee513ff3932d2c365e3d9f87b0949a5980445cb64c, slot: Slot(19), service: exec
Dec 01 01:39:52.088 INFO Requested blinded execution payload     parent_hash: 0x4ec0865cae1a18c277058399af1f58afacc0ac3e362e8c36d412991c6b90c4b1, local_response_ms: 0, local_fee_recipient: 0x8943545177806ed17b9f23f0a21ee5948ecaa776, relay_response_ms: 2, relay_fee_recipient: empty response, service: exec
Dec 01 01:39:52.088 INFO Builder did not return a payload        parent_hash: 0x4ec0865cae1a18c277058399af1f58afacc0ac3e362e8c36d412991c6b90c4b1, local_block_hash: 0x8f8113cf9ff70e23c97938a8812357d3da46e552562623090a7414767601e52d, info: falling back to local execution client, service: exec
Dec 01 01:39:52.193 INFO Signed block published to network via HTTP API, publish_delay_ms: 1, slot: 19
Dec 01 01:39:52.199 INFO Valid block from HTTP API               slot: 19, proposer_index: 24, root: 0xaaeb…9a7c, block_delay: 192.100545ms
Dec 01 01:39:53.001 INFO Synced                                  slot: 19, block: 0xaaeb…9a7c, epoch: 0, finalized_epoch: 0, finalized_root: 0xf872…f8fe, exec_hash: 0x8f81…e52d (verified), peers: 2, service: slot_notifier
Dec 01 01:39:54.104 INFO New block received                      root: 0xf9a4ad829b875a8290462f843ca38373b1bbd7e606d9c0728f35329a9cef123c, slot: 20
Dec 01 01:39:55.001 INFO Synced                                  slot: 20, block: 0xf9a4…123c, epoch: 0, finalized_epoch: 0, finalized_root: 0xf872…f8fe, exec_hash: 0xf4eb…d22c (verified), peers: 2, service: slot_notifier
Dec 01 01:39:56.085 INFO Prepared beacon proposer                parent_root: 0xf9a4ad829b875a8290462f843ca38373b1bbd7e606d9c0728f35329a9cef123c, validator: 57, prepare_slot: 22, service: beacon
Dec 01 01:39:56.202 INFO New block received                      root: 0xee880417e1a3d6d2b22d21343be9172b52ebd13b8c7a1b5fd3dd5885b9d42dbd, slot: 21
Dec 01 01:39:56.210 INFO Prepared beacon proposer                parent_root: 0xee880417e1a3d6d2b22d21343be9172b52ebd13b8c7a1b5fd3dd5885b9d42dbd, validator: 57, prepare_slot: 22, service: beacon
Dec 01 01:39:57.000 INFO Synced                                  slot: 21, block: 0xee88…2dbd, epoch: 0, finalized_epoch: 0, finalized_root: 0xf872…f8fe, exec_hash: 0x852c…2809 (verified), peers: 2, service: slot_notifier
Dec 01 01:39:58.002 INFO Prepared beacon proposer                parent_root: 0xee880417e1a3d6d2b22d21343be9172b52ebd13b8c7a1b5fd3dd5885b9d42dbd, validator: 31, prepare_slot: 23, service: beacon
Dec 01 01:39:58.085 ERRO No valid eth1_data votes, `votes_to_consider` empty, outcome: casting `state.eth1_data` as eth1 vote, genesis_time: 1733017154, earliest_block_timestamp: 1733017134, lowest_block_number: 0, service: deposit_contract_rpc
Dec 01 01:39:58.085 INFO Requesting blinded header from connected builder, parent_hash: 0x852c1c0ab5680b6108115379e8d538f9d44bf9f3b38dcd5431e9f9c8ca1b2809, pubkey: 0xaf89ab00a0eab1131645292a9cfba583a69a1e3ac58b210e262494853e67385aeb50d4af428bdd577b9399daa96d8b20, slot: Slot(22), service: exec
Dec 01 01:39:58.088 INFO Requested blinded execution payload     parent_hash: 0x852c1c0ab5680b6108115379e8d538f9d44bf9f3b38dcd5431e9f9c8ca1b2809, local_response_ms: 1, local_fee_recipient: 0x8943545177806ed17b9f23f0a21ee5948ecaa776, relay_response_ms: 2, relay_fee_recipient: empty response, service: exec
Dec 01 01:39:58.088 INFO Builder did not return a payload        parent_hash: 0x852c1c0ab5680b6108115379e8d538f9d44bf9f3b38dcd5431e9f9c8ca1b2809, local_block_hash: 0x771fe241dee8ea1c8ce612e7f262e9081fd375082f3e37222d87d121f8f5d177, info: falling back to local execution client, service: exec
Dec 01 01:39:58.194 INFO Signed block published to network via HTTP API, publish_delay_ms: 1, slot: 22
Dec 01 01:39:58.208 INFO Valid block from HTTP API               slot: 22, proposer_index: 57, root: 0x1295…e9d9, block_delay: 192.78034ms
Dec 01 01:39:58.209 INFO Prepared beacon proposer                parent_root: 0x129533ac57af7e588ee1a2ad705ca93842942983140c8d6315fdec55bc21e9d9, validator: 31, prepare_slot: 23, service: beacon
Dec 01 01:39:59.000 INFO Synced                                  slot: 22, block: 0x1295…e9d9, epoch: 0, finalized_epoch: 0, finalized_root: 0xf872…f8fe, exec_hash: 0x771f…d177 (verified), peers: 2, service: slot_notifier
Dec 01 01:40:00.085 ERRO No valid eth1_data votes, `votes_to_consider` empty, outcome: casting `state.eth1_data` as eth1 vote, genesis_time: 1733017154, earliest_block_timestamp: 1733017134, lowest_block_number: 0, service: deposit_contract_rpc
Dec 01 01:40:00.085 INFO Requesting blinded header from connected builder, parent_hash: 0x771fe241dee8ea1c8ce612e7f262e9081fd375082f3e37222d87d121f8f5d177, pubkey: 0xa804e4fa8d1391a9d078aa93985a12503b84ce4f6f1f9e70ab7fca421e1cf972538666299d4c1bfc39327b469b2db7a8, slot: Slot(23), service: exec
Dec 01 01:40:00.089 INFO Requested blinded execution payload     parent_hash: 0x771fe241dee8ea1c8ce612e7f262e9081fd375082f3e37222d87d121f8f5d177, local_response_ms: 3, local_fee_recipient: 0x8943545177806ed17b9f23f0a21ee5948ecaa776, relay_response_ms: 1, relay_fee_recipient: empty response, service: exec
Dec 01 01:40:00.089 INFO Builder did not return a payload        parent_hash: 0x771fe241dee8ea1c8ce612e7f262e9081fd375082f3e37222d87d121f8f5d177, local_block_hash: 0xe4fdd745e1daad7c0aa54bb7806570b8d62c88425a9b95b759a023922bee1f64, info: falling back to local execution client, service: exec
Dec 01 01:40:00.198 INFO Signed block published to network via HTTP API, publish_delay_ms: 2, slot: 23
Dec 01 01:40:00.235 INFO Valid block from HTTP API               slot: 23, proposer_index: 31, root: 0x42fc…34b7, block_delay: 196.022101ms
Dec 01 01:40:01.000 INFO Synced                                  slot: 23, block: 0x42fc…34b7, epoch: 0, finalized_epoch: 0, finalized_root: 0xf872…f8fe, exec_hash: 0xe4fd…1f64 (verified), peers: 2, service: slot_notifier
Dec 01 01:40:02.001 INFO Prepared beacon proposer                parent_root: 0x42fc4deae4302c11b9424241ae437cbc225225f3b8b995194b840010b49c34b7, validator: 55, prepare_slot: 25, service: beacon
Dec 01 01:40:02.110 INFO New block received                      root: 0x578da6a7ebc3dac4140268d248cf24cf3092515b1890855b36a60ceecebe1e8a, slot: 24
Dec 01 01:40:02.132 INFO Prepared beacon proposer                parent_root: 0x578da6a7ebc3dac4140268d248cf24cf3092515b1890855b36a60ceecebe1e8a, validator: 55, prepare_slot: 25, service: beacon
Dec 01 01:40:03.001 INFO Synced                                  slot: 24, block: 0x578d…1e8a, epoch: 0, finalized_epoch: 0, finalized_root: 0xf872…f8fe, exec_hash: 0x0040…8e3a (verified), peers: 2, service: slot_notifier
Dec 01 01:40:04.089 ERRO No valid eth1_data votes, `votes_to_consider` empty, outcome: casting `state.eth1_data` as eth1 vote, genesis_time: 1733017154, earliest_block_timestamp: 1733017134, lowest_block_number: 0, service: deposit_contract_rpc
Dec 01 01:40:04.090 INFO Requesting blinded header from connected builder, parent_hash: 0x0040247d77e669a3b134aaf694fae210fa443a1c1d64d09ff6a5377192798e3a, pubkey: 0x958c2692b86b4d20eaea3bb45e9447ebbc5b93ccaf8d21ef659d0cefedf5c4371b31b460ae40e8243682bde505abac1e, slot: Slot(25), service: exec
Dec 01 01:40:04.096 INFO Requested blinded execution payload     parent_hash: 0x0040247d77e669a3b134aaf694fae210fa443a1c1d64d09ff6a5377192798e3a, local_response_ms: 5, local_fee_recipient: 0x8943545177806ed17b9f23f0a21ee5948ecaa776, relay_response_ms: 5, relay_fee_recipient: empty response, service: exec
Dec 01 01:40:04.096 INFO Builder did not return a payload        parent_hash: 0x0040247d77e669a3b134aaf694fae210fa443a1c1d64d09ff6a5377192798e3a, local_block_hash: 0xab91b1323c15228170ec46af1d4c2414d601dc7fe7172ed58e948373018b5e75, info: falling back to local execution client, service: exec
Dec 01 01:40:04.202 INFO Signed block published to network via HTTP API, publish_delay_ms: 2, slot: 25
Dec 01 01:40:04.252 INFO Valid block from HTTP API               slot: 25, proposer_index: 55, root: 0xf508…9476, block_delay: 200.158114ms
Dec 01 01:40:05.001 INFO Synced                                  slot: 25, block: 0xf508…9476, epoch: 0, finalized_epoch: 0, finalized_root: 0xf872…f8fe, exec_hash: 0xab91…5e75 (verified), peers: 2, service: slot_notifier
Dec 01 01:40:06.086 INFO Prepared beacon proposer                parent_root: 0xf5080f8144b281e96cae69269440d2a6c6588682289067ad74eb96186d999476, validator: 39, prepare_slot: 27, service: beacon
Dec 01 01:40:06.209 INFO New block received                      root: 0x8e23cf29ab2a647a5189c2ec74c36ec01c61f137e68676a110df068744f91d71, slot: 26
Dec 01 01:40:06.226 INFO Prepared beacon proposer                parent_root: 0x8e23cf29ab2a647a5189c2ec74c36ec01c61f137e68676a110df068744f91d71, validator: 39, prepare_slot: 27, service: beacon
Dec 01 01:40:07.000 INFO Synced                                  slot: 26, block: 0x8e23…1d71, epoch: 0, finalized_epoch: 0, finalized_root: 0xf872…f8fe, exec_hash: 0xeaa9…d31d (verified), peers: 2, service: slot_notifier
Dec 01 01:40:08.089 INFO Prepared beacon proposer                parent_root: 0x8e23cf29ab2a647a5189c2ec74c36ec01c61f137e68676a110df068744f91d71, validator: 18, prepare_slot: 28, service: beacon
Dec 01 01:40:08.089 ERRO No valid eth1_data votes, `votes_to_consider` empty, outcome: casting `state.eth1_data` as eth1 vote, genesis_time: 1733017154, earliest_block_timestamp: 1733017134, lowest_block_number: 0, service: deposit_contract_rpc
Dec 01 01:40:08.090 INFO Requesting blinded header from connected builder, parent_hash: 0xeaa956370fb38573773a5aad4fd2464f7398d326d448739797f2e0f1a664d31d, pubkey: 0x81b676591b823270a3284ace7d81cbce2d6cdce55bb0e053874d7e3a08f729453009d3e662ec3130379f43c0f3210b6d, slot: Slot(27), service: exec
Dec 01 01:40:08.095 INFO Requested blinded execution payload     parent_hash: 0xeaa956370fb38573773a5aad4fd2464f7398d326d448739797f2e0f1a664d31d, local_response_ms: 1, local_fee_recipient: 0x8943545177806ed17b9f23f0a21ee5948ecaa776, relay_response_ms: 4, relay_fee_recipient: empty response, service: exec
Dec 01 01:40:08.095 INFO Builder did not return a payload        parent_hash: 0xeaa956370fb38573773a5aad4fd2464f7398d326d448739797f2e0f1a664d31d, local_block_hash: 0x06ad29c1821a12b06101fd48c6f3cb04d1f5d6f02e7e62064110f92be6ae9eca, info: falling back to local execution client, service: exec
Dec 01 01:40:08.197 INFO Signed block published to network via HTTP API, publish_delay_ms: 2, slot: 27
Dec 01 01:40:08.208 INFO Valid block from HTTP API               slot: 27, proposer_index: 39, root: 0xb2b2…501f, block_delay: 195.316491ms
Dec 01 01:40:08.213 INFO Prepared beacon proposer                parent_root: 0xb2b20082b2270372237cf22c57768f8fdb6f0a6b952984fe9b963ed3a4fa501f, validator: 18, prepare_slot: 28, service: beacon
Dec 01 01:40:09.001 INFO Synced                                  slot: 27, block: 0xb2b2…501f, epoch: 0, finalized_epoch: 0, finalized_root: 0xf872…f8fe, exec_hash: 0x06ad…9eca (verified), peers: 2, service: slot_notifier
Dec 01 01:40:10.088 ERRO No valid eth1_data votes, `votes_to_consider` empty, outcome: casting `state.eth1_data` as eth1 vote, genesis_time: 1733017154, earliest_block_timestamp: 1733017134, lowest_block_number: 0, service: deposit_contract_rpc
Dec 01 01:40:10.088 INFO Requesting blinded header from connected builder, parent_hash: 0x06ad29c1821a12b06101fd48c6f3cb04d1f5d6f02e7e62064110f92be6ae9eca, pubkey: 0x8a8bb292bcc481070d3afdbbc8789e2ab4b29c9603936e6d85f5ff71e23fc5b6d61009f0fa636b5d5b2dc309d39e3d75, slot: Slot(28), service: exec
Dec 01 01:40:10.093 INFO Requested blinded execution payload     parent_hash: 0x06ad29c1821a12b06101fd48c6f3cb04d1f5d6f02e7e62064110f92be6ae9eca, local_response_ms: 1, local_fee_recipient: 0x8943545177806ed17b9f23f0a21ee5948ecaa776, relay_response_ms: 5, relay_fee_recipient: empty response, service: exec
Dec 01 01:40:10.093 INFO Builder did not return a payload        parent_hash: 0x06ad29c1821a12b06101fd48c6f3cb04d1f5d6f02e7e62064110f92be6ae9eca, local_block_hash: 0xf540ce3a17e9c7f259a0883d6144aa9e37e528279fbff1cfa5790bd99100025a, info: falling back to local execution client, service: exec
Dec 01 01:40:10.199 INFO Signed block published to network via HTTP API, publish_delay_ms: 1, slot: 28
Dec 01 01:40:10.208 INFO Valid block from HTTP API               slot: 28, proposer_index: 18, root: 0x1b1e…cc7a, block_delay: 197.874928ms
Dec 01 01:40:11.001 INFO Synced                                  slot: 28, block: 0x1b1e…cc7a, epoch: 0, finalized_epoch: 0, finalized_root: 0xf872…f8fe, exec_hash: 0xf540…025a (verified), peers: 2, service: slot_notifier
Dec 01 01:40:12.086 INFO Prepared beacon proposer                parent_root: 0x1b1e615aa1f730849ef634d4493294c9c911932881e20b6e5abf4baca3aecc7a, validator: 30, prepare_slot: 30, service: beacon
Dec 01 01:40:12.208 INFO New block received                      root: 0xcf904b4029143fa9acc5386ee0858789954aac82e72aac38fdf4c0c7197e088d, slot: 29
Dec 01 01:40:12.219 INFO Prepared beacon proposer                parent_root: 0xcf904b4029143fa9acc5386ee0858789954aac82e72aac38fdf4c0c7197e088d, validator: 30, prepare_slot: 30, service: beacon
Dec 01 01:40:13.001 INFO Synced                                  slot: 29, block: 0xcf90…088d, epoch: 0, finalized_epoch: 0, finalized_root: 0xf872…f8fe, exec_hash: 0x78e9…bcbf (verified), peers: 2, service: slot_notifier
Dec 01 01:40:14.087 ERRO No valid eth1_data votes, `votes_to_consider` empty, outcome: casting `state.eth1_data` as eth1 vote, genesis_time: 1733017154, earliest_block_timestamp: 1733017134, lowest_block_number: 0, service: deposit_contract_rpc
Dec 01 01:40:14.087 INFO Requesting blinded header from connected builder, parent_hash: 0x78e9bacfceb267b00a7e0fd5d78ec9aff15d19dc85e017314cf0ef6b8af1bcbf, pubkey: 0x81ea9f74ef7d935b807474e38954ae3934856219a23e074954b2e860c5a3c400f9aedb42cd27cb4ceb697ca36d1e58cb, slot: Slot(30), service: exec
Dec 01 01:40:14.093 INFO Requested blinded execution payload     parent_hash: 0x78e9bacfceb267b00a7e0fd5d78ec9aff15d19dc85e017314cf0ef6b8af1bcbf, local_response_ms: 1, local_fee_recipient: 0x8943545177806ed17b9f23f0a21ee5948ecaa776, relay_response_ms: 6, relay_fee_recipient: empty response, service: exec
Dec 01 01:40:14.093 INFO Builder did not return a payload        parent_hash: 0x78e9bacfceb267b00a7e0fd5d78ec9aff15d19dc85e017314cf0ef6b8af1bcbf, local_block_hash: 0xe412920b7e334e374b28d4d865f6980512927225aa1068a7f0a8fe2ee452c9e4, info: falling back to local execution client, service: exec
Dec 01 01:40:14.196 INFO Signed block published to network via HTTP API, publish_delay_ms: 1, slot: 30
Dec 01 01:40:14.205 INFO Valid block from HTTP API               slot: 30, proposer_index: 30, root: 0x7eb1…3ca5, block_delay: 195.131879ms
Dec 01 01:40:15.001 INFO Synced                                  slot: 30, block: 0x7eb1…3ca5, epoch: 0, finalized_epoch: 0, finalized_root: 0xf872…f8fe, exec_hash: 0xe412…c9e4 (verified), peers: 2, service: slot_notifier
Dec 01 01:40:16.116 INFO New block received                      root: 0xc5e35b038bb27ba3fa1d2d7dbbd204ff2c324dd3d7ffba8f1680467c8207bace, slot: 31
Dec 01 01:40:17.001 INFO Synced                                  slot: 31, block: 0xc5e3…bace, epoch: 0, finalized_epoch: 0, finalized_root: 0xf872…f8fe, exec_hash: 0xaa41…1955 (verified), peers: 2, service: slot_notifier
Dec 01 01:40:18.007 INFO Forwarding register validator request to connected builder, count: 64
Dec 01 01:40:18.127 INFO New block received                      root: 0x3e3c06bedf233020e8134680bd60d1100c04beb5d89ef4b9b4b25741fdb1fce9, slot: 32
Dec 01 01:40:19.000 INFO Synced                                  slot: 32, block: 0x3e3c…fce9, epoch: 1, finalized_epoch: 0, finalized_root: 0xf872…f8fe, exec_hash: 0x947b…0a6f (verified), peers: 2, service: slot_notifier
Dec 01 01:40:20.004 INFO Prepared beacon proposer                parent_root: 0x3e3c06bedf233020e8134680bd60d1100c04beb5d89ef4b9b4b25741fdb1fce9, validator: 54, prepare_slot: 34, service: beacon
Dec 01 01:40:20.121 INFO New block received                      root: 0xfea27f301eabd3fadf2a2015947998afd2f650687e6e8c082cfa499d3570510c, slot: 33
Dec 01 01:40:20.138 INFO Prepared beacon proposer                parent_root: 0xfea27f301eabd3fadf2a2015947998afd2f650687e6e8c082cfa499d3570510c, validator: 54, prepare_slot: 34, service: beacon
Dec 01 01:40:21.001 INFO Synced                                  slot: 33, block: 0xfea2…510c, epoch: 1, finalized_epoch: 0, finalized_root: 0xf872…f8fe, exec_hash: 0xea2a…a704 (verified), peers: 2, service: slot_notifier
Dec 01 01:40:22.007 ERRO No valid eth1_data votes, `votes_to_consider` empty, outcome: casting `state.eth1_data` as eth1 vote, genesis_time: 1733017154, earliest_block_timestamp: 1733017134, lowest_block_number: 0, service: deposit_contract_rpc
Dec 01 01:40:22.007 INFO Requesting blinded header from connected builder, parent_hash: 0xea2a8bc263106c88f699e5cd8b8597818aa27f62cb0542bf67447a4966e9a704, pubkey: 0x99d83a0ba33161d8c6bbe80929fd9046d4dfdac43477ff85fea5bae925e6c179ad28eb338375ee2417acbd6576ee670a, slot: Slot(34), service: exec
Dec 01 01:40:22.022 INFO Requested blinded execution payload     parent_hash: 0xea2a8bc263106c88f699e5cd8b8597818aa27f62cb0542bf67447a4966e9a704, local_response_ms: 14, local_fee_recipient: 0x8943545177806ed17b9f23f0a21ee5948ecaa776, relay_response_ms: 4, relay_fee_recipient: empty response, service: exec
Dec 01 01:40:22.022 INFO Builder did not return a payload        parent_hash: 0xea2a8bc263106c88f699e5cd8b8597818aa27f62cb0542bf67447a4966e9a704, local_block_hash: 0x241312c11d0d60f39cd44d3612605a0de0705be477d96b33f4b3eb79aacf3042, info: falling back to local execution client, service: exec
Dec 01 01:40:22.099 INFO Signed block published to network via HTTP API, publish_delay_ms: 1, slot: 34
Dec 01 01:40:22.126 INFO Valid block from HTTP API               slot: 34, proposer_index: 54, root: 0xa390…25c1, block_delay: 98.051443ms
Dec 01 01:40:23.001 INFO Synced                                  slot: 34, block: 0xa390…25c1, epoch: 1, finalized_epoch: 0, finalized_root: 0xf872…f8fe, exec_hash: 0x2413…3042 (verified), peers: 2, service: slot_notifier
Dec 01 01:40:24.003 INFO Prepared beacon proposer                parent_root: 0xa3909014ab0c00d679d5f791b7492fd67842f0a34be2f402fbd5f9e090eb25c1, validator: 53, prepare_slot: 36, service: beacon
Dec 01 01:40:24.049 INFO New block received                      root: 0x73d25585f52c92c95ccf952b496bbd746879905521e3f42e204bc3747c786216, slot: 35
Dec 01 01:40:24.203 INFO Prepared beacon proposer                parent_root: 0x73d25585f52c92c95ccf952b496bbd746879905521e3f42e204bc3747c786216, validator: 53, prepare_slot: 36, service: beacon
Dec 01 01:40:25.001 INFO Synced                                  slot: 35, block: 0x73d2…6216, epoch: 1, finalized_epoch: 0, finalized_root: 0xf872…f8fe, exec_hash: 0xeec1…1d77 (verified), peers: 2, service: slot_notifier
Dec 01 01:40:26.007 ERRO No valid eth1_data votes, `votes_to_consider` empty, outcome: casting `state.eth1_data` as eth1 vote, genesis_time: 1733017154, earliest_block_timestamp: 1733017134, lowest_block_number: 0, service: deposit_contract_rpc
Dec 01 01:40:26.008 INFO Requesting blinded header from connected builder, parent_hash: 0xeec1437256d3a79dd4c7a5cb99856f54a9af972cf8aa10c3c235abff57091d77, pubkey: 0xb09cb155daf2022afd18114a352e506a84065c80573cb0c7c310cbe92e2706cdcf91f74bbd9e464f74e3d831386d5033, slot: Slot(36), service: exec
Dec 01 01:40:26.015 INFO Requested blinded execution payload     parent_hash: 0xeec1437256d3a79dd4c7a5cb99856f54a9af972cf8aa10c3c235abff57091d77, local_response_ms: 1, local_fee_recipient: 0x8943545177806ed17b9f23f0a21ee5948ecaa776, relay_response_ms: 7, relay_fee_recipient: empty response, service: exec
Dec 01 01:40:26.015 INFO Builder did not return a payload        parent_hash: 0xeec1437256d3a79dd4c7a5cb99856f54a9af972cf8aa10c3c235abff57091d77, local_block_hash: 0xd8b51ecbeb749664445ae211424f83cb6aaa0dde3aa8045b9dfe18fe57e104e6, info: falling back to local execution client, service: exec
Dec 01 01:40:26.100 INFO Signed block published to network via HTTP API, publish_delay_ms: 1, slot: 36
Dec 01 01:40:26.109 INFO Valid block from HTTP API               slot: 36, proposer_index: 53, root: 0x65df…d883, block_delay: 98.738956ms
Dec 01 01:40:27.001 INFO Synced                                  slot: 36, block: 0x65df…d883, epoch: 1, finalized_epoch: 0, finalized_root: 0xf872…f8fe, exec_hash: 0xd8b5…04e6 (verified), peers: 2, service: slot_notifier
Dec 01 01:40:28.003 INFO Prepared beacon proposer                parent_root: 0x65dfa2f7c30a47f817747558725a3fb0b4ba5981fc00bcb8266973c1e258d883, validator: 49, prepare_slot: 38, service: beacon
Dec 01 01:40:28.114 INFO New block received                      root: 0x3bd47adfb454caadc0d6c14c012c22135abc224d3c106760d366c6bdb555181a, slot: 37
Dec 01 01:40:28.130 INFO Prepared beacon proposer                parent_root: 0x3bd47adfb454caadc0d6c14c012c22135abc224d3c106760d366c6bdb555181a, validator: 49, prepare_slot: 38, service: beacon
Dec 01 01:40:29.003 INFO Synced                                  slot: 37, block: 0x3bd4…181a, epoch: 1, finalized_epoch: 0, finalized_root: 0xf872…f8fe, exec_hash: 0x3625…4bbe (verified), peers: 2, service: slot_notifier
Dec 01 01:40:30.003 INFO Prepared beacon proposer                parent_root: 0x3bd47adfb454caadc0d6c14c012c22135abc224d3c106760d366c6bdb555181a, validator: 12, prepare_slot: 39, service: beacon
Dec 01 01:40:30.005 ERRO No valid eth1_data votes, `votes_to_consider` empty, outcome: casting `state.eth1_data` as eth1 vote, genesis_time: 1733017154, earliest_block_timestamp: 1733017134, lowest_block_number: 0, service: deposit_contract_rpc
Dec 01 01:40:30.005 INFO Requesting blinded header from connected builder, parent_hash: 0x36259d92fadfcc5898e88a952a093a2a6ad3eb304f242ac21b29f89497344bbe, pubkey: 0x8aec5129a518010912215e1887191da94be419b4e75904c2ea745e2d253d707c088fa5b2c46dade1d162affe9f7ab17b, slot: Slot(38), service: exec
Dec 01 01:40:30.008 INFO Requested blinded execution payload     parent_hash: 0x36259d92fadfcc5898e88a952a093a2a6ad3eb304f242ac21b29f89497344bbe, local_response_ms: 1, local_fee_recipient: 0x8943545177806ed17b9f23f0a21ee5948ecaa776, relay_response_ms: 2, relay_fee_recipient: empty response, service: exec
Dec 01 01:40:30.008 INFO Builder did not return a payload        parent_hash: 0x36259d92fadfcc5898e88a952a093a2a6ad3eb304f242ac21b29f89497344bbe, local_block_hash: 0x5c960a298a211823f9ccdb7582c7684d150cc1c608f0b7f1af40c7d19e7767ce, info: falling back to local execution client, service: exec
Dec 01 01:40:30.087 INFO Signed block published to network via HTTP API, publish_delay_ms: 1, slot: 38
Dec 01 01:40:30.098 INFO Valid block from HTTP API               slot: 38, proposer_index: 49, root: 0x1d7d…e5c6, block_delay: 86.301536ms
Dec 01 01:40:30.099 INFO Prepared beacon proposer                parent_root: 0x1d7d8ca5ce25b607e79a45204eb5c9e8de2cb42c6e8c92d871ce492fb5cee5c6, validator: 12, prepare_slot: 39, service: beacon
Dec 01 01:40:31.001 INFO Synced                                  slot: 38, block: 0x1d7d…e5c6, epoch: 1, finalized_epoch: 0, finalized_root: 0xf872…f8fe, exec_hash: 0x5c96…67ce (verified), peers: 2, service: slot_notifier
Dec 01 01:40:32.006 ERRO No valid eth1_data votes, `votes_to_consider` empty, outcome: casting `state.eth1_data` as eth1 vote, genesis_time: 1733017154, earliest_block_timestamp: 1733017134, lowest_block_number: 0, service: deposit_contract_rpc
Dec 01 01:40:32.006 INFO Requesting blinded header from connected builder, parent_hash: 0x5c960a298a211823f9ccdb7582c7684d150cc1c608f0b7f1af40c7d19e7767ce, pubkey: 0x91709ee06497b9ac049325853d64947290189a8c2322e3a500d91e23ea02dc158b6db63ae558b3b7670357a151cd6071, slot: Slot(39), service: exec
Dec 01 01:40:32.012 INFO Requested blinded execution payload     parent_hash: 0x5c960a298a211823f9ccdb7582c7684d150cc1c608f0b7f1af40c7d19e7767ce, local_response_ms: 4, local_fee_recipient: 0x8943545177806ed17b9f23f0a21ee5948ecaa776, relay_response_ms: 5, relay_fee_recipient: empty response, service: exec
Dec 01 01:40:32.012 INFO Builder did not return a payload        parent_hash: 0x5c960a298a211823f9ccdb7582c7684d150cc1c608f0b7f1af40c7d19e7767ce, local_block_hash: 0x8329d4b2a62440e37f8db0af96286f62b162e30a90622f9e6b1de8b2cea896c7, info: falling back to local execution client, service: exec
Dec 01 01:40:32.107 INFO Signed block published to network via HTTP API, publish_delay_ms: 3, slot: 39
Dec 01 01:40:32.131 INFO Valid block from HTTP API               slot: 39, proposer_index: 12, root: 0xb39b…1f46, block_delay: 103.227243ms
Dec 01 01:40:33.003 INFO Synced                                  slot: 39, block: 0xb39b…1f46, epoch: 1, finalized_epoch: 0, finalized_root: 0xf872…f8fe, exec_hash: 0x8329…96c7 (verified), peers: 2, service: slot_notifier
Dec 01 01:40:34.045 INFO New block received                      root: 0x33596d6694633c3b4c20220f1f398684f6451f571f32ba3dd26364647f558e02, slot: 40
Dec 01 01:40:35.001 INFO Synced                                  slot: 40, block: 0x3359…8e02, epoch: 1, finalized_epoch: 0, finalized_root: 0xf872…f8fe, exec_hash: 0xd77f…c8b4 (verified), peers: 2, service: slot_notifier
Dec 01 01:40:36.100 INFO New block received                      root: 0xfe86e3ca78725775146bf890a6bc84deec38396e121a1f3c44786295a8d5c84c, slot: 41
Dec 01 01:40:37.001 INFO Synced                                  slot: 41, block: 0xfe86…c84c, epoch: 1, finalized_epoch: 0, finalized_root: 0xf872…f8fe, exec_hash: 0xda96…8625 (verified), peers: 2, service: slot_notifier
Dec 01 01:40:38.004 INFO Prepared beacon proposer                parent_root: 0xfe86e3ca78725775146bf890a6bc84deec38396e121a1f3c44786295a8d5c84c, validator: 33, prepare_slot: 43, service: beacon
Dec 01 01:40:38.108 INFO New block received                      root: 0x56861d2582fa59a923efdffdf6cc0a097b491683a67f78673bf32dba212cab58, slot: 42
Dec 01 01:40:38.115 INFO Prepared beacon proposer                parent_root: 0x56861d2582fa59a923efdffdf6cc0a097b491683a67f78673bf32dba212cab58, validator: 33, prepare_slot: 43, service: beacon
Dec 01 01:40:39.001 INFO Synced                                  slot: 42, block: 0x5686…ab58, epoch: 1, finalized_epoch: 0, finalized_root: 0xf872…f8fe, exec_hash: 0x5744…0295 (verified), peers: 2, service: slot_notifier
Dec 01 01:40:40.004 INFO Prepared beacon proposer                parent_root: 0x56861d2582fa59a923efdffdf6cc0a097b491683a67f78673bf32dba212cab58, validator: 18, prepare_slot: 44, service: beacon
Dec 01 01:40:40.005 ERRO No valid eth1_data votes, `votes_to_consider` empty, outcome: casting `state.eth1_data` as eth1 vote, genesis_time: 1733017154, earliest_block_timestamp: 1733017134, lowest_block_number: 0, service: deposit_contract_rpc
Dec 01 01:40:40.005 INFO Requesting blinded header from connected builder, parent_hash: 0x57447e19f2b3bd73467cc5da8b849228ad968d6ecf68ec3973bd7ba6bacc0295, pubkey: 0x8dfa86c051edd28c3554a30e40531c898e5936ad3002711616ddd1b27054bc39caedd505a200c3d23a1c3f6b26c50ae9, slot: Slot(43), service: exec
Dec 01 01:40:40.010 INFO Requested blinded execution payload     parent_hash: 0x57447e19f2b3bd73467cc5da8b849228ad968d6ecf68ec3973bd7ba6bacc0295, local_response_ms: 2, local_fee_recipient: 0x8943545177806ed17b9f23f0a21ee5948ecaa776, relay_response_ms: 5, relay_fee_recipient: empty response, service: exec
Dec 01 01:40:40.010 INFO Builder did not return a payload        parent_hash: 0x57447e19f2b3bd73467cc5da8b849228ad968d6ecf68ec3973bd7ba6bacc0295, local_block_hash: 0xedf18e18fdb8277906e6d811b97f829f3a65d87f48d34443c3b6710997fdbb38, info: falling back to local execution client, service: exec
Dec 01 01:40:40.103 INFO Signed block published to network via HTTP API, publish_delay_ms: 2, slot: 43
Dec 01 01:40:40.145 INFO Valid block from HTTP API               slot: 43, proposer_index: 33, root: 0xe6f7…79b2, block_delay: 100.76978ms
Dec 01 01:40:40.155 INFO Prepared beacon proposer                parent_root: 0xe6f7ce07b70d029206c4d6459a7ef909e95a86b24fb0434f1d6f34dd775a79b2, validator: 18, prepare_slot: 44, service: beacon
Dec 01 01:40:41.001 INFO Synced                                  slot: 43, block: 0xe6f7…79b2, epoch: 1, finalized_epoch: 0, finalized_root: 0xf872…f8fe, exec_hash: 0xedf1…bb38 (verified), peers: 2, service: slot_notifier
Dec 01 01:40:42.005 ERRO No valid eth1_data votes, `votes_to_consider` empty, outcome: casting `state.eth1_data` as eth1 vote, genesis_time: 1733017154, earliest_block_timestamp: 1733017134, lowest_block_number: 0, service: deposit_contract_rpc
Dec 01 01:40:42.005 INFO Requesting blinded header from connected builder, parent_hash: 0xedf18e18fdb8277906e6d811b97f829f3a65d87f48d34443c3b6710997fdbb38, pubkey: 0x8a8bb292bcc481070d3afdbbc8789e2ab4b29c9603936e6d85f5ff71e23fc5b6d61009f0fa636b5d5b2dc309d39e3d75, slot: Slot(44), service: exec
Dec 01 01:40:42.011 INFO Requested blinded execution payload     parent_hash: 0xedf18e18fdb8277906e6d811b97f829f3a65d87f48d34443c3b6710997fdbb38, local_response_ms: 4, local_fee_recipient: 0x8943545177806ed17b9f23f0a21ee5948ecaa776, relay_response_ms: 5, relay_fee_recipient: empty response, service: exec
Dec 01 01:40:42.011 INFO Builder did not return a payload        parent_hash: 0xedf18e18fdb8277906e6d811b97f829f3a65d87f48d34443c3b6710997fdbb38, local_block_hash: 0x9abfbb116168e5b13511c6514184f613c1969a541a20b3e697c71d1e1eec647a, info: falling back to local execution client, service: exec
Dec 01 01:40:42.101 INFO Signed block published to network via HTTP API, publish_delay_ms: 1, slot: 44
Dec 01 01:40:42.127 INFO Valid block from HTTP API               slot: 44, proposer_index: 18, root: 0xece3…3cfc, block_delay: 99.931297ms
Dec 01 01:40:43.001 INFO Synced                                  slot: 44, block: 0xece3…3cfc, epoch: 1, finalized_epoch: 0, finalized_root: 0xf872…f8fe, exec_hash: 0x9abf…647a (verified), peers: 2, service: slot_notifier
Dec 01 01:40:44.003 INFO Prepared beacon proposer                parent_root: 0xece3b3ec3b1bfa5a4e612e19d0ed40e97e520aa2f2c059577bb8cd4c25d63cfc, validator: 24, prepare_slot: 46, service: beacon
Dec 01 01:40:44.120 INFO New block received                      root: 0x7b46e05a606e902278def9db40dbf7cfc33707984085f98298d58bcff33b74c4, slot: 45
Dec 01 01:40:44.163 INFO Prepared beacon proposer                parent_root: 0x7b46e05a606e902278def9db40dbf7cfc33707984085f98298d58bcff33b74c4, validator: 24, prepare_slot: 46, service: beacon
Dec 01 01:40:45.002 INFO Synced                                  slot: 45, block: 0x7b46…74c4, epoch: 1, finalized_epoch: 0, finalized_root: 0xf872…f8fe, exec_hash: 0x40b0…4c07 (verified), peers: 2, service: slot_notifier
Dec 01 01:40:46.005 ERRO No valid eth1_data votes, `votes_to_consider` empty, outcome: casting `state.eth1_data` as eth1 vote, genesis_time: 1733017154, earliest_block_timestamp: 1733017134, lowest_block_number: 0, service: deposit_contract_rpc
Dec 01 01:40:46.005 INFO Requesting blinded header from connected builder, parent_hash: 0x40b0af43202d3f5e01d08d5623a7f8a25fbbc7924190d05436f69ca85f0e4c07, pubkey: 0xae5302796cfeca685eaf37ffd5baeb32121f2f07415bee26cc0051ee513ff3932d2c365e3d9f87b0949a5980445cb64c, slot: Slot(46), service: exec
Dec 01 01:40:46.007 INFO Requested blinded execution payload     parent_hash: 0x40b0af43202d3f5e01d08d5623a7f8a25fbbc7924190d05436f69ca85f0e4c07, local_response_ms: 0, local_fee_recipient: 0x8943545177806ed17b9f23f0a21ee5948ecaa776, relay_response_ms: 1, relay_fee_recipient: empty response, service: exec
Dec 01 01:40:46.007 INFO Builder did not return a payload        parent_hash: 0x40b0af43202d3f5e01d08d5623a7f8a25fbbc7924190d05436f69ca85f0e4c07, local_block_hash: 0x651d9bfdbb0cdc4599eea18b2452644a84f4feeed1de69a07c4787b9980830de, info: falling back to local execution client, service: exec
Dec 01 01:40:46.105 INFO Signed block published to network via HTTP API, publish_delay_ms: 1, slot: 46
Dec 01 01:40:46.116 INFO Valid block from HTTP API               slot: 46, proposer_index: 24, root: 0xace0…52c0, block_delay: 104.418171ms
Dec 01 01:40:47.001 INFO Synced                                  slot: 46, block: 0xace0…52c0, epoch: 1, finalized_epoch: 0, finalized_root: 0xf872…f8fe, exec_hash: 0x651d…30de (verified), peers: 2, service: slot_notifier
Dec 01 01:40:48.004 INFO Prepared beacon proposer                parent_root: 0xace00cc7326e54cb7658c2b030aa78a548091a463ef6c017c4fd39a68e2052c0, validator: 2, prepare_slot: 48, service: beacon
Dec 01 01:40:48.116 INFO New block received                      root: 0x58cec7a2eadd1c142785f633f6c9e5db6c227721f5f2882400e1c363d149c9ca, slot: 47
Dec 01 01:40:48.132 INFO Prepared beacon proposer                parent_root: 0x58cec7a2eadd1c142785f633f6c9e5db6c227721f5f2882400e1c363d149c9ca, validator: 2, prepare_slot: 48, service: beacon
Dec 01 01:40:49.001 INFO Synced                                  slot: 47, block: 0x58ce…c9ca, epoch: 1, finalized_epoch: 0, finalized_root: 0xf872…f8fe, exec_hash: 0x7784…8263 (verified), peers: 2, service: slot_notifier
Dec 01 01:40:50.004 INFO Prepared beacon proposer                parent_root: 0x58cec7a2eadd1c142785f633f6c9e5db6c227721f5f2882400e1c363d149c9ca, validator: 7, prepare_slot: 49, service: beacon
Dec 01 01:40:50.005 ERRO No valid eth1_data votes, `votes_to_consider` empty, outcome: casting `state.eth1_data` as eth1 vote, genesis_time: 1733017154, earliest_block_timestamp: 1733017134, lowest_block_number: 0, service: deposit_contract_rpc
Dec 01 01:40:50.005 INFO Requesting blinded header from connected builder, parent_hash: 0x7784a33603a0c30a9189e43e1fb0a1c3762b277407901251b06b4ec67e768263, pubkey: 0x996323af7e545fb6363ace53f1538c7ddc3eb0d985b2479da3ee4ace10cbc393b518bf02d1a2ddb2f5bdf09b473933ea, slot: Slot(48), service: exec
Dec 01 01:40:50.010 INFO Requested blinded execution payload     parent_hash: 0x7784a33603a0c30a9189e43e1fb0a1c3762b277407901251b06b4ec67e768263, local_response_ms: 3, local_fee_recipient: 0x8943545177806ed17b9f23f0a21ee5948ecaa776, relay_response_ms: 5, relay_fee_recipient: empty response, service: exec
Dec 01 01:40:50.010 INFO Builder did not return a payload        parent_hash: 0x7784a33603a0c30a9189e43e1fb0a1c3762b277407901251b06b4ec67e768263, local_block_hash: 0xa257ca7c8193568b461367461844fcc8b79801d59e807464249d3cdccf9425e4, info: falling back to local execution client, service: exec
Dec 01 01:40:50.102 INFO Signed block published to network via HTTP API, publish_delay_ms: 1, slot: 48
Dec 01 01:40:50.128 INFO Valid block from HTTP API               slot: 48, proposer_index: 2, root: 0xe84c…fec6, block_delay: 100.199701ms
Dec 01 01:40:50.130 INFO Prepared beacon proposer                parent_root: 0xe84c63d76562fe6315972951df40c94a2821f056b93e90e6fb57fdd90aeffec6, validator: 7, prepare_slot: 49, service: beacon
Dec 01 01:40:51.003 INFO Synced                                  slot: 48, block: 0xe84c…fec6, epoch: 1, finalized_epoch: 0, finalized_root: 0xf872…f8fe, exec_hash: 0xa257…25e4 (verified), peers: 2, service: slot_notifier
Dec 01 01:40:52.005 INFO Prepared beacon proposer                parent_root: 0xe84c63d76562fe6315972951df40c94a2821f056b93e90e6fb57fdd90aeffec6, validator: 26, prepare_slot: 50, service: beacon
Dec 01 01:40:52.009 ERRO No valid eth1_data votes, `votes_to_consider` empty, outcome: casting `state.eth1_data` as eth1 vote, genesis_time: 1733017154, earliest_block_timestamp: 1733017134, lowest_block_number: 0, service: deposit_contract_rpc
Dec 01 01:40:52.009 INFO Requesting blinded header from connected builder, parent_hash: 0xa257ca7c8193568b461367461844fcc8b79801d59e807464249d3cdccf9425e4, pubkey: 0x87231421a08ed28e7d357e2b37a26a458155c8d822d829344bd1029e5d175b5edfaa78f16f784f724a2caef124944c4f, slot: Slot(49), service: exec
Dec 01 01:40:52.011 INFO Requested blinded execution payload     parent_hash: 0xa257ca7c8193568b461367461844fcc8b79801d59e807464249d3cdccf9425e4, local_response_ms: 0, local_fee_recipient: 0x8943545177806ed17b9f23f0a21ee5948ecaa776, relay_response_ms: 1, relay_fee_recipient: empty response, service: exec
Dec 01 01:40:52.011 INFO Builder did not return a payload        parent_hash: 0xa257ca7c8193568b461367461844fcc8b79801d59e807464249d3cdccf9425e4, local_block_hash: 0xea38e6d450d3bde09176704221bd1579e7040d81eb4bef5c4bb3b8eac8642446, info: falling back to local execution client, service: exec
Dec 01 01:40:52.102 INFO Signed block published to network via HTTP API, publish_delay_ms: 1, slot: 49
Dec 01 01:40:52.111 INFO Valid block from HTTP API               slot: 49, proposer_index: 7, root: 0x3aa8…0fa2, block_delay: 101.066666ms
Dec 01 01:40:52.114 INFO Prepared beacon proposer                parent_root: 0x3aa8a1e886a845fb695265f705a8127f9323f4635317090bfdebf708a0f90fa2, validator: 26, prepare_slot: 50, service: beacon
Dec 01 01:40:53.000 INFO Synced                                  slot: 49, block: 0x3aa8…0fa2, epoch: 1, finalized_epoch: 0, finalized_root: 0xf872…f8fe, exec_hash: 0xea38…2446 (verified), peers: 2, service: slot_notifier
Dec 01 01:40:54.006 INFO Prepared beacon proposer                parent_root: 0x3aa8a1e886a845fb695265f705a8127f9323f4635317090bfdebf708a0f90fa2, validator: 17, prepare_slot: 51, service: beacon
Dec 01 01:40:54.007 ERRO No valid eth1_data votes, `votes_to_consider` empty, outcome: casting `state.eth1_data` as eth1 vote, genesis_time: 1733017154, earliest_block_timestamp: 1733017134, lowest_block_number: 0, service: deposit_contract_rpc
Dec 01 01:40:54.007 INFO Requesting blinded header from connected builder, parent_hash: 0xea38e6d450d3bde09176704221bd1579e7040d81eb4bef5c4bb3b8eac8642446, pubkey: 0xa1d9840eda3036fbf63eeea40146e4548553e6e1b2a653ab349b376f31b367c40d71fb59ff8e94b91daa99c262ec8b52, slot: Slot(50), service: exec
Dec 01 01:40:54.010 INFO Requested blinded execution payload     parent_hash: 0xea38e6d450d3bde09176704221bd1579e7040d81eb4bef5c4bb3b8eac8642446, local_response_ms: 0, local_fee_recipient: 0x8943545177806ed17b9f23f0a21ee5948ecaa776, relay_response_ms: 3, relay_fee_recipient: empty response, service: exec
Dec 01 01:40:54.010 INFO Builder did not return a payload        parent_hash: 0xea38e6d450d3bde09176704221bd1579e7040d81eb4bef5c4bb3b8eac8642446, local_block_hash: 0xc538c893bb3abb6e03917e2e02290b2e9a17c65aded1d6109ac84ae3e7b5f184, info: falling back to local execution client, service: exec
Dec 01 01:40:54.098 INFO Signed block published to network via HTTP API, publish_delay_ms: 1, slot: 50
Dec 01 01:40:54.108 INFO Valid block from HTTP API               slot: 50, proposer_index: 26, root: 0x1723…0e1f, block_delay: 97.007755ms
Dec 01 01:40:54.112 INFO Prepared beacon proposer                parent_root: 0x17239f0d2afe48e7077cb64b526015f1198b402696566ff3fa75a942df7a0e1f, validator: 17, prepare_slot: 51, service: beacon
Dec 01 01:40:55.001 INFO Synced                                  slot: 50, block: 0x1723…0e1f, epoch: 1, finalized_epoch: 0, finalized_root: 0xf872…f8fe, exec_hash: 0xc538…f184 (verified), peers: 2, service: slot_notifier
Dec 01 01:40:56.005 ERRO No valid eth1_data votes, `votes_to_consider` empty, outcome: casting `state.eth1_data` as eth1 vote, genesis_time: 1733017154, earliest_block_timestamp: 1733017134, lowest_block_number: 0, service: deposit_contract_rpc
Dec 01 01:40:56.005 INFO Requesting blinded header from connected builder, parent_hash: 0xc538c893bb3abb6e03917e2e02290b2e9a17c65aded1d6109ac84ae3e7b5f184, pubkey: 0xa35c6004f387430c3797ab0157af7b824c8fe106241c7cdeb897d900c0f9e4bb945ff2a6b88cbd10e35ec48aaa554ecb, slot: Slot(51), service: exec
Dec 01 01:40:56.008 INFO Requested blinded execution payload     parent_hash: 0xc538c893bb3abb6e03917e2e02290b2e9a17c65aded1d6109ac84ae3e7b5f184, local_response_ms: 0, local_fee_recipient: 0x8943545177806ed17b9f23f0a21ee5948ecaa776, relay_response_ms: 2, relay_fee_recipient: empty response, service: exec
Dec 01 01:40:56.008 INFO Builder did not return a payload        parent_hash: 0xc538c893bb3abb6e03917e2e02290b2e9a17c65aded1d6109ac84ae3e7b5f184, local_block_hash: 0xa0dfd15dadc99f2061feb274ce5216d62fb22d62dbbe2dbcde058608ea2f85e7, info: falling back to local execution client, service: exec
Dec 01 01:40:56.096 INFO Signed block published to network via HTTP API, publish_delay_ms: 1, slot: 51
Dec 01 01:40:56.104 INFO Valid block from HTTP API               slot: 51, proposer_index: 17, root: 0x7d2a…b512, block_delay: 94.869656ms
Dec 01 01:40:57.001 INFO Synced                                  slot: 51, block: 0x7d2a…b512, epoch: 1, finalized_epoch: 0, finalized_root: 0xf872…f8fe, exec_hash: 0xa0df…85e7 (verified), peers: 2, service: slot_notifier
Dec 01 01:40:58.109 INFO New block received                      root: 0x2abd38fa3caf8d226ac356cea89151aca43ea9a26dfd2c4c470a1dbb37acb5af, slot: 52
Dec 01 01:40:59.001 INFO Synced                                  slot: 52, block: 0x2abd…b5af, epoch: 1, finalized_epoch: 0, finalized_root: 0xf872…f8fe, exec_hash: 0x48c7…9051 (verified), peers: 2, service: slot_notifier
Dec 01 01:41:00.120 INFO New block received                      root: 0x376a4cdd43f9b461eab962368e54e98958fe62c0562c297459046df305d9b3d9, slot: 53
Dec 01 01:41:01.001 INFO Synced                                  slot: 53, block: 0x376a…b3d9, epoch: 1, finalized_epoch: 0, finalized_root: 0xf872…f8fe, exec_hash: 0x5cce…4a61 (verified), peers: 2, service: slot_notifier
Dec 01 01:41:02.107 INFO New block received                      root: 0x171efef73bb2ac091e097bcbdd761766827e6e79e75ffdd2dcf34ff1903df8fe, slot: 54
Dec 01 01:41:03.001 INFO Synced                                  slot: 54, block: 0x171e…f8fe, epoch: 1, finalized_epoch: 0, finalized_root: 0xf872…f8fe, exec_hash: 0x9d71…2413 (verified), peers: 2, service: slot_notifier
Dec 01 01:41:04.124 INFO New block received                      root: 0x938dfb0b881e6603c02789b442908afeb633144be33c0adf2234fa5eb2e6d1e5, slot: 55
Dec 01 01:41:05.000 INFO Synced                                  slot: 55, block: 0x938d…d1e5, epoch: 1, finalized_epoch: 0, finalized_root: 0xf872…f8fe, exec_hash: 0x3fb6…fd41 (verified), peers: 2, service: slot_notifier
Dec 01 01:41:06.005 INFO Prepared beacon proposer                parent_root: 0x938dfb0b881e6603c02789b442908afeb633144be33c0adf2234fa5eb2e6d1e5, validator: 54, prepare_slot: 57, service: beacon
Dec 01 01:41:06.119 INFO New block received                      root: 0x0b94d01c300206c49c9daae2c417a60d8c6d588c737824a945a62db36f3490e9, slot: 56
Dec 01 01:41:06.169 INFO Prepared beacon proposer                parent_root: 0x0b94d01c300206c49c9daae2c417a60d8c6d588c737824a945a62db36f3490e9, validator: 54, prepare_slot: 57, service: beacon
Dec 01 01:41:07.001 INFO Synced                                  slot: 56, block: 0x0b94…90e9, epoch: 1, finalized_epoch: 0, finalized_root: 0xf872…f8fe, exec_hash: 0x911f…71bd (verified), peers: 2, service: slot_notifier
Dec 01 01:41:08.003 INFO Prepared beacon proposer                parent_root: 0x0b94d01c300206c49c9daae2c417a60d8c6d588c737824a945a62db36f3490e9, validator: 19, prepare_slot: 58, service: beacon
Dec 01 01:41:08.004 ERRO No valid eth1_data votes, `votes_to_consider` empty, outcome: casting `state.eth1_data` as eth1 vote, genesis_time: 1733017154, earliest_block_timestamp: 1733017134, lowest_block_number: 0, service: deposit_contract_rpc
Dec 01 01:41:08.004 INFO Requesting blinded header from connected builder, parent_hash: 0x911f084856102e9178e543f74dedbc0cfd569a9981dab3ee8da9b58cfec571bd, pubkey: 0x99d83a0ba33161d8c6bbe80929fd9046d4dfdac43477ff85fea5bae925e6c179ad28eb338375ee2417acbd6576ee670a, slot: Slot(57), service: exec
Dec 01 01:41:08.009 INFO Requested blinded execution payload     parent_hash: 0x911f084856102e9178e543f74dedbc0cfd569a9981dab3ee8da9b58cfec571bd, local_response_ms: 1, local_fee_recipient: 0x8943545177806ed17b9f23f0a21ee5948ecaa776, relay_response_ms: 5, relay_fee_recipient: empty response, service: exec
Dec 01 01:41:08.009 INFO Builder did not return a payload        parent_hash: 0x911f084856102e9178e543f74dedbc0cfd569a9981dab3ee8da9b58cfec571bd, local_block_hash: 0x3c6007f6528aa7dbfce6061d017d6d5d1de86291ad0b60f5e643f99e6a7d0400, info: falling back to local execution client, service: exec
Dec 01 01:41:08.098 INFO Signed block published to network via HTTP API, publish_delay_ms: 1, slot: 57
Dec 01 01:41:08.119 INFO Valid block from HTTP API               slot: 57, proposer_index: 54, root: 0xec9a…aadf, block_delay: 96.666656ms
Dec 01 01:41:08.124 INFO Prepared beacon proposer                parent_root: 0xec9a811200ef300267c426f15612acdce553c223de6f0762a8a91b9a3e01aadf, validator: 19, prepare_slot: 58, service: beacon
Dec 01 01:41:09.000 INFO Synced                                  slot: 57, block: 0xec9a…aadf, epoch: 1, finalized_epoch: 0, finalized_root: 0xf872…f8fe, exec_hash: 0x3c60…0400 (verified), peers: 2, service: slot_notifier
Dec 01 01:41:10.003 ERRO No valid eth1_data votes, `votes_to_consider` empty, outcome: casting `state.eth1_data` as eth1 vote, genesis_time: 1733017154, earliest_block_timestamp: 1733017134, lowest_block_number: 0, service: deposit_contract_rpc
Dec 01 01:41:10.003 INFO Requesting blinded header from connected builder, parent_hash: 0x3c6007f6528aa7dbfce6061d017d6d5d1de86291ad0b60f5e643f99e6a7d0400, pubkey: 0xae940a07850cf904b44f31cbf0e44824bae5ec36dcfdb7fad858f2a39dba38de82ca12b0ae939a34fce7a02e4b9789f8, slot: Slot(58), service: exec
Dec 01 01:41:10.005 INFO Requested blinded execution payload     parent_hash: 0x3c6007f6528aa7dbfce6061d017d6d5d1de86291ad0b60f5e643f99e6a7d0400, local_response_ms: 0, local_fee_recipient: 0x8943545177806ed17b9f23f0a21ee5948ecaa776, relay_response_ms: 1, relay_fee_recipient: empty response, service: exec
Dec 01 01:41:10.005 INFO Builder did not return a payload        parent_hash: 0x3c6007f6528aa7dbfce6061d017d6d5d1de86291ad0b60f5e643f99e6a7d0400, local_block_hash: 0x88c00c238aa7054f58f89bbdd6f357bc72adc322b8e6f3884c38607b921199c0, info: falling back to local execution client, service: exec
Dec 01 01:41:10.021 INFO Signed block published to network via HTTP API, publish_delay_ms: 1, slot: 58
Dec 01 01:41:10.027 INFO Valid block from HTTP API               slot: 58, proposer_index: 19, root: 0xf691…9803, block_delay: 20.535984ms
Dec 01 01:41:11.000 INFO Synced                                  slot: 58, block: 0xf691…9803, epoch: 1, finalized_epoch: 0, finalized_root: 0xf872…f8fe, exec_hash: 0x88c0…99c0 (verified), peers: 2, service: slot_notifier
Dec 01 01:41:12.028 INFO New block received                      root: 0x96612a1d02e32b1930cf141638266404f7b1ae4d890144b01d4c7e5b58501efa, slot: 59
Dec 01 01:41:13.000 INFO Synced                                  slot: 59, block: 0x9661…1efa, epoch: 1, finalized_epoch: 0, finalized_root: 0xf872…f8fe, exec_hash: 0x6b40…94ba (verified), peers: 2, service: slot_notifier
Dec 01 01:41:14.002 INFO Prepared beacon proposer                parent_root: 0x96612a1d02e32b1930cf141638266404f7b1ae4d890144b01d4c7e5b58501efa, validator: 25, prepare_slot: 61, service: beacon
Dec 01 01:41:14.032 INFO New block received                      root: 0xed85da0d1bd96dabb6ae4a703ff7c00bee89582454c0fa2a14889f2c8e08e5bc, slot: 60
Dec 01 01:41:14.041 INFO Prepared beacon proposer                parent_root: 0xed85da0d1bd96dabb6ae4a703ff7c00bee89582454c0fa2a14889f2c8e08e5bc, validator: 25, prepare_slot: 61, service: beacon
Dec 01 01:41:15.000 INFO Synced                                  slot: 60, block: 0xed85…e5bc, epoch: 1, finalized_epoch: 0, finalized_root: 0xf872…f8fe, exec_hash: 0x4956…ff08 (verified), peers: 2, service: slot_notifier
Dec 01 01:41:16.002 INFO Prepared beacon proposer                parent_root: 0xed85da0d1bd96dabb6ae4a703ff7c00bee89582454c0fa2a14889f2c8e08e5bc, validator: 29, prepare_slot: 62, service: beacon
Dec 01 01:41:16.003 ERRO No valid eth1_data votes, `votes_to_consider` empty, outcome: casting `state.eth1_data` as eth1 vote, genesis_time: 1733017154, earliest_block_timestamp: 1733017134, lowest_block_number: 0, service: deposit_contract_rpc
Dec 01 01:41:16.003 INFO Requesting blinded header from connected builder, parent_hash: 0x49569ad2307a7b397b056b4a97ae78aa8f71b272a943e8980090ce41e860ff08, pubkey: 0x8de5a6200cebb09b2198e69fed84bcd512ec5cf317c5f1ee99aad03d2a9a8564bf3807c08da2664222268d59c34a06e4, slot: Slot(61), service: exec
Dec 01 01:41:16.005 INFO Requested blinded execution payload     parent_hash: 0x49569ad2307a7b397b056b4a97ae78aa8f71b272a943e8980090ce41e860ff08, local_response_ms: 0, local_fee_recipient: 0x8943545177806ed17b9f23f0a21ee5948ecaa776, relay_response_ms: 1, relay_fee_recipient: empty response, service: exec
Dec 01 01:41:16.005 INFO Builder did not return a payload        parent_hash: 0x49569ad2307a7b397b056b4a97ae78aa8f71b272a943e8980090ce41e860ff08, local_block_hash: 0x85e07d6d6709276c2f957fe9488279c8bbb3da1281567d24906957316047c051, info: falling back to local execution client, service: exec
Dec 01 01:41:16.099 INFO Signed block published to network via HTTP API, publish_delay_ms: 1, slot: 61
Dec 01 01:41:16.106 INFO Valid block from HTTP API               slot: 61, proposer_index: 25, root: 0xa908…e68e, block_delay: 97.300109ms
Dec 01 01:41:16.107 INFO Prepared beacon proposer                parent_root: 0xa9087cff8a534dbc5faefaa00ea2c334032549331f3ad3db48ada8f9a734e68e, validator: 29, prepare_slot: 62, service: beacon
Dec 01 01:41:17.001 INFO Synced                                  slot: 61, block: 0xa908…e68e, epoch: 1, finalized_epoch: 0, finalized_root: 0xf872…f8fe, exec_hash: 0x85e0…c051 (verified), peers: 2, service: slot_notifier
Dec 01 01:41:18.003 ERRO No valid eth1_data votes, `votes_to_consider` empty, outcome: casting `state.eth1_data` as eth1 vote, genesis_time: 1733017154, earliest_block_timestamp: 1733017134, lowest_block_number: 0, service: deposit_contract_rpc
Dec 01 01:41:18.003 INFO Requesting blinded header from connected builder, parent_hash: 0x85e07d6d6709276c2f957fe9488279c8bbb3da1281567d24906957316047c051, pubkey: 0x930743bfc7e18d3bd7351eaa74f477505268c1e4e1fd1ca3ccccdefb2595517343bbb8f5589c435c3c39323a4c0080f8, slot: Slot(62), service: exec
Dec 01 01:41:18.005 INFO Requested blinded execution payload     parent_hash: 0x85e07d6d6709276c2f957fe9488279c8bbb3da1281567d24906957316047c051, local_response_ms: 0, local_fee_recipient: 0x8943545177806ed17b9f23f0a21ee5948ecaa776, relay_response_ms: 1, relay_fee_recipient: empty response, service: exec
Dec 01 01:41:18.005 INFO Builder did not return a payload        parent_hash: 0x85e07d6d6709276c2f957fe9488279c8bbb3da1281567d24906957316047c051, local_block_hash: 0xb048345cb0a70b0d285d2e02288ccde2cbce8359f385d7dc4994b8d899399a65, info: falling back to local execution client, service: exec
Dec 01 01:41:18.019 INFO Signed block published to network via HTTP API, publish_delay_ms: 1, slot: 62
Dec 01 01:41:18.030 INFO Valid block from HTTP API               slot: 62, proposer_index: 29, root: 0x11e0…e2ac, block_delay: 18.032953ms
Dec 01 01:41:19.000 INFO Synced                                  slot: 62, block: 0x11e0…e2ac, epoch: 1, finalized_epoch: 0, finalized_root: 0xf872…f8fe, exec_hash: 0xb048…9a65 (verified), peers: 2, service: slot_notifier
Dec 01 01:41:20.003 INFO Prepared beacon proposer                parent_root: 0x11e03a76922f7d56c312b1847be323e683ad424ed2e3e5fe0db75ef200f5e2ac, validator: 53, prepare_slot: 64, service: beacon
Dec 01 01:41:20.114 INFO New block received                      root: 0xece6b7e5da405dcd0cfea79ccb8470a52a9797d1ae79a91c341ea5b77fda7dd8, slot: 63
Dec 01 01:41:20.137 INFO Prepared beacon proposer                parent_root: 0xece6b7e5da405dcd0cfea79ccb8470a52a9797d1ae79a91c341ea5b77fda7dd8, validator: 53, prepare_slot: 64, service: beacon
Dec 01 01:41:21.000 INFO Synced                                  slot: 63, block: 0xece6…7dd8, epoch: 1, finalized_epoch: 0, finalized_root: 0xf872…f8fe, exec_hash: 0xab1a…1779 (verified), peers: 2, service: slot_notifier
Dec 01 01:41:22.004 INFO Forwarding register validator request to connected builder, count: 64
Dec 01 01:41:22.008 ERRO No valid eth1_data votes, `votes_to_consider` empty, outcome: casting `state.eth1_data` as eth1 vote, genesis_time: 1733017154, earliest_block_timestamp: 1733017134, lowest_block_number: 0, service: deposit_contract_rpc
Dec 01 01:41:22.008 INFO Requesting blinded header from connected builder, parent_hash: 0xab1a3e6fc3c446e9c81d2520364830fa74c50923755a196a2c7c5165c59b1779, pubkey: 0xb09cb155daf2022afd18114a352e506a84065c80573cb0c7c310cbe92e2706cdcf91f74bbd9e464f74e3d831386d5033, slot: Slot(64), service: exec
Dec 01 01:41:22.068 INFO Requested blinded execution payload     parent_hash: 0xab1a3e6fc3c446e9c81d2520364830fa74c50923755a196a2c7c5165c59b1779, local_response_ms: 3, local_fee_recipient: 0x8943545177806ed17b9f23f0a21ee5948ecaa776, relay_response_ms: 60, relay_fee_recipient: 0x8943545177806ed17b9f23f0a21ee5948ecaa776, service: exec
Dec 01 01:41:22.068 INFO Received local and builder payloads     parent_hash: 0xab1a3e6fc3c446e9c81d2520364830fa74c50923755a196a2c7c5165c59b1779, local_block_hash: 0xf10ae074715e29d09e7748bfc1c85a840144dec9b535c203ea272a7f4be67d3c, relay_block_hash: 0x0387cffd18c1be6ffdd7f84801afbc18b6c054abf076076007f42e01b829731a, service: exec
Dec 01 01:41:22.070 INFO Relay block is more profitable than local block, builder_boost_factor: None, boosted_relay_value: 13069434170680246, relay_value: 13069434170680246, local_block_value: 7377281791174246, service: exec
Dec 01 01:41:23.000 INFO Synced                                  slot: 64, block:    …  empty, epoch: 2, finalized_epoch: 0, finalized_root: 0xf872…f8fe, exec_hash: 0xab1a…1779 (verified), peers: 2, service: slot_notifier
Dec 01 01:41:25.001 INFO Synced                                  slot: 65, block:    …  empty, epoch: 2, finalized_epoch: 0, finalized_root: 0xf872…f8fe, exec_hash: 0xab1a…1779 (verified), peers: 2, service: slot_notifier
Dec 01 01:41:26.100 WARN Builder failed to reveal payload        parent_hash: "0xab1a…1779", block_root: 0xf685cfc7e213ea056120fa16a470be3978edd2b58f28194805fc9c9c2620bba8, relay_response_ms: 4002, error: Builder(ServerMessage(ErrorMessage { code: 502, message: "no successful relay response", stacktraces: [] })), info: this is common behaviour for some builders and may not indicate an issue, service: exec
Dec 01 01:41:26.104 INFO New block received                      root: 0xd37823802780ddc794f23bb53050085c20efeee248017c46b1ec52b04d2d9bd7, slot: 65
Dec 01 01:41:26.161 INFO New block received                      root: 0xd5d12be8dc44dae8304b443ca0548f52d15acbe7b77e00d0a61c5de41fd704ac, slot: 66
Dec 01 01:41:27.001 INFO Synced                                  slot: 66, block: 0xd5d1…04ac, epoch: 2, finalized_epoch: 0, finalized_root: 0xf872…f8fe, exec_hash: 0xa363…203a (verified), peers: 2, service: slot_notifier
Dec 01 01:41:28.031 INFO New block received                      root: 0xf327823e62f110e3ff1d134e40068315ff1aae34af366fb1fa96a8320157718a, slot: 67
Dec 01 01:41:29.001 INFO Synced                                  slot: 67, block: 0xf327…718a, epoch: 2, finalized_epoch: 0, finalized_root: 0xf872…f8fe, exec_hash: 0x647e…0922 (verified), peers: 2, service: slot_notifier
Dec 01 01:41:30.020 INFO New block received                      root: 0xfd4d1b43cb5b3dc24ce2d0be076f61f9ff0cebdfede57750a27117ebaf831821, slot: 68
Dec 01 01:41:31.001 INFO Synced                                  slot: 68, block: 0xfd4d…1821, epoch: 2, finalized_epoch: 0, finalized_root: 0xf872…f8fe, exec_hash: 0x3680…de15 (verified), peers: 2, service: slot_notifier
Dec 01 01:41:32.004 INFO Prepared beacon proposer                parent_root: 0xfd4d1b43cb5b3dc24ce2d0be076f61f9ff0cebdfede57750a27117ebaf831821, validator: 48, prepare_slot: 70, service: beacon
Dec 01 01:41:32.098 INFO New block received                      root: 0xf3db01b579e3d76e2bd51ba1bd723419cf5835ff88fc690877790df628155b8e, slot: 69
Dec 01 01:41:32.111 INFO Prepared beacon proposer                parent_root: 0xf3db01b579e3d76e2bd51ba1bd723419cf5835ff88fc690877790df628155b8e, validator: 48, prepare_slot: 70, service: beacon
Dec 01 01:41:33.001 INFO Synced                                  slot: 69, block: 0xf3db…5b8e, epoch: 2, finalized_epoch: 0, finalized_root: 0xf872…f8fe, exec_hash: 0x4057…eb64 (verified), peers: 2, service: slot_notifier
Dec 01 01:41:34.004 ERRO No valid eth1_data votes, `votes_to_consider` empty, outcome: casting `state.eth1_data` as eth1 vote, genesis_time: 1733017154, earliest_block_timestamp: 1733017134, lowest_block_number: 0, service: deposit_contract_rpc
Dec 01 01:41:34.005 INFO Requesting blinded header from connected builder, parent_hash: 0x40574a28b551a148553c2a250a68f4b887180e13841ba99f3cc0edd75ffeeb64, pubkey: 0xb63f327df68581cdc02a66c1c65e906a06a1a3a8d7a6e38f7b6da944e8e6cc2db85fced5327d8c12945ceb33018272ca, slot: Slot(70), service: exec
Dec 01 01:41:34.011 INFO Requested blinded execution payload     parent_hash: 0x40574a28b551a148553c2a250a68f4b887180e13841ba99f3cc0edd75ffeeb64, local_response_ms: 2, local_fee_recipient: 0x8943545177806ed17b9f23f0a21ee5948ecaa776, relay_response_ms: 6, relay_fee_recipient: empty response, service: exec
Dec 01 01:41:34.011 INFO Builder did not return a payload        parent_hash: 0x40574a28b551a148553c2a250a68f4b887180e13841ba99f3cc0edd75ffeeb64, local_block_hash: 0xdd9413800f40ccb182e192b791b4f2e979e484d85c7c0e727cffee3edbcf1056, info: falling back to local execution client, service: exec
Dec 01 01:41:34.100 INFO Signed block published to network via HTTP API, publish_delay_ms: 1, slot: 70
Dec 01 01:41:34.109 INFO Valid block from HTTP API               slot: 70, proposer_index: 48, root: 0x4e59…2fa5, block_delay: 98.319174ms
Dec 01 01:41:35.001 INFO Synced                                  slot: 70, block: 0x4e59…2fa5, epoch: 2, finalized_epoch: 0, finalized_root: 0xf872…f8fe, exec_hash: 0xdd94…1056 (verified), peers: 2, service: slot_notifier
Dec 01 01:41:36.003 INFO Prepared beacon proposer                parent_root: 0x4e59cf16c24c7349e5d0895f74da9e4d6227b3b9c78a1f874e0d78c197fd2fa5, validator: 27, prepare_slot: 72, service: beacon
Dec 01 01:41:36.106 INFO New block received                      root: 0x9fa55acd8180819fd4868b300eb9c57439d51437748d7ea88b849e40953ca943, slot: 71
Dec 01 01:41:36.120 INFO Prepared beacon proposer                parent_root: 0x9fa55acd8180819fd4868b300eb9c57439d51437748d7ea88b849e40953ca943, validator: 27, prepare_slot: 72, service: beacon
Dec 01 01:41:37.001 INFO Synced                                  slot: 71, block: 0x9fa5…a943, epoch: 2, finalized_epoch: 0, finalized_root: 0xf872…f8fe, exec_hash: 0xdb37…debc (verified), peers: 2, service: slot_notifier
Dec 01 01:41:38.005 ERRO No valid eth1_data votes, `votes_to_consider` empty, outcome: casting `state.eth1_data` as eth1 vote, genesis_time: 1733017154, earliest_block_timestamp: 1733017134, lowest_block_number: 0, service: deposit_contract_rpc
Dec 01 01:41:38.005 INFO Requesting blinded header from connected builder, parent_hash: 0xdb37e72b1fd1116154b6813ca138d8d774993f590415139f2fbcbebcf0f5debc, pubkey: 0x8419cf00f2783c430dc861a710984d0429d3b3a7f6db849b4f5c05e0d87339704c5c7f5eede6adfc8776d666587b5932, slot: Slot(72), service: exec
Dec 01 01:41:38.011 INFO Requested blinded execution payload     parent_hash: 0xdb37e72b1fd1116154b6813ca138d8d774993f590415139f2fbcbebcf0f5debc, local_response_ms: 1, local_fee_recipient: 0x8943545177806ed17b9f23f0a21ee5948ecaa776, relay_response_ms: 5, relay_fee_recipient: empty response, service: exec
Dec 01 01:41:38.011 INFO Builder did not return a payload        parent_hash: 0xdb37e72b1fd1116154b6813ca138d8d774993f590415139f2fbcbebcf0f5debc, local_block_hash: 0xa9c5011512a6ad8f388681a3f98cb5859de4e07a46cc2bdb92b28b9371a3c85e, info: falling back to local execution client, service: exec
Dec 01 01:41:38.101 INFO Signed block published to network via HTTP API, publish_delay_ms: 1, slot: 72
Dec 01 01:41:38.112 INFO Valid block from HTTP API               slot: 72, proposer_index: 27, root: 0xd70e…03f0, block_delay: 99.941216ms
Dec 01 01:41:39.000 INFO Synced                                  slot: 72, block: 0xd70e…03f0, epoch: 2, finalized_epoch: 0, finalized_root: 0xf872…f8fe, exec_hash: 0xa9c5…c85e (verified), peers: 2, service: slot_notifier
Dec 01 01:41:40.115 INFO New block received                      root: 0x465f29e496a88e31313ff2b8d0ad85d84cf6a91384fec2f49c6894578d363e85, slot: 73
Dec 01 01:41:41.002 INFO Synced                                  slot: 73, block: 0x465f…3e85, epoch: 2, finalized_epoch: 0, finalized_root: 0xf872…f8fe, exec_hash: 0xee20…a9c4 (verified), peers: 2, service: slot_notifier
Dec 01 01:41:42.127 INFO New block received                      root: 0x0eac507788ec7ad60d0d8db5d26abdd37b87333ed0e4e0e760b9cdf706d17d2d, slot: 74
Dec 01 01:41:43.001 INFO Synced                                  slot: 74, block: 0x0eac…7d2d, epoch: 2, finalized_epoch: 0, finalized_root: 0xf872…f8fe, exec_hash: 0x43f6…a86e (verified), peers: 2, service: slot_notifier
Dec 01 01:41:44.109 INFO New block received                      root: 0x09008868b61305d710a7982c52adeefe44dec51d5b9900fe564dc6afa9caa6d2, slot: 75
Dec 01 01:41:45.001 INFO Synced                                  slot: 75, block: 0x0900…a6d2, epoch: 2, finalized_epoch: 0, finalized_root: 0xf872…f8fe, exec_hash: 0x4e46…94c1 (verified), peers: 2, service: slot_notifier
Dec 01 01:41:46.003 INFO Prepared beacon proposer                parent_root: 0x09008868b61305d710a7982c52adeefe44dec51d5b9900fe564dc6afa9caa6d2, validator: 40, prepare_slot: 77, service: beacon
Dec 01 01:41:46.122 INFO New block received                      root: 0x1c18f1d45acb59e5d5aa3c7a6d7214ef5a02b4c514f287bfa3de0c0d7d921a79, slot: 76
Dec 01 01:41:46.184 INFO Prepared beacon proposer                parent_root: 0x1c18f1d45acb59e5d5aa3c7a6d7214ef5a02b4c514f287bfa3de0c0d7d921a79, validator: 40, prepare_slot: 77, service: beacon
Dec 01 01:41:47.000 INFO Synced                                  slot: 76, block: 0x1c18…1a79, epoch: 2, finalized_epoch: 0, finalized_root: 0xf872…f8fe, exec_hash: 0x3df3…659f (verified), peers: 2, service: slot_notifier
Dec 01 01:41:48.003 INFO Prepared beacon proposer                parent_root: 0x1c18f1d45acb59e5d5aa3c7a6d7214ef5a02b4c514f287bfa3de0c0d7d921a79, validator: 23, prepare_slot: 78, service: beacon
Dec 01 01:41:48.008 ERRO No valid eth1_data votes, `votes_to_consider` empty, outcome: casting `state.eth1_data` as eth1 vote, genesis_time: 1733017154, earliest_block_timestamp: 1733017134, lowest_block_number: 0, service: deposit_contract_rpc
Dec 01 01:41:48.008 INFO Requesting blinded header from connected builder, parent_hash: 0x3df37927e0f5ae9ed00320be789136736301d37f5198a21ee5e8cac37ab1659f, pubkey: 0xb5e898a1fc06d51c695712928f44646d15451340d1b3e480a40f03250160bc07d3b6691ec94361dd524d59d9df7f76d3, slot: Slot(77), service: exec
Dec 01 01:41:48.012 INFO Requested blinded execution payload     parent_hash: 0x3df37927e0f5ae9ed00320be789136736301d37f5198a21ee5e8cac37ab1659f, local_response_ms: 1, local_fee_recipient: 0x8943545177806ed17b9f23f0a21ee5948ecaa776, relay_response_ms: 4, relay_fee_recipient: empty response, service: exec
Dec 01 01:41:48.013 INFO Builder did not return a payload        parent_hash: 0x3df37927e0f5ae9ed00320be789136736301d37f5198a21ee5e8cac37ab1659f, local_block_hash: 0xafc14dbe840feda51e04c8efb0938433eda8de847e95a8239074b8282876448b, info: falling back to local execution client, service: exec
Dec 01 01:41:48.102 INFO Signed block published to network via HTTP API, publish_delay_ms: 1, slot: 77
Dec 01 01:41:48.112 INFO Valid block from HTTP API               slot: 77, proposer_index: 40, root: 0xe52e…5912, block_delay: 100.682597ms
Dec 01 01:41:48.117 INFO Prepared beacon proposer                parent_root: 0xe52e78183be2752192bd608c6eab3f1662cb0d652cb3014e3990b12f684e5912, validator: 23, prepare_slot: 78, service: beacon
Dec 01 01:41:49.001 INFO Synced                                  slot: 77, block: 0xe52e…5912, epoch: 2, finalized_epoch: 0, finalized_root: 0xf872…f8fe, exec_hash: 0xafc1…448b (verified), peers: 2, service: slot_notifier
Dec 01 01:41:50.004 INFO Prepared beacon proposer                parent_root: 0xe52e78183be2752192bd608c6eab3f1662cb0d652cb3014e3990b12f684e5912, validator: 29, prepare_slot: 79, service: beacon
Dec 01 01:41:50.006 ERRO No valid eth1_data votes, `votes_to_consider` empty, outcome: casting `state.eth1_data` as eth1 vote, genesis_time: 1733017154, earliest_block_timestamp: 1733017134, lowest_block_number: 0, service: deposit_contract_rpc
Dec 01 01:41:50.006 INFO Requesting blinded header from connected builder, parent_hash: 0xafc14dbe840feda51e04c8efb0938433eda8de847e95a8239074b8282876448b, pubkey: 0xb570dde8ee80512e3d031caf22e775c60f7f5a6cbdeb3e52e24cf8c867d38569a53dd19cdc36a03a1bbb3a8d94b03670, slot: Slot(78), service: exec
Dec 01 01:41:50.010 INFO Requested blinded execution payload     parent_hash: 0xafc14dbe840feda51e04c8efb0938433eda8de847e95a8239074b8282876448b, local_response_ms: 1, local_fee_recipient: 0x8943545177806ed17b9f23f0a21ee5948ecaa776, relay_response_ms: 4, relay_fee_recipient: empty response, service: exec
Dec 01 01:41:50.010 INFO Builder did not return a payload        parent_hash: 0xafc14dbe840feda51e04c8efb0938433eda8de847e95a8239074b8282876448b, local_block_hash: 0x5a13b010c9c2e87f5af5f2f3554a45e9bbfa8527582c206ddd13377bc27afb92, info: falling back to local execution client, service: exec
Dec 01 01:41:50.102 INFO Signed block published to network via HTTP API, publish_delay_ms: 1, slot: 78
Dec 01 01:41:50.111 INFO Valid block from HTTP API               slot: 78, proposer_index: 23, root: 0x9392…896b, block_delay: 101.182733ms
Dec 01 01:41:50.116 INFO Prepared beacon proposer                parent_root: 0x93924d378f9e057d124f7cec48f8c80273f6aa2e0d81f4ad488891af43a6896b, validator: 29, prepare_slot: 79, service: beacon
Dec 01 01:41:51.001 INFO Synced                                  slot: 78, block: 0x9392…896b, epoch: 2, finalized_epoch: 0, finalized_root: 0xf872…f8fe, exec_hash: 0x5a13…fb92 (verified), peers: 2, service: slot_notifier
