Dec 01 01:38:41.079 INFO Logging to file                         path: "/data/lighthouse/beacon-data/beacon/logs/beacon.log"
Dec 01 01:38:41.083 INFO Lighthouse started                      version: Lighthouse/v5.3.0-2e0eb6d
Dec 01 01:38:41.084 INFO Configured for network                  name: custom (/network-configs/network-configs)
Dec 01 01:38:41.084 INFO Data directory initialised              datadir: /data/lighthouse/beacon-data
Dec 01 01:38:41.084 WARN Discv5 packet filter is disabled
Dec 01 01:38:41.084 WARN Ignoring --http-allow-sync-stalled      info: this flag is deprecated and will be removed
Dec 01 01:38:41.090 INFO Deposit contract                        address: 0x4242424242424242424242424242424242424242, deploy_block: 0
Dec 01 01:38:41.113 INFO Blob DB initialized                     oldest_blob_slot: Some(Slot(0)), path: "/data/lighthouse/beacon-data/beacon/blobs_db", service: freezer_db
Dec 01 01:38:41.130 INFO Using external block builder            local_user_agent: Lighthouse/v5.3.0-2e0eb6d, builder_url: "http://mev-boost-2-lighthouse-geth:18550/", service: exec
Dec 01 01:38:41.130 INFO Starting from known genesis state       service: beacon
Dec 01 01:38:41.233 INFO Block production enabled                method: json rpc via http, endpoint: Auth { endpoint: "http://172.16.4.12:8551/", jwt_path: "/jwt/jwtsecret", jwt_id: None, jwt_version: None }
Dec 01 01:38:41.246 INFO Beacon chain initialized                head_slot: 0, head_block: 0xf872…f8fe, head_state: 0xc766…48b8, service: beacon
Dec 01 01:38:41.246 INFO Timer service started                   service: node_timer
Dec 01 01:38:41.247 INFO ENR Initialised                         quic6: None, quic4: Some(9001), udp6: None, tcp6: None, tcp4: Some(9000), udp4: Some(9000), ip4: Some(172.16.4.15), id: 0xe68a..4c4b, seq: 1, enr: enr:-MS4QGzBxQqJerhnWUKsiAaBBtjUAQ2CuSoJUHhjfFfZGYY2P0kQpwh9bnBz76JV__eb2iu1T0L2zVPmbludQHNjMDoBh2F0dG5ldHOIAAAAAAAAAACEZXRoMpDYTi7gUAAAOP__________gmlkgnY0gmlwhKwQBA-EcXVpY4IjKYlzZWNwMjU2azGhAvroEzffwKJQqthb0II23ZTyjDs0BgGyBQXIBwPv12qYiHN5bmNuZXRzAIN0Y3CCIyiDdWRwgiMo, service: libp2p
Dec 01 01:38:41.248 ERRO Could not add peer to the local routing table, error: ENR banned by table filter, addr: enr:-MS4QKzfMkSrVThOlrL29oJeZRm_DwuWQSrJPewhykBPkFqAPraa_8Yr3SqVOaPOrP68L6EOk1Hebxzo1qDhP_doBToBh2F0dG5ldHOIAAAAAAAAAACEZXRoMpDYTi7gUAAAOP__________gmlkgnY0gmlwhKwQBA6EcXVpY4IjKYlzZWNwMjU2azGhAqlDLdn68YXmHmMkTdNdjbW_G7JQogvCmFwgvGNisW88iHN5bmNuZXRzAIN0Y3CCIyiDdWRwgiMo, service: libp2p
Dec 01 01:38:41.248 INFO Libp2p Starting                         bandwidth_config: 3-Average, peer_id: 16Uiu2HAmCK79pJvYTE8zrAwppxtEk1gsbGLFhgM1FHoJy7W3DbUK, service: libp2p
Dec 01 01:38:41.248 INFO Listening established                   address: /ip4/0.0.0.0/tcp/9000/p2p/16Uiu2HAmCK79pJvYTE8zrAwppxtEk1gsbGLFhgM1FHoJy7W3DbUK, service: libp2p
Dec 01 01:38:41.249 INFO Listening established                   address: /ip4/0.0.0.0/udp/9001/quic-v1/p2p/16Uiu2HAmCK79pJvYTE8zrAwppxtEk1gsbGLFhgM1FHoJy7W3DbUK, service: libp2p
Dec 01 01:38:41.249 INFO Subscribing to all subnets              service: attestation_service
Dec 01 01:38:41.270 INFO HTTP API started                        listen_address: 0.0.0.0:4000
Dec 01 01:38:41.270 INFO Metrics HTTP server started             listen_address: 0.0.0.0:5054
Dec 01 01:38:41.271 INFO UPnP Attempting to initialise routes
Dec 01 01:38:41.271 INFO Waiting for genesis                     wait_time: 0 mins, peers: 0, service: slot_notifier
Dec 01 01:38:41.271 WARN Syncing deposit contract block cache    est_blocks_remaining: initializing deposits, service: slot_notifier
Dec 01 01:38:41.271 WARN Not ready Bellatrix                     info: The execution endpoint is connected and configured, however it is not yet synced, service: slot_notifier
Dec 01 01:38:41.275 WARN Execution engine call failed            error: Json(Error("missing field `totalDifficulty`", line: 0, column: 0)), service: exec
Dec 01 01:38:41.275 ERRO Unable to check genesis execution payload, error: ExecutionLayerGetBlockByNumberFailed(EngineError(Api { error: Json(Error("missing field `totalDifficulty`", line: 0, column: 0)) })), service: slot_notifier
Dec 01 01:38:41.277 INFO Sync state updated                      new_state: Synced, old_state: Stalled, service: sync
Dec 01 01:38:41.287 INFO Subscribed to topics                    topics: ["/eth2/d84e2ee0/blob_sidecar_0/ssz_snappy", "/eth2/d84e2ee0/blob_sidecar_1/ssz_snappy", "/eth2/d84e2ee0/blob_sidecar_2/ssz_snappy", "/eth2/d84e2ee0/blob_sidecar_3/ssz_snappy", "/eth2/d84e2ee0/blob_sidecar_4/ssz_snappy", "/eth2/d84e2ee0/blob_sidecar_5/ssz_snappy", "/eth2/d84e2ee0/bls_to_execution_change/ssz_snappy", "/eth2/d84e2ee0/sync_committee_contribution_and_proof/ssz_snappy", "/eth2/d84e2ee0/beacon_block/ssz_snappy", "/eth2/d84e2ee0/beacon_aggregate_and_proof/ssz_snappy", "/eth2/d84e2ee0/voluntary_exit/ssz_snappy", "/eth2/d84e2ee0/proposer_slashing/ssz_snappy", "/eth2/d84e2ee0/attester_slashing/ssz_snappy", "/eth2/d84e2ee0/beacon_attestation_0/ssz_snappy", "/eth2/d84e2ee0/beacon_attestation_1/ssz_snappy", "/eth2/d84e2ee0/beacon_attestation_2/ssz_snappy", "/eth2/d84e2ee0/beacon_attestation_3/ssz_snappy", "/eth2/d84e2ee0/beacon_attestation_4/ssz_snappy", "/eth2/d84e2ee0/beacon_attestation_5/ssz_snappy", "/eth2/d84e2ee0/beacon_attestation_6/ssz_snappy", "/eth2/d84e2ee0/beacon_attestation_7/ssz_snappy", "/eth2/d84e2ee0/beacon_attestation_8/ssz_snappy", "/eth2/d84e2ee0/beacon_attestation_9/ssz_snappy", "/eth2/d84e2ee0/beacon_attestation_10/ssz_snappy", "/eth2/d84e2ee0/beacon_attestation_11/ssz_snappy", "/eth2/d84e2ee0/beacon_attestation_12/ssz_snappy", "/eth2/d84e2ee0/beacon_attestation_13/ssz_snappy", "/eth2/d84e2ee0/beacon_attestation_14/ssz_snappy", "/eth2/d84e2ee0/beacon_attestation_15/ssz_snappy", "/eth2/d84e2ee0/beacon_attestation_16/ssz_snappy", "/eth2/d84e2ee0/beacon_attestation_17/ssz_snappy", "/eth2/d84e2ee0/beacon_attestation_18/ssz_snappy", "/eth2/d84e2ee0/beacon_attestation_19/ssz_snappy", "/eth2/d84e2ee0/beacon_attestation_20/ssz_snappy", "/eth2/d84e2ee0/beacon_attestation_21/ssz_snappy", "/eth2/d84e2ee0/beacon_attestation_22/ssz_snappy", "/eth2/d84e2ee0/beacon_attestation_23/ssz_snappy", "/eth2/d84e2ee0/beacon_attestation_24/ssz_snappy", "/eth2/d84e2ee0/beacon_attestation_25/ssz_snappy", "/eth2/d84e2ee0/beacon_attestation_26/ssz_snappy", "/eth2/d84e2ee0/beacon_attestation_27/ssz_snappy", "/eth2/d84e2ee0/beacon_attestation_28/ssz_snappy", "/eth2/d84e2ee0/beacon_attestation_29/ssz_snappy", "/eth2/d84e2ee0/beacon_attestation_30/ssz_snappy", "/eth2/d84e2ee0/beacon_attestation_31/ssz_snappy", "/eth2/d84e2ee0/beacon_attestation_32/ssz_snappy", "/eth2/d84e2ee0/beacon_attestation_33/ssz_snappy", "/eth2/d84e2ee0/beacon_attestation_34/ssz_snappy", "/eth2/d84e2ee0/beacon_attestation_35/ssz_snappy", "/eth2/d84e2ee0/beacon_attestation_36/ssz_snappy", "/eth2/d84e2ee0/beacon_attestation_37/ssz_snappy", "/eth2/d84e2ee0/beacon_attestation_38/ssz_snappy", "/eth2/d84e2ee0/beacon_attestation_39/ssz_snappy", "/eth2/d84e2ee0/beacon_attestation_40/ssz_snappy", "/eth2/d84e2ee0/beacon_attestation_41/ssz_snappy", "/eth2/d84e2ee0/beacon_attestation_42/ssz_snappy", "/eth2/d84e2ee0/beacon_attestation_43/ssz_snappy", "/eth2/d84e2ee0/beacon_attestation_44/ssz_snappy", "/eth2/d84e2ee0/beacon_attestation_45/ssz_snappy", "/eth2/d84e2ee0/beacon_attestation_46/ssz_snappy", "/eth2/d84e2ee0/beacon_attestation_47/ssz_snappy", "/eth2/d84e2ee0/beacon_attestation_48/ssz_snappy", "/eth2/d84e2ee0/beacon_attestation_49/ssz_snappy", "/eth2/d84e2ee0/beacon_attestation_50/ssz_snappy", "/eth2/d84e2ee0/beacon_attestation_51/ssz_snappy", "/eth2/d84e2ee0/beacon_attestation_52/ssz_snappy", "/eth2/d84e2ee0/beacon_attestation_53/ssz_snappy", "/eth2/d84e2ee0/beacon_attestation_54/ssz_snappy", "/eth2/d84e2ee0/beacon_attestation_55/ssz_snappy", "/eth2/d84e2ee0/beacon_attestation_56/ssz_snappy", "/eth2/d84e2ee0/beacon_attestation_57/ssz_snappy", "/eth2/d84e2ee0/beacon_attestation_58/ssz_snappy", "/eth2/d84e2ee0/beacon_attestation_59/ssz_snappy", "/eth2/d84e2ee0/beacon_attestation_60/ssz_snappy", "/eth2/d84e2ee0/beacon_attestation_61/ssz_snappy", "/eth2/d84e2ee0/beacon_attestation_62/ssz_snappy", "/eth2/d84e2ee0/beacon_attestation_63/ssz_snappy", "/eth2/d84e2ee0/sync_committee_0/ssz_snappy", "/eth2/d84e2ee0/sync_committee_1/ssz_snappy", "/eth2/d84e2ee0/sync_committee_2/ssz_snappy", "/eth2/d84e2ee0/sync_committee_3/ssz_snappy"], service: network
Dec 01 01:38:43.276 INFO Waiting for genesis                     wait_time: 0 mins, peers: 2, service: slot_notifier
Dec 01 01:38:43.276 WARN Not ready Bellatrix                     info: The execution endpoint is connected and configured, however it is not yet synced, service: slot_notifier
Dec 01 01:38:43.276 WARN Execution engine call failed            error: Json(Error("missing field `totalDifficulty`", line: 0, column: 0)), service: exec
Dec 01 01:38:43.276 ERRO Unable to check genesis execution payload, error: ExecutionLayerGetBlockByNumberFailed(EngineError(Api { error: Json(Error("missing field `totalDifficulty`", line: 0, column: 0)) })), service: slot_notifier
Dec 01 01:38:45.277 INFO Waiting for genesis                     wait_time: 0 mins, peers: 2, service: slot_notifier
Dec 01 01:38:45.277 WARN Not ready Bellatrix                     info: The execution endpoint is connected and configured, however it is not yet synced, service: slot_notifier
Dec 01 01:38:45.277 WARN Execution engine call failed            error: Json(Error("missing field `totalDifficulty`", line: 0, column: 0)), service: exec
Dec 01 01:38:45.277 ERRO Unable to check genesis execution payload, error: ExecutionLayerGetBlockByNumberFailed(EngineError(Api { error: Json(Error("missing field `totalDifficulty`", line: 0, column: 0)) })), service: slot_notifier
Dec 01 01:38:47.278 INFO Waiting for genesis                     wait_time: 0 mins, peers: 2, service: slot_notifier
Dec 01 01:38:47.278 WARN Not ready Bellatrix                     info: The execution endpoint is connected and configured, however it is not yet synced, service: slot_notifier
Dec 01 01:38:47.278 WARN Execution engine call failed            error: Json(Error("missing field `totalDifficulty`", line: 0, column: 0)), service: exec
Dec 01 01:38:47.278 ERRO Unable to check genesis execution payload, error: ExecutionLayerGetBlockByNumberFailed(EngineError(Api { error: Json(Error("missing field `totalDifficulty`", line: 0, column: 0)) })), service: slot_notifier
Dec 01 01:38:49.279 INFO Waiting for genesis                     wait_time: 0 mins, peers: 2, service: slot_notifier
Dec 01 01:38:49.279 WARN Not ready Bellatrix                     info: The execution endpoint is connected and configured, however it is not yet synced, service: slot_notifier
Dec 01 01:38:49.279 WARN Execution engine call failed            error: Json(Error("missing field `totalDifficulty`", line: 0, column: 0)), service: exec
Dec 01 01:38:49.279 ERRO Unable to check genesis execution payload, error: ExecutionLayerGetBlockByNumberFailed(EngineError(Api { error: Json(Error("missing field `totalDifficulty`", line: 0, column: 0)) })), service: slot_notifier
Dec 01 01:38:51.273 INFO UPnP not available                      service: libp2p
Dec 01 01:38:51.273 INFO Could not UPnP map Discovery port       error: Gateway does not support UPnP
Dec 01 01:38:51.280 INFO Waiting for genesis                     wait_time: 0 mins, peers: 2, service: slot_notifier
Dec 01 01:38:51.280 WARN Not ready Bellatrix                     info: The execution endpoint is connected and configured, however it is not yet synced, service: slot_notifier
Dec 01 01:38:51.281 WARN Execution engine call failed            error: Json(Error("missing field `totalDifficulty`", line: 0, column: 0)), service: exec
Dec 01 01:38:51.281 ERRO Unable to check genesis execution payload, error: ExecutionLayerGetBlockByNumberFailed(EngineError(Api { error: Json(Error("missing field `totalDifficulty`", line: 0, column: 0)) })), service: slot_notifier
Dec 01 01:38:53.282 INFO Waiting for genesis                     wait_time: 0 mins, peers: 2, service: slot_notifier
Dec 01 01:38:53.282 WARN Not ready Bellatrix                     info: The execution endpoint is connected and configured, however it is not yet synced, service: slot_notifier
Dec 01 01:38:53.285 WARN Execution engine call failed            error: Json(Error("missing field `totalDifficulty`", line: 0, column: 0)), service: exec
Dec 01 01:38:53.285 ERRO Unable to check genesis execution payload, error: ExecutionLayerGetBlockByNumberFailed(EngineError(Api { error: Json(Error("missing field `totalDifficulty`", line: 0, column: 0)) })), service: slot_notifier
Dec 01 01:38:55.286 INFO Waiting for genesis                     wait_time: 0 mins, peers: 2, service: slot_notifier
Dec 01 01:38:55.286 WARN Not ready Bellatrix                     info: The execution endpoint is connected and configured, however it is not yet synced, service: slot_notifier
Dec 01 01:38:55.288 WARN Execution engine call failed            error: Json(Error("missing field `totalDifficulty`", line: 0, column: 0)), service: exec
Dec 01 01:38:55.288 ERRO Unable to check genesis execution payload, error: ExecutionLayerGetBlockByNumberFailed(EngineError(Api { error: Json(Error("missing field `totalDifficulty`", line: 0, column: 0)) })), service: slot_notifier
Dec 01 01:38:57.289 INFO Waiting for genesis                     wait_time: 0 mins, peers: 2, service: slot_notifier
Dec 01 01:38:57.289 WARN Not ready Bellatrix                     info: The execution endpoint is connected and configured, however it is not yet synced, service: slot_notifier
Dec 01 01:38:57.291 WARN Execution engine call failed            error: Json(Error("missing field `totalDifficulty`", line: 0, column: 0)), service: exec
Dec 01 01:38:57.291 ERRO Unable to check genesis execution payload, error: ExecutionLayerGetBlockByNumberFailed(EngineError(Api { error: Json(Error("missing field `totalDifficulty`", line: 0, column: 0)) })), service: slot_notifier
Dec 01 01:38:59.292 INFO Waiting for genesis                     wait_time: 0 mins, peers: 2, service: slot_notifier
Dec 01 01:38:59.292 WARN Not ready Bellatrix                     info: The execution endpoint is connected and configured, however it is not yet synced, service: slot_notifier
Dec 01 01:38:59.295 WARN Execution engine call failed            error: Json(Error("missing field `totalDifficulty`", line: 0, column: 0)), service: exec
Dec 01 01:38:59.295 ERRO Unable to check genesis execution payload, error: ExecutionLayerGetBlockByNumberFailed(EngineError(Api { error: Json(Error("missing field `totalDifficulty`", line: 0, column: 0)) })), service: slot_notifier
Dec 01 01:39:01.297 INFO Waiting for genesis                     wait_time: 0 mins, peers: 2, service: slot_notifier
Dec 01 01:39:01.297 WARN Not ready Bellatrix                     info: The execution endpoint is connected and configured, however it is not yet synced, service: slot_notifier
Dec 01 01:39:01.299 WARN Execution engine call failed            error: Json(Error("missing field `totalDifficulty`", line: 0, column: 0)), service: exec
Dec 01 01:39:01.299 ERRO Unable to check genesis execution payload, error: ExecutionLayerGetBlockByNumberFailed(EngineError(Api { error: Json(Error("missing field `totalDifficulty`", line: 0, column: 0)) })), service: slot_notifier
Dec 01 01:39:03.300 INFO Waiting for genesis                     wait_time: 0 mins, peers: 2, service: slot_notifier
Dec 01 01:39:03.301 WARN Not ready Bellatrix                     info: The execution endpoint is connected and configured, however it is not yet synced, service: slot_notifier
Dec 01 01:39:03.302 WARN Execution engine call failed            error: Json(Error("missing field `totalDifficulty`", line: 0, column: 0)), service: exec
Dec 01 01:39:03.302 ERRO Unable to check genesis execution payload, error: ExecutionLayerGetBlockByNumberFailed(EngineError(Api { error: Json(Error("missing field `totalDifficulty`", line: 0, column: 0)) })), service: slot_notifier
Dec 01 01:39:05.303 INFO Waiting for genesis                     wait_time: 0 mins, peers: 2, service: slot_notifier
Dec 01 01:39:05.303 WARN Not ready Bellatrix                     info: The execution endpoint is connected and configured, however it is not yet synced, service: slot_notifier
Dec 01 01:39:05.306 WARN Execution engine call failed            error: Json(Error("missing field `totalDifficulty`", line: 0, column: 0)), service: exec
Dec 01 01:39:05.306 ERRO Unable to check genesis execution payload, error: ExecutionLayerGetBlockByNumberFailed(EngineError(Api { error: Json(Error("missing field `totalDifficulty`", line: 0, column: 0)) })), service: slot_notifier
Dec 01 01:39:07.307 INFO Waiting for genesis                     wait_time: 0 mins, peers: 2, service: slot_notifier
Dec 01 01:39:07.307 WARN Not ready Bellatrix                     info: The execution endpoint is connected and configured, however it is not yet synced, service: slot_notifier
Dec 01 01:39:07.309 WARN Execution engine call failed            error: Json(Error("missing field `totalDifficulty`", line: 0, column: 0)), service: exec
Dec 01 01:39:07.309 ERRO Unable to check genesis execution payload, error: ExecutionLayerGetBlockByNumberFailed(EngineError(Api { error: Json(Error("missing field `totalDifficulty`", line: 0, column: 0)) })), service: slot_notifier
Dec 01 01:39:09.310 INFO Waiting for genesis                     wait_time: 0 mins, peers: 2, service: slot_notifier
Dec 01 01:39:09.310 WARN Not ready Bellatrix                     info: The execution endpoint is connected and configured, however it is not yet synced, service: slot_notifier
Dec 01 01:39:09.313 WARN Execution engine call failed            error: Json(Error("missing field `totalDifficulty`", line: 0, column: 0)), service: exec
Dec 01 01:39:09.313 ERRO Unable to check genesis execution payload, error: ExecutionLayerGetBlockByNumberFailed(EngineError(Api { error: Json(Error("missing field `totalDifficulty`", line: 0, column: 0)) })), service: slot_notifier
Dec 01 01:39:11.314 INFO Waiting for genesis                     wait_time: 0 mins, peers: 2, service: slot_notifier
Dec 01 01:39:11.314 WARN Not ready Bellatrix                     info: The execution endpoint is connected and configured, however it is not yet synced, service: slot_notifier
Dec 01 01:39:11.316 WARN Execution engine call failed            error: Json(Error("missing field `totalDifficulty`", line: 0, column: 0)), service: exec
Dec 01 01:39:11.316 ERRO Unable to check genesis execution payload, error: ExecutionLayerGetBlockByNumberFailed(EngineError(Api { error: Json(Error("missing field `totalDifficulty`", line: 0, column: 0)) })), service: slot_notifier
Dec 01 01:39:13.501 WARN Unable to determine slot in state advance timer, error: UnableToReadSlot, service: state_advance
Dec 01 01:39:15.001 INFO Synced                                  slot: 0, block: 0xf872…f8fe, epoch: 0, finalized_epoch: 0, finalized_root: 0xf872…f8fe, exec_hash: n/a, peers: 2, service: slot_notifier
Dec 01 01:39:15.002 WARN Not ready Bellatrix                     info: The execution endpoint is connected and configured, however it is not yet synced, service: slot_notifier
Dec 01 01:39:16.010 ERRO No valid eth1_data votes, `votes_to_consider` empty, outcome: casting `state.eth1_data` as eth1 vote, genesis_time: 1733017154, earliest_block_timestamp: 1733017134, lowest_block_number: 0, service: deposit_contract_rpc
Dec 01 01:39:16.010 WARN Producing block with no sync contributions, slot: 1, service: beacon
Dec 01 01:39:16.102 INFO Signed block published to network via HTTP API, publish_delay_ms: 1, slot: 1
Dec 01 01:39:16.112 INFO Valid block from HTTP API               slot: 1, proposer_index: 126, root: 0x8ba5…1403, block_delay: 101.098008ms
Dec 01 01:39:16.118 INFO Execution engine online                 service: exec
Dec 01 01:39:16.119 INFO Issuing forkchoiceUpdated               forkchoice_state: ForkchoiceState { head_block_hash: 0x8d56aa7f4c835fa52991d56040e7c604994b9527c0f7f5481a9e77801106ed68, safe_block_hash: 0x0000000000000000000000000000000000000000000000000000000000000000, finalized_block_hash: 0x0000000000000000000000000000000000000000000000000000000000000000 }, service: exec
Dec 01 01:39:16.494 INFO Forwarding register validator request to connected builder, count: 64
Dec 01 01:39:16.515 WARN Relay error when registering validator(s), error: HttpClient(url: http://mev-boost-2-lighthouse-geth:18550/, kind: request, detail: error trying to connect: dns error: failed to lookup address information: Name or service not known), num_registrations: 64
Dec 01 01:39:16.515 WARN Error processing HTTP API request       method: POST, path: /eth/v1/validator/register_validator, status: 500 Internal Server Error, elapsed: 24.719955ms
Dec 01 01:39:17.001 INFO Synced                                  slot: 1, block: 0x8ba5…1403, epoch: 0, finalized_epoch: 0, finalized_root: 0xf872…f8fe, exec_hash: 0x8d56…ed68 (verified), peers: 2, service: slot_notifier
Dec 01 01:39:18.223 INFO New block received                      root: 0xd613c2232492584bfab5f7dc74ab1deaafc726f535096879389cfccf3a3150b6, slot: 2
Dec 01 01:39:19.001 INFO Synced                                  slot: 2, block: 0xd613…50b6, epoch: 0, finalized_epoch: 0, finalized_root: 0xf872…f8fe, exec_hash: 0x6816…7b34 (verified), peers: 2, service: slot_notifier
Dec 01 01:39:20.203 INFO New block received                      root: 0x17fcb829b6fc8ff92751772da6794ccdeb516cb12796cbcf0ca6686660214716, slot: 3
Dec 01 01:39:21.001 INFO Synced                                  slot: 3, block: 0x17fc…4716, epoch: 0, finalized_epoch: 0, finalized_root: 0xf872…f8fe, exec_hash: 0x124d…3ee6 (verified), peers: 2, service: slot_notifier
Dec 01 01:39:22.003 INFO Prepared beacon proposer                parent_root: 0x17fcb829b6fc8ff92751772da6794ccdeb516cb12796cbcf0ca6686660214716, validator: 103, prepare_slot: 5, service: beacon
Dec 01 01:39:22.205 INFO New block received                      root: 0xf0b352b32394b6cd3887c78b1a6ca01878800b197b911783d8e2c0f2b848a566, slot: 4
Dec 01 01:39:22.219 INFO Prepared beacon proposer                parent_root: 0xf0b352b32394b6cd3887c78b1a6ca01878800b197b911783d8e2c0f2b848a566, validator: 103, prepare_slot: 5, service: beacon
Dec 01 01:39:23.001 INFO Synced                                  slot: 4, block: 0xf0b3…a566, epoch: 0, finalized_epoch: 0, finalized_root: 0xf872…f8fe, exec_hash: 0xd250…0520 (verified), peers: 2, service: slot_notifier
Dec 01 01:39:24.087 ERRO No valid eth1_data votes, `votes_to_consider` empty, outcome: casting `state.eth1_data` as eth1 vote, genesis_time: 1733017154, earliest_block_timestamp: 1733017134, lowest_block_number: 0, service: deposit_contract_rpc
Dec 01 01:39:24.087 INFO Requesting blinded header from connected builder, parent_hash: 0xd250ff5755eeeeef58d68de75f4b4cbdd0f4063d66ed850a994f4b6c804a0520, pubkey: 0xac97a570a795d24af13ef32709d71a37c0fb90a49581e735d635721581c5553c10eb15f43531121b6026f55d603d73f7, slot: Slot(5), service: exec
Dec 01 01:39:24.107 INFO Requested blinded execution payload     parent_hash: 0xd250ff5755eeeeef58d68de75f4b4cbdd0f4063d66ed850a994f4b6c804a0520, local_response_ms: 1, local_fee_recipient: 0x8943545177806ed17b9f23f0a21ee5948ecaa776, relay_response_ms: 19, relay_fee_recipient: request failed, service: exec
Dec 01 01:39:24.107 WARN Builder error when requesting payload   parent_hash: 0xd250ff5755eeeeef58d68de75f4b4cbdd0f4063d66ed850a994f4b6c804a0520, local_block_hash: 0xa7dd3441ea8d3f311e73aea0304fc8306861dbe946f7012d246b27557a8169fa, relay_error: HttpClient(url: http://mev-boost-2-lighthouse-geth:18550/, kind: request, detail: error trying to connect: dns error: failed to lookup address information: Name or service not known), info: falling back to local execution client, service: exec
Dec 01 01:39:24.194 INFO Signed block published to network via HTTP API, publish_delay_ms: 1, slot: 5
Dec 01 01:39:24.203 INFO Valid block from HTTP API               slot: 5, proposer_index: 103, root: 0x44e0…407f, block_delay: 193.35556ms
Dec 01 01:39:25.001 INFO Synced                                  slot: 5, block: 0x44e0…407f, epoch: 0, finalized_epoch: 0, finalized_root: 0xf872…f8fe, exec_hash: 0xa7dd…69fa (verified), peers: 2, service: slot_notifier
Dec 01 01:39:26.087 INFO Prepared beacon proposer                parent_root: 0x44e0f9c0cd07ffbce2598cb33812e80e74e96f7f7d539031985fddeb0c45407f, validator: 86, prepare_slot: 7, service: beacon
Dec 01 01:39:26.209 INFO New block received                      root: 0xbd5b0fabadc0f8f40f1fff1a2209e5824979dd71b5cde60497a0929f4dd8f52d, slot: 6
Dec 01 01:39:26.222 INFO Prepared beacon proposer                parent_root: 0xbd5b0fabadc0f8f40f1fff1a2209e5824979dd71b5cde60497a0929f4dd8f52d, validator: 86, prepare_slot: 7, service: beacon
Dec 01 01:39:27.001 INFO Synced                                  slot: 6, block: 0xbd5b…f52d, epoch: 0, finalized_epoch: 0, finalized_root: 0xf872…f8fe, exec_hash: 0x0151…8964 (verified), peers: 2, service: slot_notifier
Dec 01 01:39:28.086 ERRO No valid eth1_data votes, `votes_to_consider` empty, outcome: casting `state.eth1_data` as eth1 vote, genesis_time: 1733017154, earliest_block_timestamp: 1733017134, lowest_block_number: 0, service: deposit_contract_rpc
Dec 01 01:39:28.086 INFO Requesting blinded header from connected builder, parent_hash: 0x015147fcd500a31ceec7a3de6f32071f16b8e370fab4a1f0ac75709b41a68964, pubkey: 0x85fc722fa6d2c54b9610307ef86f0752d1428bdec6dc7e46ae14318bd9203f32df1ca8d0a420c36973067a50930b7720, slot: Slot(7), service: exec
Dec 01 01:39:28.103 INFO Requested blinded execution payload     parent_hash: 0x015147fcd500a31ceec7a3de6f32071f16b8e370fab4a1f0ac75709b41a68964, local_response_ms: 1, local_fee_recipient: 0x8943545177806ed17b9f23f0a21ee5948ecaa776, relay_response_ms: 17, relay_fee_recipient: request failed, service: exec
Dec 01 01:39:28.103 WARN Builder error when requesting payload   parent_hash: 0x015147fcd500a31ceec7a3de6f32071f16b8e370fab4a1f0ac75709b41a68964, local_block_hash: 0x9890145bdaebd9a59404c4864a04510e7d8c8b956e86308efc603cec6fdbb793, relay_error: HttpClient(url: http://mev-boost-2-lighthouse-geth:18550/, kind: request, detail: error trying to connect: dns error: failed to lookup address information: Name or service not known), info: falling back to local execution client, service: exec
Dec 01 01:39:28.195 INFO Signed block published to network via HTTP API, publish_delay_ms: 1, slot: 7
Dec 01 01:39:28.204 INFO Valid block from HTTP API               slot: 7, proposer_index: 86, root: 0xca00…b5ba, block_delay: 193.976738ms
Dec 01 01:39:29.001 INFO Synced                                  slot: 7, block: 0xca00…b5ba, epoch: 0, finalized_epoch: 0, finalized_root: 0xf872…f8fe, exec_hash: 0x9890…b793 (verified), peers: 2, service: slot_notifier
Dec 01 01:39:30.086 INFO Prepared beacon proposer                parent_root: 0xca009d009e4a9749a777eabd7a528dcb84e7519c81677f37b89fce27ab4db5ba, validator: 71, prepare_slot: 9, service: beacon
Dec 01 01:39:30.213 INFO New block received                      root: 0x0b777f019e408f04b5e0d4b532385926cd197fd36c0dd0fd988977e9f2982b0c, slot: 8
Dec 01 01:39:30.226 INFO Prepared beacon proposer                parent_root: 0x0b777f019e408f04b5e0d4b532385926cd197fd36c0dd0fd988977e9f2982b0c, validator: 71, prepare_slot: 9, service: beacon
Dec 01 01:39:31.001 INFO Synced                                  slot: 8, block: 0x0b77…2b0c, epoch: 0, finalized_epoch: 0, finalized_root: 0xf872…f8fe, exec_hash: 0x33cd…b6fe (verified), peers: 2, service: slot_notifier
Dec 01 01:39:32.089 ERRO No valid eth1_data votes, `votes_to_consider` empty, outcome: casting `state.eth1_data` as eth1 vote, genesis_time: 1733017154, earliest_block_timestamp: 1733017134, lowest_block_number: 0, service: deposit_contract_rpc
Dec 01 01:39:32.089 INFO Requesting blinded header from connected builder, parent_hash: 0x33cd68743ce5a840a4a40dca3f91bd3818ce5b1b91ca1eae26ca3082a195b6fe, pubkey: 0xa39731d5cb52838d02d4ff897ab908c0f76a9ef837f9288c634ed3091a1f69d5347dc65cd2c8009a5207a369a4c6bdae, slot: Slot(9), service: exec
Dec 01 01:39:32.107 INFO Requested blinded execution payload     parent_hash: 0x33cd68743ce5a840a4a40dca3f91bd3818ce5b1b91ca1eae26ca3082a195b6fe, local_response_ms: 1, local_fee_recipient: 0x8943545177806ed17b9f23f0a21ee5948ecaa776, relay_response_ms: 18, relay_fee_recipient: request failed, service: exec
Dec 01 01:39:32.107 WARN Builder error when requesting payload   parent_hash: 0x33cd68743ce5a840a4a40dca3f91bd3818ce5b1b91ca1eae26ca3082a195b6fe, local_block_hash: 0x78b2774e1cf8d824b6e638e941c6edd19aa5166550995a115bb5551810a80645, relay_error: HttpClient(url: http://mev-boost-2-lighthouse-geth:18550/, kind: request, detail: error trying to connect: dns error: failed to lookup address information: Name or service not known), info: falling back to local execution client, service: exec
Dec 01 01:39:32.198 INFO Signed block published to network via HTTP API, publish_delay_ms: 1, slot: 9
Dec 01 01:39:32.209 INFO Valid block from HTTP API               slot: 9, proposer_index: 71, root: 0x20d5…b6c0, block_delay: 196.415874ms
Dec 01 01:39:33.001 INFO Synced                                  slot: 9, block: 0x20d5…b6c0, epoch: 0, finalized_epoch: 0, finalized_root: 0xf872…f8fe, exec_hash: 0x78b2…0645 (verified), peers: 2, service: slot_notifier
Dec 01 01:39:34.090 INFO Prepared beacon proposer                parent_root: 0x20d515bc6d802f928cc753e4307ffe8477da8535ba285dc24219771f0191b6c0, validator: 84, prepare_slot: 11, service: beacon
Dec 01 01:39:34.221 INFO New block received                      root: 0xb51db3b630f87317c64196d54d9bb9c09177fe10f482a9ef1efb20f061acf0ba, slot: 10
Dec 01 01:39:34.255 INFO Prepared beacon proposer                parent_root: 0xb51db3b630f87317c64196d54d9bb9c09177fe10f482a9ef1efb20f061acf0ba, validator: 84, prepare_slot: 11, service: beacon
Dec 01 01:39:35.001 INFO Synced                                  slot: 10, block: 0xb51d…f0ba, epoch: 0, finalized_epoch: 0, finalized_root: 0xf872…f8fe, exec_hash: 0x7044…6a75 (verified), peers: 2, service: slot_notifier
Dec 01 01:39:36.004 INFO Prepared beacon proposer                parent_root: 0xb51db3b630f87317c64196d54d9bb9c09177fe10f482a9ef1efb20f061acf0ba, validator: 93, prepare_slot: 12, service: beacon
Dec 01 01:39:36.087 ERRO No valid eth1_data votes, `votes_to_consider` empty, outcome: casting `state.eth1_data` as eth1 vote, genesis_time: 1733017154, earliest_block_timestamp: 1733017134, lowest_block_number: 0, service: deposit_contract_rpc
Dec 01 01:39:36.087 INFO Requesting blinded header from connected builder, parent_hash: 0x7044c4f8df0bc79d320452480d10c4827275e78d47ab0ef0249c090bd7a06a75, pubkey: 0xabd3280a86fbb8d736717d8bd950920873ff7bb8a68ac4d7c339bb3c783c6f4e6e29912f6a3528e04b13aef57d4290a1, slot: Slot(11), service: exec
Dec 01 01:39:36.095 INFO Requested blinded execution payload     parent_hash: 0x7044c4f8df0bc79d320452480d10c4827275e78d47ab0ef0249c090bd7a06a75, local_response_ms: 0, local_fee_recipient: 0x8943545177806ed17b9f23f0a21ee5948ecaa776, relay_response_ms: 7, relay_fee_recipient: empty response, service: exec
Dec 01 01:39:36.095 INFO Builder did not return a payload        parent_hash: 0x7044c4f8df0bc79d320452480d10c4827275e78d47ab0ef0249c090bd7a06a75, local_block_hash: 0xb189e4678e2ad416cae883564ca0dd48633010690d6db2cb9391d4ddfcc31066, info: falling back to local execution client, service: exec
Dec 01 01:39:36.196 INFO Signed block published to network via HTTP API, publish_delay_ms: 1, slot: 11
Dec 01 01:39:36.207 INFO Valid block from HTTP API               slot: 11, proposer_index: 84, root: 0xcc12…413f, block_delay: 195.024301ms
Dec 01 01:39:36.211 INFO Prepared beacon proposer                parent_root: 0xcc1273fe71c2b9b90599550da94e651baf334adbbf17eea3e237c1abee00413f, validator: 93, prepare_slot: 12, service: beacon
Dec 01 01:39:37.001 INFO Synced                                  slot: 11, block: 0xcc12…413f, epoch: 0, finalized_epoch: 0, finalized_root: 0xf872…f8fe, exec_hash: 0xb189…1066 (verified), peers: 2, service: slot_notifier
Dec 01 01:39:38.089 ERRO No valid eth1_data votes, `votes_to_consider` empty, outcome: casting `state.eth1_data` as eth1 vote, genesis_time: 1733017154, earliest_block_timestamp: 1733017134, lowest_block_number: 0, service: deposit_contract_rpc
Dec 01 01:39:38.089 INFO Requesting blinded header from connected builder, parent_hash: 0xb189e4678e2ad416cae883564ca0dd48633010690d6db2cb9391d4ddfcc31066, pubkey: 0x961a7d85c4e61428f07c4c4d41cc03115ec423bf40172b21f9db161edec282c950782ade73a6dfa915da1c39c716eb1f, slot: Slot(12), service: exec
Dec 01 01:39:38.094 INFO Requested blinded execution payload     parent_hash: 0xb189e4678e2ad416cae883564ca0dd48633010690d6db2cb9391d4ddfcc31066, local_response_ms: 4, local_fee_recipient: 0x8943545177806ed17b9f23f0a21ee5948ecaa776, relay_response_ms: 4, relay_fee_recipient: empty response, service: exec
Dec 01 01:39:38.094 INFO Builder did not return a payload        parent_hash: 0xb189e4678e2ad416cae883564ca0dd48633010690d6db2cb9391d4ddfcc31066, local_block_hash: 0xa55a5b3de777b5c028c12a1023c103f497b0a3f6b5f98ac37fb083f6c6112bff, info: falling back to local execution client, service: exec
Dec 01 01:39:38.198 INFO Signed block published to network via HTTP API, publish_delay_ms: 1, slot: 12
Dec 01 01:39:38.223 INFO Valid block from HTTP API               slot: 12, proposer_index: 93, root: 0x2656…97a3, block_delay: 196.653388ms
Dec 01 01:39:39.001 INFO Synced                                  slot: 12, block: 0x2656…97a3, epoch: 0, finalized_epoch: 0, finalized_root: 0xf872…f8fe, exec_hash: 0xa55a…2bff (verified), peers: 2, service: slot_notifier
Dec 01 01:39:40.210 INFO New block received                      root: 0x654b369f86df78160589f537506a91c1328ce549775e0d49d3bee22bcc1a30fd, slot: 13
Dec 01 01:39:41.001 INFO Synced                                  slot: 13, block: 0x654b…30fd, epoch: 0, finalized_epoch: 0, finalized_root: 0xf872…f8fe, exec_hash: 0x500c…8027 (verified), peers: 2, service: slot_notifier
Dec 01 01:39:42.208 INFO New block received                      root: 0x8ef4c435e55bc46a3e451ad863d86843bd9de7dbe6413e0f9a98d406a549a51b, slot: 14
Dec 01 01:39:43.001 INFO Synced                                  slot: 14, block: 0x8ef4…a51b, epoch: 0, finalized_epoch: 0, finalized_root: 0xf872…f8fe, exec_hash: 0x1d42…f0a6 (verified), peers: 2, service: slot_notifier
Dec 01 01:39:44.085 INFO Prepared beacon proposer                parent_root: 0x8ef4c435e55bc46a3e451ad863d86843bd9de7dbe6413e0f9a98d406a549a51b, validator: 112, prepare_slot: 16, service: beacon
Dec 01 01:39:44.220 INFO New block received                      root: 0x93fd44a51b8fc7ba7c0190a15fd0604675f75cad4d55068a21fe9b86f0f52c7b, slot: 15
Dec 01 01:39:44.271 INFO Prepared beacon proposer                parent_root: 0x93fd44a51b8fc7ba7c0190a15fd0604675f75cad4d55068a21fe9b86f0f52c7b, validator: 112, prepare_slot: 16, service: beacon
Dec 01 01:39:45.001 INFO Synced                                  slot: 15, block: 0x93fd…2c7b, epoch: 0, finalized_epoch: 0, finalized_root: 0xf872…f8fe, exec_hash: 0x3690…e198 (verified), peers: 2, service: slot_notifier
Dec 01 01:39:46.088 INFO Prepared beacon proposer                parent_root: 0x93fd44a51b8fc7ba7c0190a15fd0604675f75cad4d55068a21fe9b86f0f52c7b, validator: 79, prepare_slot: 17, service: beacon
Dec 01 01:39:46.091 ERRO No valid eth1_data votes, `votes_to_consider` empty, outcome: casting `state.eth1_data` as eth1 vote, genesis_time: 1733017154, earliest_block_timestamp: 1733017134, lowest_block_number: 0, service: deposit_contract_rpc
Dec 01 01:39:46.091 INFO Requesting blinded header from connected builder, parent_hash: 0x36907749fafa1451d91418e0c93296ad157ae669340078533ecb2c90f436e198, pubkey: 0xa7ed4d8afeea6c020adddf320ed86a863ec5d048236c28e56f61f83b4603cb9e4f2f2bf3f6dc10864936c98c0784c038, slot: Slot(16), service: exec
Dec 01 01:39:46.096 INFO Requested blinded execution payload     parent_hash: 0x36907749fafa1451d91418e0c93296ad157ae669340078533ecb2c90f436e198, local_response_ms: 2, local_fee_recipient: 0x8943545177806ed17b9f23f0a21ee5948ecaa776, relay_response_ms: 5, relay_fee_recipient: empty response, service: exec
Dec 01 01:39:46.096 INFO Builder did not return a payload        parent_hash: 0x36907749fafa1451d91418e0c93296ad157ae669340078533ecb2c90f436e198, local_block_hash: 0x612321a3d5a91e65b0e182353cd34f8837999906422b3216f2af17d9dfebc0e3, info: falling back to local execution client, service: exec
Dec 01 01:39:46.196 INFO Signed block published to network via HTTP API, publish_delay_ms: 1, slot: 16
Dec 01 01:39:46.205 INFO Valid block from HTTP API               slot: 16, proposer_index: 112, root: 0xadb8…a97b, block_delay: 195.120458ms
Dec 01 01:39:46.210 INFO Prepared beacon proposer                parent_root: 0xadb8ef903d402872900d96c274aa4480cacd5da2d3c75e1845b2423c908ea97b, validator: 79, prepare_slot: 17, service: beacon
Dec 01 01:39:47.001 INFO Synced                                  slot: 16, block: 0xadb8…a97b, epoch: 0, finalized_epoch: 0, finalized_root: 0xf872…f8fe, exec_hash: 0x6123…c0e3 (verified), peers: 2, service: slot_notifier
Dec 01 01:39:48.001 INFO Prepared beacon proposer                parent_root: 0xadb8ef903d402872900d96c274aa4480cacd5da2d3c75e1845b2423c908ea97b, validator: 126, prepare_slot: 18, service: beacon
Dec 01 01:39:48.003 ERRO No valid eth1_data votes, `votes_to_consider` empty, outcome: casting `state.eth1_data` as eth1 vote, genesis_time: 1733017154, earliest_block_timestamp: 1733017134, lowest_block_number: 0, service: deposit_contract_rpc
Dec 01 01:39:48.003 INFO Requesting blinded header from connected builder, parent_hash: 0x612321a3d5a91e65b0e182353cd34f8837999906422b3216f2af17d9dfebc0e3, pubkey: 0xb320e188ef282109ba8dc3d2573f9edc33831c1025a29844c86e7fc60a25627e507964725ec8dbeccfcbaa12e7fb5e1a, slot: Slot(17), service: exec
Dec 01 01:39:48.005 INFO Requested blinded execution payload     parent_hash: 0x612321a3d5a91e65b0e182353cd34f8837999906422b3216f2af17d9dfebc0e3, local_response_ms: 0, local_fee_recipient: 0x8943545177806ed17b9f23f0a21ee5948ecaa776, relay_response_ms: 1, relay_fee_recipient: empty response, service: exec
Dec 01 01:39:48.005 INFO Builder did not return a payload        parent_hash: 0x612321a3d5a91e65b0e182353cd34f8837999906422b3216f2af17d9dfebc0e3, local_block_hash: 0x4b4353ba25f6397cc219cf86f9f52c206e07fb58cff1721cb839ff889e02ba9e, info: falling back to local execution client, service: exec
Dec 01 01:39:48.103 INFO Signed block published to network via HTTP API, publish_delay_ms: 1, slot: 17
Dec 01 01:39:48.112 INFO Valid block from HTTP API               slot: 17, proposer_index: 79, root: 0xb5f7…492f, block_delay: 101.640414ms
Dec 01 01:39:48.118 INFO Prepared beacon proposer                parent_root: 0xb5f739dc83dec1563b1ff6038fc9d986090f9e3f8e38f355f3484d043029492f, validator: 126, prepare_slot: 18, service: beacon
Dec 01 01:39:49.004 INFO Synced                                  slot: 17, block: 0xb5f7…492f, epoch: 0, finalized_epoch: 0, finalized_root: 0xf872…f8fe, exec_hash: 0x4b43…ba9e (verified), peers: 2, service: slot_notifier
Dec 01 01:39:50.085 ERRO No valid eth1_data votes, `votes_to_consider` empty, outcome: casting `state.eth1_data` as eth1 vote, genesis_time: 1733017154, earliest_block_timestamp: 1733017134, lowest_block_number: 0, service: deposit_contract_rpc
Dec 01 01:39:50.085 INFO Requesting blinded header from connected builder, parent_hash: 0x4b4353ba25f6397cc219cf86f9f52c206e07fb58cff1721cb839ff889e02ba9e, pubkey: 0x81093820fe0770a18a816945494db8fd957f10f7693da18f782e0968ef28ea8f23afefb0dc203925262352925f2739df, slot: Slot(18), service: exec
Dec 01 01:39:50.087 INFO Requested blinded execution payload     parent_hash: 0x4b4353ba25f6397cc219cf86f9f52c206e07fb58cff1721cb839ff889e02ba9e, local_response_ms: 0, local_fee_recipient: 0x8943545177806ed17b9f23f0a21ee5948ecaa776, relay_response_ms: 1, relay_fee_recipient: empty response, service: exec
Dec 01 01:39:50.087 INFO Builder did not return a payload        parent_hash: 0x4b4353ba25f6397cc219cf86f9f52c206e07fb58cff1721cb839ff889e02ba9e, local_block_hash: 0x4ec0865cae1a18c277058399af1f58afacc0ac3e362e8c36d412991c6b90c4b1, info: falling back to local execution client, service: exec
Dec 01 01:39:50.194 INFO Signed block published to network via HTTP API, publish_delay_ms: 1, slot: 18
Dec 01 01:39:50.201 INFO Valid block from HTTP API               slot: 18, proposer_index: 126, root: 0x62ba…6463, block_delay: 192.789357ms
Dec 01 01:39:51.001 INFO Synced                                  slot: 18, block: 0x62ba…6463, epoch: 0, finalized_epoch: 0, finalized_root: 0xf872…f8fe, exec_hash: 0x4ec0…c4b1 (verified), peers: 2, service: slot_notifier
Dec 01 01:39:52.085 INFO Prepared beacon proposer                parent_root: 0x62badb1eb2cdfcb7814e38cd7c6a42e319b7300ca6ffd5a85bb2310355bd6463, validator: 113, prepare_slot: 20, service: beacon
Dec 01 01:39:52.201 INFO New block received                      root: 0xaaeb63ba59777c7d88f82aecd5dbf6cd6525c66bf6aa3100d9f1a61b9e719a7c, slot: 19
Dec 01 01:39:52.209 INFO Prepared beacon proposer                parent_root: 0xaaeb63ba59777c7d88f82aecd5dbf6cd6525c66bf6aa3100d9f1a61b9e719a7c, validator: 113, prepare_slot: 20, service: beacon
Dec 01 01:39:53.000 INFO Synced                                  slot: 19, block: 0xaaeb…9a7c, epoch: 0, finalized_epoch: 0, finalized_root: 0xf872…f8fe, exec_hash: 0x8f81…e52d (verified), peers: 2, service: slot_notifier
Dec 01 01:39:54.001 INFO Prepared beacon proposer                parent_root: 0xaaeb63ba59777c7d88f82aecd5dbf6cd6525c66bf6aa3100d9f1a61b9e719a7c, validator: 94, prepare_slot: 21, service: beacon
Dec 01 01:39:54.003 ERRO No valid eth1_data votes, `votes_to_consider` empty, outcome: casting `state.eth1_data` as eth1 vote, genesis_time: 1733017154, earliest_block_timestamp: 1733017134, lowest_block_number: 0, service: deposit_contract_rpc
Dec 01 01:39:54.003 INFO Requesting blinded header from connected builder, parent_hash: 0x8f8113cf9ff70e23c97938a8812357d3da46e552562623090a7414767601e52d, pubkey: 0x899f89c23e08b2e89a5416a7c6c9e76c7e1a064c49cb2f0825699d4412784bd4e34799c06b3faf0539b6fb4ab10c104e, slot: Slot(20), service: exec
Dec 01 01:39:54.005 INFO Requested blinded execution payload     parent_hash: 0x8f8113cf9ff70e23c97938a8812357d3da46e552562623090a7414767601e52d, local_response_ms: 0, local_fee_recipient: 0x8943545177806ed17b9f23f0a21ee5948ecaa776, relay_response_ms: 2, relay_fee_recipient: empty response, service: exec
Dec 01 01:39:54.005 INFO Builder did not return a payload        parent_hash: 0x8f8113cf9ff70e23c97938a8812357d3da46e552562623090a7414767601e52d, local_block_hash: 0xf4eba90b86e1ecd34a7b5a9afc34d628a2758f12a02a55fd601306706b22d22c, info: falling back to local execution client, service: exec
Dec 01 01:39:54.097 INFO Signed block published to network via HTTP API, publish_delay_ms: 1, slot: 20
Dec 01 01:39:54.103 INFO Valid block from HTTP API               slot: 20, proposer_index: 113, root: 0xf9a4…123c, block_delay: 96.1031ms
Dec 01 01:39:54.105 INFO Prepared beacon proposer                parent_root: 0xf9a4ad829b875a8290462f843ca38373b1bbd7e606d9c0728f35329a9cef123c, validator: 94, prepare_slot: 21, service: beacon
Dec 01 01:39:55.001 INFO Synced                                  slot: 20, block: 0xf9a4…123c, epoch: 0, finalized_epoch: 0, finalized_root: 0xf872…f8fe, exec_hash: 0xf4eb…d22c (verified), peers: 2, service: slot_notifier
Dec 01 01:39:56.085 ERRO No valid eth1_data votes, `votes_to_consider` empty, outcome: casting `state.eth1_data` as eth1 vote, genesis_time: 1733017154, earliest_block_timestamp: 1733017134, lowest_block_number: 0, service: deposit_contract_rpc
Dec 01 01:39:56.085 INFO Requesting blinded header from connected builder, parent_hash: 0xf4eba90b86e1ecd34a7b5a9afc34d628a2758f12a02a55fd601306706b22d22c, pubkey: 0xb26fae53e4f7d2088de3fd67ce06fde88a84a7963af20ff8901613bd8be30e9660b244e5e0bbcc39c940c814f6f3f318, slot: Slot(21), service: exec
Dec 01 01:39:56.087 INFO Requested blinded execution payload     parent_hash: 0xf4eba90b86e1ecd34a7b5a9afc34d628a2758f12a02a55fd601306706b22d22c, local_response_ms: 0, local_fee_recipient: 0x8943545177806ed17b9f23f0a21ee5948ecaa776, relay_response_ms: 1, relay_fee_recipient: empty response, service: exec
Dec 01 01:39:56.087 INFO Builder did not return a payload        parent_hash: 0xf4eba90b86e1ecd34a7b5a9afc34d628a2758f12a02a55fd601306706b22d22c, local_block_hash: 0x852c1c0ab5680b6108115379e8d538f9d44bf9f3b38dcd5431e9f9c8ca1b2809, info: falling back to local execution client, service: exec
Dec 01 01:39:56.193 INFO Signed block published to network via HTTP API, publish_delay_ms: 1, slot: 21
Dec 01 01:39:56.201 INFO Valid block from HTTP API               slot: 21, proposer_index: 94, root: 0xee88…2dbd, block_delay: 191.869258ms
Dec 01 01:39:57.001 INFO Synced                                  slot: 21, block: 0xee88…2dbd, epoch: 0, finalized_epoch: 0, finalized_root: 0xf872…f8fe, exec_hash: 0x852c…2809 (verified), peers: 2, service: slot_notifier
Dec 01 01:39:58.204 INFO New block received                      root: 0x129533ac57af7e588ee1a2ad705ca93842942983140c8d6315fdec55bc21e9d9, slot: 22
Dec 01 01:39:59.000 INFO Synced                                  slot: 22, block: 0x1295…e9d9, epoch: 0, finalized_epoch: 0, finalized_root: 0xf872…f8fe, exec_hash: 0x771f…d177 (verified), peers: 2, service: slot_notifier
Dec 01 01:40:00.001 INFO Prepared beacon proposer                parent_root: 0x129533ac57af7e588ee1a2ad705ca93842942983140c8d6315fdec55bc21e9d9, validator: 109, prepare_slot: 24, service: beacon
Dec 01 01:40:00.214 INFO New block received                      root: 0x42fc4deae4302c11b9424241ae437cbc225225f3b8b995194b840010b49c34b7, slot: 23
Dec 01 01:40:00.244 INFO Prepared beacon proposer                parent_root: 0x42fc4deae4302c11b9424241ae437cbc225225f3b8b995194b840010b49c34b7, validator: 109, prepare_slot: 24, service: beacon
Dec 01 01:40:01.001 INFO Synced                                  slot: 23, block: 0x42fc…34b7, epoch: 0, finalized_epoch: 0, finalized_root: 0xf872…f8fe, exec_hash: 0xe4fd…1f64 (verified), peers: 2, service: slot_notifier
Dec 01 01:40:02.003 ERRO No valid eth1_data votes, `votes_to_consider` empty, outcome: casting `state.eth1_data` as eth1 vote, genesis_time: 1733017154, earliest_block_timestamp: 1733017134, lowest_block_number: 0, service: deposit_contract_rpc
Dec 01 01:40:02.003 INFO Requesting blinded header from connected builder, parent_hash: 0xe4fdd745e1daad7c0aa54bb7806570b8d62c88425a9b95b759a023922bee1f64, pubkey: 0xb4c9e24cb284d23c40bccfe377f9963dcdc1d22d5daf0766a6291354eb4ff3b4d1c21913dadae80fad218bc02778f5f2, slot: Slot(24), service: exec
Dec 01 01:40:02.005 INFO Requested blinded execution payload     parent_hash: 0xe4fdd745e1daad7c0aa54bb7806570b8d62c88425a9b95b759a023922bee1f64, local_response_ms: 0, local_fee_recipient: 0x8943545177806ed17b9f23f0a21ee5948ecaa776, relay_response_ms: 1, relay_fee_recipient: empty response, service: exec
Dec 01 01:40:02.005 INFO Builder did not return a payload        parent_hash: 0xe4fdd745e1daad7c0aa54bb7806570b8d62c88425a9b95b759a023922bee1f64, local_block_hash: 0x0040247d77e669a3b134aaf694fae210fa443a1c1d64d09ff6a5377192798e3a, info: falling back to local execution client, service: exec
Dec 01 01:40:02.100 INFO Signed block published to network via HTTP API, publish_delay_ms: 1, slot: 24
Dec 01 01:40:02.111 INFO Valid block from HTTP API               slot: 24, proposer_index: 109, root: 0x578d…1e8a, block_delay: 98.918051ms
Dec 01 01:40:03.001 INFO Synced                                  slot: 24, block: 0x578d…1e8a, epoch: 0, finalized_epoch: 0, finalized_root: 0xf872…f8fe, exec_hash: 0x0040…8e3a (verified), peers: 2, service: slot_notifier
Dec 01 01:40:04.002 INFO Prepared beacon proposer                parent_root: 0x578da6a7ebc3dac4140268d248cf24cf3092515b1890855b36a60ceecebe1e8a, validator: 68, prepare_slot: 26, service: beacon
Dec 01 01:40:04.222 INFO New block received                      root: 0xf5080f8144b281e96cae69269440d2a6c6588682289067ad74eb96186d999476, slot: 25
Dec 01 01:40:04.311 INFO Prepared beacon proposer                parent_root: 0xf5080f8144b281e96cae69269440d2a6c6588682289067ad74eb96186d999476, validator: 68, prepare_slot: 26, service: beacon
Dec 01 01:40:05.001 INFO Synced                                  slot: 25, block: 0xf508…9476, epoch: 0, finalized_epoch: 0, finalized_root: 0xf872…f8fe, exec_hash: 0xab91…5e75 (verified), peers: 2, service: slot_notifier
Dec 01 01:40:06.087 ERRO No valid eth1_data votes, `votes_to_consider` empty, outcome: casting `state.eth1_data` as eth1 vote, genesis_time: 1733017154, earliest_block_timestamp: 1733017134, lowest_block_number: 0, service: deposit_contract_rpc
Dec 01 01:40:06.087 INFO Requesting blinded header from connected builder, parent_hash: 0xab91b1323c15228170ec46af1d4c2414d601dc7fe7172ed58e948373018b5e75, pubkey: 0x966c488d807b3208bb1b10a1af422bac8d363c8015cda4e24d214549ced019cd3dd575545dd887461cae3f70d95cb061, slot: Slot(26), service: exec
Dec 01 01:40:06.093 INFO Requested blinded execution payload     parent_hash: 0xab91b1323c15228170ec46af1d4c2414d601dc7fe7172ed58e948373018b5e75, local_response_ms: 1, local_fee_recipient: 0x8943545177806ed17b9f23f0a21ee5948ecaa776, relay_response_ms: 6, relay_fee_recipient: empty response, service: exec
Dec 01 01:40:06.093 INFO Builder did not return a payload        parent_hash: 0xab91b1323c15228170ec46af1d4c2414d601dc7fe7172ed58e948373018b5e75, local_block_hash: 0xeaa956370fb38573773a5aad4fd2464f7398d326d448739797f2e0f1a664d31d, info: falling back to local execution client, service: exec
Dec 01 01:40:06.195 INFO Signed block published to network via HTTP API, publish_delay_ms: 2, slot: 26
Dec 01 01:40:06.208 INFO Valid block from HTTP API               slot: 26, proposer_index: 68, root: 0x8e23…1d71, block_delay: 193.250775ms
Dec 01 01:40:07.001 INFO Synced                                  slot: 26, block: 0x8e23…1d71, epoch: 0, finalized_epoch: 0, finalized_root: 0xf872…f8fe, exec_hash: 0xeaa9…d31d (verified), peers: 2, service: slot_notifier
Dec 01 01:40:08.209 INFO New block received                      root: 0xb2b20082b2270372237cf22c57768f8fdb6f0a6b952984fe9b963ed3a4fa501f, slot: 27
Dec 01 01:40:09.001 INFO Synced                                  slot: 27, block: 0xb2b2…501f, epoch: 0, finalized_epoch: 0, finalized_root: 0xf872…f8fe, exec_hash: 0x06ad…9eca (verified), peers: 2, service: slot_notifier
Dec 01 01:40:10.086 INFO Prepared beacon proposer                parent_root: 0xb2b20082b2270372237cf22c57768f8fdb6f0a6b952984fe9b963ed3a4fa501f, validator: 77, prepare_slot: 29, service: beacon
Dec 01 01:40:10.208 INFO New block received                      root: 0x1b1e615aa1f730849ef634d4493294c9c911932881e20b6e5abf4baca3aecc7a, slot: 28
Dec 01 01:40:10.222 INFO Prepared beacon proposer                parent_root: 0x1b1e615aa1f730849ef634d4493294c9c911932881e20b6e5abf4baca3aecc7a, validator: 77, prepare_slot: 29, service: beacon
Dec 01 01:40:11.001 INFO Synced                                  slot: 28, block: 0x1b1e…cc7a, epoch: 0, finalized_epoch: 0, finalized_root: 0xf872…f8fe, exec_hash: 0xf540…025a (verified), peers: 2, service: slot_notifier
Dec 01 01:40:12.089 ERRO No valid eth1_data votes, `votes_to_consider` empty, outcome: casting `state.eth1_data` as eth1 vote, genesis_time: 1733017154, earliest_block_timestamp: 1733017134, lowest_block_number: 0, service: deposit_contract_rpc
Dec 01 01:40:12.089 INFO Requesting blinded header from connected builder, parent_hash: 0xf540ce3a17e9c7f259a0883d6144aa9e37e528279fbff1cfa5790bd99100025a, pubkey: 0x93d491d7211af181ccab8353567ad10c065a6e991c9b70def7215c62fa3bf843a177e18b00580deead4b5678f46d4d39, slot: Slot(29), service: exec
Dec 01 01:40:12.093 INFO Requested blinded execution payload     parent_hash: 0xf540ce3a17e9c7f259a0883d6144aa9e37e528279fbff1cfa5790bd99100025a, local_response_ms: 0, local_fee_recipient: 0x8943545177806ed17b9f23f0a21ee5948ecaa776, relay_response_ms: 4, relay_fee_recipient: empty response, service: exec
Dec 01 01:40:12.094 INFO Builder did not return a payload        parent_hash: 0xf540ce3a17e9c7f259a0883d6144aa9e37e528279fbff1cfa5790bd99100025a, local_block_hash: 0x78e9bacfceb267b00a7e0fd5d78ec9aff15d19dc85e017314cf0ef6b8af1bcbf, info: falling back to local execution client, service: exec
Dec 01 01:40:12.195 INFO Signed block published to network via HTTP API, publish_delay_ms: 1, slot: 29
Dec 01 01:40:12.207 INFO Valid block from HTTP API               slot: 29, proposer_index: 77, root: 0xcf90…088d, block_delay: 193.704155ms
Dec 01 01:40:13.001 INFO Synced                                  slot: 29, block: 0xcf90…088d, epoch: 0, finalized_epoch: 0, finalized_root: 0xf872…f8fe, exec_hash: 0x78e9…bcbf (verified), peers: 2, service: slot_notifier
Dec 01 01:40:14.085 INFO Prepared beacon proposer                parent_root: 0xcf904b4029143fa9acc5386ee0858789954aac82e72aac38fdf4c0c7197e088d, validator: 86, prepare_slot: 31, service: beacon
Dec 01 01:40:14.208 INFO New block received                      root: 0x7eb1a0af4c3a1a50633a3c8aeb9f0492dd86b32d0172a75f41c8ff58b6433ca5, slot: 30
Dec 01 01:40:14.221 INFO Prepared beacon proposer                parent_root: 0x7eb1a0af4c3a1a50633a3c8aeb9f0492dd86b32d0172a75f41c8ff58b6433ca5, validator: 86, prepare_slot: 31, service: beacon
Dec 01 01:40:15.001 INFO Synced                                  slot: 30, block: 0x7eb1…3ca5, epoch: 0, finalized_epoch: 0, finalized_root: 0xf872…f8fe, exec_hash: 0xe412…c9e4 (verified), peers: 2, service: slot_notifier
Dec 01 01:40:16.003 INFO Prepared beacon proposer                parent_root: 0x7eb1a0af4c3a1a50633a3c8aeb9f0492dd86b32d0172a75f41c8ff58b6433ca5, validator: 115, prepare_slot: 32, service: beacon
Dec 01 01:40:16.004 ERRO No valid eth1_data votes, `votes_to_consider` empty, outcome: casting `state.eth1_data` as eth1 vote, genesis_time: 1733017154, earliest_block_timestamp: 1733017134, lowest_block_number: 0, service: deposit_contract_rpc
Dec 01 01:40:16.004 INFO Requesting blinded header from connected builder, parent_hash: 0xe412920b7e334e374b28d4d865f6980512927225aa1068a7f0a8fe2ee452c9e4, pubkey: 0x85fc722fa6d2c54b9610307ef86f0752d1428bdec6dc7e46ae14318bd9203f32df1ca8d0a420c36973067a50930b7720, slot: Slot(31), service: exec
Dec 01 01:40:16.010 INFO Requested blinded execution payload     parent_hash: 0xe412920b7e334e374b28d4d865f6980512927225aa1068a7f0a8fe2ee452c9e4, local_response_ms: 3, local_fee_recipient: 0x8943545177806ed17b9f23f0a21ee5948ecaa776, relay_response_ms: 5, relay_fee_recipient: empty response, service: exec
Dec 01 01:40:16.011 INFO Builder did not return a payload        parent_hash: 0xe412920b7e334e374b28d4d865f6980512927225aa1068a7f0a8fe2ee452c9e4, local_block_hash: 0xaa4130f94b9f1d809af088cf662599df19c260de8fa5d197637a4086ffe81955, info: falling back to local execution client, service: exec
Dec 01 01:40:16.102 INFO Signed block published to network via HTTP API, publish_delay_ms: 1, slot: 31
Dec 01 01:40:16.135 INFO Valid block from HTTP API               slot: 31, proposer_index: 86, root: 0xc5e3…bace, block_delay: 100.216855ms
Dec 01 01:40:16.142 INFO Prepared beacon proposer                parent_root: 0xc5e35b038bb27ba3fa1d2d7dbbd204ff2c324dd3d7ffba8f1680467c8207bace, validator: 115, prepare_slot: 32, service: beacon
Dec 01 01:40:17.001 INFO Synced                                  slot: 31, block: 0xc5e3…bace, epoch: 0, finalized_epoch: 0, finalized_root: 0xf872…f8fe, exec_hash: 0xaa41…1955 (verified), peers: 2, service: slot_notifier
Dec 01 01:40:18.007 INFO Prepared beacon proposer                parent_root: 0xc5e35b038bb27ba3fa1d2d7dbbd204ff2c324dd3d7ffba8f1680467c8207bace, validator: 79, prepare_slot: 33, service: beacon
Dec 01 01:40:18.007 INFO Forwarding register validator request to connected builder, count: 64
Dec 01 01:40:18.090 ERRO No valid eth1_data votes, `votes_to_consider` empty, outcome: casting `state.eth1_data` as eth1 vote, genesis_time: 1733017154, earliest_block_timestamp: 1733017134, lowest_block_number: 0, service: deposit_contract_rpc
Dec 01 01:40:18.090 INFO Requesting blinded header from connected builder, parent_hash: 0xaa4130f94b9f1d809af088cf662599df19c260de8fa5d197637a4086ffe81955, pubkey: 0xa8d747a2b2602fe32095a7dda37a86d94f8a59cc771902be8c45de5bfd9d58fc1bf46fb0cf867054cd5eacf4f331dfd1, slot: Slot(32), service: exec
Dec 01 01:40:18.098 INFO Requested blinded execution payload     parent_hash: 0xaa4130f94b9f1d809af088cf662599df19c260de8fa5d197637a4086ffe81955, local_response_ms: 3, local_fee_recipient: 0x8943545177806ed17b9f23f0a21ee5948ecaa776, relay_response_ms: 7, relay_fee_recipient: empty response, service: exec
Dec 01 01:40:18.098 INFO Builder did not return a payload        parent_hash: 0xaa4130f94b9f1d809af088cf662599df19c260de8fa5d197637a4086ffe81955, local_block_hash: 0x947b750a6345d1ea52c2a949bceffcf8b428aaaa1b4ab254d20c5ab4d5720a6f, info: falling back to local execution client, service: exec
Dec 01 01:40:18.115 INFO Signed block published to network via HTTP API, publish_delay_ms: 3, slot: 32
Dec 01 01:40:18.175 INFO Valid block from HTTP API               slot: 32, proposer_index: 115, root: 0x3e3c…fce9, block_delay: 111.206659ms
Dec 01 01:40:18.181 INFO Prepared beacon proposer                parent_root: 0x3e3c06bedf233020e8134680bd60d1100c04beb5d89ef4b9b4b25741fdb1fce9, validator: 79, prepare_slot: 33, service: beacon
Dec 01 01:40:19.001 INFO Synced                                  slot: 32, block: 0x3e3c…fce9, epoch: 1, finalized_epoch: 0, finalized_root: 0xf872…f8fe, exec_hash: 0x947b…0a6f (verified), peers: 2, service: slot_notifier
Dec 01 01:40:20.004 ERRO No valid eth1_data votes, `votes_to_consider` empty, outcome: casting `state.eth1_data` as eth1 vote, genesis_time: 1733017154, earliest_block_timestamp: 1733017134, lowest_block_number: 0, service: deposit_contract_rpc
Dec 01 01:40:20.004 INFO Requesting blinded header from connected builder, parent_hash: 0x947b750a6345d1ea52c2a949bceffcf8b428aaaa1b4ab254d20c5ab4d5720a6f, pubkey: 0xb320e188ef282109ba8dc3d2573f9edc33831c1025a29844c86e7fc60a25627e507964725ec8dbeccfcbaa12e7fb5e1a, slot: Slot(33), service: exec
Dec 01 01:40:20.010 INFO Requested blinded execution payload     parent_hash: 0x947b750a6345d1ea52c2a949bceffcf8b428aaaa1b4ab254d20c5ab4d5720a6f, local_response_ms: 4, local_fee_recipient: 0x8943545177806ed17b9f23f0a21ee5948ecaa776, relay_response_ms: 5, relay_fee_recipient: empty response, service: exec
Dec 01 01:40:20.010 INFO Builder did not return a payload        parent_hash: 0x947b750a6345d1ea52c2a949bceffcf8b428aaaa1b4ab254d20c5ab4d5720a6f, local_block_hash: 0xea2a8bc263106c88f699e5cd8b8597818aa27f62cb0542bf67447a4966e9a704, info: falling back to local execution client, service: exec
Dec 01 01:40:20.106 INFO Signed block published to network via HTTP API, publish_delay_ms: 2, slot: 33
Dec 01 01:40:20.128 INFO Valid block from HTTP API               slot: 33, proposer_index: 79, root: 0xfea2…510c, block_delay: 104.506203ms
Dec 01 01:40:21.001 INFO Synced                                  slot: 33, block: 0xfea2…510c, epoch: 1, finalized_epoch: 0, finalized_root: 0xf872…f8fe, exec_hash: 0xea2a…a704 (verified), peers: 2, service: slot_notifier
Dec 01 01:40:22.004 INFO Prepared beacon proposer                parent_root: 0xfea27f301eabd3fadf2a2015947998afd2f650687e6e8c082cfa499d3570510c, validator: 123, prepare_slot: 35, service: beacon
Dec 01 01:40:22.111 INFO New block received                      root: 0xa3909014ab0c00d679d5f791b7492fd67842f0a34be2f402fbd5f9e090eb25c1, slot: 34
Dec 01 01:40:22.138 INFO Prepared beacon proposer                parent_root: 0xa3909014ab0c00d679d5f791b7492fd67842f0a34be2f402fbd5f9e090eb25c1, validator: 123, prepare_slot: 35, service: beacon
Dec 01 01:40:23.001 INFO Synced                                  slot: 34, block: 0xa390…25c1, epoch: 1, finalized_epoch: 0, finalized_root: 0xf872…f8fe, exec_hash: 0x2413…3042 (verified), peers: 2, service: slot_notifier
Dec 01 01:40:24.004 ERRO No valid eth1_data votes, `votes_to_consider` empty, outcome: casting `state.eth1_data` as eth1 vote, genesis_time: 1733017154, earliest_block_timestamp: 1733017134, lowest_block_number: 0, service: deposit_contract_rpc
Dec 01 01:40:24.004 INFO Requesting blinded header from connected builder, parent_hash: 0x241312c11d0d60f39cd44d3612605a0de0705be477d96b33f4b3eb79aacf3042, pubkey: 0xb967afc934f2efd001a6901490e770602f80df9ec0eb3293490ed8c55e14d08f5bebb7bd183f485de29a8423d859a501, slot: Slot(35), service: exec
Dec 01 01:40:24.009 INFO Requested blinded execution payload     parent_hash: 0x241312c11d0d60f39cd44d3612605a0de0705be477d96b33f4b3eb79aacf3042, local_response_ms: 3, local_fee_recipient: 0x8943545177806ed17b9f23f0a21ee5948ecaa776, relay_response_ms: 4, relay_fee_recipient: empty response, service: exec
Dec 01 01:40:24.009 INFO Builder did not return a payload        parent_hash: 0x241312c11d0d60f39cd44d3612605a0de0705be477d96b33f4b3eb79aacf3042, local_block_hash: 0xeec1437256d3a79dd4c7a5cb99856f54a9af972cf8aa10c3c235abff57091d77, info: falling back to local execution client, service: exec
Dec 01 01:40:24.032 INFO Signed block published to network via HTTP API, publish_delay_ms: 2, slot: 35
Dec 01 01:40:24.071 INFO Valid block from HTTP API               slot: 35, proposer_index: 123, root: 0x73d2…6216, block_delay: 30.369058ms
Dec 01 01:40:25.001 INFO Synced                                  slot: 35, block: 0x73d2…6216, epoch: 1, finalized_epoch: 0, finalized_root: 0xf872…f8fe, exec_hash: 0xeec1…1d77 (verified), peers: 2, service: slot_notifier
Dec 01 01:40:26.003 INFO Prepared beacon proposer                parent_root: 0x73d25585f52c92c95ccf952b496bbd746879905521e3f42e204bc3747c786216, validator: 116, prepare_slot: 37, service: beacon
Dec 01 01:40:26.110 INFO New block received                      root: 0x65dfa2f7c30a47f817747558725a3fb0b4ba5981fc00bcb8266973c1e258d883, slot: 36
Dec 01 01:40:26.123 INFO Prepared beacon proposer                parent_root: 0x65dfa2f7c30a47f817747558725a3fb0b4ba5981fc00bcb8266973c1e258d883, validator: 116, prepare_slot: 37, service: beacon
Dec 01 01:40:27.001 INFO Synced                                  slot: 36, block: 0x65df…d883, epoch: 1, finalized_epoch: 0, finalized_root: 0xf872…f8fe, exec_hash: 0xd8b5…04e6 (verified), peers: 2, service: slot_notifier
Dec 01 01:40:28.005 ERRO No valid eth1_data votes, `votes_to_consider` empty, outcome: casting `state.eth1_data` as eth1 vote, genesis_time: 1733017154, earliest_block_timestamp: 1733017134, lowest_block_number: 0, service: deposit_contract_rpc
Dec 01 01:40:28.005 INFO Requesting blinded header from connected builder, parent_hash: 0xd8b51ecbeb749664445ae211424f83cb6aaa0dde3aa8045b9dfe18fe57e104e6, pubkey: 0x851cb7093041931bbda885ef6d5a0411353e41b2baf7713ff7688b70d505dc97561a6b6482571aca964486d8a9b76a47, slot: Slot(37), service: exec
Dec 01 01:40:28.009 INFO Requested blinded execution payload     parent_hash: 0xd8b51ecbeb749664445ae211424f83cb6aaa0dde3aa8045b9dfe18fe57e104e6, local_response_ms: 0, local_fee_recipient: 0x8943545177806ed17b9f23f0a21ee5948ecaa776, relay_response_ms: 3, relay_fee_recipient: empty response, service: exec
Dec 01 01:40:28.009 INFO Builder did not return a payload        parent_hash: 0xd8b51ecbeb749664445ae211424f83cb6aaa0dde3aa8045b9dfe18fe57e104e6, local_block_hash: 0x36259d92fadfcc5898e88a952a093a2a6ad3eb304f242ac21b29f89497344bbe, info: falling back to local execution client, service: exec
Dec 01 01:40:28.102 INFO Signed block published to network via HTTP API, publish_delay_ms: 1, slot: 37
Dec 01 01:40:28.114 INFO Valid block from HTTP API               slot: 37, proposer_index: 116, root: 0x3bd4…181a, block_delay: 101.051429ms
Dec 01 01:40:29.001 INFO Synced                                  slot: 37, block: 0x3bd4…181a, epoch: 1, finalized_epoch: 0, finalized_root: 0xf872…f8fe, exec_hash: 0x3625…4bbe (verified), peers: 2, service: slot_notifier
Dec 01 01:40:30.099 INFO New block received                      root: 0x1d7d8ca5ce25b607e79a45204eb5c9e8de2cb42c6e8c92d871ce492fb5cee5c6, slot: 38
Dec 01 01:40:31.001 INFO Synced                                  slot: 38, block: 0x1d7d…e5c6, epoch: 1, finalized_epoch: 0, finalized_root: 0xf872…f8fe, exec_hash: 0x5c96…67ce (verified), peers: 2, service: slot_notifier
Dec 01 01:40:32.003 INFO Prepared beacon proposer                parent_root: 0x1d7d8ca5ce25b607e79a45204eb5c9e8de2cb42c6e8c92d871ce492fb5cee5c6, validator: 108, prepare_slot: 40, service: beacon
Dec 01 01:40:32.120 INFO New block received                      root: 0xb39b9baf97cd7c8a494e28a93a90c1525342548142fcb3ec12f19b4153721f46, slot: 39
Dec 01 01:40:32.142 INFO Prepared beacon proposer                parent_root: 0xb39b9baf97cd7c8a494e28a93a90c1525342548142fcb3ec12f19b4153721f46, validator: 108, prepare_slot: 40, service: beacon
Dec 01 01:40:33.002 INFO Synced                                  slot: 39, block: 0xb39b…1f46, epoch: 1, finalized_epoch: 0, finalized_root: 0xf872…f8fe, exec_hash: 0x8329…96c7 (verified), peers: 2, service: slot_notifier
Dec 01 01:40:34.004 INFO Prepared beacon proposer                parent_root: 0xb39b9baf97cd7c8a494e28a93a90c1525342548142fcb3ec12f19b4153721f46, validator: 67, prepare_slot: 41, service: beacon
Dec 01 01:40:34.005 ERRO No valid eth1_data votes, `votes_to_consider` empty, outcome: casting `state.eth1_data` as eth1 vote, genesis_time: 1733017154, earliest_block_timestamp: 1733017134, lowest_block_number: 0, service: deposit_contract_rpc
Dec 01 01:40:34.005 INFO Requesting blinded header from connected builder, parent_hash: 0x8329d4b2a62440e37f8db0af96286f62b162e30a90622f9e6b1de8b2cea896c7, pubkey: 0xb1f2588848bded71a0ad83d124b5ff2d1ab964068e4eab97edc678eddc9aaa6175b51f561c4ec96c818ad5f6c59aa936, slot: Slot(40), service: exec
Dec 01 01:40:34.012 INFO Requested blinded execution payload     parent_hash: 0x8329d4b2a62440e37f8db0af96286f62b162e30a90622f9e6b1de8b2cea896c7, local_response_ms: 1, local_fee_recipient: 0x8943545177806ed17b9f23f0a21ee5948ecaa776, relay_response_ms: 7, relay_fee_recipient: empty response, service: exec
Dec 01 01:40:34.012 INFO Builder did not return a payload        parent_hash: 0x8329d4b2a62440e37f8db0af96286f62b162e30a90622f9e6b1de8b2cea896c7, local_block_hash: 0xd77f00557a7fbe99b4584a9412e94fc78b1dbc6581ca68842d83b5bfa099c8b4, info: falling back to local execution client, service: exec
Dec 01 01:40:34.034 INFO Signed block published to network via HTTP API, publish_delay_ms: 1, slot: 40
Dec 01 01:40:34.046 INFO Valid block from HTTP API               slot: 40, proposer_index: 108, root: 0x3359…8e02, block_delay: 32.882401ms
Dec 01 01:40:34.051 INFO Prepared beacon proposer                parent_root: 0x33596d6694633c3b4c20220f1f398684f6451f571f32ba3dd26364647f558e02, validator: 67, prepare_slot: 41, service: beacon
Dec 01 01:40:35.001 INFO Synced                                  slot: 40, block: 0x3359…8e02, epoch: 1, finalized_epoch: 0, finalized_root: 0xf872…f8fe, exec_hash: 0xd77f…c8b4 (verified), peers: 2, service: slot_notifier
Dec 01 01:40:36.004 INFO Prepared beacon proposer                parent_root: 0x33596d6694633c3b4c20220f1f398684f6451f571f32ba3dd26364647f558e02, validator: 83, prepare_slot: 42, service: beacon
Dec 01 01:40:36.005 ERRO No valid eth1_data votes, `votes_to_consider` empty, outcome: casting `state.eth1_data` as eth1 vote, genesis_time: 1733017154, earliest_block_timestamp: 1733017134, lowest_block_number: 0, service: deposit_contract_rpc
Dec 01 01:40:36.005 INFO Requesting blinded header from connected builder, parent_hash: 0xd77f00557a7fbe99b4584a9412e94fc78b1dbc6581ca68842d83b5bfa099c8b4, pubkey: 0xb43ccb05317c2b666470ab251e987d6bf31f5ead6b5edac5fe007dd334ae6ce1a92e24c19e5ab387cd8fa253b63bb78c, slot: Slot(41), service: exec
Dec 01 01:40:36.011 INFO Requested blinded execution payload     parent_hash: 0xd77f00557a7fbe99b4584a9412e94fc78b1dbc6581ca68842d83b5bfa099c8b4, local_response_ms: 1, local_fee_recipient: 0x8943545177806ed17b9f23f0a21ee5948ecaa776, relay_response_ms: 6, relay_fee_recipient: empty response, service: exec
Dec 01 01:40:36.011 INFO Builder did not return a payload        parent_hash: 0xd77f00557a7fbe99b4584a9412e94fc78b1dbc6581ca68842d83b5bfa099c8b4, local_block_hash: 0xda96fc88d7e74887779ca5138f0db47c8a3df1f7ff6bf269a31391de532f8625, info: falling back to local execution client, service: exec
Dec 01 01:40:36.088 INFO Signed block published to network via HTTP API, publish_delay_ms: 1, slot: 41
Dec 01 01:40:36.099 INFO Valid block from HTTP API               slot: 41, proposer_index: 67, root: 0xfe86…c84c, block_delay: 87.527195ms
Dec 01 01:40:36.103 INFO Prepared beacon proposer                parent_root: 0xfe86e3ca78725775146bf890a6bc84deec38396e121a1f3c44786295a8d5c84c, validator: 83, prepare_slot: 42, service: beacon
Dec 01 01:40:37.001 INFO Synced                                  slot: 41, block: 0xfe86…c84c, epoch: 1, finalized_epoch: 0, finalized_root: 0xf872…f8fe, exec_hash: 0xda96…8625 (verified), peers: 2, service: slot_notifier
Dec 01 01:40:38.004 ERRO No valid eth1_data votes, `votes_to_consider` empty, outcome: casting `state.eth1_data` as eth1 vote, genesis_time: 1733017154, earliest_block_timestamp: 1733017134, lowest_block_number: 0, service: deposit_contract_rpc
Dec 01 01:40:38.004 INFO Requesting blinded header from connected builder, parent_hash: 0xda96fc88d7e74887779ca5138f0db47c8a3df1f7ff6bf269a31391de532f8625, pubkey: 0x98213294b82bc66ee39e95a678472fb41df846ec2863c5be53e1fd56b6ff0fe1bfd5b2bd8c534dd97acbe597ad119cc7, slot: Slot(42), service: exec
Dec 01 01:40:38.010 INFO Requested blinded execution payload     parent_hash: 0xda96fc88d7e74887779ca5138f0db47c8a3df1f7ff6bf269a31391de532f8625, local_response_ms: 2, local_fee_recipient: 0x8943545177806ed17b9f23f0a21ee5948ecaa776, relay_response_ms: 5, relay_fee_recipient: empty response, service: exec
Dec 01 01:40:38.010 INFO Builder did not return a payload        parent_hash: 0xda96fc88d7e74887779ca5138f0db47c8a3df1f7ff6bf269a31391de532f8625, local_block_hash: 0x57447e19f2b3bd73467cc5da8b849228ad968d6ecf68ec3973bd7ba6bacc0295, info: falling back to local execution client, service: exec
Dec 01 01:40:38.102 INFO Signed block published to network via HTTP API, publish_delay_ms: 1, slot: 42
Dec 01 01:40:38.108 INFO Valid block from HTTP API               slot: 42, proposer_index: 83, root: 0x5686…ab58, block_delay: 101.00772ms
Dec 01 01:40:39.001 INFO Synced                                  slot: 42, block: 0x5686…ab58, epoch: 1, finalized_epoch: 0, finalized_root: 0xf872…f8fe, exec_hash: 0x5744…0295 (verified), peers: 2, service: slot_notifier
Dec 01 01:40:40.120 INFO New block received                      root: 0xe6f7ce07b70d029206c4d6459a7ef909e95a86b24fb0434f1d6f34dd775a79b2, slot: 43
Dec 01 01:40:41.001 INFO Synced                                  slot: 43, block: 0xe6f7…79b2, epoch: 1, finalized_epoch: 0, finalized_root: 0xf872…f8fe, exec_hash: 0xedf1…bb38 (verified), peers: 2, service: slot_notifier
Dec 01 01:40:42.003 INFO Prepared beacon proposer                parent_root: 0xe6f7ce07b70d029206c4d6459a7ef909e95a86b24fb0434f1d6f34dd775a79b2, validator: 74, prepare_slot: 45, service: beacon
Dec 01 01:40:42.113 INFO New block received                      root: 0xece3b3ec3b1bfa5a4e612e19d0ed40e97e520aa2f2c059577bb8cd4c25d63cfc, slot: 44
Dec 01 01:40:42.134 INFO Prepared beacon proposer                parent_root: 0xece3b3ec3b1bfa5a4e612e19d0ed40e97e520aa2f2c059577bb8cd4c25d63cfc, validator: 74, prepare_slot: 45, service: beacon
Dec 01 01:40:43.001 INFO Synced                                  slot: 44, block: 0xece3…3cfc, epoch: 1, finalized_epoch: 0, finalized_root: 0xf872…f8fe, exec_hash: 0x9abf…647a (verified), peers: 2, service: slot_notifier
Dec 01 01:40:44.004 ERRO No valid eth1_data votes, `votes_to_consider` empty, outcome: casting `state.eth1_data` as eth1 vote, genesis_time: 1733017154, earliest_block_timestamp: 1733017134, lowest_block_number: 0, service: deposit_contract_rpc
Dec 01 01:40:44.004 INFO Requesting blinded header from connected builder, parent_hash: 0x9abfbb116168e5b13511c6514184f613c1969a541a20b3e697c71d1e1eec647a, pubkey: 0xaee3fbc60f939c125877a4f4529517edcf114fdb83715f9f4041eccebb91323ce8c4784ff87815c38752517b3d2e2725, slot: Slot(45), service: exec
Dec 01 01:40:44.010 INFO Requested blinded execution payload     parent_hash: 0x9abfbb116168e5b13511c6514184f613c1969a541a20b3e697c71d1e1eec647a, local_response_ms: 5, local_fee_recipient: 0x8943545177806ed17b9f23f0a21ee5948ecaa776, relay_response_ms: 5, relay_fee_recipient: empty response, service: exec
Dec 01 01:40:44.010 INFO Builder did not return a payload        parent_hash: 0x9abfbb116168e5b13511c6514184f613c1969a541a20b3e697c71d1e1eec647a, local_block_hash: 0x40b0af43202d3f5e01d08d5623a7f8a25fbbc7924190d05436f69ca85f0e4c07, info: falling back to local execution client, service: exec
Dec 01 01:40:44.103 INFO Signed block published to network via HTTP API, publish_delay_ms: 2, slot: 45
Dec 01 01:40:44.131 INFO Valid block from HTTP API               slot: 45, proposer_index: 74, root: 0x7b46…74c4, block_delay: 100.772089ms
Dec 01 01:40:45.001 INFO Synced                                  slot: 45, block: 0x7b46…74c4, epoch: 1, finalized_epoch: 0, finalized_root: 0xf872…f8fe, exec_hash: 0x40b0…4c07 (verified), peers: 2, service: slot_notifier
Dec 01 01:40:46.004 INFO Prepared beacon proposer                parent_root: 0x7b46e05a606e902278def9db40dbf7cfc33707984085f98298d58bcff33b74c4, validator: 70, prepare_slot: 47, service: beacon
Dec 01 01:40:46.117 INFO New block received                      root: 0xace00cc7326e54cb7658c2b030aa78a548091a463ef6c017c4fd39a68e2052c0, slot: 46
Dec 01 01:40:46.133 INFO Prepared beacon proposer                parent_root: 0xace00cc7326e54cb7658c2b030aa78a548091a463ef6c017c4fd39a68e2052c0, validator: 70, prepare_slot: 47, service: beacon
Dec 01 01:40:47.001 INFO Synced                                  slot: 46, block: 0xace0…52c0, epoch: 1, finalized_epoch: 0, finalized_root: 0xf872…f8fe, exec_hash: 0x651d…30de (verified), peers: 2, service: slot_notifier
Dec 01 01:40:48.005 ERRO No valid eth1_data votes, `votes_to_consider` empty, outcome: casting `state.eth1_data` as eth1 vote, genesis_time: 1733017154, earliest_block_timestamp: 1733017134, lowest_block_number: 0, service: deposit_contract_rpc
Dec 01 01:40:48.005 INFO Requesting blinded header from connected builder, parent_hash: 0x651d9bfdbb0cdc4599eea18b2452644a84f4feeed1de69a07c4787b9980830de, pubkey: 0xb8c6663371dc37bf083134dea26a20115ccc52b7c15a662bcfa33435e4ade14c6bc9714a5cdee492530accf8a327b2aa, slot: Slot(47), service: exec
Dec 01 01:40:48.007 INFO Requested blinded execution payload     parent_hash: 0x651d9bfdbb0cdc4599eea18b2452644a84f4feeed1de69a07c4787b9980830de, local_response_ms: 0, local_fee_recipient: 0x8943545177806ed17b9f23f0a21ee5948ecaa776, relay_response_ms: 2, relay_fee_recipient: empty response, service: exec
Dec 01 01:40:48.008 INFO Builder did not return a payload        parent_hash: 0x651d9bfdbb0cdc4599eea18b2452644a84f4feeed1de69a07c4787b9980830de, local_block_hash: 0x7784a33603a0c30a9189e43e1fb0a1c3762b277407901251b06b4ec67e768263, info: falling back to local execution client, service: exec
Dec 01 01:40:48.102 INFO Signed block published to network via HTTP API, publish_delay_ms: 1, slot: 47
Dec 01 01:40:48.115 INFO Valid block from HTTP API               slot: 47, proposer_index: 70, root: 0x58ce…c9ca, block_delay: 101.034474ms
Dec 01 01:40:49.001 INFO Synced                                  slot: 47, block: 0x58ce…c9ca, epoch: 1, finalized_epoch: 0, finalized_root: 0xf872…f8fe, exec_hash: 0x7784…8263 (verified), peers: 2, service: slot_notifier
Dec 01 01:40:50.117 INFO New block received                      root: 0xe84c63d76562fe6315972951df40c94a2821f056b93e90e6fb57fdd90aeffec6, slot: 48
Dec 01 01:40:51.001 INFO Synced                                  slot: 48, block: 0xe84c…fec6, epoch: 1, finalized_epoch: 0, finalized_root: 0xf872…f8fe, exec_hash: 0xa257…25e4 (verified), peers: 2, service: slot_notifier
Dec 01 01:40:52.112 INFO New block received                      root: 0x3aa8a1e886a845fb695265f705a8127f9323f4635317090bfdebf708a0f90fa2, slot: 49
Dec 01 01:40:53.001 INFO Synced                                  slot: 49, block: 0x3aa8…0fa2, epoch: 1, finalized_epoch: 0, finalized_root: 0xf872…f8fe, exec_hash: 0xea38…2446 (verified), peers: 2, service: slot_notifier
Dec 01 01:40:54.109 INFO New block received                      root: 0x17239f0d2afe48e7077cb64b526015f1198b402696566ff3fa75a942df7a0e1f, slot: 50
Dec 01 01:40:55.001 INFO Synced                                  slot: 50, block: 0x1723…0e1f, epoch: 1, finalized_epoch: 0, finalized_root: 0xf872…f8fe, exec_hash: 0xc538…f184 (verified), peers: 2, service: slot_notifier
Dec 01 01:40:56.003 INFO Prepared beacon proposer                parent_root: 0x17239f0d2afe48e7077cb64b526015f1198b402696566ff3fa75a942df7a0e1f, validator: 72, prepare_slot: 52, service: beacon
Dec 01 01:40:56.105 INFO New block received                      root: 0x7d2ae54956665703ee345304b953112e3cbfb3da47c968f3213b04bd54bdb512, slot: 51
Dec 01 01:40:56.112 INFO Prepared beacon proposer                parent_root: 0x7d2ae54956665703ee345304b953112e3cbfb3da47c968f3213b04bd54bdb512, validator: 72, prepare_slot: 52, service: beacon
Dec 01 01:40:57.001 INFO Synced                                  slot: 51, block: 0x7d2a…b512, epoch: 1, finalized_epoch: 0, finalized_root: 0xf872…f8fe, exec_hash: 0xa0df…85e7 (verified), peers: 2, service: slot_notifier
Dec 01 01:40:58.003 INFO Prepared beacon proposer                parent_root: 0x7d2ae54956665703ee345304b953112e3cbfb3da47c968f3213b04bd54bdb512, validator: 80, prepare_slot: 53, service: beacon
Dec 01 01:40:58.003 ERRO No valid eth1_data votes, `votes_to_consider` empty, outcome: casting `state.eth1_data` as eth1 vote, genesis_time: 1733017154, earliest_block_timestamp: 1733017134, lowest_block_number: 0, service: deposit_contract_rpc
Dec 01 01:40:58.004 INFO Requesting blinded header from connected builder, parent_hash: 0xa0dfd15dadc99f2061feb274ce5216d62fb22d62dbbe2dbcde058608ea2f85e7, pubkey: 0xb97dbe4add8aefd96c575ae9de19d1ac590bb7d92f23a9e4e113f7271c2243cf689e7645879efbb546d58ec44f5263d6, slot: Slot(52), service: exec
Dec 01 01:40:58.011 INFO Requested blinded execution payload     parent_hash: 0xa0dfd15dadc99f2061feb274ce5216d62fb22d62dbbe2dbcde058608ea2f85e7, local_response_ms: 2, local_fee_recipient: 0x8943545177806ed17b9f23f0a21ee5948ecaa776, relay_response_ms: 7, relay_fee_recipient: empty response, service: exec
Dec 01 01:40:58.011 INFO Builder did not return a payload        parent_hash: 0xa0dfd15dadc99f2061feb274ce5216d62fb22d62dbbe2dbcde058608ea2f85e7, local_block_hash: 0x48c7401fe2ab664bb4aa6c0813915797732c197e1cadbbcf89902e6006fc9051, info: falling back to local execution client, service: exec
Dec 01 01:40:58.097 INFO Signed block published to network via HTTP API, publish_delay_ms: 1, slot: 52
Dec 01 01:40:58.113 INFO Valid block from HTTP API               slot: 52, proposer_index: 72, root: 0x2abd…b5af, block_delay: 96.075556ms
Dec 01 01:40:58.117 INFO Prepared beacon proposer                parent_root: 0x2abd38fa3caf8d226ac356cea89151aca43ea9a26dfd2c4c470a1dbb37acb5af, validator: 80, prepare_slot: 53, service: beacon
Dec 01 01:40:59.001 INFO Synced                                  slot: 52, block: 0x2abd…b5af, epoch: 1, finalized_epoch: 0, finalized_root: 0xf872…f8fe, exec_hash: 0x48c7…9051 (verified), peers: 2, service: slot_notifier
Dec 01 01:41:00.003 INFO Prepared beacon proposer                parent_root: 0x2abd38fa3caf8d226ac356cea89151aca43ea9a26dfd2c4c470a1dbb37acb5af, validator: 84, prepare_slot: 54, service: beacon
Dec 01 01:41:00.007 ERRO No valid eth1_data votes, `votes_to_consider` empty, outcome: casting `state.eth1_data` as eth1 vote, genesis_time: 1733017154, earliest_block_timestamp: 1733017134, lowest_block_number: 0, service: deposit_contract_rpc
Dec 01 01:41:00.008 INFO Requesting blinded header from connected builder, parent_hash: 0x48c7401fe2ab664bb4aa6c0813915797732c197e1cadbbcf89902e6006fc9051, pubkey: 0xa90dab71ad924fec01a579727736fd9a19a147bf57ef471255527b55a4702cfd54bb0300623c506823e723e7c30cf4dd, slot: Slot(53), service: exec
Dec 01 01:41:00.011 INFO Requested blinded execution payload     parent_hash: 0x48c7401fe2ab664bb4aa6c0813915797732c197e1cadbbcf89902e6006fc9051, local_response_ms: 2, local_fee_recipient: 0x8943545177806ed17b9f23f0a21ee5948ecaa776, relay_response_ms: 3, relay_fee_recipient: empty response, service: exec
Dec 01 01:41:00.011 INFO Builder did not return a payload        parent_hash: 0x48c7401fe2ab664bb4aa6c0813915797732c197e1cadbbcf89902e6006fc9051, local_block_hash: 0x5ccefeb8bd92b9311ae9d1ed85bb9111746d934374020ea719a82900ea914a61, info: falling back to local execution client, service: exec
Dec 01 01:41:00.104 INFO Signed block published to network via HTTP API, publish_delay_ms: 2, slot: 53
Dec 01 01:41:00.150 INFO Valid block from HTTP API               slot: 53, proposer_index: 80, root: 0x376a…b3d9, block_delay: 101.491365ms
Dec 01 01:41:00.158 INFO Prepared beacon proposer                parent_root: 0x376a4cdd43f9b461eab962368e54e98958fe62c0562c297459046df305d9b3d9, validator: 84, prepare_slot: 54, service: beacon
Dec 01 01:41:01.001 INFO Synced                                  slot: 53, block: 0x376a…b3d9, epoch: 1, finalized_epoch: 0, finalized_root: 0xf872…f8fe, exec_hash: 0x5cce…4a61 (verified), peers: 2, service: slot_notifier
Dec 01 01:41:02.002 INFO Prepared beacon proposer                parent_root: 0x376a4cdd43f9b461eab962368e54e98958fe62c0562c297459046df305d9b3d9, validator: 105, prepare_slot: 55, service: beacon
Dec 01 01:41:02.004 ERRO No valid eth1_data votes, `votes_to_consider` empty, outcome: casting `state.eth1_data` as eth1 vote, genesis_time: 1733017154, earliest_block_timestamp: 1733017134, lowest_block_number: 0, service: deposit_contract_rpc
Dec 01 01:41:02.004 INFO Requesting blinded header from connected builder, parent_hash: 0x5ccefeb8bd92b9311ae9d1ed85bb9111746d934374020ea719a82900ea914a61, pubkey: 0xabd3280a86fbb8d736717d8bd950920873ff7bb8a68ac4d7c339bb3c783c6f4e6e29912f6a3528e04b13aef57d4290a1, slot: Slot(54), service: exec
Dec 01 01:41:02.008 INFO Requested blinded execution payload     parent_hash: 0x5ccefeb8bd92b9311ae9d1ed85bb9111746d934374020ea719a82900ea914a61, local_response_ms: 1, local_fee_recipient: 0x8943545177806ed17b9f23f0a21ee5948ecaa776, relay_response_ms: 3, relay_fee_recipient: empty response, service: exec
Dec 01 01:41:02.008 INFO Builder did not return a payload        parent_hash: 0x5ccefeb8bd92b9311ae9d1ed85bb9111746d934374020ea719a82900ea914a61, local_block_hash: 0x9d71d9f7290311c019d706f3b8d5f59d7a72e5530040716ca0334830669b2413, info: falling back to local execution client, service: exec
Dec 01 01:41:02.097 INFO Signed block published to network via HTTP API, publish_delay_ms: 1, slot: 54
Dec 01 01:41:02.108 INFO Valid block from HTTP API               slot: 54, proposer_index: 84, root: 0x171e…f8fe, block_delay: 96.055896ms
Dec 01 01:41:02.111 INFO Prepared beacon proposer                parent_root: 0x171efef73bb2ac091e097bcbdd761766827e6e79e75ffdd2dcf34ff1903df8fe, validator: 105, prepare_slot: 55, service: beacon
Dec 01 01:41:02.710 ERRO Attestation queue full                  queue_len: 4, msg: the system has insufficient resources for load, service: bproc
Dec 01 01:41:03.001 INFO Synced                                  slot: 54, block: 0x171e…f8fe, epoch: 1, finalized_epoch: 0, finalized_root: 0xf872…f8fe, exec_hash: 0x9d71…2413 (verified), peers: 2, service: slot_notifier
Dec 01 01:41:04.001 INFO Prepared beacon proposer                parent_root: 0x171efef73bb2ac091e097bcbdd761766827e6e79e75ffdd2dcf34ff1903df8fe, validator: 94, prepare_slot: 56, service: beacon
Dec 01 01:41:04.002 ERRO No valid eth1_data votes, `votes_to_consider` empty, outcome: casting `state.eth1_data` as eth1 vote, genesis_time: 1733017154, earliest_block_timestamp: 1733017134, lowest_block_number: 0, service: deposit_contract_rpc
Dec 01 01:41:04.002 INFO Requesting blinded header from connected builder, parent_hash: 0x9d71d9f7290311c019d706f3b8d5f59d7a72e5530040716ca0334830669b2413, pubkey: 0xa11c83b69a43111201fe36f54212afe6f12cd3a8ad551b586061901775a8205b816cc8638956c57a339228d61b520aa7, slot: Slot(55), service: exec
Dec 01 01:41:04.006 INFO Requested blinded execution payload     parent_hash: 0x9d71d9f7290311c019d706f3b8d5f59d7a72e5530040716ca0334830669b2413, local_response_ms: 3, local_fee_recipient: 0x8943545177806ed17b9f23f0a21ee5948ecaa776, relay_response_ms: 3, relay_fee_recipient: empty response, service: exec
Dec 01 01:41:04.006 INFO Builder did not return a payload        parent_hash: 0x9d71d9f7290311c019d706f3b8d5f59d7a72e5530040716ca0334830669b2413, local_block_hash: 0x3fb6aa57bc3b835b18c32607baaad202061455139e23f9ef789f1c486d98fd41, info: falling back to local execution client, service: exec
Dec 01 01:41:04.104 INFO Signed block published to network via HTTP API, publish_delay_ms: 2, slot: 55
Dec 01 01:41:04.151 INFO Valid block from HTTP API               slot: 55, proposer_index: 105, root: 0x938d…d1e5, block_delay: 101.811372ms
Dec 01 01:41:04.164 INFO Prepared beacon proposer                parent_root: 0x938dfb0b881e6603c02789b442908afeb633144be33c0adf2234fa5eb2e6d1e5, validator: 94, prepare_slot: 56, service: beacon
Dec 01 01:41:05.001 INFO Synced                                  slot: 55, block: 0x938d…d1e5, epoch: 1, finalized_epoch: 0, finalized_root: 0xf872…f8fe, exec_hash: 0x3fb6…fd41 (verified), peers: 2, service: slot_notifier
Dec 01 01:41:06.007 ERRO No valid eth1_data votes, `votes_to_consider` empty, outcome: casting `state.eth1_data` as eth1 vote, genesis_time: 1733017154, earliest_block_timestamp: 1733017134, lowest_block_number: 0, service: deposit_contract_rpc
Dec 01 01:41:06.007 INFO Requesting blinded header from connected builder, parent_hash: 0x3fb6aa57bc3b835b18c32607baaad202061455139e23f9ef789f1c486d98fd41, pubkey: 0xb26fae53e4f7d2088de3fd67ce06fde88a84a7963af20ff8901613bd8be30e9660b244e5e0bbcc39c940c814f6f3f318, slot: Slot(56), service: exec
Dec 01 01:41:06.011 INFO Requested blinded execution payload     parent_hash: 0x3fb6aa57bc3b835b18c32607baaad202061455139e23f9ef789f1c486d98fd41, local_response_ms: 2, local_fee_recipient: 0x8943545177806ed17b9f23f0a21ee5948ecaa776, relay_response_ms: 3, relay_fee_recipient: empty response, service: exec
Dec 01 01:41:06.011 INFO Builder did not return a payload        parent_hash: 0x3fb6aa57bc3b835b18c32607baaad202061455139e23f9ef789f1c486d98fd41, local_block_hash: 0x911f084856102e9178e543f74dedbc0cfd569a9981dab3ee8da9b58cfec571bd, info: falling back to local execution client, service: exec
Dec 01 01:41:06.105 INFO Signed block published to network via HTTP API, publish_delay_ms: 2, slot: 56
Dec 01 01:41:06.141 INFO Valid block from HTTP API               slot: 56, proposer_index: 94, root: 0x0b94…90e9, block_delay: 103.080944ms
Dec 01 01:41:07.001 INFO Synced                                  slot: 56, block: 0x0b94…90e9, epoch: 1, finalized_epoch: 0, finalized_root: 0xf872…f8fe, exec_hash: 0x911f…71bd (verified), peers: 2, service: slot_notifier
Dec 01 01:41:08.111 INFO New block received                      root: 0xec9a811200ef300267c426f15612acdce553c223de6f0762a8a91b9a3e01aadf, slot: 57
Dec 01 01:41:09.001 INFO Synced                                  slot: 57, block: 0xec9a…aadf, epoch: 1, finalized_epoch: 0, finalized_root: 0xf872…f8fe, exec_hash: 0x3c60…0400 (verified), peers: 2, service: slot_notifier
Dec 01 01:41:10.001 INFO Prepared beacon proposer                parent_root: 0xec9a811200ef300267c426f15612acdce553c223de6f0762a8a91b9a3e01aadf, validator: 79, prepare_slot: 59, service: beacon
Dec 01 01:41:10.029 INFO New block received                      root: 0xf6911e5e3744031b02f252f325760e492625bdc3c348640d63f8e7f404189803, slot: 58
Dec 01 01:41:10.037 INFO Prepared beacon proposer                parent_root: 0xf6911e5e3744031b02f252f325760e492625bdc3c348640d63f8e7f404189803, validator: 79, prepare_slot: 59, service: beacon
Dec 01 01:41:11.001 INFO Synced                                  slot: 58, block: 0xf691…9803, epoch: 1, finalized_epoch: 0, finalized_root: 0xf872…f8fe, exec_hash: 0x88c0…99c0 (verified), peers: 2, service: slot_notifier
Dec 01 01:41:12.001 INFO Prepared beacon proposer                parent_root: 0xf6911e5e3744031b02f252f325760e492625bdc3c348640d63f8e7f404189803, validator: 76, prepare_slot: 60, service: beacon
Dec 01 01:41:12.002 ERRO No valid eth1_data votes, `votes_to_consider` empty, outcome: casting `state.eth1_data` as eth1 vote, genesis_time: 1733017154, earliest_block_timestamp: 1733017134, lowest_block_number: 0, service: deposit_contract_rpc
Dec 01 01:41:12.002 INFO Requesting blinded header from connected builder, parent_hash: 0x88c00c238aa7054f58f89bbdd6f357bc72adc322b8e6f3884c38607b921199c0, pubkey: 0xb320e188ef282109ba8dc3d2573f9edc33831c1025a29844c86e7fc60a25627e507964725ec8dbeccfcbaa12e7fb5e1a, slot: Slot(59), service: exec
Dec 01 01:41:12.004 INFO Requested blinded execution payload     parent_hash: 0x88c00c238aa7054f58f89bbdd6f357bc72adc322b8e6f3884c38607b921199c0, local_response_ms: 0, local_fee_recipient: 0x8943545177806ed17b9f23f0a21ee5948ecaa776, relay_response_ms: 2, relay_fee_recipient: empty response, service: exec
Dec 01 01:41:12.004 INFO Builder did not return a payload        parent_hash: 0x88c00c238aa7054f58f89bbdd6f357bc72adc322b8e6f3884c38607b921199c0, local_block_hash: 0x6b409f98019897a91cb7a2f5a25d658e5cd8ff79861623d6a7a260d1355694ba, info: falling back to local execution client, service: exec
Dec 01 01:41:12.019 INFO Signed block published to network via HTTP API, publish_delay_ms: 1, slot: 59
Dec 01 01:41:12.026 INFO Valid block from HTTP API               slot: 59, proposer_index: 79, root: 0x9661…1efa, block_delay: 18.116948ms
Dec 01 01:41:12.027 INFO Prepared beacon proposer                parent_root: 0x96612a1d02e32b1930cf141638266404f7b1ae4d890144b01d4c7e5b58501efa, validator: 76, prepare_slot: 60, service: beacon
Dec 01 01:41:13.001 INFO Synced                                  slot: 59, block: 0x9661…1efa, epoch: 1, finalized_epoch: 0, finalized_root: 0xf872…f8fe, exec_hash: 0x6b40…94ba (verified), peers: 2, service: slot_notifier
Dec 01 01:41:14.002 ERRO No valid eth1_data votes, `votes_to_consider` empty, outcome: casting `state.eth1_data` as eth1 vote, genesis_time: 1733017154, earliest_block_timestamp: 1733017134, lowest_block_number: 0, service: deposit_contract_rpc
Dec 01 01:41:14.002 INFO Requesting blinded header from connected builder, parent_hash: 0x6b409f98019897a91cb7a2f5a25d658e5cd8ff79861623d6a7a260d1355694ba, pubkey: 0x91da49dbfb1a4a339ee8e1b902bf18302c3ca948da1dacfecfe9934d231013544dbd97689c2996f22b456f7e408a138c, slot: Slot(60), service: exec
Dec 01 01:41:14.005 INFO Requested blinded execution payload     parent_hash: 0x6b409f98019897a91cb7a2f5a25d658e5cd8ff79861623d6a7a260d1355694ba, local_response_ms: 0, local_fee_recipient: 0x8943545177806ed17b9f23f0a21ee5948ecaa776, relay_response_ms: 2, relay_fee_recipient: empty response, service: exec
Dec 01 01:41:14.005 INFO Builder did not return a payload        parent_hash: 0x6b409f98019897a91cb7a2f5a25d658e5cd8ff79861623d6a7a260d1355694ba, local_block_hash: 0x49569ad2307a7b397b056b4a97ae78aa8f71b272a943e8980090ce41e860ff08, info: falling back to local execution client, service: exec
Dec 01 01:41:14.023 INFO Signed block published to network via HTTP API, publish_delay_ms: 1, slot: 60
Dec 01 01:41:14.030 INFO Valid block from HTTP API               slot: 60, proposer_index: 76, root: 0xed85…e5bc, block_delay: 21.718488ms
Dec 01 01:41:15.001 INFO Synced                                  slot: 60, block: 0xed85…e5bc, epoch: 1, finalized_epoch: 0, finalized_root: 0xf872…f8fe, exec_hash: 0x4956…ff08 (verified), peers: 2, service: slot_notifier
Dec 01 01:41:16.108 INFO New block received                      root: 0xa9087cff8a534dbc5faefaa00ea2c334032549331f3ad3db48ada8f9a734e68e, slot: 61
Dec 01 01:41:17.001 INFO Synced                                  slot: 61, block: 0xa908…e68e, epoch: 1, finalized_epoch: 0, finalized_root: 0xf872…f8fe, exec_hash: 0x85e0…c051 (verified), peers: 2, service: slot_notifier
Dec 01 01:41:18.001 INFO Prepared beacon proposer                parent_root: 0xa9087cff8a534dbc5faefaa00ea2c334032549331f3ad3db48ada8f9a734e68e, validator: 115, prepare_slot: 63, service: beacon
Dec 01 01:41:18.030 INFO New block received                      root: 0x11e03a76922f7d56c312b1847be323e683ad424ed2e3e5fe0db75ef200f5e2ac, slot: 62
Dec 01 01:41:18.043 INFO Prepared beacon proposer                parent_root: 0x11e03a76922f7d56c312b1847be323e683ad424ed2e3e5fe0db75ef200f5e2ac, validator: 115, prepare_slot: 63, service: beacon
Dec 01 01:41:19.000 INFO Synced                                  slot: 62, block: 0x11e0…e2ac, epoch: 1, finalized_epoch: 0, finalized_root: 0xf872…f8fe, exec_hash: 0xb048…9a65 (verified), peers: 2, service: slot_notifier
Dec 01 01:41:20.003 ERRO No valid eth1_data votes, `votes_to_consider` empty, outcome: casting `state.eth1_data` as eth1 vote, genesis_time: 1733017154, earliest_block_timestamp: 1733017134, lowest_block_number: 0, service: deposit_contract_rpc
Dec 01 01:41:20.003 INFO Requesting blinded header from connected builder, parent_hash: 0xb048345cb0a70b0d285d2e02288ccde2cbce8359f385d7dc4994b8d899399a65, pubkey: 0xa8d747a2b2602fe32095a7dda37a86d94f8a59cc771902be8c45de5bfd9d58fc1bf46fb0cf867054cd5eacf4f331dfd1, slot: Slot(63), service: exec
Dec 01 01:41:20.005 INFO Requested blinded execution payload     parent_hash: 0xb048345cb0a70b0d285d2e02288ccde2cbce8359f385d7dc4994b8d899399a65, local_response_ms: 2, local_fee_recipient: 0x8943545177806ed17b9f23f0a21ee5948ecaa776, relay_response_ms: 2, relay_fee_recipient: empty response, service: exec
Dec 01 01:41:20.006 INFO Builder did not return a payload        parent_hash: 0xb048345cb0a70b0d285d2e02288ccde2cbce8359f385d7dc4994b8d899399a65, local_block_hash: 0xab1a3e6fc3c446e9c81d2520364830fa74c50923755a196a2c7c5165c59b1779, info: falling back to local execution client, service: exec
Dec 01 01:41:20.103 INFO Signed block published to network via HTTP API, publish_delay_ms: 2, slot: 63
Dec 01 01:41:20.127 INFO Valid block from HTTP API               slot: 63, proposer_index: 115, root: 0xece6…7dd8, block_delay: 100.878924ms
Dec 01 01:41:21.001 INFO Synced                                  slot: 63, block: 0xece6…7dd8, epoch: 1, finalized_epoch: 0, finalized_root: 0xf872…f8fe, exec_hash: 0xab1a…1779 (verified), peers: 2, service: slot_notifier
Dec 01 01:41:22.005 INFO Prepared beacon proposer                parent_root: 0xece6b7e5da405dcd0cfea79ccb8470a52a9797d1ae79a91c341ea5b77fda7dd8, validator: 71, prepare_slot: 65, service: beacon
Dec 01 01:41:22.006 INFO Forwarding register validator request to connected builder, count: 64
Dec 01 01:41:23.001 INFO Synced                                  slot: 64, block:    …  empty, epoch: 2, finalized_epoch: 0, finalized_root: 0xf872…f8fe, exec_hash: 0xab1a…1779 (verified), peers: 2, service: slot_notifier
Dec 01 01:41:24.001 INFO Prepared beacon proposer                parent_root: 0xece6b7e5da405dcd0cfea79ccb8470a52a9797d1ae79a91c341ea5b77fda7dd8, validator: 84, prepare_slot: 66, service: beacon
Dec 01 01:41:24.002 ERRO No valid eth1_data votes, `votes_to_consider` empty, outcome: casting `state.eth1_data` as eth1 vote, genesis_time: 1733017154, earliest_block_timestamp: 1733017134, lowest_block_number: 0, service: deposit_contract_rpc
Dec 01 01:41:24.002 INFO Requesting blinded header from connected builder, parent_hash: 0xab1a3e6fc3c446e9c81d2520364830fa74c50923755a196a2c7c5165c59b1779, pubkey: 0xa39731d5cb52838d02d4ff897ab908c0f76a9ef837f9288c634ed3091a1f69d5347dc65cd2c8009a5207a369a4c6bdae, slot: Slot(65), service: exec
Dec 01 01:41:24.028 INFO Requested blinded execution payload     parent_hash: 0xab1a3e6fc3c446e9c81d2520364830fa74c50923755a196a2c7c5165c59b1779, local_response_ms: 5, local_fee_recipient: 0x8943545177806ed17b9f23f0a21ee5948ecaa776, relay_response_ms: 25, relay_fee_recipient: empty response, service: exec
Dec 01 01:41:24.028 INFO Builder did not return a payload        parent_hash: 0xab1a3e6fc3c446e9c81d2520364830fa74c50923755a196a2c7c5165c59b1779, local_block_hash: 0x55e34731da618af23b496c234869c91eed0ba37e586d0070a7e7c15af1ae6315, info: falling back to local execution client, service: exec
Dec 01 01:41:24.105 INFO Signed block published to network via HTTP API, publish_delay_ms: 3, slot: 65
Dec 01 01:41:24.158 INFO Valid block from HTTP API               slot: 65, proposer_index: 71, root: 0xd378…9bd7, block_delay: 101.470028ms
Dec 01 01:41:24.166 INFO Prepared beacon proposer                parent_root: 0xd37823802780ddc794f23bb53050085c20efeee248017c46b1ec52b04d2d9bd7, validator: 84, prepare_slot: 66, service: beacon
Dec 01 01:41:25.001 INFO Synced                                  slot: 65, block: 0xd378…9bd7, epoch: 2, finalized_epoch: 0, finalized_root: 0xf872…f8fe, exec_hash: 0x55e3…6315 (verified), peers: 2, service: slot_notifier
Dec 01 01:41:26.001 INFO Prepared beacon proposer                parent_root: 0xd37823802780ddc794f23bb53050085c20efeee248017c46b1ec52b04d2d9bd7, validator: 71, prepare_slot: 67, service: beacon
Dec 01 01:41:26.004 ERRO No valid eth1_data votes, `votes_to_consider` empty, outcome: casting `state.eth1_data` as eth1 vote, genesis_time: 1733017154, earliest_block_timestamp: 1733017134, lowest_block_number: 0, service: deposit_contract_rpc
Dec 01 01:41:26.004 INFO Requesting blinded header from connected builder, parent_hash: 0x55e34731da618af23b496c234869c91eed0ba37e586d0070a7e7c15af1ae6315, pubkey: 0xabd3280a86fbb8d736717d8bd950920873ff7bb8a68ac4d7c339bb3c783c6f4e6e29912f6a3528e04b13aef57d4290a1, slot: Slot(66), service: exec
Dec 01 01:41:26.005 INFO Requested blinded execution payload     parent_hash: 0x55e34731da618af23b496c234869c91eed0ba37e586d0070a7e7c15af1ae6315, local_response_ms: 0, local_fee_recipient: 0x8943545177806ed17b9f23f0a21ee5948ecaa776, relay_response_ms: 1, relay_fee_recipient: empty response, service: exec
Dec 01 01:41:26.005 INFO Builder did not return a payload        parent_hash: 0x55e34731da618af23b496c234869c91eed0ba37e586d0070a7e7c15af1ae6315, local_block_hash: 0xa363d7c36bf1e9cdebb50d6a86e2fe3ab338bee68fbe1d53069464084dff203a, info: falling back to local execution client, service: exec
Dec 01 01:41:26.019 INFO Signed block published to network via HTTP API, publish_delay_ms: 1, slot: 66
Dec 01 01:41:26.025 INFO Valid block from HTTP API               slot: 66, proposer_index: 84, root: 0xd5d1…04ac, block_delay: 18.185019ms
Dec 01 01:41:26.027 INFO Prepared beacon proposer                parent_root: 0xd5d12be8dc44dae8304b443ca0548f52d15acbe7b77e00d0a61c5de41fd704ac, validator: 71, prepare_slot: 67, service: beacon
Dec 01 01:41:27.001 INFO Synced                                  slot: 66, block: 0xd5d1…04ac, epoch: 2, finalized_epoch: 0, finalized_root: 0xf872…f8fe, exec_hash: 0xa363…203a (verified), peers: 2, service: slot_notifier
Dec 01 01:41:28.001 INFO Prepared beacon proposer                parent_root: 0xd5d12be8dc44dae8304b443ca0548f52d15acbe7b77e00d0a61c5de41fd704ac, validator: 81, prepare_slot: 68, service: beacon
Dec 01 01:41:28.002 ERRO No valid eth1_data votes, `votes_to_consider` empty, outcome: casting `state.eth1_data` as eth1 vote, genesis_time: 1733017154, earliest_block_timestamp: 1733017134, lowest_block_number: 0, service: deposit_contract_rpc
Dec 01 01:41:28.003 INFO Requesting blinded header from connected builder, parent_hash: 0xa363d7c36bf1e9cdebb50d6a86e2fe3ab338bee68fbe1d53069464084dff203a, pubkey: 0xa39731d5cb52838d02d4ff897ab908c0f76a9ef837f9288c634ed3091a1f69d5347dc65cd2c8009a5207a369a4c6bdae, slot: Slot(67), service: exec
Dec 01 01:41:28.005 INFO Requested blinded execution payload     parent_hash: 0xa363d7c36bf1e9cdebb50d6a86e2fe3ab338bee68fbe1d53069464084dff203a, local_response_ms: 1, local_fee_recipient: 0x8943545177806ed17b9f23f0a21ee5948ecaa776, relay_response_ms: 2, relay_fee_recipient: empty response, service: exec
Dec 01 01:41:28.005 INFO Builder did not return a payload        parent_hash: 0xa363d7c36bf1e9cdebb50d6a86e2fe3ab338bee68fbe1d53069464084dff203a, local_block_hash: 0x647e96526dd68cef62a7b726f1a896a4bc7e0a1a7dba64e757effb9ef8020922, info: falling back to local execution client, service: exec
Dec 01 01:41:28.022 INFO Signed block published to network via HTTP API, publish_delay_ms: 1, slot: 67
Dec 01 01:41:28.030 INFO Valid block from HTTP API               slot: 67, proposer_index: 71, root: 0xf327…718a, block_delay: 20.85149ms
Dec 01 01:41:28.032 INFO Prepared beacon proposer                parent_root: 0xf327823e62f110e3ff1d134e40068315ff1aae34af366fb1fa96a8320157718a, validator: 81, prepare_slot: 68, service: beacon
Dec 01 01:41:29.001 INFO Synced                                  slot: 67, block: 0xf327…718a, epoch: 2, finalized_epoch: 0, finalized_root: 0xf872…f8fe, exec_hash: 0x647e…0922 (verified), peers: 2, service: slot_notifier
Dec 01 01:41:30.002 INFO Prepared beacon proposer                parent_root: 0xf327823e62f110e3ff1d134e40068315ff1aae34af366fb1fa96a8320157718a, validator: 87, prepare_slot: 69, service: beacon
Dec 01 01:41:30.003 ERRO No valid eth1_data votes, `votes_to_consider` empty, outcome: casting `state.eth1_data` as eth1 vote, genesis_time: 1733017154, earliest_block_timestamp: 1733017134, lowest_block_number: 0, service: deposit_contract_rpc
Dec 01 01:41:30.003 INFO Requesting blinded header from connected builder, parent_hash: 0x647e96526dd68cef62a7b726f1a896a4bc7e0a1a7dba64e757effb9ef8020922, pubkey: 0x95d7b5b39931578c673a6ffdcd5b3618ddf08b40909fd0ee04a74c70aae4e88c55a43d5b71cdf40c514195a7805019b3, slot: Slot(68), service: exec
Dec 01 01:41:30.005 INFO Requested blinded execution payload     parent_hash: 0x647e96526dd68cef62a7b726f1a896a4bc7e0a1a7dba64e757effb9ef8020922, local_response_ms: 0, local_fee_recipient: 0x8943545177806ed17b9f23f0a21ee5948ecaa776, relay_response_ms: 1, relay_fee_recipient: empty response, service: exec
Dec 01 01:41:30.005 INFO Builder did not return a payload        parent_hash: 0x647e96526dd68cef62a7b726f1a896a4bc7e0a1a7dba64e757effb9ef8020922, local_block_hash: 0x36805858a3dc35d2a3f64ab9ec1b08b9485c8b1bb6aef4bdaf39e460a5a1de15, info: falling back to local execution client, service: exec
Dec 01 01:41:30.014 INFO Signed block published to network via HTTP API, publish_delay_ms: 0, slot: 68
Dec 01 01:41:30.018 INFO Valid block from HTTP API               slot: 68, proposer_index: 81, root: 0xfd4d…1821, block_delay: 13.933633ms
Dec 01 01:41:30.019 INFO Prepared beacon proposer                parent_root: 0xfd4d1b43cb5b3dc24ce2d0be076f61f9ff0cebdfede57750a27117ebaf831821, validator: 87, prepare_slot: 69, service: beacon
Dec 01 01:41:31.001 INFO Synced                                  slot: 68, block: 0xfd4d…1821, epoch: 2, finalized_epoch: 0, finalized_root: 0xf872…f8fe, exec_hash: 0x3680…de15 (verified), peers: 2, service: slot_notifier
Dec 01 01:41:32.006 ERRO No valid eth1_data votes, `votes_to_consider` empty, outcome: casting `state.eth1_data` as eth1 vote, genesis_time: 1733017154, earliest_block_timestamp: 1733017134, lowest_block_number: 0, service: deposit_contract_rpc
Dec 01 01:41:32.006 INFO Requesting blinded header from connected builder, parent_hash: 0x36805858a3dc35d2a3f64ab9ec1b08b9485c8b1bb6aef4bdaf39e460a5a1de15, pubkey: 0x958b57a4b16322f680eb4eebf37c538f1b5bf96400e51f99df6a4a439b75b9acd8866caf4a091d02f25510d3bba1aa26, slot: Slot(69), service: exec
Dec 01 01:41:32.008 INFO Requested blinded execution payload     parent_hash: 0x36805858a3dc35d2a3f64ab9ec1b08b9485c8b1bb6aef4bdaf39e460a5a1de15, local_response_ms: 0, local_fee_recipient: 0x8943545177806ed17b9f23f0a21ee5948ecaa776, relay_response_ms: 2, relay_fee_recipient: empty response, service: exec
Dec 01 01:41:32.008 INFO Builder did not return a payload        parent_hash: 0x36805858a3dc35d2a3f64ab9ec1b08b9485c8b1bb6aef4bdaf39e460a5a1de15, local_block_hash: 0x40574a28b551a148553c2a250a68f4b887180e13841ba99f3cc0edd75ffeeb64, info: falling back to local execution client, service: exec
Dec 01 01:41:32.087 INFO Signed block published to network via HTTP API, publish_delay_ms: 1, slot: 69
Dec 01 01:41:32.097 INFO Valid block from HTTP API               slot: 69, proposer_index: 87, root: 0xf3db…5b8e, block_delay: 85.762846ms
Dec 01 01:41:33.001 INFO Synced                                  slot: 69, block: 0xf3db…5b8e, epoch: 2, finalized_epoch: 0, finalized_root: 0xf872…f8fe, exec_hash: 0x4057…eb64 (verified), peers: 2, service: slot_notifier
Dec 01 01:41:34.002 INFO Prepared beacon proposer                parent_root: 0xf3db01b579e3d76e2bd51ba1bd723419cf5835ff88fc690877790df628155b8e, validator: 123, prepare_slot: 71, service: beacon
Dec 01 01:41:34.110 INFO New block received                      root: 0x4e59cf16c24c7349e5d0895f74da9e4d6227b3b9c78a1f874e0d78c197fd2fa5, slot: 70
Dec 01 01:41:34.125 INFO Prepared beacon proposer                parent_root: 0x4e59cf16c24c7349e5d0895f74da9e4d6227b3b9c78a1f874e0d78c197fd2fa5, validator: 123, prepare_slot: 71, service: beacon
Dec 01 01:41:35.001 INFO Synced                                  slot: 70, block: 0x4e59…2fa5, epoch: 2, finalized_epoch: 0, finalized_root: 0xf872…f8fe, exec_hash: 0xdd94…1056 (verified), peers: 2, service: slot_notifier
Dec 01 01:41:36.005 ERRO No valid eth1_data votes, `votes_to_consider` empty, outcome: casting `state.eth1_data` as eth1 vote, genesis_time: 1733017154, earliest_block_timestamp: 1733017134, lowest_block_number: 0, service: deposit_contract_rpc
Dec 01 01:41:36.005 INFO Requesting blinded header from connected builder, parent_hash: 0xdd9413800f40ccb182e192b791b4f2e979e484d85c7c0e727cffee3edbcf1056, pubkey: 0xb967afc934f2efd001a6901490e770602f80df9ec0eb3293490ed8c55e14d08f5bebb7bd183f485de29a8423d859a501, slot: Slot(71), service: exec
Dec 01 01:41:36.009 INFO Requested blinded execution payload     parent_hash: 0xdd9413800f40ccb182e192b791b4f2e979e484d85c7c0e727cffee3edbcf1056, local_response_ms: 1, local_fee_recipient: 0x8943545177806ed17b9f23f0a21ee5948ecaa776, relay_response_ms: 3, relay_fee_recipient: empty response, service: exec
Dec 01 01:41:36.009 INFO Builder did not return a payload        parent_hash: 0xdd9413800f40ccb182e192b791b4f2e979e484d85c7c0e727cffee3edbcf1056, local_block_hash: 0xdb37e72b1fd1116154b6813ca138d8d774993f590415139f2fbcbebcf0f5debc, info: falling back to local execution client, service: exec
Dec 01 01:41:36.096 INFO Signed block published to network via HTTP API, publish_delay_ms: 1, slot: 71
Dec 01 01:41:36.107 INFO Valid block from HTTP API               slot: 71, proposer_index: 123, root: 0x9fa5…a943, block_delay: 95.031079ms
Dec 01 01:41:37.001 INFO Synced                                  slot: 71, block: 0x9fa5…a943, epoch: 2, finalized_epoch: 0, finalized_root: 0xf872…f8fe, exec_hash: 0xdb37…debc (verified), peers: 2, service: slot_notifier
Dec 01 01:41:38.005 INFO Prepared beacon proposer                parent_root: 0x9fa55acd8180819fd4868b300eb9c57439d51437748d7ea88b849e40953ca943, validator: 117, prepare_slot: 73, service: beacon
Dec 01 01:41:38.111 INFO New block received                      root: 0xd70eea0628281f571f6b745bf29e735061d7cb5d9ec76bfd5593dc911ca403f0, slot: 72
Dec 01 01:41:38.121 INFO Prepared beacon proposer                parent_root: 0xd70eea0628281f571f6b745bf29e735061d7cb5d9ec76bfd5593dc911ca403f0, validator: 117, prepare_slot: 73, service: beacon
Dec 01 01:41:39.001 INFO Synced                                  slot: 72, block: 0xd70e…03f0, epoch: 2, finalized_epoch: 0, finalized_root: 0xf872…f8fe, exec_hash: 0xa9c5…c85e (verified), peers: 2, service: slot_notifier
Dec 01 01:41:40.003 INFO Prepared beacon proposer                parent_root: 0xd70eea0628281f571f6b745bf29e735061d7cb5d9ec76bfd5593dc911ca403f0, validator: 77, prepare_slot: 74, service: beacon
Dec 01 01:41:40.004 ERRO No valid eth1_data votes, `votes_to_consider` empty, outcome: casting `state.eth1_data` as eth1 vote, genesis_time: 1733017154, earliest_block_timestamp: 1733017134, lowest_block_number: 0, service: deposit_contract_rpc
Dec 01 01:41:40.004 INFO Requesting blinded header from connected builder, parent_hash: 0xa9c5011512a6ad8f388681a3f98cb5859de4e07a46cc2bdb92b28b9371a3c85e, pubkey: 0x8d9dc5d04f5b105ddd3e84529e16f33748969fea81729ea7dc087fee8f1e3e2faeaaee3ca7ee5dc264a22cbe0ff809b3, slot: Slot(73), service: exec
Dec 01 01:41:40.032 INFO Requested blinded execution payload     parent_hash: 0xa9c5011512a6ad8f388681a3f98cb5859de4e07a46cc2bdb92b28b9371a3c85e, local_response_ms: 1, local_fee_recipient: 0x8943545177806ed17b9f23f0a21ee5948ecaa776, relay_response_ms: 27, relay_fee_recipient: empty response, service: exec
Dec 01 01:41:40.032 INFO Builder did not return a payload        parent_hash: 0xa9c5011512a6ad8f388681a3f98cb5859de4e07a46cc2bdb92b28b9371a3c85e, local_block_hash: 0xee2039a63090a27be42907a0128059db4c207f3ab8ed6ce6217572f33d34a9c4, info: falling back to local execution client, service: exec
Dec 01 01:41:40.103 INFO Signed block published to network via HTTP API, publish_delay_ms: 1, slot: 73
Dec 01 01:41:40.122 INFO Valid block from HTTP API               slot: 73, proposer_index: 117, root: 0x465f…3e85, block_delay: 101.570285ms
Dec 01 01:41:40.129 INFO Prepared beacon proposer                parent_root: 0x465f29e496a88e31313ff2b8d0ad85d84cf6a91384fec2f49c6894578d363e85, validator: 77, prepare_slot: 74, service: beacon
Dec 01 01:41:41.002 INFO Synced                                  slot: 73, block: 0x465f…3e85, epoch: 2, finalized_epoch: 0, finalized_root: 0xf872…f8fe, exec_hash: 0xee20…a9c4 (verified), peers: 2, service: slot_notifier
Dec 01 01:41:42.004 INFO Prepared beacon proposer                parent_root: 0x465f29e496a88e31313ff2b8d0ad85d84cf6a91384fec2f49c6894578d363e85, validator: 93, prepare_slot: 75, service: beacon
Dec 01 01:41:42.005 ERRO No valid eth1_data votes, `votes_to_consider` empty, outcome: casting `state.eth1_data` as eth1 vote, genesis_time: 1733017154, earliest_block_timestamp: 1733017134, lowest_block_number: 0, service: deposit_contract_rpc
Dec 01 01:41:42.005 INFO Requesting blinded header from connected builder, parent_hash: 0xee2039a63090a27be42907a0128059db4c207f3ab8ed6ce6217572f33d34a9c4, pubkey: 0x93d491d7211af181ccab8353567ad10c065a6e991c9b70def7215c62fa3bf843a177e18b00580deead4b5678f46d4d39, slot: Slot(74), service: exec
Dec 01 01:41:42.014 INFO Requested blinded execution payload     parent_hash: 0xee2039a63090a27be42907a0128059db4c207f3ab8ed6ce6217572f33d34a9c4, local_response_ms: 5, local_fee_recipient: 0x8943545177806ed17b9f23f0a21ee5948ecaa776, relay_response_ms: 8, relay_fee_recipient: empty response, service: exec
Dec 01 01:41:42.014 INFO Builder did not return a payload        parent_hash: 0xee2039a63090a27be42907a0128059db4c207f3ab8ed6ce6217572f33d34a9c4, local_block_hash: 0x43f6c88aefc2ddf645cdbd83ef062c8bc64b2fdde889ae9d345d3d3f767ea86e, info: falling back to local execution client, service: exec
Dec 01 01:41:42.106 INFO Signed block published to network via HTTP API, publish_delay_ms: 2, slot: 74
Dec 01 01:41:42.170 INFO Valid block from HTTP API               slot: 74, proposer_index: 77, root: 0x0eac…7d2d, block_delay: 103.50936ms
Dec 01 01:41:42.180 INFO Prepared beacon proposer                parent_root: 0x0eac507788ec7ad60d0d8db5d26abdd37b87333ed0e4e0e760b9cdf706d17d2d, validator: 93, prepare_slot: 75, service: beacon
Dec 01 01:41:43.001 INFO Synced                                  slot: 74, block: 0x0eac…7d2d, epoch: 2, finalized_epoch: 0, finalized_root: 0xf872…f8fe, exec_hash: 0x43f6…a86e (verified), peers: 2, service: slot_notifier
Dec 01 01:41:44.005 INFO Prepared beacon proposer                parent_root: 0x0eac507788ec7ad60d0d8db5d26abdd37b87333ed0e4e0e760b9cdf706d17d2d, validator: 73, prepare_slot: 76, service: beacon
Dec 01 01:41:44.006 ERRO No valid eth1_data votes, `votes_to_consider` empty, outcome: casting `state.eth1_data` as eth1 vote, genesis_time: 1733017154, earliest_block_timestamp: 1733017134, lowest_block_number: 0, service: deposit_contract_rpc
Dec 01 01:41:44.006 INFO Requesting blinded header from connected builder, parent_hash: 0x43f6c88aefc2ddf645cdbd83ef062c8bc64b2fdde889ae9d345d3d3f767ea86e, pubkey: 0x961a7d85c4e61428f07c4c4d41cc03115ec423bf40172b21f9db161edec282c950782ade73a6dfa915da1c39c716eb1f, slot: Slot(75), service: exec
Dec 01 01:41:44.059 INFO Requested blinded execution payload     parent_hash: 0x43f6c88aefc2ddf645cdbd83ef062c8bc64b2fdde889ae9d345d3d3f767ea86e, local_response_ms: 1, local_fee_recipient: 0x8943545177806ed17b9f23f0a21ee5948ecaa776, relay_response_ms: 53, relay_fee_recipient: empty response, service: exec
Dec 01 01:41:44.059 INFO Builder did not return a payload        parent_hash: 0x43f6c88aefc2ddf645cdbd83ef062c8bc64b2fdde889ae9d345d3d3f767ea86e, local_block_hash: 0x4e467c47b91361d886cd2d6fdd6e2faa6eec8b7b78a9cfa112e5fbe847cf94c1, info: falling back to local execution client, service: exec
Dec 01 01:41:44.100 INFO Signed block published to network via HTTP API, publish_delay_ms: 1, slot: 75
Dec 01 01:41:44.109 INFO Valid block from HTTP API               slot: 75, proposer_index: 93, root: 0x0900…a6d2, block_delay: 98.45383ms
Dec 01 01:41:44.116 INFO Prepared beacon proposer                parent_root: 0x09008868b61305d710a7982c52adeefe44dec51d5b9900fe564dc6afa9caa6d2, validator: 73, prepare_slot: 76, service: beacon
Dec 01 01:41:45.001 INFO Synced                                  slot: 75, block: 0x0900…a6d2, epoch: 2, finalized_epoch: 0, finalized_root: 0xf872…f8fe, exec_hash: 0x4e46…94c1 (verified), peers: 2, service: slot_notifier
Dec 01 01:41:46.003 ERRO No valid eth1_data votes, `votes_to_consider` empty, outcome: casting `state.eth1_data` as eth1 vote, genesis_time: 1733017154, earliest_block_timestamp: 1733017134, lowest_block_number: 0, service: deposit_contract_rpc
Dec 01 01:41:46.003 INFO Requesting blinded header from connected builder, parent_hash: 0x4e467c47b91361d886cd2d6fdd6e2faa6eec8b7b78a9cfa112e5fbe847cf94c1, pubkey: 0x95833097520df43a5cb013e97f80041a7a0b7d84a4ec79e2f16baeeb6edfbcf62ede97becfde73883831bb65e1415dc0, slot: Slot(76), service: exec
Dec 01 01:41:46.011 INFO Requested blinded execution payload     parent_hash: 0x4e467c47b91361d886cd2d6fdd6e2faa6eec8b7b78a9cfa112e5fbe847cf94c1, local_response_ms: 6, local_fee_recipient: 0x8943545177806ed17b9f23f0a21ee5948ecaa776, relay_response_ms: 8, relay_fee_recipient: empty response, service: exec
Dec 01 01:41:46.011 INFO Builder did not return a payload        parent_hash: 0x4e467c47b91361d886cd2d6fdd6e2faa6eec8b7b78a9cfa112e5fbe847cf94c1, local_block_hash: 0x3df37927e0f5ae9ed00320be789136736301d37f5198a21ee5e8cac37ab1659f, info: falling back to local execution client, service: exec
Dec 01 01:41:46.105 INFO Signed block published to network via HTTP API, publish_delay_ms: 2, slot: 76
Dec 01 01:41:46.150 INFO Valid block from HTTP API               slot: 76, proposer_index: 73, root: 0x1c18…1a79, block_delay: 102.702044ms
Dec 01 01:41:47.001 INFO Synced                                  slot: 76, block: 0x1c18…1a79, epoch: 2, finalized_epoch: 0, finalized_root: 0xf872…f8fe, exec_hash: 0x3df3…659f (verified), peers: 2, service: slot_notifier
Dec 01 01:41:48.114 INFO New block received                      root: 0xe52e78183be2752192bd608c6eab3f1662cb0d652cb3014e3990b12f684e5912, slot: 77
Dec 01 01:41:49.001 INFO Synced                                  slot: 77, block: 0xe52e…5912, epoch: 2, finalized_epoch: 0, finalized_root: 0xf872…f8fe, exec_hash: 0xafc1…448b (verified), peers: 2, service: slot_notifier
Dec 01 01:41:50.112 INFO New block received                      root: 0x93924d378f9e057d124f7cec48f8c80273f6aa2e0d81f4ad488891af43a6896b, slot: 78
Dec 01 01:41:51.004 INFO Synced                                  slot: 78, block: 0x9392…896b, epoch: 2, finalized_epoch: 0, finalized_root: 0xf872…f8fe, exec_hash: 0x5a13…fb92 (verified), peers: 2, service: slot_notifier
