INFO [12-01|01:39:24.229] Block finalized and assembled            height=6 blockProfit=0 txs=0  bundles=0 okSbundles=0 totalSbundles=0 gasUsed=0 time="458.949µs"
INFO [12-01|01:39:24.231] Block finalized and assembled            height=6 blockProfit=0 txs=0  bundles=0 okSbundles=0 totalSbundles=0 gasUsed=0 time=1.327267ms
INFO [12-01|01:39:24.231] Updated payload                          id=0x033ce575c3a264b2 number=6 hash=fe9b6d..ef367b txs=0  withdrawals=0 gas=0 fees=0 root=61038e..885df0 elapsed=1.534ms
ERROR[12-01|01:39:24.232] error with builder processing on payload attribute latestSlot=6 processedSlot=6 headHash=0xa7dd3441ea8d3f311e73aea0304fc8306861dbe946f7012d246b27557a8169fa error="could not get validator while submitting block for slot 6 - validator not found"
ERROR[12-01|01:39:24.232] could not update validators map          err="sync is ongoing"
ERROR[12-01|01:39:24.957] could not get validators map from relay  err="Get \"http://mev-relay-api:9062/relay/v1/builder/validators\": dial tcp: lookup mev-relay-api on 127.0.0.11:53: no such host"
ERROR[12-01|01:39:24.957] could not update validators map          err="Get \"http://mev-relay-api:9062/relay/v1/builder/validators\": dial tcp: lookup mev-relay-api on 127.0.0.11:53: no such host"
ERROR[12-01|01:39:25.919] error with builder processing on payload attribute latestSlot=6 processedSlot=6 headHash=0xa7dd3441ea8d3f311e73aea0304fc8306861dbe946f7012d246b27557a8169fa error="could not get validator while submitting block for slot 6 - validator not found"
INFO [12-01|01:39:25.919] requesting                               currentSlot=6
ERROR[12-01|01:39:25.922] could not get validators map from relay, retrying err="could not unmarshal response : unexpected end of JSON input"
INFO [12-01|01:39:26.003] Block finalized and assembled            height=6 blockProfit=0 txs=0  bundles=0 okSbundles=0 totalSbundles=0 gasUsed=0 time="855.758µs"
INFO [12-01|01:39:26.004] Block finalized and assembled            height=6 blockProfit=0 txs=0  bundles=0 okSbundles=0 totalSbundles=0 gasUsed=0 time="418.338µs"
INFO [12-01|01:39:26.004] Updated payload                          id=0x03c1382733be8683 number=6 hash=3b7c21..2253f9 txs=0  withdrawals=0 gas=0 fees=0 root=d53ff1..c32476 elapsed="519.29µs"
ERROR[12-01|01:39:26.005] error with builder processing on payload attribute latestSlot=7 processedSlot=7 headHash=0xa7dd3441ea8d3f311e73aea0304fc8306861dbe946f7012d246b27557a8169fa error="could not get validator while submitting block for slot 7 - validator not found"
ERROR[12-01|01:39:26.005] could not update validators map          err="sync is ongoing"
INFO [12-01|01:39:26.215] Imported new potential chain segment     number=6 hash=015147..a68964 blocks=1 txs=0  mgas=0.000  elapsed=2.132ms     mgasps=0.000   snapdiffs=4.48KiB triedirty=30.84KiB
INFO [12-01|01:39:26.219] Chain head was updated                   number=6 hash=015147..a68964 root=61038e..885df0 elapsed=1.754067ms
ERROR[12-01|01:39:26.219] Nil finalized block cannot evict old blobs
INFO [12-01|01:39:26.220] Block finalized and assembled            height=7 blockProfit=0 txs=0  bundles=0 okSbundles=0 totalSbundles=0 gasUsed=0 time="180.424µs"
INFO [12-01|01:39:26.220] Block finalized and assembled            height=7 blockProfit=0 txs=0  bundles=0 okSbundles=0 totalSbundles=0 gasUsed=0 time="235.845µs"
INFO [12-01|01:39:26.220] Updated payload                          id=0x03ce3c15b8ebc997 number=7 hash=47a389..93c4a4 txs=0  withdrawals=0 gas=0 fees=0 root=56f29f..9515a0 elapsed="254.985µs"
ERROR[12-01|01:39:26.220] error with builder processing on payload attribute latestSlot=7 processedSlot=7 headHash=0x015147fcd500a31ceec7a3de6f32071f16b8e370fab4a1f0ac75709b41a68964 error="could not get validator while submitting block for slot 7 - validator not found"
ERROR[12-01|01:39:26.220] could not update validators map          err="sync is ongoing"
ERROR[12-01|01:39:26.925] could not get validators map from relay  err="could not unmarshal response : unexpected end of JSON input"
ERROR[12-01|01:39:26.925] could not update validators map          err="could not unmarshal response : unexpected end of JSON input"
ERROR[12-01|01:39:27.919] error with builder processing on payload attribute latestSlot=7 processedSlot=7 headHash=0x015147fcd500a31ceec7a3de6f32071f16b8e370fab4a1f0ac75709b41a68964 error="could not get validator while submitting block for slot 7 - validator not found"
INFO [12-01|01:39:27.919] requesting                               currentSlot=7
ERROR[12-01|01:39:27.920] could not get validators map from relay, retrying err="could not unmarshal response : unexpected end of JSON input"
INFO [12-01|01:39:28.002] Block finalized and assembled            height=7 blockProfit=0 txs=0  bundles=0 okSbundles=0 totalSbundles=0 gasUsed=0 time="479.97µs"
INFO [12-01|01:39:28.003] Block finalized and assembled            height=7 blockProfit=0 txs=0  bundles=0 okSbundles=0 totalSbundles=0 gasUsed=0 time="768.826µs"
INFO [12-01|01:39:28.003] Updated payload                          id=0x03364648bef94037 number=7 hash=a75240..57fad7 txs=0  withdrawals=0 gas=0 fees=0 root=eff4c3..4839e7 elapsed="826.247µs"
ERROR[12-01|01:39:28.004] error with builder processing on payload attribute latestSlot=8 processedSlot=8 headHash=0x015147fcd500a31ceec7a3de6f32071f16b8e370fab4a1f0ac75709b41a68964 error="could not get validator while submitting block for slot 8 - validator not found"
ERROR[12-01|01:39:28.004] could not update validators map          err="sync is ongoing"
INFO [12-01|01:39:28.216] Imported new potential chain segment     number=7 hash=989014..dbb793 blocks=1 txs=0  mgas=0.000  elapsed=2.166ms     mgasps=0.000   snapdiffs=4.71KiB triedirty=33.67KiB
INFO [12-01|01:39:28.224] Chain head was updated                   number=7 hash=989014..dbb793 root=56f29f..9515a0 elapsed=2.231707ms
ERROR[12-01|01:39:28.224] Nil finalized block cannot evict old blobs
INFO [12-01|01:39:28.227] Block finalized and assembled            height=8 blockProfit=0 txs=0  bundles=0 okSbundles=0 totalSbundles=0 gasUsed=0 time="950.47µs"
INFO [12-01|01:39:28.229] Block finalized and assembled            height=8 blockProfit=0 txs=0  bundles=0 okSbundles=0 totalSbundles=0 gasUsed=0 time=1.246005ms
INFO [12-01|01:39:28.229] Updated payload                          id=0x03fafb1fb834ed30 number=8 hash=33ef13..9f216d txs=0  withdrawals=0 gas=0 fees=0 root=891292..a9ab80 elapsed=1.461ms
ERROR[12-01|01:39:28.229] error with builder processing on payload attribute latestSlot=8 processedSlot=8 headHash=0x9890145bdaebd9a59404c4864a04510e7d8c8b956e86308efc603cec6fdbb793 error="could not get validator while submitting block for slot 8 - validator not found"
ERROR[12-01|01:39:28.229] could not update validators map          err="sync is ongoing"
ERROR[12-01|01:39:28.922] could not get validators map from relay  err="could not unmarshal response : unexpected end of JSON input"
ERROR[12-01|01:39:28.922] could not update validators map          err="could not unmarshal response : unexpected end of JSON input"
ERROR[12-01|01:39:29.919] error with builder processing on payload attribute latestSlot=8 processedSlot=8 headHash=0x9890145bdaebd9a59404c4864a04510e7d8c8b956e86308efc603cec6fdbb793 error="could not get validator while submitting block for slot 8 - validator not found"
INFO [12-01|01:39:29.919] requesting                               currentSlot=8
ERROR[12-01|01:39:29.919] could not get validators map from relay, retrying err="could not unmarshal response : unexpected end of JSON input"
INFO [12-01|01:39:30.002] Block finalized and assembled            height=8 blockProfit=0 txs=0  bundles=0 okSbundles=0 totalSbundles=0 gasUsed=0 time="380.658µs"
INFO [12-01|01:39:30.003] Block finalized and assembled            height=8 blockProfit=0 txs=0  bundles=0 okSbundles=0 totalSbundles=0 gasUsed=0 time="303.166µs"
INFO [12-01|01:39:30.003] Updated payload                          id=0x0390a7e8e979d95f number=8 hash=93fea1..5b9a1b txs=0  withdrawals=0 gas=0 fees=0 root=edbadb..3be991 elapsed="321.267µs"
ERROR[12-01|01:39:30.003] error with builder processing on payload attribute latestSlot=9 processedSlot=9 headHash=0x9890145bdaebd9a59404c4864a04510e7d8c8b956e86308efc603cec6fdbb793 error="could not get validator while submitting block for slot 9 - validator not found"
ERROR[12-01|01:39:30.003] could not update validators map          err="sync is ongoing"
INFO [12-01|01:39:30.090] Looking for peers                        peercount=2 tried=71 static=0
INFO [12-01|01:39:30.221] Imported new potential chain segment     number=8 hash=33cd68..95b6fe blocks=1 txs=0  mgas=0.000  elapsed=2.975ms     mgasps=0.000   snapdiffs=4.94KiB triedirty=36.35KiB
INFO [12-01|01:39:30.228] Chain head was updated                   number=8 hash=33cd68..95b6fe root=891292..a9ab80 elapsed=1.994821ms
ERROR[12-01|01:39:30.229] Nil finalized block cannot evict old blobs
INFO [12-01|01:39:30.231] Block finalized and assembled            height=9 blockProfit=0 txs=0  bundles=0 okSbundles=0 totalSbundles=0 gasUsed=0 time="392.148µs"
INFO [12-01|01:39:30.232] Block finalized and assembled            height=9 blockProfit=0 txs=0  bundles=0 okSbundles=0 totalSbundles=0 gasUsed=0 time="726.285µs"
INFO [12-01|01:39:30.232] Updated payload                          id=0x03b74f2ae148d372 number=9 hash=56026d..973aa3 txs=0  withdrawals=0 gas=0 fees=0 root=9c263a..080d08 elapsed="824.987µs"
ERROR[12-01|01:39:30.232] error with builder processing on payload attribute latestSlot=9 processedSlot=9 headHash=0x33cd68743ce5a840a4a40dca3f91bd3818ce5b1b91ca1eae26ca3082a195b6fe error="could not get validator while submitting block for slot 9 - validator not found"
ERROR[12-01|01:39:30.232] could not update validators map          err="sync is ongoing"
INFO [12-01|01:39:30.921] Updated validators                       count=0 slot=8
ERROR[12-01|01:39:31.919] error with builder processing on payload attribute latestSlot=9 processedSlot=9 headHash=0x33cd68743ce5a840a4a40dca3f91bd3818ce5b1b91ca1eae26ca3082a195b6fe error="could not get validator while submitting block for slot 9 - validator not found"
INFO [12-01|01:39:32.003] Block finalized and assembled            height=9 blockProfit=0 txs=0  bundles=0 okSbundles=0 totalSbundles=0 gasUsed=0 time="544.331µs"
INFO [12-01|01:39:32.006] Block finalized and assembled            height=9 blockProfit=0.00140590005 txs=3  bundles=0 okSbundles=0 totalSbundles=0 gasUsed=303,626 time=2.542332ms
INFO [12-01|01:39:32.006] Updated payload                          id=0x03cc6b9f407540f2 number=9 hash=e7e16a..1c2d5c txs=3  withdrawals=0 gas=303,626 fees=0.00140590005 root=8c7b62..025084 elapsed=2.589ms
ERROR[12-01|01:39:32.006] error with builder processing on payload attribute latestSlot=10 processedSlot=10 headHash=0x33cd68743ce5a840a4a40dca3f91bd3818ce5b1b91ca1eae26ca3082a195b6fe error="could not get validator while submitting block for slot 10 - validator not found"
INFO [12-01|01:39:32.219] Imported new potential chain segment     number=9 hash=78b277..a80645 blocks=1 txs=1  mgas=0.141  elapsed=3.820ms     mgasps=36.988  snapdiffs=5.90KiB triedirty=45.83KiB
INFO [12-01|01:39:32.226] Chain head was updated                   number=9 hash=78b277..a80645 root=ad1ddf..cc325a elapsed=2.248827ms
INFO [12-01|01:39:32.229] Block finalized and assembled            height=10 blockProfit=0             txs=0  bundles=0 okSbundles=0 totalSbundles=0 gasUsed=0       time="461.35µs"
ERROR[12-01|01:39:32.229] Nil finalized block cannot evict old blobs
INFO [12-01|01:39:32.231] Block finalized and assembled            height=10 blockProfit=0.000700198666 txs=2  bundles=0 okSbundles=0 totalSbundles=0 gasUsed=162,307 time=2.37257ms
INFO [12-01|01:39:32.231] Updated payload                          id=0x036bcf8f93f57280 number=10 hash=7eb089..bf18d7 txs=2  withdrawals=0 gas=162,307 fees=0.000700198666 root=ff2b7b..480b96 elapsed=2.432ms
ERROR[12-01|01:39:32.232] error with builder processing on payload attribute latestSlot=10 processedSlot=10 headHash=0x78b2774e1cf8d824b6e638e941c6edd19aa5166550995a115bb5551810a80645 error="could not get validator while submitting block for slot 10 - validator not found"
ERROR[12-01|01:39:33.920] error with builder processing on payload attribute latestSlot=10 processedSlot=10 headHash=0x78b2774e1cf8d824b6e638e941c6edd19aa5166550995a115bb5551810a80645 error="could not get validator while submitting block for slot 10 - validator not found"
INFO [12-01|01:39:34.003] Block finalized and assembled            height=10 blockProfit=0              txs=0  bundles=0 okSbundles=0 totalSbundles=0 gasUsed=0       time="404.249µs"
INFO [12-01|01:39:34.012] Block finalized and assembled            height=10 blockProfit=0.02001837167  txs=23 bundles=0 okSbundles=0 totalSbundles=0 gasUsed=12,883,417 time=8.553447ms
INFO [12-01|01:39:34.012] Updated payload                          id=0x038213637ad66098 number=10 hash=39c459..8bb61d txs=23 withdrawals=0 gas=12,883,417 fees=0.02001837167  root=57682a..6df869 elapsed=8.675ms
ERROR[12-01|01:39:34.012] error with builder processing on payload attribute latestSlot=11 processedSlot=11 headHash=0x78b2774e1cf8d824b6e638e941c6edd19aa5166550995a115bb5551810a80645 error="could not get validator while submitting block for slot 11 - validator not found"
INFO [12-01|01:39:34.258] Imported new potential chain segment     number=10 hash=7044c4..a06a75 blocks=1 txs=22 mgas=12.862 elapsed=15.120ms    mgasps=850.672 snapdiffs=9.91KiB triedirty=69.86KiB
INFO [12-01|01:39:34.264] Chain head was updated                   number=10 hash=7044c4..a06a75 root=b6848b..e99194 elapsed=2.91529ms
ERROR[12-01|01:39:34.267] Nil finalized block cannot evict old blobs
ERROR[12-01|01:39:34.267] error with builder processing on payload attribute latestSlot=11 processedSlot=11 headHash=0x7044c4f8df0bc79d320452480d10c4827275e78d47ab0ef0249c090bd7a06a75 error="could not get validator while submitting block for slot 11 - validator not found"
INFO [12-01|01:39:34.267] Block finalized and assembled            height=11 blockProfit=0              txs=0  bundles=0 okSbundles=0 totalSbundles=0 gasUsed=0          time="153.693µs"
INFO [12-01|01:39:34.267] Block finalized and assembled            height=11 blockProfit=0              txs=0  bundles=0 okSbundles=0 totalSbundles=0 gasUsed=0          time="191.204µs"
INFO [12-01|01:39:34.267] Updated payload                          id=0x0308f73c01ad9d9a number=11 hash=587f07..f8edc5 txs=0  withdrawals=0 gas=0          fees=0              root=c8c7fa..1a6c7e elapsed="209.674µs"
ERROR[12-01|01:39:35.921] error with builder processing on payload attribute latestSlot=11 processedSlot=11 headHash=0x7044c4f8df0bc79d320452480d10c4827275e78d47ab0ef0249c090bd7a06a75 error="could not get validator while submitting block for slot 11 - validator not found"
INFO [12-01|01:39:36.004] Block finalized and assembled            height=11 blockProfit=0              txs=0  bundles=0 okSbundles=0 totalSbundles=0 gasUsed=0          time="890.998µs"
INFO [12-01|01:39:36.005] Block finalized and assembled            height=11 blockProfit=0              txs=0  bundles=0 okSbundles=0 totalSbundles=0 gasUsed=0          time="887.179µs"
INFO [12-01|01:39:36.005] Updated payload                          id=0x03d38a858b6c00dd number=11 hash=d3086d..6ce2eb txs=0  withdrawals=0 gas=0          fees=0              root=a1ccee..23bdf0 elapsed=1.025ms
ERROR[12-01|01:39:36.006] error with builder processing on payload attribute latestSlot=12 processedSlot=12 headHash=0x7044c4f8df0bc79d320452480d10c4827275e78d47ab0ef0249c090bd7a06a75 error="could not get validator while submitting block for slot 12 - validator not found"
INFO [12-01|01:39:36.220] Imported new potential chain segment     number=11 hash=b189e4..c31066 blocks=1 txs=0  mgas=0.000  elapsed=3.502ms     mgasps=0.000   snapdiffs=10.14KiB triedirty=73.37KiB
INFO [12-01|01:39:36.227] Chain head was updated                   number=11 hash=b189e4..c31066 root=c8c7fa..1a6c7e elapsed=2.699566ms
ERROR[12-01|01:39:36.229] Nil finalized block cannot evict old blobs
INFO [12-01|01:39:36.229] Block finalized and assembled            height=12 blockProfit=0              txs=0  bundles=0 okSbundles=0 totalSbundles=0 gasUsed=0          time="146.573µs"
INFO [12-01|01:39:36.230] Block finalized and assembled            height=12 blockProfit=0.0002526735386 txs=9  bundles=0 okSbundles=0 totalSbundles=0 gasUsed=189,000    time="637.963µs"
INFO [12-01|01:39:36.230] Updated payload                          id=0x0369b1bfbd41c99b number=12 hash=7ffb8c..dee51a txs=9  withdrawals=0 gas=189,000    fees=0.0002526735386 root=19e32d..60ab96 elapsed="655.073µs"
ERROR[12-01|01:39:36.230] error with builder processing on payload attribute latestSlot=12 processedSlot=12 headHash=0xb189e4678e2ad416cae883564ca0dd48633010690d6db2cb9391d4ddfcc31066 error="could not get validator while submitting block for slot 12 - validator not found"
ERROR[12-01|01:39:37.919] error with builder processing on payload attribute latestSlot=12 processedSlot=12 headHash=0xb189e4678e2ad416cae883564ca0dd48633010690d6db2cb9391d4ddfcc31066 error="could not get validator while submitting block for slot 12 - validator not found"
INFO [12-01|01:39:38.004] Block finalized and assembled            height=12 blockProfit=0               txs=0  bundles=0 okSbundles=0 totalSbundles=0 gasUsed=0          time="689.904µs"
INFO [12-01|01:39:38.012] Block finalized and assembled            height=12 blockProfit=0.003223714431  txs=101 bundles=0 okSbundles=0 totalSbundles=0 gasUsed=2,121,000  time=8.103159ms
INFO [12-01|01:39:38.012] Updated payload                          id=0x03f54c1cef7c39f1 number=12 hash=7c3916..878e36 txs=101 withdrawals=0 gas=2,121,000  fees=0.003223714431  root=bb47b0..6b3ad5 elapsed=8.246ms
ERROR[12-01|01:39:38.013] error with builder processing on payload attribute latestSlot=13 processedSlot=13 headHash=0xb189e4678e2ad416cae883564ca0dd48633010690d6db2cb9391d4ddfcc31066 error="could not get validator while submitting block for slot 13 - validator not found"
INFO [12-01|01:39:38.237] Imported new potential chain segment     number=12 hash=a55a5b..112bff blocks=1 txs=70  mgas=1.470  elapsed=12.136ms    mgasps=121.127 snapdiffs=13.47KiB triedirty=120.34KiB
INFO [12-01|01:39:38.241] Chain head was updated                   number=12 hash=a55a5b..112bff root=9d0a93..9212b9 elapsed=1.759867ms
ERROR[12-01|01:39:38.249] Nil finalized block cannot evict old blobs
INFO [12-01|01:39:38.249] Block finalized and assembled            height=13 blockProfit=0               txs=0   bundles=0 okSbundles=0 totalSbundles=0 gasUsed=0          time="151.303µs"
INFO [12-01|01:39:38.251] Block finalized and assembled            height=13 blockProfit=0.0009822923318 txs=31  bundles=0 okSbundles=0 totalSbundles=0 gasUsed=651,000    time=1.635543ms
INFO [12-01|01:39:38.251] Updated payload                          id=0x03066ab4ae3a68b8 number=13 hash=8c0c0e..cceecd txs=31  withdrawals=0 gas=651,000    fees=0.0009822923318 root=88ff1d..3fb11d elapsed=1.660ms
ERROR[12-01|01:39:38.251] error with builder processing on payload attribute latestSlot=13 processedSlot=13 headHash=0xa55a5b3de777b5c028c12a1023c103f497b0a3f6b5f98ac37fb083f6c6112bff error="could not get validator while submitting block for slot 13 - validator not found"
ERROR[12-01|01:39:39.919] error with builder processing on payload attribute latestSlot=13 processedSlot=13 headHash=0xa55a5b3de777b5c028c12a1023c103f497b0a3f6b5f98ac37fb083f6c6112bff error="could not get validator while submitting block for slot 13 - validator not found"
INFO [12-01|01:39:40.003] Block finalized and assembled            height=13 blockProfit=0               txs=0   bundles=0 okSbundles=0 totalSbundles=0 gasUsed=0          time="417.249µs"
INFO [12-01|01:39:40.006] Block finalized and assembled            height=13 blockProfit=0.0009822923318 txs=31  bundles=0 okSbundles=0 totalSbundles=0 gasUsed=651,000    time=2.028252ms
INFO [12-01|01:39:40.006] Updated payload                          id=0x033390960def15a6 number=13 hash=410a34..1eb4fd txs=31  withdrawals=0 gas=651,000    fees=0.0009822923318 root=88345c..1c49d7 elapsed=2.083ms
ERROR[12-01|01:39:40.006] error with builder processing on payload attribute latestSlot=14 processedSlot=14 headHash=0xa55a5b3de777b5c028c12a1023c103f497b0a3f6b5f98ac37fb083f6c6112bff error="could not get validator while submitting block for slot 14 - validator not found"
INFO [12-01|01:39:40.105] Looking for peers                        peercount=2 tried=22 static=0
INFO [12-01|01:39:40.229] Imported new potential chain segment     number=13 hash=500cf7..8b8027 blocks=1 txs=30  mgas=0.630  elapsed=10.486ms    mgasps=60.076  snapdiffs=15.09KiB triedirty=146.31KiB
INFO [12-01|01:39:40.238] Chain head was updated                   number=13 hash=500cf7..8b8027 root=398c34..5eaa8f elapsed=6.119567ms
ERROR[12-01|01:39:40.242] error with builder processing on payload attribute latestSlot=14 processedSlot=14 headHash=0x500cf722b76e73b117b9435619f26758fb9072ea21a80e97d3d598eb8b8b8027 error="could not get validator while submitting block for slot 14 - validator not found"
INFO [12-01|01:39:40.243] Block finalized and assembled            height=14 blockProfit=0               txs=0   bundles=0 okSbundles=0 totalSbundles=0 gasUsed=0          time=1.259566ms
ERROR[12-01|01:39:40.249] Nil finalized block cannot evict old blobs
INFO [12-01|01:39:40.250] Block finalized and assembled            height=14 blockProfit=0.0001585353668 txs=6   bundles=0 okSbundles=0 totalSbundles=0 gasUsed=126,000    time=6.899965ms
INFO [12-01|01:39:40.251] Updated payload                          id=0x03063bb8003bc3f7 number=14 hash=b016f8..ab3c18 txs=6   withdrawals=0 gas=126,000    fees=0.0001585353668 root=2a96d8..cdd73d elapsed=8.041ms
ERROR[12-01|01:39:41.928] error with builder processing on payload attribute latestSlot=14 processedSlot=14 headHash=0x500cf722b76e73b117b9435619f26758fb9072ea21a80e97d3d598eb8b8b8027 error="could not get validator while submitting block for slot 14 - validator not found"
INFO [12-01|01:39:42.002] Block finalized and assembled            height=14 blockProfit=0               txs=0   bundles=0 okSbundles=0 totalSbundles=0 gasUsed=0          time="307.956µs"
INFO [12-01|01:39:42.016] Block finalized and assembled            height=14 blockProfit=0.01003019865   txs=197 bundles=0 okSbundles=0 totalSbundles=0 gasUsed=6,611,000  time=14.151835ms
INFO [12-01|01:39:42.017] Updated payload                          id=0x0344ff9ac5a0ff8b number=14 hash=acf6a0..8c28ab txs=197 withdrawals=0 gas=6,611,000  fees=0.01003019865   root=c621f0..bcdaca elapsed=14.301ms
ERROR[12-01|01:39:42.017] error with builder processing on payload attribute latestSlot=15 processedSlot=15 headHash=0x500cf722b76e73b117b9435619f26758fb9072ea21a80e97d3d598eb8b8b8027 error="could not get validator while submitting block for slot 15 - validator not found"
INFO [12-01|01:39:42.239] Imported new potential chain segment     number=14 hash=1d429d..b9f0a6 blocks=1 txs=96  mgas=2.767  elapsed=19.374ms    mgasps=142.814 snapdiffs=19.20KiB triedirty=194.80KiB
INFO [12-01|01:39:42.249] Chain head was updated                   number=14 hash=1d429d..b9f0a6 root=314ad0..0b4dfa elapsed=4.31274ms
ERROR[12-01|01:39:42.273] Nil finalized block cannot evict old blobs
ERROR[12-01|01:39:42.277] error with builder processing on payload attribute latestSlot=15 processedSlot=15 headHash=0x1d429dcf4fa6d966d62f057eb89b4344a20087dd8d52c1b8716de35a88b9f0a6 error="could not get validator while submitting block for slot 15 - validator not found"
INFO [12-01|01:39:42.279] Block finalized and assembled            height=15 blockProfit=0               txs=0   bundles=0 okSbundles=0 totalSbundles=0 gasUsed=0          time="524.621µs"
INFO [12-01|01:39:42.290] Block finalized and assembled            height=15 blockProfit=0.005853668172  txs=101 bundles=0 okSbundles=0 totalSbundles=0 gasUsed=3,844,107  time=11.156292ms
INFO [12-01|01:39:42.291] Updated payload                          id=0x03b5b3a9bd305878 number=15 hash=90c178..1053ee txs=101 withdrawals=0 gas=3,844,107  fees=0.005853668172  root=a39a9e..7790fc elapsed=12.089ms
ERROR[12-01|01:39:43.919] error with builder processing on payload attribute latestSlot=15 processedSlot=15 headHash=0x1d429dcf4fa6d966d62f057eb89b4344a20087dd8d52c1b8716de35a88b9f0a6 error="could not get validator while submitting block for slot 15 - validator not found"
INFO [12-01|01:39:44.003] Block finalized and assembled            height=15 blockProfit=0               txs=0   bundles=0 okSbundles=0 totalSbundles=0 gasUsed=0          time="540.681µs"
INFO [12-01|01:39:44.012] Block finalized and assembled            height=15 blockProfit=0.005853668172  txs=101 bundles=0 okSbundles=0 totalSbundles=0 gasUsed=3,844,107  time=8.381365ms
INFO [12-01|01:39:44.012] Updated payload                          id=0x036ddf7e65715f4a number=15 hash=1e596b..dce633 txs=101 withdrawals=0 gas=3,844,107  fees=0.005853668172  root=5709a0..97fe5f elapsed=8.548ms
ERROR[12-01|01:39:44.012] error with builder processing on payload attribute latestSlot=16 processedSlot=16 headHash=0x1d429dcf4fa6d966d62f057eb89b4344a20087dd8d52c1b8716de35a88b9f0a6 error="could not get validator while submitting block for slot 16 - validator not found"
INFO [12-01|01:39:44.258] Imported new potential chain segment     number=15 hash=369077..36e198 blocks=1 txs=100 mgas=3.823  elapsed=25.493ms    mgasps=149.962 snapdiffs=23.06KiB triedirty=242.38KiB
INFO [12-01|01:39:44.273] Chain head was updated                   number=15 hash=369077..36e198 root=d4eddb..62acc0 elapsed=7.567397ms
INFO [12-01|01:39:44.277] Block finalized and assembled            height=16 blockProfit=0               txs=0   bundles=0 okSbundles=0 totalSbundles=0 gasUsed=0          time="445.719µs"
ERROR[12-01|01:39:44.280] error with builder processing on payload attribute latestSlot=16 processedSlot=16 headHash=0x36907749fafa1451d91418e0c93296ad157ae669340078533ecb2c90f436e198 error="could not get validator while submitting block for slot 16 - validator not found"
ERROR[12-01|01:39:44.290] Nil finalized block cannot evict old blobs
INFO [12-01|01:39:44.291] Block finalized and assembled            height=16 blockProfit=0               txs=0   bundles=0 okSbundles=0 totalSbundles=0 gasUsed=0          time=13.588422ms
INFO [12-01|01:39:44.291] Updated payload                          id=0x03b5c2580989d54b number=16 hash=0a39aa..e5171f txs=0   withdrawals=0 gas=0          fees=0               root=2544d9..b264e8 elapsed=13.683ms
ERROR[12-01|01:39:45.918] error with builder processing on payload attribute latestSlot=16 processedSlot=16 headHash=0x36907749fafa1451d91418e0c93296ad157ae669340078533ecb2c90f436e198 error="could not get validator while submitting block for slot 16 - validator not found"
INFO [12-01|01:39:46.004] Block finalized and assembled            height=16 blockProfit=0               txs=0   bundles=0 okSbundles=0 totalSbundles=0 gasUsed=0          time="970.39µs"
INFO [12-01|01:39:46.005] Block finalized and assembled            height=16 blockProfit=0               txs=0   bundles=0 okSbundles=0 totalSbundles=0 gasUsed=0          time="542.961µs"
INFO [12-01|01:39:46.005] Updated payload                          id=0x03dba7074e6c4341 number=16 hash=29887e..3bd2cb txs=0   withdrawals=0 gas=0          fees=0               root=b38161..76389e elapsed="612.813µs"
ERROR[12-01|01:39:46.005] error with builder processing on payload attribute latestSlot=17 processedSlot=17 headHash=0x36907749fafa1451d91418e0c93296ad157ae669340078533ecb2c90f436e198 error="could not get validator while submitting block for slot 17 - validator not found"
INFO [12-01|01:39:46.218] Imported new potential chain segment     number=16 hash=612321..ebc0e3 blocks=1 txs=0   mgas=0.000  elapsed=4.248ms     mgasps=0.000   snapdiffs=23.29KiB triedirty=245.55KiB
INFO [12-01|01:39:46.226] Chain head was updated                   number=16 hash=612321..ebc0e3 root=2544d9..b264e8 elapsed=2.817868ms
ERROR[12-01|01:39:46.229] Nil finalized block cannot evict old blobs
INFO [12-01|01:39:46.230] Block finalized and assembled            height=17 blockProfit=0               txs=0   bundles=0 okSbundles=0 totalSbundles=0 gasUsed=0          time="302.407µs"
INFO [12-01|01:39:46.231] Block finalized and assembled            height=17 blockProfit=0               txs=0   bundles=0 okSbundles=0 totalSbundles=0 gasUsed=0          time="270.396µs"
INFO [12-01|01:39:46.231] Updated payload                          id=0x03c63ccf94d3702d number=17 hash=e45ec6..0737b9 txs=0   withdrawals=0 gas=0          fees=0               root=a40f37..1bd57b elapsed="288.606µs"
ERROR[12-01|01:39:46.231] error with builder processing on payload attribute latestSlot=17 processedSlot=17 headHash=0x612321a3d5a91e65b0e182353cd34f8837999906422b3216f2af17d9dfebc0e3 error="could not get validator while submitting block for slot 17 - validator not found"
ERROR[12-01|01:39:47.919] error with builder processing on payload attribute latestSlot=17 processedSlot=17 headHash=0x612321a3d5a91e65b0e182353cd34f8837999906422b3216f2af17d9dfebc0e3 error="could not get validator while submitting block for slot 17 - validator not found"
INFO [12-01|01:39:48.001] Block finalized and assembled            height=17 blockProfit=0               txs=0   bundles=0 okSbundles=0 totalSbundles=0 gasUsed=0          time="212.194µs"
INFO [12-01|01:39:48.002] Block finalized and assembled            height=17 blockProfit=0               txs=0   bundles=0 okSbundles=0 totalSbundles=0 gasUsed=0          time="185.934µs"
INFO [12-01|01:39:48.002] Updated payload                          id=0x03a4778942bfddbe number=17 hash=fb61c2..8f8baf txs=0   withdrawals=0 gas=0          fees=0               root=b74e2c..3d7115 elapsed="203.254µs"
ERROR[12-01|01:39:48.002] error with builder processing on payload attribute latestSlot=18 processedSlot=18 headHash=0x612321a3d5a91e65b0e182353cd34f8837999906422b3216f2af17d9dfebc0e3 error="could not get validator while submitting block for slot 18 - validator not found"
INFO [12-01|01:39:48.122] Imported new potential chain segment     number=17 hash=4b4353..02ba9e blocks=1 txs=0   mgas=0.000  elapsed=3.496ms     mgasps=0.000   snapdiffs=23.53KiB triedirty=248.57KiB
INFO [12-01|01:39:48.130] Chain head was updated                   number=17 hash=4b4353..02ba9e root=a40f37..1bd57b elapsed=2.004991ms
ERROR[12-01|01:39:48.131] Nil finalized block cannot evict old blobs
INFO [12-01|01:39:48.133] Block finalized and assembled            height=18 blockProfit=0               txs=0   bundles=0 okSbundles=0 totalSbundles=0 gasUsed=0          time="418.488µs"
INFO [12-01|01:39:48.133] Block finalized and assembled            height=18 blockProfit=0               txs=0   bundles=0 okSbundles=0 totalSbundles=0 gasUsed=0          time="344.637µs"
INFO [12-01|01:39:48.133] Updated payload                          id=0x035bc73a4d22530e number=18 hash=79f1a3..e206bc txs=0   withdrawals=0 gas=0          fees=0               root=3fa232..c884e5 elapsed="362.778µs"
ERROR[12-01|01:39:48.133] error with builder processing on payload attribute latestSlot=18 processedSlot=18 headHash=0x4b4353ba25f6397cc219cf86f9f52c206e07fb58cff1721cb839ff889e02ba9e error="could not get validator while submitting block for slot 18 - validator not found"
ERROR[12-01|01:39:49.917] error with builder processing on payload attribute latestSlot=18 processedSlot=18 headHash=0x4b4353ba25f6397cc219cf86f9f52c206e07fb58cff1721cb839ff889e02ba9e error="could not get validator while submitting block for slot 18 - validator not found"
INFO [12-01|01:39:50.001] Block finalized and assembled            height=18 blockProfit=0               txs=0   bundles=0 okSbundles=0 totalSbundles=0 gasUsed=0          time="254.115µs"
INFO [12-01|01:39:50.002] Block finalized and assembled            height=18 blockProfit=0               txs=0   bundles=0 okSbundles=0 totalSbundles=0 gasUsed=0          time="227.205µs"
INFO [12-01|01:39:50.002] Updated payload                          id=0x03d71323d51bba5a number=18 hash=003bb4..1d40ab txs=0   withdrawals=0 gas=0          fees=0               root=c0ae73..0f3711 elapsed="249.285µs"
ERROR[12-01|01:39:50.002] error with builder processing on payload attribute latestSlot=19 processedSlot=19 headHash=0x4b4353ba25f6397cc219cf86f9f52c206e07fb58cff1721cb839ff889e02ba9e error="could not get validator while submitting block for slot 19 - validator not found"
INFO [12-01|01:39:50.206] Looking for peers                        peercount=2 tried=34 static=0
INFO [12-01|01:39:50.210] Imported new potential chain segment     number=18 hash=4ec086..90c4b1 blocks=1 txs=0   mgas=0.000  elapsed=1.888ms     mgasps=0.000   snapdiffs=23.76KiB triedirty=251.93KiB
INFO [12-01|01:39:50.214] Chain head was updated                   number=18 hash=4ec086..90c4b1 root=3fa232..c884e5 elapsed=1.601313ms
ERROR[12-01|01:39:50.214] Nil finalized block cannot evict old blobs
INFO [12-01|01:39:50.215] Block finalized and assembled            height=19 blockProfit=0               txs=0   bundles=0 okSbundles=0 totalSbundles=0 gasUsed=0          time="241.965µs"
INFO [12-01|01:39:50.215] Block finalized and assembled            height=19 blockProfit=0               txs=0   bundles=0 okSbundles=0 totalSbundles=0 gasUsed=0          time="270.726µs"
INFO [12-01|01:39:50.215] Updated payload                          id=0x03916711d7d7cae5 number=19 hash=929050..befb15 txs=0   withdrawals=0 gas=0          fees=0               root=050624..a6d0cb elapsed="296.116µs"
ERROR[12-01|01:39:50.215] error with builder processing on payload attribute latestSlot=19 processedSlot=19 headHash=0x4ec0865cae1a18c277058399af1f58afacc0ac3e362e8c36d412991c6b90c4b1 error="could not get validator while submitting block for slot 19 - validator not found"
ERROR[12-01|01:39:51.917] error with builder processing on payload attribute latestSlot=19 processedSlot=19 headHash=0x4ec0865cae1a18c277058399af1f58afacc0ac3e362e8c36d412991c6b90c4b1 error="could not get validator while submitting block for slot 19 - validator not found"
INFO [12-01|01:39:52.002] Block finalized and assembled            height=19 blockProfit=0               txs=0   bundles=0 okSbundles=0 totalSbundles=0 gasUsed=0          time="254.405µs"
INFO [12-01|01:39:52.002] Block finalized and assembled            height=19 blockProfit=0               txs=0   bundles=0 okSbundles=0 totalSbundles=0 gasUsed=0          time="225.745µs"
INFO [12-01|01:39:52.002] Updated payload                          id=0x03d620aeadfc0c54 number=19 hash=deb3c8..52c178 txs=0   withdrawals=0 gas=0          fees=0               root=e7fd6a..09cf2b elapsed="243.725µs"
ERROR[12-01|01:39:52.002] error with builder processing on payload attribute latestSlot=20 processedSlot=20 headHash=0x4ec0865cae1a18c277058399af1f58afacc0ac3e362e8c36d412991c6b90c4b1 error="could not get validator while submitting block for slot 20 - validator not found"
INFO [12-01|01:39:52.209] Imported new potential chain segment     number=19 hash=8f8113..01e52d blocks=1 txs=0   mgas=0.000  elapsed=2.142ms     mgasps=0.000   snapdiffs=23.99KiB triedirty=255.27KiB
INFO [12-01|01:39:52.213] Chain head was updated                   number=19 hash=8f8113..01e52d root=050624..a6d0cb elapsed=1.634424ms
ERROR[12-01|01:39:52.213] Nil finalized block cannot evict old blobs
INFO [12-01|01:39:52.214] Block finalized and assembled            height=20 blockProfit=0               txs=0   bundles=0 okSbundles=0 totalSbundles=0 gasUsed=0          time="251.275µs"
INFO [12-01|01:39:52.214] Block finalized and assembled            height=20 blockProfit=0               txs=0   bundles=0 okSbundles=0 totalSbundles=0 gasUsed=0          time="272.256µs"
INFO [12-01|01:39:52.214] Updated payload                          id=0x0300b485faaa05b6 number=20 hash=b2dbb2..611f25 txs=0   withdrawals=0 gas=0          fees=0               root=80aae8..873df3 elapsed="296.986µs"
ERROR[12-01|01:39:52.215] error with builder processing on payload attribute latestSlot=20 processedSlot=20 headHash=0x8f8113cf9ff70e23c97938a8812357d3da46e552562623090a7414767601e52d error="could not get validator while submitting block for slot 20 - validator not found"
ERROR[12-01|01:39:53.917] error with builder processing on payload attribute latestSlot=20 processedSlot=20 headHash=0x8f8113cf9ff70e23c97938a8812357d3da46e552562623090a7414767601e52d error="could not get validator while submitting block for slot 20 - validator not found"
INFO [12-01|01:39:54.002] Block finalized and assembled            height=20 blockProfit=0               txs=0   bundles=0 okSbundles=0 totalSbundles=0 gasUsed=0          time="363.268µs"
INFO [12-01|01:39:54.002] Block finalized and assembled            height=20 blockProfit=0               txs=0   bundles=0 okSbundles=0 totalSbundles=0 gasUsed=0          time="243.535µs"
INFO [12-01|01:39:54.002] Updated payload                          id=0x0304ffcd2b0093e7 number=20 hash=c647d8..422dd7 txs=0   withdrawals=0 gas=0          fees=0               root=0fc390..6e9f96 elapsed="265.726µs"
ERROR[12-01|01:39:54.002] error with builder processing on payload attribute latestSlot=21 processedSlot=21 headHash=0x8f8113cf9ff70e23c97938a8812357d3da46e552562623090a7414767601e52d error="could not get validator while submitting block for slot 21 - validator not found"
INFO [12-01|01:39:54.113] Imported new potential chain segment     number=20 hash=f4eba9..22d22c blocks=1 txs=0   mgas=0.000  elapsed=2.376ms     mgasps=0.000   snapdiffs=24.22KiB triedirty=258.74KiB
INFO [12-01|01:39:54.117] Chain head was updated                   number=20 hash=f4eba9..22d22c root=80aae8..873df3 elapsed=1.720736ms
ERROR[12-01|01:39:54.117] Nil finalized block cannot evict old blobs
INFO [12-01|01:39:54.117] Block finalized and assembled            height=21 blockProfit=0               txs=0   bundles=0 okSbundles=0 totalSbundles=0 gasUsed=0          time="152.804µs"
INFO [12-01|01:39:54.118] Block finalized and assembled            height=21 blockProfit=0               txs=0   bundles=0 okSbundles=0 totalSbundles=0 gasUsed=0          time="198.044µs"
INFO [12-01|01:39:54.118] Updated payload                          id=0x0330faf347579087 number=21 hash=c9980f..907686 txs=0   withdrawals=0 gas=0          fees=0               root=b91b23..606117 elapsed="215.445µs"
ERROR[12-01|01:39:54.118] error with builder processing on payload attribute latestSlot=21 processedSlot=21 headHash=0xf4eba90b86e1ecd34a7b5a9afc34d628a2758f12a02a55fd601306706b22d22c error="could not get validator while submitting block for slot 21 - validator not found"
ERROR[12-01|01:39:55.917] error with builder processing on payload attribute latestSlot=21 processedSlot=21 headHash=0xf4eba90b86e1ecd34a7b5a9afc34d628a2758f12a02a55fd601306706b22d22c error="could not get validator while submitting block for slot 21 - validator not found"
INFO [12-01|01:39:56.002] Block finalized and assembled            height=21 blockProfit=0               txs=0   bundles=0 okSbundles=0 totalSbundles=0 gasUsed=0          time="347.387µs"
INFO [12-01|01:39:56.003] Block finalized and assembled            height=21 blockProfit=0               txs=0   bundles=0 okSbundles=0 totalSbundles=0 gasUsed=0          time="291.476µs"
INFO [12-01|01:39:56.003] Updated payload                          id=0x0333d00f2e530f6a number=21 hash=f0d1e1..092151 txs=0   withdrawals=0 gas=0          fees=0               root=b87476..f6be69 elapsed="316.897µs"
ERROR[12-01|01:39:56.003] error with builder processing on payload attribute latestSlot=22 processedSlot=22 headHash=0xf4eba90b86e1ecd34a7b5a9afc34d628a2758f12a02a55fd601306706b22d22c error="could not get validator while submitting block for slot 22 - validator not found"
INFO [12-01|01:39:56.212] Imported new potential chain segment     number=21 hash=852c1c..1b2809 blocks=1 txs=0   mgas=0.000  elapsed=1.920ms     mgasps=0.000   snapdiffs=24.45KiB triedirty=261.76KiB
INFO [12-01|01:39:56.215] Chain head was updated                   number=21 hash=852c1c..1b2809 root=b91b23..606117 elapsed=1.391889ms
ERROR[12-01|01:39:56.215] Nil finalized block cannot evict old blobs
INFO [12-01|01:39:56.215] Block finalized and assembled            height=22 blockProfit=0               txs=0   bundles=0 okSbundles=0 totalSbundles=0 gasUsed=0          time="152.504µs"
INFO [12-01|01:39:56.216] Block finalized and assembled            height=22 blockProfit=0               txs=0   bundles=0 okSbundles=0 totalSbundles=0 gasUsed=0          time="231.575µs"
INFO [12-01|01:39:56.216] Updated payload                          id=0x033841897ebf35b5 number=22 hash=4c786b..134072 txs=0   withdrawals=0 gas=0          fees=0               root=bbf66f..94a6e9 elapsed="250.465µs"
ERROR[12-01|01:39:56.216] error with builder processing on payload attribute latestSlot=22 processedSlot=22 headHash=0x852c1c0ab5680b6108115379e8d538f9d44bf9f3b38dcd5431e9f9c8ca1b2809 error="could not get validator while submitting block for slot 22 - validator not found"
ERROR[12-01|01:39:57.918] error with builder processing on payload attribute latestSlot=22 processedSlot=22 headHash=0x852c1c0ab5680b6108115379e8d538f9d44bf9f3b38dcd5431e9f9c8ca1b2809 error="could not get validator while submitting block for slot 22 - validator not found"
INFO [12-01|01:39:58.002] Block finalized and assembled            height=22 blockProfit=0               txs=0   bundles=0 okSbundles=0 totalSbundles=0 gasUsed=0          time="310.757µs"
INFO [12-01|01:39:58.009] Block finalized and assembled            height=22 blockProfit=0.003710800439  txs=118 bundles=0 okSbundles=0 totalSbundles=0 gasUsed=2,478,000  time=7.080117ms
INFO [12-01|01:39:58.009] Updated payload                          id=0x03616f0002e84a5c number=22 hash=7280af..dffa6d txs=118 withdrawals=0 gas=2,478,000  fees=0.003710800439  root=6c24a7..600449 elapsed=7.115ms
ERROR[12-01|01:39:58.010] error with builder processing on payload attribute latestSlot=23 processedSlot=23 headHash=0x852c1c0ab5680b6108115379e8d538f9d44bf9f3b38dcd5431e9f9c8ca1b2809 error="could not get validator while submitting block for slot 23 - validator not found"
INFO [12-01|01:39:58.221] Imported new potential chain segment     number=22 hash=771fe2..f5d177 blocks=1 txs=33  mgas=0.693  elapsed=6.405ms     mgasps=108.193 snapdiffs=26.22KiB triedirty=289.19KiB
INFO [12-01|01:39:58.228] Chain head was updated                   number=22 hash=771fe2..f5d177 root=a6d234..872422 elapsed=2.635936ms
ERROR[12-01|01:39:58.238] Nil finalized block cannot evict old blobs
ERROR[12-01|01:39:58.239] error with builder processing on payload attribute latestSlot=23 processedSlot=23 headHash=0x771fe241dee8ea1c8ce612e7f262e9081fd375082f3e37222d87d121f8f5d177 error="could not get validator while submitting block for slot 23 - validator not found"
INFO [12-01|01:39:58.239] Block finalized and assembled            height=23 blockProfit=0               txs=0   bundles=0 okSbundles=0 totalSbundles=0 gasUsed=0          time="123.083µs"
INFO [12-01|01:39:58.243] Block finalized and assembled            height=23 blockProfit=0.003637038716  txs=115 bundles=0 okSbundles=0 totalSbundles=0 gasUsed=2,415,000  time=3.38849ms
INFO [12-01|01:39:58.243] Updated payload                          id=0x036949c92277cfe1 number=23 hash=8a1247..e0042f txs=115 withdrawals=0 gas=2,415,000  fees=0.003637038716  root=e7905d..be1ce6 elapsed=3.404ms
ERROR[12-01|01:39:59.917] error with builder processing on payload attribute latestSlot=23 processedSlot=23 headHash=0x771fe241dee8ea1c8ce612e7f262e9081fd375082f3e37222d87d121f8f5d177 error="could not get validator while submitting block for slot 23 - validator not found"
INFO [12-01|01:40:00.002] Block finalized and assembled            height=23 blockProfit=0               txs=0   bundles=0 okSbundles=0 totalSbundles=0 gasUsed=0          time="269.546µs"
INFO [12-01|01:40:00.011] Block finalized and assembled            height=23 blockProfit=0.005316626366  txs=168 bundles=0 okSbundles=0 totalSbundles=0 gasUsed=3,528,000  time=8.484117ms
INFO [12-01|01:40:00.011] Updated payload                          id=0x034be5407092ad08 number=23 hash=5b7331..f2c374 txs=168 withdrawals=0 gas=3,528,000  fees=0.005316626366  root=188652..fd9484 elapsed=8.548ms
ERROR[12-01|01:40:00.011] error with builder processing on payload attribute latestSlot=24 processedSlot=24 headHash=0x771fe241dee8ea1c8ce612e7f262e9081fd375082f3e37222d87d121f8f5d177 error="could not get validator while submitting block for slot 24 - validator not found"
INFO [12-01|01:40:00.249] Imported new potential chain segment     number=23 hash=e4fdd7..ee1f64 blocks=1 txs=167 mgas=3.507  elapsed=20.868ms    mgasps=168.053 snapdiffs=31.00KiB triedirty=342.28KiB
INFO [12-01|01:40:00.256] Chain head was updated                   number=23 hash=e4fdd7..ee1f64 root=94d480..ae38a1 elapsed=2.194306ms
ERROR[12-01|01:40:00.273] Nil finalized block cannot evict old blobs
ERROR[12-01|01:40:00.273] error with builder processing on payload attribute latestSlot=24 processedSlot=24 headHash=0xe4fdd745e1daad7c0aa54bb7806570b8d62c88425a9b95b759a023922bee1f64 error="could not get validator while submitting block for slot 24 - validator not found"
INFO [12-01|01:40:00.273] Block finalized and assembled            height=24 blockProfit=0               txs=0   bundles=0 okSbundles=0 totalSbundles=0 gasUsed=0          time="119.202µs"
INFO [12-01|01:40:00.274] Block finalized and assembled            height=24 blockProfit=0               txs=0   bundles=0 okSbundles=0 totalSbundles=0 gasUsed=0          time="151.244µs"
INFO [12-01|01:40:00.274] Updated payload                          id=0x0392be0897fbf7b7 number=24 hash=c0ca17..6d3218 txs=0   withdrawals=0 gas=0          fees=0               root=200322..4b9ec7 elapsed="163.824µs"
INFO [12-01|01:40:00.318] Looking for peers                        peercount=2 tried=16 static=0
ERROR[12-01|01:40:01.917] error with builder processing on payload attribute latestSlot=24 processedSlot=24 headHash=0xe4fdd745e1daad7c0aa54bb7806570b8d62c88425a9b95b759a023922bee1f64 error="could not get validator while submitting block for slot 24 - validator not found"
INFO [12-01|01:40:02.002] Block finalized and assembled            height=24 blockProfit=0               txs=0   bundles=0 okSbundles=0 totalSbundles=0 gasUsed=0          time="267.375µs"
ERROR[12-01|01:40:02.011] error with builder processing on payload attribute latestSlot=25 processedSlot=25 headHash=0xe4fdd745e1daad7c0aa54bb7806570b8d62c88425a9b95b759a023922bee1f64 error="could not get validator while submitting block for slot 25 - validator not found"
INFO [12-01|01:40:02.012] Block finalized and assembled            height=24 blockProfit=0.006940751852  txs=107 bundles=0 okSbundles=0 totalSbundles=0 gasUsed=4,637,316  time=10.273203ms
INFO [12-01|01:40:02.013] Updated payload                          id=0x03aaf9af2154a71b number=24 hash=9d21e5..9d2b8e txs=107 withdrawals=0 gas=4,637,316  fees=0.006940751852  root=837bae..87c633 elapsed=11.106ms
INFO [12-01|01:40:02.123] Imported new potential chain segment     number=24 hash=004024..798e3a blocks=1 txs=4   mgas=0.169  elapsed=4.096ms     mgasps=41.288  snapdiffs=31.45KiB triedirty=349.97KiB
INFO [12-01|01:40:02.130] Chain head was updated                   number=24 hash=004024..798e3a root=76afab..3ebfda elapsed=2.86204ms
ERROR[12-01|01:40:02.138] Nil finalized block cannot evict old blobs
ERROR[12-01|01:40:02.139] error with builder processing on payload attribute latestSlot=25 processedSlot=25 headHash=0x0040247d77e669a3b134aaf694fae210fa443a1c1d64d09ff6a5377192798e3a error="could not get validator while submitting block for slot 25 - validator not found"
INFO [12-01|01:40:02.140] Block finalized and assembled            height=25 blockProfit=0               txs=0   bundles=0 okSbundles=0 totalSbundles=0 gasUsed=0          time="781.757µs"
INFO [12-01|01:40:02.149] Block finalized and assembled            height=25 blockProfit=0.006707988368  txs=103 bundles=0 okSbundles=0 totalSbundles=0 gasUsed=4,468,184  time=8.461125ms
INFO [12-01|01:40:02.149] Updated payload                          id=0x03852499f1356b0b number=25 hash=32acc7..196495 txs=103 withdrawals=0 gas=4,468,184  fees=0.006707988368  root=d70b2d..06679d elapsed=8.584ms
ERROR[12-01|01:40:03.920] error with builder processing on payload attribute latestSlot=25 processedSlot=25 headHash=0x0040247d77e669a3b134aaf694fae210fa443a1c1d64d09ff6a5377192798e3a error="could not get validator while submitting block for slot 25 - validator not found"
INFO [12-01|01:40:04.002] Block finalized and assembled            height=25 blockProfit=0               txs=0   bundles=0 okSbundles=0 totalSbundles=0 gasUsed=0          time="505.46µs"
INFO [12-01|01:40:04.017] Block finalized and assembled            height=25 blockProfit=0.006707988368  txs=103 bundles=0 okSbundles=0 totalSbundles=0 gasUsed=4,468,184  time=13.775827ms
INFO [12-01|01:40:04.017] Updated payload                          id=0x03953b098f97c438 number=25 hash=8c2bdb..24c180 txs=103 withdrawals=0 gas=4,468,184  fees=0.006707988368  root=930649..4b34f5 elapsed=14.059ms
ERROR[12-01|01:40:04.018] error with builder processing on payload attribute latestSlot=26 processedSlot=26 headHash=0x0040247d77e669a3b134aaf694fae210fa443a1c1d64d09ff6a5377192798e3a error="could not get validator while submitting block for slot 26 - validator not found"
INFO [12-01|01:40:04.266] Imported new potential chain segment     number=25 hash=ab91b1..8b5e75 blocks=1 txs=102 mgas=4.447  elapsed=27.992ms    mgasps=158.869 snapdiffs=35.95KiB triedirty=407.86KiB
INFO [12-01|01:40:04.285] Chain head was updated                   number=25 hash=ab91b1..8b5e75 root=591832..d156d1 elapsed=9.639631ms
ERROR[12-01|01:40:04.302] Nil finalized block cannot evict old blobs
ERROR[12-01|01:40:04.303] error with builder processing on payload attribute latestSlot=26 processedSlot=26 headHash=0xab91b1323c15228170ec46af1d4c2414d601dc7fe7172ed58e948373018b5e75 error="could not get validator while submitting block for slot 26 - validator not found"
INFO [12-01|01:40:04.304] Block finalized and assembled            height=26 blockProfit=0               txs=0   bundles=0 okSbundles=0 totalSbundles=0 gasUsed=0          time="658.804µs"
INFO [12-01|01:40:04.306] Block finalized and assembled            height=26 blockProfit=0               txs=0   bundles=0 okSbundles=0 totalSbundles=0 gasUsed=0          time="518.421µs"
INFO [12-01|01:40:04.306] Updated payload                          id=0x0368b1b759ff0c04 number=26 hash=f3248b..624ec4 txs=0   withdrawals=0 gas=0          fees=0               root=ff54da..c23993 elapsed="572.652µs"
ERROR[12-01|01:40:05.920] error with builder processing on payload attribute latestSlot=26 processedSlot=26 headHash=0xab91b1323c15228170ec46af1d4c2414d601dc7fe7172ed58e948373018b5e75 error="could not get validator while submitting block for slot 26 - validator not found"
INFO [12-01|01:40:06.005] Block finalized and assembled            height=26 blockProfit=0               txs=0   bundles=0 okSbundles=0 totalSbundles=0 gasUsed=0          time="947.53µs"
INFO [12-01|01:40:06.006] Block finalized and assembled            height=26 blockProfit=0               txs=0   bundles=0 okSbundles=0 totalSbundles=0 gasUsed=0          time="492.44µs"
INFO [12-01|01:40:06.006] Updated payload                          id=0x03825ad7a01ad252 number=26 hash=81de1d..c44619 txs=0   withdrawals=0 gas=0          fees=0               root=02eb6b..9f323d elapsed="564.832µs"
ERROR[12-01|01:40:06.006] error with builder processing on payload attribute latestSlot=27 processedSlot=27 headHash=0xab91b1323c15228170ec46af1d4c2414d601dc7fe7172ed58e948373018b5e75 error="could not get validator while submitting block for slot 27 - validator not found"
INFO [12-01|01:40:06.216] Imported new potential chain segment     number=26 hash=eaa956..64d31d blocks=1 txs=0   mgas=0.000  elapsed=2.065ms     mgasps=0.000   snapdiffs=36.18KiB triedirty=410.95KiB
INFO [12-01|01:40:06.224] Chain head was updated                   number=26 hash=eaa956..64d31d root=ff54da..c23993 elapsed=2.591233ms
ERROR[12-01|01:40:06.225] Nil finalized block cannot evict old blobs
ERROR[12-01|01:40:06.226] error with builder processing on payload attribute latestSlot=27 processedSlot=27 headHash=0xeaa956370fb38573773a5aad4fd2464f7398d326d448739797f2e0f1a664d31d error="could not get validator while submitting block for slot 27 - validator not found"
INFO [12-01|01:40:06.227] Block finalized and assembled            height=27 blockProfit=0               txs=0   bundles=0 okSbundles=0 totalSbundles=0 gasUsed=0          time="405.039µs"
INFO [12-01|01:40:06.228] Block finalized and assembled            height=27 blockProfit=0               txs=0   bundles=0 okSbundles=0 totalSbundles=0 gasUsed=0          time="963.011µs"
INFO [12-01|01:40:06.228] Updated payload                          id=0x0352d4e559a7d4d1 number=27 hash=3ab34e..50a951 txs=0   withdrawals=0 gas=0          fees=0               root=caed31..8543a9 elapsed=1.096ms
ERROR[12-01|01:40:07.918] error with builder processing on payload attribute latestSlot=27 processedSlot=27 headHash=0xeaa956370fb38573773a5aad4fd2464f7398d326d448739797f2e0f1a664d31d error="could not get validator while submitting block for slot 27 - validator not found"
INFO [12-01|01:40:08.004] Block finalized and assembled            height=27 blockProfit=0               txs=0   bundles=0 okSbundles=0 totalSbundles=0 gasUsed=0          time="740.735µs"
INFO [12-01|01:40:08.005] Block finalized and assembled            height=27 blockProfit=0               txs=0   bundles=0 okSbundles=0 totalSbundles=0 gasUsed=0          time="664.333µs"
INFO [12-01|01:40:08.005] Updated payload                          id=0x0362de80bada5e1c number=27 hash=bf089d..3ab179 txs=0   withdrawals=0 gas=0          fees=0               root=cf96e2..fe09ab elapsed="834.497µs"
ERROR[12-01|01:40:08.005] error with builder processing on payload attribute latestSlot=28 processedSlot=28 headHash=0xeaa956370fb38573773a5aad4fd2464f7398d326d448739797f2e0f1a664d31d error="could not get validator while submitting block for slot 28 - validator not found"
INFO [12-01|01:40:08.221] Imported new potential chain segment     number=27 hash=06ad29..ae9eca blocks=1 txs=0   mgas=0.000  elapsed=3.621ms     mgasps=0.000   snapdiffs=36.41KiB triedirty=414.74KiB
INFO [12-01|01:40:08.228] Chain head was updated                   number=27 hash=06ad29..ae9eca root=caed31..8543a9 elapsed=2.585544ms
ERROR[12-01|01:40:08.229] Nil finalized block cannot evict old blobs
INFO [12-01|01:40:08.234] Block finalized and assembled            height=28 blockProfit=0               txs=0   bundles=0 okSbundles=0 totalSbundles=0 gasUsed=0          time=1.38918ms
INFO [12-01|01:40:08.234] Block finalized and assembled            height=28 blockProfit=0               txs=0   bundles=0 okSbundles=0 totalSbundles=0 gasUsed=0          time="487.281µs"
INFO [12-01|01:40:08.234] Updated payload                          id=0x03c9cbc22a6c39b9 number=28 hash=71cd54..617cce txs=0   withdrawals=0 gas=0          fees=0               root=3cdc55..144821 elapsed="529.181µs"
ERROR[12-01|01:40:08.235] error with builder processing on payload attribute latestSlot=28 processedSlot=28 headHash=0x06ad29c1821a12b06101fd48c6f3cb04d1f5d6f02e7e62064110f92be6ae9eca error="could not get validator while submitting block for slot 28 - validator not found"
ERROR[12-01|01:40:09.919] error with builder processing on payload attribute latestSlot=28 processedSlot=28 headHash=0x06ad29c1821a12b06101fd48c6f3cb04d1f5d6f02e7e62064110f92be6ae9eca error="could not get validator while submitting block for slot 28 - validator not found"
INFO [12-01|01:40:10.004] Block finalized and assembled            height=28 blockProfit=0               txs=0   bundles=0 okSbundles=0 totalSbundles=0 gasUsed=0          time="778.727µs"
INFO [12-01|01:40:10.006] Block finalized and assembled            height=28 blockProfit=0               txs=0   bundles=0 okSbundles=0 totalSbundles=0 gasUsed=0          time=1.151564ms
INFO [12-01|01:40:10.006] Updated payload                          id=0x03073abdbd29cced number=28 hash=84f3ac..5f029f txs=0   withdrawals=0 gas=0          fees=0               root=1f13e0..a27c74 elapsed=1.279ms
ERROR[12-01|01:40:10.006] error with builder processing on payload attribute latestSlot=29 processedSlot=29 headHash=0x06ad29c1821a12b06101fd48c6f3cb04d1f5d6f02e7e62064110f92be6ae9eca error="could not get validator while submitting block for slot 29 - validator not found"
INFO [12-01|01:40:10.219] Imported new potential chain segment     number=28 hash=f540ce..00025a blocks=1 txs=0   mgas=0.000  elapsed=4.312ms     mgasps=0.000   snapdiffs=36.64KiB triedirty=418.06KiB
INFO [12-01|01:40:10.226] Chain head was updated                   number=28 hash=f540ce..00025a root=3cdc55..144821 elapsed=2.041612ms
ERROR[12-01|01:40:10.227] Nil finalized block cannot evict old blobs
INFO [12-01|01:40:10.229] Block finalized and assembled            height=29 blockProfit=0               txs=0   bundles=0 okSbundles=0 totalSbundles=0 gasUsed=0          time="706.475µs"
INFO [12-01|01:40:10.230] Block finalized and assembled            height=29 blockProfit=0               txs=0   bundles=0 okSbundles=0 totalSbundles=0 gasUsed=0          time="715.625µs"
INFO [12-01|01:40:10.230] Updated payload                          id=0x03ded439e9bf664c number=29 hash=0556ac..abed36 txs=0   withdrawals=0 gas=0          fees=0               root=f06c3c..5f0b47 elapsed="766.106µs"
ERROR[12-01|01:40:10.231] error with builder processing on payload attribute latestSlot=29 processedSlot=29 headHash=0xf540ce3a17e9c7f259a0883d6144aa9e37e528279fbff1cfa5790bd99100025a error="could not get validator while submitting block for slot 29 - validator not found"
INFO [12-01|01:40:10.390] Looking for peers                        peercount=2 tried=72 static=0
ERROR[12-01|01:40:11.919] error with builder processing on payload attribute latestSlot=29 processedSlot=29 headHash=0xf540ce3a17e9c7f259a0883d6144aa9e37e528279fbff1cfa5790bd99100025a error="could not get validator while submitting block for slot 29 - validator not found"
INFO [12-01|01:40:12.004] Block finalized and assembled            height=29 blockProfit=0               txs=0   bundles=0 okSbundles=0 totalSbundles=0 gasUsed=0          time="830.308µs"
INFO [12-01|01:40:12.006] Block finalized and assembled            height=29 blockProfit=0               txs=0   bundles=0 okSbundles=0 totalSbundles=0 gasUsed=0          time="880.669µs"
INFO [12-01|01:40:12.006] Updated payload                          id=0x0341999739f87a6c number=29 hash=63bf1e..9b236b txs=0   withdrawals=0 gas=0          fees=0               root=94c8c3..5fd229 elapsed=1.024ms
ERROR[12-01|01:40:12.006] error with builder processing on payload attribute latestSlot=30 processedSlot=30 headHash=0xf540ce3a17e9c7f259a0883d6144aa9e37e528279fbff1cfa5790bd99100025a error="could not get validator while submitting block for slot 30 - validator not found"
INFO [12-01|01:40:12.220] Imported new potential chain segment     number=29 hash=78e9ba..f1bcbf blocks=1 txs=0   mgas=0.000  elapsed=4.143ms     mgasps=0.000   snapdiffs=36.87KiB triedirty=421.15KiB
INFO [12-01|01:40:12.229] Chain head was updated                   number=29 hash=78e9ba..f1bcbf root=f06c3c..5f0b47 elapsed=2.748607ms
ERROR[12-01|01:40:12.230] Nil finalized block cannot evict old blobs
INFO [12-01|01:40:12.232] Block finalized and assembled            height=30 blockProfit=0               txs=0   bundles=0 okSbundles=0 totalSbundles=0 gasUsed=0          time="450.85µs"
INFO [12-01|01:40:12.234] Block finalized and assembled            height=30 blockProfit=0               txs=0   bundles=0 okSbundles=0 totalSbundles=0 gasUsed=0          time=1.276377ms
INFO [12-01|01:40:12.234] Updated payload                          id=0x03de3100c06c1fba number=30 hash=55a9c6..a94932 txs=0   withdrawals=0 gas=0          fees=0               root=b91a49..8201a3 elapsed=1.482ms
ERROR[12-01|01:40:12.234] error with builder processing on payload attribute latestSlot=30 processedSlot=30 headHash=0x78e9bacfceb267b00a7e0fd5d78ec9aff15d19dc85e017314cf0ef6b8af1bcbf error="could not get validator while submitting block for slot 30 - validator not found"
ERROR[12-01|01:40:13.920] error with builder processing on payload attribute latestSlot=30 processedSlot=30 headHash=0x78e9bacfceb267b00a7e0fd5d78ec9aff15d19dc85e017314cf0ef6b8af1bcbf error="could not get validator while submitting block for slot 30 - validator not found"
INFO [12-01|01:40:14.003] Block finalized and assembled            height=30 blockProfit=0               txs=0   bundles=0 okSbundles=0 totalSbundles=0 gasUsed=0          time="699.515µs"
INFO [12-01|01:40:14.008] Block finalized and assembled            height=30 blockProfit=0.001262872138  txs=41  bundles=0 okSbundles=0 totalSbundles=0 gasUsed=861,000    time=5.005304ms
INFO [12-01|01:40:14.009] Updated payload                          id=0x03a58d811085ecf4 number=30 hash=3eb0b7..d36e1b txs=41  withdrawals=0 gas=861,000    fees=0.001262872138  root=5bc25b..63d036 elapsed=5.229ms
ERROR[12-01|01:40:14.010] error with builder processing on payload attribute latestSlot=31 processedSlot=31 headHash=0x78e9bacfceb267b00a7e0fd5d78ec9aff15d19dc85e017314cf0ef6b8af1bcbf error="could not get validator while submitting block for slot 31 - validator not found"
INFO [12-01|01:40:14.216] Imported new potential chain segment     number=30 hash=e41292..52c9e4 blocks=1 txs=2   mgas=0.042  elapsed=3.051ms     mgasps=13.765  snapdiffs=37.29KiB triedirty=427.31KiB
INFO [12-01|01:40:14.225] Chain head was updated                   number=30 hash=e41292..52c9e4 root=103563..ab0a04 elapsed=2.37812ms
ERROR[12-01|01:40:14.230] Nil finalized block cannot evict old blobs
ERROR[12-01|01:40:14.231] error with builder processing on payload attribute latestSlot=31 processedSlot=31 headHash=0xe412920b7e334e374b28d4d865f6980512927225aa1068a7f0a8fe2ee452c9e4 error="could not get validator while submitting block for slot 31 - validator not found"
INFO [12-01|01:40:14.231] Block finalized and assembled            height=31 blockProfit=0               txs=0   bundles=0 okSbundles=0 totalSbundles=0 gasUsed=0          time="391.878µs"
INFO [12-01|01:40:14.237] Block finalized and assembled            height=31 blockProfit=0.001709178455  txs=55  bundles=0 okSbundles=0 totalSbundles=0 gasUsed=1,155,000  time=4.888802ms
INFO [12-01|01:40:14.237] Updated payload                          id=0x03a5b3d518376347 number=31 hash=542838..39851d txs=55  withdrawals=0 gas=1,155,000  fees=0.001709178455  root=9d7e55..d7e220 elapsed=5.075ms
ERROR[12-01|01:40:15.917] error with builder processing on payload attribute latestSlot=31 processedSlot=31 headHash=0xe412920b7e334e374b28d4d865f6980512927225aa1068a7f0a8fe2ee452c9e4 error="could not get validator while submitting block for slot 31 - validator not found"
INFO [12-01|01:40:16.006] Block finalized and assembled            height=31 blockProfit=0               txs=0   bundles=0 okSbundles=0 totalSbundles=0 gasUsed=0          time="540.641µs"
INFO [12-01|01:40:16.014] Block finalized and assembled            height=31 blockProfit=0.003098518349  txs=99  bundles=0 okSbundles=0 totalSbundles=0 gasUsed=2,079,000  time=7.935595ms
INFO [12-01|01:40:16.014] Updated payload                          id=0x03c5a296ff705710 number=31 hash=0ac1c1..ee6268 txs=99  withdrawals=0 gas=2,079,000  fees=0.003098518349  root=8cbc7e..ba4bbb elapsed=7.990ms
ERROR[12-01|01:40:16.014] error with builder processing on payload attribute latestSlot=32 processedSlot=32 headHash=0xe412920b7e334e374b28d4d865f6980512927225aa1068a7f0a8fe2ee452c9e4 error="could not get validator while submitting block for slot 32 - validator not found"
INFO [12-01|01:40:16.014] requesting                               currentSlot=32
INFO [12-01|01:40:16.017] Updated validators                       count=0 slot=32
INFO [12-01|01:40:16.147] Imported new potential chain segment     number=31 hash=aa4130..e81955 blocks=1 txs=98  mgas=2.058  elapsed=18.311ms    mgasps=112.388 snapdiffs=41.92KiB triedirty=480.46KiB
INFO [12-01|01:40:16.155] Chain head was updated                   number=31 hash=aa4130..e81955 root=b144bd..a09412 elapsed=2.122095ms
INFO [12-01|01:40:16.161] Block finalized and assembled            height=32 blockProfit=0               txs=0   bundles=0 okSbundles=0 totalSbundles=0 gasUsed=0          time="399.769µs"
ERROR[12-01|01:40:16.163] error with builder processing on payload attribute latestSlot=32 processedSlot=32 headHash=0xaa4130f94b9f1d809af088cf662599df19c260de8fa5d197637a4086ffe81955 error="could not get validator while submitting block for slot 32 - validator not found"
ERROR[12-01|01:40:16.167] Nil finalized block cannot evict old blobs
INFO [12-01|01:40:16.168] Block finalized and assembled            height=32 blockProfit=0               txs=0   bundles=0 okSbundles=0 totalSbundles=0 gasUsed=0          time=6.456535ms
INFO [12-01|01:40:16.168] Updated payload                          id=0x03b73ad4bb006bd4 number=32 hash=3f7016..afd765 txs=0   withdrawals=0 gas=0          fees=0               root=b8a4ef..2e3e50 elapsed=6.516ms
ERROR[12-01|01:40:17.918] error with builder processing on payload attribute latestSlot=32 processedSlot=32 headHash=0xaa4130f94b9f1d809af088cf662599df19c260de8fa5d197637a4086ffe81955 error="could not get validator while submitting block for slot 32 - validator not found"
INFO [12-01|01:40:18.004] Block finalized and assembled            height=32 blockProfit=0               txs=0   bundles=0 okSbundles=0 totalSbundles=0 gasUsed=0          time="611.292µs"
INFO [12-01|01:40:18.012] Block finalized and assembled            height=32 blockProfit=0.002208443939  txs=71  bundles=0 okSbundles=0 totalSbundles=0 gasUsed=1,491,000  time=7.993327ms
INFO [12-01|01:40:18.012] Updated payload                          id=0x03be341d0d3061cb number=32 hash=a19703..558919 txs=71  withdrawals=0 gas=1,491,000  fees=0.002208443939  root=ebc3b9..4d0c49 elapsed=8.055ms
ERROR[12-01|01:40:18.013] error with builder processing on payload attribute latestSlot=33 processedSlot=33 headHash=0xaa4130f94b9f1d809af088cf662599df19c260de8fa5d197637a4086ffe81955 error="could not get validator while submitting block for slot 33 - validator not found"
INFO [12-01|01:40:18.146] Imported new potential chain segment     number=32 hash=947b75..720a6f blocks=1 txs=30  mgas=0.630  elapsed=11.644ms    mgasps=54.102  snapdiffs=43.57KiB triedirty=505.82KiB
INFO [12-01|01:40:18.186] Chain head was updated                   number=32 hash=947b75..720a6f root=7d39a0..d8a817 elapsed=3.281199ms
ERROR[12-01|01:40:18.196] Nil finalized block cannot evict old blobs
ERROR[12-01|01:40:18.197] error with builder processing on payload attribute latestSlot=33 processedSlot=33 headHash=0x947b750a6345d1ea52c2a949bceffcf8b428aaaa1b4ab254d20c5ab4d5720a6f error="could not get validator while submitting block for slot 33 - validator not found"
INFO [12-01|01:40:18.199] Block finalized and assembled            height=33 blockProfit=0               txs=0   bundles=0 okSbundles=0 totalSbundles=0 gasUsed=0          time="772.736µs"
INFO [12-01|01:40:18.209] Block finalized and assembled            height=33 blockProfit=0.001548605061  txs=50  bundles=0 okSbundles=0 totalSbundles=0 gasUsed=1,050,000  time=9.304154ms
INFO [12-01|01:40:18.209] Updated payload                          id=0x03038e452eddffcb number=33 hash=9ffdca..c253ed txs=50  withdrawals=0 gas=1,050,000  fees=0.001548605061  root=42bc95..23e91c elapsed=9.622ms
ERROR[12-01|01:40:19.920] error with builder processing on payload attribute latestSlot=33 processedSlot=33 headHash=0x947b750a6345d1ea52c2a949bceffcf8b428aaaa1b4ab254d20c5ab4d5720a6f error="could not get validator while submitting block for slot 33 - validator not found"
INFO [12-01|01:40:20.004] Block finalized and assembled            height=33 blockProfit=0               txs=0   bundles=0 okSbundles=0 totalSbundles=0 gasUsed=0          time="758.926µs"
INFO [12-01|01:40:20.013] Block finalized and assembled            height=33 blockProfit=0.002212870962  txs=71  bundles=0 okSbundles=0 totalSbundles=0 gasUsed=1,491,000  time=7.566028ms
INFO [12-01|01:40:20.013] Updated payload                          id=0x0388add68cd8388f number=33 hash=d899fd..2bfa2d txs=71  withdrawals=0 gas=1,491,000  fees=0.002212870962  root=c62676..d9c33c elapsed=7.786ms
ERROR[12-01|01:40:20.013] error with builder processing on payload attribute latestSlot=34 processedSlot=34 headHash=0x947b750a6345d1ea52c2a949bceffcf8b428aaaa1b4ab254d20c5ab4d5720a6f error="could not get validator while submitting block for slot 34 - validator not found"
INFO [12-01|01:40:20.138] Imported new potential chain segment     number=33 hash=ea2a8b..e9a704 blocks=1 txs=70  mgas=1.470  elapsed=9.491ms     mgasps=154.873 snapdiffs=46.97KiB triedirty=548.35KiB
INFO [12-01|01:40:20.142] Chain head was updated                   number=33 hash=ea2a8b..e9a704 root=c7d0cd..a79445 elapsed=2.048282ms
INFO [12-01|01:40:20.144] Block finalized and assembled            height=34 blockProfit=0               txs=0   bundles=0 okSbundles=0 totalSbundles=0 gasUsed=0          time="260.666µs"
ERROR[12-01|01:40:20.144] error with builder processing on payload attribute latestSlot=34 processedSlot=34 headHash=0xea2a8bc263106c88f699e5cd8b8597818aa27f62cb0542bf67447a4966e9a704 error="could not get validator while submitting block for slot 34 - validator not found"
ERROR[12-01|01:40:20.154] Nil finalized block cannot evict old blobs
INFO [12-01|01:40:20.155] Block finalized and assembled            height=34 blockProfit=0               txs=0   bundles=0 okSbundles=0 totalSbundles=0 gasUsed=0          time=10.949488ms
INFO [12-01|01:40:20.155] Updated payload                          id=0x03188ea4b6a90f8f number=34 hash=b7a6c2..8d0ecf txs=0   withdrawals=0 gas=0          fees=0               root=0f8136..2cc064 elapsed=11.058ms
INFO [12-01|01:40:20.681] Looking for peers                        peercount=2 tried=41 static=0
ERROR[12-01|01:40:21.920] error with builder processing on payload attribute latestSlot=34 processedSlot=34 headHash=0xea2a8bc263106c88f699e5cd8b8597818aa27f62cb0542bf67447a4966e9a704 error="could not get validator while submitting block for slot 34 - validator not found"
INFO [12-01|01:40:22.006] Block finalized and assembled            height=34 blockProfit=0               txs=0   bundles=0 okSbundles=0 totalSbundles=0 gasUsed=0          time=1.112444ms
INFO [12-01|01:40:22.014] Block finalized and assembled            height=34 blockProfit=0.00472970158   txs=65  bundles=0 okSbundles=0 totalSbundles=0 gasUsed=3,162,620  time=7.387124ms
INFO [12-01|01:40:22.014] Updated payload                          id=0x036335a69efdd7d3 number=34 hash=9da6af..ba17ab txs=65  withdrawals=0 gas=3,162,620  fees=0.00472970158   root=398236..94818d elapsed=7.493ms
ERROR[12-01|01:40:22.014] error with builder processing on payload attribute latestSlot=35 processedSlot=35 headHash=0xea2a8bc263106c88f699e5cd8b8597818aa27f62cb0542bf67447a4966e9a704 error="could not get validator while submitting block for slot 35 - validator not found"
INFO [12-01|01:40:22.131] Imported new potential chain segment     number=34 hash=241312..cf3042 blocks=1 txs=16  mgas=0.591  elapsed=9.144ms     mgasps=64.665  snapdiffs=48.21KiB triedirty=571.42KiB
INFO [12-01|01:40:22.143] Chain head was updated                   number=34 hash=241312..cf3042 root=34c136..d1d286 elapsed=3.242238ms
ERROR[12-01|01:40:22.150] Nil finalized block cannot evict old blobs
INFO [12-01|01:40:22.151] Block finalized and assembled            height=35 blockProfit=0               txs=0   bundles=0 okSbundles=0 totalSbundles=0 gasUsed=0          time="254.426µs"
INFO [12-01|01:40:22.157] Block finalized and assembled            height=35 blockProfit=0.005656703948  txs=72  bundles=0 okSbundles=0 totalSbundles=0 gasUsed=3,775,334  time=5.418212ms
INFO [12-01|01:40:22.157] Updated payload                          id=0x0355e4e8949fbfae number=35 hash=541ec4..9ff233 txs=72  withdrawals=0 gas=3,775,334  fees=0.005656703948  root=ef8746..90a538 elapsed=5.507ms
ERROR[12-01|01:40:22.157] error with builder processing on payload attribute latestSlot=35 processedSlot=35 headHash=0x241312c11d0d60f39cd44d3612605a0de0705be477d96b33f4b3eb79aacf3042 error="could not get validator while submitting block for slot 35 - validator not found"
ERROR[12-01|01:40:23.920] error with builder processing on payload attribute latestSlot=35 processedSlot=35 headHash=0x241312c11d0d60f39cd44d3612605a0de0705be477d96b33f4b3eb79aacf3042 error="could not get validator while submitting block for slot 35 - validator not found"
INFO [12-01|01:40:24.004] Block finalized and assembled            height=35 blockProfit=0               txs=0   bundles=0 okSbundles=0 totalSbundles=0 gasUsed=0          time="381.308µs"
INFO [12-01|01:40:24.012] Block finalized and assembled            height=35 blockProfit=0.005739827617  txs=73  bundles=0 okSbundles=0 totalSbundles=0 gasUsed=3,830,438  time=7.734892ms
INFO [12-01|01:40:24.012] Updated payload                          id=0x0352423d2c552a3f number=35 hash=66d68a..0d746e txs=73  withdrawals=0 gas=3,830,438  fees=0.005739827617  root=24e22f..ceb8da elapsed=7.891ms
ERROR[12-01|01:40:24.013] error with builder processing on payload attribute latestSlot=36 processedSlot=36 headHash=0x241312c11d0d60f39cd44d3612605a0de0705be477d96b33f4b3eb79aacf3042 error="could not get validator while submitting block for slot 36 - validator not found"
INFO [12-01|01:40:24.079] Imported new potential chain segment     number=35 hash=eec143..091d77 blocks=1 txs=72  mgas=3.809  elapsed=17.756ms    mgasps=214.539 snapdiffs=51.84KiB triedirty=621.84KiB
INFO [12-01|01:40:24.095] Chain head was updated                   number=35 hash=eec143..091d77 root=1aab85..d362fd elapsed=8.683371ms
ERROR[12-01|01:40:24.105] Nil finalized block cannot evict old blobs
INFO [12-01|01:40:24.107] Block finalized and assembled            height=36 blockProfit=0               txs=0   bundles=0 okSbundles=0 totalSbundles=0 gasUsed=0          time="533.601µs"
INFO [12-01|01:40:24.108] Block finalized and assembled            height=36 blockProfit=0               txs=0   bundles=0 okSbundles=0 totalSbundles=0 gasUsed=0          time="510.601µs"
INFO [12-01|01:40:24.108] Updated payload                          id=0x0325b717c80ebc5e number=36 hash=e6b617..ccc213 txs=0   withdrawals=0 gas=0          fees=0               root=7cc003..cd07f1 elapsed="550.482µs"
ERROR[12-01|01:40:24.108] error with builder processing on payload attribute latestSlot=36 processedSlot=36 headHash=0xeec1437256d3a79dd4c7a5cb99856f54a9af972cf8aa10c3c235abff57091d77 error="could not get validator while submitting block for slot 36 - validator not found"
ERROR[12-01|01:40:25.918] error with builder processing on payload attribute latestSlot=36 processedSlot=36 headHash=0xeec1437256d3a79dd4c7a5cb99856f54a9af972cf8aa10c3c235abff57091d77 error="could not get validator while submitting block for slot 36 - validator not found"
INFO [12-01|01:40:26.006] Block finalized and assembled            height=36 blockProfit=0               txs=0   bundles=0 okSbundles=0 totalSbundles=0 gasUsed=0          time="543.451µs"
INFO [12-01|01:40:26.006] Block finalized and assembled            height=36 blockProfit=0               txs=0   bundles=0 okSbundles=0 totalSbundles=0 gasUsed=0          time="331.927µs"
INFO [12-01|01:40:26.006] Updated payload                          id=0x03b88d7bc4758f0c number=36 hash=ad6465..e6f0fa txs=0   withdrawals=0 gas=0          fees=0               root=376920..6ec85e elapsed="350.257µs"
ERROR[12-01|01:40:26.006] error with builder processing on payload attribute latestSlot=37 processedSlot=37 headHash=0xeec1437256d3a79dd4c7a5cb99856f54a9af972cf8aa10c3c235abff57091d77 error="could not get validator while submitting block for slot 37 - validator not found"
INFO [12-01|01:40:26.122] Imported new potential chain segment     number=36 hash=d8b51e..e104e6 blocks=1 txs=0   mgas=0.000  elapsed=3.283ms     mgasps=0.000   snapdiffs=52.08KiB triedirty=626.06KiB
INFO [12-01|01:40:26.126] Chain head was updated                   number=36 hash=d8b51e..e104e6 root=7cc003..cd07f1 elapsed=1.667815ms
ERROR[12-01|01:40:26.127] Nil finalized block cannot evict old blobs
INFO [12-01|01:40:26.127] Block finalized and assembled            height=37 blockProfit=0               txs=0   bundles=0 okSbundles=0 totalSbundles=0 gasUsed=0          time="184.684µs"
INFO [12-01|01:40:26.127] Block finalized and assembled            height=37 blockProfit=0               txs=0   bundles=0 okSbundles=0 totalSbundles=0 gasUsed=0          time="220.055µs"
INFO [12-01|01:40:26.127] Updated payload                          id=0x031e79b537cd8e29 number=37 hash=21ea7f..6e6a7c txs=0   withdrawals=0 gas=0          fees=0               root=a6c0dd..4a6e2d elapsed="237.925µs"
ERROR[12-01|01:40:26.127] error with builder processing on payload attribute latestSlot=37 processedSlot=37 headHash=0xd8b51ecbeb749664445ae211424f83cb6aaa0dde3aa8045b9dfe18fe57e104e6 error="could not get validator while submitting block for slot 37 - validator not found"
ERROR[12-01|01:40:27.919] error with builder processing on payload attribute latestSlot=37 processedSlot=37 headHash=0xd8b51ecbeb749664445ae211424f83cb6aaa0dde3aa8045b9dfe18fe57e104e6 error="could not get validator while submitting block for slot 37 - validator not found"
INFO [12-01|01:40:28.003] Block finalized and assembled            height=37 blockProfit=0               txs=0   bundles=0 okSbundles=0 totalSbundles=0 gasUsed=0          time="638.064µs"
INFO [12-01|01:40:28.004] Block finalized and assembled            height=37 blockProfit=0               txs=0   bundles=0 okSbundles=0 totalSbundles=0 gasUsed=0          time="486.85µs"
INFO [12-01|01:40:28.004] Updated payload                          id=0x036d621e2f391f65 number=37 hash=a27af1..a359f4 txs=0   withdrawals=0 gas=0          fees=0               root=fef226..6d0d0c elapsed="521.461µs"
ERROR[12-01|01:40:28.004] error with builder processing on payload attribute latestSlot=38 processedSlot=38 headHash=0xd8b51ecbeb749664445ae211424f83cb6aaa0dde3aa8045b9dfe18fe57e104e6 error="could not get validator while submitting block for slot 38 - validator not found"
INFO [12-01|01:40:28.123] Imported new potential chain segment     number=37 hash=36259d..344bbe blocks=1 txs=0   mgas=0.000  elapsed=3.077ms     mgasps=0.000   snapdiffs=52.31KiB triedirty=629.39KiB
INFO [12-01|01:40:28.130] Chain head was updated                   number=37 hash=36259d..344bbe root=a6c0dd..4a6e2d elapsed=2.600414ms
ERROR[12-01|01:40:28.132] Nil finalized block cannot evict old blobs
ERROR[12-01|01:40:28.132] error with builder processing on payload attribute latestSlot=38 processedSlot=38 headHash=0x36259d92fadfcc5898e88a952a093a2a6ad3eb304f242ac21b29f89497344bbe error="could not get validator while submitting block for slot 38 - validator not found"
INFO [12-01|01:40:28.133] Block finalized and assembled            height=38 blockProfit=0               txs=0   bundles=0 okSbundles=0 totalSbundles=0 gasUsed=0          time="282.316µs"
INFO [12-01|01:40:28.134] Block finalized and assembled            height=38 blockProfit=0               txs=0   bundles=0 okSbundles=0 totalSbundles=0 gasUsed=0          time=1.092363ms
INFO [12-01|01:40:28.135] Updated payload                          id=0x039afddbac6b1d41 number=38 hash=6ac877..ae7392 txs=0   withdrawals=0 gas=0          fees=0               root=e0fb81..3192e3 elapsed=1.290ms
ERROR[12-01|01:40:29.919] error with builder processing on payload attribute latestSlot=38 processedSlot=38 headHash=0x36259d92fadfcc5898e88a952a093a2a6ad3eb304f242ac21b29f89497344bbe error="could not get validator while submitting block for slot 38 - validator not found"
INFO [12-01|01:40:30.004] Block finalized and assembled            height=38 blockProfit=0               txs=0   bundles=0 okSbundles=0 totalSbundles=0 gasUsed=0          time=1.034822ms
ERROR[12-01|01:40:30.007] error with builder processing on payload attribute latestSlot=39 processedSlot=39 headHash=0x36259d92fadfcc5898e88a952a093a2a6ad3eb304f242ac21b29f89497344bbe error="could not get validator while submitting block for slot 39 - validator not found"
INFO [12-01|01:40:30.007] Block finalized and assembled            height=38 blockProfit=0.0004108285388 txs=14  bundles=0 okSbundles=0 totalSbundles=0 gasUsed=294,000    time=2.394409ms
INFO [12-01|01:40:30.007] Updated payload                          id=0x03a7f71364245b41 number=38 hash=631025..b990d0 txs=14  withdrawals=0 gas=294,000    fees=0.0004108285388 root=5e0ffd..5623b7 elapsed=2.453ms
INFO [12-01|01:40:30.108] Imported new potential chain segment     number=38 hash=5c960a..7767ce blocks=1 txs=0   mgas=0.000  elapsed=3.344ms     mgasps=0.000   snapdiffs=52.54KiB triedirty=633.11KiB
INFO [12-01|01:40:30.118] Chain head was updated                   number=38 hash=5c960a..7767ce root=e0fb81..3192e3 elapsed=2.304548ms
ERROR[12-01|01:40:30.121] Nil finalized block cannot evict old blobs
ERROR[12-01|01:40:30.122] error with builder processing on payload attribute latestSlot=39 processedSlot=39 headHash=0x5c960a298a211823f9ccdb7582c7684d150cc1c608f0b7f1af40c7d19e7767ce error="could not get validator while submitting block for slot 39 - validator not found"
INFO [12-01|01:40:30.123] Block finalized and assembled            height=39 blockProfit=0               txs=0   bundles=0 okSbundles=0 totalSbundles=0 gasUsed=0          time="348.577µs"
INFO [12-01|01:40:30.126] Block finalized and assembled            height=39 blockProfit=0.0006010898342 txs=20  bundles=0 okSbundles=0 totalSbundles=0 gasUsed=420,000    time=2.302377ms
INFO [12-01|01:40:30.126] Updated payload                          id=0x03a120f9280b911f number=39 hash=9b6eab..c33f00 txs=20  withdrawals=0 gas=420,000    fees=0.0006010898342 root=5ca54e..2f2f16 elapsed=2.394ms
INFO [12-01|01:40:31.022] Looking for peers                        peercount=2 tried=31 static=0
ERROR[12-01|01:40:31.920] error with builder processing on payload attribute latestSlot=39 processedSlot=39 headHash=0x5c960a298a211823f9ccdb7582c7684d150cc1c608f0b7f1af40c7d19e7767ce error="could not get validator while submitting block for slot 39 - validator not found"
INFO [12-01|01:40:32.003] Block finalized and assembled            height=39 blockProfit=0               txs=0   bundles=0 okSbundles=0 totalSbundles=0 gasUsed=0          time="607.493µs"
INFO [12-01|01:40:32.013] Block finalized and assembled            height=39 blockProfit=0.003161967757  txs=101 bundles=0 okSbundles=0 totalSbundles=0 gasUsed=2,121,000  time=9.532039ms
INFO [12-01|01:40:32.013] Updated payload                          id=0x0393f2f2d0c95b3c number=39 hash=5e6b46..7a5745 txs=101 withdrawals=0 gas=2,121,000  fees=0.003161967757  root=1bf7e5..ae7fc4 elapsed=9.664ms
ERROR[12-01|01:40:32.014] error with builder processing on payload attribute latestSlot=40 processedSlot=40 headHash=0x5c960a298a211823f9ccdb7582c7684d150cc1c608f0b7f1af40c7d19e7767ce error="could not get validator while submitting block for slot 40 - validator not found"
INFO [12-01|01:40:32.141] Imported new potential chain segment     number=39 hash=8329d4..a896c7 blocks=1 txs=97  mgas=2.037  elapsed=14.409ms    mgasps=141.364 snapdiffs=57.13KiB triedirty=687.07KiB
INFO [12-01|01:40:32.147] Chain head was updated                   number=39 hash=8329d4..a896c7 root=c8b0e2..e91113 elapsed=2.621244ms
ERROR[12-01|01:40:32.161] Nil finalized block cannot evict old blobs
INFO [12-01|01:40:32.163] Block finalized and assembled            height=40 blockProfit=0               txs=0   bundles=0 okSbundles=0 totalSbundles=0 gasUsed=0          time="729.615µs"
INFO [12-01|01:40:32.165] Block finalized and assembled            height=40 blockProfit=9.473095105e-05 txs=4   bundles=0 okSbundles=0 totalSbundles=0 gasUsed=84000      time=1.640764ms
INFO [12-01|01:40:32.165] Updated payload                          id=0x03acc166bdfaebfc number=40 hash=cea6b9..fa9c51 txs=4   withdrawals=0 gas=84000      fees=9.473095105e-05 root=37f281..925e5e elapsed=1.780ms
ERROR[12-01|01:40:32.166] error with builder processing on payload attribute latestSlot=40 processedSlot=40 headHash=0x8329d4b2a62440e37f8db0af96286f62b162e30a90622f9e6b1de8b2cea896c7 error="could not get validator while submitting block for slot 40 - validator not found"
ERROR[12-01|01:40:33.920] error with builder processing on payload attribute latestSlot=40 processedSlot=40 headHash=0x8329d4b2a62440e37f8db0af96286f62b162e30a90622f9e6b1de8b2cea896c7 error="could not get validator while submitting block for slot 40 - validator not found"
INFO [12-01|01:40:34.003] Block finalized and assembled            height=40 blockProfit=0               txs=0   bundles=0 okSbundles=0 totalSbundles=0 gasUsed=0          time="412.959µs"
INFO [12-01|01:40:34.005] Block finalized and assembled            height=40 blockProfit=9.473095105e-05 txs=4   bundles=0 okSbundles=0 totalSbundles=0 gasUsed=84000      time="896.898µs"
INFO [12-01|01:40:34.005] Updated payload                          id=0x039604b1c85e7506 number=40 hash=80b9e2..907650 txs=4   withdrawals=0 gas=84000      fees=9.473095105e-05 root=890fba..0ee021 elapsed="982.62µs"
ERROR[12-01|01:40:34.005] error with builder processing on payload attribute latestSlot=41 processedSlot=41 headHash=0x8329d4b2a62440e37f8db0af96286f62b162e30a90622f9e6b1de8b2cea896c7 error="could not get validator while submitting block for slot 41 - validator not found"
INFO [12-01|01:40:34.058] Imported new potential chain segment     number=40 hash=d77f00..99c8b4 blocks=1 txs=3   mgas=0.063  elapsed=6.792ms     mgasps=9.275   snapdiffs=57.59KiB triedirty=694.57KiB
INFO [12-01|01:40:34.066] Chain head was updated                   number=40 hash=d77f00..99c8b4 root=a219ac..05f06f elapsed=2.726188ms
ERROR[12-01|01:40:34.069] Nil finalized block cannot evict old blobs
INFO [12-01|01:40:34.071] Block finalized and assembled            height=41 blockProfit=0               txs=0   bundles=0 okSbundles=0 totalSbundles=0 gasUsed=0          time="340.247µs"
INFO [12-01|01:40:34.071] Block finalized and assembled            height=41 blockProfit=0               txs=0   bundles=0 okSbundles=0 totalSbundles=0 gasUsed=0          time="455.629µs"
INFO [12-01|01:40:34.071] Updated payload                          id=0x03ca93ed589d21af number=41 hash=f5fa41..4fdb59 txs=0   withdrawals=0 gas=0          fees=0               root=7c03d5..d15502 elapsed="476.229µs"
ERROR[12-01|01:40:34.072] error with builder processing on payload attribute latestSlot=41 processedSlot=41 headHash=0xd77f00557a7fbe99b4584a9412e94fc78b1dbc6581ca68842d83b5bfa099c8b4 error="could not get validator while submitting block for slot 41 - validator not found"
ERROR[12-01|01:40:35.919] error with builder processing on payload attribute latestSlot=41 processedSlot=41 headHash=0xd77f00557a7fbe99b4584a9412e94fc78b1dbc6581ca68842d83b5bfa099c8b4 error="could not get validator while submitting block for slot 41 - validator not found"
INFO [12-01|01:40:36.004] Block finalized and assembled            height=41 blockProfit=0               txs=0   bundles=0 okSbundles=0 totalSbundles=0 gasUsed=0          time="393.868µs"
INFO [12-01|01:40:36.005] Block finalized and assembled            height=41 blockProfit=0               txs=0   bundles=0 okSbundles=0 totalSbundles=0 gasUsed=0          time="723.555µs"
INFO [12-01|01:40:36.005] Updated payload                          id=0x03dbe2a5d76840f6 number=41 hash=e63fd4..4c35c0 txs=0   withdrawals=0 gas=0          fees=0               root=9ec664..b0e137 elapsed="882.099µs"
ERROR[12-01|01:40:36.005] error with builder processing on payload attribute latestSlot=42 processedSlot=42 headHash=0xd77f00557a7fbe99b4584a9412e94fc78b1dbc6581ca68842d83b5bfa099c8b4 error="could not get validator while submitting block for slot 42 - validator not found"
INFO [12-01|01:40:36.114] Imported new potential chain segment     number=41 hash=da96fc..2f8625 blocks=1 txs=0   mgas=0.000  elapsed=3.705ms     mgasps=0.000   snapdiffs=57.82KiB triedirty=697.94KiB
INFO [12-01|01:40:36.123] Chain head was updated                   number=41 hash=da96fc..2f8625 root=7c03d5..d15502 elapsed=2.549853ms
ERROR[12-01|01:40:36.125] Nil finalized block cannot evict old blobs
INFO [12-01|01:40:36.127] Block finalized and assembled            height=42 blockProfit=0               txs=0   bundles=0 okSbundles=0 totalSbundles=0 gasUsed=0          time="361.258µs"
INFO [12-01|01:40:36.128] Block finalized and assembled            height=42 blockProfit=0               txs=0   bundles=0 okSbundles=0 totalSbundles=0 gasUsed=0          time="521.301µs"
INFO [12-01|01:40:36.129] Updated payload                          id=0x03f495e917c8ddd7 number=42 hash=4f6cdc..e3834a txs=0   withdrawals=0 gas=0          fees=0               root=8724e4..08aefe elapsed="609.513µs"
ERROR[12-01|01:40:36.129] error with builder processing on payload attribute latestSlot=42 processedSlot=42 headHash=0xda96fc88d7e74887779ca5138f0db47c8a3df1f7ff6bf269a31391de532f8625 error="could not get validator while submitting block for slot 42 - validator not found"
ERROR[12-01|01:40:37.919] error with builder processing on payload attribute latestSlot=42 processedSlot=42 headHash=0xda96fc88d7e74887779ca5138f0db47c8a3df1f7ff6bf269a31391de532f8625 error="could not get validator while submitting block for slot 42 - validator not found"
ERROR[12-01|01:40:38.003] error with builder processing on payload attribute latestSlot=43 processedSlot=43 headHash=0xda96fc88d7e74887779ca5138f0db47c8a3df1f7ff6bf269a31391de532f8625 error="could not get validator while submitting block for slot 43 - validator not found"
INFO [12-01|01:40:38.004] Block finalized and assembled            height=42 blockProfit=0               txs=0   bundles=0 okSbundles=0 totalSbundles=0 gasUsed=0          time="482.29µs"
INFO [12-01|01:40:38.011] Block finalized and assembled            height=42 blockProfit=0.001549853039  txs=50  bundles=0 okSbundles=0 totalSbundles=0 gasUsed=1,050,000  time=6.792341ms
INFO [12-01|01:40:38.012] Updated payload                          id=0x03b238beb0a2ded0 number=42 hash=78f043..f3b3dc txs=50  withdrawals=0 gas=1,050,000  fees=0.001549853039  root=cdcdee..6beb89 elapsed=7.039ms
INFO [12-01|01:40:38.116] Imported new potential chain segment     number=42 hash=57447e..cc0295 blocks=1 txs=14  mgas=0.294  elapsed=4.156ms     mgasps=70.734  snapdiffs=58.76KiB triedirty=714.37KiB
INFO [12-01|01:40:38.120] Chain head was updated                   number=42 hash=57447e..cc0295 root=effc63..d34456 elapsed=2.136754ms
INFO [12-01|01:40:38.123] Block finalized and assembled            height=43 blockProfit=0               txs=0   bundles=0 okSbundles=0 totalSbundles=0 gasUsed=0          time="254.726µs"
ERROR[12-01|01:40:38.124] error with builder processing on payload attribute latestSlot=43 processedSlot=43 headHash=0x57447e19f2b3bd73467cc5da8b849228ad968d6ecf68ec3973bd7ba6bacc0295 error="could not get validator while submitting block for slot 43 - validator not found"
ERROR[12-01|01:40:38.126] Nil finalized block cannot evict old blobs
INFO [12-01|01:40:38.131] Block finalized and assembled            height=43 blockProfit=0.001329150252  txs=43  bundles=0 okSbundles=0 totalSbundles=0 gasUsed=903,000    time=7.896063ms
INFO [12-01|01:40:38.132] Updated payload                          id=0x036612f72bb94722 number=43 hash=fb3ada..d655e6 txs=43  withdrawals=0 gas=903,000    fees=0.001329150252  root=3cbc27..bc04c7 elapsed=8.153ms
ERROR[12-01|01:40:39.920] error with builder processing on payload attribute latestSlot=43 processedSlot=43 headHash=0x57447e19f2b3bd73467cc5da8b849228ad968d6ecf68ec3973bd7ba6bacc0295 error="could not get validator while submitting block for slot 43 - validator not found"
INFO [12-01|01:40:40.004] Block finalized and assembled            height=43 blockProfit=0               txs=0   bundles=0 okSbundles=0 totalSbundles=0 gasUsed=0          time="733.286µs"
INFO [12-01|01:40:40.013] Block finalized and assembled            height=43 blockProfit=0.002720853378  txs=87  bundles=0 okSbundles=0 totalSbundles=0 gasUsed=1,827,000  time=8.492466ms
INFO [12-01|01:40:40.013] Updated payload                          id=0x03647a0b1cfbb1fd number=43 hash=fd1da1..b6b0ad txs=87  withdrawals=0 gas=1,827,000  fees=0.002720853378  root=568bea..6323ed elapsed=8.715ms
ERROR[12-01|01:40:40.014] error with builder processing on payload attribute latestSlot=44 processedSlot=44 headHash=0x57447e19f2b3bd73467cc5da8b849228ad968d6ecf68ec3973bd7ba6bacc0295 error="could not get validator while submitting block for slot 44 - validator not found"
INFO [12-01|01:40:40.153] Imported new potential chain segment     number=43 hash=edf18e..fdbb38 blocks=1 txs=86  mgas=1.806  elapsed=21.907ms    mgasps=82.437  snapdiffs=62.87KiB triedirty=765.02KiB
INFO [12-01|01:40:40.165] Chain head was updated                   number=43 hash=edf18e..fdbb38 root=b7eab5..c1523f elapsed=4.377272ms
ERROR[12-01|01:40:40.177] Nil finalized block cannot evict old blobs
ERROR[12-01|01:40:40.178] error with builder processing on payload attribute latestSlot=44 processedSlot=44 headHash=0xedf18e18fdb8277906e6d811b97f829f3a65d87f48d34443c3b6710997fdbb38 error="could not get validator while submitting block for slot 44 - validator not found"
INFO [12-01|01:40:40.179] Block finalized and assembled            height=44 blockProfit=0               txs=0   bundles=0 okSbundles=0 totalSbundles=0 gasUsed=0          time="742.466µs"
INFO [12-01|01:40:40.182] Block finalized and assembled            height=44 blockProfit=0               txs=0   bundles=0 okSbundles=0 totalSbundles=0 gasUsed=0          time=2.247057ms
INFO [12-01|01:40:40.183] Updated payload                          id=0x03ce528426ab9210 number=44 hash=17cf40..875217 txs=0   withdrawals=0 gas=0          fees=0               root=263ad1..ba12b7 elapsed=2.690ms
INFO [12-01|01:40:41.115] Looking for peers                        peercount=2 tried=34 static=0
ERROR[12-01|01:40:41.920] error with builder processing on payload attribute latestSlot=44 processedSlot=44 headHash=0xedf18e18fdb8277906e6d811b97f829f3a65d87f48d34443c3b6710997fdbb38 error="could not get validator while submitting block for slot 44 - validator not found"
INFO [12-01|01:40:42.003] Block finalized and assembled            height=44 blockProfit=0               txs=0   bundles=0 okSbundles=0 totalSbundles=0 gasUsed=0          time="268.906µs"
INFO [12-01|01:40:42.013] Block finalized and assembled            height=44 blockProfit=0.004919961935  txs=72  bundles=0 okSbundles=0 totalSbundles=0 gasUsed=3,288,462  time=10.151392ms
INFO [12-01|01:40:42.013] Updated payload                          id=0x03d1ef796e9a43e5 number=44 hash=fb20fc..41f57b txs=72  withdrawals=0 gas=3,288,462  fees=0.004919961935  root=18a159..74702d elapsed=10.344ms
ERROR[12-01|01:40:42.015] error with builder processing on payload attribute latestSlot=45 processedSlot=45 headHash=0xedf18e18fdb8277906e6d811b97f829f3a65d87f48d34443c3b6710997fdbb38 error="could not get validator while submitting block for slot 45 - validator not found"
INFO [12-01|01:40:42.132] Imported new potential chain segment     number=44 hash=9abfbb..ec647a blocks=1 txs=8   mgas=0.358  elapsed=6.761ms     mgasps=52.892  snapdiffs=63.61KiB triedirty=779.05KiB
INFO [12-01|01:40:42.141] Chain head was updated                   number=44 hash=9abfbb..ec647a root=2cecf9..a88e9d elapsed=3.108755ms
ERROR[12-01|01:40:42.153] Nil finalized block cannot evict old blobs
ERROR[12-01|01:40:42.153] error with builder processing on payload attribute latestSlot=45 processedSlot=45 headHash=0x9abfbb116168e5b13511c6514184f613c1969a541a20b3e697c71d1e1eec647a error="could not get validator while submitting block for slot 45 - validator not found"
INFO [12-01|01:40:42.154] Block finalized and assembled            height=45 blockProfit=0               txs=0   bundles=0 okSbundles=0 totalSbundles=0 gasUsed=0          time="366.548µs"
INFO [12-01|01:40:42.165] Block finalized and assembled            height=45 blockProfit=0.005361326211  txs=78  bundles=0 okSbundles=0 totalSbundles=0 gasUsed=3,580,673  time=9.775734ms
INFO [12-01|01:40:42.165] Updated payload                          id=0x039978a2a4b31479 number=45 hash=6066e5..221144 txs=78  withdrawals=0 gas=3,580,673  fees=0.005361326211  root=1003c9..fb7c07 elapsed=10.029ms
ERROR[12-01|01:40:43.918] error with builder processing on payload attribute latestSlot=45 processedSlot=45 headHash=0x9abfbb116168e5b13511c6514184f613c1969a541a20b3e697c71d1e1eec647a error="could not get validator while submitting block for slot 45 - validator not found"
ERROR[12-01|01:40:44.002] error with builder processing on payload attribute latestSlot=46 processedSlot=46 headHash=0x9abfbb116168e5b13511c6514184f613c1969a541a20b3e697c71d1e1eec647a error="could not get validator while submitting block for slot 46 - validator not found"
INFO [12-01|01:40:44.003] Block finalized and assembled            height=45 blockProfit=0               txs=0   bundles=0 okSbundles=0 totalSbundles=0 gasUsed=0          time="343.227µs"
INFO [12-01|01:40:44.016] Block finalized and assembled            height=45 blockProfit=0.006005806536  txs=91  bundles=0 okSbundles=0 totalSbundles=0 gasUsed=4,008,591  time=13.054282ms
INFO [12-01|01:40:44.018] Updated payload                          id=0x0398bd10bf5ddffe number=45 hash=7e2c0e..f8d43c txs=91  withdrawals=0 gas=4,008,591  fees=0.006005806536  root=7f7ae0..d9a29e elapsed=14.672ms
INFO [12-01|01:40:44.142] Imported new potential chain segment     number=45 hash=40b0af..0e4c07 blocks=1 txs=90  mgas=3.988  elapsed=13.995ms    mgasps=284.921 snapdiffs=67.94KiB triedirty=837.72KiB
INFO [12-01|01:40:44.154] Chain head was updated                   number=45 hash=40b0af..0e4c07 root=ebeaaa..ab5669 elapsed=8.859394ms
ERROR[12-01|01:40:44.165] Nil finalized block cannot evict old blobs
ERROR[12-01|01:40:44.166] error with builder processing on payload attribute latestSlot=46 processedSlot=46 headHash=0x40b0af43202d3f5e01d08d5623a7f8a25fbbc7924190d05436f69ca85f0e4c07 error="could not get validator while submitting block for slot 46 - validator not found"
INFO [12-01|01:40:44.168] Block finalized and assembled            height=46 blockProfit=0               txs=0   bundles=0 okSbundles=0 totalSbundles=0 gasUsed=0          time="650.224µs"
INFO [12-01|01:40:44.168] Block finalized and assembled            height=46 blockProfit=0               txs=0   bundles=0 okSbundles=0 totalSbundles=0 gasUsed=0          time="289.656µs"
INFO [12-01|01:40:44.168] Updated payload                          id=0x0348657e540d4a87 number=46 hash=27158d..010cad txs=0   withdrawals=0 gas=0          fees=0               root=da6bd8..cc6bb4 elapsed="309.696µs"
ERROR[12-01|01:40:45.921] error with builder processing on payload attribute latestSlot=46 processedSlot=46 headHash=0x40b0af43202d3f5e01d08d5623a7f8a25fbbc7924190d05436f69ca85f0e4c07 error="could not get validator while submitting block for slot 46 - validator not found"
INFO [12-01|01:40:46.004] Block finalized and assembled            height=46 blockProfit=0               txs=0   bundles=0 okSbundles=0 totalSbundles=0 gasUsed=0          time="251.795µs"
INFO [12-01|01:40:46.005] Block finalized and assembled            height=46 blockProfit=0               txs=0   bundles=0 okSbundles=0 totalSbundles=0 gasUsed=0          time="164.384µs"
INFO [12-01|01:40:46.005] Updated payload                          id=0x039dfb8debb9b320 number=46 hash=08a843..5b47a2 txs=0   withdrawals=0 gas=0          fees=0               root=a2de1f..9cc571 elapsed="179.344µs"
ERROR[12-01|01:40:46.005] error with builder processing on payload attribute latestSlot=47 processedSlot=47 headHash=0x40b0af43202d3f5e01d08d5623a7f8a25fbbc7924190d05436f69ca85f0e4c07 error="could not get validator while submitting block for slot 47 - validator not found"
INFO [12-01|01:40:46.126] Imported new potential chain segment     number=46 hash=651d9b..0830de blocks=1 txs=0   mgas=0.000  elapsed=2.905ms     mgasps=0.000   snapdiffs=68.17KiB triedirty=841.21KiB
INFO [12-01|01:40:46.135] Chain head was updated                   number=46 hash=651d9b..0830de root=da6bd8..cc6bb4 elapsed=2.116995ms
ERROR[12-01|01:40:46.137] Nil finalized block cannot evict old blobs
INFO [12-01|01:40:46.138] Block finalized and assembled            height=47 blockProfit=0               txs=0   bundles=0 okSbundles=0 totalSbundles=0 gasUsed=0          time="649.144µs"
INFO [12-01|01:40:46.140] Block finalized and assembled            height=47 blockProfit=0               txs=0   bundles=0 okSbundles=0 totalSbundles=0 gasUsed=0          time=1.373888ms
INFO [12-01|01:40:46.140] Updated payload                          id=0x0389aa290730acf8 number=47 hash=64876d..f045ac txs=0   withdrawals=0 gas=0          fees=0               root=0b1361..38344a elapsed=1.604ms
ERROR[12-01|01:40:46.141] error with builder processing on payload attribute latestSlot=47 processedSlot=47 headHash=0x651d9bfdbb0cdc4599eea18b2452644a84f4feeed1de69a07c4787b9980830de error="could not get validator while submitting block for slot 47 - validator not found"
ERROR[12-01|01:40:47.919] error with builder processing on payload attribute latestSlot=47 processedSlot=47 headHash=0x651d9bfdbb0cdc4599eea18b2452644a84f4feeed1de69a07c4787b9980830de error="could not get validator while submitting block for slot 47 - validator not found"
ERROR[12-01|01:40:48.004] error with builder processing on payload attribute latestSlot=48 processedSlot=48 headHash=0x651d9bfdbb0cdc4599eea18b2452644a84f4feeed1de69a07c4787b9980830de error="could not get validator while submitting block for slot 48 - validator not found"
INFO [12-01|01:40:48.005] Block finalized and assembled            height=47 blockProfit=0               txs=0   bundles=0 okSbundles=0 totalSbundles=0 gasUsed=0          time="718.145µs"
INFO [12-01|01:40:48.008] Block finalized and assembled            height=47 blockProfit=0.001075228843  txs=35  bundles=0 okSbundles=0 totalSbundles=0 gasUsed=735,000    time=2.385051ms
INFO [12-01|01:40:48.008] Updated payload                          id=0x03cda61e2b1f6a28 number=47 hash=60bc13..a6a0d9 txs=35  withdrawals=0 gas=735,000    fees=0.001075228843  root=afaaef..b0cd35 elapsed=2.450ms
INFO [12-01|01:40:48.127] Imported new potential chain segment     number=47 hash=7784a3..768263 blocks=1 txs=0   mgas=0.000  elapsed=3.213ms     mgasps=0.000   snapdiffs=68.40KiB triedirty=844.27KiB
INFO [12-01|01:40:48.135] Chain head was updated                   number=47 hash=7784a3..768263 root=0b1361..38344a elapsed=2.047132ms
ERROR[12-01|01:40:48.140] Nil finalized block cannot evict old blobs
INFO [12-01|01:40:48.141] Block finalized and assembled            height=48 blockProfit=0               txs=0   bundles=0 okSbundles=0 totalSbundles=0 gasUsed=0          time="365.398µs"
INFO [12-01|01:40:48.147] Block finalized and assembled            height=48 blockProfit=0.001328649211  txs=43  bundles=0 okSbundles=0 totalSbundles=0 gasUsed=903,000    time=5.093506ms
INFO [12-01|01:40:48.147] Updated payload                          id=0x0389a515e1f1159e number=48 hash=ae85d8..0e63a0 txs=43  withdrawals=0 gas=903,000    fees=0.001328649211  root=23e22d..8e1496 elapsed=5.331ms
ERROR[12-01|01:40:48.147] error with builder processing on payload attribute latestSlot=48 processedSlot=48 headHash=0x7784a33603a0c30a9189e43e1fb0a1c3762b277407901251b06b4ec67e768263 error="could not get validator while submitting block for slot 48 - validator not found"
ERROR[12-01|01:40:49.919] error with builder processing on payload attribute latestSlot=48 processedSlot=48 headHash=0x7784a33603a0c30a9189e43e1fb0a1c3762b277407901251b06b4ec67e768263 error="could not get validator while submitting block for slot 48 - validator not found"
INFO [12-01|01:40:50.004] Block finalized and assembled            height=48 blockProfit=0               txs=0   bundles=0 okSbundles=0 totalSbundles=0 gasUsed=0          time="572.062µs"
INFO [12-01|01:40:50.018] Block finalized and assembled            height=48 blockProfit=0.003162913928  txs=101 bundles=0 okSbundles=0 totalSbundles=0 gasUsed=2,121,000  time=13.116132ms
INFO [12-01|01:40:50.018] Updated payload                          id=0x039eb78221a64b4d number=48 hash=67c57e..057f91 txs=101 withdrawals=0 gas=2,121,000  fees=0.003162913928  root=55e08b..2c8efb elapsed=13.429ms
ERROR[12-01|01:40:50.019] error with builder processing on payload attribute latestSlot=49 processedSlot=49 headHash=0x7784a33603a0c30a9189e43e1fb0a1c3762b277407901251b06b4ec67e768263 error="could not get validator while submitting block for slot 49 - validator not found"
INFO [12-01|01:40:50.137] Imported new potential chain segment     number=48 hash=a257ca..9425e4 blocks=1 txs=100 mgas=2.100  elapsed=12.618ms    mgasps=166.424 snapdiffs=73.12KiB triedirty=899.95KiB
INFO [12-01|01:40:50.142] Chain head was updated                   number=48 hash=a257ca..9425e4 root=02d922..c6cb91 elapsed=1.92064ms
ERROR[12-01|01:40:50.153] Nil finalized block cannot evict old blobs
INFO [12-01|01:40:50.155] Block finalized and assembled            height=49 blockProfit=0               txs=0   bundles=0 okSbundles=0 totalSbundles=0 gasUsed=0          time="979.49µs"
INFO [12-01|01:40:50.157] Block finalized and assembled            height=49 blockProfit=0               txs=0   bundles=0 okSbundles=0 totalSbundles=0 gasUsed=0          time=1.016961ms
INFO [12-01|01:40:50.157] Updated payload                          id=0x03dde94da611ac4d number=49 hash=af7999..9266be txs=0   withdrawals=0 gas=0          fees=0               root=c7c953..d86e7d elapsed=1.155ms
ERROR[12-01|01:40:50.158] error with builder processing on payload attribute latestSlot=49 processedSlot=49 headHash=0xa257ca7c8193568b461367461844fcc8b79801d59e807464249d3cdccf9425e4 error="could not get validator while submitting block for slot 49 - validator not found"
INFO [12-01|01:40:51.127] Looking for peers                        peercount=2 tried=58 static=0
ERROR[12-01|01:40:51.920] error with builder processing on payload attribute latestSlot=49 processedSlot=49 headHash=0xa257ca7c8193568b461367461844fcc8b79801d59e807464249d3cdccf9425e4 error="could not get validator while submitting block for slot 49 - validator not found"
INFO [12-01|01:40:52.005] Block finalized and assembled            height=49 blockProfit=0               txs=0   bundles=0 okSbundles=0 totalSbundles=0 gasUsed=0          time="758.486µs"
INFO [12-01|01:40:52.008] Block finalized and assembled            height=49 blockProfit=0               txs=0   bundles=0 okSbundles=0 totalSbundles=0 gasUsed=0          time=1.912069ms
INFO [12-01|01:40:52.008] Updated payload                          id=0x03e289919aac4135 number=49 hash=361a46..955b40 txs=0   withdrawals=0 gas=0          fees=0               root=af10fc..c5527a elapsed=2.230ms
ERROR[12-01|01:40:52.009] error with builder processing on payload attribute latestSlot=50 processedSlot=50 headHash=0xa257ca7c8193568b461367461844fcc8b79801d59e807464249d3cdccf9425e4 error="could not get validator while submitting block for slot 50 - validator not found"
INFO [12-01|01:40:52.125] Imported new potential chain segment     number=49 hash=ea38e6..642446 blocks=1 txs=0   mgas=0.000  elapsed=4.594ms     mgasps=0.000   snapdiffs=73.35KiB triedirty=903.79KiB
INFO [12-01|01:40:52.133] Chain head was updated                   number=49 hash=ea38e6..642446 root=c7c953..d86e7d elapsed=2.074443ms
ERROR[12-01|01:40:52.134] Nil finalized block cannot evict old blobs
INFO [12-01|01:40:52.136] Block finalized and assembled            height=50 blockProfit=0               txs=0   bundles=0 okSbundles=0 totalSbundles=0 gasUsed=0          time="731.005µs"
INFO [12-01|01:40:52.138] Block finalized and assembled            height=50 blockProfit=0               txs=0   bundles=0 okSbundles=0 totalSbundles=0 gasUsed=0          time=1.486591ms
INFO [12-01|01:40:52.139] Updated payload                          id=0x0326f1b10dbb78c5 number=50 hash=ff36d3..4204f3 txs=0   withdrawals=0 gas=0          fees=0               root=8ec3bf..1f4a80 elapsed=1.591ms
ERROR[12-01|01:40:52.139] error with builder processing on payload attribute latestSlot=50 processedSlot=50 headHash=0xea38e6d450d3bde09176704221bd1579e7040d81eb4bef5c4bb3b8eac8642446 error="could not get validator while submitting block for slot 50 - validator not found"
ERROR[12-01|01:40:53.920] error with builder processing on payload attribute latestSlot=50 processedSlot=50 headHash=0xea38e6d450d3bde09176704221bd1579e7040d81eb4bef5c4bb3b8eac8642446 error="could not get validator while submitting block for slot 50 - validator not found"
INFO [12-01|01:40:54.005] Block finalized and assembled            height=50 blockProfit=0               txs=0   bundles=0 okSbundles=0 totalSbundles=0 gasUsed=0          time="938.8µs"
INFO [12-01|01:40:54.006] Block finalized and assembled            height=50 blockProfit=0               txs=0   bundles=0 okSbundles=0 totalSbundles=0 gasUsed=0          time="587.172µs"
INFO [12-01|01:40:54.006] Updated payload                          id=0x0332d970880c77c8 number=50 hash=d5c032..7349d6 txs=0   withdrawals=0 gas=0          fees=0               root=4d0cd5..b78f72 elapsed="608.973µs"
ERROR[12-01|01:40:54.006] error with builder processing on payload attribute latestSlot=51 processedSlot=51 headHash=0xea38e6d450d3bde09176704221bd1579e7040d81eb4bef5c4bb3b8eac8642446 error="could not get validator while submitting block for slot 51 - validator not found"
INFO [12-01|01:40:54.120] Imported new potential chain segment     number=50 hash=c538c8..b5f184 blocks=1 txs=0   mgas=0.000  elapsed=4.389ms     mgasps=0.000   snapdiffs=73.58KiB triedirty=907.54KiB
INFO [12-01|01:40:54.127] Chain head was updated                   number=50 hash=c538c8..b5f184 root=8ec3bf..1f4a80 elapsed=2.326939ms
ERROR[12-01|01:40:54.128] Nil finalized block cannot evict old blobs
INFO [12-01|01:40:54.131] Block finalized and assembled            height=51 blockProfit=0               txs=0   bundles=0 okSbundles=0 totalSbundles=0 gasUsed=0          time="845.447µs"
INFO [12-01|01:40:54.132] Block finalized and assembled            height=51 blockProfit=0               txs=0   bundles=0 okSbundles=0 totalSbundles=0 gasUsed=0          time="574.752µs"
INFO [12-01|01:40:54.132] Updated payload                          id=0x03797750cb01818e number=51 hash=c192c1..53ad4c txs=0   withdrawals=0 gas=0          fees=0               root=b11d74..2aeb97 elapsed="597.782µs"
ERROR[12-01|01:40:54.132] error with builder processing on payload attribute latestSlot=51 processedSlot=51 headHash=0xc538c893bb3abb6e03917e2e02290b2e9a17c65aded1d6109ac84ae3e7b5f184 error="could not get validator while submitting block for slot 51 - validator not found"
ERROR[12-01|01:40:55.919] error with builder processing on payload attribute latestSlot=51 processedSlot=51 headHash=0xc538c893bb3abb6e03917e2e02290b2e9a17c65aded1d6109ac84ae3e7b5f184 error="could not get validator while submitting block for slot 51 - validator not found"
INFO [12-01|01:40:56.004] Block finalized and assembled            height=51 blockProfit=0               txs=0   bundles=0 okSbundles=0 totalSbundles=0 gasUsed=0          time=1.014181ms
INFO [12-01|01:40:56.005] Block finalized and assembled            height=51 blockProfit=0               txs=0   bundles=0 okSbundles=0 totalSbundles=0 gasUsed=0          time="780.997µs"
INFO [12-01|01:40:56.005] Updated payload                          id=0x038373eb883ee534 number=51 hash=fceaed..7e0f58 txs=0   withdrawals=0 gas=0          fees=0               root=9dd9eb..35eee0 elapsed="811.357µs"
ERROR[12-01|01:40:56.005] error with builder processing on payload attribute latestSlot=52 processedSlot=52 headHash=0xc538c893bb3abb6e03917e2e02290b2e9a17c65aded1d6109ac84ae3e7b5f184 error="could not get validator while submitting block for slot 52 - validator not found"
INFO [12-01|01:40:56.111] Imported new potential chain segment     number=51 hash=a0dfd1..2f85e7 blocks=1 txs=0   mgas=0.000  elapsed=1.759ms     mgasps=0.000   snapdiffs=73.81KiB triedirty=910.93KiB
INFO [12-01|01:40:56.114] Chain head was updated                   number=51 hash=a0dfd1..2f85e7 root=b11d74..2aeb97 elapsed=1.42589ms
ERROR[12-01|01:40:56.114] Nil finalized block cannot evict old blobs
INFO [12-01|01:40:56.114] Block finalized and assembled            height=52 blockProfit=0               txs=0   bundles=0 okSbundles=0 totalSbundles=0 gasUsed=0          time="120.603µs"
INFO [12-01|01:40:56.114] Block finalized and assembled            height=52 blockProfit=0               txs=0   bundles=0 okSbundles=0 totalSbundles=0 gasUsed=0          time="135.043µs"
INFO [12-01|01:40:56.114] Updated payload                          id=0x03a1487c2ca7c50a number=52 hash=86a369..760501 txs=0   withdrawals=0 gas=0          fees=0               root=cf1e3b..020804 elapsed="146.823µs"
ERROR[12-01|01:40:56.114] error with builder processing on payload attribute latestSlot=52 processedSlot=52 headHash=0xa0dfd15dadc99f2061feb274ce5216d62fb22d62dbbe2dbcde058608ea2f85e7 error="could not get validator while submitting block for slot 52 - validator not found"
ERROR[12-01|01:40:57.918] error with builder processing on payload attribute latestSlot=52 processedSlot=52 headHash=0xa0dfd15dadc99f2061feb274ce5216d62fb22d62dbbe2dbcde058608ea2f85e7 error="could not get validator while submitting block for slot 52 - validator not found"
INFO [12-01|01:40:58.003] Block finalized and assembled            height=52 blockProfit=0               txs=0   bundles=0 okSbundles=0 totalSbundles=0 gasUsed=0          time="513.86µs"
INFO [12-01|01:40:58.009] Block finalized and assembled            height=52 blockProfit=0.001644276104  txs=53  bundles=0 okSbundles=0 totalSbundles=0 gasUsed=1,113,000  time=5.932315ms
INFO [12-01|01:40:58.009] Updated payload                          id=0x0399faab61ca09fa number=52 hash=ffa1e8..ca41aa txs=53  withdrawals=0 gas=1,113,000  fees=0.001644276104  root=9a87bf..bd61a6 elapsed=6.106ms
ERROR[12-01|01:40:58.011] error with builder processing on payload attribute latestSlot=53 processedSlot=53 headHash=0xa0dfd15dadc99f2061feb274ce5216d62fb22d62dbbe2dbcde058608ea2f85e7 error="could not get validator while submitting block for slot 53 - validator not found"
INFO [12-01|01:40:58.122] Imported new potential chain segment     number=52 hash=48c740..fc9051 blocks=1 txs=11  mgas=0.231  elapsed=6.154ms     mgasps=37.533  snapdiffs=74.62KiB triedirty=926.01KiB
INFO [12-01|01:40:58.129] Chain head was updated                   number=52 hash=48c740..fc9051 root=7a7b21..f8cc61 elapsed=2.942092ms
ERROR[12-01|01:40:58.134] Nil finalized block cannot evict old blobs
ERROR[12-01|01:40:58.135] error with builder processing on payload attribute latestSlot=53 processedSlot=53 headHash=0x48c7401fe2ab664bb4aa6c0813915797732c197e1cadbbcf89902e6006fc9051 error="could not get validator while submitting block for slot 53 - validator not found"
INFO [12-01|01:40:58.136] Block finalized and assembled            height=53 blockProfit=0               txs=0   bundles=0 okSbundles=0 totalSbundles=0 gasUsed=0          time="600.383µs"
INFO [12-01|01:40:58.141] Block finalized and assembled            height=53 blockProfit=0.001549655966  txs=50  bundles=0 okSbundles=0 totalSbundles=0 gasUsed=1,050,000  time=4.751308ms
INFO [12-01|01:40:58.141] Updated payload                          id=0x0360100162a75a20 number=53 hash=c39d58..e916a8 txs=50  withdrawals=0 gas=1,050,000  fees=0.001549655966  root=f6c5d4..45c0a5 elapsed=4.911ms
ERROR[12-01|01:40:59.920] error with builder processing on payload attribute latestSlot=53 processedSlot=53 headHash=0x48c7401fe2ab664bb4aa6c0813915797732c197e1cadbbcf89902e6006fc9051 error="could not get validator while submitting block for slot 53 - validator not found"
INFO [12-01|01:41:00.004] Block finalized and assembled            height=53 blockProfit=0               txs=0   bundles=0 okSbundles=0 totalSbundles=0 gasUsed=0          time=1.001851ms
INFO [12-01|01:41:00.011] Block finalized and assembled            height=53 blockProfit=0.00281448243   txs=90  bundles=0 okSbundles=0 totalSbundles=0 gasUsed=1,890,000  time=6.343902ms
INFO [12-01|01:41:00.012] Updated payload                          id=0x039f9c992625de50 number=53 hash=e48ef3..5b01a6 txs=90  withdrawals=0 gas=1,890,000  fees=0.00281448243   root=991fda..826cff elapsed=6.505ms
ERROR[12-01|01:41:00.012] error with builder processing on payload attribute latestSlot=54 processedSlot=54 headHash=0x48c7401fe2ab664bb4aa6c0813915797732c197e1cadbbcf89902e6006fc9051 error="could not get validator while submitting block for slot 54 - validator not found"
INFO [12-01|01:41:00.154] Imported new potential chain segment     number=53 hash=5ccefe..914a61 blocks=1 txs=89  mgas=1.869  elapsed=20.875ms    mgasps=89.529  snapdiffs=78.86KiB triedirty=979.53KiB
INFO [12-01|01:41:00.164] Chain head was updated                   number=53 hash=5ccefe..914a61 root=43c646..ad1495 elapsed=2.901791ms
ERROR[12-01|01:41:00.176] Nil finalized block cannot evict old blobs
ERROR[12-01|01:41:00.176] error with builder processing on payload attribute latestSlot=54 processedSlot=54 headHash=0x5ccefeb8bd92b9311ae9d1ed85bb9111746d934374020ea719a82900ea914a61 error="could not get validator while submitting block for slot 54 - validator not found"
INFO [12-01|01:41:00.177] Block finalized and assembled            height=54 blockProfit=0               txs=0   bundles=0 okSbundles=0 totalSbundles=0 gasUsed=0          time="298.016µs"
INFO [12-01|01:41:00.178] Block finalized and assembled            height=54 blockProfit=0               txs=0   bundles=0 okSbundles=0 totalSbundles=0 gasUsed=0          time="246.575µs"
INFO [12-01|01:41:00.178] Updated payload                          id=0x03bf5c37c929859d number=54 hash=d1a388..5586c8 txs=0   withdrawals=0 gas=0          fees=0               root=34ba04..86a3ef elapsed="261.705µs"
INFO [12-01|01:41:01.217] Looking for peers                        peercount=2 tried=20 static=0
ERROR[12-01|01:41:01.925] error with builder processing on payload attribute latestSlot=54 processedSlot=54 headHash=0x5ccefeb8bd92b9311ae9d1ed85bb9111746d934374020ea719a82900ea914a61 error="could not get validator while submitting block for slot 54 - validator not found"
INFO [12-01|01:41:02.003] Block finalized and assembled            height=54 blockProfit=0               txs=0   bundles=0 okSbundles=0 totalSbundles=0 gasUsed=0          time="716.115µs"
INFO [12-01|01:41:02.014] Block finalized and assembled            height=54 blockProfit=0.005471253896  txs=86  bundles=0 okSbundles=0 totalSbundles=0 gasUsed=3,654,905  time=10.183222ms
INFO [12-01|01:41:02.014] Updated payload                          id=0x03ec8cd4ba3d6861 number=54 hash=fe01bb..2a49ef txs=86  withdrawals=0 gas=3,654,905  fees=0.005471253896  root=f930bf..3ed974 elapsed=10.410ms
ERROR[12-01|01:41:02.016] error with builder processing on payload attribute latestSlot=55 processedSlot=55 headHash=0x5ccefeb8bd92b9311ae9d1ed85bb9111746d934374020ea719a82900ea914a61 error="could not get validator while submitting block for slot 55 - validator not found"
INFO [12-01|01:41:02.148] Imported new potential chain segment     number=54 hash=9d71d9..9b2413 blocks=1 txs=5   mgas=0.269  elapsed=10.394ms    mgasps=25.892  snapdiffs=79.36KiB triedirty=989.48KiB
INFO [12-01|01:41:02.155] Chain head was updated                   number=54 hash=9d71d9..9b2413 root=3e1d33..8cf962 elapsed=1.771307ms
ERROR[12-01|01:41:02.160] Nil finalized block cannot evict old blobs
ERROR[12-01|01:41:02.160] error with builder processing on payload attribute latestSlot=55 processedSlot=55 headHash=0x9d71d9f7290311c019d706f3b8d5f59d7a72e5530040716ca0334830669b2413 error="could not get validator while submitting block for slot 55 - validator not found"
INFO [12-01|01:41:02.160] Block finalized and assembled            height=55 blockProfit=0               txs=0   bundles=0 okSbundles=0 totalSbundles=0 gasUsed=0          time="171.934µs"
INFO [12-01|01:41:02.165] Block finalized and assembled            height=55 blockProfit=0.006376498914  txs=99  bundles=0 okSbundles=0 totalSbundles=0 gasUsed=4,255,870  time=4.748518ms
INFO [12-01|01:41:02.165] Updated payload                          id=0x0311b1869dbf9229 number=55 hash=271212..2268d6 txs=99  withdrawals=0 gas=4,255,870  fees=0.006376498914  root=a630ab..e44ab9 elapsed=4.765ms
ERROR[12-01|01:41:03.919] error with builder processing on payload attribute latestSlot=55 processedSlot=55 headHash=0x9d71d9f7290311c019d706f3b8d5f59d7a72e5530040716ca0334830669b2413 error="could not get validator while submitting block for slot 55 - validator not found"
INFO [12-01|01:41:04.001] Block finalized and assembled            height=55 blockProfit=0               txs=0   bundles=0 okSbundles=0 totalSbundles=0 gasUsed=0          time="210.705µs"
INFO [12-01|01:41:04.005] Block finalized and assembled            height=55 blockProfit=0.006408122248  txs=100 bundles=0 okSbundles=0 totalSbundles=0 gasUsed=4,276,870  time=3.822389ms
INFO [12-01|01:41:04.005] Updated payload                          id=0x03506c2ad01c106d number=55 hash=ce114d..b5588c txs=100 withdrawals=0 gas=4,276,870  fees=0.006408122248  root=3623ca..3a01b3 elapsed=3.856ms
ERROR[12-01|01:41:04.005] error with builder processing on payload attribute latestSlot=56 processedSlot=56 headHash=0x9d71d9f7290311c019d706f3b8d5f59d7a72e5530040716ca0334830669b2413 error="could not get validator while submitting block for slot 56 - validator not found"
INFO [12-01|01:41:04.165] Imported new potential chain segment     number=55 hash=3fb6aa..98fd41 blocks=1 txs=98  mgas=4.235  elapsed=29.140ms    mgasps=145.327 snapdiffs=83.81KiB triedirty=1.02MiB
INFO [12-01|01:41:04.183] Chain head was updated                   number=55 hash=3fb6aa..98fd41 root=82ef13..19d1d0 elapsed=9.255252ms
ERROR[12-01|01:41:04.201] Nil finalized block cannot evict old blobs
ERROR[12-01|01:41:04.201] error with builder processing on payload attribute latestSlot=56 processedSlot=56 headHash=0x3fb6aa57bc3b835b18c32607baaad202061455139e23f9ef789f1c486d98fd41 error="could not get validator while submitting block for slot 56 - validator not found"
INFO [12-01|01:41:04.202] Block finalized and assembled            height=56 blockProfit=0               txs=0   bundles=0 okSbundles=0 totalSbundles=0 gasUsed=0          time="606.042µs"
INFO [12-01|01:41:04.206] Block finalized and assembled            height=56 blockProfit=0.0002846058622 txs=10  bundles=0 okSbundles=0 totalSbundles=0 gasUsed=210,000    time=2.515592ms
INFO [12-01|01:41:04.206] Updated payload                          id=0x0358234f2189f2c2 number=56 hash=11d31a..46cfab txs=10  withdrawals=0 gas=210,000    fees=0.0002846058622 root=b718e8..664138 elapsed=2.691ms
ERROR[12-01|01:41:05.920] error with builder processing on payload attribute latestSlot=56 processedSlot=56 headHash=0x3fb6aa57bc3b835b18c32607baaad202061455139e23f9ef789f1c486d98fd41 error="could not get validator while submitting block for slot 56 - validator not found"
INFO [12-01|01:41:06.004] Block finalized and assembled            height=56 blockProfit=0               txs=0   bundles=0 okSbundles=0 totalSbundles=0 gasUsed=0          time="835.408µs"
INFO [12-01|01:41:06.017] Block finalized and assembled            height=56 blockProfit=0.003162197017  txs=101 bundles=0 okSbundles=0 totalSbundles=0 gasUsed=2,121,000  time=11.56023ms
INFO [12-01|01:41:06.017] Updated payload                          id=0x03935a2d52619ddc number=56 hash=aa1a1e..2b5278 txs=101 withdrawals=0 gas=2,121,000  fees=0.003162197017  root=43260b..7f4aff elapsed=11.799ms
ERROR[12-01|01:41:06.018] error with builder processing on payload attribute latestSlot=57 processedSlot=57 headHash=0x3fb6aa57bc3b835b18c32607baaad202061455139e23f9ef789f1c486d98fd41 error="could not get validator while submitting block for slot 57 - validator not found"
INFO [12-01|01:41:06.157] Imported new potential chain segment     number=56 hash=911f08..c571bd blocks=1 txs=71  mgas=1.491  elapsed=25.709ms    mgasps=57.995  snapdiffs=87.26KiB triedirty=1.07MiB
INFO [12-01|01:41:06.168] Chain head was updated                   number=56 hash=911f08..c571bd root=2bb856..4f5618 elapsed=3.494654ms
ERROR[12-01|01:41:06.185] Nil finalized block cannot evict old blobs
ERROR[12-01|01:41:06.186] error with builder processing on payload attribute latestSlot=57 processedSlot=57 headHash=0x911f084856102e9178e543f74dedbc0cfd569a9981dab3ee8da9b58cfec571bd error="could not get validator while submitting block for slot 57 - validator not found"
INFO [12-01|01:41:06.187] Block finalized and assembled            height=57 blockProfit=0               txs=0   bundles=0 okSbundles=0 totalSbundles=0 gasUsed=0          time="671.265µs"
INFO [12-01|01:41:06.194] Block finalized and assembled            height=57 blockProfit=0.0009170915274 txs=30  bundles=0 okSbundles=0 totalSbundles=0 gasUsed=630,000    time=5.899022ms
INFO [12-01|01:41:06.194] Updated payload                          id=0x03d22ba9d95c529f number=57 hash=89805e..6fb862 txs=30  withdrawals=0 gas=630,000    fees=0.0009170915274 root=1798df..0539e2 elapsed=6.206ms
ERROR[12-01|01:41:07.918] error with builder processing on payload attribute latestSlot=57 processedSlot=57 headHash=0x911f084856102e9178e543f74dedbc0cfd569a9981dab3ee8da9b58cfec571bd error="could not get validator while submitting block for slot 57 - validator not found"
ERROR[12-01|01:41:08.002] error with builder processing on payload attribute latestSlot=58 processedSlot=58 headHash=0x911f084856102e9178e543f74dedbc0cfd569a9981dab3ee8da9b58cfec571bd error="could not get validator while submitting block for slot 58 - validator not found"
INFO [12-01|01:41:08.003] Block finalized and assembled            height=57 blockProfit=0               txs=0   bundles=0 okSbundles=0 totalSbundles=0 gasUsed=0          time="270.926µs"
INFO [12-01|01:41:08.006] Block finalized and assembled            height=57 blockProfit=0.0009170915274 txs=30  bundles=0 okSbundles=0 totalSbundles=0 gasUsed=630,000    time=2.931241ms
INFO [12-01|01:41:08.006] Updated payload                          id=0x03d7a986734bc80e number=57 hash=5575b5..7916a9 txs=30  withdrawals=0 gas=630,000    fees=0.0009170915274 root=a8dc40..a18cde elapsed=3.053ms
INFO [12-01|01:41:08.130] Imported new potential chain segment     number=57 hash=3c6007..7d0400 blocks=1 txs=29  mgas=0.609  elapsed=11.439ms    mgasps=53.236  snapdiffs=88.86KiB triedirty=1.09MiB
INFO [12-01|01:41:08.137] Chain head was updated                   number=57 hash=3c6007..7d0400 root=4d5f50..51227c elapsed=2.37795ms
INFO [12-01|01:41:08.141] Block finalized and assembled            height=58 blockProfit=0               txs=0   bundles=0 okSbundles=0 totalSbundles=0 gasUsed=0          time="383.588µs"
ERROR[12-01|01:41:08.142] error with builder processing on payload attribute latestSlot=58 processedSlot=58 headHash=0x3c6007f6528aa7dbfce6061d017d6d5d1de86291ad0b60f5e643f99e6a7d0400 error="could not get validator while submitting block for slot 58 - validator not found"
ERROR[12-01|01:41:08.144] Nil finalized block cannot evict old blobs
INFO [12-01|01:41:08.145] Block finalized and assembled            height=58 blockProfit=0               txs=0   bundles=0 okSbundles=0 totalSbundles=0 gasUsed=0          time=3.625337ms
INFO [12-01|01:41:08.145] Updated payload                          id=0x03e3dd8ada65e709 number=58 hash=e2c3e9..7e32ba txs=0   withdrawals=0 gas=0          fees=0               root=f9c2a8..be432a elapsed=3.656ms
ERROR[12-01|01:41:09.917] error with builder processing on payload attribute latestSlot=58 processedSlot=58 headHash=0x3c6007f6528aa7dbfce6061d017d6d5d1de86291ad0b60f5e643f99e6a7d0400 error="could not get validator while submitting block for slot 58 - validator not found"
INFO [12-01|01:41:10.001] Block finalized and assembled            height=58 blockProfit=0               txs=0   bundles=0 okSbundles=0 totalSbundles=0 gasUsed=0          time="375.908µs"
INFO [12-01|01:41:10.002] Block finalized and assembled            height=58 blockProfit=0               txs=0   bundles=0 okSbundles=0 totalSbundles=0 gasUsed=0          time="266.756µs"
INFO [12-01|01:41:10.002] Updated payload                          id=0x033898f066bb3e7e number=58 hash=41f8f8..c2d3e1 txs=0   withdrawals=0 gas=0          fees=0               root=05ec90..b5fc71 elapsed="290.186µs"
ERROR[12-01|01:41:10.002] error with builder processing on payload attribute latestSlot=59 processedSlot=59 headHash=0x3c6007f6528aa7dbfce6061d017d6d5d1de86291ad0b60f5e643f99e6a7d0400 error="could not get validator while submitting block for slot 59 - validator not found"
INFO [12-01|01:41:10.036] Imported new potential chain segment     number=58 hash=88c00c..1199c0 blocks=1 txs=0   mgas=0.000  elapsed=1.897ms     mgasps=0.000   snapdiffs=89.09KiB triedirty=1.10MiB
INFO [12-01|01:41:10.039] Chain head was updated                   number=58 hash=88c00c..1199c0 root=f9c2a8..be432a elapsed=1.502481ms
ERROR[12-01|01:41:10.040] Nil finalized block cannot evict old blobs
INFO [12-01|01:41:10.041] Block finalized and assembled            height=59 blockProfit=0               txs=0   bundles=0 okSbundles=0 totalSbundles=0 gasUsed=0          time="273.626µs"
INFO [12-01|01:41:10.041] Block finalized and assembled            height=59 blockProfit=0               txs=0   bundles=0 okSbundles=0 totalSbundles=0 gasUsed=0          time="308.736µs"
INFO [12-01|01:41:10.041] Updated payload                          id=0x0347bd0879094a0d number=59 hash=b4effa..a0b92e txs=0   withdrawals=0 gas=0          fees=0               root=48d77d..a244b7 elapsed="336.547µs"
ERROR[12-01|01:41:10.041] error with builder processing on payload attribute latestSlot=59 processedSlot=59 headHash=0x88c00c238aa7054f58f89bbdd6f357bc72adc322b8e6f3884c38607b921199c0 error="could not get validator while submitting block for slot 59 - validator not found"
INFO [12-01|01:41:11.323] Looking for peers                        peercount=2 tried=45 static=0
ERROR[12-01|01:41:11.917] error with builder processing on payload attribute latestSlot=59 processedSlot=59 headHash=0x88c00c238aa7054f58f89bbdd6f357bc72adc322b8e6f3884c38607b921199c0 error="could not get validator while submitting block for slot 59 - validator not found"
INFO [12-01|01:41:12.001] Block finalized and assembled            height=59 blockProfit=0               txs=0   bundles=0 okSbundles=0 totalSbundles=0 gasUsed=0          time="319.687µs"
INFO [12-01|01:41:12.002] Block finalized and assembled            height=59 blockProfit=0               txs=0   bundles=0 okSbundles=0 totalSbundles=0 gasUsed=0          time="244.225µs"
INFO [12-01|01:41:12.002] Updated payload                          id=0x03990118a235da8b number=59 hash=0367aa..ffc8c1 txs=0   withdrawals=0 gas=0          fees=0               root=bda0a3..c37b5f elapsed="266.995µs"
ERROR[12-01|01:41:12.002] error with builder processing on payload attribute latestSlot=60 processedSlot=60 headHash=0x88c00c238aa7054f58f89bbdd6f357bc72adc322b8e6f3884c38607b921199c0 error="could not get validator while submitting block for slot 60 - validator not found"
INFO [12-01|01:41:12.038] Imported new potential chain segment     number=59 hash=6b409f..5694ba blocks=1 txs=0   mgas=0.000  elapsed=1.943ms     mgasps=0.000   snapdiffs=89.32KiB triedirty=1.10MiB
INFO [12-01|01:41:12.041] Chain head was updated                   number=59 hash=6b409f..5694ba root=48d77d..a244b7 elapsed=1.532692ms
ERROR[12-01|01:41:12.041] Nil finalized block cannot evict old blobs
INFO [12-01|01:41:12.042] Block finalized and assembled            height=60 blockProfit=0               txs=0   bundles=0 okSbundles=0 totalSbundles=0 gasUsed=0          time="223.805µs"
INFO [12-01|01:41:12.042] Block finalized and assembled            height=60 blockProfit=0               txs=0   bundles=0 okSbundles=0 totalSbundles=0 gasUsed=0          time="239.965µs"
INFO [12-01|01:41:12.042] Updated payload                          id=0x03009a2417f6a1b9 number=60 hash=a7cf5e..30fb5f txs=0   withdrawals=0 gas=0          fees=0               root=b66cd9..39eae1 elapsed="260.845µs"
ERROR[12-01|01:41:12.042] error with builder processing on payload attribute latestSlot=60 processedSlot=60 headHash=0x6b409f98019897a91cb7a2f5a25d658e5cd8ff79861623d6a7a260d1355694ba error="could not get validator while submitting block for slot 60 - validator not found"
ERROR[12-01|01:41:13.918] error with builder processing on payload attribute latestSlot=60 processedSlot=60 headHash=0x6b409f98019897a91cb7a2f5a25d658e5cd8ff79861623d6a7a260d1355694ba error="could not get validator while submitting block for slot 60 - validator not found"
INFO [12-01|01:41:14.002] Block finalized and assembled            height=60 blockProfit=0               txs=0   bundles=0 okSbundles=0 totalSbundles=0 gasUsed=0          time="317.687µs"
INFO [12-01|01:41:14.002] Block finalized and assembled            height=60 blockProfit=0               txs=0   bundles=0 okSbundles=0 totalSbundles=0 gasUsed=0          time="302.126µs"
INFO [12-01|01:41:14.002] Updated payload                          id=0x03d9b9169e2adef5 number=60 hash=70291c..7b9055 txs=0   withdrawals=0 gas=0          fees=0               root=3da6ce..17ed3c elapsed="326.747µs"
ERROR[12-01|01:41:14.003] error with builder processing on payload attribute latestSlot=61 processedSlot=61 headHash=0x6b409f98019897a91cb7a2f5a25d658e5cd8ff79861623d6a7a260d1355694ba error="could not get validator while submitting block for slot 61 - validator not found"
INFO [12-01|01:41:14.040] Imported new potential chain segment     number=60 hash=49569a..60ff08 blocks=1 txs=0   mgas=0.000  elapsed=2.005ms     mgasps=0.000   snapdiffs=89.55KiB triedirty=1.11MiB
INFO [12-01|01:41:14.044] Chain head was updated                   number=60 hash=49569a..60ff08 root=b66cd9..39eae1 elapsed=1.530282ms
ERROR[12-01|01:41:14.044] Nil finalized block cannot evict old blobs
INFO [12-01|01:41:14.045] Block finalized and assembled            height=61 blockProfit=0               txs=0   bundles=0 okSbundles=0 totalSbundles=0 gasUsed=0          time="241.405µs"
INFO [12-01|01:41:14.045] Block finalized and assembled            height=61 blockProfit=0               txs=0   bundles=0 okSbundles=0 totalSbundles=0 gasUsed=0          time="241.605µs"
INFO [12-01|01:41:14.045] Updated payload                          id=0x03d415edb060879c number=61 hash=51c246..5c781c txs=0   withdrawals=0 gas=0          fees=0               root=03de4f..6156bf elapsed="263.465µs"
ERROR[12-01|01:41:14.045] error with builder processing on payload attribute latestSlot=61 processedSlot=61 headHash=0x49569ad2307a7b397b056b4a97ae78aa8f71b272a943e8980090ce41e860ff08 error="could not get validator while submitting block for slot 61 - validator not found"
ERROR[12-01|01:41:15.917] error with builder processing on payload attribute latestSlot=61 processedSlot=61 headHash=0x49569ad2307a7b397b056b4a97ae78aa8f71b272a943e8980090ce41e860ff08 error="could not get validator while submitting block for slot 61 - validator not found"
INFO [12-01|01:41:16.001] Block finalized and assembled            height=61 blockProfit=0               txs=0   bundles=0 okSbundles=0 totalSbundles=0 gasUsed=0          time="198.214µs"
INFO [12-01|01:41:16.001] Block finalized and assembled            height=61 blockProfit=0               txs=0   bundles=0 okSbundles=0 totalSbundles=0 gasUsed=0          time="162.933µs"
INFO [12-01|01:41:16.001] Updated payload                          id=0x039b2283d28a1d25 number=61 hash=306576..29b701 txs=0   withdrawals=0 gas=0          fees=0               root=bd52c5..ae5545 elapsed="178.224µs"
ERROR[12-01|01:41:16.001] error with builder processing on payload attribute latestSlot=62 processedSlot=62 headHash=0x49569ad2307a7b397b056b4a97ae78aa8f71b272a943e8980090ce41e860ff08 error="could not get validator while submitting block for slot 62 - validator not found"
INFO [12-01|01:41:16.115] Imported new potential chain segment     number=61 hash=85e07d..47c051 blocks=1 txs=0   mgas=0.000  elapsed=1.942ms     mgasps=0.000   snapdiffs=89.78KiB triedirty=1.11MiB
INFO [12-01|01:41:16.118] Chain head was updated                   number=61 hash=85e07d..47c051 root=03de4f..6156bf elapsed=1.620894ms
ERROR[12-01|01:41:16.118] Nil finalized block cannot evict old blobs
INFO [12-01|01:41:16.119] Block finalized and assembled            height=62 blockProfit=0               txs=0   bundles=0 okSbundles=0 totalSbundles=0 gasUsed=0          time="227.115µs"
INFO [12-01|01:41:16.119] Block finalized and assembled            height=62 blockProfit=0               txs=0   bundles=0 okSbundles=0 totalSbundles=0 gasUsed=0          time="264.246µs"
INFO [12-01|01:41:16.119] Updated payload                          id=0x0309d59e128cac68 number=62 hash=0826b1..a732d2 txs=0   withdrawals=0 gas=0          fees=0               root=475825..8cd5c3 elapsed="288.726µs"
ERROR[12-01|01:41:16.119] error with builder processing on payload attribute latestSlot=62 processedSlot=62 headHash=0x85e07d6d6709276c2f957fe9488279c8bbb3da1281567d24906957316047c051 error="could not get validator while submitting block for slot 62 - validator not found"
ERROR[12-01|01:41:17.917] error with builder processing on payload attribute latestSlot=62 processedSlot=62 headHash=0x85e07d6d6709276c2f957fe9488279c8bbb3da1281567d24906957316047c051 error="could not get validator while submitting block for slot 62 - validator not found"
INFO [12-01|01:41:18.002] Block finalized and assembled            height=62 blockProfit=0               txs=0   bundles=0 okSbundles=0 totalSbundles=0 gasUsed=0          time="315.327µs"
INFO [12-01|01:41:18.008] Block finalized and assembled            height=62 blockProfit=0.002276851696  txs=73  bundles=0 okSbundles=0 totalSbundles=0 gasUsed=1,533,000  time=5.28244ms
INFO [12-01|01:41:18.008] Updated payload                          id=0x03c0cdb8b37e8073 number=62 hash=5c40bd..e1a6ec txs=73  withdrawals=0 gas=1,533,000  fees=0.002276851696  root=36cc8d..094f5d elapsed=5.343ms
ERROR[12-01|01:41:18.008] error with builder processing on payload attribute latestSlot=63 processedSlot=63 headHash=0x85e07d6d6709276c2f957fe9488279c8bbb3da1281567d24906957316047c051 error="could not get validator while submitting block for slot 63 - validator not found"
INFO [12-01|01:41:18.041] Imported new potential chain segment     number=62 hash=b04834..399a65 blocks=1 txs=16  mgas=0.336  elapsed=4.649ms     mgasps=72.270  snapdiffs=90.81KiB triedirty=1.13MiB
INFO [12-01|01:41:18.045] Chain head was updated                   number=62 hash=b04834..399a65 root=08326b..fc72e3 elapsed=2.000191ms
ERROR[12-01|01:41:18.051] Nil finalized block cannot evict old blobs
INFO [12-01|01:41:18.052] Block finalized and assembled            height=63 blockProfit=0               txs=0   bundles=0 okSbundles=0 totalSbundles=0 gasUsed=0          time="259.746µs"
INFO [12-01|01:41:18.054] Block finalized and assembled            height=63 blockProfit=0.001865835345  txs=60  bundles=0 okSbundles=0 totalSbundles=0 gasUsed=1,260,000  time=2.174005ms
INFO [12-01|01:41:18.054] Updated payload                          id=0x032e6654fb6a1c71 number=63 hash=362e5d..3a711e txs=60  withdrawals=0 gas=1,260,000  fees=0.001865835345  root=c4134b..e233cd elapsed=2.190ms
ERROR[12-01|01:41:18.055] error with builder processing on payload attribute latestSlot=63 processedSlot=63 headHash=0xb048345cb0a70b0d285d2e02288ccde2cbce8359f385d7dc4994b8d899399a65 error="could not get validator while submitting block for slot 63 - validator not found"
ERROR[12-01|01:41:19.918] error with builder processing on payload attribute latestSlot=63 processedSlot=63 headHash=0xb048345cb0a70b0d285d2e02288ccde2cbce8359f385d7dc4994b8d899399a65 error="could not get validator while submitting block for slot 63 - validator not found"
INFO [12-01|01:41:20.003] Block finalized and assembled            height=63 blockProfit=0               txs=0   bundles=0 okSbundles=0 totalSbundles=0 gasUsed=0          time="321.047µs"
ERROR[12-01|01:41:20.007] error with builder processing on payload attribute latestSlot=64 processedSlot=64 headHash=0xb048345cb0a70b0d285d2e02288ccde2cbce8359f385d7dc4994b8d899399a65 error="could not get validator while submitting block for slot 64 - validator not found"
INFO [12-01|01:41:20.007] requesting                               currentSlot=64
INFO [12-01|01:41:20.009] Block finalized and assembled            height=63 blockProfit=0.002656406803  txs=85  bundles=0 okSbundles=0 totalSbundles=0 gasUsed=1,785,000  time=5.359303ms
INFO [12-01|01:41:20.009] Updated payload                          id=0x03b75dc87d00022b number=63 hash=5c1133..369ccc txs=85  withdrawals=0 gas=1,785,000  fees=0.002656406803  root=1f5521..2f6f39 elapsed=5.385ms
INFO [12-01|01:41:20.011] Updated validators                       count=64 slot=64
INFO [12-01|01:41:20.140] Imported new potential chain segment     number=63 hash=ab1a3e..9b1779 blocks=1 txs=84  mgas=1.764  elapsed=12.989ms    mgasps=135.801 snapdiffs=94.83KiB triedirty=1.18MiB
INFO [12-01|01:41:20.146] Chain head was updated                   number=63 hash=ab1a3e..9b1779 root=8e6656..4eb0c8 elapsed=2.357438ms
INFO [12-01|01:41:20.149] Block finalized and assembled            height=64 blockProfit=0               txs=0   bundles=0 okSbundles=0 totalSbundles=0 gasUsed=0          time="549.112µs"
ERROR[12-01|01:41:20.157] Nil finalized block cannot evict old blobs
INFO [12-01|01:41:20.157] Block finalized and assembled            height=64 blockProfit=0               txs=0   bundles=0 okSbundles=0 totalSbundles=0 gasUsed=0          time=7.616079ms
INFO [12-01|01:41:20.157] Updated payload                          id=0x032ddc8d373f3e58 number=64 hash=898c7b..01f07e txs=0   withdrawals=0 gas=0          fees=0               root=18ddc8..21b91d elapsed=7.630ms
INFO [12-01|01:41:20.650] Block finalized and assembled            height=64 blockProfit=0               txs=0   bundles=0 okSbundles=0 totalSbundles=0 gasUsed=0          time="248.255µs"
INFO [12-01|01:41:20.651] Block finalized and assembled            height=64 blockProfit=3.468097799e-05 txs=2   bundles=0 okSbundles=0 totalSbundles=0 gasUsed=44036      time="937.869µs"
INFO [12-01|01:41:20.652] Updated payload                          id=0x00223a29db163af0 number=64 hash=546995..62b6e0 txs=2   withdrawals=0 gas=44036      fees=3.468097799e-05 root=bacc1d..9743c2 elapsed=1.161ms
INFO [12-01|01:41:20.653] submitting block to remote relay         endpoint=http://mev-relay-api:9062
INFO [12-01|01:41:20.654] successfully relayed block data to consumer
INFO [12-01|01:41:20.661] json-rpc validation v3 called!
INFO [12-01|01:41:20.661] blobs bundle                             blobs=0 commits=0 proofs=0
INFO [12-01|01:41:20.661] validateBlock method called!
INFO [12-01|01:41:20.661] validated block                          hash=546995..62b6e0 number=64 parentHash=ab1a3e..9b1779
INFO [12-01|01:41:20.661] validated blobs bundle                   blobs=0 commits=0 proofs=0
INFO [12-01|01:41:20.675] submitted block                          version=deneb slot=64 value=34680977994416 parent=0xab1a3e6fc3c446e9c81d2520364830fa74c50923755a196a2c7c5165c59b1779 hash=546995..62b6e0 #commitedBundles=0
INFO [12-01|01:41:21.150] Block finalized and assembled            height=64 blockProfit=0               txs=0   bundles=0 okSbundles=0 totalSbundles=0 gasUsed=0          time="243.545µs"
INFO [12-01|01:41:21.157] Block finalized and assembled            height=64 blockProfit=0.0073772728    txs=103 bundles=0 okSbundles=0 totalSbundles=0 gasUsed=4,919,971  time=6.805442ms
INFO [12-01|01:41:21.157] Updated payload                          id=0x00223a29db163af0 number=64 hash=53180d..52971f txs=103 withdrawals=0 gas=4,919,971  fees=0.0073772728    root=beefab..b6952d elapsed=6.835ms
INFO [12-01|01:41:21.158] submitting block to remote relay         endpoint=http://mev-relay-api:9062
INFO [12-01|01:41:21.160] successfully relayed block data to consumer
INFO [12-01|01:41:21.169] json-rpc validation v3 called!
INFO [12-01|01:41:21.169] blobs bundle                             blobs=0 commits=0 proofs=0
INFO [12-01|01:41:21.170] validateBlock method called!
INFO [12-01|01:41:21.185] validated block                          hash=53180d..52971f number=64 parentHash=ab1a3e..9b1779
INFO [12-01|01:41:21.185] validated blobs bundle                   blobs=0 commits=0 proofs=0
INFO [12-01|01:41:21.195] submitted block                          version=deneb slot=64 value=7377272800192246 parent=0xab1a3e6fc3c446e9c81d2520364830fa74c50923755a196a2c7c5165c59b1779 hash=53180d..52971f #commitedBundles=0
INFO [12-01|01:41:21.343] Looking for peers                        peercount=2 tried=35 static=0
INFO [12-01|01:41:21.650] Block finalized and assembled            height=64 blockProfit=0               txs=0   bundles=0 okSbundles=0 totalSbundles=0 gasUsed=0          time="220.905µs"
INFO [12-01|01:41:21.663] Block finalized and assembled            height=64 blockProfit=0.007788384171  txs=116 bundles=0 okSbundles=0 totalSbundles=0 gasUsed=5,192,971  time=12.836057ms
INFO [12-01|01:41:21.663] Updated payload                          id=0x00223a29db163af0 number=64 hash=e6178e..b3566d txs=116 withdrawals=0 gas=5,192,971  fees=0.007788384171  root=f7fd29..28e95f elapsed=12.877ms
INFO [12-01|01:41:21.664] submitting block to remote relay         endpoint=http://mev-relay-api:9062
INFO [12-01|01:41:21.667] successfully relayed block data to consumer
INFO [12-01|01:41:21.676] json-rpc validation v3 called!
INFO [12-01|01:41:21.676] blobs bundle                             blobs=0 commits=0 proofs=0
INFO [12-01|01:41:21.677] validateBlock method called!
INFO [12-01|01:41:21.692] validated block                          hash=e6178e..b3566d number=64 parentHash=ab1a3e..9b1779
INFO [12-01|01:41:21.692] validated blobs bundle                   blobs=0 commits=0 proofs=0
INFO [12-01|01:41:21.706] submitted block                          version=deneb slot=64 value=7788384170680246 parent=0xab1a3e6fc3c446e9c81d2520364830fa74c50923755a196a2c7c5165c59b1779 hash=e6178e..b3566d #commitedBundles=0
INFO [12-01|01:41:22.002] Block finalized and assembled            height=64 blockProfit=0               txs=0   bundles=0 okSbundles=0 totalSbundles=0 gasUsed=0          time="226.785µs"
INFO [12-01|01:41:22.013] Block finalized and assembled            height=64 blockProfit=0.008737102718  txs=146 bundles=0 okSbundles=0 totalSbundles=0 gasUsed=5,822,971  time=10.812475ms
INFO [12-01|01:41:22.013] Updated payload                          id=0x032138c85cd0bf3e number=64 hash=b32222..0d8154 txs=146 withdrawals=0 gas=5,822,971  fees=0.008737102718  root=3bb8fe..20251c elapsed=10.844ms
INFO [12-01|01:41:22.016] VaPrBl: ValidateProfBlock called!
INFO [12-01|01:41:22.016] > VaPrBl: profBlock details              profBlock="&{header:0xc002169b80 uncles:[] transactions:[0xc0012d9aa0 0xc0012d9f20 0xc000b68300 0xc000b68420 0xc000b684e0 0xc000b685a0 0xc000b68660 0xc000b686c0 0xc000b687e0 0xc000b68840 0xc000b68900 0xc000b689c0 0xc000b68a80 0xc000b68b40 0xc000b68c00 0xc000b68c60 0xc000b68d20 0xc000b68de0 0xc000b68e40 0xc000b68ea0 0xc000b68f00 0xc000b69020 0xc000b690e0 0xc000b69200 0xc000b692c0 0xc000b69320 0xc000b693e0 0xc000c77800 0xc000c779e0 0xc000c77a40 0xc000c77b00 0xc000c77b60 0xc0017e3500 0xc0017e35c0 0xc0017e3680 0xc0017e3740 0xc0017e3800 0xc0017e38c0 0xc0017e3920 0xc0017e39e0 0xc0017e3a40 0xc0017e3b00 0xc0017e3b60 0xc0017e3e00 0xc0017e3f20 0xc001a10240 0xc001a10300 0xc001a103c0 0xc001a10420 0xc001a10480 0xc001a104e0 0xc001a10600 0xc001a106c0 0xc001a10720 0xc001a107e0 0xc001a108a0 0xc001a10a80 0xc001a10b40 0xc001a10c00 0xc001a10cc0 0xc001a10e40 0xc001a10f00 0xc001a11020 0xc001a110e0 0xc001a11260 0xc001a11320 0xc001a113e0 0xc001a11440 0xc001a114a0 0xc001a115c0 0xc001a11680 0xc001a116e0 0xc001a117a0 0xc001a11800 0xc001a119e0 0xc001a11a40 0xc001a11aa0 0xc001a11b00 0xc001a11b60 0xc001a11bc0 0xc001a11c80 0xc001a11da0 0xc001a11e60 0xc001a11ec0 0xc001a11f20 0xc001a11f80 0xc001edc000 0xc001edc060 0xc001edc1e0 0xc001edc240 0xc001edc2a0 0xc001edc360 0xc001edc3c0 0xc001edc540 0xc001edc5a0 0xc001edc600 0xc001edc660 0xc001edc720 0xc001edc780 0xc001edc7e0 0xc001edc900 0xc001edc960 0xc001edc9c0 0xc001edca20 0xc001edca80 0xc001edcae0 0xc001edcb40 0xc001edcba0 0xc001edccc0 0xc001edcd20 0xc001edcd80 0xc001edcde0 0xc001edce40 0xc001edcea0 0xc001edcf00 0xc001edcf60 0xc001edd080 0xc001edd0e0 0xc001edd140 0xc001edd1a0 0xc001edd200 0xc001edd260 0xc001edd2c0 0xc001edd320 0xc001edd440 0xc001edd4a0] withdrawals:[] hash:{v:<nil>} size:{v:29245} ReceivedAt:0001-01-01 00:00:00 +0000 UTC ReceivedFrom:<nil>}"
INFO [12-01|01:41:22.016] > VaPrBl: proposerFeeRecipient           proposerFeeRecipient=0x8943545177806ED17B9F23F0a21ee5948eCaa776
INFO [12-01|01:41:22.016] > VaPrBl: registeredGasLimit             registeredGasLimit=26611454
INFO [12-01|01:41:22.016] > VaPrBl: SimulateProfBlock params       block=2c97d6..78d3db blockNumber=64 feeRecipient=0x8943545177806ED17B9F23F0a21ee5948eCaa776 registeredGasLimit=26,611,454 vmconfig="{Tracer:<nil> NoBaseFee:false EnablePreimageRecording:false ExtraEips:[]}" useBalanceDiff=true excludeWithdrawals=true
INFO [12-01|01:41:22.016] Starting SimulateProfBlock               blockNumber=64 blockHash=2c97d6..78d3db feeRecipient=0x8943545177806ED17B9F23F0a21ee5948eCaa776 registeredGasLimit=26,611,454
INFO [12-01|01:41:22.016] Found parent block                       parentNumber=63 parentHash=ab1a3e..9b1779 parentRoot=8e6656..4eb0c8
INFO [12-01|01:41:22.029] SimulateProfBlock - Used Gas             usedGas=6,249,181 registeredGasLimit=26,611,454
INFO [12-01|01:41:22.031] validated prof block                     number=64 parentHash=ab1a3e..9b1779
INFO [12-01|01:41:22.514] Block finalized and assembled            height=64 blockProfit=0               txs=0   bundles=0 okSbundles=0 totalSbundles=0 gasUsed=0          time="230.975µs"
INFO [12-01|01:41:22.523] Block finalized and assembled            height=64 blockProfit=0.01009693264   txs=189 bundles=0 okSbundles=0 totalSbundles=0 gasUsed=6,725,971  time=8.993308ms
INFO [12-01|01:41:22.523] Updated payload                          id=0x00c756f1dd4feb76 number=64 hash=2d80be..dddcd7 txs=189 withdrawals=0 gas=6,725,971  fees=0.01009693264   root=591d23..f4b259 elapsed=9.020ms
INFO [12-01|01:41:22.524] submitting block to remote relay         endpoint=http://mev-relay-api:9062
INFO [12-01|01:41:22.526] successfully relayed block data to consumer
INFO [12-01|01:41:22.535] json-rpc validation v3 called!
INFO [12-01|01:41:22.535] blobs bundle                             blobs=0 commits=0 proofs=0
INFO [12-01|01:41:22.537] validateBlock method called!
INFO [12-01|01:41:22.561] validated block                          hash=2d80be..dddcd7 number=64 parentHash=ab1a3e..9b1779
INFO [12-01|01:41:22.561] validated blobs bundle                   blobs=0 commits=0 proofs=0
INFO [12-01|01:41:22.573] submitted block                          version=deneb slot=65 value=10096932635728246 parent=0xab1a3e6fc3c446e9c81d2520364830fa74c50923755a196a2c7c5165c59b1779 hash=2d80be..dddcd7 #commitedBundles=0
INFO [12-01|01:41:23.014] Block finalized and assembled            height=64 blockProfit=0               txs=0   bundles=0 okSbundles=0 totalSbundles=0 gasUsed=0          time="191.014µs"
INFO [12-01|01:41:23.030] Block finalized and assembled            height=64 blockProfit=0.01053966796   txs=203 bundles=0 okSbundles=0 totalSbundles=0 gasUsed=7,019,971  time=16.356161ms
INFO [12-01|01:41:23.032] submitting block to remote relay         endpoint=http://mev-relay-api:9062
INFO [12-01|01:41:23.035] Updated payload                          id=0x00c756f1dd4feb76 number=64 hash=dead7f..c10437 txs=203 withdrawals=0 gas=7,019,971  fees=0.01053966796   root=35dc72..747ebc elapsed=20.610ms
INFO [12-01|01:41:23.035] successfully relayed block data to consumer
INFO [12-01|01:41:23.046] json-rpc validation v3 called!
INFO [12-01|01:41:23.046] blobs bundle                             blobs=0 commits=0 proofs=0
INFO [12-01|01:41:23.047] validateBlock method called!
INFO [12-01|01:41:23.068] validated block                          hash=dead7f..c10437 number=64 parentHash=ab1a3e..9b1779
INFO [12-01|01:41:23.068] validated blobs bundle                   blobs=0 commits=0 proofs=0
INFO [12-01|01:41:23.079] submitted block                          version=deneb slot=65 value=10539667957792246 parent=0xab1a3e6fc3c446e9c81d2520364830fa74c50923755a196a2c7c5165c59b1779 hash=dead7f..c10437 #commitedBundles=0
INFO [12-01|01:41:23.514] Block finalized and assembled            height=64 blockProfit=0               txs=0   bundles=0 okSbundles=0 totalSbundles=0 gasUsed=0          time="400.428µs"
INFO [12-01|01:41:23.525] Block finalized and assembled            height=64 blockProfit=0.01053966796   txs=203 bundles=0 okSbundles=0 totalSbundles=0 gasUsed=7,019,971  time=10.314915ms
INFO [12-01|01:41:23.525] Updated payload                          id=0x00c756f1dd4feb76 number=64 hash=dead7f..c10437 txs=203 withdrawals=0 gas=7,019,971  fees=0.01053966796   root=35dc72..747ebc elapsed=10.345ms
INFO [12-01|01:41:24.001] Block finalized and assembled            height=64 blockProfit=0               txs=0   bundles=0 okSbundles=0 totalSbundles=0 gasUsed=0          time="297.596µs"
INFO [12-01|01:41:24.008] Block finalized and assembled            height=64 blockProfit=0.01053966796   txs=203 bundles=0 okSbundles=0 totalSbundles=0 gasUsed=7,019,971  time=6.707181ms
INFO [12-01|01:41:24.008] Updated payload                          id=0x033a1a8a10e00c89 number=64 hash=c85a36..5e1c14 txs=203 withdrawals=0 gas=7,019,971  fees=0.01053966796   root=e94fd2..72dd7e elapsed=6.729ms
INFO [12-01|01:41:24.010] VaPrBl: ValidateProfBlock called!
INFO [12-01|01:41:24.010] > VaPrBl: profBlock details              profBlock="&{header:0xc0024a4a00 uncles:[] transactions:[0xc000b68c60 0xc000b68cc0 0xc000b68d80 0xc000b68e40 0xc000b68f00 0xc000b69020 0xc000b69200 0xc000b69260 0xc000b693e0 0xc000c77800 0xc000c779e0 0xc000c77a40 0xc000c77b60 0xc0017e3620 0xc0017e36e0 0xc0017e3740 0xc0017e3800 0xc0017e38c0 0xc0017e39e0 0xc0017e3a40 0xc0017e3aa0 0xc0017e3b60 0xc0017e3ce0 0xc0017e3f80 0xc001a10060 0xc001a100c0 0xc001a10240 0xc001a102a0 0xc001a10420 0xc001a10480 0xc001a104e0 0xc001a10600 0xc001a106c0 0xc001a10720 0xc001a108a0 0xc001a10a80 0xc001a10b40 0xc001a10c00 0xc001a10c60 0xc001a10ea0 0xc001a10f00 0xc001a11020 0xc001a11080 0xc001a11200 0xc001a11380 0xc001a113e0 0xc001a114a0 0xc001a11620 0xc001a11680 0xc001a117a0 0xc001a11800 0xc001a11860 0xc001a11a40 0xc001a11aa0 0xc001a11bc0 0xc001a11c80 0xc001a11e00 0xc001a11f20 0xc001edc000 0xc001edc180 0xc001edc240 0xc001edc300 0xc001edc3c0 0xc001edc540 0xc001edc600 0xc001edc6c0 0xc001edc7e0 0xc001edc9c0 0xc001edca80 0xc001edcba0 0xc001edce40 0xc001edcf00 0xc001edd080 0xc001edd140 0xc001edd200 0xc001edd2c0 0xc001edd440 0xc001edd500 0xc001edd5c0 0xc001edd680 0xc001edd800 0xc001edd980 0xc001edda40 0xc001eddb00 0xc001eddbc0 0xc001edde60 0xc001eddf20 0xc002262180 0xc002262240 0xc002262720 0xc002263320 0xc002263440 0xc002263800 0xc002263e60 0xc001a28480 0xc001a28660 0xc001a28c00 0xc002094000 0xc0020940c0 0xc002094180 0xc002094240 0xc002094300 0xc0020943c0 0xc002094480 0xc002094540 0xc002094600 0xc0020946c0 0xc002094780 0xc002094840 0xc002094900 0xc0020949c0 0xc002094ae0 0xc002094ba0 0xc002094cc0 0xc002094d80 0xc002094e40 0xc002094f00 0xc002348f60 0xc002349020 0xc0023490e0 0xc0023491a0 0xc002349260 0xc002349320 0xc0023493e0 0xc0023494a0 0xc002349560 0xc002349620 0xc0023496e0 0xc0023497a0 0xc002349860 0xc002349920 0xc0023499e0 0xc002349aa0 0xc002349b60 0xc002349c20 0xc002349ce0 0xc002349da0 0xc002349e60 0xc002349f20 0xc0023c2000 0xc0023c20c0 0xc0023c2180 0xc0023c2240 0xc0023c2300 0xc0023c23c0 0xc0023c2480 0xc0023c2540 0xc0023c2600 0xc0023c26c0 0xc0023c2780 0xc0023c2840 0xc0023c2900 0xc0023c29c0 0xc0023c2ae0 0xc0023c2b40 0xc0023c2ba0 0xc0023c2c00 0xc0023c2cc0 0xc0023c2d20 0xc0023c2de0 0xc0023c2e40 0xc0023c2f00 0xc0023c2f60 0xc0023c2fc0 0xc0023c3020 0xc0023c3080 0xc0023c30e0 0xc0023c31a0 0xc0023c3200 0xc0023c32c0 0xc0023c3320 0xc0023c3380 0xc0023c33e0 0xc0023c3440 0xc0023c34a0 0xc0023c3560 0xc0023c35c0 0xc0023c3620 0xc0023c36e0 0xc0023c3740 0xc0023c3800 0xc0023c3860 0xc0023c38c0 0xc0023c3920 0xc0023c39e0 0xc0023c3a40 0xc0023c3aa0 0xc0023c3b00 0xc0023c3b60 0xc0023c3bc0 0xc0023c3c20 0xc0023c3c80 0xc0023c3ce0 0xc0023c3d40 0xc0023c3da0 0xc0023c3e00 0xc0023c3e60 0xc0023c3ec0 0xc0023c3f20 0xc0023c3f80 0xc002602000 0xc002602060 0xc0026020c0 0xc002602120 0xc002602180 0xc0026021e0 0xc002602240 0xc0026022a0 0xc0026023c0 0xc002602420 0xc002602480 0xc0026024e0 0xc002602540] withdrawals:[] hash:{v:<nil>} size:{v:39162} ReceivedAt:0001-01-01 00:00:00 +0000 UTC ReceivedFrom:<nil>}"
INFO [12-01|01:41:24.010] > VaPrBl: proposerFeeRecipient           proposerFeeRecipient=0x8943545177806ED17B9F23F0a21ee5948eCaa776
INFO [12-01|01:41:24.010] > VaPrBl: registeredGasLimit             registeredGasLimit=26611454
INFO [12-01|01:41:24.010] > VaPrBl: SimulateProfBlock params       block=6c8e2e..bc7af4 blockNumber=64 feeRecipient=0x8943545177806ED17B9F23F0a21ee5948eCaa776 registeredGasLimit=26,611,454 vmconfig="{Tracer:<nil> NoBaseFee:false EnablePreimageRecording:false ExtraEips:[]}" useBalanceDiff=true excludeWithdrawals=true
INFO [12-01|01:41:24.010] Starting SimulateProfBlock               blockNumber=64 blockHash=6c8e2e..bc7af4 feeRecipient=0x8943545177806ED17B9F23F0a21ee5948eCaa776 registeredGasLimit=26,611,454
INFO [12-01|01:41:24.010] Found parent block                       parentNumber=63 parentHash=ab1a3e..9b1779 parentRoot=8e6656..4eb0c8
WARN [12-01|01:41:24.027] Served flashbots_validateProfBlock       conn=172.16.4.20:55068 reqid=2 duration=17.589886ms err="could not apply tx 203 [0x4179ad880afe1c182bb4c3d12a11f71da6ec7771583949c445ca4c4f013897e2]: nonce too high: address 0x65D08a056c17Ae13370565B04cF77D2AfA1cB9FA, tx: 28 state: 18"
INFO [12-01|01:41:24.165] Imported new potential chain segment     number=64 hash=55e347..ae6315 blocks=1 txs=202 mgas=6.999  elapsed=23.525ms    mgasps=297.501 snapdiffs=101.04KiB triedirty=1.25MiB
INFO [12-01|01:41:24.185] Chain head was updated                   number=64 hash=55e347..ae6315 root=4eb371..92d11a elapsed=12.067361ms
INFO [12-01|01:41:24.200] Block finalized and assembled            height=65 blockProfit=0               txs=0   bundles=0 okSbundles=0 totalSbundles=0 gasUsed=0          time="332.137µs"
ERROR[12-01|01:41:24.210] Nil finalized block cannot evict old blobs
INFO [12-01|01:41:24.210] Block finalized and assembled            height=65 blockProfit=0               txs=0   bundles=0 okSbundles=0 totalSbundles=0 gasUsed=0          time=9.359604ms
INFO [12-01|01:41:24.210] Updated payload                          id=0x032a2b2dc740c37a number=65 hash=21836f..fd098e txs=0   withdrawals=0 gas=0          fees=0               root=6751e9..ff5c77 elapsed=9.377ms
INFO [12-01|01:41:24.701] Block finalized and assembled            height=65 blockProfit=0               txs=0   bundles=0 okSbundles=0 totalSbundles=0 gasUsed=0          time="296.756µs"
INFO [12-01|01:41:24.702] Block finalized and assembled            height=65 blockProfit=0               txs=0   bundles=0 okSbundles=0 totalSbundles=0 gasUsed=0          time="265.636µs"
INFO [12-01|01:41:24.702] Updated payload                          id=0x005e59afd145d334 number=65 hash=21836f..fd098e txs=0   withdrawals=0 gas=0          fees=0               root=6751e9..ff5c77 elapsed="288.766µs"
INFO [12-01|01:41:24.703] submitting block to remote relay         endpoint=http://mev-relay-api:9062
INFO [12-01|01:41:24.703] successfully relayed block data to consumer
INFO [12-01|01:41:24.704] submitted block                          version=deneb slot=66 value=0                 parent=0x55e34731da618af23b496c234869c91eed0ba37e586d0070a7e7c15af1ae6315 hash=21836f..fd098e #commitedBundles=0
INFO [12-01|01:41:25.201] Block finalized and assembled            height=65 blockProfit=0               txs=0   bundles=0 okSbundles=0 totalSbundles=0 gasUsed=0          time="278.576µs"
INFO [12-01|01:41:25.202] Block finalized and assembled            height=65 blockProfit=0               txs=0   bundles=0 okSbundles=0 totalSbundles=0 gasUsed=0          time="268.896µs"
INFO [12-01|01:41:25.202] Updated payload                          id=0x005e59afd145d334 number=65 hash=21836f..fd098e txs=0   withdrawals=0 gas=0          fees=0               root=6751e9..ff5c77 elapsed="289.816µs"
INFO [12-01|01:41:25.701] Block finalized and assembled            height=65 blockProfit=0               txs=0   bundles=0 okSbundles=0 totalSbundles=0 gasUsed=0          time="246.156µs"
INFO [12-01|01:41:25.701] Block finalized and assembled            height=65 blockProfit=0               txs=0   bundles=0 okSbundles=0 totalSbundles=0 gasUsed=0          time="251.176µs"
INFO [12-01|01:41:25.701] Updated payload                          id=0x005e59afd145d334 number=65 hash=21836f..fd098e txs=0   withdrawals=0 gas=0          fees=0               root=6751e9..ff5c77 elapsed="271.286µs"
INFO [12-01|01:41:26.002] Block finalized and assembled            height=65 blockProfit=0               txs=0   bundles=0 okSbundles=0 totalSbundles=0 gasUsed=0          time="345.217µs"
INFO [12-01|01:41:26.002] Block finalized and assembled            height=65 blockProfit=0               txs=0   bundles=0 okSbundles=0 totalSbundles=0 gasUsed=0          time="290.496µs"
INFO [12-01|01:41:26.002] Updated payload                          id=0x0348451a43fc9d12 number=65 hash=639192..230a0e txs=0   withdrawals=0 gas=0          fees=0               root=041061..529a42 elapsed="313.226µs"
INFO [12-01|01:41:26.035] Imported new potential chain segment     number=65 hash=a363d7..ff203a blocks=1 txs=0   mgas=0.000  elapsed=2.272ms     mgasps=0.000   snapdiffs=101.27KiB triedirty=1.26MiB
INFO [12-01|01:41:26.039] Chain head was updated                   number=65 hash=a363d7..ff203a root=6751e9..ff5c77 elapsed=1.649235ms
ERROR[12-01|01:41:26.039] Nil finalized block cannot evict old blobs
INFO [12-01|01:41:26.040] Block finalized and assembled            height=66 blockProfit=0               txs=0   bundles=0 okSbundles=0 totalSbundles=0 gasUsed=0          time="297.907µs"
INFO [12-01|01:41:26.040] Block finalized and assembled            height=66 blockProfit=0               txs=0   bundles=0 okSbundles=0 totalSbundles=0 gasUsed=0          time="294.706µs"
INFO [12-01|01:41:26.040] Updated payload                          id=0x031d42ae3b63b31c number=66 hash=80697b..cf3f87 txs=0   withdrawals=0 gas=0          fees=0               root=c67b3b..5d3fa0 elapsed="320.097µs"
INFO [12-01|01:41:26.542] Block finalized and assembled            height=66 blockProfit=0               txs=0   bundles=0 okSbundles=0 totalSbundles=0 gasUsed=0          time="300.127µs"
INFO [12-01|01:41:26.542] Block finalized and assembled            height=66 blockProfit=0               txs=0   bundles=0 okSbundles=0 totalSbundles=0 gasUsed=0          time="302.686µs"
INFO [12-01|01:41:26.542] Updated payload                          id=0x00e35d4285a65b96 number=66 hash=80697b..cf3f87 txs=0   withdrawals=0 gas=0          fees=0               root=c67b3b..5d3fa0 elapsed="326.397µs"
INFO [12-01|01:41:26.544] submitting block to remote relay         endpoint=http://mev-relay-api:9062
INFO [12-01|01:41:26.544] successfully relayed block data to consumer
INFO [12-01|01:41:26.545] submitted block                          version=deneb slot=67 value=0                 parent=0xa363d7c36bf1e9cdebb50d6a86e2fe3ab338bee68fbe1d53069464084dff203a hash=80697b..cf3f87 #commitedBundles=0
INFO [12-01|01:41:27.041] Block finalized and assembled            height=66 blockProfit=0               txs=0   bundles=0 okSbundles=0 totalSbundles=0 gasUsed=0          time="305.836µs"
INFO [12-01|01:41:27.041] Block finalized and assembled            height=66 blockProfit=0               txs=0   bundles=0 okSbundles=0 totalSbundles=0 gasUsed=0          time="281.315µs"
INFO [12-01|01:41:27.042] Updated payload                          id=0x00e35d4285a65b96 number=66 hash=80697b..cf3f87 txs=0   withdrawals=0 gas=0          fees=0               root=c67b3b..5d3fa0 elapsed="305.436µs"
INFO [12-01|01:41:27.541] Block finalized and assembled            height=66 blockProfit=0               txs=0   bundles=0 okSbundles=0 totalSbundles=0 gasUsed=0          time="317.807µs"
INFO [12-01|01:41:27.541] Block finalized and assembled            height=66 blockProfit=0               txs=0   bundles=0 okSbundles=0 totalSbundles=0 gasUsed=0          time="207.795µs"
INFO [12-01|01:41:27.541] Updated payload                          id=0x00e35d4285a65b96 number=66 hash=80697b..cf3f87 txs=0   withdrawals=0 gas=0          fees=0               root=c67b3b..5d3fa0 elapsed="225.215µs"
INFO [12-01|01:41:28.002] Block finalized and assembled            height=66 blockProfit=0               txs=0   bundles=0 okSbundles=0 totalSbundles=0 gasUsed=0          time="281.306µs"
INFO [12-01|01:41:28.003] Block finalized and assembled            height=66 blockProfit=0               txs=0   bundles=0 okSbundles=0 totalSbundles=0 gasUsed=0          time="671.125µs"
INFO [12-01|01:41:28.003] Updated payload                          id=0x0345bf8aeb44abba number=66 hash=2f99a7..62385e txs=0   withdrawals=0 gas=0          fees=0               root=829d2a..b7bce0 elapsed="739.586µs"
INFO [12-01|01:41:28.039] Imported new potential chain segment     number=66 hash=647e96..020922 blocks=1 txs=0   mgas=0.000  elapsed=2.077ms     mgasps=0.000   snapdiffs=101.50KiB triedirty=1.26MiB
INFO [12-01|01:41:28.043] Chain head was updated                   number=66 hash=647e96..020922 root=c67b3b..5d3fa0 elapsed=1.709065ms
ERROR[12-01|01:41:28.043] Nil finalized block cannot evict old blobs
INFO [12-01|01:41:28.044] Block finalized and assembled            height=67 blockProfit=0               txs=0   bundles=0 okSbundles=0 totalSbundles=0 gasUsed=0          time="266.345µs"
INFO [12-01|01:41:28.044] Block finalized and assembled            height=67 blockProfit=0               txs=0   bundles=0 okSbundles=0 totalSbundles=0 gasUsed=0          time="217.254µs"
INFO [12-01|01:41:28.044] Updated payload                          id=0x035c42751dd39036 number=67 hash=48a8cf..db84b7 txs=0   withdrawals=0 gas=0          fees=0               root=ca2b45..8cde70 elapsed="233.184µs"
INFO [12-01|01:41:28.545] Block finalized and assembled            height=67 blockProfit=0               txs=0   bundles=0 okSbundles=0 totalSbundles=0 gasUsed=0          time="331.577µs"
INFO [12-01|01:41:28.545] Block finalized and assembled            height=67 blockProfit=0               txs=0   bundles=0 okSbundles=0 totalSbundles=0 gasUsed=0          time="233.915µs"
INFO [12-01|01:41:28.545] Updated payload                          id=0x001375914ebe7a80 number=67 hash=48a8cf..db84b7 txs=0   withdrawals=0 gas=0          fees=0               root=ca2b45..8cde70 elapsed="249.626µs"
INFO [12-01|01:41:28.546] submitting block to remote relay         endpoint=http://mev-relay-api:9062
INFO [12-01|01:41:28.546] successfully relayed block data to consumer
INFO [12-01|01:41:28.547] submitted block                          version=deneb slot=68 value=0                 parent=0x647e96526dd68cef62a7b726f1a896a4bc7e0a1a7dba64e757effb9ef8020922 hash=48a8cf..db84b7 #commitedBundles=0
INFO [12-01|01:41:29.045] Block finalized and assembled            height=67 blockProfit=0               txs=0   bundles=0 okSbundles=0 totalSbundles=0 gasUsed=0          time="277.836µs"
INFO [12-01|01:41:29.045] Block finalized and assembled            height=67 blockProfit=0               txs=0   bundles=0 okSbundles=0 totalSbundles=0 gasUsed=0          time="203.614µs"
INFO [12-01|01:41:29.045] Updated payload                          id=0x001375914ebe7a80 number=67 hash=48a8cf..db84b7 txs=0   withdrawals=0 gas=0          fees=0               root=ca2b45..8cde70 elapsed="220.405µs"
INFO [12-01|01:41:29.545] Block finalized and assembled            height=67 blockProfit=0               txs=0   bundles=0 okSbundles=0 totalSbundles=0 gasUsed=0          time="225.855µs"
INFO [12-01|01:41:29.545] Block finalized and assembled            height=67 blockProfit=0               txs=0   bundles=0 okSbundles=0 totalSbundles=0 gasUsed=0          time="147.483µs"
INFO [12-01|01:41:29.545] Updated payload                          id=0x001375914ebe7a80 number=67 hash=48a8cf..db84b7 txs=0   withdrawals=0 gas=0          fees=0               root=ca2b45..8cde70 elapsed="158.843µs"
INFO [12-01|01:41:30.003] Block finalized and assembled            height=67 blockProfit=0               txs=0   bundles=0 okSbundles=0 totalSbundles=0 gasUsed=0          time="230.395µs"
INFO [12-01|01:41:30.003] Block finalized and assembled            height=67 blockProfit=0               txs=0   bundles=0 okSbundles=0 totalSbundles=0 gasUsed=0          time="173.634µs"
INFO [12-01|01:41:30.003] Updated payload                          id=0x03ff46d02235b755 number=67 hash=9a368c..3ebbae txs=0   withdrawals=0 gas=0          fees=0               root=857fef..39a4dc elapsed="186.794µs"
INFO [12-01|01:41:30.025] Imported new potential chain segment     number=67 hash=368058..a1de15 blocks=1 txs=0   mgas=0.000  elapsed=2.046ms     mgasps=0.000   snapdiffs=101.73KiB triedirty=1.26MiB
INFO [12-01|01:41:30.028] Chain head was updated                   number=67 hash=368058..a1de15 root=ca2b45..8cde70 elapsed=1.803207ms
ERROR[12-01|01:41:30.029] Nil finalized block cannot evict old blobs
INFO [12-01|01:41:30.031] Block finalized and assembled            height=68 blockProfit=0               txs=0   bundles=0 okSbundles=0 totalSbundles=0 gasUsed=0          time="720.695µs"
INFO [12-01|01:41:30.032] Block finalized and assembled            height=68 blockProfit=0               txs=0   bundles=0 okSbundles=0 totalSbundles=0 gasUsed=0          time="888.568µs"
INFO [12-01|01:41:30.032] Updated payload                          id=0x03955f1c5aad64b3 number=68 hash=d4f2e3..74433e txs=0   withdrawals=0 gas=0          fees=0               root=44e4a5..5fb57f elapsed=1.026ms
INFO [12-01|01:41:30.534] Block finalized and assembled            height=68 blockProfit=0               txs=0   bundles=0 okSbundles=0 totalSbundles=0 gasUsed=0          time=1.267336ms
INFO [12-01|01:41:30.535] Block finalized and assembled            height=68 blockProfit=0               txs=0   bundles=0 okSbundles=0 totalSbundles=0 gasUsed=0          time="686.894µs"
INFO [12-01|01:41:30.535] Updated payload                          id=0x0037a8ba9cc56553 number=68 hash=d4f2e3..74433e txs=0   withdrawals=0 gas=0          fees=0               root=44e4a5..5fb57f elapsed="772.786µs"
INFO [12-01|01:41:30.536] submitting block to remote relay         endpoint=http://mev-relay-api:9062
INFO [12-01|01:41:30.537] successfully relayed block data to consumer
INFO [12-01|01:41:30.539] submitted block                          version=deneb slot=69 value=0                 parent=0x36805858a3dc35d2a3f64ab9ec1b08b9485c8b1bb6aef4bdaf39e460a5a1de15 hash=d4f2e3..74433e #commitedBundles=0
INFO [12-01|01:41:31.035] Block finalized and assembled            height=68 blockProfit=0               txs=0   bundles=0 okSbundles=0 totalSbundles=0 gasUsed=0          time="936.61µs"
INFO [12-01|01:41:31.035] Block finalized and assembled            height=68 blockProfit=0               txs=0   bundles=0 okSbundles=0 totalSbundles=0 gasUsed=0          time="554.862µs"
INFO [12-01|01:41:31.035] Updated payload                          id=0x0037a8ba9cc56553 number=68 hash=d4f2e3..74433e txs=0   withdrawals=0 gas=0          fees=0               root=44e4a5..5fb57f elapsed="606.463µs"
INFO [12-01|01:41:31.353] Looking for peers                        peercount=2 tried=27 static=0
INFO [12-01|01:41:31.535] Block finalized and assembled            height=68 blockProfit=0               txs=0   bundles=0 okSbundles=0 totalSbundles=0 gasUsed=0          time=1.303517ms
INFO [12-01|01:41:31.537] Block finalized and assembled            height=68 blockProfit=0               txs=0   bundles=0 okSbundles=0 totalSbundles=0 gasUsed=0          time=1.328658ms
INFO [12-01|01:41:31.537] Updated payload                          id=0x0037a8ba9cc56553 number=68 hash=d4f2e3..74433e txs=0   withdrawals=0 gas=0          fees=0               root=44e4a5..5fb57f elapsed=1.549ms
INFO [12-01|01:41:32.005] Block finalized and assembled            height=68 blockProfit=0               txs=0   bundles=0 okSbundles=0 totalSbundles=0 gasUsed=0          time=1.047112ms
INFO [12-01|01:41:32.006] Block finalized and assembled            height=68 blockProfit=0               txs=0   bundles=0 okSbundles=0 totalSbundles=0 gasUsed=0          time="692.134µs"
INFO [12-01|01:41:32.006] Updated payload                          id=0x03610e20898aee9d number=68 hash=1ab0f0..c2b742 txs=0   withdrawals=0 gas=0          fees=0               root=ac0966..f78d1a elapsed="911.429µs"
INFO [12-01|01:41:32.109] Imported new potential chain segment     number=68 hash=40574a..feeb64 blocks=1 txs=0   mgas=0.000  elapsed=3.810ms     mgasps=0.000   snapdiffs=101.96KiB triedirty=1.27MiB
INFO [12-01|01:41:32.118] Chain head was updated                   number=68 hash=40574a..feeb64 root=44e4a5..5fb57f elapsed=3.231207ms
ERROR[12-01|01:41:32.119] Nil finalized block cannot evict old blobs
INFO [12-01|01:41:32.122] Block finalized and assembled            height=69 blockProfit=0               txs=0   bundles=0 okSbundles=0 totalSbundles=0 gasUsed=0          time="436.929µs"
INFO [12-01|01:41:32.123] Block finalized and assembled            height=69 blockProfit=0               txs=0   bundles=0 okSbundles=0 totalSbundles=0 gasUsed=0          time="344.918µs"
INFO [12-01|01:41:32.123] Updated payload                          id=0x039c37f6d400c1d6 number=69 hash=bcfe0e..8a2c09 txs=0   withdrawals=0 gas=0          fees=0               root=cd1b92..bcaed8 elapsed="382.708µs"
INFO [12-01|01:41:32.625] Block finalized and assembled            height=69 blockProfit=0               txs=0   bundles=0 okSbundles=0 totalSbundles=0 gasUsed=0          time=1.034712ms
INFO [12-01|01:41:32.626] Block finalized and assembled            height=69 blockProfit=0               txs=0   bundles=0 okSbundles=0 totalSbundles=0 gasUsed=0          time="633.914µs"
INFO [12-01|01:41:32.626] Updated payload                          id=0x00f24c0e77c022db number=69 hash=bcfe0e..8a2c09 txs=0   withdrawals=0 gas=0          fees=0               root=cd1b92..bcaed8 elapsed="658.884µs"
INFO [12-01|01:41:32.627] submitting block to remote relay         endpoint=http://mev-relay-api:9062
INFO [12-01|01:41:32.627] successfully relayed block data to consumer
INFO [12-01|01:41:32.628] submitted block                          version=deneb slot=70 value=0                 parent=0x40574a28b551a148553c2a250a68f4b887180e13841ba99f3cc0edd75ffeeb64 hash=bcfe0e..8a2c09 #commitedBundles=0
INFO [12-01|01:41:33.125] Block finalized and assembled            height=69 blockProfit=0               txs=0   bundles=0 okSbundles=0 totalSbundles=0 gasUsed=0          time=1.034421ms
INFO [12-01|01:41:33.126] Block finalized and assembled            height=69 blockProfit=0               txs=0   bundles=0 okSbundles=0 totalSbundles=0 gasUsed=0          time="641.023µs"
INFO [12-01|01:41:33.126] Updated payload                          id=0x00f24c0e77c022db number=69 hash=bcfe0e..8a2c09 txs=0   withdrawals=0 gas=0          fees=0               root=cd1b92..bcaed8 elapsed="672.853µs"
INFO [12-01|01:41:33.624] Block finalized and assembled            height=69 blockProfit=0               txs=0   bundles=0 okSbundles=0 totalSbundles=0 gasUsed=0          time="241.305µs"
INFO [12-01|01:41:33.625] Block finalized and assembled            height=69 blockProfit=0               txs=0   bundles=0 okSbundles=0 totalSbundles=0 gasUsed=0          time="194.794µs"
INFO [12-01|01:41:33.625] Updated payload                          id=0x00f24c0e77c022db number=69 hash=bcfe0e..8a2c09 txs=0   withdrawals=0 gas=0          fees=0               root=cd1b92..bcaed8 elapsed="209.324µs"
INFO [12-01|01:41:34.003] Block finalized and assembled            height=69 blockProfit=0               txs=0   bundles=0 okSbundles=0 totalSbundles=0 gasUsed=0          time="333.877µs"
INFO [12-01|01:41:34.003] Block finalized and assembled            height=69 blockProfit=0               txs=0   bundles=0 okSbundles=0 totalSbundles=0 gasUsed=0          time="356.717µs"
INFO [12-01|01:41:34.003] Updated payload                          id=0x033d9136a13a6271 number=69 hash=82d6b6..1a5a76 txs=0   withdrawals=0 gas=0          fees=0               root=2c132a..294714 elapsed="398.269µs"
INFO [12-01|01:41:34.125] Imported new potential chain segment     number=69 hash=dd9413..cf1056 blocks=1 txs=0   mgas=0.000  elapsed=6.481ms     mgasps=0.000   snapdiffs=102.19KiB triedirty=1.27MiB
INFO [12-01|01:41:34.134] Chain head was updated                   number=69 hash=dd9413..cf1056 root=cd1b92..bcaed8 elapsed=2.076844ms
ERROR[12-01|01:41:34.137] Nil finalized block cannot evict old blobs
INFO [12-01|01:41:34.138] Block finalized and assembled            height=70 blockProfit=0               txs=0   bundles=0 okSbundles=0 totalSbundles=0 gasUsed=0          time="514.73µs"
INFO [12-01|01:41:34.139] Block finalized and assembled            height=70 blockProfit=0               txs=0   bundles=0 okSbundles=0 totalSbundles=0 gasUsed=0          time="437.459µs"
INFO [12-01|01:41:34.139] Updated payload                          id=0x03462283ced5dfe2 number=70 hash=463ffa..0c8013 txs=0   withdrawals=0 gas=0          fees=0               root=367e5e..622c92 elapsed="465.95µs"
INFO [12-01|01:41:34.639] Block finalized and assembled            height=70 blockProfit=0               txs=0   bundles=0 okSbundles=0 totalSbundles=0 gasUsed=0          time=1.097843ms
INFO [12-01|01:41:34.640] Block finalized and assembled            height=70 blockProfit=0               txs=0   bundles=0 okSbundles=0 totalSbundles=0 gasUsed=0          time="780.986µs"
INFO [12-01|01:41:34.640] Updated payload                          id=0x008972e97b0c01f7 number=70 hash=463ffa..0c8013 txs=0   withdrawals=0 gas=0          fees=0               root=367e5e..622c92 elapsed="807.597µs"
INFO [12-01|01:41:34.641] submitting block to remote relay         endpoint=http://mev-relay-api:9062
INFO [12-01|01:41:34.643] successfully relayed block data to consumer
INFO [12-01|01:41:34.644] submitted block                          version=deneb slot=71 value=0                 parent=0xdd9413800f40ccb182e192b791b4f2e979e484d85c7c0e727cffee3edbcf1056 hash=463ffa..0c8013 #commitedBundles=0
INFO [12-01|01:41:35.139] Block finalized and assembled            height=70 blockProfit=0               txs=0   bundles=0 okSbundles=0 totalSbundles=0 gasUsed=0          time="929.089µs"
INFO [12-01|01:41:35.140] Block finalized and assembled            height=70 blockProfit=0               txs=0   bundles=0 okSbundles=0 totalSbundles=0 gasUsed=0          time="594.643µs"
INFO [12-01|01:41:35.140] Updated payload                          id=0x008972e97b0c01f7 number=70 hash=463ffa..0c8013 txs=0   withdrawals=0 gas=0          fees=0               root=367e5e..622c92 elapsed="648.314µs"
INFO [12-01|01:41:35.639] Block finalized and assembled            height=70 blockProfit=0               txs=0   bundles=0 okSbundles=0 totalSbundles=0 gasUsed=0          time="494.33µs"
INFO [12-01|01:41:35.640] Block finalized and assembled            height=70 blockProfit=0               txs=0   bundles=0 okSbundles=0 totalSbundles=0 gasUsed=0          time="327.076µs"
INFO [12-01|01:41:35.640] Updated payload                          id=0x008972e97b0c01f7 number=70 hash=463ffa..0c8013 txs=0   withdrawals=0 gas=0          fees=0               root=367e5e..622c92 elapsed="348.917µs"
INFO [12-01|01:41:36.005] Block finalized and assembled            height=70 blockProfit=0               txs=0   bundles=0 okSbundles=0 totalSbundles=0 gasUsed=0          time="638.323µs"
INFO [12-01|01:41:36.006] Block finalized and assembled            height=70 blockProfit=0               txs=0   bundles=0 okSbundles=0 totalSbundles=0 gasUsed=0          time=1.022761ms
INFO [12-01|01:41:36.006] Updated payload                          id=0x034ea94c70511ce8 number=70 hash=513047..18e276 txs=0   withdrawals=0 gas=0          fees=0               root=0dfa90..e2a03d elapsed=1.118ms
INFO [12-01|01:41:36.117] Imported new potential chain segment     number=70 hash=db37e7..f5debc blocks=1 txs=0   mgas=0.000  elapsed=3.759ms     mgasps=0.000   snapdiffs=102.42KiB triedirty=1.28MiB
INFO [12-01|01:41:36.125] Chain head was updated                   number=70 hash=db37e7..f5debc root=367e5e..622c92 elapsed=3.009913ms
ERROR[12-01|01:41:36.126] Nil finalized block cannot evict old blobs
INFO [12-01|01:41:36.128] Block finalized and assembled            height=71 blockProfit=0               txs=0   bundles=0 okSbundles=0 totalSbundles=0 gasUsed=0          time="656.453µs"
INFO [12-01|01:41:36.129] Block finalized and assembled            height=71 blockProfit=0               txs=0   bundles=0 okSbundles=0 totalSbundles=0 gasUsed=0          time="574.841µs"
INFO [12-01|01:41:36.129] Updated payload                          id=0x03d79e3ba9a73890 number=71 hash=774854..397ce1 txs=0   withdrawals=0 gas=0          fees=0               root=8dfa34..2b7c26 elapsed="678.684µs"
INFO [12-01|01:41:36.631] Block finalized and assembled            height=71 blockProfit=0               txs=0   bundles=0 okSbundles=0 totalSbundles=0 gasUsed=0          time="758.256µs"
INFO [12-01|01:41:36.631] Block finalized and assembled            height=71 blockProfit=0               txs=0   bundles=0 okSbundles=0 totalSbundles=0 gasUsed=0          time="289.856µs"
INFO [12-01|01:41:36.631] Updated payload                          id=0x007e43cbf882b8a5 number=71 hash=774854..397ce1 txs=0   withdrawals=0 gas=0          fees=0               root=8dfa34..2b7c26 elapsed="308.406µs"
INFO [12-01|01:41:36.632] submitting block to remote relay         endpoint=http://mev-relay-api:9062
INFO [12-01|01:41:36.633] successfully relayed block data to consumer
INFO [12-01|01:41:36.635] submitted block                          version=deneb slot=72 value=0                 parent=0xdb37e72b1fd1116154b6813ca138d8d774993f590415139f2fbcbebcf0f5debc hash=774854..397ce1 #commitedBundles=0
INFO [12-01|01:41:37.132] Block finalized and assembled            height=71 blockProfit=0               txs=0   bundles=0 okSbundles=0 totalSbundles=0 gasUsed=0          time=1.028321ms
INFO [12-01|01:41:37.132] Block finalized and assembled            height=71 blockProfit=0               txs=0   bundles=0 okSbundles=0 totalSbundles=0 gasUsed=0          time="288.036µs"
INFO [12-01|01:41:37.132] Updated payload                          id=0x007e43cbf882b8a5 number=71 hash=774854..397ce1 txs=0   withdrawals=0 gas=0          fees=0               root=8dfa34..2b7c26 elapsed="332.267µs"
INFO [12-01|01:41:37.632] Block finalized and assembled            height=71 blockProfit=0               txs=0   bundles=0 okSbundles=0 totalSbundles=0 gasUsed=0          time="778.666µs"
INFO [12-01|01:41:37.632] Block finalized and assembled            height=71 blockProfit=0               txs=0   bundles=0 okSbundles=0 totalSbundles=0 gasUsed=0          time="421.609µs"
INFO [12-01|01:41:37.633] Updated payload                          id=0x007e43cbf882b8a5 number=71 hash=774854..397ce1 txs=0   withdrawals=0 gas=0          fees=0               root=8dfa34..2b7c26 elapsed="738.355µs"
INFO [12-01|01:41:38.004] Block finalized and assembled            height=71 blockProfit=0               txs=0   bundles=0 okSbundles=0 totalSbundles=0 gasUsed=0          time="582.132µs"
INFO [12-01|01:41:38.006] Block finalized and assembled            height=71 blockProfit=0               txs=0   bundles=0 okSbundles=0 totalSbundles=0 gasUsed=0          time=1.320347ms
INFO [12-01|01:41:38.006] Updated payload                          id=0x0304d9e7d52e79f1 number=71 hash=9d2560..80a8ec txs=0   withdrawals=0 gas=0          fees=0               root=71725d..a3a971 elapsed=1.463ms
INFO [12-01|01:41:38.121] Imported new potential chain segment     number=71 hash=a9c501..a3c85e blocks=1 txs=0   mgas=0.000  elapsed=2.578ms     mgasps=0.000   snapdiffs=102.65KiB triedirty=1.28MiB
INFO [12-01|01:41:38.125] Chain head was updated                   number=71 hash=a9c501..a3c85e root=8dfa34..2b7c26 elapsed=1.94388ms
ERROR[12-01|01:41:38.125] Nil finalized block cannot evict old blobs
INFO [12-01|01:41:38.125] Block finalized and assembled            height=72 blockProfit=0               txs=0   bundles=0 okSbundles=0 totalSbundles=0 gasUsed=0          time="151.073µs"
INFO [12-01|01:41:38.126] Block finalized and assembled            height=72 blockProfit=0               txs=0   bundles=0 okSbundles=0 totalSbundles=0 gasUsed=0          time="131.403µs"
INFO [12-01|01:41:38.126] Updated payload                          id=0x03d7f3ada38625e8 number=72 hash=f94080..27cdf0 txs=0   withdrawals=0 gas=0          fees=0               root=6d4046..a96c93 elapsed="145.653µs"
INFO [12-01|01:41:38.628] Block finalized and assembled            height=72 blockProfit=0               txs=0   bundles=0 okSbundles=0 totalSbundles=0 gasUsed=0          time="982.571µs"
INFO [12-01|01:41:38.628] Block finalized and assembled            height=72 blockProfit=0               txs=0   bundles=0 okSbundles=0 totalSbundles=0 gasUsed=0          time="381.798µs"
INFO [12-01|01:41:38.628] Updated payload                          id=0x0094c06377d00144 number=72 hash=f94080..27cdf0 txs=0   withdrawals=0 gas=0          fees=0               root=6d4046..a96c93 elapsed="399.438µs"
INFO [12-01|01:41:38.629] submitting block to remote relay         endpoint=http://mev-relay-api:9062
INFO [12-01|01:41:38.630] successfully relayed block data to consumer
INFO [12-01|01:41:38.631] submitted block                          version=deneb slot=73 value=0                 parent=0xa9c5011512a6ad8f388681a3f98cb5859de4e07a46cc2bdb92b28b9371a3c85e hash=f94080..27cdf0 #commitedBundles=0
INFO [12-01|01:41:39.127] Block finalized and assembled            height=72 blockProfit=0               txs=0   bundles=0 okSbundles=0 totalSbundles=0 gasUsed=0          time="570.652µs"
INFO [12-01|01:41:39.127] Block finalized and assembled            height=72 blockProfit=0               txs=0   bundles=0 okSbundles=0 totalSbundles=0 gasUsed=0          time="386.028µs"
INFO [12-01|01:41:39.127] Updated payload                          id=0x0094c06377d00144 number=72 hash=f94080..27cdf0 txs=0   withdrawals=0 gas=0          fees=0               root=6d4046..a96c93 elapsed="437.909µs"
INFO [12-01|01:41:39.627] Block finalized and assembled            height=72 blockProfit=0               txs=0   bundles=0 okSbundles=0 totalSbundles=0 gasUsed=0          time="731.525µs"
INFO [12-01|01:41:39.633] Block finalized and assembled            height=72 blockProfit=0.001707656651  txs=55  bundles=0 okSbundles=0 totalSbundles=0 gasUsed=1,155,000  time=5.394124ms
INFO [12-01|01:41:39.633] Updated payload                          id=0x0094c06377d00144 number=72 hash=31c9c6..29bec6 txs=55  withdrawals=0 gas=1,155,000  fees=0.001707656651  root=6e554e..d076d4 elapsed=5.579ms
INFO [12-01|01:41:39.634] submitting block to remote relay         endpoint=http://mev-relay-api:9062
INFO [12-01|01:41:39.636] successfully relayed block data to consumer
INFO [12-01|01:41:39.643] json-rpc validation v3 called!
INFO [12-01|01:41:39.643] blobs bundle                             blobs=0 commits=0 proofs=0
INFO [12-01|01:41:39.644] validateBlock method called!
INFO [12-01|01:41:39.655] validated block                          hash=31c9c6..29bec6 number=72 parentHash=a9c501..a3c85e
INFO [12-01|01:41:39.655] validated blobs bundle                   blobs=0 commits=0 proofs=0
INFO [12-01|01:41:39.675] submitted block                          version=deneb slot=73 value=1707656651337000  parent=0xa9c5011512a6ad8f388681a3f98cb5859de4e07a46cc2bdb92b28b9371a3c85e hash=31c9c6..29bec6 #commitedBundles=0
INFO [12-01|01:41:40.007] Block finalized and assembled            height=72 blockProfit=0               txs=0   bundles=0 okSbundles=0 totalSbundles=0 gasUsed=0          time="654.334µs"
INFO [12-01|01:41:40.016] Block finalized and assembled            height=72 blockProfit=0.003162329962  txs=101 bundles=0 okSbundles=0 totalSbundles=0 gasUsed=2,121,000  time=9.101888ms
INFO [12-01|01:41:40.016] Updated payload                          id=0x039aeaeba23dfff3 number=72 hash=397998..cae8e7 txs=101 withdrawals=0 gas=2,121,000  fees=0.003162329962  root=f11ac9..9c6580 elapsed=9.331ms
INFO [12-01|01:41:40.018] VaPrBl: ValidateProfBlock called!
INFO [12-01|01:41:40.019] > VaPrBl: profBlock details              profBlock="&{header:0xc003618280 uncles:[] transactions:[0xc002ce34a0 0xc002ce3560 0xc002ce3620 0xc002ce36e0 0xc002ce37a0 0xc002ce3860 0xc002ce3920 0xc002ce39e0 0xc002ce3aa0 0xc002ce3b60 0xc002ce3c20 0xc002ce3ce0 0xc002ce3e00 0xc002ce3ec0 0xc002ce3f80 0xc002f6a060 0xc002f6a120 0xc002f6a1e0 0xc002f6a2a0 0xc002f6a360 0xc002f6a480 0xc002f6a540 0xc002f6a600 0xc002f6a6c0 0xc002f6a780 0xc002f6a840 0xc002f6a900 0xc002f6a9c0 0xc002f6aa80 0xc002f6ab40 0xc002f6ac00 0xc002f6acc0 0xc002f6ad80 0xc002f6ae40 0xc002f6af00 0xc002f6b020 0xc002f6b0e0 0xc002f6b1a0 0xc002f6b260 0xc002f6b320 0xc002f6b3e0 0xc002f6b4a0 0xc002f6b560 0xc002f6b620 0xc002f6b6e0 0xc002f6b7a0 0xc002f6b860 0xc002f6b920 0xc002f6b9e0 0xc002f6baa0 0xc002f6bb60 0xc002f6bc20 0xc002f6bce0 0xc002f6bda0 0xc002f6be60 0xc002f6bec0 0xc002f6bf20 0xc002f6bf80 0xc0034a8000 0xc0034a8060] withdrawals:[] hash:{v:<nil>} size:{v:8765} ReceivedAt:0001-01-01 00:00:00 +0000 UTC ReceivedFrom:<nil>}"
INFO [12-01|01:41:40.019] > VaPrBl: proposerFeeRecipient           proposerFeeRecipient=0x8943545177806ED17B9F23F0a21ee5948eCaa776
INFO [12-01|01:41:40.019] > VaPrBl: registeredGasLimit             registeredGasLimit=26820055
INFO [12-01|01:41:40.019] > VaPrBl: SimulateProfBlock params       block=89f945..bcf1ad blockNumber=72 feeRecipient=0x8943545177806ED17B9F23F0a21ee5948eCaa776 registeredGasLimit=26,820,055 vmconfig="{Tracer:<nil> NoBaseFee:false EnablePreimageRecording:false ExtraEips:[]}" useBalanceDiff=true excludeWithdrawals=true
INFO [12-01|01:41:40.019] Starting SimulateProfBlock               blockNumber=72 blockHash=89f945..bcf1ad feeRecipient=0x8943545177806ED17B9F23F0a21ee5948eCaa776 registeredGasLimit=26,820,055
INFO [12-01|01:41:40.019] Found parent block                       parentNumber=71 parentHash=a9c501..a3c85e parentRoot=8dfa34..2b7c26
WARN [12-01|01:41:40.027] Served flashbots_validateProfBlock       conn=172.16.4.20:55068 reqid=3 duration=9.258893ms err="could not apply tx 55 [0xe05af71a2792d529b288733b84a66fe4b83407072f2320b96eed46079324a9f9]: nonce too high: address 0x65D08a056c17Ae13370565B04cF77D2AfA1cB9FA, tx: 38 state: 18"
INFO [12-01|01:41:40.142] Imported new potential chain segment     number=72 hash=ee2039..34a9c4 blocks=1 txs=21  mgas=0.441  elapsed=14.229ms    mgasps=30.991  snapdiffs=103.56KiB triedirty=1.30MiB
INFO [12-01|01:41:40.156] Chain head was updated                   number=72 hash=ee2039..34a9c4 root=fa8b3e..b8469e elapsed=3.149865ms
ERROR[12-01|01:41:40.180] Nil finalized block cannot evict old blobs
INFO [12-01|01:41:40.187] Block finalized and assembled            height=73 blockProfit=0               txs=0   bundles=0 okSbundles=0 totalSbundles=0 gasUsed=0          time=1.276617ms
INFO [12-01|01:41:40.211] Block finalized and assembled            height=73 blockProfit=0.003162368145  txs=101 bundles=0 okSbundles=0 totalSbundles=0 gasUsed=2,121,000  time=11.084001ms
INFO [12-01|01:41:40.213] Updated payload                          id=0x039b963f6f51049d number=73 hash=3de760..7cfb6d txs=101 withdrawals=0 gas=2,121,000  fees=0.003162368145  root=2ef6d8..da5341 elapsed=16.816ms
INFO [12-01|01:41:40.684] Block finalized and assembled            height=73 blockProfit=0               txs=0   bundles=0 okSbundles=0 totalSbundles=0 gasUsed=0          time="889.308µs"
INFO [12-01|01:41:40.699] Block finalized and assembled            height=73 blockProfit=0.004933270698  txs=157 bundles=0 okSbundles=0 totalSbundles=0 gasUsed=3,297,000  time=14.793897ms
INFO [12-01|01:41:40.699] Updated payload                          id=0x000be6c81c199c23 number=73 hash=1e62a6..66d8cc txs=157 withdrawals=0 gas=3,297,000  fees=0.004933270698  root=206e66..4b596f elapsed=14.872ms
INFO [12-01|01:41:40.700] submitting block to remote relay         endpoint=http://mev-relay-api:9062
INFO [12-01|01:41:40.702] successfully relayed block data to consumer
INFO [12-01|01:41:40.714] json-rpc validation v3 called!
INFO [12-01|01:41:40.714] blobs bundle                             blobs=0 commits=0 proofs=0
INFO [12-01|01:41:40.715] validateBlock method called!
INFO [12-01|01:41:40.753] validated block                          hash=1e62a6..66d8cc number=73 parentHash=ee2039..34a9c4
INFO [12-01|01:41:40.753] validated blobs bundle                   blobs=0 commits=0 proofs=0
INFO [12-01|01:41:40.770] submitted block                          version=deneb slot=74 value=4933270697943000  parent=0xee2039a63090a27be42907a0128059db4c207f3ab8ed6ce6217572f33d34a9c4 hash=1e62a6..66d8cc #commitedBundles=0
INFO [12-01|01:41:41.183] Block finalized and assembled            height=73 blockProfit=0               txs=0   bundles=0 okSbundles=0 totalSbundles=0 gasUsed=0          time="690.404µs"
INFO [12-01|01:41:41.199] Block finalized and assembled            height=73 blockProfit=0.005660605675  txs=180 bundles=0 okSbundles=0 totalSbundles=0 gasUsed=3,780,000  time=15.91851ms
INFO [12-01|01:41:41.200] Updated payload                          id=0x000be6c81c199c23 number=73 hash=621f35..d4b0f3 txs=180 withdrawals=0 gas=3,780,000  fees=0.005660605675  root=67ebb5..ee652c elapsed=16.155ms
INFO [12-01|01:41:41.201] submitting block to remote relay         endpoint=http://mev-relay-api:9062
INFO [12-01|01:41:41.203] successfully relayed block data to consumer
INFO [12-01|01:41:41.216] json-rpc validation v3 called!
INFO [12-01|01:41:41.216] blobs bundle                             blobs=0 commits=0 proofs=0
INFO [12-01|01:41:41.217] validateBlock method called!
INFO [12-01|01:41:41.252] validated block                          hash=621f35..d4b0f3 number=73 parentHash=ee2039..34a9c4
INFO [12-01|01:41:41.252] validated blobs bundle                   blobs=0 commits=0 proofs=0
INFO [12-01|01:41:41.270] submitted block                          version=deneb slot=74 value=5660605675137000  parent=0xee2039a63090a27be42907a0128059db4c207f3ab8ed6ce6217572f33d34a9c4 hash=621f35..d4b0f3 #commitedBundles=0
INFO [12-01|01:41:41.363] Looking for peers                        peercount=2 tried=28 static=0
INFO [12-01|01:41:41.684] Block finalized and assembled            height=73 blockProfit=0               txs=0   bundles=0 okSbundles=0 totalSbundles=0 gasUsed=0          time=1.290887ms
INFO [12-01|01:41:41.698] Block finalized and assembled            height=73 blockProfit=0.005660605675  txs=180 bundles=0 okSbundles=0 totalSbundles=0 gasUsed=3,780,000  time=13.747376ms
INFO [12-01|01:41:41.698] Updated payload                          id=0x000be6c81c199c23 number=73 hash=621f35..d4b0f3 txs=180 withdrawals=0 gas=3,780,000  fees=0.005660605675  root=67ebb5..ee652c elapsed=13.989ms
INFO [12-01|01:41:42.004] Block finalized and assembled            height=73 blockProfit=0               txs=0   bundles=0 okSbundles=0 totalSbundles=0 gasUsed=0          time="772.286µs"
INFO [12-01|01:41:42.015] Block finalized and assembled            height=73 blockProfit=0.005660605675  txs=180 bundles=0 okSbundles=0 totalSbundles=0 gasUsed=3,780,000  time=11.151421ms
INFO [12-01|01:41:42.016] Updated payload                          id=0x033a8b7569a6a39d number=73 hash=cae5be..94db24 txs=180 withdrawals=0 gas=3,780,000  fees=0.005660605675  root=e83f0e..7add10 elapsed=11.317ms
INFO [12-01|01:41:42.175] Imported new potential chain segment     number=73 hash=43f6c8..7ea86e blocks=1 txs=179 mgas=3.759  elapsed=31.624ms    mgasps=118.862 snapdiffs=107.93KiB triedirty=1.35MiB
INFO [12-01|01:41:42.189] Chain head was updated                   number=73 hash=43f6c8..7ea86e root=1302d5..515032 elapsed=3.157956ms
INFO [12-01|01:41:42.193] Block finalized and assembled            height=74 blockProfit=0               txs=0   bundles=0 okSbundles=0 totalSbundles=0 gasUsed=0          time="582.042µs"
ERROR[12-01|01:41:42.218] Nil finalized block cannot evict old blobs
INFO [12-01|01:41:42.219] Block finalized and assembled            height=74 blockProfit=0               txs=0   bundles=0 okSbundles=0 totalSbundles=0 gasUsed=0          time=25.439798ms
INFO [12-01|01:41:42.219] Updated payload                          id=0x0357441ceecd34f9 number=74 hash=ca41da..7ca06e txs=0   withdrawals=0 gas=0          fees=0               root=636378..8cea0d elapsed=25.550ms
INFO [12-01|01:41:42.698] Block finalized and assembled            height=74 blockProfit=0               txs=0   bundles=0 okSbundles=0 totalSbundles=0 gasUsed=0          time="215.574µs"
INFO [12-01|01:41:42.698] Block finalized and assembled            height=74 blockProfit=0               txs=0   bundles=0 okSbundles=0 totalSbundles=0 gasUsed=0          time="151.373µs"
INFO [12-01|01:41:42.698] Updated payload                          id=0x00cc32a75bcd9220 number=74 hash=ca41da..7ca06e txs=0   withdrawals=0 gas=0          fees=0               root=636378..8cea0d elapsed="163.874µs"
INFO [12-01|01:41:42.699] submitting block to remote relay         endpoint=http://mev-relay-api:9062
INFO [12-01|01:41:42.699] successfully relayed block data to consumer
INFO [12-01|01:41:42.699] submitted block                          version=deneb slot=75 value=0                 parent=0x43f6c88aefc2ddf645cdbd83ef062c8bc64b2fdde889ae9d345d3d3f767ea86e hash=ca41da..7ca06e #commitedBundles=0
INFO [12-01|01:41:43.198] Block finalized and assembled            height=74 blockProfit=0               txs=0   bundles=0 okSbundles=0 totalSbundles=0 gasUsed=0          time="512.87µs"
INFO [12-01|01:41:43.200] Block finalized and assembled            height=74 blockProfit=8.300351805e-05 txs=2   bundles=0 okSbundles=0 totalSbundles=0 gasUsed=76122      time=1.401119ms
INFO [12-01|01:41:43.200] Updated payload                          id=0x00cc32a75bcd9220 number=74 hash=293b4e..048cbc txs=2   withdrawals=0 gas=76122      fees=8.300351805e-05 root=9c214d..f82660 elapsed=1.479ms
INFO [12-01|01:41:43.201] submitting block to remote relay         endpoint=http://mev-relay-api:9062
INFO [12-01|01:41:43.201] successfully relayed block data to consumer
INFO [12-01|01:41:43.207] json-rpc validation v3 called!
INFO [12-01|01:41:43.207] blobs bundle                             blobs=0 commits=0 proofs=0
INFO [12-01|01:41:43.207] validateBlock method called!
INFO [12-01|01:41:43.208] validated block                          hash=293b4e..048cbc number=74 parentHash=43f6c8..7ea86e
INFO [12-01|01:41:43.208] validated blobs bundle                   blobs=0 commits=0 proofs=0
INFO [12-01|01:41:43.223] submitted block                          version=deneb slot=75 value=83003518048020    parent=0x43f6c88aefc2ddf645cdbd83ef062c8bc64b2fdde889ae9d345d3d3f767ea86e hash=293b4e..048cbc #commitedBundles=0
INFO [12-01|01:41:43.698] Block finalized and assembled            height=74 blockProfit=0               txs=0   bundles=0 okSbundles=0 totalSbundles=0 gasUsed=0          time="707.724µs"
INFO [12-01|01:41:43.708] Block finalized and assembled            height=74 blockProfit=0.004183719836  txs=70  bundles=0 okSbundles=0 totalSbundles=0 gasUsed=2,799,296  time=9.997979ms
INFO [12-01|01:41:43.708] Updated payload                          id=0x00cc32a75bcd9220 number=74 hash=f6165f..9465f8 txs=70  withdrawals=0 gas=2,799,296  fees=0.004183719836  root=b88cb0..91da6b elapsed=10.086ms
INFO [12-01|01:41:43.710] submitting block to remote relay         endpoint=http://mev-relay-api:9062
INFO [12-01|01:41:43.712] successfully relayed block data to consumer
INFO [12-01|01:41:43.726] json-rpc validation v3 called!
INFO [12-01|01:41:43.726] blobs bundle                             blobs=0 commits=0 proofs=0
INFO [12-01|01:41:43.728] validateBlock method called!
INFO [12-01|01:41:43.754] validated block                          hash=f6165f..9465f8 number=74 parentHash=43f6c8..7ea86e
INFO [12-01|01:41:43.754] validated blobs bundle                   blobs=0 commits=0 proofs=0
INFO [12-01|01:41:43.782] submitted block                          version=deneb slot=75 value=4183719835687910  parent=0x43f6c88aefc2ddf645cdbd83ef062c8bc64b2fdde889ae9d345d3d3f767ea86e hash=f6165f..9465f8 #commitedBundles=0
INFO [12-01|01:41:44.004] Block finalized and assembled            height=74 blockProfit=0               txs=0   bundles=0 okSbundles=0 totalSbundles=0 gasUsed=0          time="550.862µs"
INFO [12-01|01:41:44.016] Block finalized and assembled            height=74 blockProfit=0.006334770164  txs=98  bundles=0 okSbundles=0 totalSbundles=0 gasUsed=4,227,750  time=12.295896ms
INFO [12-01|01:41:44.017] Updated payload                          id=0x03c9baf92d1357d0 number=74 hash=971767..7fdbf0 txs=98  withdrawals=0 gas=4,227,750  fees=0.006334770164  root=78ec76..a5c992 elapsed=12.489ms
INFO [12-01|01:41:44.045] VaPrBl: ValidateProfBlock called!
INFO [12-01|01:41:44.045] > VaPrBl: profBlock details              profBlock="&{header:0xc003079400 uncles:[] transactions:[0xc0030bfa40 0xc0030bfaa0 0xc0030bfb00 0xc0030bfc20 0xc0030bfc80 0xc0030bfd40 0xc0030bfe00 0xc0030bfec0 0xc0030bff20 0xc0030bff80 0xc002154060 0xc0021540c0 0xc002154240 0xc0021545a0 0xc002154720 0xc002154b40 0xc002154ba0 0xc002154d80 0xc002154fc0 0xc002155020 0xc0021551a0 0xc002155980 0xc002155c20 0xc002155c80 0xc002155e00 0xc002155e60 0xc002155f20 0xc002155f80 0xc001f040c0 0xc001f04120 0xc001f04180 0xc001f04240 0xc001f043c0 0xc001f04420 0xc001f045a0 0xc001f04600 0xc001f04660 0xc001f04720 0xc001f047e0 0xc001f048a0 0xc001f04900 0xc001f049c0 0xc001f04ae0 0xc001f04ba0 0xc001f04c60 0xc001f04cc0 0xc001f04d80 0xc001f04de0 0xc001f04e40 0xc001f04ea0 0xc001f04f00 0xc001f05020 0xc001f05080 0xc001f050e0 0xc001f05140 0xc001f05260 0xc001f052c0 0xc001f05320 0xc001f05380 0xc001f053e0 0xc001f05440 0xc001f054a0 0xc001f05500 0xc001f05560 0xc001f055c0 0xc001f05620 0xc001f05680 0xc001f057a0 0xc001f05800 0xc001f05860 0xc001f058c0] withdrawals:[] hash:{v:<nil>} size:{v:17021} ReceivedAt:0001-01-01 00:00:00 +0000 UTC ReceivedFrom:<nil>}"
INFO [12-01|01:41:44.045] > VaPrBl: proposerFeeRecipient           proposerFeeRecipient=0x8943545177806ED17B9F23F0a21ee5948eCaa776
INFO [12-01|01:41:44.045] > VaPrBl: registeredGasLimit             registeredGasLimit=26872461
INFO [12-01|01:41:44.046] > VaPrBl: SimulateProfBlock params       block=36f717..d6a39c blockNumber=74 feeRecipient=0x8943545177806ED17B9F23F0a21ee5948eCaa776 registeredGasLimit=26,872,461 vmconfig="{Tracer:<nil> NoBaseFee:false EnablePreimageRecording:false ExtraEips:[]}" useBalanceDiff=true excludeWithdrawals=true
INFO [12-01|01:41:44.046] Starting SimulateProfBlock               blockNumber=74 blockHash=36f717..d6a39c feeRecipient=0x8943545177806ED17B9F23F0a21ee5948eCaa776 registeredGasLimit=26,872,461
INFO [12-01|01:41:44.046] Found parent block                       parentNumber=73 parentHash=43f6c8..7ea86e parentRoot=1302d5..515032
WARN [12-01|01:41:44.056] Served flashbots_validateProfBlock       conn=172.16.4.20:55068 reqid=4 duration=12.01205ms err="could not apply tx 70 [0x1b07a209e41628cc71f59df00c87430878682681a0bcba1d50e127af0422e7eb]: nonce too high: address 0x65D08a056c17Ae13370565B04cF77D2AfA1cB9FA, tx: 43 state: 18"
INFO [12-01|01:41:44.126] Imported new potential chain segment     number=74 hash=4e467c..cf94c1 blocks=1 txs=5   mgas=0.179  elapsed=4.847ms     mgasps=37.018  snapdiffs=108.50KiB triedirty=1.36MiB
INFO [12-01|01:41:44.135] Chain head was updated                   number=74 hash=4e467c..cf94c1 root=f32726..82e145 elapsed=3.194326ms
ERROR[12-01|01:41:44.146] Nil finalized block cannot evict old blobs
INFO [12-01|01:41:44.148] Block finalized and assembled            height=75 blockProfit=0               txs=0   bundles=0 okSbundles=0 totalSbundles=0 gasUsed=0          time="547.232µs"
INFO [12-01|01:41:44.159] Block finalized and assembled            height=75 blockProfit=0.007231898541  txs=113 bundles=0 okSbundles=0 totalSbundles=0 gasUsed=4,823,473  time=10.858554ms
INFO [12-01|01:41:44.159] Updated payload                          id=0x03e6e04864a1c385 number=75 hash=a4cc66..f50c9a txs=113 withdrawals=0 gas=4,823,473  fees=0.007231898541  root=3de650..edf53e elapsed=11.101ms
INFO [12-01|01:41:44.661] Block finalized and assembled            height=75 blockProfit=0               txs=0   bundles=0 okSbundles=0 totalSbundles=0 gasUsed=0          time=1.000221ms
INFO [12-01|01:41:44.673] Block finalized and assembled            height=75 blockProfit=0.007231898541  txs=113 bundles=0 okSbundles=0 totalSbundles=0 gasUsed=4,823,473  time=12.161083ms
INFO [12-01|01:41:44.674] Updated payload                          id=0x00fb8721407e95c8 number=75 hash=a4cc66..f50c9a txs=113 withdrawals=0 gas=4,823,473  fees=0.007231898541  root=3de650..edf53e elapsed=12.226ms
INFO [12-01|01:41:44.675] submitting block to remote relay         endpoint=http://mev-relay-api:9062
INFO [12-01|01:41:44.677] successfully relayed block data to consumer
INFO [12-01|01:41:44.692] json-rpc validation v3 called!
INFO [12-01|01:41:44.692] blobs bundle                             blobs=0 commits=0 proofs=0
INFO [12-01|01:41:44.693] validateBlock method called!
INFO [12-01|01:41:44.717] validated block                          hash=a4cc66..f50c9a number=75 parentHash=4e467c..cf94c1
INFO [12-01|01:41:44.717] validated blobs bundle                   blobs=0 commits=0 proofs=0
INFO [12-01|01:41:44.733] submitted block                          version=deneb slot=76 value=7231898541032079  parent=0x4e467c47b91361d886cd2d6fdd6e2faa6eec8b7b78a9cfa112e5fbe847cf94c1 hash=a4cc66..f50c9a #commitedBundles=0
INFO [12-01|01:41:45.161] Block finalized and assembled            height=75 blockProfit=0               txs=0   bundles=0 okSbundles=0 totalSbundles=0 gasUsed=0          time=1.014351ms
INFO [12-01|01:41:45.180] Block finalized and assembled            height=75 blockProfit=0.007231898541  txs=113 bundles=0 okSbundles=0 totalSbundles=0 gasUsed=4,823,473  time=18.498173ms
INFO [12-01|01:41:45.181] Updated payload                          id=0x00fb8721407e95c8 number=75 hash=a4cc66..f50c9a txs=113 withdrawals=0 gas=4,823,473  fees=0.007231898541  root=3de650..edf53e elapsed=18.827ms
INFO [12-01|01:41:45.662] Block finalized and assembled            height=75 blockProfit=0               txs=0   bundles=0 okSbundles=0 totalSbundles=0 gasUsed=0          time=1.061762ms
INFO [12-01|01:41:45.675] Block finalized and assembled            height=75 blockProfit=0.007231898541  txs=113 bundles=0 okSbundles=0 totalSbundles=0 gasUsed=4,823,473  time=13.116163ms
INFO [12-01|01:41:45.676] Updated payload                          id=0x00fb8721407e95c8 number=75 hash=a4cc66..f50c9a txs=113 withdrawals=0 gas=4,823,473  fees=0.007231898541  root=3de650..edf53e elapsed=13.441ms
INFO [12-01|01:41:46.002] Block finalized and assembled            height=75 blockProfit=0               txs=0   bundles=0 okSbundles=0 totalSbundles=0 gasUsed=0          time="694.825µs"
INFO [12-01|01:41:46.020] Block finalized and assembled            height=75 blockProfit=0.007231898541  txs=113 bundles=0 okSbundles=0 totalSbundles=0 gasUsed=4,823,473  time=16.929092ms
INFO [12-01|01:41:46.020] Updated payload                          id=0x03cba75b1387eaf6 number=75 hash=189166..87e13b txs=113 withdrawals=0 gas=4,823,473  fees=0.007231898541  root=0d1beb..45692c elapsed=16.977ms
INFO [12-01|01:41:46.175] Imported new potential chain segment     number=75 hash=3df379..b1659f blocks=1 txs=112 mgas=4.802  elapsed=38.643ms    mgasps=124.276 snapdiffs=113.14KiB triedirty=1.42MiB
INFO [12-01|01:41:46.195] Chain head was updated                   number=75 hash=3df379..b1659f root=91521b..1399b7 elapsed=10.031439ms
ERROR[12-01|01:41:46.214] Nil finalized block cannot evict old blobs
INFO [12-01|01:41:46.217] Block finalized and assembled            height=76 blockProfit=0               txs=0   bundles=0 okSbundles=0 totalSbundles=0 gasUsed=0          time="674.454µs"
INFO [12-01|01:41:46.219] Block finalized and assembled            height=76 blockProfit=0               txs=0   bundles=0 okSbundles=0 totalSbundles=0 gasUsed=0          time="729.945µs"
INFO [12-01|01:41:46.219] Updated payload                          id=0x039f585637dd1382 number=76 hash=151dd9..f1be58 txs=0   withdrawals=0 gas=0          fees=0               root=6536e0..2bb53a elapsed="765.996µs"
INFO [12-01|01:41:46.720] Block finalized and assembled            height=76 blockProfit=0               txs=0   bundles=0 okSbundles=0 totalSbundles=0 gasUsed=0          time="784.746µs"
INFO [12-01|01:41:46.720] Block finalized and assembled            height=76 blockProfit=0               txs=0   bundles=0 okSbundles=0 totalSbundles=0 gasUsed=0          time="407.849µs"
INFO [12-01|01:41:46.721] Updated payload                          id=0x00d3ebb8f7324774 number=76 hash=151dd9..f1be58 txs=0   withdrawals=0 gas=0          fees=0               root=6536e0..2bb53a elapsed="447.9µs"
INFO [12-01|01:41:46.722] submitting block to remote relay         endpoint=http://mev-relay-api:9062
INFO [12-01|01:41:46.723] successfully relayed block data to consumer
INFO [12-01|01:41:46.724] submitted block                          version=deneb slot=77 value=0                 parent=0x3df37927e0f5ae9ed00320be789136736301d37f5198a21ee5e8cac37ab1659f hash=151dd9..f1be58 #commitedBundles=0
INFO [12-01|01:41:47.220] Block finalized and assembled            height=76 blockProfit=0               txs=0   bundles=0 okSbundles=0 totalSbundles=0 gasUsed=0          time="530.001µs"
INFO [12-01|01:41:47.220] Block finalized and assembled            height=76 blockProfit=0               txs=0   bundles=0 okSbundles=0 totalSbundles=0 gasUsed=0          time="328.677µs"
INFO [12-01|01:41:47.220] Updated payload                          id=0x00d3ebb8f7324774 number=76 hash=151dd9..f1be58 txs=0   withdrawals=0 gas=0          fees=0               root=6536e0..2bb53a elapsed="353.017µs"
INFO [12-01|01:41:47.720] Block finalized and assembled            height=76 blockProfit=0               txs=0   bundles=0 okSbundles=0 totalSbundles=0 gasUsed=0          time="279.366µs"
INFO [12-01|01:41:47.720] Block finalized and assembled            height=76 blockProfit=0               txs=0   bundles=0 okSbundles=0 totalSbundles=0 gasUsed=0          time="212.114µs"
INFO [12-01|01:41:47.720] Updated payload                          id=0x00d3ebb8f7324774 number=76 hash=151dd9..f1be58 txs=0   withdrawals=0 gas=0          fees=0               root=6536e0..2bb53a elapsed="228.735µs"
INFO [12-01|01:41:48.004] Block finalized and assembled            height=76 blockProfit=0               txs=0   bundles=0 okSbundles=0 totalSbundles=0 gasUsed=0          time="922.569µs"
INFO [12-01|01:41:48.005] Block finalized and assembled            height=76 blockProfit=0               txs=0   bundles=0 okSbundles=0 totalSbundles=0 gasUsed=0          time="509.311µs"
INFO [12-01|01:41:48.005] Updated payload                          id=0x03db7569e54d300f number=76 hash=2e42a6..701e55 txs=0   withdrawals=0 gas=0          fees=0               root=a28888..ec9b63 elapsed="544.961µs"
INFO [12-01|01:41:48.124] Imported new potential chain segment     number=76 hash=afc14d..76448b blocks=1 txs=0   mgas=0.000  elapsed=4.159ms     mgasps=0.000   snapdiffs=113.37KiB triedirty=1.43MiB
INFO [12-01|01:41:48.133] Chain head was updated                   number=76 hash=afc14d..76448b root=6536e0..2bb53a elapsed=2.609944ms
ERROR[12-01|01:41:48.134] Nil finalized block cannot evict old blobs
INFO [12-01|01:41:48.136] Block finalized and assembled            height=77 blockProfit=0               txs=0   bundles=0 okSbundles=0 totalSbundles=0 gasUsed=0          time="760.786µs"
INFO [12-01|01:41:48.137] Block finalized and assembled            height=77 blockProfit=0               txs=0   bundles=0 okSbundles=0 totalSbundles=0 gasUsed=0          time="619.183µs"
INFO [12-01|01:41:48.138] Updated payload                          id=0x03a162327a136ea6 number=77 hash=010d11..1fd3dd txs=0   withdrawals=0 gas=0          fees=0               root=41188d..d84b92 elapsed="643.453µs"
INFO [12-01|01:41:48.640] Block finalized and assembled            height=77 blockProfit=0               txs=0   bundles=0 okSbundles=0 totalSbundles=0 gasUsed=0          time="822.588µs"
INFO [12-01|01:41:48.640] Block finalized and assembled            height=77 blockProfit=0               txs=0   bundles=0 okSbundles=0 totalSbundles=0 gasUsed=0          time="493.01µs"
INFO [12-01|01:41:48.640] Updated payload                          id=0x002562b010fa04c1 number=77 hash=010d11..1fd3dd txs=0   withdrawals=0 gas=0          fees=0               root=41188d..d84b92 elapsed="549.832µs"
INFO [12-01|01:41:48.641] submitting block to remote relay         endpoint=http://mev-relay-api:9062
INFO [12-01|01:41:48.642] successfully relayed block data to consumer
INFO [12-01|01:41:48.644] submitted block                          version=deneb slot=78 value=0                 parent=0xafc14dbe840feda51e04c8efb0938433eda8de847e95a8239074b8282876448b hash=010d11..1fd3dd #commitedBundles=0
INFO [12-01|01:41:49.140] Block finalized and assembled            height=77 blockProfit=0               txs=0   bundles=0 okSbundles=0 totalSbundles=0 gasUsed=0          time="996.911µs"
INFO [12-01|01:41:49.141] Block finalized and assembled            height=77 blockProfit=0               txs=0   bundles=0 okSbundles=0 totalSbundles=0 gasUsed=0          time="568.482µs"
INFO [12-01|01:41:49.141] Updated payload                          id=0x002562b010fa04c1 number=77 hash=010d11..1fd3dd txs=0   withdrawals=0 gas=0          fees=0               root=41188d..d84b92 elapsed="588.363µs"
INFO [12-01|01:41:49.639] Block finalized and assembled            height=77 blockProfit=0               txs=0   bundles=0 okSbundles=0 totalSbundles=0 gasUsed=0          time="766.867µs"
INFO [12-01|01:41:49.640] Block finalized and assembled            height=77 blockProfit=0               txs=0   bundles=0 okSbundles=0 totalSbundles=0 gasUsed=0          time="511.951µs"
INFO [12-01|01:41:49.640] Updated payload                          id=0x002562b010fa04c1 number=77 hash=010d11..1fd3dd txs=0   withdrawals=0 gas=0          fees=0               root=41188d..d84b92 elapsed="552.552µs"
INFO [12-01|01:41:50.004] Block finalized and assembled            height=77 blockProfit=0               txs=0   bundles=0 okSbundles=0 totalSbundles=0 gasUsed=0          time="931.849µs"
INFO [12-01|01:41:50.005] Block finalized and assembled            height=77 blockProfit=0               txs=0   bundles=0 okSbundles=0 totalSbundles=0 gasUsed=0          time="206.064µs"
INFO [12-01|01:41:50.005] Updated payload                          id=0x032c89a7f35bd3ba number=77 hash=9b9e19..6ecefe txs=0   withdrawals=0 gas=0          fees=0               root=bfd5c0..54feda elapsed="222.135µs"
INFO [12-01|01:41:50.124] Imported new potential chain segment     number=77 hash=5a13b0..7afb92 blocks=1 txs=0   mgas=0.000  elapsed=4.558ms     mgasps=0.000   snapdiffs=113.60KiB triedirty=1.43MiB
INFO [12-01|01:41:50.132] Chain head was updated                   number=77 hash=5a13b0..7afb92 root=41188d..d84b92 elapsed=2.514922ms
ERROR[12-01|01:41:50.133] Nil finalized block cannot evict old blobs
INFO [12-01|01:41:50.135] Block finalized and assembled            height=78 blockProfit=0               txs=0   bundles=0 okSbundles=0 totalSbundles=0 gasUsed=0          time="614.993µs"
INFO [12-01|01:41:50.136] Block finalized and assembled            height=78 blockProfit=0               txs=0   bundles=0 okSbundles=0 totalSbundles=0 gasUsed=0          time="483.34µs"
INFO [12-01|01:41:50.136] Updated payload                          id=0x03c5af9447cad208 number=78 hash=9a842a..923650 txs=0   withdrawals=0 gas=0          fees=0               root=5053d9..0f6e1d elapsed="536.171µs"
INFO [12-01|01:41:50.638] Block finalized and assembled            height=78 blockProfit=0               txs=0   bundles=0 okSbundles=0 totalSbundles=0 gasUsed=0          time=1.065002ms
INFO [12-01|01:41:50.639] Block finalized and assembled            height=78 blockProfit=0               txs=0   bundles=0 okSbundles=0 totalSbundles=0 gasUsed=0          time="569.682µs"
INFO [12-01|01:41:50.639] Updated payload                          id=0x008274c7fa2d1b6b number=78 hash=9a842a..923650 txs=0   withdrawals=0 gas=0          fees=0               root=5053d9..0f6e1d elapsed="590.832µs"
INFO [12-01|01:41:50.640] submitting block to remote relay         endpoint=http://mev-relay-api:9062
INFO [12-01|01:41:50.640] successfully relayed block data to consumer
INFO [12-01|01:41:50.641] submitted block                          version=deneb slot=79 value=0                 parent=0x5a13b010c9c2e87f5af5f2f3554a45e9bbfa8527582c206ddd13377bc27afb92 hash=9a842a..923650 #commitedBundles=0
