Nonce calculation debug:
- currentNonce (from getTransactionCount): 18
- nonce.override: 5
- nonce.offset: undefined
- Final nonce value: 23
Sending bundle: [
  '0x02f90176833018241785012a05f2008512a05f2000830249f09471e67695db8bc44aa6bf2014142c42221967ee9880b901040cc7326300000000000000000000000000000000000000000000000000000000000000a0000000000000000000000000000000000000000000000011e3ab8395c6e80000000000000000000000000000f98265aea01677961bff51685b04ee3a6139206f00000000000000000000000065d08a056c17ae13370565b04cf77d2afa1cb9fa00000000000000000000000000000000000000000000000000000000000000000000000000000000000000000000000000000000000000000000000000000002000000000000000000000000ac29373cbe03c88fb078488181f8a0650c58ca0800000000000000000000000024a9da1457f96c2b167d49377a776d302a5c4db3c080a0e208fee5eff8436afd543e48af8b831938bbe7e1986f0760f50ab4ee77387e8fa03d000e8cd8a5bc71785cf86bfd2aaca0a904fb072a45f05ca7e99fa0cb70d09a'
]
Sending bundle to Prof RPC: http://172.16.4.27:8084
Request payload: {
  "jsonrpc": "2.0",
  "id": 1,
  "method": "eth_sendBundle",
  "params": [
    {
      "txs": [
        "0x02f90176833018241785012a05f2008512a05f2000830249f09471e67695db8bc44aa6bf2014142c42221967ee9880b901040cc7326300000000000000000000000000000000000000000000000000000000000000a0000000000000000000000000000000000000000000000011e3ab8395c6e80000000000000000000000000000f98265aea01677961bff51685b04ee3a6139206f00000000000000000000000065d08a056c17ae13370565b04cf77d2afa1cb9fa00000000000000000000000000000000000000000000000000000000000000000000000000000000000000000000000000000000000000000000000000000002000000000000000000000000ac29373cbe03c88fb078488181f8a0650c58ca0800000000000000000000000024a9da1457f96c2b167d49377a776d302a5c4db3c080a0e208fee5eff8436afd543e48af8b831938bbe7e1986f0760f50ab4ee77387e8fa03d000e8cd8a5bc71785cf86bfd2aaca0a904fb072a45f05ca7e99fa0cb70d09a"
      ],
      "blockNumber": "0xb"
    }
  ]
}
Trying URL: http://172.16.4.27:8084/eth_sendBundle
Bundle sent successfully. Status: 202
nonceOffset: 6
nonceOffset before: 6
Current transaction count:  18
Generating swaps with params: {
  targetBlockNumber: 11,
  txsPerBundle: 1,
  sendRoute: 3,
  txStrategy: 'univ2',
  profRpcUrl: 'http://172.16.4.27:8084',
  nonceOffset: 6
}
Generating swaps with params: {}
Current nonce for 0x65D08a056c17Ae13370565B04cF77D2AfA1cB9FA: 18
Contract Addresses:
AtomicSwap: 0x71e67695DB8Bc44AA6BF2014142c42221967EE98
UniV2FactoryA: 0x85998F6C99833d1127301928248c97b6F168bDad
UniV2FactoryB: 0xf98265AeA01677961Bff51685B04eE3a6139206F
WETH: 0x24a9Da1457F96C2b167D49377A776d302A5C4dB3
DAI addresses: [ '0xAC29373CBe03C88Fb078488181F8a0650C58CA08' ]
[0x65D08a056c17Ae13370565B04cF77D2AfA1cB9FA] swapping 842.0 DAI for WETH
Nonce calculation debug:
- currentNonce (from getTransactionCount): 18
- nonce.override: 6
- nonce.offset: undefined
- Final nonce value: 24
Sending bundle: [
  '0x02f90176833018241885012a05f2008512a05f2000830249f09471e67695db8bc44aa6bf2014142c42221967ee9880b901040cc7326300000000000000000000000000000000000000000000000000000000000000a000000000000000000000000000000000000000000000002da518eae48ee8000000000000000000000000000085998f6c99833d1127301928248c97b6f168bdad00000000000000000000000065d08a056c17ae13370565b04cf77d2afa1cb9fa00000000000000000000000000000000000000000000000000000000000000000000000000000000000000000000000000000000000000000000000000000002000000000000000000000000ac29373cbe03c88fb078488181f8a0650c58ca0800000000000000000000000024a9da1457f96c2b167d49377a776d302a5c4db3c001a06b382e5e5fec33852ecf65d132e4512195b44ae9445a20e44ade51026461bc35a0438c42fa411680e1ed1cac41b500abc4fd3081943797895684e2c395d3c60e4e'
]
Sending bundle to Prof RPC: http://172.16.4.27:8084
Request payload: {
  "jsonrpc": "2.0",
  "id": 1,
  "method": "eth_sendBundle",
  "params": [
    {
      "txs": [
        "0x02f90176833018241885012a05f2008512a05f2000830249f09471e67695db8bc44aa6bf2014142c42221967ee9880b901040cc7326300000000000000000000000000000000000000000000000000000000000000a000000000000000000000000000000000000000000000002da518eae48ee8000000000000000000000000000085998f6c99833d1127301928248c97b6f168bdad00000000000000000000000065d08a056c17ae13370565b04cf77d2afa1cb9fa00000000000000000000000000000000000000000000000000000000000000000000000000000000000000000000000000000000000000000000000000000002000000000000000000000000ac29373cbe03c88fb078488181f8a0650c58ca0800000000000000000000000024a9da1457f96c2b167d49377a776d302a5c4db3c001a06b382e5e5fec33852ecf65d132e4512195b44ae9445a20e44ade51026461bc35a0438c42fa411680e1ed1cac41b500abc4fd3081943797895684e2c395d3c60e4e"
      ],
      "blockNumber": "0xb"
    }
  ]
}
Trying URL: http://172.16.4.27:8084/eth_sendBundle
Bundle sent successfully. Status: 202
nonceOffset: 7
nonceOffset before: 7
Current transaction count:  18
Generating swaps with params: {
  targetBlockNumber: 11,
  txsPerBundle: 1,
  sendRoute: 3,
  txStrategy: 'univ2',
  profRpcUrl: 'http://172.16.4.27:8084',
  nonceOffset: 7
}
Generating swaps with params: {}
Current nonce for 0x65D08a056c17Ae13370565B04cF77D2AfA1cB9FA: 18
Contract Addresses:
AtomicSwap: 0x71e67695DB8Bc44AA6BF2014142c42221967EE98
UniV2FactoryA: 0x85998F6C99833d1127301928248c97b6F168bDad
UniV2FactoryB: 0xf98265AeA01677961Bff51685B04eE3a6139206F
WETH: 0x24a9Da1457F96C2b167D49377A776d302A5C4dB3
DAI addresses: [ '0xAC29373CBe03C88Fb078488181F8a0650C58CA08' ]
[0x65D08a056c17Ae13370565B04cF77D2AfA1cB9FA] swapping 0.605546995377503852 WETH for DAI
Nonce calculation debug:
- currentNonce (from getTransactionCount): 18
- nonce.override: 7
- nonce.offset: undefined
- Final nonce value: 25
Sending bundle: [
  '0x02f90176833018241985012a05f2008512a05f2000830249f09471e67695db8bc44aa6bf2014142c42221967ee9880b901040cc7326300000000000000000000000000000000000000000000000000000000000000a0000000000000000000000000000000000000000000000000086755c8b247fe6c00000000000000000000000085998f6c99833d1127301928248c97b6f168bdad00000000000000000000000065d08a056c17ae13370565b04cf77d2afa1cb9fa0000000000000000000000000000000000000000000000000000000000000000000000000000000000000000000000000000000000000000000000000000000200000000000000000000000024a9da1457f96c2b167d49377a776d302a5c4db3000000000000000000000000ac29373cbe03c88fb078488181f8a0650c58ca08c080a00979c7fa5a6be3280f103168f239b35398bc3cf7a81598171f2c559a94ea24aea0091ed9387392db28c59f92cf0a31e7f7f1b8062b74bd8bdb6e949a7680398fba'
]
Sending bundle to Prof RPC: http://172.16.4.27:8084
Request payload: {
  "jsonrpc": "2.0",
  "id": 1,
  "method": "eth_sendBundle",
  "params": [
    {
      "txs": [
        "0x02f90176833018241985012a05f2008512a05f2000830249f09471e67695db8bc44aa6bf2014142c42221967ee9880b901040cc7326300000000000000000000000000000000000000000000000000000000000000a0000000000000000000000000000000000000000000000000086755c8b247fe6c00000000000000000000000085998f6c99833d1127301928248c97b6f168bdad00000000000000000000000065d08a056c17ae13370565b04cf77d2afa1cb9fa0000000000000000000000000000000000000000000000000000000000000000000000000000000000000000000000000000000000000000000000000000000200000000000000000000000024a9da1457f96c2b167d49377a776d302a5c4db3000000000000000000000000ac29373cbe03c88fb078488181f8a0650c58ca08c080a00979c7fa5a6be3280f103168f239b35398bc3cf7a81598171f2c559a94ea24aea0091ed9387392db28c59f92cf0a31e7f7f1b8062b74bd8bdb6e949a7680398fba"
      ],
      "blockNumber": "0xb"
    }
  ]
}
Trying URL: http://172.16.4.27:8084/eth_sendBundle
Bundle sent successfully. Status: 202
nonceOffset: 8
nonceOffset before: 8
Current transaction count:  18
Generating swaps with params: {
  targetBlockNumber: 11,
  txsPerBundle: 1,
  sendRoute: 3,
  txStrategy: 'univ2',
  profRpcUrl: 'http://172.16.4.27:8084',
  nonceOffset: 8
}
Generating swaps with params: {}
Current nonce for 0x65D08a056c17Ae13370565B04cF77D2AfA1cB9FA: 18
Contract Addresses:
AtomicSwap: 0x71e67695DB8Bc44AA6BF2014142c42221967EE98
UniV2FactoryA: 0x85998F6C99833d1127301928248c97b6F168bDad
UniV2FactoryB: 0xf98265AeA01677961Bff51685B04eE3a6139206F
WETH: 0x24a9Da1457F96C2b167D49377A776d302A5C4dB3
DAI addresses: [ '0xAC29373CBe03C88Fb078488181F8a0650C58CA08' ]
[0x65D08a056c17Ae13370565B04cF77D2AfA1cB9FA] swapping 0.197844495765973826 WETH for DAI
Nonce calculation debug:
- currentNonce (from getTransactionCount): 18
- nonce.override: 8
- nonce.offset: undefined
- Final nonce value: 26
Sending bundle: [
  '0x02f90176833018241a85012a05f2008512a05f2000830249f09471e67695db8bc44aa6bf2014142c42221967ee9880b901040cc7326300000000000000000000000000000000000000000000000000000000000000a000000000000000000000000000000000000000000000000002bee2854ae5ab42000000000000000000000000f98265aea01677961bff51685b04ee3a6139206f00000000000000000000000065d08a056c17ae13370565b04cf77d2afa1cb9fa0000000000000000000000000000000000000000000000000000000000000000000000000000000000000000000000000000000000000000000000000000000200000000000000000000000024a9da1457f96c2b167d49377a776d302a5c4db3000000000000000000000000ac29373cbe03c88fb078488181f8a0650c58ca08c001a0a477ee82d89501c6b16637dc569e107526011bacea71648506dae40aef1600d2a05b53adc6de7f304450186fb45298051fe800f2ce19020ed055b99c989eae1e5c'
]
Sending bundle to Prof RPC: http://172.16.4.27:8084
Request payload: {
  "jsonrpc": "2.0",
  "id": 1,
  "method": "eth_sendBundle",
  "params": [
    {
      "txs": [
        "0x02f90176833018241a85012a05f2008512a05f2000830249f09471e67695db8bc44aa6bf2014142c42221967ee9880b901040cc7326300000000000000000000000000000000000000000000000000000000000000a000000000000000000000000000000000000000000000000002bee2854ae5ab42000000000000000000000000f98265aea01677961bff51685b04ee3a6139206f00000000000000000000000065d08a056c17ae13370565b04cf77d2afa1cb9fa0000000000000000000000000000000000000000000000000000000000000000000000000000000000000000000000000000000000000000000000000000000200000000000000000000000024a9da1457f96c2b167d49377a776d302a5c4db3000000000000000000000000ac29373cbe03c88fb078488181f8a0650c58ca08c001a0a477ee82d89501c6b16637dc569e107526011bacea71648506dae40aef1600d2a05b53adc6de7f304450186fb45298051fe800f2ce19020ed055b99c989eae1e5c"
      ],
      "blockNumber": "0xb"
    }
  ]
}
Trying URL: http://172.16.4.27:8084/eth_sendBundle
Bundle sent successfully. Status: 202
nonceOffset: 9
nonceOffset before: 9
Current transaction count:  18
Generating swaps with params: {
  targetBlockNumber: 11,
  txsPerBundle: 1,
  sendRoute: 3,
  txStrategy: 'univ2',
  profRpcUrl: 'http://172.16.4.27:8084',
  nonceOffset: 9
}
Generating swaps with params: {}
Current nonce for 0x65D08a056c17Ae13370565B04cF77D2AfA1cB9FA: 18
Contract Addresses:
AtomicSwap: 0x71e67695DB8Bc44AA6BF2014142c42221967EE98
UniV2FactoryA: 0x85998F6C99833d1127301928248c97b6F168bDad
UniV2FactoryB: 0xf98265AeA01677961Bff51685B04eE3a6139206F
WETH: 0x24a9Da1457F96C2b167D49377A776d302A5C4dB3
DAI addresses: [ '0xAC29373CBe03C88Fb078488181F8a0650C58CA08' ]
[0x65D08a056c17Ae13370565B04cF77D2AfA1cB9FA] swapping 0.076982294072363356 WETH for DAI
Nonce calculation debug:
- currentNonce (from getTransactionCount): 18
- nonce.override: 9
- nonce.offset: undefined
- Final nonce value: 27
Sending bundle: [
  '0x02f90176833018241b85012a05f2008512a05f2000830249f09471e67695db8bc44aa6bf2014142c42221967ee9880b901040cc7326300000000000000000000000000000000000000000000000000000000000000a000000000000000000000000000000000000000000000000001117efd142d895c000000000000000000000000f98265aea01677961bff51685b04ee3a6139206f00000000000000000000000065d08a056c17ae13370565b04cf77d2afa1cb9fa0000000000000000000000000000000000000000000000000000000000000000000000000000000000000000000000000000000000000000000000000000000200000000000000000000000024a9da1457f96c2b167d49377a776d302a5c4db3000000000000000000000000ac29373cbe03c88fb078488181f8a0650c58ca08c001a05ae782629f82b6c6706c4cc5063a0b18d2e12d92db0051208c4410f04d8c3116a01c76e3bf5f8c7f805fa45ace6230f6cc6caf4dade39005f05cae62284cba1adb'
]
Sending bundle to Prof RPC: http://172.16.4.27:8084
Request payload: {
  "jsonrpc": "2.0",
  "id": 1,
  "method": "eth_sendBundle",
  "params": [
    {
      "txs": [
        "0x02f90176833018241b85012a05f2008512a05f2000830249f09471e67695db8bc44aa6bf2014142c42221967ee9880b901040cc7326300000000000000000000000000000000000000000000000000000000000000a000000000000000000000000000000000000000000000000001117efd142d895c000000000000000000000000f98265aea01677961bff51685b04ee3a6139206f00000000000000000000000065d08a056c17ae13370565b04cf77d2afa1cb9fa0000000000000000000000000000000000000000000000000000000000000000000000000000000000000000000000000000000000000000000000000000000200000000000000000000000024a9da1457f96c2b167d49377a776d302a5c4db3000000000000000000000000ac29373cbe03c88fb078488181f8a0650c58ca08c001a05ae782629f82b6c6706c4cc5063a0b18d2e12d92db0051208c4410f04d8c3116a01c76e3bf5f8c7f805fa45ace6230f6cc6caf4dade39005f05cae62284cba1adb"
      ],
      "blockNumber": "0xb"
    }
  ]
}
Trying URL: http://172.16.4.27:8084/eth_sendBundle
Bundle sent successfully. Status: 202
nonceOffset: 10
nonceOffset before: 10
Current transaction count:  18
Generating swaps with params: {
  targetBlockNumber: 11,
  txsPerBundle: 1,
  sendRoute: 3,
  txStrategy: 'univ2',
  profRpcUrl: 'http://172.16.4.27:8084',
  nonceOffset: 10
}
Generating swaps with params: {}
Current nonce for 0x65D08a056c17Ae13370565B04cF77D2AfA1cB9FA: 18
Contract Addresses:
AtomicSwap: 0x71e67695DB8Bc44AA6BF2014142c42221967EE98
UniV2FactoryA: 0x85998F6C99833d1127301928248c97b6F168bDad
UniV2FactoryB: 0xf98265AeA01677961Bff51685B04eE3a6139206F
WETH: 0x24a9Da1457F96C2b167D49377A776d302A5C4dB3
DAI addresses: [ '0xAC29373CBe03C88Fb078488181F8a0650C58CA08' ]
[0x65D08a056c17Ae13370565B04cF77D2AfA1cB9FA] swapping 0.47534668721109399 WETH for DAI
Nonce calculation debug:
- currentNonce (from getTransactionCount): 18
- nonce.override: 10
- nonce.offset: undefined
- Final nonce value: 28
Sending bundle: [
  '0x02f90176833018241c85012a05f2008512a05f2000830249f09471e67695db8bc44aa6bf2014142c42221967ee9880b901040cc7326300000000000000000000000000000000000000000000000000000000000000a00000000000000000000000000000000000000000000000000698c54b24603fe600000000000000000000000085998f6c99833d1127301928248c97b6f168bdad00000000000000000000000065d08a056c17ae13370565b04cf77d2afa1cb9fa0000000000000000000000000000000000000000000000000000000000000000000000000000000000000000000000000000000000000000000000000000000200000000000000000000000024a9da1457f96c2b167d49377a776d302a5c4db3000000000000000000000000ac29373cbe03c88fb078488181f8a0650c58ca08c080a07d5b014e992fcfe273e4a044b3da3a4e48613dcb3a7f78f09d81e76f4f9ffc16a02462e78a1e6378bd3a628c7ac1d6a4d16efc58b0e657b67cae88d936f5fb171e'
]
Sending bundle to Prof RPC: http://172.16.4.27:8084
Request payload: {
  "jsonrpc": "2.0",
  "id": 1,
  "method": "eth_sendBundle",
  "params": [
    {
      "txs": [
        "0x02f90176833018241c85012a05f2008512a05f2000830249f09471e67695db8bc44aa6bf2014142c42221967ee9880b901040cc7326300000000000000000000000000000000000000000000000000000000000000a00000000000000000000000000000000000000000000000000698c54b24603fe600000000000000000000000085998f6c99833d1127301928248c97b6f168bdad00000000000000000000000065d08a056c17ae13370565b04cf77d2afa1cb9fa0000000000000000000000000000000000000000000000000000000000000000000000000000000000000000000000000000000000000000000000000000000200000000000000000000000024a9da1457f96c2b167d49377a776d302a5c4db3000000000000000000000000ac29373cbe03c88fb078488181f8a0650c58ca08c080a07d5b014e992fcfe273e4a044b3da3a4e48613dcb3a7f78f09d81e76f4f9ffc16a02462e78a1e6378bd3a628c7ac1d6a4d16efc58b0e657b67cae88d936f5fb171e"
      ],
      "blockNumber": "0xb"
    }
  ]
}
Trying URL: http://172.16.4.27:8084/eth_sendBundle
Bundle sent successfully. Status: 202
nonceOffset: 11
nonceOffset before: 11
Current transaction count:  18
Generating swaps with params: {
  targetBlockNumber: 11,
  txsPerBundle: 1,
  sendRoute: 3,
  txStrategy: 'univ2',
  profRpcUrl: 'http://172.16.4.27:8084',
  nonceOffset: 11
}
Generating swaps with params: {}
Current nonce for 0x65D08a056c17Ae13370565B04cF77D2AfA1cB9FA: 18
Contract Addresses:
AtomicSwap: 0x71e67695DB8Bc44AA6BF2014142c42221967EE98
UniV2FactoryA: 0x85998F6C99833d1127301928248c97b6F168bDad
UniV2FactoryB: 0xf98265AeA01677961Bff51685B04eE3a6139206F
WETH: 0x24a9Da1457F96C2b167D49377A776d302A5C4dB3
DAI addresses: [ '0xAC29373CBe03C88Fb078488181F8a0650C58CA08' ]
[0x65D08a056c17Ae13370565B04cF77D2AfA1cB9FA] swapping 419.0 DAI for WETH
Nonce calculation debug:
- currentNonce (from getTransactionCount): 18
- nonce.override: 11
- nonce.offset: undefined
- Final nonce value: 29
Sending bundle: [
  '0x02f90176833018241d85012a05f2008512a05f2000830249f09471e67695db8bc44aa6bf2014142c42221967ee9880b901040cc7326300000000000000000000000000000000000000000000000000000000000000a0000000000000000000000000000000000000000000000016b6cb080af8ac0000000000000000000000000000f98265aea01677961bff51685b04ee3a6139206f00000000000000000000000065d08a056c17ae13370565b04cf77d2afa1cb9fa00000000000000000000000000000000000000000000000000000000000000000000000000000000000000000000000000000000000000000000000000000002000000000000000000000000ac29373cbe03c88fb078488181f8a0650c58ca0800000000000000000000000024a9da1457f96c2b167d49377a776d302a5c4db3c080a09a69ff24aec8506afd13834dd4b4ae0af72833c7dcf13c609522ec7266198080a03cc43f53b4df5581fef5e7fe6b9cf67ea411acfc5bc27d5741b779766a7265cb'
]
Sending bundle to Prof RPC: http://172.16.4.27:8084
Request payload: {
  "jsonrpc": "2.0",
  "id": 1,
  "method": "eth_sendBundle",
  "params": [
    {
      "txs": [
        "0x02f90176833018241d85012a05f2008512a05f2000830249f09471e67695db8bc44aa6bf2014142c42221967ee9880b901040cc7326300000000000000000000000000000000000000000000000000000000000000a0000000000000000000000000000000000000000000000016b6cb080af8ac0000000000000000000000000000f98265aea01677961bff51685b04ee3a6139206f00000000000000000000000065d08a056c17ae13370565b04cf77d2afa1cb9fa00000000000000000000000000000000000000000000000000000000000000000000000000000000000000000000000000000000000000000000000000000002000000000000000000000000ac29373cbe03c88fb078488181f8a0650c58ca0800000000000000000000000024a9da1457f96c2b167d49377a776d302a5c4db3c080a09a69ff24aec8506afd13834dd4b4ae0af72833c7dcf13c609522ec7266198080a03cc43f53b4df5581fef5e7fe6b9cf67ea411acfc5bc27d5741b779766a7265cb"
      ],
      "blockNumber": "0xb"
    }
  ]
}
Trying URL: http://172.16.4.27:8084/eth_sendBundle
Bundle sent successfully. Status: 202
nonceOffset: 12
nonceOffset before: 12
Current transaction count:  18
Generating swaps with params: {
  targetBlockNumber: 11,
  txsPerBundle: 1,
  sendRoute: 3,
  txStrategy: 'univ2',
  profRpcUrl: 'http://172.16.4.27:8084',
  nonceOffset: 12
}
Generating swaps with params: {}
Current nonce for 0x65D08a056c17Ae13370565B04cF77D2AfA1cB9FA: 18
Contract Addresses:
AtomicSwap: 0x71e67695DB8Bc44AA6BF2014142c42221967EE98
UniV2FactoryA: 0x85998F6C99833d1127301928248c97b6F168bDad
UniV2FactoryB: 0xf98265AeA01677961Bff51685B04eE3a6139206F
WETH: 0x24a9Da1457F96C2b167D49377A776d302A5C4dB3
DAI addresses: [ '0xAC29373CBe03C88Fb078488181F8a0650C58CA08' ]
[0x65D08a056c17Ae13370565B04cF77D2AfA1cB9FA] swapping 0.456856702619414483 WETH for DAI
Nonce calculation debug:
- currentNonce (from getTransactionCount): 18
- nonce.override: 12
- nonce.offset: undefined
- Final nonce value: 30
Sending bundle: [
  '0x02f90176833018241e85012a05f2008512a05f2000830249f09471e67695db8bc44aa6bf2014142c42221967ee9880b901040cc7326300000000000000000000000000000000000000000000000000000000000000a0000000000000000000000000000000000000000000000000065714c020e2efd3000000000000000000000000f98265aea01677961bff51685b04ee3a6139206f00000000000000000000000065d08a056c17ae13370565b04cf77d2afa1cb9fa0000000000000000000000000000000000000000000000000000000000000000000000000000000000000000000000000000000000000000000000000000000200000000000000000000000024a9da1457f96c2b167d49377a776d302a5c4db3000000000000000000000000ac29373cbe03c88fb078488181f8a0650c58ca08c080a0db70fed306dcb308aee6fbcd9606da0cb1e4e0220ea5323e83c09a75be699db9a00ed14a022616e93f362fa2e7c7978937c4d1c0460d379663b5a7e9a1f006af0e'
]
Sending bundle to Prof RPC: http://172.16.4.27:8084
Request payload: {
  "jsonrpc": "2.0",
  "id": 1,
  "method": "eth_sendBundle",
  "params": [
    {
      "txs": [
        "0x02f90176833018241e85012a05f2008512a05f2000830249f09471e67695db8bc44aa6bf2014142c42221967ee9880b901040cc7326300000000000000000000000000000000000000000000000000000000000000a0000000000000000000000000000000000000000000000000065714c020e2efd3000000000000000000000000f98265aea01677961bff51685b04ee3a6139206f00000000000000000000000065d08a056c17ae13370565b04cf77d2afa1cb9fa0000000000000000000000000000000000000000000000000000000000000000000000000000000000000000000000000000000000000000000000000000000200000000000000000000000024a9da1457f96c2b167d49377a776d302a5c4db3000000000000000000000000ac29373cbe03c88fb078488181f8a0650c58ca08c080a0db70fed306dcb308aee6fbcd9606da0cb1e4e0220ea5323e83c09a75be699db9a00ed14a022616e93f362fa2e7c7978937c4d1c0460d379663b5a7e9a1f006af0e"
      ],
      "blockNumber": "0xb"
    }
  ]
}
Trying URL: http://172.16.4.27:8084/eth_sendBundle
Bundle sent successfully. Status: 202
nonceOffset: 13
nonceOffset before: 13
Current transaction count:  18
Generating swaps with params: {
  targetBlockNumber: 11,
  txsPerBundle: 1,
  sendRoute: 3,
  txStrategy: 'univ2',
  profRpcUrl: 'http://172.16.4.27:8084',
  nonceOffset: 13
}
Generating swaps with params: {}
Current nonce for 0x65D08a056c17Ae13370565B04cF77D2AfA1cB9FA: 18
Contract Addresses:
AtomicSwap: 0x71e67695DB8Bc44AA6BF2014142c42221967EE98
UniV2FactoryA: 0x85998F6C99833d1127301928248c97b6F168bDad
UniV2FactoryB: 0xf98265AeA01677961Bff51685B04eE3a6139206F
WETH: 0x24a9Da1457F96C2b167D49377A776d302A5C4dB3
DAI addresses: [ '0xAC29373CBe03C88Fb078488181F8a0650C58CA08' ]
[0x65D08a056c17Ae13370565B04cF77D2AfA1cB9FA] swapping 0.263279445727482678 WETH for DAI
Nonce calculation debug:
- currentNonce (from getTransactionCount): 18
- nonce.override: 13
- nonce.offset: undefined
- Final nonce value: 31
Sending bundle: [
  '0x02f90176833018241f85012a05f2008512a05f2000830249f09471e67695db8bc44aa6bf2014142c42221967ee9880b901040cc7326300000000000000000000000000000000000000000000000000000000000000a000000000000000000000000000000000000000000000000003a75b42cf3f9336000000000000000000000000f98265aea01677961bff51685b04ee3a6139206f00000000000000000000000065d08a056c17ae13370565b04cf77d2afa1cb9fa0000000000000000000000000000000000000000000000000000000000000000000000000000000000000000000000000000000000000000000000000000000200000000000000000000000024a9da1457f96c2b167d49377a776d302a5c4db3000000000000000000000000ac29373cbe03c88fb078488181f8a0650c58ca08c080a042e99b7b4af504584b36843204d247d31987947377dfe0125df5b96dc76d05fca07b416498828d44a1654878c3beabb29aa6a173a410317521cb3d95da28322e2e'
]
Sending bundle to Prof RPC: http://172.16.4.27:8084
Request payload: {
  "jsonrpc": "2.0",
  "id": 1,
  "method": "eth_sendBundle",
  "params": [
    {
      "txs": [
        "0x02f90176833018241f85012a05f2008512a05f2000830249f09471e67695db8bc44aa6bf2014142c42221967ee9880b901040cc7326300000000000000000000000000000000000000000000000000000000000000a000000000000000000000000000000000000000000000000003a75b42cf3f9336000000000000000000000000f98265aea01677961bff51685b04ee3a6139206f00000000000000000000000065d08a056c17ae13370565b04cf77d2afa1cb9fa0000000000000000000000000000000000000000000000000000000000000000000000000000000000000000000000000000000000000000000000000000000200000000000000000000000024a9da1457f96c2b167d49377a776d302a5c4db3000000000000000000000000ac29373cbe03c88fb078488181f8a0650c58ca08c080a042e99b7b4af504584b36843204d247d31987947377dfe0125df5b96dc76d05fca07b416498828d44a1654878c3beabb29aa6a173a410317521cb3d95da28322e2e"
      ],
      "blockNumber": "0xb"
    }
  ]
}
Trying URL: http://172.16.4.27:8084/eth_sendBundle
Bundle sent successfully. Status: 202
nonceOffset: 14
nonceOffset before: 14
Current transaction count:  18
Generating swaps with params: {
  targetBlockNumber: 11,
  txsPerBundle: 1,
  sendRoute: 3,
  txStrategy: 'univ2',
  profRpcUrl: 'http://172.16.4.27:8084',
  nonceOffset: 14
}
Generating swaps with params: {}
Current nonce for 0x65D08a056c17Ae13370565B04cF77D2AfA1cB9FA: 18
Contract Addresses:
AtomicSwap: 0x71e67695DB8Bc44AA6BF2014142c42221967EE98
UniV2FactoryA: 0x85998F6C99833d1127301928248c97b6F168bDad
UniV2FactoryB: 0xf98265AeA01677961Bff51685B04eE3a6139206F
WETH: 0x24a9Da1457F96C2b167D49377A776d302A5C4dB3
DAI addresses: [ '0xAC29373CBe03C88Fb078488181F8a0650C58CA08' ]
[0x65D08a056c17Ae13370565B04cF77D2AfA1cB9FA] swapping 0.781804163454124903 WETH for DAI
Nonce calculation debug:
- currentNonce (from getTransactionCount): 18
- nonce.override: 14
- nonce.offset: undefined
- Final nonce value: 32
Sending bundle: [
  '0x02f90176833018242085012a05f2008512a05f2000830249f09471e67695db8bc44aa6bf2014142c42221967ee9880b901040cc7326300000000000000000000000000000000000000000000000000000000000000a00000000000000000000000000000000000000000000000000ad986be969ac367000000000000000000000000f98265aea01677961bff51685b04ee3a6139206f00000000000000000000000065d08a056c17ae13370565b04cf77d2afa1cb9fa0000000000000000000000000000000000000000000000000000000000000000000000000000000000000000000000000000000000000000000000000000000200000000000000000000000024a9da1457f96c2b167d49377a776d302a5c4db3000000000000000000000000ac29373cbe03c88fb078488181f8a0650c58ca08c080a027fc22b76cb0a0706fbdabdc654d653b6b74e5575e6c055b2f048edd907143bfa008b7b2fbcc6d010d5a247270103133a8fcd5fc807bb617e18f3876222b066565'
]
Sending bundle to Prof RPC: http://172.16.4.27:8084
Request payload: {
  "jsonrpc": "2.0",
  "id": 1,
  "method": "eth_sendBundle",
  "params": [
    {
      "txs": [
        "0x02f90176833018242085012a05f2008512a05f2000830249f09471e67695db8bc44aa6bf2014142c42221967ee9880b901040cc7326300000000000000000000000000000000000000000000000000000000000000a00000000000000000000000000000000000000000000000000ad986be969ac367000000000000000000000000f98265aea01677961bff51685b04ee3a6139206f00000000000000000000000065d08a056c17ae13370565b04cf77d2afa1cb9fa0000000000000000000000000000000000000000000000000000000000000000000000000000000000000000000000000000000000000000000000000000000200000000000000000000000024a9da1457f96c2b167d49377a776d302a5c4db3000000000000000000000000ac29373cbe03c88fb078488181f8a0650c58ca08c080a027fc22b76cb0a0706fbdabdc654d653b6b74e5575e6c055b2f048edd907143bfa008b7b2fbcc6d010d5a247270103133a8fcd5fc807bb617e18f3876222b066565"
      ],
      "blockNumber": "0xb"
    }
  ]
}
Trying URL: http://172.16.4.27:8084/eth_sendBundle
Bundle sent successfully. Status: 202
nonceOffset: 15
nonceOffset before: 15
Current transaction count:  18
Generating swaps with params: {
  targetBlockNumber: 11,
  txsPerBundle: 1,
  sendRoute: 3,
  txStrategy: 'univ2',
  profRpcUrl: 'http://172.16.4.27:8084',
  nonceOffset: 15
}
Generating swaps with params: {}
Current nonce for 0x65D08a056c17Ae13370565B04cF77D2AfA1cB9FA: 18
Contract Addresses:
AtomicSwap: 0x71e67695DB8Bc44AA6BF2014142c42221967EE98
UniV2FactoryA: 0x85998F6C99833d1127301928248c97b6F168bDad
UniV2FactoryB: 0xf98265AeA01677961Bff51685B04eE3a6139206F
WETH: 0x24a9Da1457F96C2b167D49377A776d302A5C4dB3
DAI addresses: [ '0xAC29373CBe03C88Fb078488181F8a0650C58CA08' ]
[0x65D08a056c17Ae13370565B04cF77D2AfA1cB9FA] swapping 0.813415574402467232 WETH for DAI
Nonce calculation debug:
- currentNonce (from getTransactionCount): 18
- nonce.override: 15
- nonce.offset: undefined
- Final nonce value: 33
Sending bundle: [
  '0x02f90176833018242185012a05f2008512a05f2000830249f09471e67695db8bc44aa6bf2014142c42221967ee9880b901040cc7326300000000000000000000000000000000000000000000000000000000000000a00000000000000000000000000000000000000000000000000b49d527bf0785a0000000000000000000000000f98265aea01677961bff51685b04ee3a6139206f00000000000000000000000065d08a056c17ae13370565b04cf77d2afa1cb9fa0000000000000000000000000000000000000000000000000000000000000000000000000000000000000000000000000000000000000000000000000000000200000000000000000000000024a9da1457f96c2b167d49377a776d302a5c4db3000000000000000000000000ac29373cbe03c88fb078488181f8a0650c58ca08c001a08215a41951c361fe800fa80331506c2fef3ab7d94df3d46bcfecfd468d65796da061fb98203a1c189b6a8771ad647cc07352967a9fff0c69adf04989d5ddbb1eed'
]
Sending bundle to Prof RPC: http://172.16.4.27:8084
Request payload: {
  "jsonrpc": "2.0",
  "id": 1,
  "method": "eth_sendBundle",
  "params": [
    {
      "txs": [
        "0x02f90176833018242185012a05f2008512a05f2000830249f09471e67695db8bc44aa6bf2014142c42221967ee9880b901040cc7326300000000000000000000000000000000000000000000000000000000000000a00000000000000000000000000000000000000000000000000b49d527bf0785a0000000000000000000000000f98265aea01677961bff51685b04ee3a6139206f00000000000000000000000065d08a056c17ae13370565b04cf77d2afa1cb9fa0000000000000000000000000000000000000000000000000000000000000000000000000000000000000000000000000000000000000000000000000000000200000000000000000000000024a9da1457f96c2b167d49377a776d302a5c4db3000000000000000000000000ac29373cbe03c88fb078488181f8a0650c58ca08c001a08215a41951c361fe800fa80331506c2fef3ab7d94df3d46bcfecfd468d65796da061fb98203a1c189b6a8771ad647cc07352967a9fff0c69adf04989d5ddbb1eed"
      ],
      "blockNumber": "0xb"
    }
  ]
}
Trying URL: http://172.16.4.27:8084/eth_sendBundle
Bundle sent successfully. Status: 202
nonceOffset: 16
nonceOffset before: 16
Current transaction count:  18
Generating swaps with params: {
  targetBlockNumber: 11,
  txsPerBundle: 1,
  sendRoute: 3,
  txStrategy: 'univ2',
  profRpcUrl: 'http://172.16.4.27:8084',
  nonceOffset: 16
}
Generating swaps with params: {}
Current nonce for 0x65D08a056c17Ae13370565B04cF77D2AfA1cB9FA: 18
Contract Addresses:
AtomicSwap: 0x71e67695DB8Bc44AA6BF2014142c42221967EE98
UniV2FactoryA: 0x85998F6C99833d1127301928248c97b6F168bDad
UniV2FactoryB: 0xf98265AeA01677961Bff51685B04eE3a6139206F
WETH: 0x24a9Da1457F96C2b167D49377A776d302A5C4dB3
DAI addresses: [ '0xAC29373CBe03C88Fb078488181F8a0650C58CA08' ]
[0x65D08a056c17Ae13370565B04cF77D2AfA1cB9FA] swapping 757.0 DAI for WETH
Nonce calculation debug:
- currentNonce (from getTransactionCount): 18
- nonce.override: 16
- nonce.offset: undefined
- Final nonce value: 34
Sending bundle: [
  '0x02f90176833018242285012a05f2008512a05f2000830249f09471e67695db8bc44aa6bf2014142c42221967ee9880b901040cc7326300000000000000000000000000000000000000000000000000000000000000a0000000000000000000000000000000000000000000000029097c413dfab4000000000000000000000000000085998f6c99833d1127301928248c97b6f168bdad00000000000000000000000065d08a056c17ae13370565b04cf77d2afa1cb9fa00000000000000000000000000000000000000000000000000000000000000000000000000000000000000000000000000000000000000000000000000000002000000000000000000000000ac29373cbe03c88fb078488181f8a0650c58ca0800000000000000000000000024a9da1457f96c2b167d49377a776d302a5c4db3c001a00d9393f8df6a329548cddc70cad734dc0238bb130fe9082e518c6c25b3a1ee4aa03cc214a4042b7edc1e27a14f04eedc234d4a76d45e4b2fb8be7207756c7d1b6d'
]
Sending bundle to Prof RPC: http://172.16.4.27:8084
Request payload: {
  "jsonrpc": "2.0",
  "id": 1,
  "method": "eth_sendBundle",
  "params": [
    {
      "txs": [
        "0x02f90176833018242285012a05f2008512a05f2000830249f09471e67695db8bc44aa6bf2014142c42221967ee9880b901040cc7326300000000000000000000000000000000000000000000000000000000000000a0000000000000000000000000000000000000000000000029097c413dfab4000000000000000000000000000085998f6c99833d1127301928248c97b6f168bdad00000000000000000000000065d08a056c17ae13370565b04cf77d2afa1cb9fa00000000000000000000000000000000000000000000000000000000000000000000000000000000000000000000000000000000000000000000000000000002000000000000000000000000ac29373cbe03c88fb078488181f8a0650c58ca0800000000000000000000000024a9da1457f96c2b167d49377a776d302a5c4db3c001a00d9393f8df6a329548cddc70cad734dc0238bb130fe9082e518c6c25b3a1ee4aa03cc214a4042b7edc1e27a14f04eedc234d4a76d45e4b2fb8be7207756c7d1b6d"
      ],
      "blockNumber": "0xb"
    }
  ]
}
Trying URL: http://172.16.4.27:8084/eth_sendBundle
Bundle sent successfully. Status: 202
nonceOffset: 17
nonceOffset before: 17
Current transaction count:  18
Generating swaps with params: {
  targetBlockNumber: 11,
  txsPerBundle: 1,
  sendRoute: 3,
  txStrategy: 'univ2',
  profRpcUrl: 'http://172.16.4.27:8084',
  nonceOffset: 17
}
Generating swaps with params: {}
Current nonce for 0x65D08a056c17Ae13370565B04cF77D2AfA1cB9FA: 18
Contract Addresses:
AtomicSwap: 0x71e67695DB8Bc44AA6BF2014142c42221967EE98
UniV2FactoryA: 0x85998F6C99833d1127301928248c97b6F168bDad
UniV2FactoryB: 0xf98265AeA01677961Bff51685B04eE3a6139206F
WETH: 0x24a9Da1457F96C2b167D49377A776d302A5C4dB3
DAI addresses: [ '0xAC29373CBe03C88Fb078488181F8a0650C58CA08' ]
[0x65D08a056c17Ae13370565B04cF77D2AfA1cB9FA] swapping 0.311778290993071593 WETH for DAI
Nonce calculation debug:
- currentNonce (from getTransactionCount): 18
- nonce.override: 17
- nonce.offset: undefined
- Final nonce value: 35
Sending bundle: [
  '0x02f90176833018242385012a05f2008512a05f2000830249f09471e67695db8bc44aa6bf2014142c42221967ee9880b901040cc7326300000000000000000000000000000000000000000000000000000000000000a00000000000000000000000000000000000000000000000000453a8b42b5205e900000000000000000000000085998f6c99833d1127301928248c97b6f168bdad00000000000000000000000065d08a056c17ae13370565b04cf77d2afa1cb9fa0000000000000000000000000000000000000000000000000000000000000000000000000000000000000000000000000000000000000000000000000000000200000000000000000000000024a9da1457f96c2b167d49377a776d302a5c4db3000000000000000000000000ac29373cbe03c88fb078488181f8a0650c58ca08c080a08b1ccf67f5673c0ffeb5cb8fd64d71fda8a24db965ce0c2d28365d049a9f8a6da04e64f52961cfc79413f72aeaf80a073bb4053f5e1d4eba8fb9d50a5ec17bac58'
]
Sending bundle to Prof RPC: http://172.16.4.27:8084
Request payload: {
  "jsonrpc": "2.0",
  "id": 1,
  "method": "eth_sendBundle",
  "params": [
    {
      "txs": [
        "0x02f90176833018242385012a05f2008512a05f2000830249f09471e67695db8bc44aa6bf2014142c42221967ee9880b901040cc7326300000000000000000000000000000000000000000000000000000000000000a00000000000000000000000000000000000000000000000000453a8b42b5205e900000000000000000000000085998f6c99833d1127301928248c97b6f168bdad00000000000000000000000065d08a056c17ae13370565b04cf77d2afa1cb9fa0000000000000000000000000000000000000000000000000000000000000000000000000000000000000000000000000000000000000000000000000000000200000000000000000000000024a9da1457f96c2b167d49377a776d302a5c4db3000000000000000000000000ac29373cbe03c88fb078488181f8a0650c58ca08c080a08b1ccf67f5673c0ffeb5cb8fd64d71fda8a24db965ce0c2d28365d049a9f8a6da04e64f52961cfc79413f72aeaf80a073bb4053f5e1d4eba8fb9d50a5ec17bac58"
      ],
      "blockNumber": "0xb"
    }
  ]
}
Trying URL: http://172.16.4.27:8084/eth_sendBundle
Bundle sent successfully. Status: 202
nonceOffset: 18
nonceOffset before: 18
Current transaction count:  18
Generating swaps with params: {
  targetBlockNumber: 11,
  txsPerBundle: 1,
  sendRoute: 3,
  txStrategy: 'univ2',
  profRpcUrl: 'http://172.16.4.27:8084',
  nonceOffset: 18
}
Generating swaps with params: {}
Current nonce for 0x65D08a056c17Ae13370565B04cF77D2AfA1cB9FA: 18
Contract Addresses:
AtomicSwap: 0x71e67695DB8Bc44AA6BF2014142c42221967EE98
UniV2FactoryA: 0x85998F6C99833d1127301928248c97b6F168bDad
UniV2FactoryB: 0xf98265AeA01677961Bff51685B04eE3a6139206F
WETH: 0x24a9Da1457F96C2b167D49377A776d302A5C4dB3
DAI addresses: [ '0xAC29373CBe03C88Fb078488181F8a0650C58CA08' ]
[0x65D08a056c17Ae13370565B04cF77D2AfA1cB9FA] swapping 0.370284834488067744 WETH for DAI
Nonce calculation debug:
- currentNonce (from getTransactionCount): 18
- nonce.override: 18
- nonce.offset: undefined
- Final nonce value: 36
Sending bundle: [
  '0x02f90176833018242485012a05f2008512a05f2000830249f09471e67695db8bc44aa6bf2014142c42221967ee9880b901040cc7326300000000000000000000000000000000000000000000000000000000000000a000000000000000000000000000000000000000000000000005238418596026a000000000000000000000000085998f6c99833d1127301928248c97b6f168bdad00000000000000000000000065d08a056c17ae13370565b04cf77d2afa1cb9fa0000000000000000000000000000000000000000000000000000000000000000000000000000000000000000000000000000000000000000000000000000000200000000000000000000000024a9da1457f96c2b167d49377a776d302a5c4db3000000000000000000000000ac29373cbe03c88fb078488181f8a0650c58ca08c080a0d8ef471418cfe4d38ad09983ff94d1e96e8bcc8fb813d1134522e847854dbcbea0615e224f41ef7847de707d6778ec2e0e40afd7121bccbaac589e71687a19f9ba'
]
Sending bundle to Prof RPC: http://172.16.4.27:8084
Request payload: {
  "jsonrpc": "2.0",
  "id": 1,
  "method": "eth_sendBundle",
  "params": [
    {
      "txs": [
        "0x02f90176833018242485012a05f2008512a05f2000830249f09471e67695db8bc44aa6bf2014142c42221967ee9880b901040cc7326300000000000000000000000000000000000000000000000000000000000000a000000000000000000000000000000000000000000000000005238418596026a000000000000000000000000085998f6c99833d1127301928248c97b6f168bdad00000000000000000000000065d08a056c17ae13370565b04cf77d2afa1cb9fa0000000000000000000000000000000000000000000000000000000000000000000000000000000000000000000000000000000000000000000000000000000200000000000000000000000024a9da1457f96c2b167d49377a776d302a5c4db3000000000000000000000000ac29373cbe03c88fb078488181f8a0650c58ca08c080a0d8ef471418cfe4d38ad09983ff94d1e96e8bcc8fb813d1134522e847854dbcbea0615e224f41ef7847de707d6778ec2e0e40afd7121bccbaac589e71687a19f9ba"
      ],
      "blockNumber": "0xb"
    }
  ]
}
Trying URL: http://172.16.4.27:8084/eth_sendBundle
Bundle sent successfully. Status: 202
nonceOffset: 19
nonceOffset before: 19
Current transaction count:  18
Generating swaps with params: {
  targetBlockNumber: 11,
  txsPerBundle: 1,
  sendRoute: 3,
  txStrategy: 'univ2',
  profRpcUrl: 'http://172.16.4.27:8084',
  nonceOffset: 19
}
Generating swaps with params: {}
Current nonce for 0x65D08a056c17Ae13370565B04cF77D2AfA1cB9FA: 18
Contract Addresses:
AtomicSwap: 0x71e67695DB8Bc44AA6BF2014142c42221967EE98
UniV2FactoryA: 0x85998F6C99833d1127301928248c97b6F168bDad
UniV2FactoryB: 0xf98265AeA01677961Bff51685B04eE3a6139206F
WETH: 0x24a9Da1457F96C2b167D49377A776d302A5C4dB3
DAI addresses: [ '0xAC29373CBe03C88Fb078488181F8a0650C58CA08' ]
[0x65D08a056c17Ae13370565B04cF77D2AfA1cB9FA] swapping 0.284064665127020785 WETH for DAI
Nonce calculation debug:
- currentNonce (from getTransactionCount): 18
- nonce.override: 19
- nonce.offset: undefined
- Final nonce value: 37
Sending bundle: [
  '0x02f90176833018242585012a05f2008512a05f2000830249f09471e67695db8bc44aa6bf2014142c42221967ee9880b901040cc7326300000000000000000000000000000000000000000000000000000000000000a000000000000000000000000000000000000000000000000003f1334ed222e8f1000000000000000000000000f98265aea01677961bff51685b04ee3a6139206f00000000000000000000000065d08a056c17ae13370565b04cf77d2afa1cb9fa0000000000000000000000000000000000000000000000000000000000000000000000000000000000000000000000000000000000000000000000000000000200000000000000000000000024a9da1457f96c2b167d49377a776d302a5c4db3000000000000000000000000ac29373cbe03c88fb078488181f8a0650c58ca08c001a02b4ec808831977297f72f2d1c863850e089dfff9a441765f57739efa4b0eeedea041c0deffd22a06235dab2565e986baebb6e0744a3dcc294034d87d503c1bba4f'
]
Sending bundle to Prof RPC: http://172.16.4.27:8084
Request payload: {
  "jsonrpc": "2.0",
  "id": 1,
  "method": "eth_sendBundle",
  "params": [
    {
      "txs": [
        "0x02f90176833018242585012a05f2008512a05f2000830249f09471e67695db8bc44aa6bf2014142c42221967ee9880b901040cc7326300000000000000000000000000000000000000000000000000000000000000a000000000000000000000000000000000000000000000000003f1334ed222e8f1000000000000000000000000f98265aea01677961bff51685b04ee3a6139206f00000000000000000000000065d08a056c17ae13370565b04cf77d2afa1cb9fa0000000000000000000000000000000000000000000000000000000000000000000000000000000000000000000000000000000000000000000000000000000200000000000000000000000024a9da1457f96c2b167d49377a776d302a5c4db3000000000000000000000000ac29373cbe03c88fb078488181f8a0650c58ca08c001a02b4ec808831977297f72f2d1c863850e089dfff9a441765f57739efa4b0eeedea041c0deffd22a06235dab2565e986baebb6e0744a3dcc294034d87d503c1bba4f"
      ],
      "blockNumber": "0xb"
    }
  ]
}
Trying URL: http://172.16.4.27:8084/eth_sendBundle
Bundle sent successfully. Status: 202
nonceOffset: 20
nonceOffset before: 20
Current transaction count:  18
Generating swaps with params: {
  targetBlockNumber: 11,
  txsPerBundle: 1,
  sendRoute: 3,
  txStrategy: 'univ2',
  profRpcUrl: 'http://172.16.4.27:8084',
  nonceOffset: 20
}
Generating swaps with params: {}
Current nonce for 0x65D08a056c17Ae13370565B04cF77D2AfA1cB9FA: 18
Contract Addresses:
AtomicSwap: 0x71e67695DB8Bc44AA6BF2014142c42221967EE98
UniV2FactoryA: 0x85998F6C99833d1127301928248c97b6F168bDad
UniV2FactoryB: 0xf98265AeA01677961Bff51685B04eE3a6139206F
WETH: 0x24a9Da1457F96C2b167D49377A776d302A5C4dB3
DAI addresses: [ '0xAC29373CBe03C88Fb078488181F8a0650C58CA08' ]
[0x65D08a056c17Ae13370565B04cF77D2AfA1cB9FA] swapping 0.59399075500770416 WETH for DAI
Nonce calculation debug:
- currentNonce (from getTransactionCount): 18
- nonce.override: 20
- nonce.offset: undefined
- Final nonce value: 38
Sending bundle: [
  '0x02f90176833018242685012a05f2008512a05f2000830249f09471e67695db8bc44aa6bf2014142c42221967ee9880b901040cc7326300000000000000000000000000000000000000000000000000000000000000a0000000000000000000000000000000000000000000000000083e4771d019ac6000000000000000000000000085998f6c99833d1127301928248c97b6f168bdad00000000000000000000000065d08a056c17ae13370565b04cf77d2afa1cb9fa0000000000000000000000000000000000000000000000000000000000000000000000000000000000000000000000000000000000000000000000000000000200000000000000000000000024a9da1457f96c2b167d49377a776d302a5c4db3000000000000000000000000ac29373cbe03c88fb078488181f8a0650c58ca08c080a0f06e758b287ff5f2374baf4cb8a1515b9dc80ce93c0836009140269c7cb63488a035957d6675ab2e0ccc612f7d86eac4e924d2e1698bfbc6dfa645e31c53f74bd0'
]
Sending bundle to Prof RPC: http://172.16.4.27:8084
Request payload: {
  "jsonrpc": "2.0",
  "id": 1,
  "method": "eth_sendBundle",
  "params": [
    {
      "txs": [
        "0x02f90176833018242685012a05f2008512a05f2000830249f09471e67695db8bc44aa6bf2014142c42221967ee9880b901040cc7326300000000000000000000000000000000000000000000000000000000000000a0000000000000000000000000000000000000000000000000083e4771d019ac6000000000000000000000000085998f6c99833d1127301928248c97b6f168bdad00000000000000000000000065d08a056c17ae13370565b04cf77d2afa1cb9fa0000000000000000000000000000000000000000000000000000000000000000000000000000000000000000000000000000000000000000000000000000000200000000000000000000000024a9da1457f96c2b167d49377a776d302a5c4db3000000000000000000000000ac29373cbe03c88fb078488181f8a0650c58ca08c080a0f06e758b287ff5f2374baf4cb8a1515b9dc80ce93c0836009140269c7cb63488a035957d6675ab2e0ccc612f7d86eac4e924d2e1698bfbc6dfa645e31c53f74bd0"
      ],
      "blockNumber": "0xb"
    }
  ]
}
Trying URL: http://172.16.4.27:8084/eth_sendBundle
Bundle sent successfully. Status: 202
nonceOffset: 21
nonceOffset before: 21
Current transaction count:  18
Generating swaps with params: {
  targetBlockNumber: 11,
  txsPerBundle: 1,
  sendRoute: 3,
  txStrategy: 'univ2',
  profRpcUrl: 'http://172.16.4.27:8084',
  nonceOffset: 21
}
Generating swaps with params: {}
Current nonce for 0x65D08a056c17Ae13370565B04cF77D2AfA1cB9FA: 18
Contract Addresses:
AtomicSwap: 0x71e67695DB8Bc44AA6BF2014142c42221967EE98
UniV2FactoryA: 0x85998F6C99833d1127301928248c97b6F168bDad
UniV2FactoryB: 0xf98265AeA01677961Bff51685B04eE3a6139206F
WETH: 0x24a9Da1457F96C2b167D49377A776d302A5C4dB3
DAI addresses: [ '0xAC29373CBe03C88Fb078488181F8a0650C58CA08' ]
[0x65D08a056c17Ae13370565B04cF77D2AfA1cB9FA] swapping 395.0 DAI for WETH
Nonce calculation debug:
- currentNonce (from getTransactionCount): 18
- nonce.override: 21
- nonce.offset: undefined
- Final nonce value: 39
Sending bundle: [
  '0x02f90176833018242785012a05f2008512a05f2000830249f09471e67695db8bc44aa6bf2014142c42221967ee9880b901040cc7326300000000000000000000000000000000000000000000000000000000000000a000000000000000000000000000000000000000000000001569b9e733474c0000000000000000000000000000f98265aea01677961bff51685b04ee3a6139206f00000000000000000000000065d08a056c17ae13370565b04cf77d2afa1cb9fa00000000000000000000000000000000000000000000000000000000000000000000000000000000000000000000000000000000000000000000000000000002000000000000000000000000ac29373cbe03c88fb078488181f8a0650c58ca0800000000000000000000000024a9da1457f96c2b167d49377a776d302a5c4db3c001a0660c3ee2b8de7a94b2431c243f5271fb09baede0dc5990fe8de048a91b3efb28a0462620e4e9ae982b2580b8a649738b00e3ee83fcf1d084010e20936ee3a8a0e2'
]
Sending bundle to Prof RPC: http://172.16.4.27:8084
Request payload: {
  "jsonrpc": "2.0",
  "id": 1,
  "method": "eth_sendBundle",
  "params": [
    {
      "txs": [
        "0x02f90176833018242785012a05f2008512a05f2000830249f09471e67695db8bc44aa6bf2014142c42221967ee9880b901040cc7326300000000000000000000000000000000000000000000000000000000000000a000000000000000000000000000000000000000000000001569b9e733474c0000000000000000000000000000f98265aea01677961bff51685b04ee3a6139206f00000000000000000000000065d08a056c17ae13370565b04cf77d2afa1cb9fa00000000000000000000000000000000000000000000000000000000000000000000000000000000000000000000000000000000000000000000000000000002000000000000000000000000ac29373cbe03c88fb078488181f8a0650c58ca0800000000000000000000000024a9da1457f96c2b167d49377a776d302a5c4db3c001a0660c3ee2b8de7a94b2431c243f5271fb09baede0dc5990fe8de048a91b3efb28a0462620e4e9ae982b2580b8a649738b00e3ee83fcf1d084010e20936ee3a8a0e2"
      ],
      "blockNumber": "0xb"
    }
  ]
}
Trying URL: http://172.16.4.27:8084/eth_sendBundle
Bundle sent successfully. Status: 202
nonceOffset: 22
nonceOffset before: 22
Current transaction count:  18
Generating swaps with params: {
  targetBlockNumber: 11,
  txsPerBundle: 1,
  sendRoute: 3,
  txStrategy: 'univ2',
  profRpcUrl: 'http://172.16.4.27:8084',
  nonceOffset: 22
}
Generating swaps with params: {}
Current nonce for 0x65D08a056c17Ae13370565B04cF77D2AfA1cB9FA: 18
Contract Addresses:
AtomicSwap: 0x71e67695DB8Bc44AA6BF2014142c42221967EE98
UniV2FactoryA: 0x85998F6C99833d1127301928248c97b6F168bDad
UniV2FactoryB: 0xf98265AeA01677961Bff51685B04eE3a6139206F
WETH: 0x24a9Da1457F96C2b167D49377A776d302A5C4dB3
DAI addresses: [ '0xAC29373CBe03C88Fb078488181F8a0650C58CA08' ]
[0x65D08a056c17Ae13370565B04cF77D2AfA1cB9FA] swapping 0.478428351309707241 WETH for DAI
Nonce calculation debug:
- currentNonce (from getTransactionCount): 18
- nonce.override: 22
- nonce.offset: undefined
- Final nonce value: 40
Sending bundle: [
  '0x02f90176833018242885012a05f2008512a05f2000830249f09471e67695db8bc44aa6bf2014142c42221967ee9880b901040cc7326300000000000000000000000000000000000000000000000000000000000000a000000000000000000000000000000000000000000000000006a3b80cfa4a77e9000000000000000000000000f98265aea01677961bff51685b04ee3a6139206f00000000000000000000000065d08a056c17ae13370565b04cf77d2afa1cb9fa0000000000000000000000000000000000000000000000000000000000000000000000000000000000000000000000000000000000000000000000000000000200000000000000000000000024a9da1457f96c2b167d49377a776d302a5c4db3000000000000000000000000ac29373cbe03c88fb078488181f8a0650c58ca08c001a0693951d823271eef5a544878bb2fb4e705dd3e4aac5bba4410ef85d302ac4571a03f007bdb43c763d85a13f126cb0ba6cfe690dfbfdaa400232074d2cd98561603'
]
Sending bundle to Prof RPC: http://172.16.4.27:8084
Request payload: {
  "jsonrpc": "2.0",
  "id": 1,
  "method": "eth_sendBundle",
  "params": [
    {
      "txs": [
        "0x02f90176833018242885012a05f2008512a05f2000830249f09471e67695db8bc44aa6bf2014142c42221967ee9880b901040cc7326300000000000000000000000000000000000000000000000000000000000000a000000000000000000000000000000000000000000000000006a3b80cfa4a77e9000000000000000000000000f98265aea01677961bff51685b04ee3a6139206f00000000000000000000000065d08a056c17ae13370565b04cf77d2afa1cb9fa0000000000000000000000000000000000000000000000000000000000000000000000000000000000000000000000000000000000000000000000000000000200000000000000000000000024a9da1457f96c2b167d49377a776d302a5c4db3000000000000000000000000ac29373cbe03c88fb078488181f8a0650c58ca08c001a0693951d823271eef5a544878bb2fb4e705dd3e4aac5bba4410ef85d302ac4571a03f007bdb43c763d85a13f126cb0ba6cfe690dfbfdaa400232074d2cd98561603"
      ],
      "blockNumber": "0xb"
    }
  ]
}
Trying URL: http://172.16.4.27:8084/eth_sendBundle
Bundle sent successfully. Status: 202
nonceOffset: 23
nonceOffset before: 23
Current transaction count:  18
Generating swaps with params: {
  targetBlockNumber: 11,
  txsPerBundle: 1,
  sendRoute: 3,
  txStrategy: 'univ2',
  profRpcUrl: 'http://172.16.4.27:8084',
  nonceOffset: 23
}
Generating swaps with params: {}
Current nonce for 0x65D08a056c17Ae13370565B04cF77D2AfA1cB9FA: 18
Contract Addresses:
AtomicSwap: 0x71e67695DB8Bc44AA6BF2014142c42221967EE98
UniV2FactoryA: 0x85998F6C99833d1127301928248c97b6F168bDad
UniV2FactoryB: 0xf98265AeA01677961Bff51685B04eE3a6139206F
WETH: 0x24a9Da1457F96C2b167D49377A776d302A5C4dB3
DAI addresses: [ '0xAC29373CBe03C88Fb078488181F8a0650C58CA08' ]
[0x65D08a056c17Ae13370565B04cF77D2AfA1cB9FA] swapping 0.304849884526558891 WETH for DAI
Nonce calculation debug:
- currentNonce (from getTransactionCount): 18
- nonce.override: 23
- nonce.offset: undefined
- Final nonce value: 41
Sending bundle: [
  '0x02f90176833018242985012a05f2008512a05f2000830249f09471e67695db8bc44aa6bf2014142c42221967ee9880b901040cc7326300000000000000000000000000000000000000000000000000000000000000a0000000000000000000000000000000000000000000000000043b0b5ad5063eab000000000000000000000000f98265aea01677961bff51685b04ee3a6139206f00000000000000000000000065d08a056c17ae13370565b04cf77d2afa1cb9fa0000000000000000000000000000000000000000000000000000000000000000000000000000000000000000000000000000000000000000000000000000000200000000000000000000000024a9da1457f96c2b167d49377a776d302a5c4db3000000000000000000000000ac29373cbe03c88fb078488181f8a0650c58ca08c001a08ac9ab7c7be15b8ec7a07245d1c78ca053c00343a433afc078872b4d753cde77a03444661ab402905d9cf417e08927543a771b236e5cdbf5374a88b53c79eaddb0'
]
Sending bundle to Prof RPC: http://172.16.4.27:8084
Request payload: {
  "jsonrpc": "2.0",
  "id": 1,
  "method": "eth_sendBundle",
  "params": [
    {
      "txs": [
        "0x02f90176833018242985012a05f2008512a05f2000830249f09471e67695db8bc44aa6bf2014142c42221967ee9880b901040cc7326300000000000000000000000000000000000000000000000000000000000000a0000000000000000000000000000000000000000000000000043b0b5ad5063eab000000000000000000000000f98265aea01677961bff51685b04ee3a6139206f00000000000000000000000065d08a056c17ae13370565b04cf77d2afa1cb9fa0000000000000000000000000000000000000000000000000000000000000000000000000000000000000000000000000000000000000000000000000000000200000000000000000000000024a9da1457f96c2b167d49377a776d302a5c4db3000000000000000000000000ac29373cbe03c88fb078488181f8a0650c58ca08c001a08ac9ab7c7be15b8ec7a07245d1c78ca053c00343a433afc078872b4d753cde77a03444661ab402905d9cf417e08927543a771b236e5cdbf5374a88b53c79eaddb0"
      ],
      "blockNumber": "0xb"
    }
  ]
}
Trying URL: http://172.16.4.27:8084/eth_sendBundle
Bundle sent successfully. Status: 202
nonceOffset: 24
nonceOffset before: 24
Current transaction count:  18
Generating swaps with params: {
  targetBlockNumber: 11,
  txsPerBundle: 1,
  sendRoute: 3,
  txStrategy: 'univ2',
  profRpcUrl: 'http://172.16.4.27:8084',
  nonceOffset: 24
}
Generating swaps with params: {}
Current nonce for 0x65D08a056c17Ae13370565B04cF77D2AfA1cB9FA: 18
Contract Addresses:
AtomicSwap: 0x71e67695DB8Bc44AA6BF2014142c42221967EE98
UniV2FactoryA: 0x85998F6C99833d1127301928248c97b6F168bDad
UniV2FactoryB: 0xf98265AeA01677961Bff51685B04eE3a6139206F
WETH: 0x24a9Da1457F96C2b167D49377A776d302A5C4dB3
DAI addresses: [ '0xAC29373CBe03C88Fb078488181F8a0650C58CA08' ]
[0x65D08a056c17Ae13370565B04cF77D2AfA1cB9FA] swapping 0.845797995373939861 WETH for DAI
Nonce calculation debug:
- currentNonce (from getTransactionCount): 18
- nonce.override: 24
- nonce.offset: undefined
- Final nonce value: 42
Sending bundle: [
  '0x02f90176833018242a85012a05f2008512a05f2000830249f09471e67695db8bc44aa6bf2014142c42221967ee9880b901040cc7326300000000000000000000000000000000000000000000000000000000000000a00000000000000000000000000000000000000000000000000bbce0cbaa004c9500000000000000000000000085998f6c99833d1127301928248c97b6f168bdad00000000000000000000000065d08a056c17ae13370565b04cf77d2afa1cb9fa0000000000000000000000000000000000000000000000000000000000000000000000000000000000000000000000000000000000000000000000000000000200000000000000000000000024a9da1457f96c2b167d49377a776d302a5c4db3000000000000000000000000ac29373cbe03c88fb078488181f8a0650c58ca08c001a0f10c7c1451b12a907743b95e8331be49605e796d1678570d7c6461d12e885ef9a0084e8c560d939ec9a1f22241bda93fa3ad63736873124bdf43486404a0834df0'
]
Sending bundle to Prof RPC: http://172.16.4.27:8084
Request payload: {
  "jsonrpc": "2.0",
  "id": 1,
  "method": "eth_sendBundle",
  "params": [
    {
      "txs": [
        "0x02f90176833018242a85012a05f2008512a05f2000830249f09471e67695db8bc44aa6bf2014142c42221967ee9880b901040cc7326300000000000000000000000000000000000000000000000000000000000000a00000000000000000000000000000000000000000000000000bbce0cbaa004c9500000000000000000000000085998f6c99833d1127301928248c97b6f168bdad00000000000000000000000065d08a056c17ae13370565b04cf77d2afa1cb9fa0000000000000000000000000000000000000000000000000000000000000000000000000000000000000000000000000000000000000000000000000000000200000000000000000000000024a9da1457f96c2b167d49377a776d302a5c4db3000000000000000000000000ac29373cbe03c88fb078488181f8a0650c58ca08c001a0f10c7c1451b12a907743b95e8331be49605e796d1678570d7c6461d12e885ef9a0084e8c560d939ec9a1f22241bda93fa3ad63736873124bdf43486404a0834df0"
      ],
      "blockNumber": "0xb"
    }
  ]
}
Trying URL: http://172.16.4.27:8084/eth_sendBundle
Bundle sent successfully. Status: 202
nonceOffset: 25
nonceOffset before: 25
Current transaction count:  18
Generating swaps with params: {
  targetBlockNumber: 11,
  txsPerBundle: 1,
  sendRoute: 3,
  txStrategy: 'univ2',
  profRpcUrl: 'http://172.16.4.27:8084',
  nonceOffset: 25
}
Generating swaps with params: {}
Current nonce for 0x65D08a056c17Ae13370565B04cF77D2AfA1cB9FA: 18
Contract Addresses:
AtomicSwap: 0x71e67695DB8Bc44AA6BF2014142c42221967EE98
UniV2FactoryA: 0x85998F6C99833d1127301928248c97b6F168bDad
UniV2FactoryB: 0xf98265AeA01677961Bff51685B04eE3a6139206F
WETH: 0x24a9Da1457F96C2b167D49377A776d302A5C4dB3
DAI addresses: [ '0xAC29373CBe03C88Fb078488181F8a0650C58CA08' ]
[0x65D08a056c17Ae13370565B04cF77D2AfA1cB9FA] swapping 0.814186584425597532 WETH for DAI
Nonce calculation debug:
- currentNonce (from getTransactionCount): 18
- nonce.override: 25
- nonce.offset: undefined
- Final nonce value: 43
Sending bundle: [
  '0x02f90176833018242b85012a05f2008512a05f2000830249f09471e67695db8bc44aa6bf2014142c42221967ee9880b901040cc7326300000000000000000000000000000000000000000000000000000000000000a00000000000000000000000000000000000000000000000000b4c926281938a5c00000000000000000000000085998f6c99833d1127301928248c97b6f168bdad00000000000000000000000065d08a056c17ae13370565b04cf77d2afa1cb9fa0000000000000000000000000000000000000000000000000000000000000000000000000000000000000000000000000000000000000000000000000000000200000000000000000000000024a9da1457f96c2b167d49377a776d302a5c4db3000000000000000000000000ac29373cbe03c88fb078488181f8a0650c58ca08c080a0c1886594b647ddf1f08852f44372b088ef1f88b2cff143c1778067c5f2dd8355a0282c15da269f24996ef8f2993a5b30ab9721a37287c45967cdb34a70f58cb7e6'
]
Sending bundle to Prof RPC: http://172.16.4.27:8084
Request payload: {
  "jsonrpc": "2.0",
  "id": 1,
  "method": "eth_sendBundle",
  "params": [
    {
      "txs": [
        "0x02f90176833018242b85012a05f2008512a05f2000830249f09471e67695db8bc44aa6bf2014142c42221967ee9880b901040cc7326300000000000000000000000000000000000000000000000000000000000000a00000000000000000000000000000000000000000000000000b4c926281938a5c00000000000000000000000085998f6c99833d1127301928248c97b6f168bdad00000000000000000000000065d08a056c17ae13370565b04cf77d2afa1cb9fa0000000000000000000000000000000000000000000000000000000000000000000000000000000000000000000000000000000000000000000000000000000200000000000000000000000024a9da1457f96c2b167d49377a776d302a5c4db3000000000000000000000000ac29373cbe03c88fb078488181f8a0650c58ca08c080a0c1886594b647ddf1f08852f44372b088ef1f88b2cff143c1778067c5f2dd8355a0282c15da269f24996ef8f2993a5b30ab9721a37287c45967cdb34a70f58cb7e6"
      ],
      "blockNumber": "0xb"
    }
  ]
}
Trying URL: http://172.16.4.27:8084/eth_sendBundle
Bundle sent successfully. Status: 202
nonceOffset: 26
nonceOffset before: 26
Current transaction count:  18
Generating swaps with params: {
  targetBlockNumber: 11,
  txsPerBundle: 1,
  sendRoute: 3,
  txStrategy: 'univ2',
  profRpcUrl: 'http://172.16.4.27:8084',
  nonceOffset: 26
}
Generating swaps with params: {}
Current nonce for 0x65D08a056c17Ae13370565B04cF77D2AfA1cB9FA: 18
Contract Addresses:
AtomicSwap: 0x71e67695DB8Bc44AA6BF2014142c42221967EE98
UniV2FactoryA: 0x85998F6C99833d1127301928248c97b6F168bDad
UniV2FactoryB: 0xf98265AeA01677961Bff51685B04eE3a6139206F
WETH: 0x24a9Da1457F96C2b167D49377A776d302A5C4dB3
DAI addresses: [ '0xAC29373CBe03C88Fb078488181F8a0650C58CA08' ]
[0x65D08a056c17Ae13370565B04cF77D2AfA1cB9FA] swapping 883.0 DAI for WETH
Nonce calculation debug:
- currentNonce (from getTransactionCount): 18
- nonce.override: 26
- nonce.offset: undefined
- Final nonce value: 44
Sending bundle: [
  '0x02f90176833018242c85012a05f2008512a05f2000830249f09471e67695db8bc44aa6bf2014142c42221967ee9880b901040cc7326300000000000000000000000000000000000000000000000000000000000000a000000000000000000000000000000000000000000000002fde162daa5dec0000000000000000000000000000f98265aea01677961bff51685b04ee3a6139206f00000000000000000000000065d08a056c17ae13370565b04cf77d2afa1cb9fa00000000000000000000000000000000000000000000000000000000000000000000000000000000000000000000000000000000000000000000000000000002000000000000000000000000ac29373cbe03c88fb078488181f8a0650c58ca0800000000000000000000000024a9da1457f96c2b167d49377a776d302a5c4db3c080a035e67d3ed910d84ba99097927a6deea87b5ec5ba8c3efaacfaa8c49aaefabee9a07017f5719f4cbd81b806ce5fdb2240dd22ad261267ca30b61b1bc556c0c0b893'
]
Sending bundle to Prof RPC: http://172.16.4.27:8084
Request payload: {
  "jsonrpc": "2.0",
  "id": 1,
  "method": "eth_sendBundle",
  "params": [
    {
      "txs": [
        "0x02f90176833018242c85012a05f2008512a05f2000830249f09471e67695db8bc44aa6bf2014142c42221967ee9880b901040cc7326300000000000000000000000000000000000000000000000000000000000000a000000000000000000000000000000000000000000000002fde162daa5dec0000000000000000000000000000f98265aea01677961bff51685b04ee3a6139206f00000000000000000000000065d08a056c17ae13370565b04cf77d2afa1cb9fa00000000000000000000000000000000000000000000000000000000000000000000000000000000000000000000000000000000000000000000000000000002000000000000000000000000ac29373cbe03c88fb078488181f8a0650c58ca0800000000000000000000000024a9da1457f96c2b167d49377a776d302a5c4db3c080a035e67d3ed910d84ba99097927a6deea87b5ec5ba8c3efaacfaa8c49aaefabee9a07017f5719f4cbd81b806ce5fdb2240dd22ad261267ca30b61b1bc556c0c0b893"
      ],
      "blockNumber": "0xb"
    }
  ]
}
Trying URL: http://172.16.4.27:8084/eth_sendBundle
Bundle sent successfully. Status: 202
nonceOffset: 27
nonceOffset before: 27
Current transaction count:  18
Generating swaps with params: {
  targetBlockNumber: 11,
  txsPerBundle: 1,
  sendRoute: 3,
  txStrategy: 'univ2',
  profRpcUrl: 'http://172.16.4.27:8084',
  nonceOffset: 27
}
Generating swaps with params: {}
Current nonce for 0x65D08a056c17Ae13370565B04cF77D2AfA1cB9FA: 18
Contract Addresses:
AtomicSwap: 0x71e67695DB8Bc44AA6BF2014142c42221967EE98
UniV2FactoryA: 0x85998F6C99833d1127301928248c97b6F168bDad
UniV2FactoryB: 0xf98265AeA01677961Bff51685B04eE3a6139206F
WETH: 0x24a9Da1457F96C2b167D49377A776d302A5C4dB3
DAI addresses: [ '0xAC29373CBe03C88Fb078488181F8a0650C58CA08' ]
[0x65D08a056c17Ae13370565B04cF77D2AfA1cB9FA] swapping 0.410631741140215716 WETH for DAI
Nonce calculation debug:
- currentNonce (from getTransactionCount): 18
- nonce.override: 27
- nonce.offset: undefined
- Final nonce value: 45
Sending bundle: [
  '0x02f90176833018242d85012a05f2008512a05f2000830249f09471e67695db8bc44aa6bf2014142c42221967ee9880b901040cc7326300000000000000000000000000000000000000000000000000000000000000a000000000000000000000000000000000000000000000000005b2db649829a7a4000000000000000000000000f98265aea01677961bff51685b04ee3a6139206f00000000000000000000000065d08a056c17ae13370565b04cf77d2afa1cb9fa0000000000000000000000000000000000000000000000000000000000000000000000000000000000000000000000000000000000000000000000000000000200000000000000000000000024a9da1457f96c2b167d49377a776d302a5c4db3000000000000000000000000ac29373cbe03c88fb078488181f8a0650c58ca08c080a0a1ff6864e7aad353af08c957a6af70feb80e072fbeadbe0ced90542190cdbcdba0740f71098d0a7b07692b27693f4ed1031462989aefb14cb84ee90aa2ee1067be'
]
Sending bundle to Prof RPC: http://172.16.4.27:8084
Request payload: {
  "jsonrpc": "2.0",
  "id": 1,
  "method": "eth_sendBundle",
  "params": [
    {
      "txs": [
        "0x02f90176833018242d85012a05f2008512a05f2000830249f09471e67695db8bc44aa6bf2014142c42221967ee9880b901040cc7326300000000000000000000000000000000000000000000000000000000000000a000000000000000000000000000000000000000000000000005b2db649829a7a4000000000000000000000000f98265aea01677961bff51685b04ee3a6139206f00000000000000000000000065d08a056c17ae13370565b04cf77d2afa1cb9fa0000000000000000000000000000000000000000000000000000000000000000000000000000000000000000000000000000000000000000000000000000000200000000000000000000000024a9da1457f96c2b167d49377a776d302a5c4db3000000000000000000000000ac29373cbe03c88fb078488181f8a0650c58ca08c080a0a1ff6864e7aad353af08c957a6af70feb80e072fbeadbe0ced90542190cdbcdba0740f71098d0a7b07692b27693f4ed1031462989aefb14cb84ee90aa2ee1067be"
      ],
      "blockNumber": "0xb"
    }
  ]
}
Trying URL: http://172.16.4.27:8084/eth_sendBundle
Bundle sent successfully. Status: 202
nonceOffset: 28
nonceOffset before: 28
Current transaction count:  18
Generating swaps with params: {
  targetBlockNumber: 11,
  txsPerBundle: 1,
  sendRoute: 3,
  txStrategy: 'univ2',
  profRpcUrl: 'http://172.16.4.27:8084',
  nonceOffset: 28
}
Generating swaps with params: {}
Current nonce for 0x65D08a056c17Ae13370565B04cF77D2AfA1cB9FA: 18
Contract Addresses:
AtomicSwap: 0x71e67695DB8Bc44AA6BF2014142c42221967EE98
UniV2FactoryA: 0x85998F6C99833d1127301928248c97b6F168bDad
UniV2FactoryB: 0xf98265AeA01677961Bff51685B04eE3a6139206F
WETH: 0x24a9Da1457F96C2b167D49377A776d302A5C4dB3
DAI addresses: [ '0xAC29373CBe03C88Fb078488181F8a0650C58CA08' ]
[0x65D08a056c17Ae13370565B04cF77D2AfA1cB9FA] swapping 0.814957594448727833 WETH for DAI
Nonce calculation debug:
- currentNonce (from getTransactionCount): 18
- nonce.override: 28
- nonce.offset: undefined
- Final nonce value: 46
Sending bundle: [
  '0x02f90176833018242e85012a05f2008512a05f2000830249f09471e67695db8bc44aa6bf2014142c42221967ee9880b901040cc7326300000000000000000000000000000000000000000000000000000000000000a00000000000000000000000000000000000000000000000000b4f4f9d441f8f19000000000000000000000000f98265aea01677961bff51685b04ee3a6139206f00000000000000000000000065d08a056c17ae13370565b04cf77d2afa1cb9fa0000000000000000000000000000000000000000000000000000000000000000000000000000000000000000000000000000000000000000000000000000000200000000000000000000000024a9da1457f96c2b167d49377a776d302a5c4db3000000000000000000000000ac29373cbe03c88fb078488181f8a0650c58ca08c001a0adb92e128642c82712d671a3e1fb6b3dd73759d81f660c337c62b4386a31624da037629c57315f33ac5b2085c6384b9ab4ccf3457f3b7884eedcabed44e04cb611'
]
Sending bundle to Prof RPC: http://172.16.4.27:8084
Request payload: {
  "jsonrpc": "2.0",
  "id": 1,
  "method": "eth_sendBundle",
  "params": [
    {
      "txs": [
        "0x02f90176833018242e85012a05f2008512a05f2000830249f09471e67695db8bc44aa6bf2014142c42221967ee9880b901040cc7326300000000000000000000000000000000000000000000000000000000000000a00000000000000000000000000000000000000000000000000b4f4f9d441f8f19000000000000000000000000f98265aea01677961bff51685b04ee3a6139206f00000000000000000000000065d08a056c17ae13370565b04cf77d2afa1cb9fa0000000000000000000000000000000000000000000000000000000000000000000000000000000000000000000000000000000000000000000000000000000200000000000000000000000024a9da1457f96c2b167d49377a776d302a5c4db3000000000000000000000000ac29373cbe03c88fb078488181f8a0650c58ca08c001a0adb92e128642c82712d671a3e1fb6b3dd73759d81f660c337c62b4386a31624da037629c57315f33ac5b2085c6384b9ab4ccf3457f3b7884eedcabed44e04cb611"
      ],
      "blockNumber": "0xb"
    }
  ]
}
Trying URL: http://172.16.4.27:8084/eth_sendBundle
Bundle sent successfully. Status: 202
nonceOffset: 29
nonceOffset before: 29
Current transaction count:  18
Generating swaps with params: {
  targetBlockNumber: 11,
  txsPerBundle: 1,
  sendRoute: 3,
  txStrategy: 'univ2',
  profRpcUrl: 'http://172.16.4.27:8084',
  nonceOffset: 29
}
Generating swaps with params: {}
Current nonce for 0x65D08a056c17Ae13370565B04cF77D2AfA1cB9FA: 18
Contract Addresses:
AtomicSwap: 0x71e67695DB8Bc44AA6BF2014142c42221967EE98
UniV2FactoryA: 0x85998F6C99833d1127301928248c97b6F168bDad
UniV2FactoryB: 0xf98265AeA01677961Bff51685B04eE3a6139206F
WETH: 0x24a9Da1457F96C2b167D49377A776d302A5C4dB3
DAI addresses: [ '0xAC29373CBe03C88Fb078488181F8a0650C58CA08' ]
[0x65D08a056c17Ae13370565B04cF77D2AfA1cB9FA] swapping 659.0 DAI for WETH
Nonce calculation debug:
- currentNonce (from getTransactionCount): 18
- nonce.override: 29
- nonce.offset: undefined
- Final nonce value: 47
Sending bundle: [
  '0x02f90176833018242f85012a05f2008512a05f2000830249f09471e67695db8bc44aa6bf2014142c42221967ee9880b901040cc7326300000000000000000000000000000000000000000000000000000000000000a0000000000000000000000000000000000000000000000023b9765077e66c0000000000000000000000000000f98265aea01677961bff51685b04ee3a6139206f00000000000000000000000065d08a056c17ae13370565b04cf77d2afa1cb9fa00000000000000000000000000000000000000000000000000000000000000000000000000000000000000000000000000000000000000000000000000000002000000000000000000000000ac29373cbe03c88fb078488181f8a0650c58ca0800000000000000000000000024a9da1457f96c2b167d49377a776d302a5c4db3c001a0d483dd6bba4936edc1f988c1fbee619ec38291998db96e057a1aa86018d6d52ba0388d2c56a082ee62014a9b390f9a73ae6f7c0f3f368a72032ba9f53a14eddebd'
]
Sending bundle to Prof RPC: http://172.16.4.27:8084
Request payload: {
  "jsonrpc": "2.0",
  "id": 1,
  "method": "eth_sendBundle",
  "params": [
    {
      "txs": [
        "0x02f90176833018242f85012a05f2008512a05f2000830249f09471e67695db8bc44aa6bf2014142c42221967ee9880b901040cc7326300000000000000000000000000000000000000000000000000000000000000a0000000000000000000000000000000000000000000000023b9765077e66c0000000000000000000000000000f98265aea01677961bff51685b04ee3a6139206f00000000000000000000000065d08a056c17ae13370565b04cf77d2afa1cb9fa00000000000000000000000000000000000000000000000000000000000000000000000000000000000000000000000000000000000000000000000000000002000000000000000000000000ac29373cbe03c88fb078488181f8a0650c58ca0800000000000000000000000024a9da1457f96c2b167d49377a776d302a5c4db3c001a0d483dd6bba4936edc1f988c1fbee619ec38291998db96e057a1aa86018d6d52ba0388d2c56a082ee62014a9b390f9a73ae6f7c0f3f368a72032ba9f53a14eddebd"
      ],
      "blockNumber": "0xb"
    }
  ]
}
Trying URL: http://172.16.4.27:8084/eth_sendBundle
Bundle sent successfully. Status: 202
nonceOffset: 30
nonceOffset before: 30
Current transaction count:  18
Generating swaps with params: {
  targetBlockNumber: 11,
  txsPerBundle: 1,
  sendRoute: 3,
  txStrategy: 'univ2',
  profRpcUrl: 'http://172.16.4.27:8084',
  nonceOffset: 30
}
Generating swaps with params: {}
Current nonce for 0x65D08a056c17Ae13370565B04cF77D2AfA1cB9FA: 18
Contract Addresses:
AtomicSwap: 0x71e67695DB8Bc44AA6BF2014142c42221967EE98
UniV2FactoryA: 0x85998F6C99833d1127301928248c97b6F168bDad
UniV2FactoryB: 0xf98265AeA01677961Bff51685B04eE3a6139206F
WETH: 0x24a9Da1457F96C2b167D49377A776d302A5C4dB3
DAI addresses: [ '0xAC29373CBe03C88Fb078488181F8a0650C58CA08' ]
[0x65D08a056c17Ae13370565B04cF77D2AfA1cB9FA] swapping 0.336412625096227867 WETH for DAI
Nonce calculation debug:
- currentNonce (from getTransactionCount): 18
- nonce.override: 30
- nonce.offset: undefined
- Final nonce value: 48
Sending bundle: [
  '0x02f90176833018243085012a05f2008512a05f2000830249f09471e67695db8bc44aa6bf2014142c42221967ee9880b901040cc7326300000000000000000000000000000000000000000000000000000000000000a000000000000000000000000000000000000000000000000004ab2d8008d13c1b000000000000000000000000f98265aea01677961bff51685b04ee3a6139206f00000000000000000000000065d08a056c17ae13370565b04cf77d2afa1cb9fa0000000000000000000000000000000000000000000000000000000000000000000000000000000000000000000000000000000000000000000000000000000200000000000000000000000024a9da1457f96c2b167d49377a776d302a5c4db3000000000000000000000000ac29373cbe03c88fb078488181f8a0650c58ca08c001a0c9f4404431cf725d1363a1e2d599439429004f5f9c180cde2a9cb01e3a610e31a01ae3ecbc19246207e8c3e94cb38e029124110cb0d3c106ce11a3daad1ede5ed0'
]
Sending bundle to Prof RPC: http://172.16.4.27:8084
Request payload: {
  "jsonrpc": "2.0",
  "id": 1,
  "method": "eth_sendBundle",
  "params": [
    {
      "txs": [
        "0x02f90176833018243085012a05f2008512a05f2000830249f09471e67695db8bc44aa6bf2014142c42221967ee9880b901040cc7326300000000000000000000000000000000000000000000000000000000000000a000000000000000000000000000000000000000000000000004ab2d8008d13c1b000000000000000000000000f98265aea01677961bff51685b04ee3a6139206f00000000000000000000000065d08a056c17ae13370565b04cf77d2afa1cb9fa0000000000000000000000000000000000000000000000000000000000000000000000000000000000000000000000000000000000000000000000000000000200000000000000000000000024a9da1457f96c2b167d49377a776d302a5c4db3000000000000000000000000ac29373cbe03c88fb078488181f8a0650c58ca08c001a0c9f4404431cf725d1363a1e2d599439429004f5f9c180cde2a9cb01e3a610e31a01ae3ecbc19246207e8c3e94cb38e029124110cb0d3c106ce11a3daad1ede5ed0"
      ],
      "blockNumber": "0xb"
    }
  ]
}
Trying URL: http://172.16.4.27:8084/eth_sendBundle
Bundle sent successfully. Status: 202
nonceOffset: 31
nonceOffset before: 31
Current transaction count:  18
Generating swaps with params: {
  targetBlockNumber: 11,
  txsPerBundle: 1,
  sendRoute: 3,
  txStrategy: 'univ2',
  profRpcUrl: 'http://172.16.4.27:8084',
  nonceOffset: 31
}
Generating swaps with params: {}
Current nonce for 0x65D08a056c17Ae13370565B04cF77D2AfA1cB9FA: 18
Contract Addresses:
AtomicSwap: 0x71e67695DB8Bc44AA6BF2014142c42221967EE98
UniV2FactoryA: 0x85998F6C99833d1127301928248c97b6F168bDad
UniV2FactoryB: 0xf98265AeA01677961Bff51685B04eE3a6139206F
WETH: 0x24a9Da1457F96C2b167D49377A776d302A5C4dB3
DAI addresses: [ '0xAC29373CBe03C88Fb078488181F8a0650C58CA08' ]
[0x65D08a056c17Ae13370565B04cF77D2AfA1cB9FA] swapping 709.0 DAI for WETH
Nonce calculation debug:
- currentNonce (from getTransactionCount): 18
- nonce.override: 31
- nonce.offset: undefined
- Final nonce value: 49
Sending bundle: [
  '0x02f90176833018243185012a05f2008512a05f2000830249f09471e67695db8bc44aa6bf2014142c42221967ee9880b901040cc7326300000000000000000000000000000000000000000000000000000000000000a00000000000000000000000000000000000000000000000266f59ff8e97f4000000000000000000000000000085998f6c99833d1127301928248c97b6f168bdad00000000000000000000000065d08a056c17ae13370565b04cf77d2afa1cb9fa00000000000000000000000000000000000000000000000000000000000000000000000000000000000000000000000000000000000000000000000000000002000000000000000000000000ac29373cbe03c88fb078488181f8a0650c58ca0800000000000000000000000024a9da1457f96c2b167d49377a776d302a5c4db3c080a04c37041bba9cbd410adb8df3ead8a15e362c1043ad8cc34b780aecebc89aab49a0420df8cb08d37a74abc683911f51261a48f587b84197fa63186b015c8188d45b'
]
Sending bundle to Prof RPC: http://172.16.4.27:8084
Request payload: {
  "jsonrpc": "2.0",
  "id": 1,
  "method": "eth_sendBundle",
  "params": [
    {
      "txs": [
        "0x02f90176833018243185012a05f2008512a05f2000830249f09471e67695db8bc44aa6bf2014142c42221967ee9880b901040cc7326300000000000000000000000000000000000000000000000000000000000000a00000000000000000000000000000000000000000000000266f59ff8e97f4000000000000000000000000000085998f6c99833d1127301928248c97b6f168bdad00000000000000000000000065d08a056c17ae13370565b04cf77d2afa1cb9fa00000000000000000000000000000000000000000000000000000000000000000000000000000000000000000000000000000000000000000000000000000002000000000000000000000000ac29373cbe03c88fb078488181f8a0650c58ca0800000000000000000000000024a9da1457f96c2b167d49377a776d302a5c4db3c080a04c37041bba9cbd410adb8df3ead8a15e362c1043ad8cc34b780aecebc89aab49a0420df8cb08d37a74abc683911f51261a48f587b84197fa63186b015c8188d45b"
      ],
      "blockNumber": "0xb"
    }
  ]
}
Trying URL: http://172.16.4.27:8084/eth_sendBundle
Bundle sent successfully. Status: 202
nonceOffset: 32
nonceOffset before: 32
Current transaction count:  18
Generating swaps with params: {
  targetBlockNumber: 11,
  txsPerBundle: 1,
  sendRoute: 3,
  txStrategy: 'univ2',
  profRpcUrl: 'http://172.16.4.27:8084',
  nonceOffset: 32
}
Generating swaps with params: {}
Current nonce for 0x65D08a056c17Ae13370565B04cF77D2AfA1cB9FA: 18
Contract Addresses:
AtomicSwap: 0x71e67695DB8Bc44AA6BF2014142c42221967EE98
UniV2FactoryA: 0x85998F6C99833d1127301928248c97b6F168bDad
UniV2FactoryB: 0xf98265AeA01677961Bff51685B04eE3a6139206F
WETH: 0x24a9Da1457F96C2b167D49377A776d302A5C4dB3
DAI addresses: [ '0xAC29373CBe03C88Fb078488181F8a0650C58CA08' ]
[0x65D08a056c17Ae13370565B04cF77D2AfA1cB9FA] swapping 524.0 DAI for WETH
Nonce calculation debug:
- currentNonce (from getTransactionCount): 18
- nonce.override: 32
- nonce.offset: undefined
- Final nonce value: 50
Sending bundle: [
  '0x02f90176833018243285012a05f2008512a05f2000830249f09471e67695db8bc44aa6bf2014142c42221967ee9880b901040cc7326300000000000000000000000000000000000000000000000000000000000000a000000000000000000000000000000000000000000000001c67f5f7baa0b0000000000000000000000000000085998f6c99833d1127301928248c97b6f168bdad00000000000000000000000065d08a056c17ae13370565b04cf77d2afa1cb9fa00000000000000000000000000000000000000000000000000000000000000000000000000000000000000000000000000000000000000000000000000000002000000000000000000000000ac29373cbe03c88fb078488181f8a0650c58ca0800000000000000000000000024a9da1457f96c2b167d49377a776d302a5c4db3c080a047871c8196cd732bae59db57704cc087dbe269fa8d8dfe1a7418528632f01d7ca0616618ede32735e0bcf2a5a45772fb1da5fe64dc1442cb938c4f26e0cf5f2be8'
]
Sending bundle to Prof RPC: http://172.16.4.27:8084
Request payload: {
  "jsonrpc": "2.0",
  "id": 1,
  "method": "eth_sendBundle",
  "params": [
    {
      "txs": [
        "0x02f90176833018243285012a05f2008512a05f2000830249f09471e67695db8bc44aa6bf2014142c42221967ee9880b901040cc7326300000000000000000000000000000000000000000000000000000000000000a000000000000000000000000000000000000000000000001c67f5f7baa0b0000000000000000000000000000085998f6c99833d1127301928248c97b6f168bdad00000000000000000000000065d08a056c17ae13370565b04cf77d2afa1cb9fa00000000000000000000000000000000000000000000000000000000000000000000000000000000000000000000000000000000000000000000000000000002000000000000000000000000ac29373cbe03c88fb078488181f8a0650c58ca0800000000000000000000000024a9da1457f96c2b167d49377a776d302a5c4db3c080a047871c8196cd732bae59db57704cc087dbe269fa8d8dfe1a7418528632f01d7ca0616618ede32735e0bcf2a5a45772fb1da5fe64dc1442cb938c4f26e0cf5f2be8"
      ],
      "blockNumber": "0xb"
    }
  ]
}
Trying URL: http://172.16.4.27:8084/eth_sendBundle
Bundle sent successfully. Status: 202
nonceOffset: 33
nonceOffset before: 33
Current transaction count:  18
Generating swaps with params: {
  targetBlockNumber: 11,
  txsPerBundle: 1,
  sendRoute: 3,
  txStrategy: 'univ2',
  profRpcUrl: 'http://172.16.4.27:8084',
  nonceOffset: 33
}
Generating swaps with params: {}
Current nonce for 0x65D08a056c17Ae13370565B04cF77D2AfA1cB9FA: 18
Contract Addresses:
AtomicSwap: 0x71e67695DB8Bc44AA6BF2014142c42221967EE98
UniV2FactoryA: 0x85998F6C99833d1127301928248c97b6F168bDad
UniV2FactoryB: 0xf98265AeA01677961Bff51685B04eE3a6139206F
WETH: 0x24a9Da1457F96C2b167D49377A776d302A5C4dB3
DAI addresses: [ '0xAC29373CBe03C88Fb078488181F8a0650C58CA08' ]
[0x65D08a056c17Ae13370565B04cF77D2AfA1cB9FA] swapping 457.0 DAI for WETH
Nonce calculation debug:
- currentNonce (from getTransactionCount): 18
- nonce.override: 33
- nonce.offset: undefined
- Final nonce value: 51
Sending bundle: [
  '0x02f90176833018243385012a05f2008512a05f2000830249f09471e67695db8bc44aa6bf2014142c42221967ee9880b901040cc7326300000000000000000000000000000000000000000000000000000000000000a0000000000000000000000000000000000000000000000018c62626b5d1840000000000000000000000000000f98265aea01677961bff51685b04ee3a6139206f00000000000000000000000065d08a056c17ae13370565b04cf77d2afa1cb9fa00000000000000000000000000000000000000000000000000000000000000000000000000000000000000000000000000000000000000000000000000000002000000000000000000000000ac29373cbe03c88fb078488181f8a0650c58ca0800000000000000000000000024a9da1457f96c2b167d49377a776d302a5c4db3c080a0f079b8b969213ee448ec000d838f33557415758df5b255f3f0aef750aab02e61a03b7d571bfeef19cec7f3b3c3f17b8b3dc23afabccfeb9644cf60dfc12dc8109b'
]
Sending bundle to Prof RPC: http://172.16.4.27:8084
Request payload: {
  "jsonrpc": "2.0",
  "id": 1,
  "method": "eth_sendBundle",
  "params": [
    {
      "txs": [
        "0x02f90176833018243385012a05f2008512a05f2000830249f09471e67695db8bc44aa6bf2014142c42221967ee9880b901040cc7326300000000000000000000000000000000000000000000000000000000000000a0000000000000000000000000000000000000000000000018c62626b5d1840000000000000000000000000000f98265aea01677961bff51685b04ee3a6139206f00000000000000000000000065d08a056c17ae13370565b04cf77d2afa1cb9fa00000000000000000000000000000000000000000000000000000000000000000000000000000000000000000000000000000000000000000000000000000002000000000000000000000000ac29373cbe03c88fb078488181f8a0650c58ca0800000000000000000000000024a9da1457f96c2b167d49377a776d302a5c4db3c080a0f079b8b969213ee448ec000d838f33557415758df5b255f3f0aef750aab02e61a03b7d571bfeef19cec7f3b3c3f17b8b3dc23afabccfeb9644cf60dfc12dc8109b"
      ],
      "blockNumber": "0xb"
    }
  ]
}
Trying URL: http://172.16.4.27:8084/eth_sendBundle
Bundle sent successfully. Status: 202
nonceOffset: 34
nonceOffset before: 34
Current transaction count:  18
Generating swaps with params: {
  targetBlockNumber: 11,
  txsPerBundle: 1,
  sendRoute: 3,
  txStrategy: 'univ2',
  profRpcUrl: 'http://172.16.4.27:8084',
  nonceOffset: 34
}
Generating swaps with params: {}
Current nonce for 0x65D08a056c17Ae13370565B04cF77D2AfA1cB9FA: 18
Contract Addresses:
AtomicSwap: 0x71e67695DB8Bc44AA6BF2014142c42221967EE98
UniV2FactoryA: 0x85998F6C99833d1127301928248c97b6F168bDad
UniV2FactoryB: 0xf98265AeA01677961Bff51685B04eE3a6139206F
WETH: 0x24a9Da1457F96C2b167D49377A776d302A5C4dB3
DAI addresses: [ '0xAC29373CBe03C88Fb078488181F8a0650C58CA08' ]
[0x65D08a056c17Ae13370565B04cF77D2AfA1cB9FA] swapping 0.479198767334360554 WETH for DAI
Nonce calculation debug:
- currentNonce (from getTransactionCount): 18
- nonce.override: 34
- nonce.offset: undefined
- Final nonce value: 52
Sending bundle: [
  '0x02f90176833018243485012a05f2008512a05f2000830249f09471e67695db8bc44aa6bf2014142c42221967ee9880b901040cc7326300000000000000000000000000000000000000000000000000000000000000a000000000000000000000000000000000000000000000000006a674bd6fc505ea000000000000000000000000f98265aea01677961bff51685b04ee3a6139206f00000000000000000000000065d08a056c17ae13370565b04cf77d2afa1cb9fa0000000000000000000000000000000000000000000000000000000000000000000000000000000000000000000000000000000000000000000000000000000200000000000000000000000024a9da1457f96c2b167d49377a776d302a5c4db3000000000000000000000000ac29373cbe03c88fb078488181f8a0650c58ca08c001a05588c7aa3d98590481db4c1137a0860b97cf1ecd448d2f1c3a71df2d2c99d8d1a00dd753d6c509d7770c19a9c742e9d5fb8a0d099cac8e8eb39aed926f5325fd57'
]
Sending bundle to Prof RPC: http://172.16.4.27:8084
Request payload: {
  "jsonrpc": "2.0",
  "id": 1,
  "method": "eth_sendBundle",
  "params": [
    {
      "txs": [
        "0x02f90176833018243485012a05f2008512a05f2000830249f09471e67695db8bc44aa6bf2014142c42221967ee9880b901040cc7326300000000000000000000000000000000000000000000000000000000000000a000000000000000000000000000000000000000000000000006a674bd6fc505ea000000000000000000000000f98265aea01677961bff51685b04ee3a6139206f00000000000000000000000065d08a056c17ae13370565b04cf77d2afa1cb9fa0000000000000000000000000000000000000000000000000000000000000000000000000000000000000000000000000000000000000000000000000000000200000000000000000000000024a9da1457f96c2b167d49377a776d302a5c4db3000000000000000000000000ac29373cbe03c88fb078488181f8a0650c58ca08c001a05588c7aa3d98590481db4c1137a0860b97cf1ecd448d2f1c3a71df2d2c99d8d1a00dd753d6c509d7770c19a9c742e9d5fb8a0d099cac8e8eb39aed926f5325fd57"
      ],
      "blockNumber": "0xb"
    }
  ]
}
Trying URL: http://172.16.4.27:8084/eth_sendBundle
Bundle sent successfully. Status: 202
nonceOffset: 35
nonceOffset before: 35
Current transaction count:  18
Generating swaps with params: {
  targetBlockNumber: 11,
  txsPerBundle: 1,
  sendRoute: 3,
  txStrategy: 'univ2',
  profRpcUrl: 'http://172.16.4.27:8084',
  nonceOffset: 35
}
Generating swaps with params: {}
Current nonce for 0x65D08a056c17Ae13370565B04cF77D2AfA1cB9FA: 18
Contract Addresses:
AtomicSwap: 0x71e67695DB8Bc44AA6BF2014142c42221967EE98
UniV2FactoryA: 0x85998F6C99833d1127301928248c97b6F168bDad
UniV2FactoryB: 0xf98265AeA01677961Bff51685B04eE3a6139206F
WETH: 0x24a9Da1457F96C2b167D49377A776d302A5C4dB3
DAI addresses: [ '0xAC29373CBe03C88Fb078488181F8a0650C58CA08' ]
[0x65D08a056c17Ae13370565B04cF77D2AfA1cB9FA] swapping 0.406009244992295839 WETH for DAI
Nonce calculation debug:
- currentNonce (from getTransactionCount): 18
- nonce.override: 35
- nonce.offset: undefined
- Final nonce value: 53
Sending bundle: [
  '0x02f90176833018243585012a05f2008512a05f2000830249f09471e67695db8bc44aa6bf2014142c42221967ee9880b901040cc7326300000000000000000000000000000000000000000000000000000000000000a000000000000000000000000000000000000000000000000005a26f41d74a539f000000000000000000000000f98265aea01677961bff51685b04ee3a6139206f00000000000000000000000065d08a056c17ae13370565b04cf77d2afa1cb9fa0000000000000000000000000000000000000000000000000000000000000000000000000000000000000000000000000000000000000000000000000000000200000000000000000000000024a9da1457f96c2b167d49377a776d302a5c4db3000000000000000000000000ac29373cbe03c88fb078488181f8a0650c58ca08c001a0016a55d2c1a0919f8dfacc5ed23dca4810608ab8fce63cfbfa554d33d9f26194a04f4e8a021dbb812f078520168b5af7281c5ed5e310ec5b6596322d3f7ea8a336'
]
Sending bundle to Prof RPC: http://172.16.4.27:8084
Request payload: {
  "jsonrpc": "2.0",
  "id": 1,
  "method": "eth_sendBundle",
  "params": [
    {
      "txs": [
        "0x02f90176833018243585012a05f2008512a05f2000830249f09471e67695db8bc44aa6bf2014142c42221967ee9880b901040cc7326300000000000000000000000000000000000000000000000000000000000000a000000000000000000000000000000000000000000000000005a26f41d74a539f000000000000000000000000f98265aea01677961bff51685b04ee3a6139206f00000000000000000000000065d08a056c17ae13370565b04cf77d2afa1cb9fa0000000000000000000000000000000000000000000000000000000000000000000000000000000000000000000000000000000000000000000000000000000200000000000000000000000024a9da1457f96c2b167d49377a776d302a5c4db3000000000000000000000000ac29373cbe03c88fb078488181f8a0650c58ca08c001a0016a55d2c1a0919f8dfacc5ed23dca4810608ab8fce63cfbfa554d33d9f26194a04f4e8a021dbb812f078520168b5af7281c5ed5e310ec5b6596322d3f7ea8a336"
      ],
      "blockNumber": "0xb"
    }
  ]
}
Trying URL: http://172.16.4.27:8084/eth_sendBundle
Bundle sent successfully. Status: 202
nonceOffset: 36
nonceOffset before: 36
Current transaction count:  18
Generating swaps with params: {
  targetBlockNumber: 11,
  txsPerBundle: 1,
  sendRoute: 3,
  txStrategy: 'univ2',
  profRpcUrl: 'http://172.16.4.27:8084',
  nonceOffset: 36
}
Generating swaps with params: {}
Current nonce for 0x65D08a056c17Ae13370565B04cF77D2AfA1cB9FA: 18
Contract Addresses:
AtomicSwap: 0x71e67695DB8Bc44AA6BF2014142c42221967EE98
UniV2FactoryA: 0x85998F6C99833d1127301928248c97b6F168bDad
UniV2FactoryB: 0xf98265AeA01677961Bff51685B04eE3a6139206F
WETH: 0x24a9Da1457F96C2b167D49377A776d302A5C4dB3
DAI addresses: [ '0xAC29373CBe03C88Fb078488181F8a0650C58CA08' ]
[0x65D08a056c17Ae13370565B04cF77D2AfA1cB9FA] swapping 689.0 DAI for WETH
Nonce calculation debug:
- currentNonce (from getTransactionCount): 18
- nonce.override: 36
- nonce.offset: undefined
- Final nonce value: 54
Sending bundle: [
  '0x02f90176833018243685012a05f2008512a05f2000830249f09471e67695db8bc44aa6bf2014142c42221967ee9880b901040cc7326300000000000000000000000000000000000000000000000000000000000000a000000000000000000000000000000000000000000000002559cbb98584240000000000000000000000000000f98265aea01677961bff51685b04ee3a6139206f00000000000000000000000065d08a056c17ae13370565b04cf77d2afa1cb9fa00000000000000000000000000000000000000000000000000000000000000000000000000000000000000000000000000000000000000000000000000000002000000000000000000000000ac29373cbe03c88fb078488181f8a0650c58ca0800000000000000000000000024a9da1457f96c2b167d49377a776d302a5c4db3c080a097c074408b9367ee70762d59fc8203f35c919cb246a290ea47c12dd477c3f8eca068c7ce5faf725259b3cae4d1123feebf572876ce117b2bf750ad358c58114f16'
]
Sending bundle to Prof RPC: http://172.16.4.27:8084
Request payload: {
  "jsonrpc": "2.0",
  "id": 1,
  "method": "eth_sendBundle",
  "params": [
    {
      "txs": [
        "0x02f90176833018243685012a05f2008512a05f2000830249f09471e67695db8bc44aa6bf2014142c42221967ee9880b901040cc7326300000000000000000000000000000000000000000000000000000000000000a000000000000000000000000000000000000000000000002559cbb98584240000000000000000000000000000f98265aea01677961bff51685b04ee3a6139206f00000000000000000000000065d08a056c17ae13370565b04cf77d2afa1cb9fa00000000000000000000000000000000000000000000000000000000000000000000000000000000000000000000000000000000000000000000000000000002000000000000000000000000ac29373cbe03c88fb078488181f8a0650c58ca0800000000000000000000000024a9da1457f96c2b167d49377a776d302a5c4db3c080a097c074408b9367ee70762d59fc8203f35c919cb246a290ea47c12dd477c3f8eca068c7ce5faf725259b3cae4d1123feebf572876ce117b2bf750ad358c58114f16"
      ],
      "blockNumber": "0xb"
    }
  ]
}
Trying URL: http://172.16.4.27:8084/eth_sendBundle
Bundle sent successfully. Status: 202
nonceOffset: 37
nonceOffset before: 37
Current transaction count:  18
Generating swaps with params: {
  targetBlockNumber: 11,
  txsPerBundle: 1,
  sendRoute: 3,
  txStrategy: 'univ2',
  profRpcUrl: 'http://172.16.4.27:8084',
  nonceOffset: 37
}
Generating swaps with params: {}
Current nonce for 0x65D08a056c17Ae13370565B04cF77D2AfA1cB9FA: 18
Contract Addresses:
AtomicSwap: 0x71e67695DB8Bc44AA6BF2014142c42221967EE98
UniV2FactoryA: 0x85998F6C99833d1127301928248c97b6F168bDad
UniV2FactoryB: 0xf98265AeA01677961Bff51685B04eE3a6139206F
WETH: 0x24a9Da1457F96C2b167D49377A776d302A5C4dB3
DAI addresses: [ '0xAC29373CBe03C88Fb078488181F8a0650C58CA08' ]
[0x65D08a056c17Ae13370565B04cF77D2AfA1cB9FA] swapping 0.282525019245573518 WETH for DAI
Nonce calculation debug:
- currentNonce (from getTransactionCount): 18
- nonce.override: 37
- nonce.offset: undefined
- Final nonce value: 55
Sending bundle: [
  '0x02f90176833018243785012a05f2008512a05f2000830249f09471e67695db8bc44aa6bf2014142c42221967ee9880b901040cc7326300000000000000000000000000000000000000000000000000000000000000a000000000000000000000000000000000000000000000000003ebbb02144af58e00000000000000000000000085998f6c99833d1127301928248c97b6f168bdad00000000000000000000000065d08a056c17ae13370565b04cf77d2afa1cb9fa0000000000000000000000000000000000000000000000000000000000000000000000000000000000000000000000000000000000000000000000000000000200000000000000000000000024a9da1457f96c2b167d49377a776d302a5c4db3000000000000000000000000ac29373cbe03c88fb078488181f8a0650c58ca08c001a01e3aa8fa550e2d965e25e96ba353c722e1473174d2628fb902ac77f5d977aef4a024f829b7db9a6c632ecabbe8c094dbfbb6724d4f3925657c22d3fd2f380ed79c'
]
Sending bundle to Prof RPC: http://172.16.4.27:8084
Request payload: {
  "jsonrpc": "2.0",
  "id": 1,
  "method": "eth_sendBundle",
  "params": [
    {
      "txs": [
        "0x02f90176833018243785012a05f2008512a05f2000830249f09471e67695db8bc44aa6bf2014142c42221967ee9880b901040cc7326300000000000000000000000000000000000000000000000000000000000000a000000000000000000000000000000000000000000000000003ebbb02144af58e00000000000000000000000085998f6c99833d1127301928248c97b6f168bdad00000000000000000000000065d08a056c17ae13370565b04cf77d2afa1cb9fa0000000000000000000000000000000000000000000000000000000000000000000000000000000000000000000000000000000000000000000000000000000200000000000000000000000024a9da1457f96c2b167d49377a776d302a5c4db3000000000000000000000000ac29373cbe03c88fb078488181f8a0650c58ca08c001a01e3aa8fa550e2d965e25e96ba353c722e1473174d2628fb902ac77f5d977aef4a024f829b7db9a6c632ecabbe8c094dbfbb6724d4f3925657c22d3fd2f380ed79c"
      ],
      "blockNumber": "0xb"
    }
  ]
}
Trying URL: http://172.16.4.27:8084/eth_sendBundle
Bundle sent successfully. Status: 202
nonceOffset: 38
nonceOffset before: 38
Current transaction count:  18
Generating swaps with params: {
  targetBlockNumber: 11,
  txsPerBundle: 1,
  sendRoute: 3,
  txStrategy: 'univ2',
  profRpcUrl: 'http://172.16.4.27:8084',
  nonceOffset: 38
}
Generating swaps with params: {}
Current nonce for 0x65D08a056c17Ae13370565B04cF77D2AfA1cB9FA: 18
Contract Addresses:
AtomicSwap: 0x71e67695DB8Bc44AA6BF2014142c42221967EE98
UniV2FactoryA: 0x85998F6C99833d1127301928248c97b6F168bDad
UniV2FactoryB: 0xf98265AeA01677961Bff51685B04eE3a6139206F
WETH: 0x24a9Da1457F96C2b167D49377A776d302A5C4dB3
DAI addresses: [ '0xAC29373CBe03C88Fb078488181F8a0650C58CA08' ]
[0x65D08a056c17Ae13370565B04cF77D2AfA1cB9FA] swapping 992.0 DAI for WETH
Nonce calculation debug:
- currentNonce (from getTransactionCount): 18
- nonce.override: 38
- nonce.offset: undefined
- Final nonce value: 56
Sending bundle: [
  '0x02f90176833018243885012a05f2008512a05f2000830249f09471e67695db8bc44aa6bf2014142c42221967ee9880b901040cc7326300000000000000000000000000000000000000000000000000000000000000a0000000000000000000000000000000000000000000000035c6c3f828a380000000000000000000000000000085998f6c99833d1127301928248c97b6f168bdad00000000000000000000000065d08a056c17ae13370565b04cf77d2afa1cb9fa00000000000000000000000000000000000000000000000000000000000000000000000000000000000000000000000000000000000000000000000000000002000000000000000000000000ac29373cbe03c88fb078488181f8a0650c58ca0800000000000000000000000024a9da1457f96c2b167d49377a776d302a5c4db3c001a0f98590cf2f7112556b00e634c84107c947c1cde320d908095a08558bddc5a7b2a026e07c940ebd251b81c76f08d57efa57a8ea2204c598d8a586a935b3a9e38e89'
]
Sending bundle to Prof RPC: http://172.16.4.27:8084
Request payload: {
  "jsonrpc": "2.0",
  "id": 1,
  "method": "eth_sendBundle",
  "params": [
    {
      "txs": [
        "0x02f90176833018243885012a05f2008512a05f2000830249f09471e67695db8bc44aa6bf2014142c42221967ee9880b901040cc7326300000000000000000000000000000000000000000000000000000000000000a0000000000000000000000000000000000000000000000035c6c3f828a380000000000000000000000000000085998f6c99833d1127301928248c97b6f168bdad00000000000000000000000065d08a056c17ae13370565b04cf77d2afa1cb9fa00000000000000000000000000000000000000000000000000000000000000000000000000000000000000000000000000000000000000000000000000000002000000000000000000000000ac29373cbe03c88fb078488181f8a0650c58ca0800000000000000000000000024a9da1457f96c2b167d49377a776d302a5c4db3c001a0f98590cf2f7112556b00e634c84107c947c1cde320d908095a08558bddc5a7b2a026e07c940ebd251b81c76f08d57efa57a8ea2204c598d8a586a935b3a9e38e89"
      ],
      "blockNumber": "0xb"
    }
  ]
}
Trying URL: http://172.16.4.27:8084/eth_sendBundle
Bundle sent successfully. Status: 202
nonceOffset: 39
nonceOffset before: 39
Current transaction count:  18
Generating swaps with params: {
  targetBlockNumber: 11,
  txsPerBundle: 1,
  sendRoute: 3,
  txStrategy: 'univ2',
  profRpcUrl: 'http://172.16.4.27:8084',
  nonceOffset: 39
}
Generating swaps with params: {}
Current nonce for 0x65D08a056c17Ae13370565B04cF77D2AfA1cB9FA: 18
Contract Addresses:
AtomicSwap: 0x71e67695DB8Bc44AA6BF2014142c42221967EE98
UniV2FactoryA: 0x85998F6C99833d1127301928248c97b6F168bDad
UniV2FactoryB: 0xf98265AeA01677961Bff51685B04eE3a6139206F
WETH: 0x24a9Da1457F96C2b167D49377A776d302A5C4dB3
DAI addresses: [ '0xAC29373CBe03C88Fb078488181F8a0650C58CA08' ]
[0x65D08a056c17Ae13370565B04cF77D2AfA1cB9FA] swapping 0.553929121725731895 WETH for DAI
Nonce calculation debug:
- currentNonce (from getTransactionCount): 18
- nonce.override: 39
- nonce.offset: undefined
- Final nonce value: 57
Sending bundle: [
  '0x02f90176833018243985012a05f2008512a05f2000830249f09471e67695db8bc44aa6bf2014142c42221967ee9880b901040cc7326300000000000000000000000000000000000000000000000000000000000000a000000000000000000000000000000000000000000000000007aff399f334d43700000000000000000000000085998f6c99833d1127301928248c97b6f168bdad00000000000000000000000065d08a056c17ae13370565b04cf77d2afa1cb9fa0000000000000000000000000000000000000000000000000000000000000000000000000000000000000000000000000000000000000000000000000000000200000000000000000000000024a9da1457f96c2b167d49377a776d302a5c4db3000000000000000000000000ac29373cbe03c88fb078488181f8a0650c58ca08c001a0fd6f60f72af334568835d7c243504d5583f53185f72eca23cd09dfe8c8dca369a02bdb23bdb98ea5d2008a15910e416ea6f23c0a958411c16281d95b64bc482aff'
]
Sending bundle to Prof RPC: http://172.16.4.27:8084
Request payload: {
  "jsonrpc": "2.0",
  "id": 1,
  "method": "eth_sendBundle",
  "params": [
    {
      "txs": [
        "0x02f90176833018243985012a05f2008512a05f2000830249f09471e67695db8bc44aa6bf2014142c42221967ee9880b901040cc7326300000000000000000000000000000000000000000000000000000000000000a000000000000000000000000000000000000000000000000007aff399f334d43700000000000000000000000085998f6c99833d1127301928248c97b6f168bdad00000000000000000000000065d08a056c17ae13370565b04cf77d2afa1cb9fa0000000000000000000000000000000000000000000000000000000000000000000000000000000000000000000000000000000000000000000000000000000200000000000000000000000024a9da1457f96c2b167d49377a776d302a5c4db3000000000000000000000000ac29373cbe03c88fb078488181f8a0650c58ca08c001a0fd6f60f72af334568835d7c243504d5583f53185f72eca23cd09dfe8c8dca369a02bdb23bdb98ea5d2008a15910e416ea6f23c0a958411c16281d95b64bc482aff"
      ],
      "blockNumber": "0xb"
    }
  ]
}
Trying URL: http://172.16.4.27:8084/eth_sendBundle
Bundle sent successfully. Status: 202
nonceOffset: 40
nonceOffset before: 40
Current transaction count:  18
Generating swaps with params: {
  targetBlockNumber: 11,
  txsPerBundle: 1,
  sendRoute: 3,
  txStrategy: 'univ2',
  profRpcUrl: 'http://172.16.4.27:8084',
  nonceOffset: 40
}
Generating swaps with params: {}
Current nonce for 0x65D08a056c17Ae13370565B04cF77D2AfA1cB9FA: 18
Contract Addresses:
AtomicSwap: 0x71e67695DB8Bc44AA6BF2014142c42221967EE98
UniV2FactoryA: 0x85998F6C99833d1127301928248c97b6F168bDad
UniV2FactoryB: 0xf98265AeA01677961Bff51685B04eE3a6139206F
WETH: 0x24a9Da1457F96C2b167D49377A776d302A5C4dB3
DAI addresses: [ '0xAC29373CBe03C88Fb078488181F8a0650C58CA08' ]
[0x65D08a056c17Ae13370565B04cF77D2AfA1cB9FA] swapping 0.684129429892141756 WETH for DAI
Nonce calculation debug:
- currentNonce (from getTransactionCount): 18
- nonce.override: 40
- nonce.offset: undefined
- Final nonce value: 58
Sending bundle: [
  '0x02f90176833018243a85012a05f2008512a05f2000830249f09471e67695db8bc44aa6bf2014142c42221967ee9880b901040cc7326300000000000000000000000000000000000000000000000000000000000000a0000000000000000000000000000000000000000000000000097e8417811c92bc00000000000000000000000085998f6c99833d1127301928248c97b6f168bdad00000000000000000000000065d08a056c17ae13370565b04cf77d2afa1cb9fa0000000000000000000000000000000000000000000000000000000000000000000000000000000000000000000000000000000000000000000000000000000200000000000000000000000024a9da1457f96c2b167d49377a776d302a5c4db3000000000000000000000000ac29373cbe03c88fb078488181f8a0650c58ca08c080a0565426d8f323f638e4c926a2837660cf11a858de1e5188c91c095a9a72a24513a0711e24a542232908958054e6c8d8c76de98eb341a20ef3d11b82b2a69299708b'
]
Sending bundle to Prof RPC: http://172.16.4.27:8084
Request payload: {
  "jsonrpc": "2.0",
  "id": 1,
  "method": "eth_sendBundle",
  "params": [
    {
      "txs": [
        "0x02f90176833018243a85012a05f2008512a05f2000830249f09471e67695db8bc44aa6bf2014142c42221967ee9880b901040cc7326300000000000000000000000000000000000000000000000000000000000000a0000000000000000000000000000000000000000000000000097e8417811c92bc00000000000000000000000085998f6c99833d1127301928248c97b6f168bdad00000000000000000000000065d08a056c17ae13370565b04cf77d2afa1cb9fa0000000000000000000000000000000000000000000000000000000000000000000000000000000000000000000000000000000000000000000000000000000200000000000000000000000024a9da1457f96c2b167d49377a776d302a5c4db3000000000000000000000000ac29373cbe03c88fb078488181f8a0650c58ca08c080a0565426d8f323f638e4c926a2837660cf11a858de1e5188c91c095a9a72a24513a0711e24a542232908958054e6c8d8c76de98eb341a20ef3d11b82b2a69299708b"
      ],
      "blockNumber": "0xb"
    }
  ]
}
Trying URL: http://172.16.4.27:8084/eth_sendBundle
Bundle sent successfully. Status: 202
nonceOffset: 41
nonceOffset before: 41
Current transaction count:  18
Generating swaps with params: {
  targetBlockNumber: 11,
  txsPerBundle: 1,
  sendRoute: 3,
  txStrategy: 'univ2',
  profRpcUrl: 'http://172.16.4.27:8084',
  nonceOffset: 41
}
Generating swaps with params: {}
Current nonce for 0x65D08a056c17Ae13370565B04cF77D2AfA1cB9FA: 18
Contract Addresses:
AtomicSwap: 0x71e67695DB8Bc44AA6BF2014142c42221967EE98
UniV2FactoryA: 0x85998F6C99833d1127301928248c97b6F168bDad
UniV2FactoryB: 0xf98265AeA01677961Bff51685B04eE3a6139206F
WETH: 0x24a9Da1457F96C2b167D49377A776d302A5C4dB3
DAI addresses: [ '0xAC29373CBe03C88Fb078488181F8a0650C58CA08' ]
[0x65D08a056c17Ae13370565B04cF77D2AfA1cB9FA] swapping 804.0 DAI for WETH
Nonce calculation debug:
- currentNonce (from getTransactionCount): 18
- nonce.override: 41
- nonce.offset: undefined
- Final nonce value: 59
Sending bundle: [
  '0x02f90176833018243b85012a05f2008512a05f2000830249f09471e67695db8bc44aa6bf2014142c42221967ee9880b901040cc7326300000000000000000000000000000000000000000000000000000000000000a000000000000000000000000000000000000000000000002b95bdcc39b6100000000000000000000000000000f98265aea01677961bff51685b04ee3a6139206f00000000000000000000000065d08a056c17ae13370565b04cf77d2afa1cb9fa00000000000000000000000000000000000000000000000000000000000000000000000000000000000000000000000000000000000000000000000000000002000000000000000000000000ac29373cbe03c88fb078488181f8a0650c58ca0800000000000000000000000024a9da1457f96c2b167d49377a776d302a5c4db3c001a0e64fd906d31138afb5a729780ade51bc4770a4eb8123db0c60ba38e03bbc178ea0385925c1ac3a60cc1298d2f3df4feea1aedcca28b391a8f26335765554301efb'
]
Sending bundle to Prof RPC: http://172.16.4.27:8084
Request payload: {
  "jsonrpc": "2.0",
  "id": 1,
  "method": "eth_sendBundle",
  "params": [
    {
      "txs": [
        "0x02f90176833018243b85012a05f2008512a05f2000830249f09471e67695db8bc44aa6bf2014142c42221967ee9880b901040cc7326300000000000000000000000000000000000000000000000000000000000000a000000000000000000000000000000000000000000000002b95bdcc39b6100000000000000000000000000000f98265aea01677961bff51685b04ee3a6139206f00000000000000000000000065d08a056c17ae13370565b04cf77d2afa1cb9fa00000000000000000000000000000000000000000000000000000000000000000000000000000000000000000000000000000000000000000000000000000002000000000000000000000000ac29373cbe03c88fb078488181f8a0650c58ca0800000000000000000000000024a9da1457f96c2b167d49377a776d302a5c4db3c001a0e64fd906d31138afb5a729780ade51bc4770a4eb8123db0c60ba38e03bbc178ea0385925c1ac3a60cc1298d2f3df4feea1aedcca28b391a8f26335765554301efb"
      ],
      "blockNumber": "0xb"
    }
  ]
}
Trying URL: http://172.16.4.27:8084/eth_sendBundle
Bundle sent successfully. Status: 202
nonceOffset: 42
nonceOffset before: 42
Current transaction count:  18
Generating swaps with params: {
  targetBlockNumber: 11,
  txsPerBundle: 1,
  sendRoute: 3,
  txStrategy: 'univ2',
  profRpcUrl: 'http://172.16.4.27:8084',
  nonceOffset: 42
}
Generating swaps with params: {}
Current nonce for 0x65D08a056c17Ae13370565B04cF77D2AfA1cB9FA: 18
Contract Addresses:
AtomicSwap: 0x71e67695DB8Bc44AA6BF2014142c42221967EE98
UniV2FactoryA: 0x85998F6C99833d1127301928248c97b6F168bDad
UniV2FactoryB: 0xf98265AeA01677961Bff51685B04eE3a6139206F
WETH: 0x24a9Da1457F96C2b167D49377A776d302A5C4dB3
DAI addresses: [ '0xAC29373CBe03C88Fb078488181F8a0650C58CA08' ]
[0x65D08a056c17Ae13370565B04cF77D2AfA1cB9FA] swapping 1006.0 DAI for WETH
Nonce calculation debug:
- currentNonce (from getTransactionCount): 18
- nonce.override: 42
- nonce.offset: undefined
- Final nonce value: 60
Sending bundle: [
  '0x02f90176833018243c85012a05f2008512a05f2000830249f09471e67695db8bc44aa6bf2014142c42221967ee9880b901040cc7326300000000000000000000000000000000000000000000000000000000000000a0000000000000000000000000000000000000000000000036890df5fbcaf8000000000000000000000000000085998f6c99833d1127301928248c97b6f168bdad00000000000000000000000065d08a056c17ae13370565b04cf77d2afa1cb9fa00000000000000000000000000000000000000000000000000000000000000000000000000000000000000000000000000000000000000000000000000000002000000000000000000000000ac29373cbe03c88fb078488181f8a0650c58ca0800000000000000000000000024a9da1457f96c2b167d49377a776d302a5c4db3c080a023326626e53a62596d71108db9a212420b5dfbe2cd8e0699d23939945b0d4affa054a59bc03d5ebd81b34541f94cbe62a5e076044f3bc89a43d91d7fa431b8e7d4'
]
Sending bundle to Prof RPC: http://172.16.4.27:8084
Request payload: {
  "jsonrpc": "2.0",
  "id": 1,
  "method": "eth_sendBundle",
  "params": [
    {
      "txs": [
        "0x02f90176833018243c85012a05f2008512a05f2000830249f09471e67695db8bc44aa6bf2014142c42221967ee9880b901040cc7326300000000000000000000000000000000000000000000000000000000000000a0000000000000000000000000000000000000000000000036890df5fbcaf8000000000000000000000000000085998f6c99833d1127301928248c97b6f168bdad00000000000000000000000065d08a056c17ae13370565b04cf77d2afa1cb9fa00000000000000000000000000000000000000000000000000000000000000000000000000000000000000000000000000000000000000000000000000000002000000000000000000000000ac29373cbe03c88fb078488181f8a0650c58ca0800000000000000000000000024a9da1457f96c2b167d49377a776d302a5c4db3c080a023326626e53a62596d71108db9a212420b5dfbe2cd8e0699d23939945b0d4affa054a59bc03d5ebd81b34541f94cbe62a5e076044f3bc89a43d91d7fa431b8e7d4"
      ],
      "blockNumber": "0xb"
    }
  ]
}
Trying URL: http://172.16.4.27:8084/eth_sendBundle
Bundle sent successfully. Status: 202
nonceOffset: 43
nonceOffset before: 43
Current transaction count:  18
Generating swaps with params: {
  targetBlockNumber: 11,
  txsPerBundle: 1,
  sendRoute: 3,
  txStrategy: 'univ2',
  profRpcUrl: 'http://172.16.4.27:8084',
  nonceOffset: 43
}
Generating swaps with params: {}
Current nonce for 0x65D08a056c17Ae13370565B04cF77D2AfA1cB9FA: 18
Contract Addresses:
AtomicSwap: 0x71e67695DB8Bc44AA6BF2014142c42221967EE98
UniV2FactoryA: 0x85998F6C99833d1127301928248c97b6F168bDad
UniV2FactoryB: 0xf98265AeA01677961Bff51685B04eE3a6139206F
WETH: 0x24a9Da1457F96C2b167D49377A776d302A5C4dB3
DAI addresses: [ '0xAC29373CBe03C88Fb078488181F8a0650C58CA08' ]
[0x65D08a056c17Ae13370565B04cF77D2AfA1cB9FA] swapping 506.0 DAI for WETH
Nonce calculation debug:
- currentNonce (from getTransactionCount): 18
- nonce.override: 43
- nonce.offset: undefined
- Final nonce value: 61
Sending bundle: [
  '0x02f90176833018243d85012a05f2008512a05f2000830249f09471e67695db8bc44aa6bf2014142c42221967ee9880b901040cc7326300000000000000000000000000000000000000000000000000000000000000a000000000000000000000000000000000000000000000001b6e291f18dba8000000000000000000000000000085998f6c99833d1127301928248c97b6f168bdad00000000000000000000000065d08a056c17ae13370565b04cf77d2afa1cb9fa00000000000000000000000000000000000000000000000000000000000000000000000000000000000000000000000000000000000000000000000000000002000000000000000000000000ac29373cbe03c88fb078488181f8a0650c58ca0800000000000000000000000024a9da1457f96c2b167d49377a776d302a5c4db3c080a0d180613c48f9ff86b0324439a931c06d8b9a9fa8595cd3fefa1c08a4e8907594a02b990ee3ea753b4700dafe4b1d9fd2efcef20b6c0ca49dd91ec535cec46d759c'
]
Sending bundle to Prof RPC: http://172.16.4.27:8084
Request payload: {
  "jsonrpc": "2.0",
  "id": 1,
  "method": "eth_sendBundle",
  "params": [
    {
      "txs": [
        "0x02f90176833018243d85012a05f2008512a05f2000830249f09471e67695db8bc44aa6bf2014142c42221967ee9880b901040cc7326300000000000000000000000000000000000000000000000000000000000000a000000000000000000000000000000000000000000000001b6e291f18dba8000000000000000000000000000085998f6c99833d1127301928248c97b6f168bdad00000000000000000000000065d08a056c17ae13370565b04cf77d2afa1cb9fa00000000000000000000000000000000000000000000000000000000000000000000000000000000000000000000000000000000000000000000000000000002000000000000000000000000ac29373cbe03c88fb078488181f8a0650c58ca0800000000000000000000000024a9da1457f96c2b167d49377a776d302a5c4db3c080a0d180613c48f9ff86b0324439a931c06d8b9a9fa8595cd3fefa1c08a4e8907594a02b990ee3ea753b4700dafe4b1d9fd2efcef20b6c0ca49dd91ec535cec46d759c"
      ],
      "blockNumber": "0xb"
    }
  ]
}
Trying URL: http://172.16.4.27:8084/eth_sendBundle
Bundle sent successfully. Status: 202
nonceOffset: 44
nonceOffset before: 44
Current transaction count:  18
Generating swaps with params: {
  targetBlockNumber: 11,
  txsPerBundle: 1,
  sendRoute: 3,
  txStrategy: 'univ2',
  profRpcUrl: 'http://172.16.4.27:8084',
  nonceOffset: 44
}
Generating swaps with params: {}
Current nonce for 0x65D08a056c17Ae13370565B04cF77D2AfA1cB9FA: 18
Contract Addresses:
AtomicSwap: 0x71e67695DB8Bc44AA6BF2014142c42221967EE98
UniV2FactoryA: 0x85998F6C99833d1127301928248c97b6F168bDad
UniV2FactoryB: 0xf98265AeA01677961Bff51685B04eE3a6139206F
WETH: 0x24a9Da1457F96C2b167D49377A776d302A5C4dB3
DAI addresses: [ '0xAC29373CBe03C88Fb078488181F8a0650C58CA08' ]
[0x65D08a056c17Ae13370565B04cF77D2AfA1cB9FA] swapping 0.352578906851424172 WETH for DAI
Nonce calculation debug:
- currentNonce (from getTransactionCount): 18
- nonce.override: 44
- nonce.offset: undefined
- Final nonce value: 62
Sending bundle: [
  '0x02f90176833018243e85012a05f2008512a05f2000830249f09471e67695db8bc44aa6bf2014142c42221967ee9880b901040cc7326300000000000000000000000000000000000000000000000000000000000000a000000000000000000000000000000000000000000000000004e49ca5d22cb7ac000000000000000000000000f98265aea01677961bff51685b04ee3a6139206f00000000000000000000000065d08a056c17ae13370565b04cf77d2afa1cb9fa0000000000000000000000000000000000000000000000000000000000000000000000000000000000000000000000000000000000000000000000000000000200000000000000000000000024a9da1457f96c2b167d49377a776d302a5c4db3000000000000000000000000ac29373cbe03c88fb078488181f8a0650c58ca08c001a0eb748da87d50bf21c025ddd0a658bb87965309c6d4b70901b4c858dfda805f91a016770b9d3b1cb6eb736b65de8fa9590edb21c42f29ae9779201b7aa9507d6b3c'
]
Sending bundle to Prof RPC: http://172.16.4.27:8084
Request payload: {
  "jsonrpc": "2.0",
  "id": 1,
  "method": "eth_sendBundle",
  "params": [
    {
      "txs": [
        "0x02f90176833018243e85012a05f2008512a05f2000830249f09471e67695db8bc44aa6bf2014142c42221967ee9880b901040cc7326300000000000000000000000000000000000000000000000000000000000000a000000000000000000000000000000000000000000000000004e49ca5d22cb7ac000000000000000000000000f98265aea01677961bff51685b04ee3a6139206f00000000000000000000000065d08a056c17ae13370565b04cf77d2afa1cb9fa0000000000000000000000000000000000000000000000000000000000000000000000000000000000000000000000000000000000000000000000000000000200000000000000000000000024a9da1457f96c2b167d49377a776d302a5c4db3000000000000000000000000ac29373cbe03c88fb078488181f8a0650c58ca08c001a0eb748da87d50bf21c025ddd0a658bb87965309c6d4b70901b4c858dfda805f91a016770b9d3b1cb6eb736b65de8fa9590edb21c42f29ae9779201b7aa9507d6b3c"
      ],
      "blockNumber": "0xb"
    }
  ]
}
Trying URL: http://172.16.4.27:8084/eth_sendBundle
Bundle sent successfully. Status: 202
nonceOffset: 45
nonceOffset before: 45
Current transaction count:  18
Generating swaps with params: {
  targetBlockNumber: 11,
  txsPerBundle: 1,
  sendRoute: 3,
  txStrategy: 'univ2',
  profRpcUrl: 'http://172.16.4.27:8084',
  nonceOffset: 45
}
Generating swaps with params: {}
Current nonce for 0x65D08a056c17Ae13370565B04cF77D2AfA1cB9FA: 18
Contract Addresses:
AtomicSwap: 0x71e67695DB8Bc44AA6BF2014142c42221967EE98
UniV2FactoryA: 0x85998F6C99833d1127301928248c97b6F168bDad
UniV2FactoryB: 0xf98265AeA01677961Bff51685B04eE3a6139206F
WETH: 0x24a9Da1457F96C2b167D49377A776d302A5C4dB3
DAI addresses: [ '0xAC29373CBe03C88Fb078488181F8a0650C58CA08' ]
[0x65D08a056c17Ae13370565B04cF77D2AfA1cB9FA] swapping 0.753466872110939907 WETH for DAI
Nonce calculation debug:
- currentNonce (from getTransactionCount): 18
- nonce.override: 45
- nonce.offset: undefined
- Final nonce value: 63
Sending bundle: [
  '0x02f90176833018243f85012a05f2008512a05f2000830249f09471e67695db8bc44aa6bf2014142c42221967ee9880b901040cc7326300000000000000000000000000000000000000000000000000000000000000a00000000000000000000000000000000000000000000000000a74da20ce327f0300000000000000000000000085998f6c99833d1127301928248c97b6f168bdad00000000000000000000000065d08a056c17ae13370565b04cf77d2afa1cb9fa0000000000000000000000000000000000000000000000000000000000000000000000000000000000000000000000000000000000000000000000000000000200000000000000000000000024a9da1457f96c2b167d49377a776d302a5c4db3000000000000000000000000ac29373cbe03c88fb078488181f8a0650c58ca08c080a0e6e71eeeb6d0bdab29b18f66708439dbc986b1f0fd56a0d6fe6ba1178acd9651a007e23cb5dbbbfc5f24a09a82d5569357a00abf643e22801a83ade908053017e2'
]
Sending bundle to Prof RPC: http://172.16.4.27:8084
Request payload: {
  "jsonrpc": "2.0",
  "id": 1,
  "method": "eth_sendBundle",
  "params": [
    {
      "txs": [
        "0x02f90176833018243f85012a05f2008512a05f2000830249f09471e67695db8bc44aa6bf2014142c42221967ee9880b901040cc7326300000000000000000000000000000000000000000000000000000000000000a00000000000000000000000000000000000000000000000000a74da20ce327f0300000000000000000000000085998f6c99833d1127301928248c97b6f168bdad00000000000000000000000065d08a056c17ae13370565b04cf77d2afa1cb9fa0000000000000000000000000000000000000000000000000000000000000000000000000000000000000000000000000000000000000000000000000000000200000000000000000000000024a9da1457f96c2b167d49377a776d302a5c4db3000000000000000000000000ac29373cbe03c88fb078488181f8a0650c58ca08c080a0e6e71eeeb6d0bdab29b18f66708439dbc986b1f0fd56a0d6fe6ba1178acd9651a007e23cb5dbbbfc5f24a09a82d5569357a00abf643e22801a83ade908053017e2"
      ],
      "blockNumber": "0xb"
    }
  ]
}
Trying URL: http://172.16.4.27:8084/eth_sendBundle
Bundle sent successfully. Status: 202
nonceOffset: 46
nonceOffset before: 46
Current transaction count:  18
Generating swaps with params: {
  targetBlockNumber: 11,
  txsPerBundle: 1,
  sendRoute: 3,
  txStrategy: 'univ2',
  profRpcUrl: 'http://172.16.4.27:8084',
  nonceOffset: 46
}
Generating swaps with params: {}
Current nonce for 0x65D08a056c17Ae13370565B04cF77D2AfA1cB9FA: 18
Contract Addresses:
AtomicSwap: 0x71e67695DB8Bc44AA6BF2014142c42221967EE98
UniV2FactoryA: 0x85998F6C99833d1127301928248c97b6F168bDad
UniV2FactoryB: 0xf98265AeA01677961Bff51685B04eE3a6139206F
WETH: 0x24a9Da1457F96C2b167D49377A776d302A5C4dB3
DAI addresses: [ '0xAC29373CBe03C88Fb078488181F8a0650C58CA08' ]
[0x65D08a056c17Ae13370565B04cF77D2AfA1cB9FA] swapping 0.506933744221879815 WETH for DAI
Nonce calculation debug:
- currentNonce (from getTransactionCount): 18
- nonce.override: 46
- nonce.offset: undefined
- Final nonce value: 64
Sending bundle: [
  '0x02f90176833018244085012a05f2008512a05f2000830249f09471e67695db8bc44aa6bf2014142c42221967ee9880b901040cc7326300000000000000000000000000000000000000000000000000000000000000a00000000000000000000000000000000000000000000000000708fd8df500fe0700000000000000000000000085998f6c99833d1127301928248c97b6f168bdad00000000000000000000000065d08a056c17ae13370565b04cf77d2afa1cb9fa0000000000000000000000000000000000000000000000000000000000000000000000000000000000000000000000000000000000000000000000000000000200000000000000000000000024a9da1457f96c2b167d49377a776d302a5c4db3000000000000000000000000ac29373cbe03c88fb078488181f8a0650c58ca08c001a0d433fc52ca2c5d05e382e80c19835d95b4009ec98a2bc9d297041cc793e84496a01b8e04189ffaaa84c32e74df2cca777cd95f70dec19b0bfaf0abbf3d1a36bf07'
]
Sending bundle to Prof RPC: http://172.16.4.27:8084
Request payload: {
  "jsonrpc": "2.0",
  "id": 1,
  "method": "eth_sendBundle",
  "params": [
    {
      "txs": [
        "0x02f90176833018244085012a05f2008512a05f2000830249f09471e67695db8bc44aa6bf2014142c42221967ee9880b901040cc7326300000000000000000000000000000000000000000000000000000000000000a00000000000000000000000000000000000000000000000000708fd8df500fe0700000000000000000000000085998f6c99833d1127301928248c97b6f168bdad00000000000000000000000065d08a056c17ae13370565b04cf77d2afa1cb9fa0000000000000000000000000000000000000000000000000000000000000000000000000000000000000000000000000000000000000000000000000000000200000000000000000000000024a9da1457f96c2b167d49377a776d302a5c4db3000000000000000000000000ac29373cbe03c88fb078488181f8a0650c58ca08c001a0d433fc52ca2c5d05e382e80c19835d95b4009ec98a2bc9d297041cc793e84496a01b8e04189ffaaa84c32e74df2cca777cd95f70dec19b0bfaf0abbf3d1a36bf07"
      ],
      "blockNumber": "0xb"
    }
  ]
}
Trying URL: http://172.16.4.27:8084/eth_sendBundle
Bundle sent successfully. Status: 202
nonceOffset: 47
nonceOffset before: 47
Current transaction count:  18
Generating swaps with params: {
  targetBlockNumber: 11,
  txsPerBundle: 1,
  sendRoute: 3,
  txStrategy: 'univ2',
  profRpcUrl: 'http://172.16.4.27:8084',
  nonceOffset: 47
}
Generating swaps with params: {}
Current nonce for 0x65D08a056c17Ae13370565B04cF77D2AfA1cB9FA: 18
Contract Addresses:
AtomicSwap: 0x71e67695DB8Bc44AA6BF2014142c42221967EE98
UniV2FactoryA: 0x85998F6C99833d1127301928248c97b6F168bDad
UniV2FactoryB: 0xf98265AeA01677961Bff51685B04eE3a6139206F
WETH: 0x24a9Da1457F96C2b167D49377A776d302A5C4dB3
DAI addresses: [ '0xAC29373CBe03C88Fb078488181F8a0650C58CA08' ]
[0x65D08a056c17Ae13370565B04cF77D2AfA1cB9FA] swapping 660.0 DAI for WETH
Nonce calculation debug:
- currentNonce (from getTransactionCount): 18
- nonce.override: 47
- nonce.offset: undefined
- Final nonce value: 65
Sending bundle: [
  '0x02f90176833018244185012a05f2008512a05f2000830249f09471e67695db8bc44aa6bf2014142c42221967ee9880b901040cc7326300000000000000000000000000000000000000000000000000000000000000a0000000000000000000000000000000000000000000000023c757072b8dd00000000000000000000000000000f98265aea01677961bff51685b04ee3a6139206f00000000000000000000000065d08a056c17ae13370565b04cf77d2afa1cb9fa00000000000000000000000000000000000000000000000000000000000000000000000000000000000000000000000000000000000000000000000000000002000000000000000000000000ac29373cbe03c88fb078488181f8a0650c58ca0800000000000000000000000024a9da1457f96c2b167d49377a776d302a5c4db3c001a0b2597b1a3a241b3f2d30527ca5f4f53bc1d1b69b0a555c76e21a4e9a6dee844aa02ee9e0914bbe2ce5a31dc6141cd77c7a8b64fd3cb76a3cfaa194230e32eecea4'
]
Sending bundle to Prof RPC: http://172.16.4.27:8084
Request payload: {
  "jsonrpc": "2.0",
  "id": 1,
  "method": "eth_sendBundle",
  "params": [
    {
      "txs": [
        "0x02f90176833018244185012a05f2008512a05f2000830249f09471e67695db8bc44aa6bf2014142c42221967ee9880b901040cc7326300000000000000000000000000000000000000000000000000000000000000a0000000000000000000000000000000000000000000000023c757072b8dd00000000000000000000000000000f98265aea01677961bff51685b04ee3a6139206f00000000000000000000000065d08a056c17ae13370565b04cf77d2afa1cb9fa00000000000000000000000000000000000000000000000000000000000000000000000000000000000000000000000000000000000000000000000000000002000000000000000000000000ac29373cbe03c88fb078488181f8a0650c58ca0800000000000000000000000024a9da1457f96c2b167d49377a776d302a5c4db3c001a0b2597b1a3a241b3f2d30527ca5f4f53bc1d1b69b0a555c76e21a4e9a6dee844aa02ee9e0914bbe2ce5a31dc6141cd77c7a8b64fd3cb76a3cfaa194230e32eecea4"
      ],
      "blockNumber": "0xb"
    }
  ]
}
Trying URL: http://172.16.4.27:8084/eth_sendBundle
Bundle sent successfully. Status: 202
nonceOffset: 48
nonceOffset before: 48
Current transaction count:  18
Generating swaps with params: {
  targetBlockNumber: 11,
  txsPerBundle: 1,
  sendRoute: 3,
  txStrategy: 'univ2',
  profRpcUrl: 'http://172.16.4.27:8084',
  nonceOffset: 48
}
Generating swaps with params: {}
Current nonce for 0x65D08a056c17Ae13370565B04cF77D2AfA1cB9FA: 18
Contract Addresses:
AtomicSwap: 0x71e67695DB8Bc44AA6BF2014142c42221967EE98
UniV2FactoryA: 0x85998F6C99833d1127301928248c97b6F168bDad
UniV2FactoryB: 0xf98265AeA01677961Bff51685B04eE3a6139206F
WETH: 0x24a9Da1457F96C2b167D49377A776d302A5C4dB3
DAI addresses: [ '0xAC29373CBe03C88Fb078488181F8a0650C58CA08' ]
[0x65D08a056c17Ae13370565B04cF77D2AfA1cB9FA] swapping 235.0 DAI for WETH
Nonce calculation debug:
- currentNonce (from getTransactionCount): 18
- nonce.override: 48
- nonce.offset: undefined
- Final nonce value: 66
Sending bundle: [
  '0x02f90176833018244285012a05f2008512a05f2000830249f09471e67695db8bc44aa6bf2014142c42221967ee9880b901040cc7326300000000000000000000000000000000000000000000000000000000000000a000000000000000000000000000000000000000000000000cbd47b6eaa8cc000000000000000000000000000085998f6c99833d1127301928248c97b6f168bdad00000000000000000000000065d08a056c17ae13370565b04cf77d2afa1cb9fa00000000000000000000000000000000000000000000000000000000000000000000000000000000000000000000000000000000000000000000000000000002000000000000000000000000ac29373cbe03c88fb078488181f8a0650c58ca0800000000000000000000000024a9da1457f96c2b167d49377a776d302a5c4db3c001a043a9fa6bba746d4d11a89abef5a06771495484dad12c4dcfdc6ced16844b4f8ea0506bada25e3ec02704134a332cc3b5036a0f7e00b754f86c639cd6d2be7882f4'
]
Sending bundle to Prof RPC: http://172.16.4.27:8084
Request payload: {
  "jsonrpc": "2.0",
  "id": 1,
  "method": "eth_sendBundle",
  "params": [
    {
      "txs": [
        "0x02f90176833018244285012a05f2008512a05f2000830249f09471e67695db8bc44aa6bf2014142c42221967ee9880b901040cc7326300000000000000000000000000000000000000000000000000000000000000a000000000000000000000000000000000000000000000000cbd47b6eaa8cc000000000000000000000000000085998f6c99833d1127301928248c97b6f168bdad00000000000000000000000065d08a056c17ae13370565b04cf77d2afa1cb9fa00000000000000000000000000000000000000000000000000000000000000000000000000000000000000000000000000000000000000000000000000000002000000000000000000000000ac29373cbe03c88fb078488181f8a0650c58ca0800000000000000000000000024a9da1457f96c2b167d49377a776d302a5c4db3c001a043a9fa6bba746d4d11a89abef5a06771495484dad12c4dcfdc6ced16844b4f8ea0506bada25e3ec02704134a332cc3b5036a0f7e00b754f86c639cd6d2be7882f4"
      ],
      "blockNumber": "0xb"
    }
  ]
}
Trying URL: http://172.16.4.27:8084/eth_sendBundle
Bundle sent successfully. Status: 202
nonceOffset: 49
nonceOffset before: 49
Current transaction count:  18
Generating swaps with params: {
  targetBlockNumber: 11,
  txsPerBundle: 1,
  sendRoute: 3,
  txStrategy: 'univ2',
  profRpcUrl: 'http://172.16.4.27:8084',
  nonceOffset: 49
}
Generating swaps with params: {}
Current nonce for 0x65D08a056c17Ae13370565B04cF77D2AfA1cB9FA: 18
Contract Addresses:
AtomicSwap: 0x71e67695DB8Bc44AA6BF2014142c42221967EE98
UniV2FactoryA: 0x85998F6C99833d1127301928248c97b6F168bDad
UniV2FactoryB: 0xf98265AeA01677961Bff51685B04eE3a6139206F
WETH: 0x24a9Da1457F96C2b167D49377A776d302A5C4dB3
DAI addresses: [ '0xAC29373CBe03C88Fb078488181F8a0650C58CA08' ]
[0x65D08a056c17Ae13370565B04cF77D2AfA1cB9FA] swapping 0.216320246343341031 WETH for DAI
Nonce calculation debug:
- currentNonce (from getTransactionCount): 18
- nonce.override: 49
- nonce.offset: undefined
- Final nonce value: 67
Sending bundle: [
  '0x02f90176833018244385012a05f2008512a05f2000830249f09471e67695db8bc44aa6bf2014142c42221967ee9880b901040cc7326300000000000000000000000000000000000000000000000000000000000000a00000000000000000000000000000000000000000000000000300861e310513e7000000000000000000000000f98265aea01677961bff51685b04ee3a6139206f00000000000000000000000065d08a056c17ae13370565b04cf77d2afa1cb9fa0000000000000000000000000000000000000000000000000000000000000000000000000000000000000000000000000000000000000000000000000000000200000000000000000000000024a9da1457f96c2b167d49377a776d302a5c4db3000000000000000000000000ac29373cbe03c88fb078488181f8a0650c58ca08c001a09ff78776d2f25d53940f1f03657cc3c147566c15b642e7f2b52ce00fbb37c51ca012dce7a5380efe4d036f8328d81ba5be734fa6eb1520212c4a60d2f8a14d1676'
]
Sending bundle to Prof RPC: http://172.16.4.27:8084
Request payload: {
  "jsonrpc": "2.0",
  "id": 1,
  "method": "eth_sendBundle",
  "params": [
    {
      "txs": [
        "0x02f90176833018244385012a05f2008512a05f2000830249f09471e67695db8bc44aa6bf2014142c42221967ee9880b901040cc7326300000000000000000000000000000000000000000000000000000000000000a00000000000000000000000000000000000000000000000000300861e310513e7000000000000000000000000f98265aea01677961bff51685b04ee3a6139206f00000000000000000000000065d08a056c17ae13370565b04cf77d2afa1cb9fa0000000000000000000000000000000000000000000000000000000000000000000000000000000000000000000000000000000000000000000000000000000200000000000000000000000024a9da1457f96c2b167d49377a776d302a5c4db3000000000000000000000000ac29373cbe03c88fb078488181f8a0650c58ca08c001a09ff78776d2f25d53940f1f03657cc3c147566c15b642e7f2b52ce00fbb37c51ca012dce7a5380efe4d036f8328d81ba5be734fa6eb1520212c4a60d2f8a14d1676"
      ],
      "blockNumber": "0xb"
    }
  ]
}
Trying URL: http://172.16.4.27:8084/eth_sendBundle
Bundle sent successfully. Status: 202
nonceOffset: 50
nonceOffset before: 50
Current transaction count:  18
Generating swaps with params: {
  targetBlockNumber: 11,
  txsPerBundle: 1,
  sendRoute: 3,
  txStrategy: 'univ2',
  profRpcUrl: 'http://172.16.4.27:8084',
  nonceOffset: 50
}
Generating swaps with params: {}
Current nonce for 0x65D08a056c17Ae13370565B04cF77D2AfA1cB9FA: 18
Contract Addresses:
AtomicSwap: 0x71e67695DB8Bc44AA6BF2014142c42221967EE98
UniV2FactoryA: 0x85998F6C99833d1127301928248c97b6F168bDad
UniV2FactoryB: 0xf98265AeA01677961Bff51685B04eE3a6139206F
WETH: 0x24a9Da1457F96C2b167D49377A776d302A5C4dB3
DAI addresses: [ '0xAC29373CBe03C88Fb078488181F8a0650C58CA08' ]
[0x65D08a056c17Ae13370565B04cF77D2AfA1cB9FA] swapping 0.137028483448806774 WETH for DAI
Nonce calculation debug:
- currentNonce (from getTransactionCount): 18
- nonce.override: 50
- nonce.offset: undefined
- Final nonce value: 68
Sending bundle: [
  '0x02f90176833018244485012a05f2008512a05f2000830249f09471e67695db8bc44aa6bf2014142c42221967ee9880b901040cc7326300000000000000000000000000000000000000000000000000000000000000a000000000000000000000000000000000000000000000000001e6d2ae00139d7600000000000000000000000085998f6c99833d1127301928248c97b6f168bdad00000000000000000000000065d08a056c17ae13370565b04cf77d2afa1cb9fa0000000000000000000000000000000000000000000000000000000000000000000000000000000000000000000000000000000000000000000000000000000200000000000000000000000024a9da1457f96c2b167d49377a776d302a5c4db3000000000000000000000000ac29373cbe03c88fb078488181f8a0650c58ca08c001a0134604c6fc50ee5d862ed5f0377c6a314cbdeb12ede16d27217344ceda1bc7d8a04c4f031f5bf14857904e3985c684f73da10f5ccb8b0f94380c505a17abf65742'
]
Sending bundle to Prof RPC: http://172.16.4.27:8084
Request payload: {
  "jsonrpc": "2.0",
  "id": 1,
  "method": "eth_sendBundle",
  "params": [
    {
      "txs": [
        "0x02f90176833018244485012a05f2008512a05f2000830249f09471e67695db8bc44aa6bf2014142c42221967ee9880b901040cc7326300000000000000000000000000000000000000000000000000000000000000a000000000000000000000000000000000000000000000000001e6d2ae00139d7600000000000000000000000085998f6c99833d1127301928248c97b6f168bdad00000000000000000000000065d08a056c17ae13370565b04cf77d2afa1cb9fa0000000000000000000000000000000000000000000000000000000000000000000000000000000000000000000000000000000000000000000000000000000200000000000000000000000024a9da1457f96c2b167d49377a776d302a5c4db3000000000000000000000000ac29373cbe03c88fb078488181f8a0650c58ca08c001a0134604c6fc50ee5d862ed5f0377c6a314cbdeb12ede16d27217344ceda1bc7d8a04c4f031f5bf14857904e3985c684f73da10f5ccb8b0f94380c505a17abf65742"
      ],
      "blockNumber": "0xb"
    }
  ]
}
Trying URL: http://172.16.4.27:8084/eth_sendBundle
Bundle sent successfully. Status: 202
nonceOffset: 51
nonceOffset before: 51
Current transaction count:  18
Generating swaps with params: {
  targetBlockNumber: 11,
  txsPerBundle: 1,
  sendRoute: 3,
  txStrategy: 'univ2',
  profRpcUrl: 'http://172.16.4.27:8084',
  nonceOffset: 51
}
Generating swaps with params: {}
Current nonce for 0x65D08a056c17Ae13370565B04cF77D2AfA1cB9FA: 18
Contract Addresses:
AtomicSwap: 0x71e67695DB8Bc44AA6BF2014142c42221967EE98
UniV2FactoryA: 0x85998F6C99833d1127301928248c97b6F168bDad
UniV2FactoryB: 0xf98265AeA01677961Bff51685B04eE3a6139206F
WETH: 0x24a9Da1457F96C2b167D49377A776d302A5C4dB3
DAI addresses: [ '0xAC29373CBe03C88Fb078488181F8a0650C58CA08' ]
[0x65D08a056c17Ae13370565B04cF77D2AfA1cB9FA] swapping 0.425269645608628659 WETH for DAI
Nonce calculation debug:
- currentNonce (from getTransactionCount): 18
- nonce.override: 51
- nonce.offset: undefined
- Final nonce value: 69
Sending bundle: [
  '0x02f90176833018244585012a05f2008512a05f2000830249f09471e67695db8bc44aa6bf2014142c42221967ee9880b901040cc7326300000000000000000000000000000000000000000000000000000000000000a000000000000000000000000000000000000000000000000005e6dc7d504231b3000000000000000000000000f98265aea01677961bff51685b04ee3a6139206f00000000000000000000000065d08a056c17ae13370565b04cf77d2afa1cb9fa0000000000000000000000000000000000000000000000000000000000000000000000000000000000000000000000000000000000000000000000000000000200000000000000000000000024a9da1457f96c2b167d49377a776d302a5c4db3000000000000000000000000ac29373cbe03c88fb078488181f8a0650c58ca08c001a0eee7b6dec42b9e79400a93e993da51efb9b28b51d42fa5d6448d81dcb1eb4855a0464c5af2ce555f922d7bccdfd397ecc57f599d3381f1e79c524e26a24c5a98d4'
]
Sending bundle to Prof RPC: http://172.16.4.27:8084
Request payload: {
  "jsonrpc": "2.0",
  "id": 1,
  "method": "eth_sendBundle",
  "params": [
    {
      "txs": [
        "0x02f90176833018244585012a05f2008512a05f2000830249f09471e67695db8bc44aa6bf2014142c42221967ee9880b901040cc7326300000000000000000000000000000000000000000000000000000000000000a000000000000000000000000000000000000000000000000005e6dc7d504231b3000000000000000000000000f98265aea01677961bff51685b04ee3a6139206f00000000000000000000000065d08a056c17ae13370565b04cf77d2afa1cb9fa0000000000000000000000000000000000000000000000000000000000000000000000000000000000000000000000000000000000000000000000000000000200000000000000000000000024a9da1457f96c2b167d49377a776d302a5c4db3000000000000000000000000ac29373cbe03c88fb078488181f8a0650c58ca08c001a0eee7b6dec42b9e79400a93e993da51efb9b28b51d42fa5d6448d81dcb1eb4855a0464c5af2ce555f922d7bccdfd397ecc57f599d3381f1e79c524e26a24c5a98d4"
      ],
      "blockNumber": "0xb"
    }
  ]
}
Trying URL: http://172.16.4.27:8084/eth_sendBundle
Bundle sent successfully. Status: 202
nonceOffset: 52
nonceOffset before: 52
Current transaction count:  18
Generating swaps with params: {
  targetBlockNumber: 11,
  txsPerBundle: 1,
  sendRoute: 3,
  txStrategy: 'univ2',
  profRpcUrl: 'http://172.16.4.27:8084',
  nonceOffset: 52
}
Generating swaps with params: {}
Current nonce for 0x65D08a056c17Ae13370565B04cF77D2AfA1cB9FA: 18
Contract Addresses:
AtomicSwap: 0x71e67695DB8Bc44AA6BF2014142c42221967EE98
UniV2FactoryA: 0x85998F6C99833d1127301928248c97b6F168bDad
UniV2FactoryB: 0xf98265AeA01677961Bff51685B04eE3a6139206F
WETH: 0x24a9Da1457F96C2b167D49377A776d302A5C4dB3
DAI addresses: [ '0xAC29373CBe03C88Fb078488181F8a0650C58CA08' ]
[0x65D08a056c17Ae13370565B04cF77D2AfA1cB9FA] swapping 671.0 DAI for WETH
Nonce calculation debug:
- currentNonce (from getTransactionCount): 18
- nonce.override: 52
- nonce.offset: undefined
- Final nonce value: 70
Sending bundle: [
  '0x02f90176833018244685012a05f2008512a05f2000830249f09471e67695db8bc44aa6bf2014142c42221967ee9880b901040cc7326300000000000000000000000000000000000000000000000000000000000000a00000000000000000000000000000000000000000000000245ffee0e3bf1c0000000000000000000000000000f98265aea01677961bff51685b04ee3a6139206f00000000000000000000000065d08a056c17ae13370565b04cf77d2afa1cb9fa00000000000000000000000000000000000000000000000000000000000000000000000000000000000000000000000000000000000000000000000000000002000000000000000000000000ac29373cbe03c88fb078488181f8a0650c58ca0800000000000000000000000024a9da1457f96c2b167d49377a776d302a5c4db3c001a09c24cff203832604a8ef895f4eb424cf82f4f9f8784af5466529d3e603344a30a0331379e15ad08efca153a784b3dd4c71dc6a7985c6ba0365531cf7e2bb816452'
]
Sending bundle to Prof RPC: http://172.16.4.27:8084
Request payload: {
  "jsonrpc": "2.0",
  "id": 1,
  "method": "eth_sendBundle",
  "params": [
    {
      "txs": [
        "0x02f90176833018244685012a05f2008512a05f2000830249f09471e67695db8bc44aa6bf2014142c42221967ee9880b901040cc7326300000000000000000000000000000000000000000000000000000000000000a00000000000000000000000000000000000000000000000245ffee0e3bf1c0000000000000000000000000000f98265aea01677961bff51685b04ee3a6139206f00000000000000000000000065d08a056c17ae13370565b04cf77d2afa1cb9fa00000000000000000000000000000000000000000000000000000000000000000000000000000000000000000000000000000000000000000000000000000002000000000000000000000000ac29373cbe03c88fb078488181f8a0650c58ca0800000000000000000000000024a9da1457f96c2b167d49377a776d302a5c4db3c001a09c24cff203832604a8ef895f4eb424cf82f4f9f8784af5466529d3e603344a30a0331379e15ad08efca153a784b3dd4c71dc6a7985c6ba0365531cf7e2bb816452"
      ],
      "blockNumber": "0xb"
    }
  ]
}
Trying URL: http://172.16.4.27:8084/eth_sendBundle
Bundle sent successfully. Status: 202
nonceOffset: 53
nonceOffset before: 53
Current transaction count:  18
Generating swaps with params: {
  targetBlockNumber: 11,
  txsPerBundle: 1,
  sendRoute: 3,
  txStrategy: 'univ2',
  profRpcUrl: 'http://172.16.4.27:8084',
  nonceOffset: 53
}
Generating swaps with params: {}
Current nonce for 0x65D08a056c17Ae13370565B04cF77D2AfA1cB9FA: 18
Contract Addresses:
AtomicSwap: 0x71e67695DB8Bc44AA6BF2014142c42221967EE98
UniV2FactoryA: 0x85998F6C99833d1127301928248c97b6F168bDad
UniV2FactoryB: 0xf98265AeA01677961Bff51685B04eE3a6139206F
WETH: 0x24a9Da1457F96C2b167D49377A776d302A5C4dB3
DAI addresses: [ '0xAC29373CBe03C88Fb078488181F8a0650C58CA08' ]
[0x65D08a056c17Ae13370565B04cF77D2AfA1cB9FA] swapping 0.629429892141756548 WETH for DAI
Nonce calculation debug:
- currentNonce (from getTransactionCount): 18
- nonce.override: 53
- nonce.offset: undefined
- Final nonce value: 71
Sending bundle: [
  '0x02f90176833018244785012a05f2008512a05f2000830249f09471e67695db8bc44aa6bf2014142c42221967ee9880b901040cc7326300000000000000000000000000000000000000000000000000000000000000a000000000000000000000000000000000000000000000000008bc2f26ec1f308400000000000000000000000085998f6c99833d1127301928248c97b6f168bdad00000000000000000000000065d08a056c17ae13370565b04cf77d2afa1cb9fa0000000000000000000000000000000000000000000000000000000000000000000000000000000000000000000000000000000000000000000000000000000200000000000000000000000024a9da1457f96c2b167d49377a776d302a5c4db3000000000000000000000000ac29373cbe03c88fb078488181f8a0650c58ca08c001a0b515312c7dbaa44a829011008b24d1605b8e8f47c960022fef82eeed8304bf69a0743a3b6734480b940f2ba9ce6848991a7078e762be1fef7e31f01592c1303bc7'
]
Sending bundle to Prof RPC: http://172.16.4.27:8084
Request payload: {
  "jsonrpc": "2.0",
  "id": 1,
  "method": "eth_sendBundle",
  "params": [
    {
      "txs": [
        "0x02f90176833018244785012a05f2008512a05f2000830249f09471e67695db8bc44aa6bf2014142c42221967ee9880b901040cc7326300000000000000000000000000000000000000000000000000000000000000a000000000000000000000000000000000000000000000000008bc2f26ec1f308400000000000000000000000085998f6c99833d1127301928248c97b6f168bdad00000000000000000000000065d08a056c17ae13370565b04cf77d2afa1cb9fa0000000000000000000000000000000000000000000000000000000000000000000000000000000000000000000000000000000000000000000000000000000200000000000000000000000024a9da1457f96c2b167d49377a776d302a5c4db3000000000000000000000000ac29373cbe03c88fb078488181f8a0650c58ca08c001a0b515312c7dbaa44a829011008b24d1605b8e8f47c960022fef82eeed8304bf69a0743a3b6734480b940f2ba9ce6848991a7078e762be1fef7e31f01592c1303bc7"
      ],
      "blockNumber": "0xb"
    }
  ]
}
Trying URL: http://172.16.4.27:8084/eth_sendBundle
Bundle sent successfully. Status: 202
nonceOffset: 54
nonceOffset before: 54
Current transaction count:  18
Generating swaps with params: {
  targetBlockNumber: 11,
  txsPerBundle: 1,
  sendRoute: 3,
  txStrategy: 'univ2',
  profRpcUrl: 'http://172.16.4.27:8084',
  nonceOffset: 54
}
Generating swaps with params: {}
Current nonce for 0x65D08a056c17Ae13370565B04cF77D2AfA1cB9FA: 18
Contract Addresses:
AtomicSwap: 0x71e67695DB8Bc44AA6BF2014142c42221967EE98
UniV2FactoryA: 0x85998F6C99833d1127301928248c97b6F168bDad
UniV2FactoryB: 0xf98265AeA01677961Bff51685B04eE3a6139206F
WETH: 0x24a9Da1457F96C2b167D49377A776d302A5C4dB3
DAI addresses: [ '0xAC29373CBe03C88Fb078488181F8a0650C58CA08' ]
[0x65D08a056c17Ae13370565B04cF77D2AfA1cB9FA] swapping 294.0 DAI for WETH
Nonce calculation debug:
- currentNonce (from getTransactionCount): 18
- nonce.override: 54
- nonce.offset: undefined
- Final nonce value: 72
Sending bundle: [
  '0x02f90176833018244885012a05f2008512a05f2000830249f09471e67695db8bc44aa6bf2014142c42221967ee9880b901040cc7326300000000000000000000000000000000000000000000000000000000000000a000000000000000000000000000000000000000000000000ff011d2523cd8000000000000000000000000000085998f6c99833d1127301928248c97b6f168bdad00000000000000000000000065d08a056c17ae13370565b04cf77d2afa1cb9fa00000000000000000000000000000000000000000000000000000000000000000000000000000000000000000000000000000000000000000000000000000002000000000000000000000000ac29373cbe03c88fb078488181f8a0650c58ca0800000000000000000000000024a9da1457f96c2b167d49377a776d302a5c4db3c080a0352e482dd1eea8e426ba82f68ce7920e58dee151f93b4644eb02ee0d1a409584a024e61a814956099bc534a6e1d4d3f833660d2b1d0a68e3d86b22fed6d048e02f'
]
Sending bundle to Prof RPC: http://172.16.4.27:8084
Request payload: {
  "jsonrpc": "2.0",
  "id": 1,
  "method": "eth_sendBundle",
  "params": [
    {
      "txs": [
        "0x02f90176833018244885012a05f2008512a05f2000830249f09471e67695db8bc44aa6bf2014142c42221967ee9880b901040cc7326300000000000000000000000000000000000000000000000000000000000000a000000000000000000000000000000000000000000000000ff011d2523cd8000000000000000000000000000085998f6c99833d1127301928248c97b6f168bdad00000000000000000000000065d08a056c17ae13370565b04cf77d2afa1cb9fa00000000000000000000000000000000000000000000000000000000000000000000000000000000000000000000000000000000000000000000000000000002000000000000000000000000ac29373cbe03c88fb078488181f8a0650c58ca0800000000000000000000000024a9da1457f96c2b167d49377a776d302a5c4db3c080a0352e482dd1eea8e426ba82f68ce7920e58dee151f93b4644eb02ee0d1a409584a024e61a814956099bc534a6e1d4d3f833660d2b1d0a68e3d86b22fed6d048e02f"
      ],
      "blockNumber": "0xb"
    }
  ]
}
Trying URL: http://172.16.4.27:8084/eth_sendBundle
Bundle sent successfully. Status: 202
nonceOffset: 55
nonceOffset before: 55
Current transaction count:  18
Generating swaps with params: {
  targetBlockNumber: 11,
  txsPerBundle: 1,
  sendRoute: 3,
  txStrategy: 'univ2',
  profRpcUrl: 'http://172.16.4.27:8084',
  nonceOffset: 55
}
Generating swaps with params: {}
Current nonce for 0x65D08a056c17Ae13370565B04cF77D2AfA1cB9FA: 18
Contract Addresses:
AtomicSwap: 0x71e67695DB8Bc44AA6BF2014142c42221967EE98
UniV2FactoryA: 0x85998F6C99833d1127301928248c97b6F168bDad
UniV2FactoryB: 0xf98265AeA01677961Bff51685B04eE3a6139206F
WETH: 0x24a9Da1457F96C2b167D49377A776d302A5C4dB3
DAI addresses: [ '0xAC29373CBe03C88Fb078488181F8a0650C58CA08' ]
[0x65D08a056c17Ae13370565B04cF77D2AfA1cB9FA] swapping 744.0 DAI for WETH
Nonce calculation debug:
- currentNonce (from getTransactionCount): 18
- nonce.override: 55
- nonce.offset: undefined
- Final nonce value: 73
Sending bundle: [
  '0x02f90176833018244985012a05f2008512a05f2000830249f09471e67695db8bc44aa6bf2014142c42221967ee9880b901040cc7326300000000000000000000000000000000000000000000000000000000000000a00000000000000000000000000000000000000000000000285512fa1e7aa00000000000000000000000000000f98265aea01677961bff51685b04ee3a6139206f00000000000000000000000065d08a056c17ae13370565b04cf77d2afa1cb9fa00000000000000000000000000000000000000000000000000000000000000000000000000000000000000000000000000000000000000000000000000000002000000000000000000000000ac29373cbe03c88fb078488181f8a0650c58ca0800000000000000000000000024a9da1457f96c2b167d49377a776d302a5c4db3c001a0900dfaa95ab0c10d5a742aecb0c925510be8faee896083d09c683ccfedd58371a05555636afa9cffa3976c679146c0312c10e4670d5113cf55f50272437b5df491'
]
Sending bundle to Prof RPC: http://172.16.4.27:8084
Request payload: {
  "jsonrpc": "2.0",
  "id": 1,
  "method": "eth_sendBundle",
  "params": [
    {
      "txs": [
        "0x02f90176833018244985012a05f2008512a05f2000830249f09471e67695db8bc44aa6bf2014142c42221967ee9880b901040cc7326300000000000000000000000000000000000000000000000000000000000000a00000000000000000000000000000000000000000000000285512fa1e7aa00000000000000000000000000000f98265aea01677961bff51685b04ee3a6139206f00000000000000000000000065d08a056c17ae13370565b04cf77d2afa1cb9fa00000000000000000000000000000000000000000000000000000000000000000000000000000000000000000000000000000000000000000000000000000002000000000000000000000000ac29373cbe03c88fb078488181f8a0650c58ca0800000000000000000000000024a9da1457f96c2b167d49377a776d302a5c4db3c001a0900dfaa95ab0c10d5a742aecb0c925510be8faee896083d09c683ccfedd58371a05555636afa9cffa3976c679146c0312c10e4670d5113cf55f50272437b5df491"
      ],
      "blockNumber": "0xb"
    }
  ]
}
Trying URL: http://172.16.4.27:8084/eth_sendBundle
Bundle sent successfully. Status: 202
nonceOffset: 56
nonceOffset before: 56
Current transaction count:  18
Generating swaps with params: {
  targetBlockNumber: 11,
  txsPerBundle: 1,
  sendRoute: 3,
  txStrategy: 'univ2',
  profRpcUrl: 'http://172.16.4.27:8084',
  nonceOffset: 56
}
Generating swaps with params: {}
Current nonce for 0x65D08a056c17Ae13370565B04cF77D2AfA1cB9FA: 18
Contract Addresses:
AtomicSwap: 0x71e67695DB8Bc44AA6BF2014142c42221967EE98
UniV2FactoryA: 0x85998F6C99833d1127301928248c97b6F168bDad
UniV2FactoryB: 0xf98265AeA01677961Bff51685B04eE3a6139206F
WETH: 0x24a9Da1457F96C2b167D49377A776d302A5C4dB3
DAI addresses: [ '0xAC29373CBe03C88Fb078488181F8a0650C58CA08' ]
[0x65D08a056c17Ae13370565B04cF77D2AfA1cB9FA] swapping 1027.0 DAI for WETH
Nonce calculation debug:
- currentNonce (from getTransactionCount): 18
- nonce.override: 56
- nonce.offset: undefined
- Final nonce value: 74
Sending bundle: [
  '0x02f90176833018244a85012a05f2008512a05f2000830249f09471e67695db8bc44aa6bf2014142c42221967ee9880b901040cc7326300000000000000000000000000000000000000000000000000000000000000a0000000000000000000000000000000000000000000000037ac7cf2b8862c000000000000000000000000000085998f6c99833d1127301928248c97b6f168bdad00000000000000000000000065d08a056c17ae13370565b04cf77d2afa1cb9fa00000000000000000000000000000000000000000000000000000000000000000000000000000000000000000000000000000000000000000000000000000002000000000000000000000000ac29373cbe03c88fb078488181f8a0650c58ca0800000000000000000000000024a9da1457f96c2b167d49377a776d302a5c4db3c001a0b05f702a003a970fe4a8b29d72db9639104d7951032c33da26203a28b91ca79ca0565541b5571be5b43b0f0eb3cfa35dbfe30f0dc89af0f5f5bdb52b8fe9d8a0f8'
]
Sending bundle to Prof RPC: http://172.16.4.27:8084
Request payload: {
  "jsonrpc": "2.0",
  "id": 1,
  "method": "eth_sendBundle",
  "params": [
    {
      "txs": [
        "0x02f90176833018244a85012a05f2008512a05f2000830249f09471e67695db8bc44aa6bf2014142c42221967ee9880b901040cc7326300000000000000000000000000000000000000000000000000000000000000a0000000000000000000000000000000000000000000000037ac7cf2b8862c000000000000000000000000000085998f6c99833d1127301928248c97b6f168bdad00000000000000000000000065d08a056c17ae13370565b04cf77d2afa1cb9fa00000000000000000000000000000000000000000000000000000000000000000000000000000000000000000000000000000000000000000000000000000002000000000000000000000000ac29373cbe03c88fb078488181f8a0650c58ca0800000000000000000000000024a9da1457f96c2b167d49377a776d302a5c4db3c001a0b05f702a003a970fe4a8b29d72db9639104d7951032c33da26203a28b91ca79ca0565541b5571be5b43b0f0eb3cfa35dbfe30f0dc89af0f5f5bdb52b8fe9d8a0f8"
      ],
      "blockNumber": "0xb"
    }
  ]
}
Trying URL: http://172.16.4.27:8084/eth_sendBundle
Bundle sent successfully. Status: 202
nonceOffset: 57
nonceOffset before: 57
Current transaction count:  18
Generating swaps with params: {
  targetBlockNumber: 11,
  txsPerBundle: 1,
  sendRoute: 3,
  txStrategy: 'univ2',
  profRpcUrl: 'http://172.16.4.27:8084',
  nonceOffset: 57
}
Generating swaps with params: {}
Current nonce for 0x65D08a056c17Ae13370565B04cF77D2AfA1cB9FA: 18
Contract Addresses:
AtomicSwap: 0x71e67695DB8Bc44AA6BF2014142c42221967EE98
UniV2FactoryA: 0x85998F6C99833d1127301928248c97b6F168bDad
UniV2FactoryB: 0xf98265AeA01677961Bff51685B04eE3a6139206F
WETH: 0x24a9Da1457F96C2b167D49377A776d302A5C4dB3
DAI addresses: [ '0xAC29373CBe03C88Fb078488181F8a0650C58CA08' ]
[0x65D08a056c17Ae13370565B04cF77D2AfA1cB9FA] swapping 0.297921478060046189 WETH for DAI
Nonce calculation debug:
- currentNonce (from getTransactionCount): 18
- nonce.override: 57
- nonce.offset: undefined
- Final nonce value: 75
Sending bundle: [
  '0x02f90176833018244b85012a05f2008512a05f2000830249f09471e67695db8bc44aa6bf2014142c42221967ee9880b901040cc7326300000000000000000000000000000000000000000000000000000000000000a000000000000000000000000000000000000000000000000004226e017eba776d000000000000000000000000f98265aea01677961bff51685b04ee3a6139206f00000000000000000000000065d08a056c17ae13370565b04cf77d2afa1cb9fa0000000000000000000000000000000000000000000000000000000000000000000000000000000000000000000000000000000000000000000000000000000200000000000000000000000024a9da1457f96c2b167d49377a776d302a5c4db3000000000000000000000000ac29373cbe03c88fb078488181f8a0650c58ca08c001a0c0424c51ab7c1c47336ca5ebf84a9d529880a82b2819722202489a6a0b267ddfa050f5077dbd2a4944d00c0c1da5b93774e41279c3cdb0aef412716691ef7869f5'
]
Sending bundle to Prof RPC: http://172.16.4.27:8084
Request payload: {
  "jsonrpc": "2.0",
  "id": 1,
  "method": "eth_sendBundle",
  "params": [
    {
      "txs": [
        "0x02f90176833018244b85012a05f2008512a05f2000830249f09471e67695db8bc44aa6bf2014142c42221967ee9880b901040cc7326300000000000000000000000000000000000000000000000000000000000000a000000000000000000000000000000000000000000000000004226e017eba776d000000000000000000000000f98265aea01677961bff51685b04ee3a6139206f00000000000000000000000065d08a056c17ae13370565b04cf77d2afa1cb9fa0000000000000000000000000000000000000000000000000000000000000000000000000000000000000000000000000000000000000000000000000000000200000000000000000000000024a9da1457f96c2b167d49377a776d302a5c4db3000000000000000000000000ac29373cbe03c88fb078488181f8a0650c58ca08c001a0c0424c51ab7c1c47336ca5ebf84a9d529880a82b2819722202489a6a0b267ddfa050f5077dbd2a4944d00c0c1da5b93774e41279c3cdb0aef412716691ef7869f5"
      ],
      "blockNumber": "0xb"
    }
  ]
}
Trying URL: http://172.16.4.27:8084/eth_sendBundle
Bundle sent successfully. Status: 202
nonceOffset: 58
nonceOffset before: 58
Current transaction count:  18
Generating swaps with params: {
  targetBlockNumber: 11,
  txsPerBundle: 1,
  sendRoute: 3,
  txStrategy: 'univ2',
  profRpcUrl: 'http://172.16.4.27:8084',
  nonceOffset: 58
}
Generating swaps with params: {}
Current nonce for 0x65D08a056c17Ae13370565B04cF77D2AfA1cB9FA: 18
Contract Addresses:
AtomicSwap: 0x71e67695DB8Bc44AA6BF2014142c42221967EE98
UniV2FactoryA: 0x85998F6C99833d1127301928248c97b6F168bDad
UniV2FactoryB: 0xf98265AeA01677961Bff51685B04eE3a6139206F
WETH: 0x24a9Da1457F96C2b167D49377A776d302A5C4dB3
DAI addresses: [ '0xAC29373CBe03C88Fb078488181F8a0650C58CA08' ]
[0x65D08a056c17Ae13370565B04cF77D2AfA1cB9FA] swapping 826.0 DAI for WETH
Nonce calculation debug:
- currentNonce (from getTransactionCount): 18
- nonce.override: 58
- nonce.offset: undefined
- Final nonce value: 76
Sending bundle: [
  '0x02f90176833018244c85012a05f2008512a05f2000830249f09471e67695db8bc44aa6bf2014142c42221967ee9880b901040cc7326300000000000000000000000000000000000000000000000000000000000000a000000000000000000000000000000000000000000000002cc70d7faa18a80000000000000000000000000000f98265aea01677961bff51685b04ee3a6139206f00000000000000000000000065d08a056c17ae13370565b04cf77d2afa1cb9fa00000000000000000000000000000000000000000000000000000000000000000000000000000000000000000000000000000000000000000000000000000002000000000000000000000000ac29373cbe03c88fb078488181f8a0650c58ca0800000000000000000000000024a9da1457f96c2b167d49377a776d302a5c4db3c080a001559021c331a0aaf92267699a45fab6bb897dc5dd1aad7c2d0742f16830ff91a06602e17e06ce8ff7ae5e89cb94048ee67c0187f846ba05a2d3cb40325230be5a'
]
Sending bundle to Prof RPC: http://172.16.4.27:8084
Request payload: {
  "jsonrpc": "2.0",
  "id": 1,
  "method": "eth_sendBundle",
  "params": [
    {
      "txs": [
        "0x02f90176833018244c85012a05f2008512a05f2000830249f09471e67695db8bc44aa6bf2014142c42221967ee9880b901040cc7326300000000000000000000000000000000000000000000000000000000000000a000000000000000000000000000000000000000000000002cc70d7faa18a80000000000000000000000000000f98265aea01677961bff51685b04ee3a6139206f00000000000000000000000065d08a056c17ae13370565b04cf77d2afa1cb9fa00000000000000000000000000000000000000000000000000000000000000000000000000000000000000000000000000000000000000000000000000000002000000000000000000000000ac29373cbe03c88fb078488181f8a0650c58ca0800000000000000000000000024a9da1457f96c2b167d49377a776d302a5c4db3c080a001559021c331a0aaf92267699a45fab6bb897dc5dd1aad7c2d0742f16830ff91a06602e17e06ce8ff7ae5e89cb94048ee67c0187f846ba05a2d3cb40325230be5a"
      ],
      "blockNumber": "0xb"
    }
  ]
}
Trying URL: http://172.16.4.27:8084/eth_sendBundle
Bundle sent successfully. Status: 202
nonceOffset: 59
nonceOffset before: 59
Current transaction count:  18
Generating swaps with params: {
  targetBlockNumber: 11,
  txsPerBundle: 1,
  sendRoute: 3,
  txStrategy: 'univ2',
  profRpcUrl: 'http://172.16.4.27:8084',
  nonceOffset: 59
}
Generating swaps with params: {}
Current nonce for 0x65D08a056c17Ae13370565B04cF77D2AfA1cB9FA: 18
Contract Addresses:
AtomicSwap: 0x71e67695DB8Bc44AA6BF2014142c42221967EE98
UniV2FactoryA: 0x85998F6C99833d1127301928248c97b6F168bDad
UniV2FactoryB: 0xf98265AeA01677961Bff51685B04eE3a6139206F
WETH: 0x24a9Da1457F96C2b167D49377A776d302A5C4dB3
DAI addresses: [ '0xAC29373CBe03C88Fb078488181F8a0650C58CA08' ]
[0x65D08a056c17Ae13370565B04cF77D2AfA1cB9FA] swapping 332.0 DAI for WETH
Nonce calculation debug:
- currentNonce (from getTransactionCount): 18
- nonce.override: 59
- nonce.offset: undefined
- Final nonce value: 77
Sending bundle: [
  '0x02f90176833018244d85012a05f2008512a05f2000830249f09471e67695db8bc44aa6bf2014142c42221967ee9880b901040cc7326300000000000000000000000000000000000000000000000000000000000000a0000000000000000000000000000000000000000000000011ff6cf0fd15b00000000000000000000000000000f98265aea01677961bff51685b04ee3a6139206f00000000000000000000000065d08a056c17ae13370565b04cf77d2afa1cb9fa00000000000000000000000000000000000000000000000000000000000000000000000000000000000000000000000000000000000000000000000000000002000000000000000000000000ac29373cbe03c88fb078488181f8a0650c58ca0800000000000000000000000024a9da1457f96c2b167d49377a776d302a5c4db3c080a0a1a87615fb91a98a14ccc43b449c80a3e05ff7da2396738bc558c2c864000384a07f984a25088d6dc2a52d1432f44317965a005cee5c200deafe34dd38c90f4706'
]
Sending bundle to Prof RPC: http://172.16.4.27:8084
Request payload: {
  "jsonrpc": "2.0",
  "id": 1,
  "method": "eth_sendBundle",
  "params": [
    {
      "txs": [
        "0x02f90176833018244d85012a05f2008512a05f2000830249f09471e67695db8bc44aa6bf2014142c42221967ee9880b901040cc7326300000000000000000000000000000000000000000000000000000000000000a0000000000000000000000000000000000000000000000011ff6cf0fd15b00000000000000000000000000000f98265aea01677961bff51685b04ee3a6139206f00000000000000000000000065d08a056c17ae13370565b04cf77d2afa1cb9fa00000000000000000000000000000000000000000000000000000000000000000000000000000000000000000000000000000000000000000000000000000002000000000000000000000000ac29373cbe03c88fb078488181f8a0650c58ca0800000000000000000000000024a9da1457f96c2b167d49377a776d302a5c4db3c080a0a1a87615fb91a98a14ccc43b449c80a3e05ff7da2396738bc558c2c864000384a07f984a25088d6dc2a52d1432f44317965a005cee5c200deafe34dd38c90f4706"
      ],
      "blockNumber": "0xb"
    }
  ]
}
Trying URL: http://172.16.4.27:8084/eth_sendBundle
Bundle sent successfully. Status: 202
nonceOffset: 60
nonceOffset before: 60
Current transaction count:  18
Generating swaps with params: {
  targetBlockNumber: 11,
  txsPerBundle: 1,
  sendRoute: 3,
  txStrategy: 'univ2',
  profRpcUrl: 'http://172.16.4.27:8084',
  nonceOffset: 60
}
Generating swaps with params: {}
Current nonce for 0x65D08a056c17Ae13370565B04cF77D2AfA1cB9FA: 18
Contract Addresses:
AtomicSwap: 0x71e67695DB8Bc44AA6BF2014142c42221967EE98
UniV2FactoryA: 0x85998F6C99833d1127301928248c97b6F168bDad
UniV2FactoryB: 0xf98265AeA01677961Bff51685B04eE3a6139206F
WETH: 0x24a9Da1457F96C2b167D49377A776d302A5C4dB3
DAI addresses: [ '0xAC29373CBe03C88Fb078488181F8a0650C58CA08' ]
[0x65D08a056c17Ae13370565B04cF77D2AfA1cB9FA] swapping 0.143187066974595842 WETH for DAI
Nonce calculation debug:
- currentNonce (from getTransactionCount): 18
- nonce.override: 60
- nonce.offset: undefined
- Final nonce value: 78
Sending bundle: [
  '0x02f90176833018244e85012a05f2008512a05f2000830249f09471e67695db8bc44aa6bf2014142c42221967ee9880b901040cc7326300000000000000000000000000000000000000000000000000000000000000a000000000000000000000000000000000000000000000000001fcb3e0f7736b02000000000000000000000000f98265aea01677961bff51685b04ee3a6139206f00000000000000000000000065d08a056c17ae13370565b04cf77d2afa1cb9fa0000000000000000000000000000000000000000000000000000000000000000000000000000000000000000000000000000000000000000000000000000000200000000000000000000000024a9da1457f96c2b167d49377a776d302a5c4db3000000000000000000000000ac29373cbe03c88fb078488181f8a0650c58ca08c001a0c9cb486d781069ff08cc4000d6f4f749a8df0d4915d065e36c08fb3673de8a77a0569b8585cdb28b31c853b57e2de43193c826b01c6b9ca2b1c19a2a5d388dace8'
]
Sending bundle to Prof RPC: http://172.16.4.27:8084
Request payload: {
  "jsonrpc": "2.0",
  "id": 1,
  "method": "eth_sendBundle",
  "params": [
    {
      "txs": [
        "0x02f90176833018244e85012a05f2008512a05f2000830249f09471e67695db8bc44aa6bf2014142c42221967ee9880b901040cc7326300000000000000000000000000000000000000000000000000000000000000a000000000000000000000000000000000000000000000000001fcb3e0f7736b02000000000000000000000000f98265aea01677961bff51685b04ee3a6139206f00000000000000000000000065d08a056c17ae13370565b04cf77d2afa1cb9fa0000000000000000000000000000000000000000000000000000000000000000000000000000000000000000000000000000000000000000000000000000000200000000000000000000000024a9da1457f96c2b167d49377a776d302a5c4db3000000000000000000000000ac29373cbe03c88fb078488181f8a0650c58ca08c001a0c9cb486d781069ff08cc4000d6f4f749a8df0d4915d065e36c08fb3673de8a77a0569b8585cdb28b31c853b57e2de43193c826b01c6b9ca2b1c19a2a5d388dace8"
      ],
      "blockNumber": "0xb"
    }
  ]
}
Trying URL: http://172.16.4.27:8084/eth_sendBundle
Bundle sent successfully. Status: 202
nonceOffset: 61
nonceOffset before: 61
Current transaction count:  18
Generating swaps with params: {
  targetBlockNumber: 11,
  txsPerBundle: 1,
  sendRoute: 3,
  txStrategy: 'univ2',
  profRpcUrl: 'http://172.16.4.27:8084',
  nonceOffset: 61
}
Generating swaps with params: {}
Current nonce for 0x65D08a056c17Ae13370565B04cF77D2AfA1cB9FA: 18
Contract Addresses:
AtomicSwap: 0x71e67695DB8Bc44AA6BF2014142c42221967EE98
UniV2FactoryA: 0x85998F6C99833d1127301928248c97b6F168bDad
UniV2FactoryB: 0xf98265AeA01677961Bff51685B04eE3a6139206F
WETH: 0x24a9Da1457F96C2b167D49377A776d302A5C4dB3
DAI addresses: [ '0xAC29373CBe03C88Fb078488181F8a0650C58CA08' ]
[0x65D08a056c17Ae13370565B04cF77D2AfA1cB9FA] swapping 613.0 DAI for WETH
Nonce calculation debug:
- currentNonce (from getTransactionCount): 18
- nonce.override: 61
- nonce.offset: undefined
- Final nonce value: 79
Sending bundle: [
  '0x02f90176833018244f85012a05f2008512a05f2000830249f09471e67695db8bc44aa6bf2014142c42221967ee9880b901040cc7326300000000000000000000000000000000000000000000000000000000000000a00000000000000000000000000000000000000000000000213b157c2fd2740000000000000000000000000000f98265aea01677961bff51685b04ee3a6139206f00000000000000000000000065d08a056c17ae13370565b04cf77d2afa1cb9fa00000000000000000000000000000000000000000000000000000000000000000000000000000000000000000000000000000000000000000000000000000002000000000000000000000000ac29373cbe03c88fb078488181f8a0650c58ca0800000000000000000000000024a9da1457f96c2b167d49377a776d302a5c4db3c001a0ad99cf066efff71237eaea811a4cb1a7b8eff00ad95621f3352de0f9121a25e2a0478f8459ffe739fff34c00e15665b2c273034a3d2ba71608e1ae3ed0abf902ce'
]
Sending bundle to Prof RPC: http://172.16.4.27:8084
Request payload: {
  "jsonrpc": "2.0",
  "id": 1,
  "method": "eth_sendBundle",
  "params": [
    {
      "txs": [
        "0x02f90176833018244f85012a05f2008512a05f2000830249f09471e67695db8bc44aa6bf2014142c42221967ee9880b901040cc7326300000000000000000000000000000000000000000000000000000000000000a00000000000000000000000000000000000000000000000213b157c2fd2740000000000000000000000000000f98265aea01677961bff51685b04ee3a6139206f00000000000000000000000065d08a056c17ae13370565b04cf77d2afa1cb9fa00000000000000000000000000000000000000000000000000000000000000000000000000000000000000000000000000000000000000000000000000000002000000000000000000000000ac29373cbe03c88fb078488181f8a0650c58ca0800000000000000000000000024a9da1457f96c2b167d49377a776d302a5c4db3c001a0ad99cf066efff71237eaea811a4cb1a7b8eff00ad95621f3352de0f9121a25e2a0478f8459ffe739fff34c00e15665b2c273034a3d2ba71608e1ae3ed0abf902ce"
      ],
      "blockNumber": "0xb"
    }
  ]
}
Trying URL: http://172.16.4.27:8084/eth_sendBundle
Bundle sent successfully. Status: 202
nonceOffset: 62
nonceOffset before: 62
Current transaction count:  18
Generating swaps with params: {
  targetBlockNumber: 11,
  txsPerBundle: 1,
  sendRoute: 3,
  txStrategy: 'univ2',
  profRpcUrl: 'http://172.16.4.27:8084',
  nonceOffset: 62
}
Generating swaps with params: {}
Current nonce for 0x65D08a056c17Ae13370565B04cF77D2AfA1cB9FA: 18
Contract Addresses:
AtomicSwap: 0x71e67695DB8Bc44AA6BF2014142c42221967EE98
UniV2FactoryA: 0x85998F6C99833d1127301928248c97b6F168bDad
UniV2FactoryB: 0xf98265AeA01677961Bff51685B04eE3a6139206F
WETH: 0x24a9Da1457F96C2b167D49377A776d302A5C4dB3
DAI addresses: [ '0xAC29373CBe03C88Fb078488181F8a0650C58CA08' ]
[0x65D08a056c17Ae13370565B04cF77D2AfA1cB9FA] swapping 253.0 DAI for WETH
Nonce calculation debug:
- currentNonce (from getTransactionCount): 18
- nonce.override: 62
- nonce.offset: undefined
- Final nonce value: 80
Sending bundle: [
  '0x02f90176833018245085012a05f2008512a05f2000830249f09471e67695db8bc44aa6bf2014142c42221967ee9880b901040cc7326300000000000000000000000000000000000000000000000000000000000000a000000000000000000000000000000000000000000000000db7148f8c6dd4000000000000000000000000000085998f6c99833d1127301928248c97b6f168bdad00000000000000000000000065d08a056c17ae13370565b04cf77d2afa1cb9fa00000000000000000000000000000000000000000000000000000000000000000000000000000000000000000000000000000000000000000000000000000002000000000000000000000000ac29373cbe03c88fb078488181f8a0650c58ca0800000000000000000000000024a9da1457f96c2b167d49377a776d302a5c4db3c080a0216b4e66a67c8770af62e4e492a8e231700bae0bfe1af381d987226110f86290a003e95a824b0643c9d48bcc81d2455733009b87aeef078bd0e59ded0b4eb48dd4'
]
Sending bundle to Prof RPC: http://172.16.4.27:8084
Request payload: {
  "jsonrpc": "2.0",
  "id": 1,
  "method": "eth_sendBundle",
  "params": [
    {
      "txs": [
        "0x02f90176833018245085012a05f2008512a05f2000830249f09471e67695db8bc44aa6bf2014142c42221967ee9880b901040cc7326300000000000000000000000000000000000000000000000000000000000000a000000000000000000000000000000000000000000000000db7148f8c6dd4000000000000000000000000000085998f6c99833d1127301928248c97b6f168bdad00000000000000000000000065d08a056c17ae13370565b04cf77d2afa1cb9fa00000000000000000000000000000000000000000000000000000000000000000000000000000000000000000000000000000000000000000000000000000002000000000000000000000000ac29373cbe03c88fb078488181f8a0650c58ca0800000000000000000000000024a9da1457f96c2b167d49377a776d302a5c4db3c080a0216b4e66a67c8770af62e4e492a8e231700bae0bfe1af381d987226110f86290a003e95a824b0643c9d48bcc81d2455733009b87aeef078bd0e59ded0b4eb48dd4"
      ],
      "blockNumber": "0xb"
    }
  ]
}
Trying URL: http://172.16.4.27:8084/eth_sendBundle
Bundle sent successfully. Status: 202
nonceOffset: 63
nonceOffset before: 63
Current transaction count:  18
Generating swaps with params: {
  targetBlockNumber: 11,
  txsPerBundle: 1,
  sendRoute: 3,
  txStrategy: 'univ2',
  profRpcUrl: 'http://172.16.4.27:8084',
  nonceOffset: 63
}
Generating swaps with params: {}
Current nonce for 0x65D08a056c17Ae13370565B04cF77D2AfA1cB9FA: 18
Contract Addresses:
AtomicSwap: 0x71e67695DB8Bc44AA6BF2014142c42221967EE98
UniV2FactoryA: 0x85998F6C99833d1127301928248c97b6F168bDad
UniV2FactoryB: 0xf98265AeA01677961Bff51685B04eE3a6139206F
WETH: 0x24a9Da1457F96C2b167D49377A776d302A5C4dB3
DAI addresses: [ '0xAC29373CBe03C88Fb078488181F8a0650C58CA08' ]
[0x65D08a056c17Ae13370565B04cF77D2AfA1cB9FA] swapping 0.583975346687211093 WETH for DAI
Nonce calculation debug:
- currentNonce (from getTransactionCount): 18
- nonce.override: 63
- nonce.offset: undefined
- Final nonce value: 81
Sending bundle: [
  '0x02f90176833018245185012a05f2008512a05f2000830249f09471e67695db8bc44aa6bf2014142c42221967ee9880b901040cc7326300000000000000000000000000000000000000000000000000000000000000a0000000000000000000000000000000000000000000000000081ab27bd8e0765500000000000000000000000085998f6c99833d1127301928248c97b6f168bdad00000000000000000000000065d08a056c17ae13370565b04cf77d2afa1cb9fa0000000000000000000000000000000000000000000000000000000000000000000000000000000000000000000000000000000000000000000000000000000200000000000000000000000024a9da1457f96c2b167d49377a776d302a5c4db3000000000000000000000000ac29373cbe03c88fb078488181f8a0650c58ca08c001a0cca5a6215e51d8a0c26b3c1fe9f4e96cb34bcfac067159f29a07c6d4d35ece9aa06a53acf78f36888740b141f2f66b906494cc84207af514ca9b3082dc47ff514f'
]
Sending bundle to Prof RPC: http://172.16.4.27:8084
Request payload: {
  "jsonrpc": "2.0",
  "id": 1,
  "method": "eth_sendBundle",
  "params": [
    {
      "txs": [
        "0x02f90176833018245185012a05f2008512a05f2000830249f09471e67695db8bc44aa6bf2014142c42221967ee9880b901040cc7326300000000000000000000000000000000000000000000000000000000000000a0000000000000000000000000000000000000000000000000081ab27bd8e0765500000000000000000000000085998f6c99833d1127301928248c97b6f168bdad00000000000000000000000065d08a056c17ae13370565b04cf77d2afa1cb9fa0000000000000000000000000000000000000000000000000000000000000000000000000000000000000000000000000000000000000000000000000000000200000000000000000000000024a9da1457f96c2b167d49377a776d302a5c4db3000000000000000000000000ac29373cbe03c88fb078488181f8a0650c58ca08c001a0cca5a6215e51d8a0c26b3c1fe9f4e96cb34bcfac067159f29a07c6d4d35ece9aa06a53acf78f36888740b141f2f66b906494cc84207af514ca9b3082dc47ff514f"
      ],
      "blockNumber": "0xb"
    }
  ]
}
Trying URL: http://172.16.4.27:8084/eth_sendBundle
Bundle sent successfully. Status: 202
nonceOffset: 64
nonceOffset before: 64
Current transaction count:  18
Generating swaps with params: {
  targetBlockNumber: 11,
  txsPerBundle: 1,
  sendRoute: 3,
  txStrategy: 'univ2',
  profRpcUrl: 'http://172.16.4.27:8084',
  nonceOffset: 64
}
Generating swaps with params: {}
Current nonce for 0x65D08a056c17Ae13370565B04cF77D2AfA1cB9FA: 18
Contract Addresses:
AtomicSwap: 0x71e67695DB8Bc44AA6BF2014142c42221967EE98
UniV2FactoryA: 0x85998F6C99833d1127301928248c97b6F168bDad
UniV2FactoryB: 0xf98265AeA01677961Bff51685B04eE3a6139206F
WETH: 0x24a9Da1457F96C2b167D49377A776d302A5C4dB3
DAI addresses: [ '0xAC29373CBe03C88Fb078488181F8a0650C58CA08' ]
[0x65D08a056c17Ae13370565B04cF77D2AfA1cB9FA] swapping 0.62172573189522342 WETH for DAI
Nonce calculation debug:
- currentNonce (from getTransactionCount): 18
- nonce.override: 64
- nonce.offset: undefined
- Final nonce value: 82
Sending bundle: [
  '0x02f90176833018245285012a05f2008512a05f2000830249f09471e67695db8bc44aa6bf2014142c42221967ee9880b901040cc7326300000000000000000000000000000000000000000000000000000000000000a000000000000000000000000000000000000000000000000008a0d0425555a47c00000000000000000000000085998f6c99833d1127301928248c97b6f168bdad00000000000000000000000065d08a056c17ae13370565b04cf77d2afa1cb9fa0000000000000000000000000000000000000000000000000000000000000000000000000000000000000000000000000000000000000000000000000000000200000000000000000000000024a9da1457f96c2b167d49377a776d302a5c4db3000000000000000000000000ac29373cbe03c88fb078488181f8a0650c58ca08c001a0e1cc3e9fd4969b2cf8ad06220ea474b9867e7e188a3d5d8d55a27b8615b09b60a06b743dd9658afce397351ce43adbdd274b539b3e723ab3639b441fca3aafd088'
]
Sending bundle to Prof RPC: http://172.16.4.27:8084
Request payload: {
  "jsonrpc": "2.0",
  "id": 1,
  "method": "eth_sendBundle",
  "params": [
    {
      "txs": [
        "0x02f90176833018245285012a05f2008512a05f2000830249f09471e67695db8bc44aa6bf2014142c42221967ee9880b901040cc7326300000000000000000000000000000000000000000000000000000000000000a000000000000000000000000000000000000000000000000008a0d0425555a47c00000000000000000000000085998f6c99833d1127301928248c97b6f168bdad00000000000000000000000065d08a056c17ae13370565b04cf77d2afa1cb9fa0000000000000000000000000000000000000000000000000000000000000000000000000000000000000000000000000000000000000000000000000000000200000000000000000000000024a9da1457f96c2b167d49377a776d302a5c4db3000000000000000000000000ac29373cbe03c88fb078488181f8a0650c58ca08c001a0e1cc3e9fd4969b2cf8ad06220ea474b9867e7e188a3d5d8d55a27b8615b09b60a06b743dd9658afce397351ce43adbdd274b539b3e723ab3639b441fca3aafd088"
      ],
      "blockNumber": "0xb"
    }
  ]
}
Trying URL: http://172.16.4.27:8084/eth_sendBundle
Bundle sent successfully. Status: 202
nonceOffset: 65
nonceOffset before: 65
Current transaction count:  18
Generating swaps with params: {
  targetBlockNumber: 11,
  txsPerBundle: 1,
  sendRoute: 3,
  txStrategy: 'univ2',
  profRpcUrl: 'http://172.16.4.27:8084',
  nonceOffset: 65
}
Generating swaps with params: {}
Current nonce for 0x65D08a056c17Ae13370565B04cF77D2AfA1cB9FA: 18
Contract Addresses:
AtomicSwap: 0x71e67695DB8Bc44AA6BF2014142c42221967EE98
UniV2FactoryA: 0x85998F6C99833d1127301928248c97b6F168bDad
UniV2FactoryB: 0xf98265AeA01677961Bff51685B04eE3a6139206F
WETH: 0x24a9Da1457F96C2b167D49377A776d302A5C4dB3
DAI addresses: [ '0xAC29373CBe03C88Fb078488181F8a0650C58CA08' ]
[0x65D08a056c17Ae13370565B04cF77D2AfA1cB9FA] swapping 731.0 DAI for WETH
Nonce calculation debug:
- currentNonce (from getTransactionCount): 18
- nonce.override: 65
- nonce.offset: undefined
- Final nonce value: 83
Sending bundle: [
  '0x02f90176833018245385012a05f2008512a05f2000830249f09471e67695db8bc44aa6bf2014142c42221967ee9880b901040cc7326300000000000000000000000000000000000000000000000000000000000000a0000000000000000000000000000000000000000000000027a0a9b2fefa8c0000000000000000000000000000f98265aea01677961bff51685b04ee3a6139206f00000000000000000000000065d08a056c17ae13370565b04cf77d2afa1cb9fa00000000000000000000000000000000000000000000000000000000000000000000000000000000000000000000000000000000000000000000000000000002000000000000000000000000ac29373cbe03c88fb078488181f8a0650c58ca0800000000000000000000000024a9da1457f96c2b167d49377a776d302a5c4db3c001a06a16530bb2e300ad42a658302d48cdf6a89df1f66174cea15982bf149390f3bca07c4abe03cb35e381d951342591f88066191ef0a3550ebbf013b00aff1ba8bbe4'
]
Sending bundle to Prof RPC: http://172.16.4.27:8084
Request payload: {
  "jsonrpc": "2.0",
  "id": 1,
  "method": "eth_sendBundle",
  "params": [
    {
      "txs": [
        "0x02f90176833018245385012a05f2008512a05f2000830249f09471e67695db8bc44aa6bf2014142c42221967ee9880b901040cc7326300000000000000000000000000000000000000000000000000000000000000a0000000000000000000000000000000000000000000000027a0a9b2fefa8c0000000000000000000000000000f98265aea01677961bff51685b04ee3a6139206f00000000000000000000000065d08a056c17ae13370565b04cf77d2afa1cb9fa00000000000000000000000000000000000000000000000000000000000000000000000000000000000000000000000000000000000000000000000000000002000000000000000000000000ac29373cbe03c88fb078488181f8a0650c58ca0800000000000000000000000024a9da1457f96c2b167d49377a776d302a5c4db3c001a06a16530bb2e300ad42a658302d48cdf6a89df1f66174cea15982bf149390f3bca07c4abe03cb35e381d951342591f88066191ef0a3550ebbf013b00aff1ba8bbe4"
      ],
      "blockNumber": "0xb"
    }
  ]
}
Trying URL: http://172.16.4.27:8084/eth_sendBundle
Bundle sent successfully. Status: 202
nonceOffset: 66
nonceOffset before: 66
Current transaction count:  18
Generating swaps with params: {
  targetBlockNumber: 11,
  txsPerBundle: 1,
  sendRoute: 3,
  txStrategy: 'univ2',
  profRpcUrl: 'http://172.16.4.27:8084',
  nonceOffset: 66
}
Generating swaps with params: {}
Current nonce for 0x65D08a056c17Ae13370565B04cF77D2AfA1cB9FA: 18
Contract Addresses:
AtomicSwap: 0x71e67695DB8Bc44AA6BF2014142c42221967EE98
UniV2FactoryA: 0x85998F6C99833d1127301928248c97b6F168bDad
UniV2FactoryB: 0xf98265AeA01677961Bff51685B04eE3a6139206F
WETH: 0x24a9Da1457F96C2b167D49377A776d302A5C4dB3
DAI addresses: [ '0xAC29373CBe03C88Fb078488181F8a0650C58CA08' ]
[0x65D08a056c17Ae13370565B04cF77D2AfA1cB9FA] swapping 0.099307159353348729 WETH for DAI
Nonce calculation debug:
- currentNonce (from getTransactionCount): 18
- nonce.override: 66
- nonce.offset: undefined
- Final nonce value: 84
Sending bundle: [
  '0x02f90176833018245485012a05f2008512a05f2000830249f09471e67695db8bc44aa6bf2014142c42221967ee9880b901040cc7326300000000000000000000000000000000000000000000000000000000000000a00000000000000000000000000000000000000000000000000160cf55d4e8d27900000000000000000000000085998f6c99833d1127301928248c97b6f168bdad00000000000000000000000065d08a056c17ae13370565b04cf77d2afa1cb9fa0000000000000000000000000000000000000000000000000000000000000000000000000000000000000000000000000000000000000000000000000000000200000000000000000000000024a9da1457f96c2b167d49377a776d302a5c4db3000000000000000000000000ac29373cbe03c88fb078488181f8a0650c58ca08c080a0a564eb3b161a28a283ce86ab8737276875fc9a08a51fc677e7db0c54b81a2184a05c7da3078ad674868941e700ff3ba3ef7e96f01370316e45c031a065cda71e83'
]
Sending bundle to Prof RPC: http://172.16.4.27:8084
Request payload: {
  "jsonrpc": "2.0",
  "id": 1,
  "method": "eth_sendBundle",
  "params": [
    {
      "txs": [
        "0x02f90176833018245485012a05f2008512a05f2000830249f09471e67695db8bc44aa6bf2014142c42221967ee9880b901040cc7326300000000000000000000000000000000000000000000000000000000000000a00000000000000000000000000000000000000000000000000160cf55d4e8d27900000000000000000000000085998f6c99833d1127301928248c97b6f168bdad00000000000000000000000065d08a056c17ae13370565b04cf77d2afa1cb9fa0000000000000000000000000000000000000000000000000000000000000000000000000000000000000000000000000000000000000000000000000000000200000000000000000000000024a9da1457f96c2b167d49377a776d302a5c4db3000000000000000000000000ac29373cbe03c88fb078488181f8a0650c58ca08c080a0a564eb3b161a28a283ce86ab8737276875fc9a08a51fc677e7db0c54b81a2184a05c7da3078ad674868941e700ff3ba3ef7e96f01370316e45c031a065cda71e83"
      ],
      "blockNumber": "0xb"
    }
  ]
}
Trying URL: http://172.16.4.27:8084/eth_sendBundle
Bundle sent successfully. Status: 202
nonceOffset: 67
nonceOffset before: 67
Current transaction count:  18
Generating swaps with params: {
  targetBlockNumber: 11,
  txsPerBundle: 1,
  sendRoute: 3,
  txStrategy: 'univ2',
  profRpcUrl: 'http://172.16.4.27:8084',
  nonceOffset: 67
}
Generating swaps with params: {}
Current nonce for 0x65D08a056c17Ae13370565B04cF77D2AfA1cB9FA: 18
Contract Addresses:
AtomicSwap: 0x71e67695DB8Bc44AA6BF2014142c42221967EE98
UniV2FactoryA: 0x85998F6C99833d1127301928248c97b6F168bDad
UniV2FactoryB: 0xf98265AeA01677961Bff51685B04eE3a6139206F
WETH: 0x24a9Da1457F96C2b167D49377A776d302A5C4dB3
DAI addresses: [ '0xAC29373CBe03C88Fb078488181F8a0650C58CA08' ]
[0x65D08a056c17Ae13370565B04cF77D2AfA1cB9FA] swapping 0.253271747498075442 WETH for DAI
Nonce calculation debug:
- currentNonce (from getTransactionCount): 18
- nonce.override: 67
- nonce.offset: undefined
- Final nonce value: 85
Sending bundle: [
  '0x02f90176833018245585012a05f2008512a05f2000830249f09471e67695db8bc44aa6bf2014142c42221967ee9880b901040cc7326300000000000000000000000000000000000000000000000000000000000000a00000000000000000000000000000000000000000000000000383cd4ffd43e532000000000000000000000000f98265aea01677961bff51685b04ee3a6139206f00000000000000000000000065d08a056c17ae13370565b04cf77d2afa1cb9fa0000000000000000000000000000000000000000000000000000000000000000000000000000000000000000000000000000000000000000000000000000000200000000000000000000000024a9da1457f96c2b167d49377a776d302a5c4db3000000000000000000000000ac29373cbe03c88fb078488181f8a0650c58ca08c080a0932927cfb674f62b8d7cd49688892337bdb2527051e5766eb2afc8fefe238e36a07ed7e99c2370e90586132d9b6547d88d9abb81f011010134ac4ca9f4b00a3838'
]
Sending bundle to Prof RPC: http://172.16.4.27:8084
Request payload: {
  "jsonrpc": "2.0",
  "id": 1,
  "method": "eth_sendBundle",
  "params": [
    {
      "txs": [
        "0x02f90176833018245585012a05f2008512a05f2000830249f09471e67695db8bc44aa6bf2014142c42221967ee9880b901040cc7326300000000000000000000000000000000000000000000000000000000000000a00000000000000000000000000000000000000000000000000383cd4ffd43e532000000000000000000000000f98265aea01677961bff51685b04ee3a6139206f00000000000000000000000065d08a056c17ae13370565b04cf77d2afa1cb9fa0000000000000000000000000000000000000000000000000000000000000000000000000000000000000000000000000000000000000000000000000000000200000000000000000000000024a9da1457f96c2b167d49377a776d302a5c4db3000000000000000000000000ac29373cbe03c88fb078488181f8a0650c58ca08c080a0932927cfb674f62b8d7cd49688892337bdb2527051e5766eb2afc8fefe238e36a07ed7e99c2370e90586132d9b6547d88d9abb81f011010134ac4ca9f4b00a3838"
      ],
      "blockNumber": "0xb"
    }
  ]
}
Trying URL: http://172.16.4.27:8084/eth_sendBundle
Bundle sent successfully. Status: 202
nonceOffset: 68
nonceOffset before: 68
Current transaction count:  18
Generating swaps with params: {
  targetBlockNumber: 11,
  txsPerBundle: 1,
  sendRoute: 3,
  txStrategy: 'univ2',
  profRpcUrl: 'http://172.16.4.27:8084',
  nonceOffset: 68
}
Generating swaps with params: {}
Current nonce for 0x65D08a056c17Ae13370565B04cF77D2AfA1cB9FA: 18
Contract Addresses:
AtomicSwap: 0x71e67695DB8Bc44AA6BF2014142c42221967EE98
UniV2FactoryA: 0x85998F6C99833d1127301928248c97b6F168bDad
UniV2FactoryB: 0xf98265AeA01677961Bff51685B04eE3a6139206F
WETH: 0x24a9Da1457F96C2b167D49377A776d302A5C4dB3
DAI addresses: [ '0xAC29373CBe03C88Fb078488181F8a0650C58CA08' ]
[0x65D08a056c17Ae13370565B04cF77D2AfA1cB9FA] swapping 530.0 DAI for WETH
Nonce calculation debug:
- currentNonce (from getTransactionCount): 18
- nonce.override: 68
- nonce.offset: undefined
- Final nonce value: 86
Sending bundle: [
  '0x02f90176833018245685012a05f2008512a05f2000830249f09471e67695db8bc44aa6bf2014142c42221967ee9880b901040cc7326300000000000000000000000000000000000000000000000000000000000000a000000000000000000000000000000000000000000000001cbb3a3ff08d080000000000000000000000000000f98265aea01677961bff51685b04ee3a6139206f00000000000000000000000065d08a056c17ae13370565b04cf77d2afa1cb9fa00000000000000000000000000000000000000000000000000000000000000000000000000000000000000000000000000000000000000000000000000000002000000000000000000000000ac29373cbe03c88fb078488181f8a0650c58ca0800000000000000000000000024a9da1457f96c2b167d49377a776d302a5c4db3c080a0fbc85e01c87154186c2a47f27968c69b86b665ce10a20c55487788d32b5ecd5da0613f6b8b75df8a3bb0610932f8727bbeabe3b2ff12a38cb6370c44bbd34fbc84'
]
Sending bundle to Prof RPC: http://172.16.4.27:8084
Request payload: {
  "jsonrpc": "2.0",
  "id": 1,
  "method": "eth_sendBundle",
  "params": [
    {
      "txs": [
        "0x02f90176833018245685012a05f2008512a05f2000830249f09471e67695db8bc44aa6bf2014142c42221967ee9880b901040cc7326300000000000000000000000000000000000000000000000000000000000000a000000000000000000000000000000000000000000000001cbb3a3ff08d080000000000000000000000000000f98265aea01677961bff51685b04ee3a6139206f00000000000000000000000065d08a056c17ae13370565b04cf77d2afa1cb9fa00000000000000000000000000000000000000000000000000000000000000000000000000000000000000000000000000000000000000000000000000000002000000000000000000000000ac29373cbe03c88fb078488181f8a0650c58ca0800000000000000000000000024a9da1457f96c2b167d49377a776d302a5c4db3c080a0fbc85e01c87154186c2a47f27968c69b86b665ce10a20c55487788d32b5ecd5da0613f6b8b75df8a3bb0610932f8727bbeabe3b2ff12a38cb6370c44bbd34fbc84"
      ],
      "blockNumber": "0xb"
    }
  ]
}
Trying URL: http://172.16.4.27:8084/eth_sendBundle
Bundle sent successfully. Status: 202
nonceOffset: 69
nonceOffset before: 69
Current transaction count:  18
Generating swaps with params: {
  targetBlockNumber: 11,
  txsPerBundle: 1,
  sendRoute: 3,
  txStrategy: 'univ2',
  profRpcUrl: 'http://172.16.4.27:8084',
  nonceOffset: 69
}
Generating swaps with params: {}
Current nonce for 0x65D08a056c17Ae13370565B04cF77D2AfA1cB9FA: 18
Contract Addresses:
AtomicSwap: 0x71e67695DB8Bc44AA6BF2014142c42221967EE98
UniV2FactoryA: 0x85998F6C99833d1127301928248c97b6F168bDad
UniV2FactoryB: 0xf98265AeA01677961Bff51685B04eE3a6139206F
WETH: 0x24a9Da1457F96C2b167D49377A776d302A5C4dB3
DAI addresses: [ '0xAC29373CBe03C88Fb078488181F8a0650C58CA08' ]
[0x65D08a056c17Ae13370565B04cF77D2AfA1cB9FA] swapping 0.728043143297380585 WETH for DAI
Nonce calculation debug:
- currentNonce (from getTransactionCount): 18
- nonce.override: 69
- nonce.offset: undefined
- Final nonce value: 87
Sending bundle: [
  '0x02f90176833018245785012a05f2008512a05f2000830249f09471e67695db8bc44aa6bf2014142c42221967ee9880b901040cc7326300000000000000000000000000000000000000000000000000000000000000a00000000000000000000000000000000000000000000000000a1a8761a96630e9000000000000000000000000f98265aea01677961bff51685b04ee3a6139206f00000000000000000000000065d08a056c17ae13370565b04cf77d2afa1cb9fa0000000000000000000000000000000000000000000000000000000000000000000000000000000000000000000000000000000000000000000000000000000200000000000000000000000024a9da1457f96c2b167d49377a776d302a5c4db3000000000000000000000000ac29373cbe03c88fb078488181f8a0650c58ca08c001a09bd5bdaae657f879d137ebba0bfc46717c8384ef949e337b370803c6cd605127a06c2473ca2686e78950dd83b9a196ba08724f65dd4a610d38bf6a431032ab2ff0'
]
Sending bundle to Prof RPC: http://172.16.4.27:8084
Request payload: {
  "jsonrpc": "2.0",
  "id": 1,
  "method": "eth_sendBundle",
  "params": [
    {
      "txs": [
        "0x02f90176833018245785012a05f2008512a05f2000830249f09471e67695db8bc44aa6bf2014142c42221967ee9880b901040cc7326300000000000000000000000000000000000000000000000000000000000000a00000000000000000000000000000000000000000000000000a1a8761a96630e9000000000000000000000000f98265aea01677961bff51685b04ee3a6139206f00000000000000000000000065d08a056c17ae13370565b04cf77d2afa1cb9fa0000000000000000000000000000000000000000000000000000000000000000000000000000000000000000000000000000000000000000000000000000000200000000000000000000000024a9da1457f96c2b167d49377a776d302a5c4db3000000000000000000000000ac29373cbe03c88fb078488181f8a0650c58ca08c001a09bd5bdaae657f879d137ebba0bfc46717c8384ef949e337b370803c6cd605127a06c2473ca2686e78950dd83b9a196ba08724f65dd4a610d38bf6a431032ab2ff0"
      ],
      "blockNumber": "0xb"
    }
  ]
}
Trying URL: http://172.16.4.27:8084/eth_sendBundle
Bundle sent successfully. Status: 202
nonceOffset: 70
nonceOffset before: 70
Current transaction count:  18
Generating swaps with params: {
  targetBlockNumber: 11,
  txsPerBundle: 1,
  sendRoute: 3,
  txStrategy: 'univ2',
  profRpcUrl: 'http://172.16.4.27:8084',
  nonceOffset: 70
}
Generating swaps with params: {}
Current nonce for 0x65D08a056c17Ae13370565B04cF77D2AfA1cB9FA: 18
Contract Addresses:
AtomicSwap: 0x71e67695DB8Bc44AA6BF2014142c42221967EE98
UniV2FactoryA: 0x85998F6C99833d1127301928248c97b6F168bDad
UniV2FactoryB: 0xf98265AeA01677961Bff51685B04eE3a6139206F
WETH: 0x24a9Da1457F96C2b167D49377A776d302A5C4dB3
DAI addresses: [ '0xAC29373CBe03C88Fb078488181F8a0650C58CA08' ]
[0x65D08a056c17Ae13370565B04cF77D2AfA1cB9FA] swapping 540.0 DAI for WETH
Nonce calculation debug:
- currentNonce (from getTransactionCount): 18
- nonce.override: 70
- nonce.offset: undefined
- Final nonce value: 88
Sending bundle: [
  '0x02f90176833018245885012a05f2008512a05f2000830249f09471e67695db8bc44aa6bf2014142c42221967ee9880b901040cc7326300000000000000000000000000000000000000000000000000000000000000a000000000000000000000000000000000000000000000001d460162f516f0000000000000000000000000000085998f6c99833d1127301928248c97b6f168bdad00000000000000000000000065d08a056c17ae13370565b04cf77d2afa1cb9fa00000000000000000000000000000000000000000000000000000000000000000000000000000000000000000000000000000000000000000000000000000002000000000000000000000000ac29373cbe03c88fb078488181f8a0650c58ca0800000000000000000000000024a9da1457f96c2b167d49377a776d302a5c4db3c080a002fa3b3083c2db6c32c7dcea5962eebc59058ff4dc93f4af32f33f455f68e15ca073ad0bc66421f234bb6ce42f75bb3556e21b601a9c2b97873b41a354943d3a3e'
]
Sending bundle to Prof RPC: http://172.16.4.27:8084
Request payload: {
  "jsonrpc": "2.0",
  "id": 1,
  "method": "eth_sendBundle",
  "params": [
    {
      "txs": [
        "0x02f90176833018245885012a05f2008512a05f2000830249f09471e67695db8bc44aa6bf2014142c42221967ee9880b901040cc7326300000000000000000000000000000000000000000000000000000000000000a000000000000000000000000000000000000000000000001d460162f516f0000000000000000000000000000085998f6c99833d1127301928248c97b6f168bdad00000000000000000000000065d08a056c17ae13370565b04cf77d2afa1cb9fa00000000000000000000000000000000000000000000000000000000000000000000000000000000000000000000000000000000000000000000000000000002000000000000000000000000ac29373cbe03c88fb078488181f8a0650c58ca0800000000000000000000000024a9da1457f96c2b167d49377a776d302a5c4db3c080a002fa3b3083c2db6c32c7dcea5962eebc59058ff4dc93f4af32f33f455f68e15ca073ad0bc66421f234bb6ce42f75bb3556e21b601a9c2b97873b41a354943d3a3e"
      ],
      "blockNumber": "0xb"
    }
  ]
}
Trying URL: http://172.16.4.27:8084/eth_sendBundle
Bundle sent successfully. Status: 202
nonceOffset: 71
nonceOffset before: 71
Current transaction count:  18
Generating swaps with params: {
  targetBlockNumber: 11,
  txsPerBundle: 1,
  sendRoute: 3,
  txStrategy: 'univ2',
  profRpcUrl: 'http://172.16.4.27:8084',
  nonceOffset: 71
}
Generating swaps with params: {}
Current nonce for 0x65D08a056c17Ae13370565B04cF77D2AfA1cB9FA: 18
Contract Addresses:
AtomicSwap: 0x71e67695DB8Bc44AA6BF2014142c42221967EE98
UniV2FactoryA: 0x85998F6C99833d1127301928248c97b6F168bDad
UniV2FactoryB: 0xf98265AeA01677961Bff51685B04eE3a6139206F
WETH: 0x24a9Da1457F96C2b167D49377A776d302A5C4dB3
DAI addresses: [ '0xAC29373CBe03C88Fb078488181F8a0650C58CA08' ]
[0x65D08a056c17Ae13370565B04cF77D2AfA1cB9FA] swapping 0.601694915254237288 WETH for DAI
Nonce calculation debug:
- currentNonce (from getTransactionCount): 18
- nonce.override: 71
- nonce.offset: undefined
- Final nonce value: 89
Sending bundle: [
  '0x02f90176833018245985012a05f2008512a05f2000830249f09471e67695db8bc44aa6bf2014142c42221967ee9880b901040cc7326300000000000000000000000000000000000000000000000000000000000000a00000000000000000000000000000000000000000000000000859a65666e3386800000000000000000000000085998f6c99833d1127301928248c97b6f168bdad00000000000000000000000065d08a056c17ae13370565b04cf77d2afa1cb9fa0000000000000000000000000000000000000000000000000000000000000000000000000000000000000000000000000000000000000000000000000000000200000000000000000000000024a9da1457f96c2b167d49377a776d302a5c4db3000000000000000000000000ac29373cbe03c88fb078488181f8a0650c58ca08c001a04dcec238181cbcfd118ffb9c0972f521ddc77e4481420415a4c1768ea19be969a06ec40d09c4934ae6aafbb5f50bcafde44677b03460bcc51671cc93f2c75634a2'
]
Sending bundle to Prof RPC: http://172.16.4.27:8084
Request payload: {
  "jsonrpc": "2.0",
  "id": 1,
  "method": "eth_sendBundle",
  "params": [
    {
      "txs": [
        "0x02f90176833018245985012a05f2008512a05f2000830249f09471e67695db8bc44aa6bf2014142c42221967ee9880b901040cc7326300000000000000000000000000000000000000000000000000000000000000a00000000000000000000000000000000000000000000000000859a65666e3386800000000000000000000000085998f6c99833d1127301928248c97b6f168bdad00000000000000000000000065d08a056c17ae13370565b04cf77d2afa1cb9fa0000000000000000000000000000000000000000000000000000000000000000000000000000000000000000000000000000000000000000000000000000000200000000000000000000000024a9da1457f96c2b167d49377a776d302a5c4db3000000000000000000000000ac29373cbe03c88fb078488181f8a0650c58ca08c001a04dcec238181cbcfd118ffb9c0972f521ddc77e4481420415a4c1768ea19be969a06ec40d09c4934ae6aafbb5f50bcafde44677b03460bcc51671cc93f2c75634a2"
      ],
      "blockNumber": "0xb"
    }
  ]
}
Trying URL: http://172.16.4.27:8084/eth_sendBundle
Bundle sent successfully. Status: 202
nonceOffset: 72
nonceOffset before: 72
Current transaction count:  18
Generating swaps with params: {
  targetBlockNumber: 11,
  txsPerBundle: 1,
  sendRoute: 3,
  txStrategy: 'univ2',
  profRpcUrl: 'http://172.16.4.27:8084',
  nonceOffset: 72
}
Generating swaps with params: {}
Current nonce for 0x65D08a056c17Ae13370565B04cF77D2AfA1cB9FA: 18
Contract Addresses:
AtomicSwap: 0x71e67695DB8Bc44AA6BF2014142c42221967EE98
UniV2FactoryA: 0x85998F6C99833d1127301928248c97b6F168bDad
UniV2FactoryB: 0xf98265AeA01677961Bff51685B04eE3a6139206F
WETH: 0x24a9Da1457F96C2b167D49377A776d302A5C4dB3
DAI addresses: [ '0xAC29373CBe03C88Fb078488181F8a0650C58CA08' ]
[0x65D08a056c17Ae13370565B04cF77D2AfA1cB9FA] swapping 0.624036979969183359 WETH for DAI
Nonce calculation debug:
- currentNonce (from getTransactionCount): 18
- nonce.override: 72
- nonce.offset: undefined
- Final nonce value: 90
Sending bundle: [
  '0x02f90176833018245a85012a05f2008512a05f2000830249f09471e67695db8bc44aa6bf2014142c42221967ee9880b901040cc7326300000000000000000000000000000000000000000000000000000000000000a000000000000000000000000000000000000000000000000008a90653b5c54e7f00000000000000000000000085998f6c99833d1127301928248c97b6f168bdad00000000000000000000000065d08a056c17ae13370565b04cf77d2afa1cb9fa0000000000000000000000000000000000000000000000000000000000000000000000000000000000000000000000000000000000000000000000000000000200000000000000000000000024a9da1457f96c2b167d49377a776d302a5c4db3000000000000000000000000ac29373cbe03c88fb078488181f8a0650c58ca08c001a0336e070cdb751d4ced4e16d1cd5af20f21d15d80efddbe9d67fe4770397348d7a022f076675cc49666f6b788b3e58b180f1ff4da78e8895089a4a5a735f21b3453'
]
Sending bundle to Prof RPC: http://172.16.4.27:8084
Request payload: {
  "jsonrpc": "2.0",
  "id": 1,
  "method": "eth_sendBundle",
  "params": [
    {
      "txs": [
        "0x02f90176833018245a85012a05f2008512a05f2000830249f09471e67695db8bc44aa6bf2014142c42221967ee9880b901040cc7326300000000000000000000000000000000000000000000000000000000000000a000000000000000000000000000000000000000000000000008a90653b5c54e7f00000000000000000000000085998f6c99833d1127301928248c97b6f168bdad00000000000000000000000065d08a056c17ae13370565b04cf77d2afa1cb9fa0000000000000000000000000000000000000000000000000000000000000000000000000000000000000000000000000000000000000000000000000000000200000000000000000000000024a9da1457f96c2b167d49377a776d302a5c4db3000000000000000000000000ac29373cbe03c88fb078488181f8a0650c58ca08c001a0336e070cdb751d4ced4e16d1cd5af20f21d15d80efddbe9d67fe4770397348d7a022f076675cc49666f6b788b3e58b180f1ff4da78e8895089a4a5a735f21b3453"
      ],
      "blockNumber": "0xb"
    }
  ]
}
Trying URL: http://172.16.4.27:8084/eth_sendBundle
Bundle sent successfully. Status: 202
nonceOffset: 73
nonceOffset before: 73
Current transaction count:  18
Generating swaps with params: {
  targetBlockNumber: 11,
  txsPerBundle: 1,
  sendRoute: 3,
  txStrategy: 'univ2',
  profRpcUrl: 'http://172.16.4.27:8084',
  nonceOffset: 73
}
Generating swaps with params: {}
Current nonce for 0x65D08a056c17Ae13370565B04cF77D2AfA1cB9FA: 18
Contract Addresses:
AtomicSwap: 0x71e67695DB8Bc44AA6BF2014142c42221967EE98
UniV2FactoryA: 0x85998F6C99833d1127301928248c97b6F168bDad
UniV2FactoryB: 0xf98265AeA01677961Bff51685B04eE3a6139206F
WETH: 0x24a9Da1457F96C2b167D49377A776d302A5C4dB3
DAI addresses: [ '0xAC29373CBe03C88Fb078488181F8a0650C58CA08' ]
[0x65D08a056c17Ae13370565B04cF77D2AfA1cB9FA] swapping 743.0 DAI for WETH
Nonce calculation debug:
- currentNonce (from getTransactionCount): 18
- nonce.override: 73
- nonce.offset: undefined
- Final nonce value: 91
Sending bundle: [
  '0x02f90176833018245b85012a05f2008512a05f2000830249f09471e67695db8bc44aa6bf2014142c42221967ee9880b901040cc7326300000000000000000000000000000000000000000000000000000000000000a00000000000000000000000000000000000000000000000284732436ad33c0000000000000000000000000000f98265aea01677961bff51685b04ee3a6139206f00000000000000000000000065d08a056c17ae13370565b04cf77d2afa1cb9fa00000000000000000000000000000000000000000000000000000000000000000000000000000000000000000000000000000000000000000000000000000002000000000000000000000000ac29373cbe03c88fb078488181f8a0650c58ca0800000000000000000000000024a9da1457f96c2b167d49377a776d302a5c4db3c080a0f5d44016a592cb8ef852d4eb089de4aba2c2c9f44e7900a41d6a82a9d1cf8e6ea07185bdeb772c030782ec9003bec21c14cb0f9420298560941256044ab0cc1148'
]
Sending bundle to Prof RPC: http://172.16.4.27:8084
Request payload: {
  "jsonrpc": "2.0",
  "id": 1,
  "method": "eth_sendBundle",
  "params": [
    {
      "txs": [
        "0x02f90176833018245b85012a05f2008512a05f2000830249f09471e67695db8bc44aa6bf2014142c42221967ee9880b901040cc7326300000000000000000000000000000000000000000000000000000000000000a00000000000000000000000000000000000000000000000284732436ad33c0000000000000000000000000000f98265aea01677961bff51685b04ee3a6139206f00000000000000000000000065d08a056c17ae13370565b04cf77d2afa1cb9fa00000000000000000000000000000000000000000000000000000000000000000000000000000000000000000000000000000000000000000000000000000002000000000000000000000000ac29373cbe03c88fb078488181f8a0650c58ca0800000000000000000000000024a9da1457f96c2b167d49377a776d302a5c4db3c080a0f5d44016a592cb8ef852d4eb089de4aba2c2c9f44e7900a41d6a82a9d1cf8e6ea07185bdeb772c030782ec9003bec21c14cb0f9420298560941256044ab0cc1148"
      ],
      "blockNumber": "0xb"
    }
  ]
}
Trying URL: http://172.16.4.27:8084/eth_sendBundle
Bundle sent successfully. Status: 202
nonceOffset: 74
nonceOffset before: 74
Current transaction count:  18
Generating swaps with params: {
  targetBlockNumber: 11,
  txsPerBundle: 1,
  sendRoute: 3,
  txStrategy: 'univ2',
  profRpcUrl: 'http://172.16.4.27:8084',
  nonceOffset: 74
}
Generating swaps with params: {}
Current nonce for 0x65D08a056c17Ae13370565B04cF77D2AfA1cB9FA: 18
Contract Addresses:
AtomicSwap: 0x71e67695DB8Bc44AA6BF2014142c42221967EE98
UniV2FactoryA: 0x85998F6C99833d1127301928248c97b6F168bDad
UniV2FactoryB: 0xf98265AeA01677961Bff51685B04eE3a6139206F
WETH: 0x24a9Da1457F96C2b167D49377A776d302A5C4dB3
DAI addresses: [ '0xAC29373CBe03C88Fb078488181F8a0650C58CA08' ]
[0x65D08a056c17Ae13370565B04cF77D2AfA1cB9FA] swapping 0.084680523479599692 WETH for DAI
Nonce calculation debug:
- currentNonce (from getTransactionCount): 18
- nonce.override: 74
- nonce.offset: undefined
- Final nonce value: 92
Sending bundle: [
  '0x02f90176833018245c85012a05f2008512a05f2000830249f09471e67695db8bc44aa6bf2014142c42221967ee9880b901040cc7326300000000000000000000000000000000000000000000000000000000000000a0000000000000000000000000000000000000000000000000012cd87cc9654a4c000000000000000000000000f98265aea01677961bff51685b04ee3a6139206f00000000000000000000000065d08a056c17ae13370565b04cf77d2afa1cb9fa0000000000000000000000000000000000000000000000000000000000000000000000000000000000000000000000000000000000000000000000000000000200000000000000000000000024a9da1457f96c2b167d49377a776d302a5c4db3000000000000000000000000ac29373cbe03c88fb078488181f8a0650c58ca08c001a08bb9d91122bec680e5920616ec5c1dc81e0c8df7ba1c6e425405d7da5a940af5a0425486fec7b534290952d5ba5333327076b4fb8cf84806cd85c8db5fc03a1050'
]
Sending bundle to Prof RPC: http://172.16.4.27:8084
Request payload: {
  "jsonrpc": "2.0",
  "id": 1,
  "method": "eth_sendBundle",
  "params": [
    {
      "txs": [
        "0x02f90176833018245c85012a05f2008512a05f2000830249f09471e67695db8bc44aa6bf2014142c42221967ee9880b901040cc7326300000000000000000000000000000000000000000000000000000000000000a0000000000000000000000000000000000000000000000000012cd87cc9654a4c000000000000000000000000f98265aea01677961bff51685b04ee3a6139206f00000000000000000000000065d08a056c17ae13370565b04cf77d2afa1cb9fa0000000000000000000000000000000000000000000000000000000000000000000000000000000000000000000000000000000000000000000000000000000200000000000000000000000024a9da1457f96c2b167d49377a776d302a5c4db3000000000000000000000000ac29373cbe03c88fb078488181f8a0650c58ca08c001a08bb9d91122bec680e5920616ec5c1dc81e0c8df7ba1c6e425405d7da5a940af5a0425486fec7b534290952d5ba5333327076b4fb8cf84806cd85c8db5fc03a1050"
      ],
      "blockNumber": "0xb"
    }
  ]
}
Trying URL: http://172.16.4.27:8084/eth_sendBundle
Bundle sent successfully. Status: 202
nonceOffset: 75
nonceOffset before: 75
Current transaction count:  18
Generating swaps with params: {
  targetBlockNumber: 11,
  txsPerBundle: 1,
  sendRoute: 3,
  txStrategy: 'univ2',
  profRpcUrl: 'http://172.16.4.27:8084',
  nonceOffset: 75
}
Generating swaps with params: {}
Current nonce for 0x65D08a056c17Ae13370565B04cF77D2AfA1cB9FA: 18
Contract Addresses:
AtomicSwap: 0x71e67695DB8Bc44AA6BF2014142c42221967EE98
UniV2FactoryA: 0x85998F6C99833d1127301928248c97b6F168bDad
UniV2FactoryB: 0xf98265AeA01677961Bff51685B04eE3a6139206F
WETH: 0x24a9Da1457F96C2b167D49377A776d302A5C4dB3
DAI addresses: [ '0xAC29373CBe03C88Fb078488181F8a0650C58CA08' ]
[0x65D08a056c17Ae13370565B04cF77D2AfA1cB9FA] swapping 516.0 DAI for WETH
Nonce calculation debug:
- currentNonce (from getTransactionCount): 18
- nonce.override: 75
- nonce.offset: undefined
- Final nonce value: 93
Sending bundle: [
  '0x02f90176833018245d85012a05f2008512a05f2000830249f09471e67695db8bc44aa6bf2014142c42221967ee9880b901040cc7326300000000000000000000000000000000000000000000000000000000000000a000000000000000000000000000000000000000000000001bf8f0421d65900000000000000000000000000000f98265aea01677961bff51685b04ee3a6139206f00000000000000000000000065d08a056c17ae13370565b04cf77d2afa1cb9fa00000000000000000000000000000000000000000000000000000000000000000000000000000000000000000000000000000000000000000000000000000002000000000000000000000000ac29373cbe03c88fb078488181f8a0650c58ca0800000000000000000000000024a9da1457f96c2b167d49377a776d302a5c4db3c080a04298a6f94002b700466093128eda4028bf2dc23dba8911871bb56774ff448195a06c255faca0148bdfa26bcd578d79b5985f32a967d8c3fb2c119bb00e9d2dd31e'
]
Sending bundle to Prof RPC: http://172.16.4.27:8084
Request payload: {
  "jsonrpc": "2.0",
  "id": 1,
  "method": "eth_sendBundle",
  "params": [
    {
      "txs": [
        "0x02f90176833018245d85012a05f2008512a05f2000830249f09471e67695db8bc44aa6bf2014142c42221967ee9880b901040cc7326300000000000000000000000000000000000000000000000000000000000000a000000000000000000000000000000000000000000000001bf8f0421d65900000000000000000000000000000f98265aea01677961bff51685b04ee3a6139206f00000000000000000000000065d08a056c17ae13370565b04cf77d2afa1cb9fa00000000000000000000000000000000000000000000000000000000000000000000000000000000000000000000000000000000000000000000000000000002000000000000000000000000ac29373cbe03c88fb078488181f8a0650c58ca0800000000000000000000000024a9da1457f96c2b167d49377a776d302a5c4db3c080a04298a6f94002b700466093128eda4028bf2dc23dba8911871bb56774ff448195a06c255faca0148bdfa26bcd578d79b5985f32a967d8c3fb2c119bb00e9d2dd31e"
      ],
      "blockNumber": "0xb"
    }
  ]
}
Trying URL: http://172.16.4.27:8084/eth_sendBundle
Bundle sent successfully. Status: 202
nonceOffset: 76
nonceOffset before: 76
Current transaction count:  18
Generating swaps with params: {
  targetBlockNumber: 11,
  txsPerBundle: 1,
  sendRoute: 3,
  txStrategy: 'univ2',
  profRpcUrl: 'http://172.16.4.27:8084',
  nonceOffset: 76
}
Generating swaps with params: {}
Current nonce for 0x65D08a056c17Ae13370565B04cF77D2AfA1cB9FA: 18
Contract Addresses:
AtomicSwap: 0x71e67695DB8Bc44AA6BF2014142c42221967EE98
UniV2FactoryA: 0x85998F6C99833d1127301928248c97b6F168bDad
UniV2FactoryB: 0xf98265AeA01677961Bff51685B04eE3a6139206F
WETH: 0x24a9Da1457F96C2b167D49377A776d302A5C4dB3
DAI addresses: [ '0xAC29373CBe03C88Fb078488181F8a0650C58CA08' ]
[0x65D08a056c17Ae13370565B04cF77D2AfA1cB9FA] swapping 675.0 DAI for WETH
Nonce calculation debug:
- currentNonce (from getTransactionCount): 18
- nonce.override: 76
- nonce.offset: undefined
- Final nonce value: 94
Sending bundle: [
  '0x02f90176833018245e85012a05f2008512a05f2000830249f09471e67695db8bc44aa6bf2014142c42221967ee9880b901040cc7326300000000000000000000000000000000000000000000000000000000000000a00000000000000000000000000000000000000000000000249781bbb25cac000000000000000000000000000085998f6c99833d1127301928248c97b6f168bdad00000000000000000000000065d08a056c17ae13370565b04cf77d2afa1cb9fa00000000000000000000000000000000000000000000000000000000000000000000000000000000000000000000000000000000000000000000000000000002000000000000000000000000ac29373cbe03c88fb078488181f8a0650c58ca0800000000000000000000000024a9da1457f96c2b167d49377a776d302a5c4db3c001a01a3857ec84780e15f7469d0e6f178761d6a4177d3b8d3c9357ccffe29ff565f5a004442017cf732d6b20b6f8a30d24d1d6eccd88c993ccbc80c4a45c255e09a567'
]
Sending bundle to Prof RPC: http://172.16.4.27:8084
Request payload: {
  "jsonrpc": "2.0",
  "id": 1,
  "method": "eth_sendBundle",
  "params": [
    {
      "txs": [
        "0x02f90176833018245e85012a05f2008512a05f2000830249f09471e67695db8bc44aa6bf2014142c42221967ee9880b901040cc7326300000000000000000000000000000000000000000000000000000000000000a00000000000000000000000000000000000000000000000249781bbb25cac000000000000000000000000000085998f6c99833d1127301928248c97b6f168bdad00000000000000000000000065d08a056c17ae13370565b04cf77d2afa1cb9fa00000000000000000000000000000000000000000000000000000000000000000000000000000000000000000000000000000000000000000000000000000002000000000000000000000000ac29373cbe03c88fb078488181f8a0650c58ca0800000000000000000000000024a9da1457f96c2b167d49377a776d302a5c4db3c001a01a3857ec84780e15f7469d0e6f178761d6a4177d3b8d3c9357ccffe29ff565f5a004442017cf732d6b20b6f8a30d24d1d6eccd88c993ccbc80c4a45c255e09a567"
      ],
      "blockNumber": "0xb"
    }
  ]
}
Trying URL: http://172.16.4.27:8084/eth_sendBundle
Bundle sent successfully. Status: 202
nonceOffset: 77
nonceOffset before: 77
Current transaction count:  18
Generating swaps with params: {
  targetBlockNumber: 11,
  txsPerBundle: 1,
  sendRoute: 3,
  txStrategy: 'univ2',
  profRpcUrl: 'http://172.16.4.27:8084',
  nonceOffset: 77
}
Generating swaps with params: {}
Current nonce for 0x65D08a056c17Ae13370565B04cF77D2AfA1cB9FA: 18
Contract Addresses:
AtomicSwap: 0x71e67695DB8Bc44AA6BF2014142c42221967EE98
UniV2FactoryA: 0x85998F6C99833d1127301928248c97b6F168bDad
UniV2FactoryB: 0xf98265AeA01677961Bff51685B04eE3a6139206F
WETH: 0x24a9Da1457F96C2b167D49377A776d302A5C4dB3
DAI addresses: [ '0xAC29373CBe03C88Fb078488181F8a0650C58CA08' ]
[0x65D08a056c17Ae13370565B04cF77D2AfA1cB9FA] swapping 531.0 DAI for WETH
Nonce calculation debug:
- currentNonce (from getTransactionCount): 18
- nonce.override: 77
- nonce.offset: undefined
- Final nonce value: 95
Sending bundle: [
  '0x02f90176833018245f85012a05f2008512a05f2000830249f09471e67695db8bc44aa6bf2014142c42221967ee9880b901040cc7326300000000000000000000000000000000000000000000000000000000000000a000000000000000000000000000000000000000000000001cc91af6a4346c000000000000000000000000000085998f6c99833d1127301928248c97b6f168bdad00000000000000000000000065d08a056c17ae13370565b04cf77d2afa1cb9fa00000000000000000000000000000000000000000000000000000000000000000000000000000000000000000000000000000000000000000000000000000002000000000000000000000000ac29373cbe03c88fb078488181f8a0650c58ca0800000000000000000000000024a9da1457f96c2b167d49377a776d302a5c4db3c080a0bac89aaac45a58f1627a5011bd9c7fbd7dc0a03305638af8db78b2ee9bbe7b29a06370135b9fdc7ca2d4b13333a230638b19a2de22d4016753e11e1e55b5677d3b'
]
Sending bundle to Prof RPC: http://172.16.4.27:8084
Request payload: {
  "jsonrpc": "2.0",
  "id": 1,
  "method": "eth_sendBundle",
  "params": [
    {
      "txs": [
        "0x02f90176833018245f85012a05f2008512a05f2000830249f09471e67695db8bc44aa6bf2014142c42221967ee9880b901040cc7326300000000000000000000000000000000000000000000000000000000000000a000000000000000000000000000000000000000000000001cc91af6a4346c000000000000000000000000000085998f6c99833d1127301928248c97b6f168bdad00000000000000000000000065d08a056c17ae13370565b04cf77d2afa1cb9fa00000000000000000000000000000000000000000000000000000000000000000000000000000000000000000000000000000000000000000000000000000002000000000000000000000000ac29373cbe03c88fb078488181f8a0650c58ca0800000000000000000000000024a9da1457f96c2b167d49377a776d302a5c4db3c080a0bac89aaac45a58f1627a5011bd9c7fbd7dc0a03305638af8db78b2ee9bbe7b29a06370135b9fdc7ca2d4b13333a230638b19a2de22d4016753e11e1e55b5677d3b"
      ],
      "blockNumber": "0xb"
    }
  ]
}
Trying URL: http://172.16.4.27:8084/eth_sendBundle
Bundle sent successfully. Status: 202
nonceOffset: 78
nonceOffset before: 78
Current transaction count:  18
Generating swaps with params: {
  targetBlockNumber: 11,
  txsPerBundle: 1,
  sendRoute: 3,
  txStrategy: 'univ2',
  profRpcUrl: 'http://172.16.4.27:8084',
  nonceOffset: 78
}
Generating swaps with params: {}
Current nonce for 0x65D08a056c17Ae13370565B04cF77D2AfA1cB9FA: 18
Contract Addresses:
AtomicSwap: 0x71e67695DB8Bc44AA6BF2014142c42221967EE98
UniV2FactoryA: 0x85998F6C99833d1127301928248c97b6F168bDad
UniV2FactoryB: 0xf98265AeA01677961Bff51685B04eE3a6139206F
WETH: 0x24a9Da1457F96C2b167D49377A776d302A5C4dB3
DAI addresses: [ '0xAC29373CBe03C88Fb078488181F8a0650C58CA08' ]
[0x65D08a056c17Ae13370565B04cF77D2AfA1cB9FA] swapping 0.573189522342064714 WETH for DAI
Nonce calculation debug:
- currentNonce (from getTransactionCount): 18
- nonce.override: 78
- nonce.offset: undefined
- Final nonce value: 96
Sending bundle: [
  '0x02f90176833018246085012a05f2008512a05f2000830249f09471e67695db8bc44aa6bf2014142c42221967ee9880b901040cc7326300000000000000000000000000000000000000000000000000000000000000a000000000000000000000000000000000000000000000000007f460d56c2cb24a000000000000000000000000f98265aea01677961bff51685b04ee3a6139206f00000000000000000000000065d08a056c17ae13370565b04cf77d2afa1cb9fa0000000000000000000000000000000000000000000000000000000000000000000000000000000000000000000000000000000000000000000000000000000200000000000000000000000024a9da1457f96c2b167d49377a776d302a5c4db3000000000000000000000000ac29373cbe03c88fb078488181f8a0650c58ca08c080a0d06c15cd883ee0303a254abf05d8b3abcb9db57f666c09e6e524772414f7c178a0505cbba41f0acdf40ed6278ed5c707e67a3b35dde382ec1c5fb5069400502e34'
]
Sending bundle to Prof RPC: http://172.16.4.27:8084
Request payload: {
  "jsonrpc": "2.0",
  "id": 1,
  "method": "eth_sendBundle",
  "params": [
    {
      "txs": [
        "0x02f90176833018246085012a05f2008512a05f2000830249f09471e67695db8bc44aa6bf2014142c42221967ee9880b901040cc7326300000000000000000000000000000000000000000000000000000000000000a000000000000000000000000000000000000000000000000007f460d56c2cb24a000000000000000000000000f98265aea01677961bff51685b04ee3a6139206f00000000000000000000000065d08a056c17ae13370565b04cf77d2afa1cb9fa0000000000000000000000000000000000000000000000000000000000000000000000000000000000000000000000000000000000000000000000000000000200000000000000000000000024a9da1457f96c2b167d49377a776d302a5c4db3000000000000000000000000ac29373cbe03c88fb078488181f8a0650c58ca08c080a0d06c15cd883ee0303a254abf05d8b3abcb9db57f666c09e6e524772414f7c178a0505cbba41f0acdf40ed6278ed5c707e67a3b35dde382ec1c5fb5069400502e34"
      ],
      "blockNumber": "0xb"
    }
  ]
}
Trying URL: http://172.16.4.27:8084/eth_sendBundle
Bundle sent successfully. Status: 202
nonceOffset: 79
nonceOffset before: 79
Current transaction count:  18
Generating swaps with params: {
  targetBlockNumber: 11,
  txsPerBundle: 1,
  sendRoute: 3,
  txStrategy: 'univ2',
  profRpcUrl: 'http://172.16.4.27:8084',
  nonceOffset: 79
}
Generating swaps with params: {}
Current nonce for 0x65D08a056c17Ae13370565B04cF77D2AfA1cB9FA: 18
Contract Addresses:
AtomicSwap: 0x71e67695DB8Bc44AA6BF2014142c42221967EE98
UniV2FactoryA: 0x85998F6C99833d1127301928248c97b6F168bDad
UniV2FactoryB: 0xf98265AeA01677961Bff51685B04eE3a6139206F
WETH: 0x24a9Da1457F96C2b167D49377A776d302A5C4dB3
DAI addresses: [ '0xAC29373CBe03C88Fb078488181F8a0650C58CA08' ]
[0x65D08a056c17Ae13370565B04cF77D2AfA1cB9FA] swapping 308.0 DAI for WETH
Nonce calculation debug:
- currentNonce (from getTransactionCount): 18
- nonce.override: 79
- nonce.offset: undefined
- Final nonce value: 97
Sending bundle: [
  '0x02f90176833018246185012a05f2008512a05f2000830249f09471e67695db8bc44aa6bf2014142c42221967ee9880b901040cc7326300000000000000000000000000000000000000000000000000000000000000a0000000000000000000000000000000000000000000000010b25bd02564500000000000000000000000000000f98265aea01677961bff51685b04ee3a6139206f00000000000000000000000065d08a056c17ae13370565b04cf77d2afa1cb9fa00000000000000000000000000000000000000000000000000000000000000000000000000000000000000000000000000000000000000000000000000000002000000000000000000000000ac29373cbe03c88fb078488181f8a0650c58ca0800000000000000000000000024a9da1457f96c2b167d49377a776d302a5c4db3c001a06836956c3efc63d1d69664c5ab1e4e8cb2c86eeb945e72da53a4590558818285a04e22893323f74d109941e7d37c0284a620d8864131677d27e282f1afc7f1326b'
]
Sending bundle to Prof RPC: http://172.16.4.27:8084
Request payload: {
  "jsonrpc": "2.0",
  "id": 1,
  "method": "eth_sendBundle",
  "params": [
    {
      "txs": [
        "0x02f90176833018246185012a05f2008512a05f2000830249f09471e67695db8bc44aa6bf2014142c42221967ee9880b901040cc7326300000000000000000000000000000000000000000000000000000000000000a0000000000000000000000000000000000000000000000010b25bd02564500000000000000000000000000000f98265aea01677961bff51685b04ee3a6139206f00000000000000000000000065d08a056c17ae13370565b04cf77d2afa1cb9fa00000000000000000000000000000000000000000000000000000000000000000000000000000000000000000000000000000000000000000000000000000002000000000000000000000000ac29373cbe03c88fb078488181f8a0650c58ca0800000000000000000000000024a9da1457f96c2b167d49377a776d302a5c4db3c001a06836956c3efc63d1d69664c5ab1e4e8cb2c86eeb945e72da53a4590558818285a04e22893323f74d109941e7d37c0284a620d8864131677d27e282f1afc7f1326b"
      ],
      "blockNumber": "0xb"
    }
  ]
}
Trying URL: http://172.16.4.27:8084/eth_sendBundle
Bundle sent successfully. Status: 202
nonceOffset: 80
nonceOffset before: 80
Current transaction count:  18
Generating swaps with params: {
  targetBlockNumber: 11,
  txsPerBundle: 1,
  sendRoute: 3,
  txStrategy: 'univ2',
  profRpcUrl: 'http://172.16.4.27:8084',
  nonceOffset: 80
}
Generating swaps with params: {}
Current nonce for 0x65D08a056c17Ae13370565B04cF77D2AfA1cB9FA: 18
Contract Addresses:
AtomicSwap: 0x71e67695DB8Bc44AA6BF2014142c42221967EE98
UniV2FactoryA: 0x85998F6C99833d1127301928248c97b6F168bDad
UniV2FactoryB: 0xf98265AeA01677961Bff51685B04eE3a6139206F
WETH: 0x24a9Da1457F96C2b167D49377A776d302A5C4dB3
DAI addresses: [ '0xAC29373CBe03C88Fb078488181F8a0650C58CA08' ]
[0x65D08a056c17Ae13370565B04cF77D2AfA1cB9FA] swapping 0.704930662557781201 WETH for DAI
Nonce calculation debug:
- currentNonce (from getTransactionCount): 18
- nonce.override: 80
- nonce.offset: undefined
- Final nonce value: 98
Sending bundle: [
  '0x02f90176833018246285012a05f2008512a05f2000830249f09471e67695db8bc44aa6bf2014142c42221967ee9880b901040cc7326300000000000000000000000000000000000000000000000000000000000000a000000000000000000000000000000000000000000000000009c86ab3e5098cd100000000000000000000000085998f6c99833d1127301928248c97b6f168bdad00000000000000000000000065d08a056c17ae13370565b04cf77d2afa1cb9fa0000000000000000000000000000000000000000000000000000000000000000000000000000000000000000000000000000000000000000000000000000000200000000000000000000000024a9da1457f96c2b167d49377a776d302a5c4db3000000000000000000000000ac29373cbe03c88fb078488181f8a0650c58ca08c001a09dffc97b0a75a202f85269735e81e526d1d735b98d0599f387cf4b212f4b255fa07f8e78f8e2ddf0f9c0516f70512944eb1c5b9f66efd0c3b1d441e805c642c76c'
]
Sending bundle to Prof RPC: http://172.16.4.27:8084
Request payload: {
  "jsonrpc": "2.0",
  "id": 1,
  "method": "eth_sendBundle",
  "params": [
    {
      "txs": [
        "0x02f90176833018246285012a05f2008512a05f2000830249f09471e67695db8bc44aa6bf2014142c42221967ee9880b901040cc7326300000000000000000000000000000000000000000000000000000000000000a000000000000000000000000000000000000000000000000009c86ab3e5098cd100000000000000000000000085998f6c99833d1127301928248c97b6f168bdad00000000000000000000000065d08a056c17ae13370565b04cf77d2afa1cb9fa0000000000000000000000000000000000000000000000000000000000000000000000000000000000000000000000000000000000000000000000000000000200000000000000000000000024a9da1457f96c2b167d49377a776d302a5c4db3000000000000000000000000ac29373cbe03c88fb078488181f8a0650c58ca08c001a09dffc97b0a75a202f85269735e81e526d1d735b98d0599f387cf4b212f4b255fa07f8e78f8e2ddf0f9c0516f70512944eb1c5b9f66efd0c3b1d441e805c642c76c"
      ],
      "blockNumber": "0xb"
    }
  ]
}
Trying URL: http://172.16.4.27:8084/eth_sendBundle
Bundle sent successfully. Status: 202
nonceOffset: 81
nonceOffset before: 81
Current transaction count:  18
Generating swaps with params: {
  targetBlockNumber: 11,
  txsPerBundle: 1,
  sendRoute: 3,
  txStrategy: 'univ2',
  profRpcUrl: 'http://172.16.4.27:8084',
  nonceOffset: 81
}
Generating swaps with params: {}
Current nonce for 0x65D08a056c17Ae13370565B04cF77D2AfA1cB9FA: 18
Contract Addresses:
AtomicSwap: 0x71e67695DB8Bc44AA6BF2014142c42221967EE98
UniV2FactoryA: 0x85998F6C99833d1127301928248c97b6F168bDad
UniV2FactoryB: 0xf98265AeA01677961Bff51685B04eE3a6139206F
WETH: 0x24a9Da1457F96C2b167D49377A776d302A5C4dB3
DAI addresses: [ '0xAC29373CBe03C88Fb078488181F8a0650C58CA08' ]
[0x65D08a056c17Ae13370565B04cF77D2AfA1cB9FA] swapping 0.199384141647421093 WETH for DAI
Nonce calculation debug:
- currentNonce (from getTransactionCount): 18
- nonce.override: 81
- nonce.offset: undefined
- Final nonce value: 99
Sending bundle: [
  '0x02f90176833018246385012a05f2008512a05f2000830249f09471e67695db8bc44aa6bf2014142c42221967ee9880b901040cc7326300000000000000000000000000000000000000000000000000000000000000a000000000000000000000000000000000000000000000000002c45ad208bd9ea500000000000000000000000085998f6c99833d1127301928248c97b6f168bdad00000000000000000000000065d08a056c17ae13370565b04cf77d2afa1cb9fa0000000000000000000000000000000000000000000000000000000000000000000000000000000000000000000000000000000000000000000000000000000200000000000000000000000024a9da1457f96c2b167d49377a776d302a5c4db3000000000000000000000000ac29373cbe03c88fb078488181f8a0650c58ca08c001a0482328d1886819fa7ed9082fc31c812425029ac96c2ab8a102bccbe17980138aa0462d47164008129dee1ea1592ff4c809ca464fcdf748c524c2908bd2caa76361'
]
Sending bundle to Prof RPC: http://172.16.4.27:8084
Request payload: {
  "jsonrpc": "2.0",
  "id": 1,
  "method": "eth_sendBundle",
  "params": [
    {
      "txs": [
        "0x02f90176833018246385012a05f2008512a05f2000830249f09471e67695db8bc44aa6bf2014142c42221967ee9880b901040cc7326300000000000000000000000000000000000000000000000000000000000000a000000000000000000000000000000000000000000000000002c45ad208bd9ea500000000000000000000000085998f6c99833d1127301928248c97b6f168bdad00000000000000000000000065d08a056c17ae13370565b04cf77d2afa1cb9fa0000000000000000000000000000000000000000000000000000000000000000000000000000000000000000000000000000000000000000000000000000000200000000000000000000000024a9da1457f96c2b167d49377a776d302a5c4db3000000000000000000000000ac29373cbe03c88fb078488181f8a0650c58ca08c001a0482328d1886819fa7ed9082fc31c812425029ac96c2ab8a102bccbe17980138aa0462d47164008129dee1ea1592ff4c809ca464fcdf748c524c2908bd2caa76361"
      ],
      "blockNumber": "0xb"
    }
  ]
}
Trying URL: http://172.16.4.27:8084/eth_sendBundle
Bundle sent successfully. Status: 202
nonceOffset: 82
nonceOffset before: 82
Current transaction count:  18
Generating swaps with params: {
  targetBlockNumber: 11,
  txsPerBundle: 1,
  sendRoute: 3,
  txStrategy: 'univ2',
  profRpcUrl: 'http://172.16.4.27:8084',
  nonceOffset: 82
}
Generating swaps with params: {}
Current nonce for 0x65D08a056c17Ae13370565B04cF77D2AfA1cB9FA: 18
Contract Addresses:
AtomicSwap: 0x71e67695DB8Bc44AA6BF2014142c42221967EE98
UniV2FactoryA: 0x85998F6C99833d1127301928248c97b6F168bDad
UniV2FactoryB: 0xf98265AeA01677961Bff51685B04eE3a6139206F
WETH: 0x24a9Da1457F96C2b167D49377A776d302A5C4dB3
DAI addresses: [ '0xAC29373CBe03C88Fb078488181F8a0650C58CA08' ]
[0x65D08a056c17Ae13370565B04cF77D2AfA1cB9FA] swapping 839.0 DAI for WETH
Nonce calculation debug:
- currentNonce (from getTransactionCount): 18
- nonce.override: 82
- nonce.offset: undefined
- Final nonce value: 100
Sending bundle: [
  '0x02f90176833018246485012a05f2008512a05f2000830249f09471e67695db8bc44aa6bf2014142c42221967ee9880b901040cc7326300000000000000000000000000000000000000000000000000000000000000a000000000000000000000000000000000000000000000002d7b76c6c998bc0000000000000000000000000000f98265aea01677961bff51685b04ee3a6139206f00000000000000000000000065d08a056c17ae13370565b04cf77d2afa1cb9fa00000000000000000000000000000000000000000000000000000000000000000000000000000000000000000000000000000000000000000000000000000002000000000000000000000000ac29373cbe03c88fb078488181f8a0650c58ca0800000000000000000000000024a9da1457f96c2b167d49377a776d302a5c4db3c080a08c9b434a839e4204ce9eb7702bf409cd6d7b0e3fffdf61cecfc8254040198ceea01c2eca0d463a7fd53f15f117de1225ddb92c0ad2bb916c0fd794bd35c0960408'
]
Sending bundle to Prof RPC: http://172.16.4.27:8084
Request payload: {
  "jsonrpc": "2.0",
  "id": 1,
  "method": "eth_sendBundle",
  "params": [
    {
      "txs": [
        "0x02f90176833018246485012a05f2008512a05f2000830249f09471e67695db8bc44aa6bf2014142c42221967ee9880b901040cc7326300000000000000000000000000000000000000000000000000000000000000a000000000000000000000000000000000000000000000002d7b76c6c998bc0000000000000000000000000000f98265aea01677961bff51685b04ee3a6139206f00000000000000000000000065d08a056c17ae13370565b04cf77d2afa1cb9fa00000000000000000000000000000000000000000000000000000000000000000000000000000000000000000000000000000000000000000000000000000002000000000000000000000000ac29373cbe03c88fb078488181f8a0650c58ca0800000000000000000000000024a9da1457f96c2b167d49377a776d302a5c4db3c080a08c9b434a839e4204ce9eb7702bf409cd6d7b0e3fffdf61cecfc8254040198ceea01c2eca0d463a7fd53f15f117de1225ddb92c0ad2bb916c0fd794bd35c0960408"
      ],
      "blockNumber": "0xb"
    }
  ]
}
Trying URL: http://172.16.4.27:8084/eth_sendBundle
Bundle sent successfully. Status: 202
nonceOffset: 83
nonceOffset before: 83
Current transaction count:  18
Generating swaps with params: {
  targetBlockNumber: 11,
  txsPerBundle: 1,
  sendRoute: 3,
  txStrategy: 'univ2',
  profRpcUrl: 'http://172.16.4.27:8084',
  nonceOffset: 83
}
Generating swaps with params: {}
Current nonce for 0x65D08a056c17Ae13370565B04cF77D2AfA1cB9FA: 18
Contract Addresses:
AtomicSwap: 0x71e67695DB8Bc44AA6BF2014142c42221967EE98
UniV2FactoryA: 0x85998F6C99833d1127301928248c97b6F168bDad
UniV2FactoryB: 0xf98265AeA01677961Bff51685B04eE3a6139206F
WETH: 0x24a9Da1457F96C2b167D49377A776d302A5C4dB3
DAI addresses: [ '0xAC29373CBe03C88Fb078488181F8a0650C58CA08' ]
[0x65D08a056c17Ae13370565B04cF77D2AfA1cB9FA] swapping 0.797224363916730917 WETH for DAI
Nonce calculation debug:
- currentNonce (from getTransactionCount): 18
- nonce.override: 83
- nonce.offset: undefined
- Final nonce value: 101
Sending bundle: [
  '0x02f90176833018246585012a05f2008512a05f2000830249f09471e67695db8bc44aa6bf2014142c42221967ee9880b901040cc7326300000000000000000000000000000000000000000000000000000000000000a00000000000000000000000000000000000000000000000000b104f55c98b222500000000000000000000000085998f6c99833d1127301928248c97b6f168bdad00000000000000000000000065d08a056c17ae13370565b04cf77d2afa1cb9fa0000000000000000000000000000000000000000000000000000000000000000000000000000000000000000000000000000000000000000000000000000000200000000000000000000000024a9da1457f96c2b167d49377a776d302a5c4db3000000000000000000000000ac29373cbe03c88fb078488181f8a0650c58ca08c080a0e57e3bc9f432caaa182db22b326299ce190bf14364199b56c9eae0ff58c7c91fa0495574c6473290908c3ec024913df10cd8c5fda951ef02972a7e20923ff9267d'
]
Sending bundle to Prof RPC: http://172.16.4.27:8084
Request payload: {
  "jsonrpc": "2.0",
  "id": 1,
  "method": "eth_sendBundle",
  "params": [
    {
      "txs": [
        "0x02f90176833018246585012a05f2008512a05f2000830249f09471e67695db8bc44aa6bf2014142c42221967ee9880b901040cc7326300000000000000000000000000000000000000000000000000000000000000a00000000000000000000000000000000000000000000000000b104f55c98b222500000000000000000000000085998f6c99833d1127301928248c97b6f168bdad00000000000000000000000065d08a056c17ae13370565b04cf77d2afa1cb9fa0000000000000000000000000000000000000000000000000000000000000000000000000000000000000000000000000000000000000000000000000000000200000000000000000000000024a9da1457f96c2b167d49377a776d302a5c4db3000000000000000000000000ac29373cbe03c88fb078488181f8a0650c58ca08c080a0e57e3bc9f432caaa182db22b326299ce190bf14364199b56c9eae0ff58c7c91fa0495574c6473290908c3ec024913df10cd8c5fda951ef02972a7e20923ff9267d"
      ],
      "blockNumber": "0xb"
    }
  ]
}
Trying URL: http://172.16.4.27:8084/eth_sendBundle
Bundle sent successfully. Status: 202
nonceOffset: 84
nonceOffset before: 84
Current transaction count:  18
Generating swaps with params: {
  targetBlockNumber: 11,
  txsPerBundle: 1,
  sendRoute: 3,
  txStrategy: 'univ2',
  profRpcUrl: 'http://172.16.4.27:8084',
  nonceOffset: 84
}
Generating swaps with params: {}
Current nonce for 0x65D08a056c17Ae13370565B04cF77D2AfA1cB9FA: 18
Contract Addresses:
AtomicSwap: 0x71e67695DB8Bc44AA6BF2014142c42221967EE98
UniV2FactoryA: 0x85998F6C99833d1127301928248c97b6F168bDad
UniV2FactoryB: 0xf98265AeA01677961Bff51685B04eE3a6139206F
WETH: 0x24a9Da1457F96C2b167D49377A776d302A5C4dB3
DAI addresses: [ '0xAC29373CBe03C88Fb078488181F8a0650C58CA08' ]
[0x65D08a056c17Ae13370565B04cF77D2AfA1cB9FA] swapping 364.0 DAI for WETH
Nonce calculation debug:
- currentNonce (from getTransactionCount): 18
- nonce.override: 84
- nonce.offset: undefined
- Final nonce value: 102
Sending bundle: [
  '0x02f90176833018246685012a05f2008512a05f2000830249f09471e67695db8bc44aa6bf2014142c42221967ee9880b901040cc7326300000000000000000000000000000000000000000000000000000000000000a0000000000000000000000000000000000000000000000013bb83c7720230000000000000000000000000000085998f6c99833d1127301928248c97b6f168bdad00000000000000000000000065d08a056c17ae13370565b04cf77d2afa1cb9fa00000000000000000000000000000000000000000000000000000000000000000000000000000000000000000000000000000000000000000000000000000002000000000000000000000000ac29373cbe03c88fb078488181f8a0650c58ca0800000000000000000000000024a9da1457f96c2b167d49377a776d302a5c4db3c001a0bd95ba143995df645f306630d5ca962148c0c85ee4d25de99e1eb08a62e6072ba01747558f172ae1a51cddcb5c48942258e6a5d72fce7beb5d77916658e2dc39a5'
]
Sending bundle to Prof RPC: http://172.16.4.27:8084
Request payload: {
  "jsonrpc": "2.0",
  "id": 1,
  "method": "eth_sendBundle",
  "params": [
    {
      "txs": [
        "0x02f90176833018246685012a05f2008512a05f2000830249f09471e67695db8bc44aa6bf2014142c42221967ee9880b901040cc7326300000000000000000000000000000000000000000000000000000000000000a0000000000000000000000000000000000000000000000013bb83c7720230000000000000000000000000000085998f6c99833d1127301928248c97b6f168bdad00000000000000000000000065d08a056c17ae13370565b04cf77d2afa1cb9fa00000000000000000000000000000000000000000000000000000000000000000000000000000000000000000000000000000000000000000000000000000002000000000000000000000000ac29373cbe03c88fb078488181f8a0650c58ca0800000000000000000000000024a9da1457f96c2b167d49377a776d302a5c4db3c001a0bd95ba143995df645f306630d5ca962148c0c85ee4d25de99e1eb08a62e6072ba01747558f172ae1a51cddcb5c48942258e6a5d72fce7beb5d77916658e2dc39a5"
      ],
      "blockNumber": "0xb"
    }
  ]
}
Trying URL: http://172.16.4.27:8084/eth_sendBundle
Bundle sent successfully. Status: 202
nonceOffset: 85
nonceOffset before: 85
Current transaction count:  18
Generating swaps with params: {
  targetBlockNumber: 11,
  txsPerBundle: 1,
  sendRoute: 3,
  txStrategy: 'univ2',
  profRpcUrl: 'http://172.16.4.27:8084',
  nonceOffset: 85
}
Generating swaps with params: {}
Current nonce for 0x65D08a056c17Ae13370565B04cF77D2AfA1cB9FA: 18
Contract Addresses:
AtomicSwap: 0x71e67695DB8Bc44AA6BF2014142c42221967EE98
UniV2FactoryA: 0x85998F6C99833d1127301928248c97b6F168bDad
UniV2FactoryB: 0xf98265AeA01677961Bff51685B04eE3a6139206F
WETH: 0x24a9Da1457F96C2b167D49377A776d302A5C4dB3
DAI addresses: [ '0xAC29373CBe03C88Fb078488181F8a0650C58CA08' ]
[0x65D08a056c17Ae13370565B04cF77D2AfA1cB9FA] swapping 0.204772902232486528 WETH for DAI
Nonce calculation debug:
- currentNonce (from getTransactionCount): 18
- nonce.override: 85
- nonce.offset: undefined
- Final nonce value: 103
Sending bundle: [
  '0x02f90176833018246785012a05f2008512a05f2000830249f09471e67695db8bc44aa6bf2014142c42221967ee9880b901040cc7326300000000000000000000000000000000000000000000000000000000000000a000000000000000000000000000000000000000000000000002d77fdea131728000000000000000000000000085998f6c99833d1127301928248c97b6f168bdad00000000000000000000000065d08a056c17ae13370565b04cf77d2afa1cb9fa0000000000000000000000000000000000000000000000000000000000000000000000000000000000000000000000000000000000000000000000000000000200000000000000000000000024a9da1457f96c2b167d49377a776d302a5c4db3000000000000000000000000ac29373cbe03c88fb078488181f8a0650c58ca08c001a0b76b25273c3f3034a9648a3c684a8d9138c7436c3277a58ca9c1b5d5713aebb8a04c52873aac8d9e2d2806692b4029be66646ab54e2c049c41a224b44fbdfdf775'
]
Sending bundle to Prof RPC: http://172.16.4.27:8084
Request payload: {
  "jsonrpc": "2.0",
  "id": 1,
  "method": "eth_sendBundle",
  "params": [
    {
      "txs": [
        "0x02f90176833018246785012a05f2008512a05f2000830249f09471e67695db8bc44aa6bf2014142c42221967ee9880b901040cc7326300000000000000000000000000000000000000000000000000000000000000a000000000000000000000000000000000000000000000000002d77fdea131728000000000000000000000000085998f6c99833d1127301928248c97b6f168bdad00000000000000000000000065d08a056c17ae13370565b04cf77d2afa1cb9fa0000000000000000000000000000000000000000000000000000000000000000000000000000000000000000000000000000000000000000000000000000000200000000000000000000000024a9da1457f96c2b167d49377a776d302a5c4db3000000000000000000000000ac29373cbe03c88fb078488181f8a0650c58ca08c001a0b76b25273c3f3034a9648a3c684a8d9138c7436c3277a58ca9c1b5d5713aebb8a04c52873aac8d9e2d2806692b4029be66646ab54e2c049c41a224b44fbdfdf775"
      ],
      "blockNumber": "0xb"
    }
  ]
}
Trying URL: http://172.16.4.27:8084/eth_sendBundle
Bundle sent successfully. Status: 202
nonceOffset: 86
nonceOffset before: 86
Current transaction count:  18
Generating swaps with params: {
  targetBlockNumber: 11,
  txsPerBundle: 1,
  sendRoute: 3,
  txStrategy: 'univ2',
  profRpcUrl: 'http://172.16.4.27:8084',
  nonceOffset: 86
}
Generating swaps with params: {}
Current nonce for 0x65D08a056c17Ae13370565B04cF77D2AfA1cB9FA: 18
Contract Addresses:
AtomicSwap: 0x71e67695DB8Bc44AA6BF2014142c42221967EE98
UniV2FactoryA: 0x85998F6C99833d1127301928248c97b6F168bDad
UniV2FactoryB: 0xf98265AeA01677961Bff51685B04eE3a6139206F
WETH: 0x24a9Da1457F96C2b167D49377A776d302A5C4dB3
DAI addresses: [ '0xAC29373CBe03C88Fb078488181F8a0650C58CA08' ]
[0x65D08a056c17Ae13370565B04cF77D2AfA1cB9FA] swapping 520.0 DAI for WETH
Nonce calculation debug:
- currentNonce (from getTransactionCount): 18
- nonce.override: 86
- nonce.offset: undefined
- Final nonce value: 104
Sending bundle: [
  '0x02f90176833018246885012a05f2008512a05f2000830249f09471e67695db8bc44aa6bf2014142c42221967ee9880b901040cc7326300000000000000000000000000000000000000000000000000000000000000a000000000000000000000000000000000000000000000001c30731cec0320000000000000000000000000000085998f6c99833d1127301928248c97b6f168bdad00000000000000000000000065d08a056c17ae13370565b04cf77d2afa1cb9fa00000000000000000000000000000000000000000000000000000000000000000000000000000000000000000000000000000000000000000000000000000002000000000000000000000000ac29373cbe03c88fb078488181f8a0650c58ca0800000000000000000000000024a9da1457f96c2b167d49377a776d302a5c4db3c080a093f798a95301ba29969b198d1dadfac7bd13d7719860cb5ab2556dfdedbc5216a061f6d156f45ec61908e760b856af23e0bb30c252615ca397fd2ffdae308828ca'
]
Sending bundle to Prof RPC: http://172.16.4.27:8084
Request payload: {
  "jsonrpc": "2.0",
  "id": 1,
  "method": "eth_sendBundle",
  "params": [
    {
      "txs": [
        "0x02f90176833018246885012a05f2008512a05f2000830249f09471e67695db8bc44aa6bf2014142c42221967ee9880b901040cc7326300000000000000000000000000000000000000000000000000000000000000a000000000000000000000000000000000000000000000001c30731cec0320000000000000000000000000000085998f6c99833d1127301928248c97b6f168bdad00000000000000000000000065d08a056c17ae13370565b04cf77d2afa1cb9fa00000000000000000000000000000000000000000000000000000000000000000000000000000000000000000000000000000000000000000000000000000002000000000000000000000000ac29373cbe03c88fb078488181f8a0650c58ca0800000000000000000000000024a9da1457f96c2b167d49377a776d302a5c4db3c080a093f798a95301ba29969b198d1dadfac7bd13d7719860cb5ab2556dfdedbc5216a061f6d156f45ec61908e760b856af23e0bb30c252615ca397fd2ffdae308828ca"
      ],
      "blockNumber": "0xb"
    }
  ]
}
Trying URL: http://172.16.4.27:8084/eth_sendBundle
Bundle sent successfully. Status: 202
nonceOffset: 87
nonceOffset before: 87
Current transaction count:  18
Generating swaps with params: {
  targetBlockNumber: 11,
  txsPerBundle: 1,
  sendRoute: 3,
  txStrategy: 'univ2',
  profRpcUrl: 'http://172.16.4.27:8084',
  nonceOffset: 87
}
Generating swaps with params: {}
Current nonce for 0x65D08a056c17Ae13370565B04cF77D2AfA1cB9FA: 18
Contract Addresses:
AtomicSwap: 0x71e67695DB8Bc44AA6BF2014142c42221967EE98
UniV2FactoryA: 0x85998F6C99833d1127301928248c97b6F168bDad
UniV2FactoryB: 0xf98265AeA01677961Bff51685B04eE3a6139206F
WETH: 0x24a9Da1457F96C2b167D49377A776d302A5C4dB3
DAI addresses: [ '0xAC29373CBe03C88Fb078488181F8a0650C58CA08' ]
[0x65D08a056c17Ae13370565B04cF77D2AfA1cB9FA] swapping 0.398305084745762711 WETH for DAI
Nonce calculation debug:
- currentNonce (from getTransactionCount): 18
- nonce.override: 87
- nonce.offset: undefined
- Final nonce value: 105
Sending bundle: [
  '0x02f90176833018246985012a05f2008512a05f2000830249f09471e67695db8bc44aa6bf2014142c42221967ee9880b901040cc7326300000000000000000000000000000000000000000000000000000000000000a00000000000000000000000000000000000000000000000000587105d4080c797000000000000000000000000f98265aea01677961bff51685b04ee3a6139206f00000000000000000000000065d08a056c17ae13370565b04cf77d2afa1cb9fa0000000000000000000000000000000000000000000000000000000000000000000000000000000000000000000000000000000000000000000000000000000200000000000000000000000024a9da1457f96c2b167d49377a776d302a5c4db3000000000000000000000000ac29373cbe03c88fb078488181f8a0650c58ca08c080a0fd9c5e22861d58c5e6beba308a7bbc8512969884105ce6d7028aa1b00dc85556a03f6477da023d9941f98b8d6d28a783b8f21251f5d2e1e03c24bd55c97b88f9a6'
]
Sending bundle to Prof RPC: http://172.16.4.27:8084
Request payload: {
  "jsonrpc": "2.0",
  "id": 1,
  "method": "eth_sendBundle",
  "params": [
    {
      "txs": [
        "0x02f90176833018246985012a05f2008512a05f2000830249f09471e67695db8bc44aa6bf2014142c42221967ee9880b901040cc7326300000000000000000000000000000000000000000000000000000000000000a00000000000000000000000000000000000000000000000000587105d4080c797000000000000000000000000f98265aea01677961bff51685b04ee3a6139206f00000000000000000000000065d08a056c17ae13370565b04cf77d2afa1cb9fa0000000000000000000000000000000000000000000000000000000000000000000000000000000000000000000000000000000000000000000000000000000200000000000000000000000024a9da1457f96c2b167d49377a776d302a5c4db3000000000000000000000000ac29373cbe03c88fb078488181f8a0650c58ca08c080a0fd9c5e22861d58c5e6beba308a7bbc8512969884105ce6d7028aa1b00dc85556a03f6477da023d9941f98b8d6d28a783b8f21251f5d2e1e03c24bd55c97b88f9a6"
      ],
      "blockNumber": "0xb"
    }
  ]
}
Trying URL: http://172.16.4.27:8084/eth_sendBundle
Bundle sent successfully. Status: 202
nonceOffset: 88
nonceOffset before: 88
Current transaction count:  18
Generating swaps with params: {
  targetBlockNumber: 11,
  txsPerBundle: 1,
  sendRoute: 3,
  txStrategy: 'univ2',
  profRpcUrl: 'http://172.16.4.27:8084',
  nonceOffset: 88
}
Generating swaps with params: {}
Current nonce for 0x65D08a056c17Ae13370565B04cF77D2AfA1cB9FA: 18
Contract Addresses:
AtomicSwap: 0x71e67695DB8Bc44AA6BF2014142c42221967EE98
UniV2FactoryA: 0x85998F6C99833d1127301928248c97b6F168bDad
UniV2FactoryB: 0xf98265AeA01677961Bff51685B04eE3a6139206F
WETH: 0x24a9Da1457F96C2b167D49377A776d302A5C4dB3
DAI addresses: [ '0xAC29373CBe03C88Fb078488181F8a0650C58CA08' ]
[0x65D08a056c17Ae13370565B04cF77D2AfA1cB9FA] swapping 605.0 DAI for WETH
Nonce calculation debug:
- currentNonce (from getTransactionCount): 18
- nonce.override: 88
- nonce.offset: undefined
- Final nonce value: 106
Sending bundle: [
  '0x02f90176833018246a85012a05f2008512a05f2000830249f09471e67695db8bc44aa6bf2014142c42221967ee9880b901040cc7326300000000000000000000000000000000000000000000000000000000000000a0000000000000000000000000000000000000000000000020cc0fc6929754000000000000000000000000000085998f6c99833d1127301928248c97b6f168bdad00000000000000000000000065d08a056c17ae13370565b04cf77d2afa1cb9fa00000000000000000000000000000000000000000000000000000000000000000000000000000000000000000000000000000000000000000000000000000002000000000000000000000000ac29373cbe03c88fb078488181f8a0650c58ca0800000000000000000000000024a9da1457f96c2b167d49377a776d302a5c4db3c080a00ba4756f12d7d7e83de99ce38df99be25941e2d12f628447d3368a669795ceb8a06296edafd0a4e71df20a44c616e5a6eda4800b7db5bb64f5ea07584fedc8c050'
]
Sending bundle to Prof RPC: http://172.16.4.27:8084
Request payload: {
  "jsonrpc": "2.0",
  "id": 1,
  "method": "eth_sendBundle",
  "params": [
    {
      "txs": [
        "0x02f90176833018246a85012a05f2008512a05f2000830249f09471e67695db8bc44aa6bf2014142c42221967ee9880b901040cc7326300000000000000000000000000000000000000000000000000000000000000a0000000000000000000000000000000000000000000000020cc0fc6929754000000000000000000000000000085998f6c99833d1127301928248c97b6f168bdad00000000000000000000000065d08a056c17ae13370565b04cf77d2afa1cb9fa00000000000000000000000000000000000000000000000000000000000000000000000000000000000000000000000000000000000000000000000000000002000000000000000000000000ac29373cbe03c88fb078488181f8a0650c58ca0800000000000000000000000024a9da1457f96c2b167d49377a776d302a5c4db3c080a00ba4756f12d7d7e83de99ce38df99be25941e2d12f628447d3368a669795ceb8a06296edafd0a4e71df20a44c616e5a6eda4800b7db5bb64f5ea07584fedc8c050"
      ],
      "blockNumber": "0xb"
    }
  ]
}
Trying URL: http://172.16.4.27:8084/eth_sendBundle
Bundle sent successfully. Status: 202
nonceOffset: 89
nonceOffset before: 89
Current transaction count:  18
Generating swaps with params: {
  targetBlockNumber: 11,
  txsPerBundle: 1,
  sendRoute: 3,
  txStrategy: 'univ2',
  profRpcUrl: 'http://172.16.4.27:8084',
  nonceOffset: 89
}
Generating swaps with params: {}
Current nonce for 0x65D08a056c17Ae13370565B04cF77D2AfA1cB9FA: 18
Contract Addresses:
AtomicSwap: 0x71e67695DB8Bc44AA6BF2014142c42221967EE98
UniV2FactoryA: 0x85998F6C99833d1127301928248c97b6F168bDad
UniV2FactoryB: 0xf98265AeA01677961Bff51685B04eE3a6139206F
WETH: 0x24a9Da1457F96C2b167D49377A776d302A5C4dB3
DAI addresses: [ '0xAC29373CBe03C88Fb078488181F8a0650C58CA08' ]
[0x65D08a056c17Ae13370565B04cF77D2AfA1cB9FA] swapping 0.193995381062355658 WETH for DAI
Nonce calculation debug:
- currentNonce (from getTransactionCount): 18
- nonce.override: 89
- nonce.offset: undefined
- Final nonce value: 107
Sending bundle: [
  '0x02f90176833018246b85012a05f2008512a05f2000830249f09471e67695db8bc44aa6bf2014142c42221967ee9880b901040cc7326300000000000000000000000000000000000000000000000000000000000000a000000000000000000000000000000000000000000000000002b135c57049caca000000000000000000000000f98265aea01677961bff51685b04ee3a6139206f00000000000000000000000065d08a056c17ae13370565b04cf77d2afa1cb9fa0000000000000000000000000000000000000000000000000000000000000000000000000000000000000000000000000000000000000000000000000000000200000000000000000000000024a9da1457f96c2b167d49377a776d302a5c4db3000000000000000000000000ac29373cbe03c88fb078488181f8a0650c58ca08c001a02ce5765ab66e977513d2203244d6f65008a89466a14242f42a7ab52c227cf4eea036ba775505ba85a5acf9b887e7b6409c57b7001f3f47b43468db24c7801f4fb6'
]
Sending bundle to Prof RPC: http://172.16.4.27:8084
Request payload: {
  "jsonrpc": "2.0",
  "id": 1,
  "method": "eth_sendBundle",
  "params": [
    {
      "txs": [
        "0x02f90176833018246b85012a05f2008512a05f2000830249f09471e67695db8bc44aa6bf2014142c42221967ee9880b901040cc7326300000000000000000000000000000000000000000000000000000000000000a000000000000000000000000000000000000000000000000002b135c57049caca000000000000000000000000f98265aea01677961bff51685b04ee3a6139206f00000000000000000000000065d08a056c17ae13370565b04cf77d2afa1cb9fa0000000000000000000000000000000000000000000000000000000000000000000000000000000000000000000000000000000000000000000000000000000200000000000000000000000024a9da1457f96c2b167d49377a776d302a5c4db3000000000000000000000000ac29373cbe03c88fb078488181f8a0650c58ca08c001a02ce5765ab66e977513d2203244d6f65008a89466a14242f42a7ab52c227cf4eea036ba775505ba85a5acf9b887e7b6409c57b7001f3f47b43468db24c7801f4fb6"
      ],
      "blockNumber": "0xb"
    }
  ]
}
Trying URL: http://172.16.4.27:8084/eth_sendBundle
Bundle sent successfully. Status: 202
nonceOffset: 90
nonceOffset before: 90
Current transaction count:  18
Generating swaps with params: {
  targetBlockNumber: 11,
  txsPerBundle: 1,
  sendRoute: 3,
  txStrategy: 'univ2',
  profRpcUrl: 'http://172.16.4.27:8084',
  nonceOffset: 90
}
Generating swaps with params: {}
Current nonce for 0x65D08a056c17Ae13370565B04cF77D2AfA1cB9FA: 18
Contract Addresses:
AtomicSwap: 0x71e67695DB8Bc44AA6BF2014142c42221967EE98
UniV2FactoryA: 0x85998F6C99833d1127301928248c97b6F168bDad
UniV2FactoryB: 0xf98265AeA01677961Bff51685B04eE3a6139206F
WETH: 0x24a9Da1457F96C2b167D49377A776d302A5C4dB3
DAI addresses: [ '0xAC29373CBe03C88Fb078488181F8a0650C58CA08' ]
[0x65D08a056c17Ae13370565B04cF77D2AfA1cB9FA] swapping 193.0 DAI for WETH
Nonce calculation debug:
- currentNonce (from getTransactionCount): 18
- nonce.override: 90
- nonce.offset: undefined
- Final nonce value: 108
Sending bundle: [
  '0x02f90176833018246c85012a05f2008512a05f2000830249f09471e67695db8bc44aa6bf2014142c42221967ee9880b901040cc7326300000000000000000000000000000000000000000000000000000000000000a000000000000000000000000000000000000000000000000a7669bd7132640000000000000000000000000000f98265aea01677961bff51685b04ee3a6139206f00000000000000000000000065d08a056c17ae13370565b04cf77d2afa1cb9fa00000000000000000000000000000000000000000000000000000000000000000000000000000000000000000000000000000000000000000000000000000002000000000000000000000000ac29373cbe03c88fb078488181f8a0650c58ca0800000000000000000000000024a9da1457f96c2b167d49377a776d302a5c4db3c001a086cf107d92650fa32e02c5fe8c1f12d14e92d19814498a7239397db0d50a511aa02803c24325e7e2d8a34a4c0753ef08b2b686905cb44cb2451f9a46cee45864cc'
]
Sending bundle to Prof RPC: http://172.16.4.27:8084
Request payload: {
  "jsonrpc": "2.0",
  "id": 1,
  "method": "eth_sendBundle",
  "params": [
    {
      "txs": [
        "0x02f90176833018246c85012a05f2008512a05f2000830249f09471e67695db8bc44aa6bf2014142c42221967ee9880b901040cc7326300000000000000000000000000000000000000000000000000000000000000a000000000000000000000000000000000000000000000000a7669bd7132640000000000000000000000000000f98265aea01677961bff51685b04ee3a6139206f00000000000000000000000065d08a056c17ae13370565b04cf77d2afa1cb9fa00000000000000000000000000000000000000000000000000000000000000000000000000000000000000000000000000000000000000000000000000000002000000000000000000000000ac29373cbe03c88fb078488181f8a0650c58ca0800000000000000000000000024a9da1457f96c2b167d49377a776d302a5c4db3c001a086cf107d92650fa32e02c5fe8c1f12d14e92d19814498a7239397db0d50a511aa02803c24325e7e2d8a34a4c0753ef08b2b686905cb44cb2451f9a46cee45864cc"
      ],
      "blockNumber": "0xb"
    }
  ]
}
Trying URL: http://172.16.4.27:8084/eth_sendBundle
Bundle sent successfully. Status: 202
nonceOffset: 91
nonceOffset before: 91
Current transaction count:  18
Generating swaps with params: {
  targetBlockNumber: 11,
  txsPerBundle: 1,
  sendRoute: 3,
  txStrategy: 'univ2',
  profRpcUrl: 'http://172.16.4.27:8084',
  nonceOffset: 91
}
Generating swaps with params: {}
Current nonce for 0x65D08a056c17Ae13370565B04cF77D2AfA1cB9FA: 18
Contract Addresses:
AtomicSwap: 0x71e67695DB8Bc44AA6BF2014142c42221967EE98
UniV2FactoryA: 0x85998F6C99833d1127301928248c97b6F168bDad
UniV2FactoryB: 0xf98265AeA01677961Bff51685B04eE3a6139206F
WETH: 0x24a9Da1457F96C2b167D49377A776d302A5C4dB3
DAI addresses: [ '0xAC29373CBe03C88Fb078488181F8a0650C58CA08' ]
[0x65D08a056c17Ae13370565B04cF77D2AfA1cB9FA] swapping 605.0 DAI for WETH
Nonce calculation debug:
- currentNonce (from getTransactionCount): 18
- nonce.override: 91
- nonce.offset: undefined
- Final nonce value: 109
Sending bundle: [
  '0x02f90176833018246d85012a05f2008512a05f2000830249f09471e67695db8bc44aa6bf2014142c42221967ee9880b901040cc7326300000000000000000000000000000000000000000000000000000000000000a0000000000000000000000000000000000000000000000020cc0fc69297540000000000000000000000000000f98265aea01677961bff51685b04ee3a6139206f00000000000000000000000065d08a056c17ae13370565b04cf77d2afa1cb9fa00000000000000000000000000000000000000000000000000000000000000000000000000000000000000000000000000000000000000000000000000000002000000000000000000000000ac29373cbe03c88fb078488181f8a0650c58ca0800000000000000000000000024a9da1457f96c2b167d49377a776d302a5c4db3c001a0a0a8d68fc23ffa99c132da8e9c0f5f1d425003682c0490e874565c7b576feaf7a071f5f4254c620b3d8b1e42e1b0d058853c66fdda0b88349ecc7ad0d46cd72629'
]
Sending bundle to Prof RPC: http://172.16.4.27:8084
Request payload: {
  "jsonrpc": "2.0",
  "id": 1,
  "method": "eth_sendBundle",
  "params": [
    {
      "txs": [
        "0x02f90176833018246d85012a05f2008512a05f2000830249f09471e67695db8bc44aa6bf2014142c42221967ee9880b901040cc7326300000000000000000000000000000000000000000000000000000000000000a0000000000000000000000000000000000000000000000020cc0fc69297540000000000000000000000000000f98265aea01677961bff51685b04ee3a6139206f00000000000000000000000065d08a056c17ae13370565b04cf77d2afa1cb9fa00000000000000000000000000000000000000000000000000000000000000000000000000000000000000000000000000000000000000000000000000000002000000000000000000000000ac29373cbe03c88fb078488181f8a0650c58ca0800000000000000000000000024a9da1457f96c2b167d49377a776d302a5c4db3c001a0a0a8d68fc23ffa99c132da8e9c0f5f1d425003682c0490e874565c7b576feaf7a071f5f4254c620b3d8b1e42e1b0d058853c66fdda0b88349ecc7ad0d46cd72629"
      ],
      "blockNumber": "0xb"
    }
  ]
}
Trying URL: http://172.16.4.27:8084/eth_sendBundle
Bundle sent successfully. Status: 202
nonceOffset: 92
nonceOffset before: 92
Current transaction count:  18
Generating swaps with params: {
  targetBlockNumber: 11,
  txsPerBundle: 1,
  sendRoute: 3,
  txStrategy: 'univ2',
  profRpcUrl: 'http://172.16.4.27:8084',
  nonceOffset: 92
}
Generating swaps with params: {}
Current nonce for 0x65D08a056c17Ae13370565B04cF77D2AfA1cB9FA: 18
Contract Addresses:
AtomicSwap: 0x71e67695DB8Bc44AA6BF2014142c42221967EE98
UniV2FactoryA: 0x85998F6C99833d1127301928248c97b6F168bDad
UniV2FactoryB: 0xf98265AeA01677961Bff51685B04eE3a6139206F
WETH: 0x24a9Da1457F96C2b167D49377A776d302A5C4dB3
DAI addresses: [ '0xAC29373CBe03C88Fb078488181F8a0650C58CA08' ]
[0x65D08a056c17Ae13370565B04cF77D2AfA1cB9FA] swapping 844.0 DAI for WETH
Nonce calculation debug:
- currentNonce (from getTransactionCount): 18
- nonce.override: 92
- nonce.offset: undefined
- Final nonce value: 110
Sending bundle: [
  '0x02f90176833018246e85012a05f2008512a05f2000830249f09471e67695db8bc44aa6bf2014142c42221967ee9880b901040cc7326300000000000000000000000000000000000000000000000000000000000000a000000000000000000000000000000000000000000000002dc0da584bddb0000000000000000000000000000085998f6c99833d1127301928248c97b6f168bdad00000000000000000000000065d08a056c17ae13370565b04cf77d2afa1cb9fa00000000000000000000000000000000000000000000000000000000000000000000000000000000000000000000000000000000000000000000000000000002000000000000000000000000ac29373cbe03c88fb078488181f8a0650c58ca0800000000000000000000000024a9da1457f96c2b167d49377a776d302a5c4db3c001a04a3c083ebf63636258a8cfd4d4d91215d5b184beef065ae9f597801e6b52d1fba032b8ea079be98b37f5f4432de49ececccd06cc49632b0ff9852618347448e4d0'
]
Sending bundle to Prof RPC: http://172.16.4.27:8084
Request payload: {
  "jsonrpc": "2.0",
  "id": 1,
  "method": "eth_sendBundle",
  "params": [
    {
      "txs": [
        "0x02f90176833018246e85012a05f2008512a05f2000830249f09471e67695db8bc44aa6bf2014142c42221967ee9880b901040cc7326300000000000000000000000000000000000000000000000000000000000000a000000000000000000000000000000000000000000000002dc0da584bddb0000000000000000000000000000085998f6c99833d1127301928248c97b6f168bdad00000000000000000000000065d08a056c17ae13370565b04cf77d2afa1cb9fa00000000000000000000000000000000000000000000000000000000000000000000000000000000000000000000000000000000000000000000000000000002000000000000000000000000ac29373cbe03c88fb078488181f8a0650c58ca0800000000000000000000000024a9da1457f96c2b167d49377a776d302a5c4db3c001a04a3c083ebf63636258a8cfd4d4d91215d5b184beef065ae9f597801e6b52d1fba032b8ea079be98b37f5f4432de49ececccd06cc49632b0ff9852618347448e4d0"
      ],
      "blockNumber": "0xb"
    }
  ]
}
Trying URL: http://172.16.4.27:8084/eth_sendBundle
Bundle sent successfully. Status: 202
nonceOffset: 93
nonceOffset before: 93
Current transaction count:  18
Generating swaps with params: {
  targetBlockNumber: 11,
  txsPerBundle: 1,
  sendRoute: 3,
  txStrategy: 'univ2',
  profRpcUrl: 'http://172.16.4.27:8084',
  nonceOffset: 93
}
Generating swaps with params: {}
Current nonce for 0x65D08a056c17Ae13370565B04cF77D2AfA1cB9FA: 18
Contract Addresses:
AtomicSwap: 0x71e67695DB8Bc44AA6BF2014142c42221967EE98
UniV2FactoryA: 0x85998F6C99833d1127301928248c97b6F168bDad
UniV2FactoryB: 0xf98265AeA01677961Bff51685B04eE3a6139206F
WETH: 0x24a9Da1457F96C2b167D49377A776d302A5C4dB3
DAI addresses: [ '0xAC29373CBe03C88Fb078488181F8a0650C58CA08' ]
[0x65D08a056c17Ae13370565B04cF77D2AfA1cB9FA] swapping 893.0 DAI for WETH
Nonce calculation debug:
- currentNonce (from getTransactionCount): 18
- nonce.override: 93
- nonce.offset: undefined
- Final nonce value: 111
Sending bundle: [
  '0x02f90176833018246f85012a05f2008512a05f2000830249f09471e67695db8bc44aa6bf2014142c42221967ee9880b901040cc7326300000000000000000000000000000000000000000000000000000000000000a000000000000000000000000000000000000000000000003068dd50aee7d40000000000000000000000000000f98265aea01677961bff51685b04ee3a6139206f00000000000000000000000065d08a056c17ae13370565b04cf77d2afa1cb9fa00000000000000000000000000000000000000000000000000000000000000000000000000000000000000000000000000000000000000000000000000000002000000000000000000000000ac29373cbe03c88fb078488181f8a0650c58ca0800000000000000000000000024a9da1457f96c2b167d49377a776d302a5c4db3c080a038618819e2980497ceabfd66407d7222186f50ba136f537d8d439345455e7637a06aa0f889a0b890e446a05d609c2b86b58bc5ad05cc88e141919a5cd5410399fc'
]
Sending bundle to Prof RPC: http://172.16.4.27:8084
Request payload: {
  "jsonrpc": "2.0",
  "id": 1,
  "method": "eth_sendBundle",
  "params": [
    {
      "txs": [
        "0x02f90176833018246f85012a05f2008512a05f2000830249f09471e67695db8bc44aa6bf2014142c42221967ee9880b901040cc7326300000000000000000000000000000000000000000000000000000000000000a000000000000000000000000000000000000000000000003068dd50aee7d40000000000000000000000000000f98265aea01677961bff51685b04ee3a6139206f00000000000000000000000065d08a056c17ae13370565b04cf77d2afa1cb9fa00000000000000000000000000000000000000000000000000000000000000000000000000000000000000000000000000000000000000000000000000000002000000000000000000000000ac29373cbe03c88fb078488181f8a0650c58ca0800000000000000000000000024a9da1457f96c2b167d49377a776d302a5c4db3c080a038618819e2980497ceabfd66407d7222186f50ba136f537d8d439345455e7637a06aa0f889a0b890e446a05d609c2b86b58bc5ad05cc88e141919a5cd5410399fc"
      ],
      "blockNumber": "0xb"
    }
  ]
}
Trying URL: http://172.16.4.27:8084/eth_sendBundle
Bundle sent successfully. Status: 202
nonceOffset: 94
nonceOffset before: 94
Current transaction count:  18
Generating swaps with params: {
  targetBlockNumber: 11,
  txsPerBundle: 1,
  sendRoute: 3,
  txStrategy: 'univ2',
  profRpcUrl: 'http://172.16.4.27:8084',
  nonceOffset: 94
}
Generating swaps with params: {}
Current nonce for 0x65D08a056c17Ae13370565B04cF77D2AfA1cB9FA: 18
Contract Addresses:
AtomicSwap: 0x71e67695DB8Bc44AA6BF2014142c42221967EE98
UniV2FactoryA: 0x85998F6C99833d1127301928248c97b6F168bDad
UniV2FactoryB: 0xf98265AeA01677961Bff51685B04eE3a6139206F
WETH: 0x24a9Da1457F96C2b167D49377A776d302A5C4dB3
DAI addresses: [ '0xAC29373CBe03C88Fb078488181F8a0650C58CA08' ]
[0x65D08a056c17Ae13370565B04cF77D2AfA1cB9FA] swapping 0.688751926040061633 WETH for DAI
Nonce calculation debug:
- currentNonce (from getTransactionCount): 18
- nonce.override: 94
- nonce.offset: undefined
- Final nonce value: 112
Sending bundle: [
  '0x02f90176833018247085012a05f2008512a05f2000830249f09471e67695db8bc44aa6bf2014142c42221967ee9880b901040cc7326300000000000000000000000000000000000000000000000000000000000000a0000000000000000000000000000000000000000000000000098ef03a41fbe6c100000000000000000000000085998f6c99833d1127301928248c97b6f168bdad00000000000000000000000065d08a056c17ae13370565b04cf77d2afa1cb9fa0000000000000000000000000000000000000000000000000000000000000000000000000000000000000000000000000000000000000000000000000000000200000000000000000000000024a9da1457f96c2b167d49377a776d302a5c4db3000000000000000000000000ac29373cbe03c88fb078488181f8a0650c58ca08c080a0ae9c8a601dc93b8d86786a1942f5ad597599117880c82785b69e957675567e9ea04036a5dc9bda9d349cb451ec0e60e91a2cd85d4b290896889bb4ca28b85300d8'
]
Sending bundle to Prof RPC: http://172.16.4.27:8084
Request payload: {
  "jsonrpc": "2.0",
  "id": 1,
  "method": "eth_sendBundle",
  "params": [
    {
      "txs": [
        "0x02f90176833018247085012a05f2008512a05f2000830249f09471e67695db8bc44aa6bf2014142c42221967ee9880b901040cc7326300000000000000000000000000000000000000000000000000000000000000a0000000000000000000000000000000000000000000000000098ef03a41fbe6c100000000000000000000000085998f6c99833d1127301928248c97b6f168bdad00000000000000000000000065d08a056c17ae13370565b04cf77d2afa1cb9fa0000000000000000000000000000000000000000000000000000000000000000000000000000000000000000000000000000000000000000000000000000000200000000000000000000000024a9da1457f96c2b167d49377a776d302a5c4db3000000000000000000000000ac29373cbe03c88fb078488181f8a0650c58ca08c080a0ae9c8a601dc93b8d86786a1942f5ad597599117880c82785b69e957675567e9ea04036a5dc9bda9d349cb451ec0e60e91a2cd85d4b290896889bb4ca28b85300d8"
      ],
      "blockNumber": "0xb"
    }
  ]
}
Trying URL: http://172.16.4.27:8084/eth_sendBundle
Bundle sent successfully. Status: 202
nonceOffset: 95
nonceOffset before: 95
Current transaction count:  18
Generating swaps with params: {
  targetBlockNumber: 11,
  txsPerBundle: 1,
  sendRoute: 3,
  txStrategy: 'univ2',
  profRpcUrl: 'http://172.16.4.27:8084',
  nonceOffset: 95
}
Generating swaps with params: {}
Current nonce for 0x65D08a056c17Ae13370565B04cF77D2AfA1cB9FA: 18
Contract Addresses:
AtomicSwap: 0x71e67695DB8Bc44AA6BF2014142c42221967EE98
UniV2FactoryA: 0x85998F6C99833d1127301928248c97b6F168bDad
UniV2FactoryB: 0xf98265AeA01677961Bff51685B04eE3a6139206F
WETH: 0x24a9Da1457F96C2b167D49377A776d302A5C4dB3
DAI addresses: [ '0xAC29373CBe03C88Fb078488181F8a0650C58CA08' ]
[0x65D08a056c17Ae13370565B04cF77D2AfA1cB9FA] swapping 0.751926040061633281 WETH for DAI
Nonce calculation debug:
- currentNonce (from getTransactionCount): 18
- nonce.override: 95
- nonce.offset: undefined
- Final nonce value: 113
Sending bundle: [
  '0x02f90176833018247185012a05f2008512a05f2000830249f09471e67695db8bc44aa6bf2014142c42221967ee9880b901040cc7326300000000000000000000000000000000000000000000000000000000000000a00000000000000000000000000000000000000000000000000a6f60bfe33d6301000000000000000000000000f98265aea01677961bff51685b04ee3a6139206f00000000000000000000000065d08a056c17ae13370565b04cf77d2afa1cb9fa0000000000000000000000000000000000000000000000000000000000000000000000000000000000000000000000000000000000000000000000000000000200000000000000000000000024a9da1457f96c2b167d49377a776d302a5c4db3000000000000000000000000ac29373cbe03c88fb078488181f8a0650c58ca08c080a0d64ff8bc5092eba09b3994effb7dc6b86118a309fef87eb07a76a95a76a21d25a03ef2623ec315b9f48a90c71cc0b6b2f27be94f7f78d2eb52d096abe525a957e9'
]
Sending bundle to Prof RPC: http://172.16.4.27:8084
Request payload: {
  "jsonrpc": "2.0",
  "id": 1,
  "method": "eth_sendBundle",
  "params": [
    {
      "txs": [
        "0x02f90176833018247185012a05f2008512a05f2000830249f09471e67695db8bc44aa6bf2014142c42221967ee9880b901040cc7326300000000000000000000000000000000000000000000000000000000000000a00000000000000000000000000000000000000000000000000a6f60bfe33d6301000000000000000000000000f98265aea01677961bff51685b04ee3a6139206f00000000000000000000000065d08a056c17ae13370565b04cf77d2afa1cb9fa0000000000000000000000000000000000000000000000000000000000000000000000000000000000000000000000000000000000000000000000000000000200000000000000000000000024a9da1457f96c2b167d49377a776d302a5c4db3000000000000000000000000ac29373cbe03c88fb078488181f8a0650c58ca08c080a0d64ff8bc5092eba09b3994effb7dc6b86118a309fef87eb07a76a95a76a21d25a03ef2623ec315b9f48a90c71cc0b6b2f27be94f7f78d2eb52d096abe525a957e9"
      ],
      "blockNumber": "0xb"
    }
  ]
}
Trying URL: http://172.16.4.27:8084/eth_sendBundle
Bundle sent successfully. Status: 202
nonceOffset: 96
nonceOffset before: 96
Current transaction count:  18
Generating swaps with params: {
  targetBlockNumber: 11,
  txsPerBundle: 1,
  sendRoute: 3,
  txStrategy: 'univ2',
  profRpcUrl: 'http://172.16.4.27:8084',
  nonceOffset: 96
}
Generating swaps with params: {}
Current nonce for 0x65D08a056c17Ae13370565B04cF77D2AfA1cB9FA: 18
Contract Addresses:
AtomicSwap: 0x71e67695DB8Bc44AA6BF2014142c42221967EE98
UniV2FactoryA: 0x85998F6C99833d1127301928248c97b6F168bDad
UniV2FactoryB: 0xf98265AeA01677961Bff51685B04eE3a6139206F
WETH: 0x24a9Da1457F96C2b167D49377A776d302A5C4dB3
DAI addresses: [ '0xAC29373CBe03C88Fb078488181F8a0650C58CA08' ]
[0x65D08a056c17Ae13370565B04cF77D2AfA1cB9FA] swapping 0.523882896764252696 WETH for DAI
Nonce calculation debug:
- currentNonce (from getTransactionCount): 18
- nonce.override: 96
- nonce.offset: undefined
- Final nonce value: 114
Sending bundle: [
  '0x02f90176833018247285012a05f2008512a05f2000830249f09471e67695db8bc44aa6bf2014142c42221967ee9880b901040cc7326300000000000000000000000000000000000000000000000000000000000000a0000000000000000000000000000000000000000000000000074534b80d893218000000000000000000000000f98265aea01677961bff51685b04ee3a6139206f00000000000000000000000065d08a056c17ae13370565b04cf77d2afa1cb9fa0000000000000000000000000000000000000000000000000000000000000000000000000000000000000000000000000000000000000000000000000000000200000000000000000000000024a9da1457f96c2b167d49377a776d302a5c4db3000000000000000000000000ac29373cbe03c88fb078488181f8a0650c58ca08c080a0e0c6c5782347fbb473506d2cd80f957c4ae5f73ae359dad5e3da333ba51ab94fa04428db7fa56333892e88a45eaa014dd2d2f8a348893bfc3e4e8f49348c7889ab'
]
Sending bundle to Prof RPC: http://172.16.4.27:8084
Request payload: {
  "jsonrpc": "2.0",
  "id": 1,
  "method": "eth_sendBundle",
  "params": [
    {
      "txs": [
        "0x02f90176833018247285012a05f2008512a05f2000830249f09471e67695db8bc44aa6bf2014142c42221967ee9880b901040cc7326300000000000000000000000000000000000000000000000000000000000000a0000000000000000000000000000000000000000000000000074534b80d893218000000000000000000000000f98265aea01677961bff51685b04ee3a6139206f00000000000000000000000065d08a056c17ae13370565b04cf77d2afa1cb9fa0000000000000000000000000000000000000000000000000000000000000000000000000000000000000000000000000000000000000000000000000000000200000000000000000000000024a9da1457f96c2b167d49377a776d302a5c4db3000000000000000000000000ac29373cbe03c88fb078488181f8a0650c58ca08c080a0e0c6c5782347fbb473506d2cd80f957c4ae5f73ae359dad5e3da333ba51ab94fa04428db7fa56333892e88a45eaa014dd2d2f8a348893bfc3e4e8f49348c7889ab"
      ],
      "blockNumber": "0xb"
    }
  ]
}
Trying URL: http://172.16.4.27:8084/eth_sendBundle
Bundle sent successfully. Status: 202
nonceOffset: 97
nonceOffset before: 97
Current transaction count:  18
Generating swaps with params: {
  targetBlockNumber: 11,
  txsPerBundle: 1,
  sendRoute: 3,
  txStrategy: 'univ2',
  profRpcUrl: 'http://172.16.4.27:8084',
  nonceOffset: 97
}
Generating swaps with params: {}
Current nonce for 0x65D08a056c17Ae13370565B04cF77D2AfA1cB9FA: 18
Contract Addresses:
AtomicSwap: 0x71e67695DB8Bc44AA6BF2014142c42221967EE98
UniV2FactoryA: 0x85998F6C99833d1127301928248c97b6F168bDad
UniV2FactoryB: 0xf98265AeA01677961Bff51685B04eE3a6139206F
WETH: 0x24a9Da1457F96C2b167D49377A776d302A5C4dB3
DAI addresses: [ '0xAC29373CBe03C88Fb078488181F8a0650C58CA08' ]
[0x65D08a056c17Ae13370565B04cF77D2AfA1cB9FA] swapping 0.753466872110939907 WETH for DAI
Nonce calculation debug:
- currentNonce (from getTransactionCount): 18
- nonce.override: 97
- nonce.offset: undefined
- Final nonce value: 115
Sending bundle: [
  '0x02f90176833018247385012a05f2008512a05f2000830249f09471e67695db8bc44aa6bf2014142c42221967ee9880b901040cc7326300000000000000000000000000000000000000000000000000000000000000a00000000000000000000000000000000000000000000000000a74da20ce327f03000000000000000000000000f98265aea01677961bff51685b04ee3a6139206f00000000000000000000000065d08a056c17ae13370565b04cf77d2afa1cb9fa0000000000000000000000000000000000000000000000000000000000000000000000000000000000000000000000000000000000000000000000000000000200000000000000000000000024a9da1457f96c2b167d49377a776d302a5c4db3000000000000000000000000ac29373cbe03c88fb078488181f8a0650c58ca08c001a04424aaa5ba796e255486f0b41a9de564eacda0881bb520b3e429ffd21ebc6b79a07a4eb8b773cfb9dc2a7dabea200ac91861548f837e64012e2748237d5c405b17'
]
Sending bundle to Prof RPC: http://172.16.4.27:8084
Request payload: {
  "jsonrpc": "2.0",
  "id": 1,
  "method": "eth_sendBundle",
  "params": [
    {
      "txs": [
        "0x02f90176833018247385012a05f2008512a05f2000830249f09471e67695db8bc44aa6bf2014142c42221967ee9880b901040cc7326300000000000000000000000000000000000000000000000000000000000000a00000000000000000000000000000000000000000000000000a74da20ce327f03000000000000000000000000f98265aea01677961bff51685b04ee3a6139206f00000000000000000000000065d08a056c17ae13370565b04cf77d2afa1cb9fa0000000000000000000000000000000000000000000000000000000000000000000000000000000000000000000000000000000000000000000000000000000200000000000000000000000024a9da1457f96c2b167d49377a776d302a5c4db3000000000000000000000000ac29373cbe03c88fb078488181f8a0650c58ca08c001a04424aaa5ba796e255486f0b41a9de564eacda0881bb520b3e429ffd21ebc6b79a07a4eb8b773cfb9dc2a7dabea200ac91861548f837e64012e2748237d5c405b17"
      ],
      "blockNumber": "0xb"
    }
  ]
}
Trying URL: http://172.16.4.27:8084/eth_sendBundle
Bundle sent successfully. Status: 202
nonceOffset: 98
nonceOffset before: 98
Current transaction count:  18
Generating swaps with params: {
  targetBlockNumber: 11,
  txsPerBundle: 1,
  sendRoute: 3,
  txStrategy: 'univ2',
  profRpcUrl: 'http://172.16.4.27:8084',
  nonceOffset: 98
}
Generating swaps with params: {}
Current nonce for 0x65D08a056c17Ae13370565B04cF77D2AfA1cB9FA: 18
Contract Addresses:
AtomicSwap: 0x71e67695DB8Bc44AA6BF2014142c42221967EE98
UniV2FactoryA: 0x85998F6C99833d1127301928248c97b6F168bDad
UniV2FactoryB: 0xf98265AeA01677961Bff51685B04eE3a6139206F
WETH: 0x24a9Da1457F96C2b167D49377A776d302A5C4dB3
DAI addresses: [ '0xAC29373CBe03C88Fb078488181F8a0650C58CA08' ]
[0x65D08a056c17Ae13370565B04cF77D2AfA1cB9FA] swapping 870.0 DAI for WETH
Nonce calculation debug:
- currentNonce (from getTransactionCount): 18
- nonce.override: 98
- nonce.offset: undefined
- Final nonce value: 116
Sending bundle: [
  '0x02f90176833018247485012a05f2008512a05f2000830249f09471e67695db8bc44aa6bf2014142c42221967ee9880b901040cc7326300000000000000000000000000000000000000000000000000000000000000a000000000000000000000000000000000000000000000002f29ace68addd80000000000000000000000000000f98265aea01677961bff51685b04ee3a6139206f00000000000000000000000065d08a056c17ae13370565b04cf77d2afa1cb9fa00000000000000000000000000000000000000000000000000000000000000000000000000000000000000000000000000000000000000000000000000000002000000000000000000000000ac29373cbe03c88fb078488181f8a0650c58ca0800000000000000000000000024a9da1457f96c2b167d49377a776d302a5c4db3c080a0fc1f195d41ed11159952cc0423fa6700be5d025482f6dfd23b495b919cfaeb72a02932ae119a2a9ec5ae2c432a763a15519833a6eea4e28288c9bee733ccfdf0dc'
]
Sending bundle to Prof RPC: http://172.16.4.27:8084
Request payload: {
  "jsonrpc": "2.0",
  "id": 1,
  "method": "eth_sendBundle",
  "params": [
    {
      "txs": [
        "0x02f90176833018247485012a05f2008512a05f2000830249f09471e67695db8bc44aa6bf2014142c42221967ee9880b901040cc7326300000000000000000000000000000000000000000000000000000000000000a000000000000000000000000000000000000000000000002f29ace68addd80000000000000000000000000000f98265aea01677961bff51685b04ee3a6139206f00000000000000000000000065d08a056c17ae13370565b04cf77d2afa1cb9fa00000000000000000000000000000000000000000000000000000000000000000000000000000000000000000000000000000000000000000000000000000002000000000000000000000000ac29373cbe03c88fb078488181f8a0650c58ca0800000000000000000000000024a9da1457f96c2b167d49377a776d302a5c4db3c080a0fc1f195d41ed11159952cc0423fa6700be5d025482f6dfd23b495b919cfaeb72a02932ae119a2a9ec5ae2c432a763a15519833a6eea4e28288c9bee733ccfdf0dc"
      ],
      "blockNumber": "0xb"
    }
  ]
}
Trying URL: http://172.16.4.27:8084/eth_sendBundle
Bundle sent successfully. Status: 202
nonceOffset: 99
nonceOffset before: 99
Current transaction count:  18
Generating swaps with params: {
  targetBlockNumber: 11,
  txsPerBundle: 1,
  sendRoute: 3,
  txStrategy: 'univ2',
  profRpcUrl: 'http://172.16.4.27:8084',
  nonceOffset: 99
}
Generating swaps with params: {}
Current nonce for 0x65D08a056c17Ae13370565B04cF77D2AfA1cB9FA: 18
Contract Addresses:
AtomicSwap: 0x71e67695DB8Bc44AA6BF2014142c42221967EE98
UniV2FactoryA: 0x85998F6C99833d1127301928248c97b6F168bDad
UniV2FactoryB: 0xf98265AeA01677961Bff51685B04eE3a6139206F
WETH: 0x24a9Da1457F96C2b167D49377A776d302A5C4dB3
DAI addresses: [ '0xAC29373CBe03C88Fb078488181F8a0650C58CA08' ]
[0x65D08a056c17Ae13370565B04cF77D2AfA1cB9FA] swapping 860.0 DAI for WETH
Nonce calculation debug:
- currentNonce (from getTransactionCount): 18
- nonce.override: 99
- nonce.offset: undefined
- Final nonce value: 117
Sending bundle: [
  '0x02f90176833018247585012a05f2008512a05f2000830249f09471e67695db8bc44aa6bf2014142c42221967ee9880b901040cc7326300000000000000000000000000000000000000000000000000000000000000a000000000000000000000000000000000000000000000002e9ee5c38653f0000000000000000000000000000085998f6c99833d1127301928248c97b6f168bdad00000000000000000000000065d08a056c17ae13370565b04cf77d2afa1cb9fa00000000000000000000000000000000000000000000000000000000000000000000000000000000000000000000000000000000000000000000000000000002000000000000000000000000ac29373cbe03c88fb078488181f8a0650c58ca0800000000000000000000000024a9da1457f96c2b167d49377a776d302a5c4db3c080a022316fed9512989415983765d513467e12724f7bae7742f8396a4485da763f0ca060223eae1a81bf8abe1ae99876c9fc6f2fdc083636f576d1c6c82a97e0b64211'
]
Sending bundle to Prof RPC: http://172.16.4.27:8084
Request payload: {
  "jsonrpc": "2.0",
  "id": 1,
  "method": "eth_sendBundle",
  "params": [
    {
      "txs": [
        "0x02f90176833018247585012a05f2008512a05f2000830249f09471e67695db8bc44aa6bf2014142c42221967ee9880b901040cc7326300000000000000000000000000000000000000000000000000000000000000a000000000000000000000000000000000000000000000002e9ee5c38653f0000000000000000000000000000085998f6c99833d1127301928248c97b6f168bdad00000000000000000000000065d08a056c17ae13370565b04cf77d2afa1cb9fa00000000000000000000000000000000000000000000000000000000000000000000000000000000000000000000000000000000000000000000000000000002000000000000000000000000ac29373cbe03c88fb078488181f8a0650c58ca0800000000000000000000000024a9da1457f96c2b167d49377a776d302a5c4db3c080a022316fed9512989415983765d513467e12724f7bae7742f8396a4485da763f0ca060223eae1a81bf8abe1ae99876c9fc6f2fdc083636f576d1c6c82a97e0b64211"
      ],
      "blockNumber": "0xb"
    }
  ]
}
Trying URL: http://172.16.4.27:8084/eth_sendBundle
Bundle sent successfully. Status: 202
nonceOffset: 100
nonceOffset before: 100
Current transaction count:  18
Generating swaps with params: {
  targetBlockNumber: 11,
  txsPerBundle: 1,
  sendRoute: 3,
  txStrategy: 'univ2',
  profRpcUrl: 'http://172.16.4.27:8084',
  nonceOffset: 100
}
Generating swaps with params: {}
Current nonce for 0x65D08a056c17Ae13370565B04cF77D2AfA1cB9FA: 18
Contract Addresses:
AtomicSwap: 0x71e67695DB8Bc44AA6BF2014142c42221967EE98
UniV2FactoryA: 0x85998F6C99833d1127301928248c97b6F168bDad
UniV2FactoryB: 0xf98265AeA01677961Bff51685B04eE3a6139206F
WETH: 0x24a9Da1457F96C2b167D49377A776d302A5C4dB3
DAI addresses: [ '0xAC29373CBe03C88Fb078488181F8a0650C58CA08' ]
[0x65D08a056c17Ae13370565B04cF77D2AfA1cB9FA] swapping 798.0 DAI for WETH
Nonce calculation debug:
- currentNonce (from getTransactionCount): 18
- nonce.override: 100
- nonce.offset: undefined
- Final nonce value: 118
Sending bundle: [
  '0x02f90175833018247685012a05f2008512a05f2000830249f09471e67695db8bc44aa6bf2014142c42221967ee9880b901040cc7326300000000000000000000000000000000000000000000000000000000000000a000000000000000000000000000000000000000000000002b42798403c9b8000000000000000000000000000085998f6c99833d1127301928248c97b6f168bdad00000000000000000000000065d08a056c17ae13370565b04cf77d2afa1cb9fa00000000000000000000000000000000000000000000000000000000000000000000000000000000000000000000000000000000000000000000000000000002000000000000000000000000ac29373cbe03c88fb078488181f8a0650c58ca0800000000000000000000000024a9da1457f96c2b167d49377a776d302a5c4db3c0809f9d572ef638a9f0a9796f2175744a319772da9d85e589ea905b29720638ae08a05119ab53b1d062f2999b1d2f55b6e1a0ed0f09ed0871e2a10c2afd1b7198bbc8'
]
Sending bundle to Prof RPC: http://172.16.4.27:8084
Request payload: {
  "jsonrpc": "2.0",
  "id": 1,
  "method": "eth_sendBundle",
  "params": [
    {
      "txs": [
        "0x02f90175833018247685012a05f2008512a05f2000830249f09471e67695db8bc44aa6bf2014142c42221967ee9880b901040cc7326300000000000000000000000000000000000000000000000000000000000000a000000000000000000000000000000000000000000000002b42798403c9b8000000000000000000000000000085998f6c99833d1127301928248c97b6f168bdad00000000000000000000000065d08a056c17ae13370565b04cf77d2afa1cb9fa00000000000000000000000000000000000000000000000000000000000000000000000000000000000000000000000000000000000000000000000000000002000000000000000000000000ac29373cbe03c88fb078488181f8a0650c58ca0800000000000000000000000024a9da1457f96c2b167d49377a776d302a5c4db3c0809f9d572ef638a9f0a9796f2175744a319772da9d85e589ea905b29720638ae08a05119ab53b1d062f2999b1d2f55b6e1a0ed0f09ed0871e2a10c2afd1b7198bbc8"
      ],
      "blockNumber": "0xb"
    }
  ]
}
Trying URL: http://172.16.4.27:8084/eth_sendBundle
Bundle sent successfully. Status: 202
nonceOffset: 101
nonceOffset before: 101
Current transaction count:  18
Generating swaps with params: {
  targetBlockNumber: 11,
  txsPerBundle: 1,
  sendRoute: 3,
  txStrategy: 'univ2',
  profRpcUrl: 'http://172.16.4.27:8084',
  nonceOffset: 101
}
Generating swaps with params: {}
Current nonce for 0x65D08a056c17Ae13370565B04cF77D2AfA1cB9FA: 18
Contract Addresses:
AtomicSwap: 0x71e67695DB8Bc44AA6BF2014142c42221967EE98
UniV2FactoryA: 0x85998F6C99833d1127301928248c97b6F168bDad
UniV2FactoryB: 0xf98265AeA01677961Bff51685B04eE3a6139206F
WETH: 0x24a9Da1457F96C2b167D49377A776d302A5C4dB3
DAI addresses: [ '0xAC29373CBe03C88Fb078488181F8a0650C58CA08' ]
[0x65D08a056c17Ae13370565B04cF77D2AfA1cB9FA] swapping 0.718798151001540832 WETH for DAI
Nonce calculation debug:
- currentNonce (from getTransactionCount): 18
- nonce.override: 101
- nonce.offset: undefined
- Final nonce value: 119
Sending bundle: [
  '0x02f90176833018247785012a05f2008512a05f2000830249f09471e67695db8bc44aa6bf2014142c42221967ee9880b901040cc7326300000000000000000000000000000000000000000000000000000000000000a000000000000000000000000000000000000000000000000009f9af1c27a788e0000000000000000000000000f98265aea01677961bff51685b04ee3a6139206f00000000000000000000000065d08a056c17ae13370565b04cf77d2afa1cb9fa0000000000000000000000000000000000000000000000000000000000000000000000000000000000000000000000000000000000000000000000000000000200000000000000000000000024a9da1457f96c2b167d49377a776d302a5c4db3000000000000000000000000ac29373cbe03c88fb078488181f8a0650c58ca08c001a0bb17b165b868e2b4c90db4ec3e8e890367ea2353ff0b5b34dc6c58827558adf0a0107cf57636f83a50c0ae5bd560a33f9f334e7a71bd09665378f30e391b59c7b9'
]
Sending bundle to Prof RPC: http://172.16.4.27:8084
Request payload: {
  "jsonrpc": "2.0",
  "id": 1,
  "method": "eth_sendBundle",
  "params": [
    {
      "txs": [
        "0x02f90176833018247785012a05f2008512a05f2000830249f09471e67695db8bc44aa6bf2014142c42221967ee9880b901040cc7326300000000000000000000000000000000000000000000000000000000000000a000000000000000000000000000000000000000000000000009f9af1c27a788e0000000000000000000000000f98265aea01677961bff51685b04ee3a6139206f00000000000000000000000065d08a056c17ae13370565b04cf77d2afa1cb9fa0000000000000000000000000000000000000000000000000000000000000000000000000000000000000000000000000000000000000000000000000000000200000000000000000000000024a9da1457f96c2b167d49377a776d302a5c4db3000000000000000000000000ac29373cbe03c88fb078488181f8a0650c58ca08c001a0bb17b165b868e2b4c90db4ec3e8e890367ea2353ff0b5b34dc6c58827558adf0a0107cf57636f83a50c0ae5bd560a33f9f334e7a71bd09665378f30e391b59c7b9"
      ],
      "blockNumber": "0xb"
    }
  ]
}
Trying URL: http://172.16.4.27:8084/eth_sendBundle
Bundle sent successfully. Status: 202
nonceOffset: 102
nonceOffset before: 102
Current transaction count:  18
Generating swaps with params: {
  targetBlockNumber: 11,
  txsPerBundle: 1,
  sendRoute: 3,
  txStrategy: 'univ2',
  profRpcUrl: 'http://172.16.4.27:8084',
  nonceOffset: 102
}
Generating swaps with params: {}
Current nonce for 0x65D08a056c17Ae13370565B04cF77D2AfA1cB9FA: 18
Contract Addresses:
AtomicSwap: 0x71e67695DB8Bc44AA6BF2014142c42221967EE98
UniV2FactoryA: 0x85998F6C99833d1127301928248c97b6F168bDad
UniV2FactoryB: 0xf98265AeA01677961Bff51685B04eE3a6139206F
WETH: 0x24a9Da1457F96C2b167D49377A776d302A5C4dB3
DAI addresses: [ '0xAC29373CBe03C88Fb078488181F8a0650C58CA08' ]
[0x65D08a056c17Ae13370565B04cF77D2AfA1cB9FA] swapping 200.0 DAI for WETH
Nonce calculation debug:
- currentNonce (from getTransactionCount): 18
- nonce.override: 102
- nonce.offset: undefined
- Final nonce value: 120
Sending bundle: [
  '0x02f90176833018247885012a05f2008512a05f2000830249f09471e67695db8bc44aa6bf2014142c42221967ee9880b901040cc7326300000000000000000000000000000000000000000000000000000000000000a000000000000000000000000000000000000000000000000ad78ebc5ac6200000000000000000000000000000f98265aea01677961bff51685b04ee3a6139206f00000000000000000000000065d08a056c17ae13370565b04cf77d2afa1cb9fa00000000000000000000000000000000000000000000000000000000000000000000000000000000000000000000000000000000000000000000000000000002000000000000000000000000ac29373cbe03c88fb078488181f8a0650c58ca0800000000000000000000000024a9da1457f96c2b167d49377a776d302a5c4db3c080a0c86211965c7d3b6c6b4de509558e7e23489d3f1f65d6385aaf1f464ee8d8fc3da07a670a71ef679568e0ea10d5a9d5a386e6600749dfeebc96a2292539e01edffa'
]
Sending bundle to Prof RPC: http://172.16.4.27:8084
Request payload: {
  "jsonrpc": "2.0",
  "id": 1,
  "method": "eth_sendBundle",
  "params": [
    {
      "txs": [
        "0x02f90176833018247885012a05f2008512a05f2000830249f09471e67695db8bc44aa6bf2014142c42221967ee9880b901040cc7326300000000000000000000000000000000000000000000000000000000000000a000000000000000000000000000000000000000000000000ad78ebc5ac6200000000000000000000000000000f98265aea01677961bff51685b04ee3a6139206f00000000000000000000000065d08a056c17ae13370565b04cf77d2afa1cb9fa00000000000000000000000000000000000000000000000000000000000000000000000000000000000000000000000000000000000000000000000000000002000000000000000000000000ac29373cbe03c88fb078488181f8a0650c58ca0800000000000000000000000024a9da1457f96c2b167d49377a776d302a5c4db3c080a0c86211965c7d3b6c6b4de509558e7e23489d3f1f65d6385aaf1f464ee8d8fc3da07a670a71ef679568e0ea10d5a9d5a386e6600749dfeebc96a2292539e01edffa"
      ],
      "blockNumber": "0xb"
    }
  ]
}
Trying URL: http://172.16.4.27:8084/eth_sendBundle
Bundle sent successfully. Status: 202
nonceOffset: 103
nonceOffset before: 103
Current transaction count:  18
Generating swaps with params: {
  targetBlockNumber: 11,
  txsPerBundle: 1,
  sendRoute: 3,
  txStrategy: 'univ2',
  profRpcUrl: 'http://172.16.4.27:8084',
  nonceOffset: 103
}
Generating swaps with params: {}
Current nonce for 0x65D08a056c17Ae13370565B04cF77D2AfA1cB9FA: 18
Contract Addresses:
AtomicSwap: 0x71e67695DB8Bc44AA6BF2014142c42221967EE98
UniV2FactoryA: 0x85998F6C99833d1127301928248c97b6F168bDad
UniV2FactoryB: 0xf98265AeA01677961Bff51685B04eE3a6139206F
WETH: 0x24a9Da1457F96C2b167D49377A776d302A5C4dB3
DAI addresses: [ '0xAC29373CBe03C88Fb078488181F8a0650C58CA08' ]
[0x65D08a056c17Ae13370565B04cF77D2AfA1cB9FA] swapping 1034.0 DAI for WETH
Nonce calculation debug:
- currentNonce (from getTransactionCount): 18
- nonce.override: 103
- nonce.offset: undefined
- Final nonce value: 121
Sending bundle: [
  '0x02f90176833018247985012a05f2008512a05f2000830249f09471e67695db8bc44aa6bf2014142c42221967ee9880b901040cc7326300000000000000000000000000000000000000000000000000000000000000a00000000000000000000000000000000000000000000000380da1f1a219e80000000000000000000000000000f98265aea01677961bff51685b04ee3a6139206f00000000000000000000000065d08a056c17ae13370565b04cf77d2afa1cb9fa00000000000000000000000000000000000000000000000000000000000000000000000000000000000000000000000000000000000000000000000000000002000000000000000000000000ac29373cbe03c88fb078488181f8a0650c58ca0800000000000000000000000024a9da1457f96c2b167d49377a776d302a5c4db3c080a0d76e0ceb8b487f91d04bb8fc375d5199286bb36ac842cfcdb434480242312f47a04d3666a087790b74715af0302705b318d7f50610a45175020f42acf38e7d727b'
]
Sending bundle to Prof RPC: http://172.16.4.27:8084
Request payload: {
  "jsonrpc": "2.0",
  "id": 1,
  "method": "eth_sendBundle",
  "params": [
    {
      "txs": [
        "0x02f90176833018247985012a05f2008512a05f2000830249f09471e67695db8bc44aa6bf2014142c42221967ee9880b901040cc7326300000000000000000000000000000000000000000000000000000000000000a00000000000000000000000000000000000000000000000380da1f1a219e80000000000000000000000000000f98265aea01677961bff51685b04ee3a6139206f00000000000000000000000065d08a056c17ae13370565b04cf77d2afa1cb9fa00000000000000000000000000000000000000000000000000000000000000000000000000000000000000000000000000000000000000000000000000000002000000000000000000000000ac29373cbe03c88fb078488181f8a0650c58ca0800000000000000000000000024a9da1457f96c2b167d49377a776d302a5c4db3c080a0d76e0ceb8b487f91d04bb8fc375d5199286bb36ac842cfcdb434480242312f47a04d3666a087790b74715af0302705b318d7f50610a45175020f42acf38e7d727b"
      ],
      "blockNumber": "0xb"
    }
  ]
}
Trying URL: http://172.16.4.27:8084/eth_sendBundle
Bundle sent successfully. Status: 202
nonceOffset: 104
nonceOffset before: 104
Current transaction count:  18
Generating swaps with params: {
  targetBlockNumber: 11,
  txsPerBundle: 1,
  sendRoute: 3,
  txStrategy: 'univ2',
  profRpcUrl: 'http://172.16.4.27:8084',
  nonceOffset: 104
}
Generating swaps with params: {}
Current nonce for 0x65D08a056c17Ae13370565B04cF77D2AfA1cB9FA: 18
Contract Addresses:
AtomicSwap: 0x71e67695DB8Bc44AA6BF2014142c42221967EE98
UniV2FactoryA: 0x85998F6C99833d1127301928248c97b6F168bDad
UniV2FactoryB: 0xf98265AeA01677961Bff51685B04eE3a6139206F
WETH: 0x24a9Da1457F96C2b167D49377A776d302A5C4dB3
DAI addresses: [ '0xAC29373CBe03C88Fb078488181F8a0650C58CA08' ]
[0x65D08a056c17Ae13370565B04cF77D2AfA1cB9FA] swapping 266.0 DAI for WETH
Nonce calculation debug:
- currentNonce (from getTransactionCount): 18
- nonce.override: 104
- nonce.offset: undefined
- Final nonce value: 122
Sending bundle: [
  '0x02f90176833018247a85012a05f2008512a05f2000830249f09471e67695db8bc44aa6bf2014142c42221967ee9880b901040cc7326300000000000000000000000000000000000000000000000000000000000000a000000000000000000000000000000000000000000000000e6b7dd6abede8000000000000000000000000000085998f6c99833d1127301928248c97b6f168bdad00000000000000000000000065d08a056c17ae13370565b04cf77d2afa1cb9fa00000000000000000000000000000000000000000000000000000000000000000000000000000000000000000000000000000000000000000000000000000002000000000000000000000000ac29373cbe03c88fb078488181f8a0650c58ca0800000000000000000000000024a9da1457f96c2b167d49377a776d302a5c4db3c080a02a58a78f80f09c8873e0c2563e90c06fb092f0c037d0496177c4be144b8e5a8aa06a6f431ef20ead38ef0afaf86127d4b53e306dd918e0834a767c88883213f30d'
]
Sending bundle to Prof RPC: http://172.16.4.27:8084
Request payload: {
  "jsonrpc": "2.0",
  "id": 1,
  "method": "eth_sendBundle",
  "params": [
    {
      "txs": [
        "0x02f90176833018247a85012a05f2008512a05f2000830249f09471e67695db8bc44aa6bf2014142c42221967ee9880b901040cc7326300000000000000000000000000000000000000000000000000000000000000a000000000000000000000000000000000000000000000000e6b7dd6abede8000000000000000000000000000085998f6c99833d1127301928248c97b6f168bdad00000000000000000000000065d08a056c17ae13370565b04cf77d2afa1cb9fa00000000000000000000000000000000000000000000000000000000000000000000000000000000000000000000000000000000000000000000000000000002000000000000000000000000ac29373cbe03c88fb078488181f8a0650c58ca0800000000000000000000000024a9da1457f96c2b167d49377a776d302a5c4db3c080a02a58a78f80f09c8873e0c2563e90c06fb092f0c037d0496177c4be144b8e5a8aa06a6f431ef20ead38ef0afaf86127d4b53e306dd918e0834a767c88883213f30d"
      ],
      "blockNumber": "0xb"
    }
  ]
}
Trying URL: http://172.16.4.27:8084/eth_sendBundle
Bundle sent successfully. Status: 202
nonceOffset: 105
nonceOffset before: 105
Current transaction count:  18
Generating swaps with params: {
  targetBlockNumber: 11,
  txsPerBundle: 1,
  sendRoute: 3,
  txStrategy: 'univ2',
  profRpcUrl: 'http://172.16.4.27:8084',
  nonceOffset: 105
}
Generating swaps with params: {}
Current nonce for 0x65D08a056c17Ae13370565B04cF77D2AfA1cB9FA: 18
Contract Addresses:
AtomicSwap: 0x71e67695DB8Bc44AA6BF2014142c42221967EE98
UniV2FactoryA: 0x85998F6C99833d1127301928248c97b6F168bDad
UniV2FactoryB: 0xf98265AeA01677961Bff51685B04eE3a6139206F
WETH: 0x24a9Da1457F96C2b167D49377A776d302A5C4dB3
DAI addresses: [ '0xAC29373CBe03C88Fb078488181F8a0650C58CA08' ]
[0x65D08a056c17Ae13370565B04cF77D2AfA1cB9FA] swapping 0.604006163328197226 WETH for DAI
Nonce calculation debug:
- currentNonce (from getTransactionCount): 18
- nonce.override: 105
- nonce.offset: undefined
- Final nonce value: 123
Sending bundle: [
  '0x02f90176833018247b85012a05f2008512a05f2000830249f09471e67695db8bc44aa6bf2014142c42221967ee9880b901040cc7326300000000000000000000000000000000000000000000000000000000000000a00000000000000000000000000000000000000000000000000861dc67c752e26a000000000000000000000000f98265aea01677961bff51685b04ee3a6139206f00000000000000000000000065d08a056c17ae13370565b04cf77d2afa1cb9fa0000000000000000000000000000000000000000000000000000000000000000000000000000000000000000000000000000000000000000000000000000000200000000000000000000000024a9da1457f96c2b167d49377a776d302a5c4db3000000000000000000000000ac29373cbe03c88fb078488181f8a0650c58ca08c001a0f60aa4a4587c0ffb9208737e70f0898b293dbbd27740018ade8d287c013663b2a01a90acaae6e46dd32be541d89c9752472202fcd2d11da8361089f98e6129045a'
]
Sending bundle to Prof RPC: http://172.16.4.27:8084
Request payload: {
  "jsonrpc": "2.0",
  "id": 1,
  "method": "eth_sendBundle",
  "params": [
    {
      "txs": [
        "0x02f90176833018247b85012a05f2008512a05f2000830249f09471e67695db8bc44aa6bf2014142c42221967ee9880b901040cc7326300000000000000000000000000000000000000000000000000000000000000a00000000000000000000000000000000000000000000000000861dc67c752e26a000000000000000000000000f98265aea01677961bff51685b04ee3a6139206f00000000000000000000000065d08a056c17ae13370565b04cf77d2afa1cb9fa0000000000000000000000000000000000000000000000000000000000000000000000000000000000000000000000000000000000000000000000000000000200000000000000000000000024a9da1457f96c2b167d49377a776d302a5c4db3000000000000000000000000ac29373cbe03c88fb078488181f8a0650c58ca08c001a0f60aa4a4587c0ffb9208737e70f0898b293dbbd27740018ade8d287c013663b2a01a90acaae6e46dd32be541d89c9752472202fcd2d11da8361089f98e6129045a"
      ],
      "blockNumber": "0xb"
    }
  ]
}
Trying URL: http://172.16.4.27:8084/eth_sendBundle
Bundle sent successfully. Status: 202
nonceOffset: 106
nonceOffset before: 106
Current transaction count:  18
Generating swaps with params: {
  targetBlockNumber: 11,
  txsPerBundle: 1,
  sendRoute: 3,
  txStrategy: 'univ2',
  profRpcUrl: 'http://172.16.4.27:8084',
  nonceOffset: 106
}
Generating swaps with params: {}
Current nonce for 0x65D08a056c17Ae13370565B04cF77D2AfA1cB9FA: 18
Contract Addresses:
AtomicSwap: 0x71e67695DB8Bc44AA6BF2014142c42221967EE98
UniV2FactoryA: 0x85998F6C99833d1127301928248c97b6F168bDad
UniV2FactoryB: 0xf98265AeA01677961Bff51685B04eE3a6139206F
WETH: 0x24a9Da1457F96C2b167D49377A776d302A5C4dB3
DAI addresses: [ '0xAC29373CBe03C88Fb078488181F8a0650C58CA08' ]
[0x65D08a056c17Ae13370565B04cF77D2AfA1cB9FA] swapping 162.0 DAI for WETH
Nonce calculation debug:
- currentNonce (from getTransactionCount): 18
- nonce.override: 106
- nonce.offset: undefined
- Final nonce value: 124
Sending bundle: [
  '0x02f90176833018247c85012a05f2008512a05f2000830249f09471e67695db8bc44aa6bf2014142c42221967ee9880b901040cc7326300000000000000000000000000000000000000000000000000000000000000a0000000000000000000000000000000000000000000000008c8339dafed480000000000000000000000000000f98265aea01677961bff51685b04ee3a6139206f00000000000000000000000065d08a056c17ae13370565b04cf77d2afa1cb9fa00000000000000000000000000000000000000000000000000000000000000000000000000000000000000000000000000000000000000000000000000000002000000000000000000000000ac29373cbe03c88fb078488181f8a0650c58ca0800000000000000000000000024a9da1457f96c2b167d49377a776d302a5c4db3c001a08be33112f3fc8d6faf141ae3d1751eef574720e7b2d1bb12a2fa2f3af24eb8aca02b3055622539db4221406ba758d06ff520d38a150d77575e405c7972c7793f8f'
]
Sending bundle to Prof RPC: http://172.16.4.27:8084
Request payload: {
  "jsonrpc": "2.0",
  "id": 1,
  "method": "eth_sendBundle",
  "params": [
    {
      "txs": [
        "0x02f90176833018247c85012a05f2008512a05f2000830249f09471e67695db8bc44aa6bf2014142c42221967ee9880b901040cc7326300000000000000000000000000000000000000000000000000000000000000a0000000000000000000000000000000000000000000000008c8339dafed480000000000000000000000000000f98265aea01677961bff51685b04ee3a6139206f00000000000000000000000065d08a056c17ae13370565b04cf77d2afa1cb9fa00000000000000000000000000000000000000000000000000000000000000000000000000000000000000000000000000000000000000000000000000000002000000000000000000000000ac29373cbe03c88fb078488181f8a0650c58ca0800000000000000000000000024a9da1457f96c2b167d49377a776d302a5c4db3c001a08be33112f3fc8d6faf141ae3d1751eef574720e7b2d1bb12a2fa2f3af24eb8aca02b3055622539db4221406ba758d06ff520d38a150d77575e405c7972c7793f8f"
      ],
      "blockNumber": "0xb"
    }
  ]
}
Trying URL: http://172.16.4.27:8084/eth_sendBundle
Bundle sent successfully. Status: 202
nonceOffset: 107
nonceOffset before: 107
Current transaction count:  18
Generating swaps with params: {
  targetBlockNumber: 11,
  txsPerBundle: 1,
  sendRoute: 3,
  txStrategy: 'univ2',
  profRpcUrl: 'http://172.16.4.27:8084',
  nonceOffset: 107
}
Generating swaps with params: {}
Current nonce for 0x65D08a056c17Ae13370565B04cF77D2AfA1cB9FA: 18
Contract Addresses:
AtomicSwap: 0x71e67695DB8Bc44AA6BF2014142c42221967EE98
UniV2FactoryA: 0x85998F6C99833d1127301928248c97b6F168bDad
UniV2FactoryB: 0xf98265AeA01677961Bff51685B04eE3a6139206F
WETH: 0x24a9Da1457F96C2b167D49377A776d302A5C4dB3
DAI addresses: [ '0xAC29373CBe03C88Fb078488181F8a0650C58CA08' ]
[0x65D08a056c17Ae13370565B04cF77D2AfA1cB9FA] swapping 410.0 DAI for WETH
Nonce calculation debug:
- currentNonce (from getTransactionCount): 18
- nonce.override: 107
- nonce.offset: undefined
- Final nonce value: 125
Sending bundle: [
  '0x02f90176833018247d85012a05f2008512a05f2000830249f09471e67695db8bc44aa6bf2014142c42221967ee9880b901040cc7326300000000000000000000000000000000000000000000000000000000000000a000000000000000000000000000000000000000000000001639e49bba16280000000000000000000000000000f98265aea01677961bff51685b04ee3a6139206f00000000000000000000000065d08a056c17ae13370565b04cf77d2afa1cb9fa00000000000000000000000000000000000000000000000000000000000000000000000000000000000000000000000000000000000000000000000000000002000000000000000000000000ac29373cbe03c88fb078488181f8a0650c58ca0800000000000000000000000024a9da1457f96c2b167d49377a776d302a5c4db3c080a0dbdb0836a8c716fc5e7aaea3a57e54e9b8c58cdf4483c044c7761160f746bcc2a0556b05dbc9f2311340c8b0e425cb2b17b8a6d96c88cfdda137e1c6d35b7ade28'
]
Sending bundle to Prof RPC: http://172.16.4.27:8084
Request payload: {
  "jsonrpc": "2.0",
  "id": 1,
  "method": "eth_sendBundle",
  "params": [
    {
      "txs": [
        "0x02f90176833018247d85012a05f2008512a05f2000830249f09471e67695db8bc44aa6bf2014142c42221967ee9880b901040cc7326300000000000000000000000000000000000000000000000000000000000000a000000000000000000000000000000000000000000000001639e49bba16280000000000000000000000000000f98265aea01677961bff51685b04ee3a6139206f00000000000000000000000065d08a056c17ae13370565b04cf77d2afa1cb9fa00000000000000000000000000000000000000000000000000000000000000000000000000000000000000000000000000000000000000000000000000000002000000000000000000000000ac29373cbe03c88fb078488181f8a0650c58ca0800000000000000000000000024a9da1457f96c2b167d49377a776d302a5c4db3c080a0dbdb0836a8c716fc5e7aaea3a57e54e9b8c58cdf4483c044c7761160f746bcc2a0556b05dbc9f2311340c8b0e425cb2b17b8a6d96c88cfdda137e1c6d35b7ade28"
      ],
      "blockNumber": "0xb"
    }
  ]
}
Trying URL: http://172.16.4.27:8084/eth_sendBundle
Bundle sent successfully. Status: 202
nonceOffset: 108
nonceOffset before: 108
Current transaction count:  18
Generating swaps with params: {
  targetBlockNumber: 11,
  txsPerBundle: 1,
  sendRoute: 3,
  txStrategy: 'univ2',
  profRpcUrl: 'http://172.16.4.27:8084',
  nonceOffset: 108
}
Generating swaps with params: {}
Current nonce for 0x65D08a056c17Ae13370565B04cF77D2AfA1cB9FA: 18
Contract Addresses:
AtomicSwap: 0x71e67695DB8Bc44AA6BF2014142c42221967EE98
UniV2FactoryA: 0x85998F6C99833d1127301928248c97b6F168bDad
UniV2FactoryB: 0xf98265AeA01677961Bff51685B04eE3a6139206F
WETH: 0x24a9Da1457F96C2b167D49377A776d302A5C4dB3
DAI addresses: [ '0xAC29373CBe03C88Fb078488181F8a0650C58CA08' ]
[0x65D08a056c17Ae13370565B04cF77D2AfA1cB9FA] swapping 0.262509622786759045 WETH for DAI
Nonce calculation debug:
- currentNonce (from getTransactionCount): 18
- nonce.override: 108
- nonce.offset: undefined
- Final nonce value: 126
Sending bundle: [
  '0x02f90176833018247e85012a05f2008512a05f2000830249f09471e67695db8bc44aa6bf2014142c42221967ee9880b901040cc7326300000000000000000000000000000000000000000000000000000000000000a000000000000000000000000000000000000000000000000003a49f1c70539985000000000000000000000000f98265aea01677961bff51685b04ee3a6139206f00000000000000000000000065d08a056c17ae13370565b04cf77d2afa1cb9fa0000000000000000000000000000000000000000000000000000000000000000000000000000000000000000000000000000000000000000000000000000000200000000000000000000000024a9da1457f96c2b167d49377a776d302a5c4db3000000000000000000000000ac29373cbe03c88fb078488181f8a0650c58ca08c001a09e58f73ee5f6287ae9ffe3d6ecb082759f721850b7ea67d597592a21db21d66da06efeeca37f78421ae997e7e1d5e668572bc41e834c51b625a1c4714839a7e3e0'
]
Sending bundle to Prof RPC: http://172.16.4.27:8084
Request payload: {
  "jsonrpc": "2.0",
  "id": 1,
  "method": "eth_sendBundle",
  "params": [
    {
      "txs": [
        "0x02f90176833018247e85012a05f2008512a05f2000830249f09471e67695db8bc44aa6bf2014142c42221967ee9880b901040cc7326300000000000000000000000000000000000000000000000000000000000000a000000000000000000000000000000000000000000000000003a49f1c70539985000000000000000000000000f98265aea01677961bff51685b04ee3a6139206f00000000000000000000000065d08a056c17ae13370565b04cf77d2afa1cb9fa0000000000000000000000000000000000000000000000000000000000000000000000000000000000000000000000000000000000000000000000000000000200000000000000000000000024a9da1457f96c2b167d49377a776d302a5c4db3000000000000000000000000ac29373cbe03c88fb078488181f8a0650c58ca08c001a09e58f73ee5f6287ae9ffe3d6ecb082759f721850b7ea67d597592a21db21d66da06efeeca37f78421ae997e7e1d5e668572bc41e834c51b625a1c4714839a7e3e0"
      ],
      "blockNumber": "0xb"
    }
  ]
}
Trying URL: http://172.16.4.27:8084/eth_sendBundle
Bundle sent successfully. Status: 202
nonceOffset: 109
nonceOffset before: 109
Current transaction count:  18
Generating swaps with params: {
  targetBlockNumber: 11,
  txsPerBundle: 1,
  sendRoute: 3,
  txStrategy: 'univ2',
  profRpcUrl: 'http://172.16.4.27:8084',
  nonceOffset: 109
}
Generating swaps with params: {}
Current nonce for 0x65D08a056c17Ae13370565B04cF77D2AfA1cB9FA: 18
Contract Addresses:
AtomicSwap: 0x71e67695DB8Bc44AA6BF2014142c42221967EE98
UniV2FactoryA: 0x85998F6C99833d1127301928248c97b6F168bDad
UniV2FactoryB: 0xf98265AeA01677961Bff51685B04eE3a6139206F
WETH: 0x24a9Da1457F96C2b167D49377A776d302A5C4dB3
DAI addresses: [ '0xAC29373CBe03C88Fb078488181F8a0650C58CA08' ]
[0x65D08a056c17Ae13370565B04cF77D2AfA1cB9FA] swapping 0.809560524286815728 WETH for DAI
Nonce calculation debug:
- currentNonce (from getTransactionCount): 18
- nonce.override: 109
- nonce.offset: undefined
- Final nonce value: 127
Sending bundle: [
  '0x02f90176833018247f85012a05f2008512a05f2000830249f09471e67695db8bc44aa6bf2014142c42221967ee9880b901040cc7326300000000000000000000000000000000000000000000000000000000000000a00000000000000000000000000000000000000000000000000b3c2301f24b6df0000000000000000000000000f98265aea01677961bff51685b04ee3a6139206f00000000000000000000000065d08a056c17ae13370565b04cf77d2afa1cb9fa0000000000000000000000000000000000000000000000000000000000000000000000000000000000000000000000000000000000000000000000000000000200000000000000000000000024a9da1457f96c2b167d49377a776d302a5c4db3000000000000000000000000ac29373cbe03c88fb078488181f8a0650c58ca08c001a07876776d260d61764d83d1b1f07b7d4e23dab46377ab1036eb17c5ffb6900790a02468c556d2aec1729716c808fb0cdf21f76bbed20188bb43141eb5630fc91522'
]
Sending bundle to Prof RPC: http://172.16.4.27:8084
Request payload: {
  "jsonrpc": "2.0",
  "id": 1,
  "method": "eth_sendBundle",
  "params": [
    {
      "txs": [
        "0x02f90176833018247f85012a05f2008512a05f2000830249f09471e67695db8bc44aa6bf2014142c42221967ee9880b901040cc7326300000000000000000000000000000000000000000000000000000000000000a00000000000000000000000000000000000000000000000000b3c2301f24b6df0000000000000000000000000f98265aea01677961bff51685b04ee3a6139206f00000000000000000000000065d08a056c17ae13370565b04cf77d2afa1cb9fa0000000000000000000000000000000000000000000000000000000000000000000000000000000000000000000000000000000000000000000000000000000200000000000000000000000024a9da1457f96c2b167d49377a776d302a5c4db3000000000000000000000000ac29373cbe03c88fb078488181f8a0650c58ca08c001a07876776d260d61764d83d1b1f07b7d4e23dab46377ab1036eb17c5ffb6900790a02468c556d2aec1729716c808fb0cdf21f76bbed20188bb43141eb5630fc91522"
      ],
      "blockNumber": "0xb"
    }
  ]
}
Trying URL: http://172.16.4.27:8084/eth_sendBundle
Bundle sent successfully. Status: 202
nonceOffset: 110
nonceOffset before: 110
Current transaction count:  18
Generating swaps with params: {
  targetBlockNumber: 11,
  txsPerBundle: 1,
  sendRoute: 3,
  txStrategy: 'univ2',
  profRpcUrl: 'http://172.16.4.27:8084',
  nonceOffset: 110
}
Generating swaps with params: {}
Current nonce for 0x65D08a056c17Ae13370565B04cF77D2AfA1cB9FA: 18
Contract Addresses:
AtomicSwap: 0x71e67695DB8Bc44AA6BF2014142c42221967EE98
UniV2FactoryA: 0x85998F6C99833d1127301928248c97b6F168bDad
UniV2FactoryB: 0xf98265AeA01677961Bff51685B04eE3a6139206F
WETH: 0x24a9Da1457F96C2b167D49377A776d302A5C4dB3
DAI addresses: [ '0xAC29373CBe03C88Fb078488181F8a0650C58CA08' ]
[0x65D08a056c17Ae13370565B04cF77D2AfA1cB9FA] swapping 263.0 DAI for WETH
Nonce calculation debug:
- currentNonce (from getTransactionCount): 18
- nonce.override: 110
- nonce.offset: undefined
- Final nonce value: 128
Sending bundle: [
  '0x02f9017783301824818085012a05f2008512a05f2000830249f09471e67695db8bc44aa6bf2014142c42221967ee9880b901040cc7326300000000000000000000000000000000000000000000000000000000000000a000000000000000000000000000000000000000000000000e41dbb290f7bc0000000000000000000000000000f98265aea01677961bff51685b04ee3a6139206f00000000000000000000000065d08a056c17ae13370565b04cf77d2afa1cb9fa00000000000000000000000000000000000000000000000000000000000000000000000000000000000000000000000000000000000000000000000000000002000000000000000000000000ac29373cbe03c88fb078488181f8a0650c58ca0800000000000000000000000024a9da1457f96c2b167d49377a776d302a5c4db3c080a09d3a79d4592397e2aba30f1ef4095987f6b0974461dc32ae99faf8759ed21e11a05d3eed52359c4407aff3327e3029a1ce248aaa5e466b2cab1b6963068b22a767'
]
Sending bundle to Prof RPC: http://172.16.4.27:8084
Request payload: {
  "jsonrpc": "2.0",
  "id": 1,
  "method": "eth_sendBundle",
  "params": [
    {
      "txs": [
        "0x02f9017783301824818085012a05f2008512a05f2000830249f09471e67695db8bc44aa6bf2014142c42221967ee9880b901040cc7326300000000000000000000000000000000000000000000000000000000000000a000000000000000000000000000000000000000000000000e41dbb290f7bc0000000000000000000000000000f98265aea01677961bff51685b04ee3a6139206f00000000000000000000000065d08a056c17ae13370565b04cf77d2afa1cb9fa00000000000000000000000000000000000000000000000000000000000000000000000000000000000000000000000000000000000000000000000000000002000000000000000000000000ac29373cbe03c88fb078488181f8a0650c58ca0800000000000000000000000024a9da1457f96c2b167d49377a776d302a5c4db3c080a09d3a79d4592397e2aba30f1ef4095987f6b0974461dc32ae99faf8759ed21e11a05d3eed52359c4407aff3327e3029a1ce248aaa5e466b2cab1b6963068b22a767"
      ],
      "blockNumber": "0xb"
    }
  ]
}
Trying URL: http://172.16.4.27:8084/eth_sendBundle
Bundle sent successfully. Status: 202
nonceOffset: 111
nonceOffset before: 111
Current transaction count:  18
Generating swaps with params: {
  targetBlockNumber: 11,
  txsPerBundle: 1,
  sendRoute: 3,
  txStrategy: 'univ2',
  profRpcUrl: 'http://172.16.4.27:8084',
  nonceOffset: 111
}
Generating swaps with params: {}
Current nonce for 0x65D08a056c17Ae13370565B04cF77D2AfA1cB9FA: 18
Contract Addresses:
AtomicSwap: 0x71e67695DB8Bc44AA6BF2014142c42221967EE98
UniV2FactoryA: 0x85998F6C99833d1127301928248c97b6F168bDad
UniV2FactoryB: 0xf98265AeA01677961Bff51685B04eE3a6139206F
WETH: 0x24a9Da1457F96C2b167D49377A776d302A5C4dB3
DAI addresses: [ '0xAC29373CBe03C88Fb078488181F8a0650C58CA08' ]
[0x65D08a056c17Ae13370565B04cF77D2AfA1cB9FA] swapping 0.54699537750385208 WETH for DAI
Nonce calculation debug:
- currentNonce (from getTransactionCount): 18
- nonce.override: 111
- nonce.offset: undefined
- Final nonce value: 129
Sending bundle: [
  '0x02f9017783301824818185012a05f2008512a05f2000830249f09471e67695db8bc44aa6bf2014142c42221967ee9880b901040cc7326300000000000000000000000000000000000000000000000000000000000000a000000000000000000000000000000000000000000000000007975165d1e5d63000000000000000000000000085998f6c99833d1127301928248c97b6f168bdad00000000000000000000000065d08a056c17ae13370565b04cf77d2afa1cb9fa0000000000000000000000000000000000000000000000000000000000000000000000000000000000000000000000000000000000000000000000000000000200000000000000000000000024a9da1457f96c2b167d49377a776d302a5c4db3000000000000000000000000ac29373cbe03c88fb078488181f8a0650c58ca08c001a07b10cddf7817c54f588d18cdd46c5abbf11a82712ef71f29e0d3cebb3bea41efa05ae2f5da6ec6bf12a23777b3fd06dcc244342ac4f64299429a42037298e371dc'
]
Sending bundle to Prof RPC: http://172.16.4.27:8084
Request payload: {
  "jsonrpc": "2.0",
  "id": 1,
  "method": "eth_sendBundle",
  "params": [
    {
      "txs": [
        "0x02f9017783301824818185012a05f2008512a05f2000830249f09471e67695db8bc44aa6bf2014142c42221967ee9880b901040cc7326300000000000000000000000000000000000000000000000000000000000000a000000000000000000000000000000000000000000000000007975165d1e5d63000000000000000000000000085998f6c99833d1127301928248c97b6f168bdad00000000000000000000000065d08a056c17ae13370565b04cf77d2afa1cb9fa0000000000000000000000000000000000000000000000000000000000000000000000000000000000000000000000000000000000000000000000000000000200000000000000000000000024a9da1457f96c2b167d49377a776d302a5c4db3000000000000000000000000ac29373cbe03c88fb078488181f8a0650c58ca08c001a07b10cddf7817c54f588d18cdd46c5abbf11a82712ef71f29e0d3cebb3bea41efa05ae2f5da6ec6bf12a23777b3fd06dcc244342ac4f64299429a42037298e371dc"
      ],
      "blockNumber": "0xb"
    }
  ]
}
Trying URL: http://172.16.4.27:8084/eth_sendBundle
Bundle sent successfully. Status: 202
nonceOffset: 112
nonceOffset before: 112
Current transaction count:  18
Generating swaps with params: {
  targetBlockNumber: 11,
  txsPerBundle: 1,
  sendRoute: 3,
  txStrategy: 'univ2',
  profRpcUrl: 'http://172.16.4.27:8084',
  nonceOffset: 112
}
Generating swaps with params: {}
Current nonce for 0x65D08a056c17Ae13370565B04cF77D2AfA1cB9FA: 18
Contract Addresses:
AtomicSwap: 0x71e67695DB8Bc44AA6BF2014142c42221967EE98
UniV2FactoryA: 0x85998F6C99833d1127301928248c97b6F168bDad
UniV2FactoryB: 0xf98265AeA01677961Bff51685B04eE3a6139206F
WETH: 0x24a9Da1457F96C2b167D49377A776d302A5C4dB3
DAI addresses: [ '0xAC29373CBe03C88Fb078488181F8a0650C58CA08' ]
[0x65D08a056c17Ae13370565B04cF77D2AfA1cB9FA] swapping 0.166281755196304849 WETH for DAI
Nonce calculation debug:
- currentNonce (from getTransactionCount): 18
- nonce.override: 112
- nonce.offset: undefined
- Final nonce value: 130
Sending bundle: [
  '0x02f9017783301824818285012a05f2008512a05f2000830249f09471e67695db8bc44aa6bf2014142c42221967ee9880b901040cc7326300000000000000000000000000000000000000000000000000000000000000a0000000000000000000000000000000000000000000000000024ec060171aadd100000000000000000000000085998f6c99833d1127301928248c97b6f168bdad00000000000000000000000065d08a056c17ae13370565b04cf77d2afa1cb9fa0000000000000000000000000000000000000000000000000000000000000000000000000000000000000000000000000000000000000000000000000000000200000000000000000000000024a9da1457f96c2b167d49377a776d302a5c4db3000000000000000000000000ac29373cbe03c88fb078488181f8a0650c58ca08c001a0b4a7deefd838f39b8d8a827d0123dea068c858727efadda730a2c082ead2eed7a016934140d3271cb9bde320e2a055e0d770df790b230dd98ccf4fe2df7a04ca9a'
]
Sending bundle to Prof RPC: http://172.16.4.27:8084
Request payload: {
  "jsonrpc": "2.0",
  "id": 1,
  "method": "eth_sendBundle",
  "params": [
    {
      "txs": [
        "0x02f9017783301824818285012a05f2008512a05f2000830249f09471e67695db8bc44aa6bf2014142c42221967ee9880b901040cc7326300000000000000000000000000000000000000000000000000000000000000a0000000000000000000000000000000000000000000000000024ec060171aadd100000000000000000000000085998f6c99833d1127301928248c97b6f168bdad00000000000000000000000065d08a056c17ae13370565b04cf77d2afa1cb9fa0000000000000000000000000000000000000000000000000000000000000000000000000000000000000000000000000000000000000000000000000000000200000000000000000000000024a9da1457f96c2b167d49377a776d302a5c4db3000000000000000000000000ac29373cbe03c88fb078488181f8a0650c58ca08c001a0b4a7deefd838f39b8d8a827d0123dea068c858727efadda730a2c082ead2eed7a016934140d3271cb9bde320e2a055e0d770df790b230dd98ccf4fe2df7a04ca9a"
      ],
      "blockNumber": "0xb"
    }
  ]
}
Trying URL: http://172.16.4.27:8084/eth_sendBundle
Bundle sent successfully. Status: 202
nonceOffset: 113
nonceOffset before: 113
Current transaction count:  18
Generating swaps with params: {
  targetBlockNumber: 11,
  txsPerBundle: 1,
  sendRoute: 3,
  txStrategy: 'univ2',
  profRpcUrl: 'http://172.16.4.27:8084',
  nonceOffset: 113
}
Generating swaps with params: {}
Current nonce for 0x65D08a056c17Ae13370565B04cF77D2AfA1cB9FA: 18
Contract Addresses:
AtomicSwap: 0x71e67695DB8Bc44AA6BF2014142c42221967EE98
UniV2FactoryA: 0x85998F6C99833d1127301928248c97b6F168bDad
UniV2FactoryB: 0xf98265AeA01677961Bff51685B04eE3a6139206F
WETH: 0x24a9Da1457F96C2b167D49377A776d302A5C4dB3
DAI addresses: [ '0xAC29373CBe03C88Fb078488181F8a0650C58CA08' ]
[0x65D08a056c17Ae13370565B04cF77D2AfA1cB9FA] swapping 981.0 DAI for WETH
Nonce calculation debug:
- currentNonce (from getTransactionCount): 18
- nonce.override: 113
- nonce.offset: undefined
- Final nonce value: 131
Sending bundle: [
  '0x02f9017783301824818385012a05f2008512a05f2000830249f09471e67695db8bc44aa6bf2014142c42221967ee9880b901040cc7326300000000000000000000000000000000000000000000000000000000000000a00000000000000000000000000000000000000000000000352e1c1e707234000000000000000000000000000085998f6c99833d1127301928248c97b6f168bdad00000000000000000000000065d08a056c17ae13370565b04cf77d2afa1cb9fa00000000000000000000000000000000000000000000000000000000000000000000000000000000000000000000000000000000000000000000000000000002000000000000000000000000ac29373cbe03c88fb078488181f8a0650c58ca0800000000000000000000000024a9da1457f96c2b167d49377a776d302a5c4db3c001a015fbf92b8a81025033df1b7e57932fae801f56b17e17f3110053b1b00d97b453a06fcae7048878432b8bf8adf820b458f4e04cb3fa25628a84314e2064d529a6aa'
]
Sending bundle to Prof RPC: http://172.16.4.27:8084
Request payload: {
  "jsonrpc": "2.0",
  "id": 1,
  "method": "eth_sendBundle",
  "params": [
    {
      "txs": [
        "0x02f9017783301824818385012a05f2008512a05f2000830249f09471e67695db8bc44aa6bf2014142c42221967ee9880b901040cc7326300000000000000000000000000000000000000000000000000000000000000a00000000000000000000000000000000000000000000000352e1c1e707234000000000000000000000000000085998f6c99833d1127301928248c97b6f168bdad00000000000000000000000065d08a056c17ae13370565b04cf77d2afa1cb9fa00000000000000000000000000000000000000000000000000000000000000000000000000000000000000000000000000000000000000000000000000000002000000000000000000000000ac29373cbe03c88fb078488181f8a0650c58ca0800000000000000000000000024a9da1457f96c2b167d49377a776d302a5c4db3c001a015fbf92b8a81025033df1b7e57932fae801f56b17e17f3110053b1b00d97b453a06fcae7048878432b8bf8adf820b458f4e04cb3fa25628a84314e2064d529a6aa"
      ],
      "blockNumber": "0xb"
    }
  ]
}
Trying URL: http://172.16.4.27:8084/eth_sendBundle
Bundle sent successfully. Status: 202
nonceOffset: 114
nonceOffset before: 114
Current transaction count:  18
Generating swaps with params: {
  targetBlockNumber: 11,
  txsPerBundle: 1,
  sendRoute: 3,
  txStrategy: 'univ2',
  profRpcUrl: 'http://172.16.4.27:8084',
  nonceOffset: 114
}
Generating swaps with params: {}
Current nonce for 0x65D08a056c17Ae13370565B04cF77D2AfA1cB9FA: 18
Contract Addresses:
AtomicSwap: 0x71e67695DB8Bc44AA6BF2014142c42221967EE98
UniV2FactoryA: 0x85998F6C99833d1127301928248c97b6F168bDad
UniV2FactoryB: 0xf98265AeA01677961Bff51685B04eE3a6139206F
WETH: 0x24a9Da1457F96C2b167D49377A776d302A5C4dB3
DAI addresses: [ '0xAC29373CBe03C88Fb078488181F8a0650C58CA08' ]
[0x65D08a056c17Ae13370565B04cF77D2AfA1cB9FA] swapping 0.6687211093990755 WETH for DAI
Nonce calculation debug:
- currentNonce (from getTransactionCount): 18
- nonce.override: 114
- nonce.offset: undefined
- Final nonce value: 132
Sending bundle: [
  '0x02f9017783301824818485012a05f2008512a05f2000830249f09471e67695db8bc44aa6bf2014142c42221967ee9880b901040cc7326300000000000000000000000000000000000000000000000000000000000000a00000000000000000000000000000000000000000000000000947c64e53897aac000000000000000000000000f98265aea01677961bff51685b04ee3a6139206f00000000000000000000000065d08a056c17ae13370565b04cf77d2afa1cb9fa0000000000000000000000000000000000000000000000000000000000000000000000000000000000000000000000000000000000000000000000000000000200000000000000000000000024a9da1457f96c2b167d49377a776d302a5c4db3000000000000000000000000ac29373cbe03c88fb078488181f8a0650c58ca08c080a009a027e01eef1b6dc346c3414ceb6a03f3e19fad7777a641900390ab6591db80a0385bbc13d8fa2c730e62e7a75f533462f377cf4bd6c4e7555de484c08c434324'
]
Sending bundle to Prof RPC: http://172.16.4.27:8084
Request payload: {
  "jsonrpc": "2.0",
  "id": 1,
  "method": "eth_sendBundle",
  "params": [
    {
      "txs": [
        "0x02f9017783301824818485012a05f2008512a05f2000830249f09471e67695db8bc44aa6bf2014142c42221967ee9880b901040cc7326300000000000000000000000000000000000000000000000000000000000000a00000000000000000000000000000000000000000000000000947c64e53897aac000000000000000000000000f98265aea01677961bff51685b04ee3a6139206f00000000000000000000000065d08a056c17ae13370565b04cf77d2afa1cb9fa0000000000000000000000000000000000000000000000000000000000000000000000000000000000000000000000000000000000000000000000000000000200000000000000000000000024a9da1457f96c2b167d49377a776d302a5c4db3000000000000000000000000ac29373cbe03c88fb078488181f8a0650c58ca08c080a009a027e01eef1b6dc346c3414ceb6a03f3e19fad7777a641900390ab6591db80a0385bbc13d8fa2c730e62e7a75f533462f377cf4bd6c4e7555de484c08c434324"
      ],
      "blockNumber": "0xb"
    }
  ]
}
Trying URL: http://172.16.4.27:8084/eth_sendBundle
Bundle sent successfully. Status: 202
nonceOffset: 115
nonceOffset before: 115
Current transaction count:  18
Generating swaps with params: {
  targetBlockNumber: 11,
  txsPerBundle: 1,
  sendRoute: 3,
  txStrategy: 'univ2',
  profRpcUrl: 'http://172.16.4.27:8084',
  nonceOffset: 115
}
Generating swaps with params: {}
Current nonce for 0x65D08a056c17Ae13370565B04cF77D2AfA1cB9FA: 18
Contract Addresses:
AtomicSwap: 0x71e67695DB8Bc44AA6BF2014142c42221967EE98
UniV2FactoryA: 0x85998F6C99833d1127301928248c97b6F168bDad
UniV2FactoryB: 0xf98265AeA01677961Bff51685B04eE3a6139206F
WETH: 0x24a9Da1457F96C2b167D49377A776d302A5C4dB3
DAI addresses: [ '0xAC29373CBe03C88Fb078488181F8a0650C58CA08' ]
[0x65D08a056c17Ae13370565B04cF77D2AfA1cB9FA] swapping 0.614791987673343605 WETH for DAI
Nonce calculation debug:
- currentNonce (from getTransactionCount): 18
- nonce.override: 115
- nonce.offset: undefined
- Final nonce value: 133
Sending bundle: [
  '0x02f9017683301824818585012a05f2008512a05f2000830249f09471e67695db8bc44aa6bf2014142c42221967ee9880b901040cc7326300000000000000000000000000000000000000000000000000000000000000a000000000000000000000000000000000000000000000000008882e0e3406a67500000000000000000000000085998f6c99833d1127301928248c97b6f168bdad00000000000000000000000065d08a056c17ae13370565b04cf77d2afa1cb9fa0000000000000000000000000000000000000000000000000000000000000000000000000000000000000000000000000000000000000000000000000000000200000000000000000000000024a9da1457f96c2b167d49377a776d302a5c4db3000000000000000000000000ac29373cbe03c88fb078488181f8a0650c58ca08c0019fd74baf2b723a33357e5dfc4ecc9def1d073eaa600c653896bf57e2f4dfd5aba011714a8f7df436e7cd4fc969744e146923e9d734967b6a23e0acc44aed44cb1b'
]
Sending bundle to Prof RPC: http://172.16.4.27:8084
Request payload: {
  "jsonrpc": "2.0",
  "id": 1,
  "method": "eth_sendBundle",
  "params": [
    {
      "txs": [
        "0x02f9017683301824818585012a05f2008512a05f2000830249f09471e67695db8bc44aa6bf2014142c42221967ee9880b901040cc7326300000000000000000000000000000000000000000000000000000000000000a000000000000000000000000000000000000000000000000008882e0e3406a67500000000000000000000000085998f6c99833d1127301928248c97b6f168bdad00000000000000000000000065d08a056c17ae13370565b04cf77d2afa1cb9fa0000000000000000000000000000000000000000000000000000000000000000000000000000000000000000000000000000000000000000000000000000000200000000000000000000000024a9da1457f96c2b167d49377a776d302a5c4db3000000000000000000000000ac29373cbe03c88fb078488181f8a0650c58ca08c0019fd74baf2b723a33357e5dfc4ecc9def1d073eaa600c653896bf57e2f4dfd5aba011714a8f7df436e7cd4fc969744e146923e9d734967b6a23e0acc44aed44cb1b"
      ],
      "blockNumber": "0xb"
    }
  ]
}
Trying URL: http://172.16.4.27:8084/eth_sendBundle
Bundle sent successfully. Status: 202
nonceOffset: 116
nonceOffset before: 116
Current transaction count:  18
Generating swaps with params: {
  targetBlockNumber: 11,
  txsPerBundle: 1,
  sendRoute: 3,
  txStrategy: 'univ2',
  profRpcUrl: 'http://172.16.4.27:8084',
  nonceOffset: 116
}
Generating swaps with params: {}
Current nonce for 0x65D08a056c17Ae13370565B04cF77D2AfA1cB9FA: 18
Contract Addresses:
AtomicSwap: 0x71e67695DB8Bc44AA6BF2014142c42221967EE98
UniV2FactoryA: 0x85998F6C99833d1127301928248c97b6F168bDad
UniV2FactoryB: 0xf98265AeA01677961Bff51685B04eE3a6139206F
WETH: 0x24a9Da1457F96C2b167D49377A776d302A5C4dB3
DAI addresses: [ '0xAC29373CBe03C88Fb078488181F8a0650C58CA08' ]
[0x65D08a056c17Ae13370565B04cF77D2AfA1cB9FA] swapping 1058.0 DAI for WETH
Nonce calculation debug:
- currentNonce (from getTransactionCount): 18
- nonce.override: 116
- nonce.offset: undefined
- Final nonce value: 134
Sending bundle: [
  '0x02f9017783301824818685012a05f2008512a05f2000830249f09471e67695db8bc44aa6bf2014142c42221967ee9880b901040cc7326300000000000000000000000000000000000000000000000000000000000000a00000000000000000000000000000000000000000000000395ab31279cb48000000000000000000000000000085998f6c99833d1127301928248c97b6f168bdad00000000000000000000000065d08a056c17ae13370565b04cf77d2afa1cb9fa00000000000000000000000000000000000000000000000000000000000000000000000000000000000000000000000000000000000000000000000000000002000000000000000000000000ac29373cbe03c88fb078488181f8a0650c58ca0800000000000000000000000024a9da1457f96c2b167d49377a776d302a5c4db3c001a0b328fbd72bf8282fd19edb9d02326433a8ec420d4657fdc1f86eacb16a19fbeaa02a05ce864166974a0d6f776806ced4078f537dbbcc9575f759fd27da339cf07d'
]
Sending bundle to Prof RPC: http://172.16.4.27:8084
Request payload: {
  "jsonrpc": "2.0",
  "id": 1,
  "method": "eth_sendBundle",
  "params": [
    {
      "txs": [
        "0x02f9017783301824818685012a05f2008512a05f2000830249f09471e67695db8bc44aa6bf2014142c42221967ee9880b901040cc7326300000000000000000000000000000000000000000000000000000000000000a00000000000000000000000000000000000000000000000395ab31279cb48000000000000000000000000000085998f6c99833d1127301928248c97b6f168bdad00000000000000000000000065d08a056c17ae13370565b04cf77d2afa1cb9fa00000000000000000000000000000000000000000000000000000000000000000000000000000000000000000000000000000000000000000000000000000002000000000000000000000000ac29373cbe03c88fb078488181f8a0650c58ca0800000000000000000000000024a9da1457f96c2b167d49377a776d302a5c4db3c001a0b328fbd72bf8282fd19edb9d02326433a8ec420d4657fdc1f86eacb16a19fbeaa02a05ce864166974a0d6f776806ced4078f537dbbcc9575f759fd27da339cf07d"
      ],
      "blockNumber": "0xb"
    }
  ]
}
Trying URL: http://172.16.4.27:8084/eth_sendBundle
Bundle sent successfully. Status: 202
nonceOffset: 117
nonceOffset before: 117
Current transaction count:  18
Generating swaps with params: {
  targetBlockNumber: 11,
  txsPerBundle: 1,
  sendRoute: 3,
  txStrategy: 'univ2',
  profRpcUrl: 'http://172.16.4.27:8084',
  nonceOffset: 117
}
Generating swaps with params: {}
Current nonce for 0x65D08a056c17Ae13370565B04cF77D2AfA1cB9FA: 18
Contract Addresses:
AtomicSwap: 0x71e67695DB8Bc44AA6BF2014142c42221967EE98
UniV2FactoryA: 0x85998F6C99833d1127301928248c97b6F168bDad
UniV2FactoryB: 0xf98265AeA01677961Bff51685B04eE3a6139206F
WETH: 0x24a9Da1457F96C2b167D49377A776d302A5C4dB3
DAI addresses: [ '0xAC29373CBe03C88Fb078488181F8a0650C58CA08' ]
[0x65D08a056c17Ae13370565B04cF77D2AfA1cB9FA] swapping 0.54160246533127889 WETH for DAI
Nonce calculation debug:
- currentNonce (from getTransactionCount): 18
- nonce.override: 117
- nonce.offset: undefined
- Final nonce value: 135
Sending bundle: [
  '0x02f9017783301824818785012a05f2008512a05f2000830249f09471e67695db8bc44aa6bf2014142c42221967ee9880b901040cc7326300000000000000000000000000000000000000000000000000000000000000a0000000000000000000000000000000000000000000000000078428929b8bf42a000000000000000000000000f98265aea01677961bff51685b04ee3a6139206f00000000000000000000000065d08a056c17ae13370565b04cf77d2afa1cb9fa0000000000000000000000000000000000000000000000000000000000000000000000000000000000000000000000000000000000000000000000000000000200000000000000000000000024a9da1457f96c2b167d49377a776d302a5c4db3000000000000000000000000ac29373cbe03c88fb078488181f8a0650c58ca08c001a0b0284554e630412541382588cce114b7db306bf32ed325e7e207f9bcaa9dc22fa03e2a39154709b5c5f827129ff645fc1c3edcc8530da77b2d29ba5483ed80c56d'
]
Sending bundle to Prof RPC: http://172.16.4.27:8084
Request payload: {
  "jsonrpc": "2.0",
  "id": 1,
  "method": "eth_sendBundle",
  "params": [
    {
      "txs": [
        "0x02f9017783301824818785012a05f2008512a05f2000830249f09471e67695db8bc44aa6bf2014142c42221967ee9880b901040cc7326300000000000000000000000000000000000000000000000000000000000000a0000000000000000000000000000000000000000000000000078428929b8bf42a000000000000000000000000f98265aea01677961bff51685b04ee3a6139206f00000000000000000000000065d08a056c17ae13370565b04cf77d2afa1cb9fa0000000000000000000000000000000000000000000000000000000000000000000000000000000000000000000000000000000000000000000000000000000200000000000000000000000024a9da1457f96c2b167d49377a776d302a5c4db3000000000000000000000000ac29373cbe03c88fb078488181f8a0650c58ca08c001a0b0284554e630412541382588cce114b7db306bf32ed325e7e207f9bcaa9dc22fa03e2a39154709b5c5f827129ff645fc1c3edcc8530da77b2d29ba5483ed80c56d"
      ],
      "blockNumber": "0xb"
    }
  ]
}
Trying URL: http://172.16.4.27:8084/eth_sendBundle
Bundle sent successfully. Status: 202
nonceOffset: 118
nonceOffset before: 118
Current transaction count:  18
Generating swaps with params: {
  targetBlockNumber: 11,
  txsPerBundle: 1,
  sendRoute: 3,
  txStrategy: 'univ2',
  profRpcUrl: 'http://172.16.4.27:8084',
  nonceOffset: 118
}
Generating swaps with params: {}
Current nonce for 0x65D08a056c17Ae13370565B04cF77D2AfA1cB9FA: 18
Contract Addresses:
AtomicSwap: 0x71e67695DB8Bc44AA6BF2014142c42221967EE98
UniV2FactoryA: 0x85998F6C99833d1127301928248c97b6F168bDad
UniV2FactoryB: 0xf98265AeA01677961Bff51685B04eE3a6139206F
WETH: 0x24a9Da1457F96C2b167D49377A776d302A5C4dB3
DAI addresses: [ '0xAC29373CBe03C88Fb078488181F8a0650C58CA08' ]
[0x65D08a056c17Ae13370565B04cF77D2AfA1cB9FA] swapping 0.59399075500770416 WETH for DAI
Nonce calculation debug:
- currentNonce (from getTransactionCount): 18
- nonce.override: 118
- nonce.offset: undefined
- Final nonce value: 136
Sending bundle: [
  '0x02f9017783301824818885012a05f2008512a05f2000830249f09471e67695db8bc44aa6bf2014142c42221967ee9880b901040cc7326300000000000000000000000000000000000000000000000000000000000000a0000000000000000000000000000000000000000000000000083e4771d019ac6000000000000000000000000085998f6c99833d1127301928248c97b6f168bdad00000000000000000000000065d08a056c17ae13370565b04cf77d2afa1cb9fa0000000000000000000000000000000000000000000000000000000000000000000000000000000000000000000000000000000000000000000000000000000200000000000000000000000024a9da1457f96c2b167d49377a776d302a5c4db3000000000000000000000000ac29373cbe03c88fb078488181f8a0650c58ca08c001a04c123caff0b499f5acfa2b7c032dc9f7e2d4ed681c0360156d99b53255eb4e95a0179a018b0091eaf5cca6cb662b965e773c6cfba3f5d5ae998575e5d558bf4499'
]
Sending bundle to Prof RPC: http://172.16.4.27:8084
Request payload: {
  "jsonrpc": "2.0",
  "id": 1,
  "method": "eth_sendBundle",
  "params": [
    {
      "txs": [
        "0x02f9017783301824818885012a05f2008512a05f2000830249f09471e67695db8bc44aa6bf2014142c42221967ee9880b901040cc7326300000000000000000000000000000000000000000000000000000000000000a0000000000000000000000000000000000000000000000000083e4771d019ac6000000000000000000000000085998f6c99833d1127301928248c97b6f168bdad00000000000000000000000065d08a056c17ae13370565b04cf77d2afa1cb9fa0000000000000000000000000000000000000000000000000000000000000000000000000000000000000000000000000000000000000000000000000000000200000000000000000000000024a9da1457f96c2b167d49377a776d302a5c4db3000000000000000000000000ac29373cbe03c88fb078488181f8a0650c58ca08c001a04c123caff0b499f5acfa2b7c032dc9f7e2d4ed681c0360156d99b53255eb4e95a0179a018b0091eaf5cca6cb662b965e773c6cfba3f5d5ae998575e5d558bf4499"
      ],
      "blockNumber": "0xb"
    }
  ]
}
Trying URL: http://172.16.4.27:8084/eth_sendBundle
Bundle sent successfully. Status: 202
nonceOffset: 119
nonceOffset before: 119
Current transaction count:  18
Generating swaps with params: {
  targetBlockNumber: 11,
  txsPerBundle: 1,
  sendRoute: 3,
  txStrategy: 'univ2',
  profRpcUrl: 'http://172.16.4.27:8084',
  nonceOffset: 119
}
Generating swaps with params: {}
Current nonce for 0x65D08a056c17Ae13370565B04cF77D2AfA1cB9FA: 18
Contract Addresses:
AtomicSwap: 0x71e67695DB8Bc44AA6BF2014142c42221967EE98
UniV2FactoryA: 0x85998F6C99833d1127301928248c97b6F168bDad
UniV2FactoryB: 0xf98265AeA01677961Bff51685B04eE3a6139206F
WETH: 0x24a9Da1457F96C2b167D49377A776d302A5C4dB3
DAI addresses: [ '0xAC29373CBe03C88Fb078488181F8a0650C58CA08' ]
[0x65D08a056c17Ae13370565B04cF77D2AfA1cB9FA] swapping 0.762711864406779661 WETH for DAI
Nonce calculation debug:
- currentNonce (from getTransactionCount): 18
- nonce.override: 119
- nonce.offset: undefined
- Final nonce value: 137
Sending bundle: [
  '0x02f9017783301824818985012a05f2008512a05f2000830249f09471e67695db8bc44aa6bf2014142c42221967ee9880b901040cc7326300000000000000000000000000000000000000000000000000000000000000a00000000000000000000000000000000000000000000000000a95b2664ff1270d000000000000000000000000f98265aea01677961bff51685b04ee3a6139206f00000000000000000000000065d08a056c17ae13370565b04cf77d2afa1cb9fa0000000000000000000000000000000000000000000000000000000000000000000000000000000000000000000000000000000000000000000000000000000200000000000000000000000024a9da1457f96c2b167d49377a776d302a5c4db3000000000000000000000000ac29373cbe03c88fb078488181f8a0650c58ca08c001a097355522bc8aaf1e3323159ffc0dc8091c5164bd259d46409562f919f8f0e625a01e86f50cd616af7eb535e0c44f7cbb7a9ff919b943f34eae131710bd94b39e9b'
]
Sending bundle to Prof RPC: http://172.16.4.27:8084
Request payload: {
  "jsonrpc": "2.0",
  "id": 1,
  "method": "eth_sendBundle",
  "params": [
    {
      "txs": [
        "0x02f9017783301824818985012a05f2008512a05f2000830249f09471e67695db8bc44aa6bf2014142c42221967ee9880b901040cc7326300000000000000000000000000000000000000000000000000000000000000a00000000000000000000000000000000000000000000000000a95b2664ff1270d000000000000000000000000f98265aea01677961bff51685b04ee3a6139206f00000000000000000000000065d08a056c17ae13370565b04cf77d2afa1cb9fa0000000000000000000000000000000000000000000000000000000000000000000000000000000000000000000000000000000000000000000000000000000200000000000000000000000024a9da1457f96c2b167d49377a776d302a5c4db3000000000000000000000000ac29373cbe03c88fb078488181f8a0650c58ca08c001a097355522bc8aaf1e3323159ffc0dc8091c5164bd259d46409562f919f8f0e625a01e86f50cd616af7eb535e0c44f7cbb7a9ff919b943f34eae131710bd94b39e9b"
      ],
      "blockNumber": "0xb"
    }
  ]
}
Trying URL: http://172.16.4.27:8084/eth_sendBundle
Bundle sent successfully. Status: 202
nonceOffset: 120
nonceOffset before: 120
Current transaction count:  18
Generating swaps with params: {
  targetBlockNumber: 11,
  txsPerBundle: 1,
  sendRoute: 3,
  txStrategy: 'univ2',
  profRpcUrl: 'http://172.16.4.27:8084',
  nonceOffset: 120
}
Generating swaps with params: {}
Current nonce for 0x65D08a056c17Ae13370565B04cF77D2AfA1cB9FA: 18
Contract Addresses:
AtomicSwap: 0x71e67695DB8Bc44AA6BF2014142c42221967EE98
UniV2FactoryA: 0x85998F6C99833d1127301928248c97b6F168bDad
UniV2FactoryB: 0xf98265AeA01677961Bff51685B04eE3a6139206F
WETH: 0x24a9Da1457F96C2b167D49377A776d302A5C4dB3
DAI addresses: [ '0xAC29373CBe03C88Fb078488181F8a0650C58CA08' ]
[0x65D08a056c17Ae13370565B04cF77D2AfA1cB9FA] swapping 567.0 DAI for WETH
Nonce calculation debug:
- currentNonce (from getTransactionCount): 18
- nonce.override: 120
- nonce.offset: undefined
- Final nonce value: 138
Sending bundle: [
  '0x02f9017783301824818a85012a05f2008512a05f2000830249f09471e67695db8bc44aa6bf2014142c42221967ee9880b901040cc7326300000000000000000000000000000000000000000000000000000000000000a000000000000000000000000000000000000000000000001ebcb4a7e7be7c0000000000000000000000000000f98265aea01677961bff51685b04ee3a6139206f00000000000000000000000065d08a056c17ae13370565b04cf77d2afa1cb9fa00000000000000000000000000000000000000000000000000000000000000000000000000000000000000000000000000000000000000000000000000000002000000000000000000000000ac29373cbe03c88fb078488181f8a0650c58ca0800000000000000000000000024a9da1457f96c2b167d49377a776d302a5c4db3c001a01eead18039b55c5cc253f1884eb4b25a8e396e6236a5292105a8af77bef0fde2a0280ddf28f1f4390eca3d6851bbe1a6abfb4df7f6ea46e5e7d663078f00e8550f'
]
Sending bundle to Prof RPC: http://172.16.4.27:8084
Request payload: {
  "jsonrpc": "2.0",
  "id": 1,
  "method": "eth_sendBundle",
  "params": [
    {
      "txs": [
        "0x02f9017783301824818a85012a05f2008512a05f2000830249f09471e67695db8bc44aa6bf2014142c42221967ee9880b901040cc7326300000000000000000000000000000000000000000000000000000000000000a000000000000000000000000000000000000000000000001ebcb4a7e7be7c0000000000000000000000000000f98265aea01677961bff51685b04ee3a6139206f00000000000000000000000065d08a056c17ae13370565b04cf77d2afa1cb9fa00000000000000000000000000000000000000000000000000000000000000000000000000000000000000000000000000000000000000000000000000000002000000000000000000000000ac29373cbe03c88fb078488181f8a0650c58ca0800000000000000000000000024a9da1457f96c2b167d49377a776d302a5c4db3c001a01eead18039b55c5cc253f1884eb4b25a8e396e6236a5292105a8af77bef0fde2a0280ddf28f1f4390eca3d6851bbe1a6abfb4df7f6ea46e5e7d663078f00e8550f"
      ],
      "blockNumber": "0xb"
    }
  ]
}
Trying URL: http://172.16.4.27:8084/eth_sendBundle
Bundle sent successfully. Status: 202
nonceOffset: 121
nonceOffset before: 121
Current transaction count:  18
Generating swaps with params: {
  targetBlockNumber: 11,
  txsPerBundle: 1,
  sendRoute: 3,
  txStrategy: 'univ2',
  profRpcUrl: 'http://172.16.4.27:8084',
  nonceOffset: 121
}
Generating swaps with params: {}
Current nonce for 0x65D08a056c17Ae13370565B04cF77D2AfA1cB9FA: 18
Contract Addresses:
AtomicSwap: 0x71e67695DB8Bc44AA6BF2014142c42221967EE98
UniV2FactoryA: 0x85998F6C99833d1127301928248c97b6F168bDad
UniV2FactoryB: 0xf98265AeA01677961Bff51685B04eE3a6139206F
WETH: 0x24a9Da1457F96C2b167D49377A776d302A5C4dB3
DAI addresses: [ '0xAC29373CBe03C88Fb078488181F8a0650C58CA08' ]
[0x65D08a056c17Ae13370565B04cF77D2AfA1cB9FA] swapping 0.794911333847340015 WETH for DAI
Nonce calculation debug:
- currentNonce (from getTransactionCount): 18
- nonce.override: 121
- nonce.offset: undefined
- Final nonce value: 139
Sending bundle: [
  '0x02f9017783301824818b85012a05f2008512a05f2000830249f09471e67695db8bc44aa6bf2014142c42221967ee9880b901040cc7326300000000000000000000000000000000000000000000000000000000000000a00000000000000000000000000000000000000000000000000b0817a581e713ef000000000000000000000000f98265aea01677961bff51685b04ee3a6139206f00000000000000000000000065d08a056c17ae13370565b04cf77d2afa1cb9fa0000000000000000000000000000000000000000000000000000000000000000000000000000000000000000000000000000000000000000000000000000000200000000000000000000000024a9da1457f96c2b167d49377a776d302a5c4db3000000000000000000000000ac29373cbe03c88fb078488181f8a0650c58ca08c001a077026259cd5517b029d1d92eac56f8e94dc3088c1140ae9bc43123ccff1fd185a009fb74c9f693c5e637a1e2ef3666a561ce9ada2573fcf6c6a00a6199ad3675ec'
]
Sending bundle to Prof RPC: http://172.16.4.27:8084
Request payload: {
  "jsonrpc": "2.0",
  "id": 1,
  "method": "eth_sendBundle",
  "params": [
    {
      "txs": [
        "0x02f9017783301824818b85012a05f2008512a05f2000830249f09471e67695db8bc44aa6bf2014142c42221967ee9880b901040cc7326300000000000000000000000000000000000000000000000000000000000000a00000000000000000000000000000000000000000000000000b0817a581e713ef000000000000000000000000f98265aea01677961bff51685b04ee3a6139206f00000000000000000000000065d08a056c17ae13370565b04cf77d2afa1cb9fa0000000000000000000000000000000000000000000000000000000000000000000000000000000000000000000000000000000000000000000000000000000200000000000000000000000024a9da1457f96c2b167d49377a776d302a5c4db3000000000000000000000000ac29373cbe03c88fb078488181f8a0650c58ca08c001a077026259cd5517b029d1d92eac56f8e94dc3088c1140ae9bc43123ccff1fd185a009fb74c9f693c5e637a1e2ef3666a561ce9ada2573fcf6c6a00a6199ad3675ec"
      ],
      "blockNumber": "0xb"
    }
  ]
}
Trying URL: http://172.16.4.27:8084/eth_sendBundle
Bundle sent successfully. Status: 202
nonceOffset: 122
nonceOffset before: 122
Current transaction count:  18
Generating swaps with params: {
  targetBlockNumber: 11,
  txsPerBundle: 1,
  sendRoute: 3,
  txStrategy: 'univ2',
  profRpcUrl: 'http://172.16.4.27:8084',
  nonceOffset: 122
}
Generating swaps with params: {}
Current nonce for 0x65D08a056c17Ae13370565B04cF77D2AfA1cB9FA: 18
Contract Addresses:
AtomicSwap: 0x71e67695DB8Bc44AA6BF2014142c42221967EE98
UniV2FactoryA: 0x85998F6C99833d1127301928248c97b6F168bDad
UniV2FactoryB: 0xf98265AeA01677961Bff51685B04eE3a6139206F
WETH: 0x24a9Da1457F96C2b167D49377A776d302A5C4dB3
DAI addresses: [ '0xAC29373CBe03C88Fb078488181F8a0650C58CA08' ]
[0x65D08a056c17Ae13370565B04cF77D2AfA1cB9FA] swapping 875.0 DAI for WETH
Nonce calculation debug:
- currentNonce (from getTransactionCount): 18
- nonce.override: 122
- nonce.offset: undefined
- Final nonce value: 140
Sending bundle: [
  '0x02f9017783301824818c85012a05f2008512a05f2000830249f09471e67695db8bc44aa6bf2014142c42221967ee9880b901040cc7326300000000000000000000000000000000000000000000000000000000000000a000000000000000000000000000000000000000000000002f6f10780d22cc0000000000000000000000000000f98265aea01677961bff51685b04ee3a6139206f00000000000000000000000065d08a056c17ae13370565b04cf77d2afa1cb9fa00000000000000000000000000000000000000000000000000000000000000000000000000000000000000000000000000000000000000000000000000000002000000000000000000000000ac29373cbe03c88fb078488181f8a0650c58ca0800000000000000000000000024a9da1457f96c2b167d49377a776d302a5c4db3c001a0bf4cab77337d513585032a3bedbbaef8e4ef0195f35b2cb80bef8855809d5ceaa07a562aa46710a00fb446baba796e1560e36dbfe11df97b4f24174bd89b47969d'
]
Sending bundle to Prof RPC: http://172.16.4.27:8084
Request payload: {
  "jsonrpc": "2.0",
  "id": 1,
  "method": "eth_sendBundle",
  "params": [
    {
      "txs": [
        "0x02f9017783301824818c85012a05f2008512a05f2000830249f09471e67695db8bc44aa6bf2014142c42221967ee9880b901040cc7326300000000000000000000000000000000000000000000000000000000000000a000000000000000000000000000000000000000000000002f6f10780d22cc0000000000000000000000000000f98265aea01677961bff51685b04ee3a6139206f00000000000000000000000065d08a056c17ae13370565b04cf77d2afa1cb9fa00000000000000000000000000000000000000000000000000000000000000000000000000000000000000000000000000000000000000000000000000000002000000000000000000000000ac29373cbe03c88fb078488181f8a0650c58ca0800000000000000000000000024a9da1457f96c2b167d49377a776d302a5c4db3c001a0bf4cab77337d513585032a3bedbbaef8e4ef0195f35b2cb80bef8855809d5ceaa07a562aa46710a00fb446baba796e1560e36dbfe11df97b4f24174bd89b47969d"
      ],
      "blockNumber": "0xb"
    }
  ]
}
Trying URL: http://172.16.4.27:8084/eth_sendBundle
Bundle sent successfully. Status: 202
nonceOffset: 123
nonceOffset before: 123
Current transaction count:  18
Generating swaps with params: {
  targetBlockNumber: 11,
  txsPerBundle: 1,
  sendRoute: 3,
  txStrategy: 'univ2',
  profRpcUrl: 'http://172.16.4.27:8084',
  nonceOffset: 123
}
Generating swaps with params: {}
Current nonce for 0x65D08a056c17Ae13370565B04cF77D2AfA1cB9FA: 18
Contract Addresses:
AtomicSwap: 0x71e67695DB8Bc44AA6BF2014142c42221967EE98
UniV2FactoryA: 0x85998F6C99833d1127301928248c97b6F168bDad
UniV2FactoryB: 0xf98265AeA01677961Bff51685B04eE3a6139206F
WETH: 0x24a9Da1457F96C2b167D49377A776d302A5C4dB3
DAI addresses: [ '0xAC29373CBe03C88Fb078488181F8a0650C58CA08' ]
[0x65D08a056c17Ae13370565B04cF77D2AfA1cB9FA] swapping 0.097767513471901462 WETH for DAI
Nonce calculation debug:
- currentNonce (from getTransactionCount): 18
- nonce.override: 123
- nonce.offset: undefined
- Final nonce value: 141
Sending bundle: [
  '0x02f9017783301824818d85012a05f2008512a05f2000830249f09471e67695db8bc44aa6bf2014142c42221967ee9880b901040cc7326300000000000000000000000000000000000000000000000000000000000000a0000000000000000000000000000000000000000000000000015b57091710df16000000000000000000000000f98265aea01677961bff51685b04ee3a6139206f00000000000000000000000065d08a056c17ae13370565b04cf77d2afa1cb9fa0000000000000000000000000000000000000000000000000000000000000000000000000000000000000000000000000000000000000000000000000000000200000000000000000000000024a9da1457f96c2b167d49377a776d302a5c4db3000000000000000000000000ac29373cbe03c88fb078488181f8a0650c58ca08c080a0a1e18e936a7bb168987e15d3922af62be379b05d158748beaf2a82819750fd3fa00ae2b227a5f9107f4ebb8b4dd512e6a03fe73ce7f7c3a687796c8f4bf90783b7'
]
Sending bundle to Prof RPC: http://172.16.4.27:8084
Request payload: {
  "jsonrpc": "2.0",
  "id": 1,
  "method": "eth_sendBundle",
  "params": [
    {
      "txs": [
        "0x02f9017783301824818d85012a05f2008512a05f2000830249f09471e67695db8bc44aa6bf2014142c42221967ee9880b901040cc7326300000000000000000000000000000000000000000000000000000000000000a0000000000000000000000000000000000000000000000000015b57091710df16000000000000000000000000f98265aea01677961bff51685b04ee3a6139206f00000000000000000000000065d08a056c17ae13370565b04cf77d2afa1cb9fa0000000000000000000000000000000000000000000000000000000000000000000000000000000000000000000000000000000000000000000000000000000200000000000000000000000024a9da1457f96c2b167d49377a776d302a5c4db3000000000000000000000000ac29373cbe03c88fb078488181f8a0650c58ca08c080a0a1e18e936a7bb168987e15d3922af62be379b05d158748beaf2a82819750fd3fa00ae2b227a5f9107f4ebb8b4dd512e6a03fe73ce7f7c3a687796c8f4bf90783b7"
      ],
      "blockNumber": "0xb"
    }
  ]
}
Trying URL: http://172.16.4.27:8084/eth_sendBundle
Bundle sent successfully. Status: 202
nonceOffset: 124
nonceOffset before: 124
Current transaction count:  18
Generating swaps with params: {
  targetBlockNumber: 11,
  txsPerBundle: 1,
  sendRoute: 3,
  txStrategy: 'univ2',
  profRpcUrl: 'http://172.16.4.27:8084',
  nonceOffset: 124
}
Generating swaps with params: {}
Current nonce for 0x65D08a056c17Ae13370565B04cF77D2AfA1cB9FA: 18
Contract Addresses:
AtomicSwap: 0x71e67695DB8Bc44AA6BF2014142c42221967EE98
UniV2FactoryA: 0x85998F6C99833d1127301928248c97b6F168bDad
UniV2FactoryB: 0xf98265AeA01677961Bff51685B04eE3a6139206F
WETH: 0x24a9Da1457F96C2b167D49377A776d302A5C4dB3
DAI addresses: [ '0xAC29373CBe03C88Fb078488181F8a0650C58CA08' ]
[0x65D08a056c17Ae13370565B04cF77D2AfA1cB9FA] swapping 374.0 DAI for WETH
Nonce calculation debug:
- currentNonce (from getTransactionCount): 18
- nonce.override: 124
- nonce.offset: undefined
- Final nonce value: 142
Sending bundle: [
  '0x02f9017783301824818e85012a05f2008512a05f2000830249f09471e67695db8bc44aa6bf2014142c42221967ee9880b901040cc7326300000000000000000000000000000000000000000000000000000000000000a0000000000000000000000000000000000000000000000014464aea768c18000000000000000000000000000085998f6c99833d1127301928248c97b6f168bdad00000000000000000000000065d08a056c17ae13370565b04cf77d2afa1cb9fa00000000000000000000000000000000000000000000000000000000000000000000000000000000000000000000000000000000000000000000000000000002000000000000000000000000ac29373cbe03c88fb078488181f8a0650c58ca0800000000000000000000000024a9da1457f96c2b167d49377a776d302a5c4db3c080a0b3cb84e6d047dfbbd158487cc224c78b2c353f5a3dc635d4ff60ce56ecb46539a058a1f66f66afb2a3fddb158040221881a92cda708a7293c0698e08c88266f4b1'
]
Sending bundle to Prof RPC: http://172.16.4.27:8084
Request payload: {
  "jsonrpc": "2.0",
  "id": 1,
  "method": "eth_sendBundle",
  "params": [
    {
      "txs": [
        "0x02f9017783301824818e85012a05f2008512a05f2000830249f09471e67695db8bc44aa6bf2014142c42221967ee9880b901040cc7326300000000000000000000000000000000000000000000000000000000000000a0000000000000000000000000000000000000000000000014464aea768c18000000000000000000000000000085998f6c99833d1127301928248c97b6f168bdad00000000000000000000000065d08a056c17ae13370565b04cf77d2afa1cb9fa00000000000000000000000000000000000000000000000000000000000000000000000000000000000000000000000000000000000000000000000000000002000000000000000000000000ac29373cbe03c88fb078488181f8a0650c58ca0800000000000000000000000024a9da1457f96c2b167d49377a776d302a5c4db3c080a0b3cb84e6d047dfbbd158487cc224c78b2c353f5a3dc635d4ff60ce56ecb46539a058a1f66f66afb2a3fddb158040221881a92cda708a7293c0698e08c88266f4b1"
      ],
      "blockNumber": "0xb"
    }
  ]
}
Trying URL: http://172.16.4.27:8084/eth_sendBundle
Bundle sent successfully. Status: 202
nonceOffset: 125
nonceOffset before: 125
Current transaction count:  18
Generating swaps with params: {
  targetBlockNumber: 11,
  txsPerBundle: 1,
  sendRoute: 3,
  txStrategy: 'univ2',
  profRpcUrl: 'http://172.16.4.27:8084',
  nonceOffset: 125
}
Generating swaps with params: {}
Current nonce for 0x65D08a056c17Ae13370565B04cF77D2AfA1cB9FA: 18
Contract Addresses:
AtomicSwap: 0x71e67695DB8Bc44AA6BF2014142c42221967EE98
UniV2FactoryA: 0x85998F6C99833d1127301928248c97b6F168bDad
UniV2FactoryB: 0xf98265AeA01677961Bff51685B04eE3a6139206F
WETH: 0x24a9Da1457F96C2b167D49377A776d302A5C4dB3
DAI addresses: [ '0xAC29373CBe03C88Fb078488181F8a0650C58CA08' ]
[0x65D08a056c17Ae13370565B04cF77D2AfA1cB9FA] swapping 0.510785824345146379 WETH for DAI
Nonce calculation debug:
- currentNonce (from getTransactionCount): 18
- nonce.override: 125
- nonce.offset: undefined
- Final nonce value: 143
Sending bundle: [
  '0x02f9017783301824818f85012a05f2008512a05f2000830249f09471e67695db8bc44aa6bf2014142c42221967ee9880b901040cc7326300000000000000000000000000000000000000000000000000000000000000a00000000000000000000000000000000000000000000000000716ad004065c40b00000000000000000000000085998f6c99833d1127301928248c97b6f168bdad00000000000000000000000065d08a056c17ae13370565b04cf77d2afa1cb9fa0000000000000000000000000000000000000000000000000000000000000000000000000000000000000000000000000000000000000000000000000000000200000000000000000000000024a9da1457f96c2b167d49377a776d302a5c4db3000000000000000000000000ac29373cbe03c88fb078488181f8a0650c58ca08c080a0c320805924ba7118f498d1f78471fc340e3031b1e86b200c087c2785e595d19ea054573e7b475fe5c0a86631035612108cc6d01e4a085ac1401cd22154a79263cc'
]
Sending bundle to Prof RPC: http://172.16.4.27:8084
Request payload: {
  "jsonrpc": "2.0",
  "id": 1,
  "method": "eth_sendBundle",
  "params": [
    {
      "txs": [
        "0x02f9017783301824818f85012a05f2008512a05f2000830249f09471e67695db8bc44aa6bf2014142c42221967ee9880b901040cc7326300000000000000000000000000000000000000000000000000000000000000a00000000000000000000000000000000000000000000000000716ad004065c40b00000000000000000000000085998f6c99833d1127301928248c97b6f168bdad00000000000000000000000065d08a056c17ae13370565b04cf77d2afa1cb9fa0000000000000000000000000000000000000000000000000000000000000000000000000000000000000000000000000000000000000000000000000000000200000000000000000000000024a9da1457f96c2b167d49377a776d302a5c4db3000000000000000000000000ac29373cbe03c88fb078488181f8a0650c58ca08c080a0c320805924ba7118f498d1f78471fc340e3031b1e86b200c087c2785e595d19ea054573e7b475fe5c0a86631035612108cc6d01e4a085ac1401cd22154a79263cc"
      ],
      "blockNumber": "0xb"
    }
  ]
}
Trying URL: http://172.16.4.27:8084/eth_sendBundle
Bundle sent successfully. Status: 202
nonceOffset: 126
nonceOffset before: 126
Current transaction count:  18
Generating swaps with params: {
  targetBlockNumber: 11,
  txsPerBundle: 1,
  sendRoute: 3,
  txStrategy: 'univ2',
  profRpcUrl: 'http://172.16.4.27:8084',
  nonceOffset: 126
}
Generating swaps with params: {}
Current nonce for 0x65D08a056c17Ae13370565B04cF77D2AfA1cB9FA: 18
Contract Addresses:
AtomicSwap: 0x71e67695DB8Bc44AA6BF2014142c42221967EE98
UniV2FactoryA: 0x85998F6C99833d1127301928248c97b6F168bDad
UniV2FactoryB: 0xf98265AeA01677961Bff51685B04eE3a6139206F
WETH: 0x24a9Da1457F96C2b167D49377A776d302A5C4dB3
DAI addresses: [ '0xAC29373CBe03C88Fb078488181F8a0650C58CA08' ]
[0x65D08a056c17Ae13370565B04cF77D2AfA1cB9FA] swapping 159.0 DAI for WETH
Nonce calculation debug:
- currentNonce (from getTransactionCount): 18
- nonce.override: 126
- nonce.offset: undefined
- Final nonce value: 144
Sending bundle: [
  '0x02f9017783301824819085012a05f2008512a05f2000830249f09471e67695db8bc44aa6bf2014142c42221967ee9880b901040cc7326300000000000000000000000000000000000000000000000000000000000000a00000000000000000000000000000000000000000000000089e917994f71c000000000000000000000000000085998f6c99833d1127301928248c97b6f168bdad00000000000000000000000065d08a056c17ae13370565b04cf77d2afa1cb9fa00000000000000000000000000000000000000000000000000000000000000000000000000000000000000000000000000000000000000000000000000000002000000000000000000000000ac29373cbe03c88fb078488181f8a0650c58ca0800000000000000000000000024a9da1457f96c2b167d49377a776d302a5c4db3c080a0440e367de354122c945a319614d420ce7b3c9373175fd63f058961d1e4ff1097a0692c9877526a6d9ee53c4be5b3e1da6311a36f06419390d2e299e505fd6b9865'
]
Sending bundle to Prof RPC: http://172.16.4.27:8084
Request payload: {
  "jsonrpc": "2.0",
  "id": 1,
  "method": "eth_sendBundle",
  "params": [
    {
      "txs": [
        "0x02f9017783301824819085012a05f2008512a05f2000830249f09471e67695db8bc44aa6bf2014142c42221967ee9880b901040cc7326300000000000000000000000000000000000000000000000000000000000000a00000000000000000000000000000000000000000000000089e917994f71c000000000000000000000000000085998f6c99833d1127301928248c97b6f168bdad00000000000000000000000065d08a056c17ae13370565b04cf77d2afa1cb9fa00000000000000000000000000000000000000000000000000000000000000000000000000000000000000000000000000000000000000000000000000000002000000000000000000000000ac29373cbe03c88fb078488181f8a0650c58ca0800000000000000000000000024a9da1457f96c2b167d49377a776d302a5c4db3c080a0440e367de354122c945a319614d420ce7b3c9373175fd63f058961d1e4ff1097a0692c9877526a6d9ee53c4be5b3e1da6311a36f06419390d2e299e505fd6b9865"
      ],
      "blockNumber": "0xb"
    }
  ]
}
Trying URL: http://172.16.4.27:8084/eth_sendBundle
Bundle sent successfully. Status: 202
nonceOffset: 127
nonceOffset before: 127
Current transaction count:  18
Generating swaps with params: {
  targetBlockNumber: 11,
  txsPerBundle: 1,
  sendRoute: 3,
  txStrategy: 'univ2',
  profRpcUrl: 'http://172.16.4.27:8084',
  nonceOffset: 127
}
Generating swaps with params: {}
Current nonce for 0x65D08a056c17Ae13370565B04cF77D2AfA1cB9FA: 18
Contract Addresses:
AtomicSwap: 0x71e67695DB8Bc44AA6BF2014142c42221967EE98
UniV2FactoryA: 0x85998F6C99833d1127301928248c97b6F168bDad
UniV2FactoryB: 0xf98265AeA01677961Bff51685B04eE3a6139206F
WETH: 0x24a9Da1457F96C2b167D49377A776d302A5C4dB3
DAI addresses: [ '0xAC29373CBe03C88Fb078488181F8a0650C58CA08' ]
[0x65D08a056c17Ae13370565B04cF77D2AfA1cB9FA] swapping 940.0 DAI for WETH
Nonce calculation debug:
- currentNonce (from getTransactionCount): 18
- nonce.override: 127
- nonce.offset: undefined
- Final nonce value: 145
Sending bundle: [
  '0x02f9017783301824819185012a05f2008512a05f2000830249f09471e67695db8bc44aa6bf2014142c42221967ee9880b901040cc7326300000000000000000000000000000000000000000000000000000000000000a0000000000000000000000000000000000000000000000032f51edbaaa330000000000000000000000000000085998f6c99833d1127301928248c97b6f168bdad00000000000000000000000065d08a056c17ae13370565b04cf77d2afa1cb9fa00000000000000000000000000000000000000000000000000000000000000000000000000000000000000000000000000000000000000000000000000000002000000000000000000000000ac29373cbe03c88fb078488181f8a0650c58ca0800000000000000000000000024a9da1457f96c2b167d49377a776d302a5c4db3c001a052e9ce38866e08d90e4dd7a221ef64d924d5aca647e1be7eb29d048eefad6374a0504ab6a7a8a134f4532a36b064e7b239b84f3d5fb71af5ff598f03d6d637c5b6'
]
Sending bundle to Prof RPC: http://172.16.4.27:8084
Request payload: {
  "jsonrpc": "2.0",
  "id": 1,
  "method": "eth_sendBundle",
  "params": [
    {
      "txs": [
        "0x02f9017783301824819185012a05f2008512a05f2000830249f09471e67695db8bc44aa6bf2014142c42221967ee9880b901040cc7326300000000000000000000000000000000000000000000000000000000000000a0000000000000000000000000000000000000000000000032f51edbaaa330000000000000000000000000000085998f6c99833d1127301928248c97b6f168bdad00000000000000000000000065d08a056c17ae13370565b04cf77d2afa1cb9fa00000000000000000000000000000000000000000000000000000000000000000000000000000000000000000000000000000000000000000000000000000002000000000000000000000000ac29373cbe03c88fb078488181f8a0650c58ca0800000000000000000000000024a9da1457f96c2b167d49377a776d302a5c4db3c001a052e9ce38866e08d90e4dd7a221ef64d924d5aca647e1be7eb29d048eefad6374a0504ab6a7a8a134f4532a36b064e7b239b84f3d5fb71af5ff598f03d6d637c5b6"
      ],
      "blockNumber": "0xb"
    }
  ]
}
Trying URL: http://172.16.4.27:8084/eth_sendBundle
Bundle sent successfully. Status: 202
nonceOffset: 128
nonceOffset before: 128
Current transaction count:  18
Generating swaps with params: {
  targetBlockNumber: 11,
  txsPerBundle: 1,
  sendRoute: 3,
  txStrategy: 'univ2',
  profRpcUrl: 'http://172.16.4.27:8084',
  nonceOffset: 128
}
Generating swaps with params: {}
Current nonce for 0x65D08a056c17Ae13370565B04cF77D2AfA1cB9FA: 18
Contract Addresses:
AtomicSwap: 0x71e67695DB8Bc44AA6BF2014142c42221967EE98
UniV2FactoryA: 0x85998F6C99833d1127301928248c97b6F168bDad
UniV2FactoryB: 0xf98265AeA01677961Bff51685B04eE3a6139206F
WETH: 0x24a9Da1457F96C2b167D49377A776d302A5C4dB3
DAI addresses: [ '0xAC29373CBe03C88Fb078488181F8a0650C58CA08' ]
[0x65D08a056c17Ae13370565B04cF77D2AfA1cB9FA] swapping 0.665639445300462249 WETH for DAI
Nonce calculation debug:
- currentNonce (from getTransactionCount): 18
- nonce.override: 128
- nonce.offset: undefined
- Final nonce value: 146
Sending bundle: [
  '0x02f9017783301824819285012a05f2008512a05f2000830249f09471e67695db8bc44aa6bf2014142c42221967ee9880b901040cc7326300000000000000000000000000000000000000000000000000000000000000a0000000000000000000000000000000000000000000000000093cd38c7d9f42a900000000000000000000000085998f6c99833d1127301928248c97b6f168bdad00000000000000000000000065d08a056c17ae13370565b04cf77d2afa1cb9fa0000000000000000000000000000000000000000000000000000000000000000000000000000000000000000000000000000000000000000000000000000000200000000000000000000000024a9da1457f96c2b167d49377a776d302a5c4db3000000000000000000000000ac29373cbe03c88fb078488181f8a0650c58ca08c001a06d69e198b06661005d68110c24a0254065b234626907697b432faf9c3c2ef5f1a03cc78b655e4a92459fdaaf8a6e1ea19389ce2b28f44d559e9cea57e0cb7c5d0c'
]
Sending bundle to Prof RPC: http://172.16.4.27:8084
Request payload: {
  "jsonrpc": "2.0",
  "id": 1,
  "method": "eth_sendBundle",
  "params": [
    {
      "txs": [
        "0x02f9017783301824819285012a05f2008512a05f2000830249f09471e67695db8bc44aa6bf2014142c42221967ee9880b901040cc7326300000000000000000000000000000000000000000000000000000000000000a0000000000000000000000000000000000000000000000000093cd38c7d9f42a900000000000000000000000085998f6c99833d1127301928248c97b6f168bdad00000000000000000000000065d08a056c17ae13370565b04cf77d2afa1cb9fa0000000000000000000000000000000000000000000000000000000000000000000000000000000000000000000000000000000000000000000000000000000200000000000000000000000024a9da1457f96c2b167d49377a776d302a5c4db3000000000000000000000000ac29373cbe03c88fb078488181f8a0650c58ca08c001a06d69e198b06661005d68110c24a0254065b234626907697b432faf9c3c2ef5f1a03cc78b655e4a92459fdaaf8a6e1ea19389ce2b28f44d559e9cea57e0cb7c5d0c"
      ],
      "blockNumber": "0xb"
    }
  ]
}
Trying URL: http://172.16.4.27:8084/eth_sendBundle
Bundle sent successfully. Status: 202
nonceOffset: 129
nonceOffset before: 129
Current transaction count:  18
Generating swaps with params: {
  targetBlockNumber: 11,
  txsPerBundle: 1,
  sendRoute: 3,
  txStrategy: 'univ2',
  profRpcUrl: 'http://172.16.4.27:8084',
  nonceOffset: 129
}
Generating swaps with params: {}
Current nonce for 0x65D08a056c17Ae13370565B04cF77D2AfA1cB9FA: 18
Contract Addresses:
AtomicSwap: 0x71e67695DB8Bc44AA6BF2014142c42221967EE98
UniV2FactoryA: 0x85998F6C99833d1127301928248c97b6F168bDad
UniV2FactoryB: 0xf98265AeA01677961Bff51685B04eE3a6139206F
WETH: 0x24a9Da1457F96C2b167D49377A776d302A5C4dB3
DAI addresses: [ '0xAC29373CBe03C88Fb078488181F8a0650C58CA08' ]
[0x65D08a056c17Ae13370565B04cF77D2AfA1cB9FA] swapping 876.0 DAI for WETH
Nonce calculation debug:
- currentNonce (from getTransactionCount): 18
- nonce.override: 129
- nonce.offset: undefined
- Final nonce value: 147
Sending bundle: [
  '0x02f9017783301824819385012a05f2008512a05f2000830249f09471e67695db8bc44aa6bf2014142c42221967ee9880b901040cc7326300000000000000000000000000000000000000000000000000000000000000a000000000000000000000000000000000000000000000002f7cf12ec0ca300000000000000000000000000000f98265aea01677961bff51685b04ee3a6139206f00000000000000000000000065d08a056c17ae13370565b04cf77d2afa1cb9fa00000000000000000000000000000000000000000000000000000000000000000000000000000000000000000000000000000000000000000000000000000002000000000000000000000000ac29373cbe03c88fb078488181f8a0650c58ca0800000000000000000000000024a9da1457f96c2b167d49377a776d302a5c4db3c001a0758dbfcd185fec54ce23467e2672219701a4b17bfeca5df506c7a0ac6f0cfdefa05fe024d1d930ce957f627560f291c64e543f31945749aba140da15dc4b270f42'
]
Sending bundle to Prof RPC: http://172.16.4.27:8084
Request payload: {
  "jsonrpc": "2.0",
  "id": 1,
  "method": "eth_sendBundle",
  "params": [
    {
      "txs": [
        "0x02f9017783301824819385012a05f2008512a05f2000830249f09471e67695db8bc44aa6bf2014142c42221967ee9880b901040cc7326300000000000000000000000000000000000000000000000000000000000000a000000000000000000000000000000000000000000000002f7cf12ec0ca300000000000000000000000000000f98265aea01677961bff51685b04ee3a6139206f00000000000000000000000065d08a056c17ae13370565b04cf77d2afa1cb9fa00000000000000000000000000000000000000000000000000000000000000000000000000000000000000000000000000000000000000000000000000000002000000000000000000000000ac29373cbe03c88fb078488181f8a0650c58ca0800000000000000000000000024a9da1457f96c2b167d49377a776d302a5c4db3c001a0758dbfcd185fec54ce23467e2672219701a4b17bfeca5df506c7a0ac6f0cfdefa05fe024d1d930ce957f627560f291c64e543f31945749aba140da15dc4b270f42"
      ],
      "blockNumber": "0xb"
    }
  ]
}
Trying URL: http://172.16.4.27:8084/eth_sendBundle
Bundle sent successfully. Status: 202
nonceOffset: 130
nonceOffset before: 130
Current transaction count:  18
Generating swaps with params: {
  targetBlockNumber: 11,
  txsPerBundle: 1,
  sendRoute: 3,
  txStrategy: 'univ2',
  profRpcUrl: 'http://172.16.4.27:8084',
  nonceOffset: 130
}
Generating swaps with params: {}
Current nonce for 0x65D08a056c17Ae13370565B04cF77D2AfA1cB9FA: 18
Contract Addresses:
AtomicSwap: 0x71e67695DB8Bc44AA6BF2014142c42221967EE98
UniV2FactoryA: 0x85998F6C99833d1127301928248c97b6F168bDad
UniV2FactoryB: 0xf98265AeA01677961Bff51685B04eE3a6139206F
WETH: 0x24a9Da1457F96C2b167D49377A776d302A5C4dB3
DAI addresses: [ '0xAC29373CBe03C88Fb078488181F8a0650C58CA08' ]
[0x65D08a056c17Ae13370565B04cF77D2AfA1cB9FA] swapping 983.0 DAI for WETH
Nonce calculation debug:
- currentNonce (from getTransactionCount): 18
- nonce.override: 130
- nonce.offset: undefined
- Final nonce value: 148
Sending bundle: [
  '0x02f9017783301824819485012a05f2008512a05f2000830249f09471e67695db8bc44aa6bf2014142c42221967ee9880b901040cc7326300000000000000000000000000000000000000000000000000000000000000a000000000000000000000000000000000000000000000003549dd8bd7c0fc000000000000000000000000000085998f6c99833d1127301928248c97b6f168bdad00000000000000000000000065d08a056c17ae13370565b04cf77d2afa1cb9fa00000000000000000000000000000000000000000000000000000000000000000000000000000000000000000000000000000000000000000000000000000002000000000000000000000000ac29373cbe03c88fb078488181f8a0650c58ca0800000000000000000000000024a9da1457f96c2b167d49377a776d302a5c4db3c001a0f4d6572d1a86e32c2e71d75e3890f3c782ac8dd7db1dba00b261fe939e70781fa00392b0a195801579b309a7d678f58da946d87d0389985d5c047255867f8f830e'
]
Sending bundle to Prof RPC: http://172.16.4.27:8084
Request payload: {
  "jsonrpc": "2.0",
  "id": 1,
  "method": "eth_sendBundle",
  "params": [
    {
      "txs": [
        "0x02f9017783301824819485012a05f2008512a05f2000830249f09471e67695db8bc44aa6bf2014142c42221967ee9880b901040cc7326300000000000000000000000000000000000000000000000000000000000000a000000000000000000000000000000000000000000000003549dd8bd7c0fc000000000000000000000000000085998f6c99833d1127301928248c97b6f168bdad00000000000000000000000065d08a056c17ae13370565b04cf77d2afa1cb9fa00000000000000000000000000000000000000000000000000000000000000000000000000000000000000000000000000000000000000000000000000000002000000000000000000000000ac29373cbe03c88fb078488181f8a0650c58ca0800000000000000000000000024a9da1457f96c2b167d49377a776d302a5c4db3c001a0f4d6572d1a86e32c2e71d75e3890f3c782ac8dd7db1dba00b261fe939e70781fa00392b0a195801579b309a7d678f58da946d87d0389985d5c047255867f8f830e"
      ],
      "blockNumber": "0xb"
    }
  ]
}
Trying URL: http://172.16.4.27:8084/eth_sendBundle
Bundle sent successfully. Status: 202
nonceOffset: 131
nonceOffset before: 131
Current transaction count:  18
Generating swaps with params: {
  targetBlockNumber: 11,
  txsPerBundle: 1,
  sendRoute: 3,
  txStrategy: 'univ2',
  profRpcUrl: 'http://172.16.4.27:8084',
  nonceOffset: 131
}
Generating swaps with params: {}
Current nonce for 0x65D08a056c17Ae13370565B04cF77D2AfA1cB9FA: 18
Contract Addresses:
AtomicSwap: 0x71e67695DB8Bc44AA6BF2014142c42221967EE98
UniV2FactoryA: 0x85998F6C99833d1127301928248c97b6F168bDad
UniV2FactoryB: 0xf98265AeA01677961Bff51685B04eE3a6139206F
WETH: 0x24a9Da1457F96C2b167D49377A776d302A5C4dB3
DAI addresses: [ '0xAC29373CBe03C88Fb078488181F8a0650C58CA08' ]
[0x65D08a056c17Ae13370565B04cF77D2AfA1cB9FA] swapping 0.084680523479599692 WETH for DAI
Nonce calculation debug:
- currentNonce (from getTransactionCount): 18
- nonce.override: 131
- nonce.offset: undefined
- Final nonce value: 149
Sending bundle: [
  '0x02f9017783301824819585012a05f2008512a05f2000830249f09471e67695db8bc44aa6bf2014142c42221967ee9880b901040cc7326300000000000000000000000000000000000000000000000000000000000000a0000000000000000000000000000000000000000000000000012cd87cc9654a4c000000000000000000000000f98265aea01677961bff51685b04ee3a6139206f00000000000000000000000065d08a056c17ae13370565b04cf77d2afa1cb9fa0000000000000000000000000000000000000000000000000000000000000000000000000000000000000000000000000000000000000000000000000000000200000000000000000000000024a9da1457f96c2b167d49377a776d302a5c4db3000000000000000000000000ac29373cbe03c88fb078488181f8a0650c58ca08c001a09695bcb4b8adf16f2ded91ce7d0b9eb8badb323743c99519cf0c816924e6ad1ba0158fc2d79068ec15f678522aa3542f176fed001584629f388a4026ea5560a29c'
]
Sending bundle to Prof RPC: http://172.16.4.27:8084
Request payload: {
  "jsonrpc": "2.0",
  "id": 1,
  "method": "eth_sendBundle",
  "params": [
    {
      "txs": [
        "0x02f9017783301824819585012a05f2008512a05f2000830249f09471e67695db8bc44aa6bf2014142c42221967ee9880b901040cc7326300000000000000000000000000000000000000000000000000000000000000a0000000000000000000000000000000000000000000000000012cd87cc9654a4c000000000000000000000000f98265aea01677961bff51685b04ee3a6139206f00000000000000000000000065d08a056c17ae13370565b04cf77d2afa1cb9fa0000000000000000000000000000000000000000000000000000000000000000000000000000000000000000000000000000000000000000000000000000000200000000000000000000000024a9da1457f96c2b167d49377a776d302a5c4db3000000000000000000000000ac29373cbe03c88fb078488181f8a0650c58ca08c001a09695bcb4b8adf16f2ded91ce7d0b9eb8badb323743c99519cf0c816924e6ad1ba0158fc2d79068ec15f678522aa3542f176fed001584629f388a4026ea5560a29c"
      ],
      "blockNumber": "0xb"
    }
  ]
}
Trying URL: http://172.16.4.27:8084/eth_sendBundle
Bundle sent successfully. Status: 202
nonceOffset: 132
nonceOffset before: 132
Current transaction count:  18
Generating swaps with params: {
  targetBlockNumber: 11,
  txsPerBundle: 1,
  sendRoute: 3,
  txStrategy: 'univ2',
  profRpcUrl: 'http://172.16.4.27:8084',
  nonceOffset: 132
}
Generating swaps with params: {}
Current nonce for 0x65D08a056c17Ae13370565B04cF77D2AfA1cB9FA: 18
Contract Addresses:
AtomicSwap: 0x71e67695DB8Bc44AA6BF2014142c42221967EE98
UniV2FactoryA: 0x85998F6C99833d1127301928248c97b6F168bDad
UniV2FactoryB: 0xf98265AeA01677961Bff51685B04eE3a6139206F
WETH: 0x24a9Da1457F96C2b167D49377A776d302A5C4dB3
DAI addresses: [ '0xAC29373CBe03C88Fb078488181F8a0650C58CA08' ]
[0x65D08a056c17Ae13370565B04cF77D2AfA1cB9FA] swapping 759.0 DAI for WETH
Nonce calculation debug:
- currentNonce (from getTransactionCount): 18
- nonce.override: 132
- nonce.offset: undefined
- Final nonce value: 150
Sending bundle: [
  '0x02f9017783301824819685012a05f2008512a05f2000830249f09471e67695db8bc44aa6bf2014142c42221967ee9880b901040cc7326300000000000000000000000000000000000000000000000000000000000000a0000000000000000000000000000000000000000000000029253daea5497c000000000000000000000000000085998f6c99833d1127301928248c97b6f168bdad00000000000000000000000065d08a056c17ae13370565b04cf77d2afa1cb9fa00000000000000000000000000000000000000000000000000000000000000000000000000000000000000000000000000000000000000000000000000000002000000000000000000000000ac29373cbe03c88fb078488181f8a0650c58ca0800000000000000000000000024a9da1457f96c2b167d49377a776d302a5c4db3c001a06fafe9f50a4c27897931eecf4d425e29fb136c96991d6ce4fa9ba4ec1a0f15d7a0249aadfa6635209abe45b553a11c305b0cd2b0a2b31237669729e615ea28478b'
]
Sending bundle to Prof RPC: http://172.16.4.27:8084
Request payload: {
  "jsonrpc": "2.0",
  "id": 1,
  "method": "eth_sendBundle",
  "params": [
    {
      "txs": [
        "0x02f9017783301824819685012a05f2008512a05f2000830249f09471e67695db8bc44aa6bf2014142c42221967ee9880b901040cc7326300000000000000000000000000000000000000000000000000000000000000a0000000000000000000000000000000000000000000000029253daea5497c000000000000000000000000000085998f6c99833d1127301928248c97b6f168bdad00000000000000000000000065d08a056c17ae13370565b04cf77d2afa1cb9fa00000000000000000000000000000000000000000000000000000000000000000000000000000000000000000000000000000000000000000000000000000002000000000000000000000000ac29373cbe03c88fb078488181f8a0650c58ca0800000000000000000000000024a9da1457f96c2b167d49377a776d302a5c4db3c001a06fafe9f50a4c27897931eecf4d425e29fb136c96991d6ce4fa9ba4ec1a0f15d7a0249aadfa6635209abe45b553a11c305b0cd2b0a2b31237669729e615ea28478b"
      ],
      "blockNumber": "0xb"
    }
  ]
}
Trying URL: http://172.16.4.27:8084/eth_sendBundle
Bundle sent successfully. Status: 202
nonceOffset: 133
nonceOffset before: 133
Current transaction count:  18
Generating swaps with params: {
  targetBlockNumber: 11,
  txsPerBundle: 1,
  sendRoute: 3,
  txStrategy: 'univ2',
  profRpcUrl: 'http://172.16.4.27:8084',
  nonceOffset: 133
}
Generating swaps with params: {}
Current nonce for 0x65D08a056c17Ae13370565B04cF77D2AfA1cB9FA: 18
Contract Addresses:
AtomicSwap: 0x71e67695DB8Bc44AA6BF2014142c42221967EE98
UniV2FactoryA: 0x85998F6C99833d1127301928248c97b6F168bDad
UniV2FactoryB: 0xf98265AeA01677961Bff51685B04eE3a6139206F
WETH: 0x24a9Da1457F96C2b167D49377A776d302A5C4dB3
DAI addresses: [ '0xAC29373CBe03C88Fb078488181F8a0650C58CA08' ]
[0x65D08a056c17Ae13370565B04cF77D2AfA1cB9FA] swapping 118.0 DAI for WETH
Nonce calculation debug:
- currentNonce (from getTransactionCount): 18
- nonce.override: 133
- nonce.offset: undefined
- Final nonce value: 151
Sending bundle: [
  '0x02f9017783301824819785012a05f2008512a05f2000830249f09471e67695db8bc44aa6bf2014142c42221967ee9880b901040cc7326300000000000000000000000000000000000000000000000000000000000000a0000000000000000000000000000000000000000000000006659436cf2818000000000000000000000000000085998f6c99833d1127301928248c97b6f168bdad00000000000000000000000065d08a056c17ae13370565b04cf77d2afa1cb9fa00000000000000000000000000000000000000000000000000000000000000000000000000000000000000000000000000000000000000000000000000000002000000000000000000000000ac29373cbe03c88fb078488181f8a0650c58ca0800000000000000000000000024a9da1457f96c2b167d49377a776d302a5c4db3c080a04dd096f4184c67440273c643262b4dbcf86bc467e84a2d1746d63a49ea23c1bea051dd1dea5b6a94f0708c2f16b5a1177900cd8fdffd9217c09192143796e93dae'
]
Sending bundle to Prof RPC: http://172.16.4.27:8084
Request payload: {
  "jsonrpc": "2.0",
  "id": 1,
  "method": "eth_sendBundle",
  "params": [
    {
      "txs": [
        "0x02f9017783301824819785012a05f2008512a05f2000830249f09471e67695db8bc44aa6bf2014142c42221967ee9880b901040cc7326300000000000000000000000000000000000000000000000000000000000000a0000000000000000000000000000000000000000000000006659436cf2818000000000000000000000000000085998f6c99833d1127301928248c97b6f168bdad00000000000000000000000065d08a056c17ae13370565b04cf77d2afa1cb9fa00000000000000000000000000000000000000000000000000000000000000000000000000000000000000000000000000000000000000000000000000000002000000000000000000000000ac29373cbe03c88fb078488181f8a0650c58ca0800000000000000000000000024a9da1457f96c2b167d49377a776d302a5c4db3c080a04dd096f4184c67440273c643262b4dbcf86bc467e84a2d1746d63a49ea23c1bea051dd1dea5b6a94f0708c2f16b5a1177900cd8fdffd9217c09192143796e93dae"
      ],
      "blockNumber": "0xb"
    }
  ]
}
Trying URL: http://172.16.4.27:8084/eth_sendBundle
Bundle sent successfully. Status: 202
