- Final nonce value: 27
Sending bundle: [
  '0x02f90176833018241b85012a05f2008512a05f2000830249f0946c6340ba1dc72c59197825cd94eccc1f9c67416e80b901040cc7326300000000000000000000000000000000000000000000000000000000000000a00000000000000000000000000000000000000000000000396893c92d72ac0000000000000000000000000000154e2238a212ee4209111d2f3f6351d80e5d74b60000000000000000000000002c57d1cfc6d5f8e4182a56b4cf75421472ebaea4000000000000000000000000000000000000000000000000000000000000000000000000000000000000000000000000000000000000000000000000000000020000000000000000000000001cd4af4a9bf33474c802d31790a195335f7a9ab8000000000000000000000000d676af79742bcaeb4a71cf62b85d5ba2d1deaf86c080a048a13a6677e9ce9549adbb3cccd869ccad3c7784fa8fddf47fcea0a151672373a06b882a651fa17771927d9e33487d99ba1b8377d6497e8accbaa4422e2c36cd41'
]
nonceOffset: 8
nonceOffset before: 8
Current transaction count:  20
Generating swaps with params: {
  targetBlockNumber: 9,
  txsPerBundle: 1,
  sendRoute: 1,
  txStrategy: 'univ2',
  profRpcUrl: 'None',
  nonceOffset: 8
}
Generating swaps with params: {}
Current nonce for 0x2c57d1CFC6d5f8E4182a56b4cf75421472eBAEa4: 20
Contract Addresses:
AtomicSwap: 0x6C6340BA1Dc72c59197825cD94EcCC1f9c67416e
UniV2FactoryA: 0xB77d61Ea79c7Ea8bfa03d3604Ce5EaBfb95C2aB2
UniV2FactoryB: 0x154E2238a212Ee4209111D2F3F6351D80e5d74B6
WETH: 0xd676AF79742bCAeb4a71CF62b85d5ba2D1deaf86
DAI addresses: [ '0x1CD4aF4A9bF33474C802d31790A195335f7a9Ab8' ]
[0x2c57d1CFC6d5f8E4182a56b4cf75421472eBAEa4] swapping 261.0 DAI for WETH
Nonce calculation debug:
- currentNonce (from getTransactionCount): 20
- nonce.override: 8
- nonce.offset: undefined
- Final nonce value: 28
Sending bundle: [
  '0x02f90176833018241c85012a05f2008512a05f2000830249f0946c6340ba1dc72c59197825cd94eccc1f9c67416e80b901040cc7326300000000000000000000000000000000000000000000000000000000000000a000000000000000000000000000000000000000000000000e261a4529a8f40000000000000000000000000000b77d61ea79c7ea8bfa03d3604ce5eabfb95c2ab20000000000000000000000002c57d1cfc6d5f8e4182a56b4cf75421472ebaea4000000000000000000000000000000000000000000000000000000000000000000000000000000000000000000000000000000000000000000000000000000020000000000000000000000001cd4af4a9bf33474c802d31790a195335f7a9ab8000000000000000000000000d676af79742bcaeb4a71cf62b85d5ba2d1deaf86c080a0e207e80374836d950599d9d7df8e79c817bb57d2dcae0b60d23e280fde1a7c5ba02e5822bb1589766e30977ea63a5f7ebf2291e5dbcde11f183a9c97527d3e46ae'
]
nonceOffset: 9
nonceOffset before: 9
Current transaction count:  20
Generating swaps with params: {
  targetBlockNumber: 9,
  txsPerBundle: 1,
  sendRoute: 1,
  txStrategy: 'univ2',
  profRpcUrl: 'None',
  nonceOffset: 9
}
Generating swaps with params: {}
Current nonce for 0x2c57d1CFC6d5f8E4182a56b4cf75421472eBAEa4: 20
Contract Addresses:
AtomicSwap: 0x6C6340BA1Dc72c59197825cD94EcCC1f9c67416e
UniV2FactoryA: 0xB77d61Ea79c7Ea8bfa03d3604Ce5EaBfb95C2aB2
UniV2FactoryB: 0x154E2238a212Ee4209111D2F3F6351D80e5d74B6
WETH: 0xd676AF79742bCAeb4a71CF62b85d5ba2D1deaf86
DAI addresses: [ '0x1CD4aF4A9bF33474C802d31790A195335f7a9Ab8' ]
[0x2c57d1CFC6d5f8E4182a56b4cf75421472eBAEa4] swapping 0.337952270977675134 WETH for DAI
Nonce calculation debug:
- currentNonce (from getTransactionCount): 20
- nonce.override: 9
- nonce.offset: undefined
- Final nonce value: 29
Sending bundle: [
  '0x02f90176833018241d85012a05f2008512a05f2000830249f0946c6340ba1dc72c59197825cd94eccc1f9c67416e80b901040cc7326300000000000000000000000000000000000000000000000000000000000000a000000000000000000000000000000000000000000000000004b0a5ccc6a92f7e000000000000000000000000b77d61ea79c7ea8bfa03d3604ce5eabfb95c2ab20000000000000000000000002c57d1cfc6d5f8e4182a56b4cf75421472ebaea400000000000000000000000000000000000000000000000000000000000000000000000000000000000000000000000000000000000000000000000000000002000000000000000000000000d676af79742bcaeb4a71cf62b85d5ba2d1deaf860000000000000000000000001cd4af4a9bf33474c802d31790a195335f7a9ab8c001a05fad9ca76f0b152402ddbb1a950be769a7079803ead308731858d1f97f878d79a073fa5829118f0faaa9b3c9cd1f29e9f4360e52d339cabdfe1b462e495e3e2aa9'
]
nonceOffset: 10
nonceOffset before: 10
Current transaction count:  20
Generating swaps with params: {
  targetBlockNumber: 9,
  txsPerBundle: 1,
  sendRoute: 1,
  txStrategy: 'univ2',
  profRpcUrl: 'None',
  nonceOffset: 10
}
Generating swaps with params: {}
Current nonce for 0x2c57d1CFC6d5f8E4182a56b4cf75421472eBAEa4: 20
Contract Addresses:
AtomicSwap: 0x6C6340BA1Dc72c59197825cD94EcCC1f9c67416e
UniV2FactoryA: 0xB77d61Ea79c7Ea8bfa03d3604Ce5EaBfb95C2aB2
UniV2FactoryB: 0x154E2238a212Ee4209111D2F3F6351D80e5d74B6
WETH: 0xd676AF79742bCAeb4a71CF62b85d5ba2D1deaf86
DAI addresses: [ '0x1CD4aF4A9bF33474C802d31790A195335f7a9Ab8' ]
[0x2c57d1CFC6d5f8E4182a56b4cf75421472eBAEa4] swapping 337.0 DAI for WETH
Nonce calculation debug:
- currentNonce (from getTransactionCount): 20
- nonce.override: 10
- nonce.offset: undefined
- Final nonce value: 30
Sending bundle: [
  '0x02f90176833018241e85012a05f2008512a05f2000830249f0946c6340ba1dc72c59197825cd94eccc1f9c67416e80b901040cc7326300000000000000000000000000000000000000000000000000000000000000a000000000000000000000000000000000000000000000001244d0827f5aa40000000000000000000000000000154e2238a212ee4209111d2f3f6351d80e5d74b60000000000000000000000002c57d1cfc6d5f8e4182a56b4cf75421472ebaea4000000000000000000000000000000000000000000000000000000000000000000000000000000000000000000000000000000000000000000000000000000020000000000000000000000001cd4af4a9bf33474c802d31790a195335f7a9ab8000000000000000000000000d676af79742bcaeb4a71cf62b85d5ba2d1deaf86c080a0f5daa3ae25eb42eb88120268da2b92c34c042b47acc886626eca6e285f36b11aa022ca645feb0c221dcb4c82e2ff65d9ec27cde3ca1777a6587804d9f1feea06fa'
]
nonceOffset: 11
nonceOffset before: 11
Current transaction count:  20
Generating swaps with params: {
  targetBlockNumber: 9,
  txsPerBundle: 1,
  sendRoute: 1,
  txStrategy: 'univ2',
  profRpcUrl: 'None',
  nonceOffset: 11
}
Generating swaps with params: {}
Current nonce for 0x2c57d1CFC6d5f8E4182a56b4cf75421472eBAEa4: 20
Contract Addresses:
AtomicSwap: 0x6C6340BA1Dc72c59197825cD94EcCC1f9c67416e
UniV2FactoryA: 0xB77d61Ea79c7Ea8bfa03d3604Ce5EaBfb95C2aB2
UniV2FactoryB: 0x154E2238a212Ee4209111D2F3F6351D80e5d74B6
WETH: 0xd676AF79742bCAeb4a71CF62b85d5ba2D1deaf86
DAI addresses: [ '0x1CD4aF4A9bF33474C802d31790A195335f7a9Ab8' ]
[0x2c57d1CFC6d5f8E4182a56b4cf75421472eBAEa4] swapping 771.0 DAI for WETH
Nonce calculation debug:
- currentNonce (from getTransactionCount): 20
- nonce.override: 11
- nonce.offset: undefined
- Final nonce value: 31
Sending bundle: [
  '0x02f90176833018241f85012a05f2008512a05f2000830249f0946c6340ba1dc72c59197825cd94eccc1f9c67416e80b901040cc7326300000000000000000000000000000000000000000000000000000000000000a0000000000000000000000000000000000000000000000029cbc63f11222c0000000000000000000000000000154e2238a212ee4209111d2f3f6351d80e5d74b60000000000000000000000002c57d1cfc6d5f8e4182a56b4cf75421472ebaea4000000000000000000000000000000000000000000000000000000000000000000000000000000000000000000000000000000000000000000000000000000020000000000000000000000001cd4af4a9bf33474c802d31790a195335f7a9ab8000000000000000000000000d676af79742bcaeb4a71cf62b85d5ba2d1deaf86c001a0656cadfb4dbcb56960fc237832e29427490210848170261d28aea27caec80de6a00d4784d5f85c43799255856d795d9409c914d2be0ca26a7aaa93aa03c8787492'
]
nonceOffset: 12
nonceOffset before: 12
Current transaction count:  20
Generating swaps with params: {
  targetBlockNumber: 9,
  txsPerBundle: 1,
  sendRoute: 1,
  txStrategy: 'univ2',
  profRpcUrl: 'None',
  nonceOffset: 12
}
Generating swaps with params: {}
Current nonce for 0x2c57d1CFC6d5f8E4182a56b4cf75421472eBAEa4: 20
Contract Addresses:
AtomicSwap: 0x6C6340BA1Dc72c59197825cD94EcCC1f9c67416e
UniV2FactoryA: 0xB77d61Ea79c7Ea8bfa03d3604Ce5EaBfb95C2aB2
UniV2FactoryB: 0x154E2238a212Ee4209111D2F3F6351D80e5d74B6
WETH: 0xd676AF79742bCAeb4a71CF62b85d5ba2D1deaf86
DAI addresses: [ '0x1CD4aF4A9bF33474C802d31790A195335f7a9Ab8' ]
[0x2c57d1CFC6d5f8E4182a56b4cf75421472eBAEa4] swapping 605.0 DAI for WETH
Nonce calculation debug:
- currentNonce (from getTransactionCount): 20
- nonce.override: 12
- nonce.offset: undefined
- Final nonce value: 32
Sending bundle: [
  '0x02f90176833018242085012a05f2008512a05f2000830249f0946c6340ba1dc72c59197825cd94eccc1f9c67416e80b901040cc7326300000000000000000000000000000000000000000000000000000000000000a0000000000000000000000000000000000000000000000020cc0fc69297540000000000000000000000000000154e2238a212ee4209111d2f3f6351d80e5d74b60000000000000000000000002c57d1cfc6d5f8e4182a56b4cf75421472ebaea4000000000000000000000000000000000000000000000000000000000000000000000000000000000000000000000000000000000000000000000000000000020000000000000000000000001cd4af4a9bf33474c802d31790a195335f7a9ab8000000000000000000000000d676af79742bcaeb4a71cf62b85d5ba2d1deaf86c001a07ae5c0b26867842ce4f87d349dd93ab95ef1b69c2657734064b576c95ba14b71a03c41dec0d196d92145d377cae6d1b228fb9acb3495dac49b15da5269f559539f'
]
nonceOffset: 13
nonceOffset before: 13
Current transaction count:  20
Generating swaps with params: {
  targetBlockNumber: 9,
  txsPerBundle: 1,
  sendRoute: 1,
  txStrategy: 'univ2',
  profRpcUrl: 'None',
  nonceOffset: 13
}
Generating swaps with params: {}
Current nonce for 0x2c57d1CFC6d5f8E4182a56b4cf75421472eBAEa4: 20
Contract Addresses:
AtomicSwap: 0x6C6340BA1Dc72c59197825cD94EcCC1f9c67416e
UniV2FactoryA: 0xB77d61Ea79c7Ea8bfa03d3604Ce5EaBfb95C2aB2
UniV2FactoryB: 0x154E2238a212Ee4209111D2F3F6351D80e5d74B6
WETH: 0xd676AF79742bCAeb4a71CF62b85d5ba2D1deaf86
DAI addresses: [ '0x1CD4aF4A9bF33474C802d31790A195335f7a9Ab8' ]
[0x2c57d1CFC6d5f8E4182a56b4cf75421472eBAEa4] swapping 0.838212634822804314 WETH for DAI
Nonce calculation debug:
- currentNonce (from getTransactionCount): 20
- nonce.override: 13
- nonce.offset: undefined
- Final nonce value: 33
Sending bundle: [
  '0x02f90176833018242185012a05f2008512a05f2000830249f0946c6340ba1dc72c59197825cd94eccc1f9c67416e80b901040cc7326300000000000000000000000000000000000000000000000000000000000000a00000000000000000000000000000000000000000000000000ba1edf348db835a000000000000000000000000154e2238a212ee4209111d2f3f6351d80e5d74b60000000000000000000000002c57d1cfc6d5f8e4182a56b4cf75421472ebaea400000000000000000000000000000000000000000000000000000000000000000000000000000000000000000000000000000000000000000000000000000002000000000000000000000000d676af79742bcaeb4a71cf62b85d5ba2d1deaf860000000000000000000000001cd4af4a9bf33474c802d31790a195335f7a9ab8c080a070244eb278138ad4852c734a7d704470632b6c01aa0af6f369f9a9fd32f307c9a0708691c53702ca8d5abe386b55abb94dbb8d3d8ac3ea65b2a238d7fb4de087cc'
]
nonceOffset: 14
nonceOffset before: 14
Current transaction count:  20
Generating swaps with params: {
  targetBlockNumber: 9,
  txsPerBundle: 1,
  sendRoute: 1,
  txStrategy: 'univ2',
  profRpcUrl: 'None',
  nonceOffset: 14
}
Generating swaps with params: {}
Current nonce for 0x2c57d1CFC6d5f8E4182a56b4cf75421472eBAEa4: 20
Contract Addresses:
AtomicSwap: 0x6C6340BA1Dc72c59197825cD94EcCC1f9c67416e
UniV2FactoryA: 0xB77d61Ea79c7Ea8bfa03d3604Ce5EaBfb95C2aB2
UniV2FactoryB: 0x154E2238a212Ee4209111D2F3F6351D80e5d74B6
WETH: 0xd676AF79742bCAeb4a71CF62b85d5ba2D1deaf86
DAI addresses: [ '0x1CD4aF4A9bF33474C802d31790A195335f7a9Ab8' ]
[0x2c57d1CFC6d5f8E4182a56b4cf75421472eBAEa4] swapping 0.207692307692307692 WETH for DAI
Nonce calculation debug:
- currentNonce (from getTransactionCount): 20
- nonce.override: 14
- nonce.offset: undefined
- Final nonce value: 34
Sending bundle: [
  '0x02f90176833018242285012a05f2008512a05f2000830249f0946c6340ba1dc72c59197825cd94eccc1f9c67416e80b901040cc7326300000000000000000000000000000000000000000000000000000000000000a000000000000000000000000000000000000000000000000002e1df0dae94c4ec000000000000000000000000154e2238a212ee4209111d2f3f6351d80e5d74b60000000000000000000000002c57d1cfc6d5f8e4182a56b4cf75421472ebaea400000000000000000000000000000000000000000000000000000000000000000000000000000000000000000000000000000000000000000000000000000002000000000000000000000000d676af79742bcaeb4a71cf62b85d5ba2d1deaf860000000000000000000000001cd4af4a9bf33474c802d31790a195335f7a9ab8c080a0cfe79e25f59cd51c5379b33869397db466db1c2f87e489563cd7f9dee8a5d490a060d2c4d258005e827de69a3da3e607b72c47397b2f7066781bdb0b9cc65d250b'
]
nonceOffset: 15
nonceOffset before: 15
Current transaction count:  20
Generating swaps with params: {
  targetBlockNumber: 9,
  txsPerBundle: 1,
  sendRoute: 1,
  txStrategy: 'univ2',
  profRpcUrl: 'None',
  nonceOffset: 15
}
Generating swaps with params: {}
Current nonce for 0x2c57d1CFC6d5f8E4182a56b4cf75421472eBAEa4: 20
Contract Addresses:
AtomicSwap: 0x6C6340BA1Dc72c59197825cD94EcCC1f9c67416e
UniV2FactoryA: 0xB77d61Ea79c7Ea8bfa03d3604Ce5EaBfb95C2aB2
UniV2FactoryB: 0x154E2238a212Ee4209111D2F3F6351D80e5d74B6
WETH: 0xd676AF79742bCAeb4a71CF62b85d5ba2D1deaf86
DAI addresses: [ '0x1CD4aF4A9bF33474C802d31790A195335f7a9Ab8' ]
[0x2c57d1CFC6d5f8E4182a56b4cf75421472eBAEa4] swapping 0.260769230769230769 WETH for DAI
Nonce calculation debug:
- currentNonce (from getTransactionCount): 20
- nonce.override: 15
- nonce.offset: undefined
- Final nonce value: 35
Sending bundle: [
  '0x02f90176833018242385012a05f2008512a05f2000830249f0946c6340ba1dc72c59197825cd94eccc1f9c67416e80b901040cc7326300000000000000000000000000000000000000000000000000000000000000a0000000000000000000000000000000000000000000000000039e703bd85a13b1000000000000000000000000154e2238a212ee4209111d2f3f6351d80e5d74b60000000000000000000000002c57d1cfc6d5f8e4182a56b4cf75421472ebaea400000000000000000000000000000000000000000000000000000000000000000000000000000000000000000000000000000000000000000000000000000002000000000000000000000000d676af79742bcaeb4a71cf62b85d5ba2d1deaf860000000000000000000000001cd4af4a9bf33474c802d31790a195335f7a9ab8c080a018c5717ae1a568b647e563e68f23a6c453bb6024fe0dc4ffcc4d2e3652cc8a69a061a27f34c0a82bdecaca35737457e645707add37030d7cbda0293dafa2e76b88'
]
nonceOffset: 16
nonceOffset before: 16
Current transaction count:  20
Generating swaps with params: {
  targetBlockNumber: 9,
  txsPerBundle: 1,
  sendRoute: 1,
  txStrategy: 'univ2',
  profRpcUrl: 'None',
  nonceOffset: 16
}
Generating swaps with params: {}
Current nonce for 0x2c57d1CFC6d5f8E4182a56b4cf75421472eBAEa4: 20
Contract Addresses:
AtomicSwap: 0x6C6340BA1Dc72c59197825cD94EcCC1f9c67416e
UniV2FactoryA: 0xB77d61Ea79c7Ea8bfa03d3604Ce5EaBfb95C2aB2
UniV2FactoryB: 0x154E2238a212Ee4209111D2F3F6351D80e5d74B6
WETH: 0xd676AF79742bCAeb4a71CF62b85d5ba2D1deaf86
DAI addresses: [ '0x1CD4aF4A9bF33474C802d31790A195335f7a9Ab8' ]
[0x2c57d1CFC6d5f8E4182a56b4cf75421472eBAEa4] swapping 0.221709006928406466 WETH for DAI
Nonce calculation debug:
- currentNonce (from getTransactionCount): 20
- nonce.override: 16
- nonce.offset: undefined
- Final nonce value: 36
Sending bundle: [
  '0x02f90176833018242485012a05f2008512a05f2000830249f0946c6340ba1dc72c59197825cd94eccc1f9c67416e80b901040cc7326300000000000000000000000000000000000000000000000000000000000000a00000000000000000000000000000000000000000000000000313ab2ac978e7c2000000000000000000000000b77d61ea79c7ea8bfa03d3604ce5eabfb95c2ab20000000000000000000000002c57d1cfc6d5f8e4182a56b4cf75421472ebaea400000000000000000000000000000000000000000000000000000000000000000000000000000000000000000000000000000000000000000000000000000002000000000000000000000000d676af79742bcaeb4a71cf62b85d5ba2d1deaf860000000000000000000000001cd4af4a9bf33474c802d31790a195335f7a9ab8c080a04ca4ffec475431eb0da3647a800b71bdec52ca539cfe20321055e701b6a6f09ea07507349c4bf73abce5fd3183359da8a5536b64869bb0fc708f8f88888dfbcaeb'
]
nonceOffset: 17
nonceOffset before: 17
Current transaction count:  20
Generating swaps with params: {
  targetBlockNumber: 9,
  txsPerBundle: 1,
  sendRoute: 1,
  txStrategy: 'univ2',
  profRpcUrl: 'None',
  nonceOffset: 17
}
Generating swaps with params: {}
Current nonce for 0x2c57d1CFC6d5f8E4182a56b4cf75421472eBAEa4: 20
Contract Addresses:
AtomicSwap: 0x6C6340BA1Dc72c59197825cD94EcCC1f9c67416e
UniV2FactoryA: 0xB77d61Ea79c7Ea8bfa03d3604Ce5EaBfb95C2aB2
UniV2FactoryB: 0x154E2238a212Ee4209111D2F3F6351D80e5d74B6
WETH: 0xd676AF79742bCAeb4a71CF62b85d5ba2D1deaf86
DAI addresses: [ '0x1CD4aF4A9bF33474C802d31790A195335f7a9Ab8' ]
[0x2c57d1CFC6d5f8E4182a56b4cf75421472eBAEa4] swapping 1067.0 DAI for WETH
Nonce calculation debug:
- currentNonce (from getTransactionCount): 20
- nonce.override: 17
- nonce.offset: undefined
- Final nonce value: 37
Sending bundle: [
  '0x02f90176833018242585012a05f2008512a05f2000830249f0946c6340ba1dc72c59197825cd94eccc1f9c67416e80b901040cc7326300000000000000000000000000000000000000000000000000000000000000a0000000000000000000000000000000000000000000000039d7997ecaadcc0000000000000000000000000000154e2238a212ee4209111d2f3f6351d80e5d74b60000000000000000000000002c57d1cfc6d5f8e4182a56b4cf75421472ebaea4000000000000000000000000000000000000000000000000000000000000000000000000000000000000000000000000000000000000000000000000000000020000000000000000000000001cd4af4a9bf33474c802d31790a195335f7a9ab8000000000000000000000000d676af79742bcaeb4a71cf62b85d5ba2d1deaf86c080a0cf7182629719157b1e41b341482911c3692fc2c3f565ea0482f737a58d31ec10a035aa47f25f1c9e241af14054e7bed6aefe9c24e4815c35c41d71a617d013e0f4'
]
nonceOffset: 18
nonceOffset before: 18
Current transaction count:  20
Generating swaps with params: {
  targetBlockNumber: 9,
  txsPerBundle: 1,
  sendRoute: 1,
  txStrategy: 'univ2',
  profRpcUrl: 'None',
  nonceOffset: 18
}
Generating swaps with params: {}
Current nonce for 0x2c57d1CFC6d5f8E4182a56b4cf75421472eBAEa4: 20
Contract Addresses:
AtomicSwap: 0x6C6340BA1Dc72c59197825cD94EcCC1f9c67416e
UniV2FactoryA: 0xB77d61Ea79c7Ea8bfa03d3604Ce5EaBfb95C2aB2
UniV2FactoryB: 0x154E2238a212Ee4209111D2F3F6351D80e5d74B6
WETH: 0xd676AF79742bCAeb4a71CF62b85d5ba2D1deaf86
DAI addresses: [ '0x1CD4aF4A9bF33474C802d31790A195335f7a9Ab8' ]
[0x2c57d1CFC6d5f8E4182a56b4cf75421472eBAEa4] swapping 0.750385208012326656 WETH for DAI
Nonce calculation debug:
- currentNonce (from getTransactionCount): 20
- nonce.override: 18
- nonce.offset: undefined
- Final nonce value: 38
Sending bundle: [
  '0x02f90176833018242685012a05f2008512a05f2000830249f0946c6340ba1dc72c59197825cd94eccc1f9c67416e80b901040cc7326300000000000000000000000000000000000000000000000000000000000000a00000000000000000000000000000000000000000000000000a69e75ef8484700000000000000000000000000b77d61ea79c7ea8bfa03d3604ce5eabfb95c2ab20000000000000000000000002c57d1cfc6d5f8e4182a56b4cf75421472ebaea400000000000000000000000000000000000000000000000000000000000000000000000000000000000000000000000000000000000000000000000000000002000000000000000000000000d676af79742bcaeb4a71cf62b85d5ba2d1deaf860000000000000000000000001cd4af4a9bf33474c802d31790a195335f7a9ab8c001a0716a68ea52674a1852b9c43f2eb53a546ccde863d191bacc315b4735f6fbaedfa02cfa2963ab4d99e9c39eb1a6854b6358e9709103b98f791ee68d9d3e63917c9f'
]
nonceOffset: 19
nonceOffset before: 19
Current transaction count:  20
Generating swaps with params: {
  targetBlockNumber: 9,
  txsPerBundle: 1,
  sendRoute: 1,
  txStrategy: 'univ2',
  profRpcUrl: 'None',
  nonceOffset: 19
}
Generating swaps with params: {}
Current nonce for 0x2c57d1CFC6d5f8E4182a56b4cf75421472eBAEa4: 20
Contract Addresses:
AtomicSwap: 0x6C6340BA1Dc72c59197825cD94EcCC1f9c67416e
UniV2FactoryA: 0xB77d61Ea79c7Ea8bfa03d3604Ce5EaBfb95C2aB2
UniV2FactoryB: 0x154E2238a212Ee4209111D2F3F6351D80e5d74B6
WETH: 0xd676AF79742bCAeb4a71CF62b85d5ba2D1deaf86
DAI addresses: [ '0x1CD4aF4A9bF33474C802d31790A195335f7a9Ab8' ]
[0x2c57d1CFC6d5f8E4182a56b4cf75421472eBAEa4] swapping 0.580446497305619707 WETH for DAI
Nonce calculation debug:
- currentNonce (from getTransactionCount): 20
- nonce.override: 19
- nonce.offset: undefined
- Final nonce value: 39
Sending bundle: [
  '0x02f90176833018242785012a05f2008512a05f2000830249f0946c6340ba1dc72c59197825cd94eccc1f9c67416e80b901040cc7326300000000000000000000000000000000000000000000000000000000000000a0000000000000000000000000000000000000000000000000080e290393056cfb000000000000000000000000154e2238a212ee4209111d2f3f6351d80e5d74b60000000000000000000000002c57d1cfc6d5f8e4182a56b4cf75421472ebaea400000000000000000000000000000000000000000000000000000000000000000000000000000000000000000000000000000000000000000000000000000002000000000000000000000000d676af79742bcaeb4a71cf62b85d5ba2d1deaf860000000000000000000000001cd4af4a9bf33474c802d31790a195335f7a9ab8c080a0d19eee2ce02afd630ef26f37cf24fc257dc19cfc613eaed2af4d115111522de0a0060fc698e7126b9fc2f36f62510b107d43dafba2d290b73e883f4b72ce1ec9cb'
]
nonceOffset: 20
nonceOffset before: 20
Current transaction count:  20
Generating swaps with params: {
  targetBlockNumber: 9,
  txsPerBundle: 1,
  sendRoute: 1,
  txStrategy: 'univ2',
  profRpcUrl: 'None',
  nonceOffset: 20
}
Generating swaps with params: {}
Current nonce for 0x2c57d1CFC6d5f8E4182a56b4cf75421472eBAEa4: 20
Contract Addresses:
AtomicSwap: 0x6C6340BA1Dc72c59197825cD94EcCC1f9c67416e
UniV2FactoryA: 0xB77d61Ea79c7Ea8bfa03d3604Ce5EaBfb95C2aB2
UniV2FactoryB: 0x154E2238a212Ee4209111D2F3F6351D80e5d74B6
WETH: 0xd676AF79742bCAeb4a71CF62b85d5ba2D1deaf86
DAI addresses: [ '0x1CD4aF4A9bF33474C802d31790A195335f7a9Ab8' ]
[0x2c57d1CFC6d5f8E4182a56b4cf75421472eBAEa4] swapping 0.844375963020030816 WETH for DAI
Nonce calculation debug:
- currentNonce (from getTransactionCount): 20
- nonce.override: 20
- nonce.offset: undefined
- Final nonce value: 40
Sending bundle: [
  '0x02f90176833018242885012a05f2008512a05f2000830249f0946c6340ba1dc72c59197825cd94eccc1f9c67416e80b901040cc7326300000000000000000000000000000000000000000000000000000000000000a00000000000000000000000000000000000000000000000000bb7d376f4aff360000000000000000000000000154e2238a212ee4209111d2f3f6351d80e5d74b60000000000000000000000002c57d1cfc6d5f8e4182a56b4cf75421472ebaea400000000000000000000000000000000000000000000000000000000000000000000000000000000000000000000000000000000000000000000000000000002000000000000000000000000d676af79742bcaeb4a71cf62b85d5ba2d1deaf860000000000000000000000001cd4af4a9bf33474c802d31790a195335f7a9ab8c080a0b00fa3b9faf527c76a294f5a570703110540ea15f510482730bddd194d127ca4a04054449b4ab63dfdcfe83d402b1288711da57ddff66d6d1024837a2c3da1d920'
]
nonceOffset: 21
nonceOffset before: 21
Current transaction count:  20
Generating swaps with params: {
  targetBlockNumber: 9,
  txsPerBundle: 1,
  sendRoute: 1,
  txStrategy: 'univ2',
  profRpcUrl: 'None',
  nonceOffset: 21
}
Generating swaps with params: {}
Current nonce for 0x2c57d1CFC6d5f8E4182a56b4cf75421472eBAEa4: 20
Contract Addresses:
AtomicSwap: 0x6C6340BA1Dc72c59197825cD94EcCC1f9c67416e
UniV2FactoryA: 0xB77d61Ea79c7Ea8bfa03d3604Ce5EaBfb95C2aB2
UniV2FactoryB: 0x154E2238a212Ee4209111D2F3F6351D80e5d74B6
WETH: 0xd676AF79742bCAeb4a71CF62b85d5ba2D1deaf86
DAI addresses: [ '0x1CD4aF4A9bF33474C802d31790A195335f7a9Ab8' ]
[0x2c57d1CFC6d5f8E4182a56b4cf75421472eBAEa4] swapping 0.407236335642802155 WETH for DAI
Nonce calculation debug:
- currentNonce (from getTransactionCount): 20
- nonce.override: 21
- nonce.offset: undefined
- Final nonce value: 41
Sending bundle: [
  '0x02f90176833018242985012a05f2008512a05f2000830249f0946c6340ba1dc72c59197825cd94eccc1f9c67416e80b901040cc7326300000000000000000000000000000000000000000000000000000000000000a000000000000000000000000000000000000000000000000005a6cb4a259ef7eb000000000000000000000000154e2238a212ee4209111d2f3f6351d80e5d74b60000000000000000000000002c57d1cfc6d5f8e4182a56b4cf75421472ebaea400000000000000000000000000000000000000000000000000000000000000000000000000000000000000000000000000000000000000000000000000000002000000000000000000000000d676af79742bcaeb4a71cf62b85d5ba2d1deaf860000000000000000000000001cd4af4a9bf33474c802d31790a195335f7a9ab8c080a0fcf450cac4d5488c924b829d8d39a2347a04c185e4080b1f7f837505c6cd2fe3a057f0293be9006678681a4ec55faaa1a1b05efbb09dcdb35c971fa461fffdf57c'
]
nonceOffset: 22
nonceOffset before: 22
Current transaction count:  20
Generating swaps with params: {
  targetBlockNumber: 9,
  txsPerBundle: 1,
  sendRoute: 1,
  txStrategy: 'univ2',
  profRpcUrl: 'None',
  nonceOffset: 22
}
Generating swaps with params: {}
Current nonce for 0x2c57d1CFC6d5f8E4182a56b4cf75421472eBAEa4: 20
Contract Addresses:
AtomicSwap: 0x6C6340BA1Dc72c59197825cD94EcCC1f9c67416e
UniV2FactoryA: 0xB77d61Ea79c7Ea8bfa03d3604Ce5EaBfb95C2aB2
UniV2FactoryB: 0x154E2238a212Ee4209111D2F3F6351D80e5d74B6
WETH: 0xd676AF79742bCAeb4a71CF62b85d5ba2D1deaf86
DAI addresses: [ '0x1CD4aF4A9bF33474C802d31790A195335f7a9Ab8' ]
[0x2c57d1CFC6d5f8E4182a56b4cf75421472eBAEa4] swapping 1089.0 DAI for WETH
Nonce calculation debug:
- currentNonce (from getTransactionCount): 20
- nonce.override: 22
- nonce.offset: undefined
- Final nonce value: 42
Sending bundle: [
  '0x02f90176833018242a85012a05f2008512a05f2000830249f0946c6340ba1dc72c59197825cd94eccc1f9c67416e80b901040cc7326300000000000000000000000000000000000000000000000000000000000000a000000000000000000000000000000000000000000000003b08e9323b10640000000000000000000000000000b77d61ea79c7ea8bfa03d3604ce5eabfb95c2ab20000000000000000000000002c57d1cfc6d5f8e4182a56b4cf75421472ebaea4000000000000000000000000000000000000000000000000000000000000000000000000000000000000000000000000000000000000000000000000000000020000000000000000000000001cd4af4a9bf33474c802d31790a195335f7a9ab8000000000000000000000000d676af79742bcaeb4a71cf62b85d5ba2d1deaf86c080a0c6195b8f914a63a832400829ae653913140f2518d7ee25af4e1c682dd2d775d0a07eb8ff105e9cad1ba1eeb4efcdd81794d78c0306dbd3a778d4554a4c08043413'
]
nonceOffset: 23
nonceOffset before: 23
Current transaction count:  20
Generating swaps with params: {
  targetBlockNumber: 9,
  txsPerBundle: 1,
  sendRoute: 1,
  txStrategy: 'univ2',
  profRpcUrl: 'None',
  nonceOffset: 23
}
Generating swaps with params: {}
Current nonce for 0x2c57d1CFC6d5f8E4182a56b4cf75421472eBAEa4: 20
Contract Addresses:
AtomicSwap: 0x6C6340BA1Dc72c59197825cD94EcCC1f9c67416e
UniV2FactoryA: 0xB77d61Ea79c7Ea8bfa03d3604Ce5EaBfb95C2aB2
UniV2FactoryB: 0x154E2238a212Ee4209111D2F3F6351D80e5d74B6
WETH: 0xd676AF79742bCAeb4a71CF62b85d5ba2D1deaf86
DAI addresses: [ '0x1CD4aF4A9bF33474C802d31790A195335f7a9Ab8' ]
[0x2c57d1CFC6d5f8E4182a56b4cf75421472eBAEa4] swapping 0.171538461538461538 WETH for DAI
Nonce calculation debug:
- currentNonce (from getTransactionCount): 20
- nonce.override: 23
- nonce.offset: undefined
- Final nonce value: 43
Sending bundle: [
  '0x02f90176833018242b85012a05f2008512a05f2000830249f0946c6340ba1dc72c59197825cd94eccc1f9c67416e80b901040cc7326300000000000000000000000000000000000000000000000000000000000000a000000000000000000000000000000000000000000000000002616d5269512762000000000000000000000000154e2238a212ee4209111d2f3f6351d80e5d74b60000000000000000000000002c57d1cfc6d5f8e4182a56b4cf75421472ebaea400000000000000000000000000000000000000000000000000000000000000000000000000000000000000000000000000000000000000000000000000000002000000000000000000000000d676af79742bcaeb4a71cf62b85d5ba2d1deaf860000000000000000000000001cd4af4a9bf33474c802d31790a195335f7a9ab8c001a0100f58debf4ade16069297ea5ddc5262c0724ed282c55b8dfc3904376ce4ec2da018d0cf2f122b16b16a3fdb76335d9aea46d2d66ca0fca621cc41ff9a49c0c2b7'
]
nonceOffset: 24
nonceOffset before: 24
Current transaction count:  20
Generating swaps with params: {
  targetBlockNumber: 9,
  txsPerBundle: 1,
  sendRoute: 1,
  txStrategy: 'univ2',
  profRpcUrl: 'None',
  nonceOffset: 24
}
Generating swaps with params: {}
Current nonce for 0x2c57d1CFC6d5f8E4182a56b4cf75421472eBAEa4: 20
Contract Addresses:
AtomicSwap: 0x6C6340BA1Dc72c59197825cD94EcCC1f9c67416e
UniV2FactoryA: 0xB77d61Ea79c7Ea8bfa03d3604Ce5EaBfb95C2aB2
UniV2FactoryB: 0x154E2238a212Ee4209111D2F3F6351D80e5d74B6
WETH: 0xd676AF79742bCAeb4a71CF62b85d5ba2D1deaf86
DAI addresses: [ '0x1CD4aF4A9bF33474C802d31790A195335f7a9Ab8' ]
[0x2c57d1CFC6d5f8E4182a56b4cf75421472eBAEa4] swapping 977.0 DAI for WETH
Nonce calculation debug:
- currentNonce (from getTransactionCount): 20
- nonce.override: 24
- nonce.offset: undefined
- Final nonce value: 44
Sending bundle: [
  '0x02f90176833018242c85012a05f2008512a05f2000830249f0946c6340ba1dc72c59197825cd94eccc1f9c67416e80b901040cc7326300000000000000000000000000000000000000000000000000000000000000a0000000000000000000000000000000000000000000000034f69943a1d4a40000000000000000000000000000154e2238a212ee4209111d2f3f6351d80e5d74b60000000000000000000000002c57d1cfc6d5f8e4182a56b4cf75421472ebaea4000000000000000000000000000000000000000000000000000000000000000000000000000000000000000000000000000000000000000000000000000000020000000000000000000000001cd4af4a9bf33474c802d31790a195335f7a9ab8000000000000000000000000d676af79742bcaeb4a71cf62b85d5ba2d1deaf86c001a08e8cd945921d188d7838c1a7dcbf43bb5da4420ce35c3c3a5586e88de52b80b3a012bf21735afc926278c1e72ae2b889ada069a7f147e01736d06acc6ac96a206a'
]
nonceOffset: 25
nonceOffset before: 25
Current transaction count:  20
Generating swaps with params: {
  targetBlockNumber: 9,
  txsPerBundle: 1,
  sendRoute: 1,
  txStrategy: 'univ2',
  profRpcUrl: 'None',
  nonceOffset: 25
}
Generating swaps with params: {}
Current nonce for 0x2c57d1CFC6d5f8E4182a56b4cf75421472eBAEa4: 20
Contract Addresses:
AtomicSwap: 0x6C6340BA1Dc72c59197825cD94EcCC1f9c67416e
UniV2FactoryA: 0xB77d61Ea79c7Ea8bfa03d3604Ce5EaBfb95C2aB2
UniV2FactoryB: 0x154E2238a212Ee4209111D2F3F6351D80e5d74B6
WETH: 0xd676AF79742bCAeb4a71CF62b85d5ba2D1deaf86
DAI addresses: [ '0x1CD4aF4A9bF33474C802d31790A195335f7a9Ab8' ]
[0x2c57d1CFC6d5f8E4182a56b4cf75421472eBAEa4] swapping 0.418013856812933025 WETH for DAI
Nonce calculation debug:
- currentNonce (from getTransactionCount): 20
- nonce.override: 25
- nonce.offset: undefined
- Final nonce value: 45
Sending bundle: [
  '0x02f90176833018242d85012a05f2008512a05f2000830249f0946c6340ba1dc72c59197825cd94eccc1f9c67416e80b901040cc7326300000000000000000000000000000000000000000000000000000000000000a000000000000000000000000000000000000000000000000005cd156356869fa1000000000000000000000000b77d61ea79c7ea8bfa03d3604ce5eabfb95c2ab20000000000000000000000002c57d1cfc6d5f8e4182a56b4cf75421472ebaea400000000000000000000000000000000000000000000000000000000000000000000000000000000000000000000000000000000000000000000000000000002000000000000000000000000d676af79742bcaeb4a71cf62b85d5ba2d1deaf860000000000000000000000001cd4af4a9bf33474c802d31790a195335f7a9ab8c001a0b77043d2ad4997293c118c0fb0b9f8f6d1b0e5b67c7122a948ed93cac62987b9a075c183c9e1cfa6bd5db9888543e2c0673f53237b070be091b19d5baeef110f9b'
]
nonceOffset: 26
nonceOffset before: 26
Current transaction count:  20
Generating swaps with params: {
  targetBlockNumber: 9,
  txsPerBundle: 1,
  sendRoute: 1,
  txStrategy: 'univ2',
  profRpcUrl: 'None',
  nonceOffset: 26
}
Generating swaps with params: {}
Current nonce for 0x2c57d1CFC6d5f8E4182a56b4cf75421472eBAEa4: 20
Contract Addresses:
AtomicSwap: 0x6C6340BA1Dc72c59197825cD94EcCC1f9c67416e
UniV2FactoryA: 0xB77d61Ea79c7Ea8bfa03d3604Ce5EaBfb95C2aB2
UniV2FactoryB: 0x154E2238a212Ee4209111D2F3F6351D80e5d74B6
WETH: 0xd676AF79742bCAeb4a71CF62b85d5ba2D1deaf86
DAI addresses: [ '0x1CD4aF4A9bF33474C802d31790A195335f7a9Ab8' ]
[0x2c57d1CFC6d5f8E4182a56b4cf75421472eBAEa4] swapping 0.786594761171032357 WETH for DAI
Nonce calculation debug:
- currentNonce (from getTransactionCount): 20
- nonce.override: 26
- nonce.offset: undefined
- Final nonce value: 46
Sending bundle: [
  '0x02f90176833018242e85012a05f2008512a05f2000830249f0946c6340ba1dc72c59197825cd94eccc1f9c67416e80b901040cc7326300000000000000000000000000000000000000000000000000000000000000a00000000000000000000000000000000000000000000000000aea8bc489c85925000000000000000000000000154e2238a212ee4209111d2f3f6351d80e5d74b60000000000000000000000002c57d1cfc6d5f8e4182a56b4cf75421472ebaea400000000000000000000000000000000000000000000000000000000000000000000000000000000000000000000000000000000000000000000000000000002000000000000000000000000d676af79742bcaeb4a71cf62b85d5ba2d1deaf860000000000000000000000001cd4af4a9bf33474c802d31790a195335f7a9ab8c080a0b48e8f7b7a516d0e0a628ff4fdc030ce54589e655d7781224f3697c862b86398a068fce2323df938bcd4215313bab77a2ab0ab38d718e1f32c73a5d69adc1f3331'
]
nonceOffset: 27
nonceOffset before: 27
Current transaction count:  20
Generating swaps with params: {
  targetBlockNumber: 9,
  txsPerBundle: 1,
  sendRoute: 1,
  txStrategy: 'univ2',
  profRpcUrl: 'None',
  nonceOffset: 27
}
Generating swaps with params: {}
Current nonce for 0x2c57d1CFC6d5f8E4182a56b4cf75421472eBAEa4: 20
Contract Addresses:
AtomicSwap: 0x6C6340BA1Dc72c59197825cD94EcCC1f9c67416e
UniV2FactoryA: 0xB77d61Ea79c7Ea8bfa03d3604Ce5EaBfb95C2aB2
UniV2FactoryB: 0x154E2238a212Ee4209111D2F3F6351D80e5d74B6
WETH: 0xd676AF79742bCAeb4a71CF62b85d5ba2D1deaf86
DAI addresses: [ '0x1CD4aF4A9bF33474C802d31790A195335f7a9Ab8' ]
[0x2c57d1CFC6d5f8E4182a56b4cf75421472eBAEa4] swapping 0.51424172440338722 WETH for DAI
Nonce calculation debug:
- currentNonce (from getTransactionCount): 20
- nonce.override: 27
- nonce.offset: undefined
- Final nonce value: 47
Sending bundle: [
  '0x02f90176833018242f85012a05f2008512a05f2000830249f0946c6340ba1dc72c59197825cd94eccc1f9c67416e80b901040cc7326300000000000000000000000000000000000000000000000000000000000000a00000000000000000000000000000000000000000000000000722f41fafbf8b54000000000000000000000000154e2238a212ee4209111d2f3f6351d80e5d74b60000000000000000000000002c57d1cfc6d5f8e4182a56b4cf75421472ebaea400000000000000000000000000000000000000000000000000000000000000000000000000000000000000000000000000000000000000000000000000000002000000000000000000000000d676af79742bcaeb4a71cf62b85d5ba2d1deaf860000000000000000000000001cd4af4a9bf33474c802d31790a195335f7a9ab8c001a0a5046e5e58c1204f03d04fea8f50d8845e3db6198352d40da59c5cba3e78b44da026f0c42ef62f1affb3e5f7ecd2bdd7e41ff70f30a4d0a5d075a9f1ad56ca6005'
]
nonceOffset: 28
nonceOffset before: 28
Current transaction count:  20
Generating swaps with params: {
  targetBlockNumber: 9,
  txsPerBundle: 1,
  sendRoute: 1,
  txStrategy: 'univ2',
  profRpcUrl: 'None',
  nonceOffset: 28
}
Generating swaps with params: {}
Current nonce for 0x2c57d1CFC6d5f8E4182a56b4cf75421472eBAEa4: 20
Contract Addresses:
AtomicSwap: 0x6C6340BA1Dc72c59197825cD94EcCC1f9c67416e
UniV2FactoryA: 0xB77d61Ea79c7Ea8bfa03d3604Ce5EaBfb95C2aB2
UniV2FactoryB: 0x154E2238a212Ee4209111D2F3F6351D80e5d74B6
WETH: 0xd676AF79742bCAeb4a71CF62b85d5ba2D1deaf86
DAI addresses: [ '0x1CD4aF4A9bF33474C802d31790A195335f7a9Ab8' ]
[0x2c57d1CFC6d5f8E4182a56b4cf75421472eBAEa4] swapping 0.343341031562740569 WETH for DAI
Nonce calculation debug:
- currentNonce (from getTransactionCount): 20
- nonce.override: 28
- nonce.offset: undefined
- Final nonce value: 48
Sending bundle: [
  '0x02f90176833018243085012a05f2008512a05f2000830249f0946c6340ba1dc72c59197825cd94eccc1f9c67416e80b901040cc7326300000000000000000000000000000000000000000000000000000000000000a000000000000000000000000000000000000000000000000004c3cad95f1d0359000000000000000000000000b77d61ea79c7ea8bfa03d3604ce5eabfb95c2ab20000000000000000000000002c57d1cfc6d5f8e4182a56b4cf75421472ebaea400000000000000000000000000000000000000000000000000000000000000000000000000000000000000000000000000000000000000000000000000000002000000000000000000000000d676af79742bcaeb4a71cf62b85d5ba2d1deaf860000000000000000000000001cd4af4a9bf33474c802d31790a195335f7a9ab8c080a0483a5d27d690f5b747b08649b868e6cb819402d08163373759045ea4326f4578a051cd0a2fc4cfa60586c23056a3b40e023d084a7c9941a3d197dba760dd652915'
]
nonceOffset: 29
nonceOffset before: 29
Current transaction count:  20
Generating swaps with params: {
  targetBlockNumber: 9,
  txsPerBundle: 1,
  sendRoute: 1,
  txStrategy: 'univ2',
  profRpcUrl: 'None',
  nonceOffset: 29
}
Generating swaps with params: {}
Current nonce for 0x2c57d1CFC6d5f8E4182a56b4cf75421472eBAEa4: 20
Contract Addresses:
AtomicSwap: 0x6C6340BA1Dc72c59197825cD94EcCC1f9c67416e
UniV2FactoryA: 0xB77d61Ea79c7Ea8bfa03d3604Ce5EaBfb95C2aB2
UniV2FactoryB: 0x154E2238a212Ee4209111D2F3F6351D80e5d74B6
WETH: 0xd676AF79742bCAeb4a71CF62b85d5ba2D1deaf86
DAI addresses: [ '0x1CD4aF4A9bF33474C802d31790A195335f7a9Ab8' ]
[0x2c57d1CFC6d5f8E4182a56b4cf75421472eBAEa4] swapping 446.0 DAI for WETH
Nonce calculation debug:
- currentNonce (from getTransactionCount): 20
- nonce.override: 29
- nonce.offset: undefined
- Final nonce value: 49
Sending bundle: [
  '0x02f90176833018243185012a05f2008512a05f2000830249f0946c6340ba1dc72c59197825cd94eccc1f9c67416e80b901040cc7326300000000000000000000000000000000000000000000000000000000000000a00000000000000000000000000000000000000000000000182d7e4cfda0380000000000000000000000000000b77d61ea79c7ea8bfa03d3604ce5eabfb95c2ab20000000000000000000000002c57d1cfc6d5f8e4182a56b4cf75421472ebaea4000000000000000000000000000000000000000000000000000000000000000000000000000000000000000000000000000000000000000000000000000000020000000000000000000000001cd4af4a9bf33474c802d31790a195335f7a9ab8000000000000000000000000d676af79742bcaeb4a71cf62b85d5ba2d1deaf86c080a091264d0c53dcd8ffc1a9f903d69bfe52ab011e24ec8257159531e5baeb8def64a076ca412649889de1845e680369186376ca1fc8e924a6b3181ce31d57f873d919'
]
nonceOffset: 30
nonceOffset before: 30
Current transaction count:  20
Generating swaps with params: {
  targetBlockNumber: 9,
  txsPerBundle: 1,
  sendRoute: 1,
  txStrategy: 'univ2',
  profRpcUrl: 'None',
  nonceOffset: 30
}
Generating swaps with params: {}
Current nonce for 0x2c57d1CFC6d5f8E4182a56b4cf75421472eBAEa4: 20
Contract Addresses:
AtomicSwap: 0x6C6340BA1Dc72c59197825cD94EcCC1f9c67416e
UniV2FactoryA: 0xB77d61Ea79c7Ea8bfa03d3604Ce5EaBfb95C2aB2
UniV2FactoryB: 0x154E2238a212Ee4209111D2F3F6351D80e5d74B6
WETH: 0xd676AF79742bCAeb4a71CF62b85d5ba2D1deaf86
DAI addresses: [ '0x1CD4aF4A9bF33474C802d31790A195335f7a9Ab8' ]
[0x2c57d1CFC6d5f8E4182a56b4cf75421472eBAEa4] swapping 269.0 DAI for WETH
Nonce calculation debug:
- currentNonce (from getTransactionCount): 20
- nonce.override: 30
- nonce.offset: undefined
- Final nonce value: 50
Sending bundle: [
  '0x02f90176833018243285012a05f2008512a05f2000830249f0946c6340ba1dc72c59197825cd94eccc1f9c67416e80b901040cc7326300000000000000000000000000000000000000000000000000000000000000a000000000000000000000000000000000000000000000000e951ffac6e4140000000000000000000000000000154e2238a212ee4209111d2f3f6351d80e5d74b60000000000000000000000002c57d1cfc6d5f8e4182a56b4cf75421472ebaea4000000000000000000000000000000000000000000000000000000000000000000000000000000000000000000000000000000000000000000000000000000020000000000000000000000001cd4af4a9bf33474c802d31790a195335f7a9ab8000000000000000000000000d676af79742bcaeb4a71cf62b85d5ba2d1deaf86c001a0a04dbf18fecdfef11582be809c2b5a49e3fb365def0c0ee80c07368cc8603ad3a04f6c5a8f9446820ca49eac5c62f143193318caaadcb0de97285e6735e74500b9'
]
nonceOffset: 31
nonceOffset before: 31
Current transaction count:  20
Generating swaps with params: {
  targetBlockNumber: 9,
  txsPerBundle: 1,
  sendRoute: 1,
  txStrategy: 'univ2',
  profRpcUrl: 'None',
  nonceOffset: 31
}
Generating swaps with params: {}
Current nonce for 0x2c57d1CFC6d5f8E4182a56b4cf75421472eBAEa4: 20
Contract Addresses:
AtomicSwap: 0x6C6340BA1Dc72c59197825cD94EcCC1f9c67416e
UniV2FactoryA: 0xB77d61Ea79c7Ea8bfa03d3604Ce5EaBfb95C2aB2
UniV2FactoryB: 0x154E2238a212Ee4209111D2F3F6351D80e5d74B6
WETH: 0xd676AF79742bCAeb4a71CF62b85d5ba2D1deaf86
DAI addresses: [ '0x1CD4aF4A9bF33474C802d31790A195335f7a9Ab8' ]
[0x2c57d1CFC6d5f8E4182a56b4cf75421472eBAEa4] swapping 0.62711864406779661 WETH for DAI
Nonce calculation debug:
- currentNonce (from getTransactionCount): 20
- nonce.override: 31
- nonce.offset: undefined
- Final nonce value: 51
Sending bundle: [
  '0x02f90176833018243385012a05f2008512a05f2000830249f0946c6340ba1dc72c59197825cd94eccc1f9c67416e80b901040cc7326300000000000000000000000000000000000000000000000000000000000000a000000000000000000000000000000000000000000000000008b3f9158baf8682000000000000000000000000b77d61ea79c7ea8bfa03d3604ce5eabfb95c2ab20000000000000000000000002c57d1cfc6d5f8e4182a56b4cf75421472ebaea400000000000000000000000000000000000000000000000000000000000000000000000000000000000000000000000000000000000000000000000000000002000000000000000000000000d676af79742bcaeb4a71cf62b85d5ba2d1deaf860000000000000000000000001cd4af4a9bf33474c802d31790a195335f7a9ab8c080a0c402fcc62f1f885fd5b5b4bb919b7f8b0baabc332465fe8a3b13cdd77368e27fa0110ea4f474847de017a5be929934e4c22a901c7bfdac3ba641ae006cd065d9ae'
]
nonceOffset: 32
nonceOffset before: 32
Current transaction count:  20
Generating swaps with params: {
  targetBlockNumber: 9,
  txsPerBundle: 1,
  sendRoute: 1,
  txStrategy: 'univ2',
  profRpcUrl: 'None',
  nonceOffset: 32
}
Generating swaps with params: {}
Current nonce for 0x2c57d1CFC6d5f8E4182a56b4cf75421472eBAEa4: 20
Contract Addresses:
AtomicSwap: 0x6C6340BA1Dc72c59197825cD94EcCC1f9c67416e
UniV2FactoryA: 0xB77d61Ea79c7Ea8bfa03d3604Ce5EaBfb95C2aB2
UniV2FactoryB: 0x154E2238a212Ee4209111D2F3F6351D80e5d74B6
WETH: 0xd676AF79742bCAeb4a71CF62b85d5ba2D1deaf86
DAI addresses: [ '0x1CD4aF4A9bF33474C802d31790A195335f7a9Ab8' ]
[0x2c57d1CFC6d5f8E4182a56b4cf75421472eBAEa4] swapping 0.256351039260969976 WETH for DAI
Nonce calculation debug:
- currentNonce (from getTransactionCount): 20
- nonce.override: 32
- nonce.offset: undefined
- Final nonce value: 52
Sending bundle: [
  '0x02f90176833018243485012a05f2008512a05f2000830249f0946c6340ba1dc72c59197825cd94eccc1f9c67416e80b901040cc7326300000000000000000000000000000000000000000000000000000000000000a0000000000000000000000000000000000000000000000000038ebde978f3cbf8000000000000000000000000b77d61ea79c7ea8bfa03d3604ce5eabfb95c2ab20000000000000000000000002c57d1cfc6d5f8e4182a56b4cf75421472ebaea400000000000000000000000000000000000000000000000000000000000000000000000000000000000000000000000000000000000000000000000000000002000000000000000000000000d676af79742bcaeb4a71cf62b85d5ba2d1deaf860000000000000000000000001cd4af4a9bf33474c802d31790a195335f7a9ab8c001a072f6e2d59c90e2c492ecd400b5881a6a941b7a87955d7312943f610948780c69a07149b873a6f8d9dfff9e9ff74b588eecd17dced8ee8fa3632d0d6c3e654a9d15'
]
nonceOffset: 33
nonceOffset before: 33
Current transaction count:  20
Generating swaps with params: {
  targetBlockNumber: 9,
  txsPerBundle: 1,
  sendRoute: 1,
  txStrategy: 'univ2',
  profRpcUrl: 'None',
  nonceOffset: 33
}
Generating swaps with params: {}
Current nonce for 0x2c57d1CFC6d5f8E4182a56b4cf75421472eBAEa4: 20
Contract Addresses:
AtomicSwap: 0x6C6340BA1Dc72c59197825cD94EcCC1f9c67416e
UniV2FactoryA: 0xB77d61Ea79c7Ea8bfa03d3604Ce5EaBfb95C2aB2
UniV2FactoryB: 0x154E2238a212Ee4209111D2F3F6351D80e5d74B6
WETH: 0xd676AF79742bCAeb4a71CF62b85d5ba2D1deaf86
DAI addresses: [ '0x1CD4aF4A9bF33474C802d31790A195335f7a9Ab8' ]
[0x2c57d1CFC6d5f8E4182a56b4cf75421472eBAEa4] swapping 316.0 DAI for WETH
Nonce calculation debug:
- currentNonce (from getTransactionCount): 20
- nonce.override: 33
- nonce.offset: undefined
- Final nonce value: 53
Sending bundle: [
  '0x02f90176833018243585012a05f2008512a05f2000830249f0946c6340ba1dc72c59197825cd94eccc1f9c67416e80b901040cc7326300000000000000000000000000000000000000000000000000000000000000a0000000000000000000000000000000000000000000000011216185c29f700000000000000000000000000000b77d61ea79c7ea8bfa03d3604ce5eabfb95c2ab20000000000000000000000002c57d1cfc6d5f8e4182a56b4cf75421472ebaea4000000000000000000000000000000000000000000000000000000000000000000000000000000000000000000000000000000000000000000000000000000020000000000000000000000001cd4af4a9bf33474c802d31790a195335f7a9ab8000000000000000000000000d676af79742bcaeb4a71cf62b85d5ba2d1deaf86c080a0c9253960614810bd58e4bae92839e6d85f7ff2e0c9208eda106c79de7a7fe085a024045aeae42edcd4caa4d46c947635d062d2e822698033a4ecfa9e73f0a99ef1'
]
nonceOffset: 34
nonceOffset before: 34
Current transaction count:  20
Generating swaps with params: {
  targetBlockNumber: 9,
  txsPerBundle: 1,
  sendRoute: 1,
  txStrategy: 'univ2',
  profRpcUrl: 'None',
  nonceOffset: 34
}
Generating swaps with params: {}
Current nonce for 0x2c57d1CFC6d5f8E4182a56b4cf75421472eBAEa4: 20
Contract Addresses:
AtomicSwap: 0x6C6340BA1Dc72c59197825cD94EcCC1f9c67416e
UniV2FactoryA: 0xB77d61Ea79c7Ea8bfa03d3604Ce5EaBfb95C2aB2
UniV2FactoryB: 0x154E2238a212Ee4209111D2F3F6351D80e5d74B6
WETH: 0xd676AF79742bCAeb4a71CF62b85d5ba2D1deaf86
DAI addresses: [ '0x1CD4aF4A9bF33474C802d31790A195335f7a9Ab8' ]
[0x2c57d1CFC6d5f8E4182a56b4cf75421472eBAEa4] swapping 0.431870669745958429 WETH for DAI
Nonce calculation debug:
- currentNonce (from getTransactionCount): 20
- nonce.override: 34
- nonce.offset: undefined
- Final nonce value: 54
Sending bundle: [
  '0x02f90176833018243685012a05f2008512a05f2000830249f0946c6340ba1dc72c59197825cd94eccc1f9c67416e80b901040cc7326300000000000000000000000000000000000000000000000000000000000000a000000000000000000000000000000000000000000000000005fe5016031e2e1d000000000000000000000000154e2238a212ee4209111d2f3f6351d80e5d74b60000000000000000000000002c57d1cfc6d5f8e4182a56b4cf75421472ebaea400000000000000000000000000000000000000000000000000000000000000000000000000000000000000000000000000000000000000000000000000000002000000000000000000000000d676af79742bcaeb4a71cf62b85d5ba2d1deaf860000000000000000000000001cd4af4a9bf33474c802d31790a195335f7a9ab8c080a090df26062de92ac34bbc7fa007e6c623bde6af64c2f44ea997450cb01e990113a04404384a154a5ed44f2ac2f3870beb3c3d86c592e01af61f81ba39fab3f43cb8'
]
nonceOffset: 35
nonceOffset before: 35
Current transaction count:  20
Generating swaps with params: {
  targetBlockNumber: 9,
  txsPerBundle: 1,
  sendRoute: 1,
  txStrategy: 'univ2',
  profRpcUrl: 'None',
  nonceOffset: 35
}
Generating swaps with params: {}
Current nonce for 0x2c57d1CFC6d5f8E4182a56b4cf75421472eBAEa4: 20
Contract Addresses:
AtomicSwap: 0x6C6340BA1Dc72c59197825cD94EcCC1f9c67416e
UniV2FactoryA: 0xB77d61Ea79c7Ea8bfa03d3604Ce5EaBfb95C2aB2
UniV2FactoryB: 0x154E2238a212Ee4209111D2F3F6351D80e5d74B6
WETH: 0xd676AF79742bCAeb4a71CF62b85d5ba2D1deaf86
DAI addresses: [ '0x1CD4aF4A9bF33474C802d31790A195335f7a9Ab8' ]
[0x2c57d1CFC6d5f8E4182a56b4cf75421472eBAEa4] swapping 271.0 DAI for WETH
Nonce calculation debug:
- currentNonce (from getTransactionCount): 20
- nonce.override: 35
- nonce.offset: undefined
- Final nonce value: 55
Sending bundle: [
  '0x02f90176833018243785012a05f2008512a05f2000830249f0946c6340ba1dc72c59197825cd94eccc1f9c67416e80b901040cc7326300000000000000000000000000000000000000000000000000000000000000a000000000000000000000000000000000000000000000000eb0e1682e32dc0000000000000000000000000000b77d61ea79c7ea8bfa03d3604ce5eabfb95c2ab20000000000000000000000002c57d1cfc6d5f8e4182a56b4cf75421472ebaea4000000000000000000000000000000000000000000000000000000000000000000000000000000000000000000000000000000000000000000000000000000020000000000000000000000001cd4af4a9bf33474c802d31790a195335f7a9ab8000000000000000000000000d676af79742bcaeb4a71cf62b85d5ba2d1deaf86c080a0117ef31f6012cb331375a99d19dbe919879ea9913c865c6925443631e8b342caa00e098ede9774c9b54b6a12e81555ca1bb878efff8a74a51dbf0032a1babb5ac1'
]
nonceOffset: 36
nonceOffset before: 36
Current transaction count:  20
Generating swaps with params: {
  targetBlockNumber: 9,
  txsPerBundle: 1,
  sendRoute: 1,
  txStrategy: 'univ2',
  profRpcUrl: 'None',
  nonceOffset: 36
}
Generating swaps with params: {}
Current nonce for 0x2c57d1CFC6d5f8E4182a56b4cf75421472eBAEa4: 20
Contract Addresses:
AtomicSwap: 0x6C6340BA1Dc72c59197825cD94EcCC1f9c67416e
UniV2FactoryA: 0xB77d61Ea79c7Ea8bfa03d3604Ce5EaBfb95C2aB2
UniV2FactoryB: 0x154E2238a212Ee4209111D2F3F6351D80e5d74B6
WETH: 0xd676AF79742bCAeb4a71CF62b85d5ba2D1deaf86
DAI addresses: [ '0x1CD4aF4A9bF33474C802d31790A195335f7a9Ab8' ]
[0x2c57d1CFC6d5f8E4182a56b4cf75421472eBAEa4] swapping 0.172307692307692307 WETH for DAI
Nonce calculation debug:
- currentNonce (from getTransactionCount): 20
- nonce.override: 36
- nonce.offset: undefined
- Final nonce value: 56
Sending bundle: [
  '0x02f90176833018243885012a05f2008512a05f2000830249f0946c6340ba1dc72c59197825cd94eccc1f9c67416e80b901040cc7326300000000000000000000000000000000000000000000000000000000000000a0000000000000000000000000000000000000000000000000026428eee8113b13000000000000000000000000154e2238a212ee4209111d2f3f6351d80e5d74b60000000000000000000000002c57d1cfc6d5f8e4182a56b4cf75421472ebaea400000000000000000000000000000000000000000000000000000000000000000000000000000000000000000000000000000000000000000000000000000002000000000000000000000000d676af79742bcaeb4a71cf62b85d5ba2d1deaf860000000000000000000000001cd4af4a9bf33474c802d31790a195335f7a9ab8c080a0e8b1ca7ea303c8211fe5ad9383073223dc399d88496868379f0cade9f090ddb7a05d8c64f5c87b0d25298e7eaa0bd8f0c291156223d91eb11168a24399dfdfbffd'
]
nonceOffset: 37
nonceOffset before: 37
Current transaction count:  20
Generating swaps with params: {
  targetBlockNumber: 9,
  txsPerBundle: 1,
  sendRoute: 1,
  txStrategy: 'univ2',
  profRpcUrl: 'None',
  nonceOffset: 37
}
Generating swaps with params: {}
Current nonce for 0x2c57d1CFC6d5f8E4182a56b4cf75421472eBAEa4: 20
Contract Addresses:
AtomicSwap: 0x6C6340BA1Dc72c59197825cD94EcCC1f9c67416e
UniV2FactoryA: 0xB77d61Ea79c7Ea8bfa03d3604Ce5EaBfb95C2aB2
UniV2FactoryB: 0x154E2238a212Ee4209111D2F3F6351D80e5d74B6
WETH: 0xd676AF79742bCAeb4a71CF62b85d5ba2D1deaf86
DAI addresses: [ '0x1CD4aF4A9bF33474C802d31790A195335f7a9Ab8' ]
[0x2c57d1CFC6d5f8E4182a56b4cf75421472eBAEa4] swapping 0.09 WETH for DAI
Nonce calculation debug:
- currentNonce (from getTransactionCount): 20
- nonce.override: 37
- nonce.offset: undefined
- Final nonce value: 57
Sending bundle: [
  '0x02f90176833018243985012a05f2008512a05f2000830249f0946c6340ba1dc72c59197825cd94eccc1f9c67416e80b901040cc7326300000000000000000000000000000000000000000000000000000000000000a0000000000000000000000000000000000000000000000000013fbe85edc90000000000000000000000000000154e2238a212ee4209111d2f3f6351d80e5d74b60000000000000000000000002c57d1cfc6d5f8e4182a56b4cf75421472ebaea400000000000000000000000000000000000000000000000000000000000000000000000000000000000000000000000000000000000000000000000000000002000000000000000000000000d676af79742bcaeb4a71cf62b85d5ba2d1deaf860000000000000000000000001cd4af4a9bf33474c802d31790a195335f7a9ab8c001a05fc1301298a28ee44d70fd6793b0151fb16863c2b5fd99c54b1df41ac16abcfea03cebc44708d89cfe3328ab011fdb3744ee92fc4e134be24c5e00a40f13192bc8'
]
nonceOffset: 38
nonceOffset before: 38
Current transaction count:  20
Generating swaps with params: {
  targetBlockNumber: 9,
  txsPerBundle: 1,
  sendRoute: 1,
  txStrategy: 'univ2',
  profRpcUrl: 'None',
  nonceOffset: 38
}
Generating swaps with params: {}
Current nonce for 0x2c57d1CFC6d5f8E4182a56b4cf75421472eBAEa4: 20
Contract Addresses:
AtomicSwap: 0x6C6340BA1Dc72c59197825cD94EcCC1f9c67416e
UniV2FactoryA: 0xB77d61Ea79c7Ea8bfa03d3604Ce5EaBfb95C2aB2
UniV2FactoryB: 0x154E2238a212Ee4209111D2F3F6351D80e5d74B6
WETH: 0xd676AF79742bCAeb4a71CF62b85d5ba2D1deaf86
DAI addresses: [ '0x1CD4aF4A9bF33474C802d31790A195335f7a9Ab8' ]
[0x2c57d1CFC6d5f8E4182a56b4cf75421472eBAEa4] swapping 0.262509622786759045 WETH for DAI
Nonce calculation debug:
- currentNonce (from getTransactionCount): 20
- nonce.override: 38
- nonce.offset: undefined
- Final nonce value: 58
Sending bundle: [
  '0x02f90176833018243a85012a05f2008512a05f2000830249f0946c6340ba1dc72c59197825cd94eccc1f9c67416e80b901040cc7326300000000000000000000000000000000000000000000000000000000000000a000000000000000000000000000000000000000000000000003a49f1c70539985000000000000000000000000b77d61ea79c7ea8bfa03d3604ce5eabfb95c2ab20000000000000000000000002c57d1cfc6d5f8e4182a56b4cf75421472ebaea400000000000000000000000000000000000000000000000000000000000000000000000000000000000000000000000000000000000000000000000000000002000000000000000000000000d676af79742bcaeb4a71cf62b85d5ba2d1deaf860000000000000000000000001cd4af4a9bf33474c802d31790a195335f7a9ab8c080a0b731796fcb2a297c2545429bbd7ef9c17f757ad33651d1909e81f3217be2f2e7a0541ff00796d4dd25be7f3e351847193713d7e1a1d78d29358251426425d7654b'
]
nonceOffset: 39
nonceOffset before: 39
Current transaction count:  20
Generating swaps with params: {
  targetBlockNumber: 9,
  txsPerBundle: 1,
  sendRoute: 1,
  txStrategy: 'univ2',
  profRpcUrl: 'None',
  nonceOffset: 39
}
Generating swaps with params: {}
Current nonce for 0x2c57d1CFC6d5f8E4182a56b4cf75421472eBAEa4: 20
Contract Addresses:
AtomicSwap: 0x6C6340BA1Dc72c59197825cD94EcCC1f9c67416e
UniV2FactoryA: 0xB77d61Ea79c7Ea8bfa03d3604Ce5EaBfb95C2aB2
UniV2FactoryB: 0x154E2238a212Ee4209111D2F3F6351D80e5d74B6
WETH: 0xd676AF79742bCAeb4a71CF62b85d5ba2D1deaf86
DAI addresses: [ '0x1CD4aF4A9bF33474C802d31790A195335f7a9Ab8' ]
[0x2c57d1CFC6d5f8E4182a56b4cf75421472eBAEa4] swapping 581.0 DAI for WETH
Nonce calculation debug:
- currentNonce (from getTransactionCount): 20
- nonce.override: 39
- nonce.offset: undefined
- Final nonce value: 59
Sending bundle: [
  '0x02f90176833018243b85012a05f2008512a05f2000830249f0946c6340ba1dc72c59197825cd94eccc1f9c67416e80b901040cc7326300000000000000000000000000000000000000000000000000000000000000a000000000000000000000000000000000000000000000001f7efea5bae5f40000000000000000000000000000154e2238a212ee4209111d2f3f6351d80e5d74b60000000000000000000000002c57d1cfc6d5f8e4182a56b4cf75421472ebaea4000000000000000000000000000000000000000000000000000000000000000000000000000000000000000000000000000000000000000000000000000000020000000000000000000000001cd4af4a9bf33474c802d31790a195335f7a9ab8000000000000000000000000d676af79742bcaeb4a71cf62b85d5ba2d1deaf86c080a036358e9c4693e5fd42e30a4bb12e299837af3624c8753362a154529d1268610ea00b12ddfe161e0fcd673f85ca2fc89d59917e2bf68cd41b811727b06c8ce59f88'
]
nonceOffset: 40
nonceOffset before: 40
Current transaction count:  20
Generating swaps with params: {
  targetBlockNumber: 9,
  txsPerBundle: 1,
  sendRoute: 1,
  txStrategy: 'univ2',
  profRpcUrl: 'None',
  nonceOffset: 40
}
Generating swaps with params: {}
Current nonce for 0x2c57d1CFC6d5f8E4182a56b4cf75421472eBAEa4: 20
Contract Addresses:
AtomicSwap: 0x6C6340BA1Dc72c59197825cD94EcCC1f9c67416e
UniV2FactoryA: 0xB77d61Ea79c7Ea8bfa03d3604Ce5EaBfb95C2aB2
UniV2FactoryB: 0x154E2238a212Ee4209111D2F3F6351D80e5d74B6
WETH: 0xd676AF79742bCAeb4a71CF62b85d5ba2D1deaf86
DAI addresses: [ '0x1CD4aF4A9bF33474C802d31790A195335f7a9Ab8' ]
[0x2c57d1CFC6d5f8E4182a56b4cf75421472eBAEa4] swapping 0.738058551617873651 WETH for DAI
Nonce calculation debug:
- currentNonce (from getTransactionCount): 20
- nonce.override: 40
- nonce.offset: undefined
- Final nonce value: 60
Sending bundle: [
  '0x02f90176833018243c85012a05f2008512a05f2000830249f0946c6340ba1dc72c59197825cd94eccc1f9c67416e80b901040cc7326300000000000000000000000000000000000000000000000000000000000000a00000000000000000000000000000000000000000000000000a3e1c57a09f66f3000000000000000000000000154e2238a212ee4209111d2f3f6351d80e5d74b60000000000000000000000002c57d1cfc6d5f8e4182a56b4cf75421472ebaea400000000000000000000000000000000000000000000000000000000000000000000000000000000000000000000000000000000000000000000000000000002000000000000000000000000d676af79742bcaeb4a71cf62b85d5ba2d1deaf860000000000000000000000001cd4af4a9bf33474c802d31790a195335f7a9ab8c080a01225eda6788971743c65f88387c25d6748654bee83872b6cb695ca9e6d4d7fafa042d9ef3fba28acb74a7726c7983f395173771900a5b8820eff49e48c43b6021f'
]
nonceOffset: 41
nonceOffset before: 41
Current transaction count:  20
Generating swaps with params: {
  targetBlockNumber: 9,
  txsPerBundle: 1,
  sendRoute: 1,
  txStrategy: 'univ2',
  profRpcUrl: 'None',
  nonceOffset: 41
}
Generating swaps with params: {}
Current nonce for 0x2c57d1CFC6d5f8E4182a56b4cf75421472eBAEa4: 20
Contract Addresses:
AtomicSwap: 0x6C6340BA1Dc72c59197825cD94EcCC1f9c67416e
UniV2FactoryA: 0xB77d61Ea79c7Ea8bfa03d3604Ce5EaBfb95C2aB2
UniV2FactoryB: 0x154E2238a212Ee4209111D2F3F6351D80e5d74B6
WETH: 0xd676AF79742bCAeb4a71CF62b85d5ba2D1deaf86
DAI addresses: [ '0x1CD4aF4A9bF33474C802d31790A195335f7a9Ab8' ]
[0x2c57d1CFC6d5f8E4182a56b4cf75421472eBAEa4] swapping 0.161538461538461538 WETH for DAI
Nonce calculation debug:
- currentNonce (from getTransactionCount): 20
- nonce.override: 41
- nonce.offset: undefined
- Final nonce value: 61
Sending bundle: [
  '0x02f90176833018243d85012a05f2008512a05f2000830249f0946c6340ba1dc72c59197825cd94eccc1f9c67416e80b901040cc7326300000000000000000000000000000000000000000000000000000000000000a0000000000000000000000000000000000000000000000000023de65ff9902762000000000000000000000000b77d61ea79c7ea8bfa03d3604ce5eabfb95c2ab20000000000000000000000002c57d1cfc6d5f8e4182a56b4cf75421472ebaea400000000000000000000000000000000000000000000000000000000000000000000000000000000000000000000000000000000000000000000000000000002000000000000000000000000d676af79742bcaeb4a71cf62b85d5ba2d1deaf860000000000000000000000001cd4af4a9bf33474c802d31790a195335f7a9ab8c080a0144207c7b5d2fa448d1e5e336d6c169454361ca4444d369191d6ce026816c6c3a0636754e7a1a31c940306e95111df3e991874e2529864fac2989cbac29a7e44b1'
]
nonceOffset: 42
nonceOffset before: 42
Current transaction count:  20
Generating swaps with params: {
  targetBlockNumber: 9,
  txsPerBundle: 1,
  sendRoute: 1,
  txStrategy: 'univ2',
  profRpcUrl: 'None',
  nonceOffset: 42
}
Generating swaps with params: {}
Current nonce for 0x2c57d1CFC6d5f8E4182a56b4cf75421472eBAEa4: 20
Contract Addresses:
AtomicSwap: 0x6C6340BA1Dc72c59197825cD94EcCC1f9c67416e
UniV2FactoryA: 0xB77d61Ea79c7Ea8bfa03d3604Ce5EaBfb95C2aB2
UniV2FactoryB: 0x154E2238a212Ee4209111D2F3F6351D80e5d74B6
WETH: 0xd676AF79742bCAeb4a71CF62b85d5ba2D1deaf86
DAI addresses: [ '0x1CD4aF4A9bF33474C802d31790A195335f7a9Ab8' ]
[0x2c57d1CFC6d5f8E4182a56b4cf75421472eBAEa4] swapping 0.630970724191063174 WETH for DAI
Nonce calculation debug:
- currentNonce (from getTransactionCount): 20
- nonce.override: 42
- nonce.offset: undefined
- Final nonce value: 62
Sending bundle: [
  '0x02f90176833018243e85012a05f2008512a05f2000830249f0946c6340ba1dc72c59197825cd94eccc1f9c67416e80b901040cc7326300000000000000000000000000000000000000000000000000000000000000a000000000000000000000000000000000000000000000000008c1a887d7144c86000000000000000000000000b77d61ea79c7ea8bfa03d3604ce5eabfb95c2ab20000000000000000000000002c57d1cfc6d5f8e4182a56b4cf75421472ebaea400000000000000000000000000000000000000000000000000000000000000000000000000000000000000000000000000000000000000000000000000000002000000000000000000000000d676af79742bcaeb4a71cf62b85d5ba2d1deaf860000000000000000000000001cd4af4a9bf33474c802d31790a195335f7a9ab8c001a0ecbd3f96de497e23ce5096720a804a09b6c995389379c64eb8ed36f1960aa285a06ab9b31e03d4866e7358cc1a6a2b1ae2d267d6ca26dba692cb735aadfdd22714'
]
nonceOffset: 43
nonceOffset before: 43
Current transaction count:  20
Generating swaps with params: {
  targetBlockNumber: 9,
  txsPerBundle: 1,
  sendRoute: 1,
  txStrategy: 'univ2',
  profRpcUrl: 'None',
  nonceOffset: 43
}
Generating swaps with params: {}
Current nonce for 0x2c57d1CFC6d5f8E4182a56b4cf75421472eBAEa4: 20
Contract Addresses:
AtomicSwap: 0x6C6340BA1Dc72c59197825cD94EcCC1f9c67416e
UniV2FactoryA: 0xB77d61Ea79c7Ea8bfa03d3604Ce5EaBfb95C2aB2
UniV2FactoryB: 0x154E2238a212Ee4209111D2F3F6351D80e5d74B6
WETH: 0xd676AF79742bCAeb4a71CF62b85d5ba2D1deaf86
DAI addresses: [ '0x1CD4aF4A9bF33474C802d31790A195335f7a9Ab8' ]
[0x2c57d1CFC6d5f8E4182a56b4cf75421472eBAEa4] swapping 0.825885978428351309 WETH for DAI
Nonce calculation debug:
- currentNonce (from getTransactionCount): 20
- nonce.override: 43
- nonce.offset: undefined
- Final nonce value: 63
Sending bundle: [
  '0x02f90176833018243f85012a05f2008512a05f2000830249f0946c6340ba1dc72c59197825cd94eccc1f9c67416e80b901040cc7326300000000000000000000000000000000000000000000000000000000000000a00000000000000000000000000000000000000000000000000b7622ebf132a34d000000000000000000000000154e2238a212ee4209111d2f3f6351d80e5d74b60000000000000000000000002c57d1cfc6d5f8e4182a56b4cf75421472ebaea400000000000000000000000000000000000000000000000000000000000000000000000000000000000000000000000000000000000000000000000000000002000000000000000000000000d676af79742bcaeb4a71cf62b85d5ba2d1deaf860000000000000000000000001cd4af4a9bf33474c802d31790a195335f7a9ab8c001a07c5a3a514e2fa3a9ce40a15d017f0db2f7ed341f6d7c2f212f1bc01aaa44a96da03bf4dcd8423035e1d821593460c83ea14d9b2c9dba639a73b5b25a3aecdc60b7'
]
nonceOffset: 44
nonceOffset before: 44
Current transaction count:  20
Generating swaps with params: {
  targetBlockNumber: 9,
  txsPerBundle: 1,
  sendRoute: 1,
  txStrategy: 'univ2',
  profRpcUrl: 'None',
  nonceOffset: 44
}
Generating swaps with params: {}
Current nonce for 0x2c57d1CFC6d5f8E4182a56b4cf75421472eBAEa4: 20
Contract Addresses:
AtomicSwap: 0x6C6340BA1Dc72c59197825cD94EcCC1f9c67416e
UniV2FactoryA: 0xB77d61Ea79c7Ea8bfa03d3604Ce5EaBfb95C2aB2
UniV2FactoryB: 0x154E2238a212Ee4209111D2F3F6351D80e5d74B6
WETH: 0xd676AF79742bCAeb4a71CF62b85d5ba2D1deaf86
DAI addresses: [ '0x1CD4aF4A9bF33474C802d31790A195335f7a9Ab8' ]
[0x2c57d1CFC6d5f8E4182a56b4cf75421472eBAEa4] swapping 801.0 DAI for WETH
Nonce calculation debug:
- currentNonce (from getTransactionCount): 20
- nonce.override: 44
- nonce.offset: undefined
- Final nonce value: 64
Sending bundle: [
  '0x02f90176833018244085012a05f2008512a05f2000830249f0946c6340ba1dc72c59197825cd94eccc1f9c67416e80b901040cc7326300000000000000000000000000000000000000000000000000000000000000a000000000000000000000000000000000000000000000002b6c1ba81ebfe40000000000000000000000000000b77d61ea79c7ea8bfa03d3604ce5eabfb95c2ab20000000000000000000000002c57d1cfc6d5f8e4182a56b4cf75421472ebaea4000000000000000000000000000000000000000000000000000000000000000000000000000000000000000000000000000000000000000000000000000000020000000000000000000000001cd4af4a9bf33474c802d31790a195335f7a9ab8000000000000000000000000d676af79742bcaeb4a71cf62b85d5ba2d1deaf86c080a0af41ab0789d3ba3a0896995626d3835ffeca6eac1605722be36dadfa7401cbeca03cf9d364cf792b62e9111d378b3944972ac987ee5160e8dcb696978c5cb29fb0'
]
nonceOffset: 45
nonceOffset before: 45
Current transaction count:  20
Generating swaps with params: {
  targetBlockNumber: 9,
  txsPerBundle: 1,
  sendRoute: 1,
  txStrategy: 'univ2',
  profRpcUrl: 'None',
  nonceOffset: 45
}
Generating swaps with params: {}
Current nonce for 0x2c57d1CFC6d5f8E4182a56b4cf75421472eBAEa4: 20
Contract Addresses:
AtomicSwap: 0x6C6340BA1Dc72c59197825cD94EcCC1f9c67416e
UniV2FactoryA: 0xB77d61Ea79c7Ea8bfa03d3604Ce5EaBfb95C2aB2
UniV2FactoryB: 0x154E2238a212Ee4209111D2F3F6351D80e5d74B6
WETH: 0xd676AF79742bCAeb4a71CF62b85d5ba2D1deaf86
DAI addresses: [ '0x1CD4aF4A9bF33474C802d31790A195335f7a9Ab8' ]
[0x2c57d1CFC6d5f8E4182a56b4cf75421472eBAEa4] swapping 812.0 DAI for WETH
Nonce calculation debug:
- currentNonce (from getTransactionCount): 20
- nonce.override: 45
- nonce.offset: undefined
- Final nonce value: 65
Sending bundle: [
  '0x02f90176833018244185012a05f2008512a05f2000830249f0946c6340ba1dc72c59197825cd94eccc1f9c67416e80b901040cc7326300000000000000000000000000000000000000000000000000000000000000a000000000000000000000000000000000000000000000002c04c381d6f1300000000000000000000000000000b77d61ea79c7ea8bfa03d3604ce5eabfb95c2ab20000000000000000000000002c57d1cfc6d5f8e4182a56b4cf75421472ebaea4000000000000000000000000000000000000000000000000000000000000000000000000000000000000000000000000000000000000000000000000000000020000000000000000000000001cd4af4a9bf33474c802d31790a195335f7a9ab8000000000000000000000000d676af79742bcaeb4a71cf62b85d5ba2d1deaf86c080a084ce4ed8872060fbebd5bbb203d9dc638a491f16f28769d4e9c8c8b2797b06dca057dba081838071971806f1b9c74398ef533b019941004277d40a2cd9b82fe436'
]
nonceOffset: 46
nonceOffset before: 46
Current transaction count:  20
Generating swaps with params: {
  targetBlockNumber: 9,
  txsPerBundle: 1,
  sendRoute: 1,
  txStrategy: 'univ2',
  profRpcUrl: 'None',
  nonceOffset: 46
}
Generating swaps with params: {}
Current nonce for 0x2c57d1CFC6d5f8E4182a56b4cf75421472eBAEa4: 20
Contract Addresses:
AtomicSwap: 0x6C6340BA1Dc72c59197825cD94EcCC1f9c67416e
UniV2FactoryA: 0xB77d61Ea79c7Ea8bfa03d3604Ce5EaBfb95C2aB2
UniV2FactoryB: 0x154E2238a212Ee4209111D2F3F6351D80e5d74B6
WETH: 0xd676AF79742bCAeb4a71CF62b85d5ba2D1deaf86
DAI addresses: [ '0x1CD4aF4A9bF33474C802d31790A195335f7a9Ab8' ]
[0x2c57d1CFC6d5f8E4182a56b4cf75421472eBAEa4] swapping 0.156153846153846153 WETH for DAI
Nonce calculation debug:
- currentNonce (from getTransactionCount): 20
- nonce.override: 46
- nonce.offset: undefined
- Final nonce value: 66
Sending bundle: [
  '0x02f90176833018244285012a05f2008512a05f2000830249f0946c6340ba1dc72c59197825cd94eccc1f9c67416e80b901040cc7326300000000000000000000000000000000000000000000000000000000000000a0000000000000000000000000000000000000000000000000022ac518824f9d89000000000000000000000000b77d61ea79c7ea8bfa03d3604ce5eabfb95c2ab20000000000000000000000002c57d1cfc6d5f8e4182a56b4cf75421472ebaea400000000000000000000000000000000000000000000000000000000000000000000000000000000000000000000000000000000000000000000000000000002000000000000000000000000d676af79742bcaeb4a71cf62b85d5ba2d1deaf860000000000000000000000001cd4af4a9bf33474c802d31790a195335f7a9ab8c080a057935ed264de58a1853d03f4088f20496082c9fdbdb40a4d9dd02e4043602fc7a0474727336355c2f4749c415560b221ff9be25e220e1d61ad29a3515e30bbf73a'
]
nonceOffset: 47
nonceOffset before: 47
Current transaction count:  20
Generating swaps with params: {
  targetBlockNumber: 9,
  txsPerBundle: 1,
  sendRoute: 1,
  txStrategy: 'univ2',
  profRpcUrl: 'None',
  nonceOffset: 47
}
Generating swaps with params: {}
Current nonce for 0x2c57d1CFC6d5f8E4182a56b4cf75421472eBAEa4: 20
Contract Addresses:
AtomicSwap: 0x6C6340BA1Dc72c59197825cD94EcCC1f9c67416e
UniV2FactoryA: 0xB77d61Ea79c7Ea8bfa03d3604Ce5EaBfb95C2aB2
UniV2FactoryB: 0x154E2238a212Ee4209111D2F3F6351D80e5d74B6
WETH: 0xd676AF79742bCAeb4a71CF62b85d5ba2D1deaf86
DAI addresses: [ '0x1CD4aF4A9bF33474C802d31790A195335f7a9Ab8' ]
[0x2c57d1CFC6d5f8E4182a56b4cf75421472eBAEa4] swapping 603.0 DAI for WETH
Nonce calculation debug:
- currentNonce (from getTransactionCount): 20
- nonce.override: 47
- nonce.offset: undefined
- Final nonce value: 67
Sending bundle: [
  '0x02f90176833018244385012a05f2008512a05f2000830249f0946c6340ba1dc72c59197825cd94eccc1f9c67416e80b901040cc7326300000000000000000000000000000000000000000000000000000000000000a0000000000000000000000000000000000000000000000020b04e592b488c0000000000000000000000000000b77d61ea79c7ea8bfa03d3604ce5eabfb95c2ab20000000000000000000000002c57d1cfc6d5f8e4182a56b4cf75421472ebaea4000000000000000000000000000000000000000000000000000000000000000000000000000000000000000000000000000000000000000000000000000000020000000000000000000000001cd4af4a9bf33474c802d31790a195335f7a9ab8000000000000000000000000d676af79742bcaeb4a71cf62b85d5ba2d1deaf86c080a063d6a9c0c32e11b98460bba7d65e95b1c77801aa7fce63108e5737e01b5a5713a073b647dfdab97daf3c1f6f1be9ac6efd03fa967464ad81f96033a8a7716c43b5'
]
nonceOffset: 48
nonceOffset before: 48
Current transaction count:  20
Generating swaps with params: {
  targetBlockNumber: 9,
  txsPerBundle: 1,
  sendRoute: 1,
  txStrategy: 'univ2',
  profRpcUrl: 'None',
  nonceOffset: 48
}
Generating swaps with params: {}
Current nonce for 0x2c57d1CFC6d5f8E4182a56b4cf75421472eBAEa4: 20
Contract Addresses:
AtomicSwap: 0x6C6340BA1Dc72c59197825cD94EcCC1f9c67416e
UniV2FactoryA: 0xB77d61Ea79c7Ea8bfa03d3604Ce5EaBfb95C2aB2
UniV2FactoryB: 0x154E2238a212Ee4209111D2F3F6351D80e5d74B6
WETH: 0xd676AF79742bCAeb4a71CF62b85d5ba2D1deaf86
DAI addresses: [ '0x1CD4aF4A9bF33474C802d31790A195335f7a9Ab8' ]
[0x2c57d1CFC6d5f8E4182a56b4cf75421472eBAEa4] swapping 326.0 DAI for WETH
Nonce calculation debug:
- currentNonce (from getTransactionCount): 20
- nonce.override: 48
- nonce.offset: undefined
- Final nonce value: 68
Sending bundle: [
  '0x02f90176833018244485012a05f2008512a05f2000830249f0946c6340ba1dc72c59197825cd94eccc1f9c67416e80b901040cc7326300000000000000000000000000000000000000000000000000000000000000a0000000000000000000000000000000000000000000000011ac28a8c729580000000000000000000000000000154e2238a212ee4209111d2f3f6351d80e5d74b60000000000000000000000002c57d1cfc6d5f8e4182a56b4cf75421472ebaea4000000000000000000000000000000000000000000000000000000000000000000000000000000000000000000000000000000000000000000000000000000020000000000000000000000001cd4af4a9bf33474c802d31790a195335f7a9ab8000000000000000000000000d676af79742bcaeb4a71cf62b85d5ba2d1deaf86c001a037403daef0c2a618d637a53c741e93be9fd2cccd3a37e4a2fe8c549248846192a02b5bb8ef8024e65bda5a090a971a2bb0a1a9543b2d9504add7a3a71f1242b7ba'
]
nonceOffset: 49
nonceOffset before: 49
Current transaction count:  20
Generating swaps with params: {
  targetBlockNumber: 9,
  txsPerBundle: 1,
  sendRoute: 1,
  txStrategy: 'univ2',
  profRpcUrl: 'None',
  nonceOffset: 49
}
Generating swaps with params: {}
Current nonce for 0x2c57d1CFC6d5f8E4182a56b4cf75421472eBAEa4: 20
Contract Addresses:
AtomicSwap: 0x6C6340BA1Dc72c59197825cD94EcCC1f9c67416e
UniV2FactoryA: 0xB77d61Ea79c7Ea8bfa03d3604Ce5EaBfb95C2aB2
UniV2FactoryB: 0x154E2238a212Ee4209111D2F3F6351D80e5d74B6
WETH: 0xd676AF79742bCAeb4a71CF62b85d5ba2D1deaf86
DAI addresses: [ '0x1CD4aF4A9bF33474C802d31790A195335f7a9Ab8' ]
[0x2c57d1CFC6d5f8E4182a56b4cf75421472eBAEa4] swapping 1072.0 DAI for WETH
Nonce calculation debug:
- currentNonce (from getTransactionCount): 20
- nonce.override: 49
- nonce.offset: undefined
- Final nonce value: 69
Sending bundle: [
  '0x02f90176833018244585012a05f2008512a05f2000830249f0946c6340ba1dc72c59197825cd94eccc1f9c67416e80b901040cc7326300000000000000000000000000000000000000000000000000000000000000a000000000000000000000000000000000000000000000003a1cfd104cf2c00000000000000000000000000000154e2238a212ee4209111d2f3f6351d80e5d74b60000000000000000000000002c57d1cfc6d5f8e4182a56b4cf75421472ebaea4000000000000000000000000000000000000000000000000000000000000000000000000000000000000000000000000000000000000000000000000000000020000000000000000000000001cd4af4a9bf33474c802d31790a195335f7a9ab8000000000000000000000000d676af79742bcaeb4a71cf62b85d5ba2d1deaf86c001a0318a00c89f6714d86a1fffa519dce7b92f2d6c0af58e2acf1d35aa6de26945e6a0372e08e5d982df9905a20658328952a59ce4cd1779bef85599e932397f064d05'
]
nonceOffset: 50
nonceOffset before: 50
Current transaction count:  20
Generating swaps with params: {
  targetBlockNumber: 9,
  txsPerBundle: 1,
  sendRoute: 1,
  txStrategy: 'univ2',
  profRpcUrl: 'None',
  nonceOffset: 50
}
Generating swaps with params: {}
Current nonce for 0x2c57d1CFC6d5f8E4182a56b4cf75421472eBAEa4: 20
Contract Addresses:
AtomicSwap: 0x6C6340BA1Dc72c59197825cD94EcCC1f9c67416e
UniV2FactoryA: 0xB77d61Ea79c7Ea8bfa03d3604Ce5EaBfb95C2aB2
UniV2FactoryB: 0x154E2238a212Ee4209111D2F3F6351D80e5d74B6
WETH: 0xd676AF79742bCAeb4a71CF62b85d5ba2D1deaf86
DAI addresses: [ '0x1CD4aF4A9bF33474C802d31790A195335f7a9Ab8' ]
[0x2c57d1CFC6d5f8E4182a56b4cf75421472eBAEa4] swapping 948.0 DAI for WETH
Nonce calculation debug:
- currentNonce (from getTransactionCount): 20
- nonce.override: 50
- nonce.offset: undefined
- Final nonce value: 70
Sending bundle: [
  '0x02f90176833018244685012a05f2008512a05f2000830249f0946c6340ba1dc72c59197825cd94eccc1f9c67416e80b901040cc7326300000000000000000000000000000000000000000000000000000000000000a000000000000000000000000000000000000000000000003364249147de500000000000000000000000000000154e2238a212ee4209111d2f3f6351d80e5d74b60000000000000000000000002c57d1cfc6d5f8e4182a56b4cf75421472ebaea4000000000000000000000000000000000000000000000000000000000000000000000000000000000000000000000000000000000000000000000000000000020000000000000000000000001cd4af4a9bf33474c802d31790a195335f7a9ab8000000000000000000000000d676af79742bcaeb4a71cf62b85d5ba2d1deaf86c001a03faa6b1894f757b347446b3cd2472e43302445d84f239a396b4392d7bba5e32ca00cc6f889784985c9bbeedccddd31ba70a96e1d542662170a454a85328d6b0fb4'
]
nonceOffset: 51
nonceOffset before: 51
Current transaction count:  20
Generating swaps with params: {
  targetBlockNumber: 9,
  txsPerBundle: 1,
  sendRoute: 1,
  txStrategy: 'univ2',
  profRpcUrl: 'None',
  nonceOffset: 51
}
Generating swaps with params: {}
Current nonce for 0x2c57d1CFC6d5f8E4182a56b4cf75421472eBAEa4: 20
Contract Addresses:
AtomicSwap: 0x6C6340BA1Dc72c59197825cD94EcCC1f9c67416e
UniV2FactoryA: 0xB77d61Ea79c7Ea8bfa03d3604Ce5EaBfb95C2aB2
UniV2FactoryB: 0x154E2238a212Ee4209111D2F3F6351D80e5d74B6
WETH: 0xd676AF79742bCAeb4a71CF62b85d5ba2D1deaf86
DAI addresses: [ '0x1CD4aF4A9bF33474C802d31790A195335f7a9Ab8' ]
[0x2c57d1CFC6d5f8E4182a56b4cf75421472eBAEa4] swapping 0.430331023864511162 WETH for DAI
Nonce calculation debug:
- currentNonce (from getTransactionCount): 20
- nonce.override: 51
- nonce.offset: undefined
- Final nonce value: 71
Sending bundle: [
  '0x02f90176833018244785012a05f2008512a05f2000830249f0946c6340ba1dc72c59197825cd94eccc1f9c67416e80b901040cc7326300000000000000000000000000000000000000000000000000000000000000a000000000000000000000000000000000000000000000000005f8d7c945463aba000000000000000000000000154e2238a212ee4209111d2f3f6351d80e5d74b60000000000000000000000002c57d1cfc6d5f8e4182a56b4cf75421472ebaea400000000000000000000000000000000000000000000000000000000000000000000000000000000000000000000000000000000000000000000000000000002000000000000000000000000d676af79742bcaeb4a71cf62b85d5ba2d1deaf860000000000000000000000001cd4af4a9bf33474c802d31790a195335f7a9ab8c080a0f5ea91dca63debc6d637437a3bd1f72e16e20caeea4ee9c0b8f7f0cfeb85601ea0039571c769825411ad494843719c6ce42c499de694765825f70a9dcb3e892658'
]
nonceOffset: 52
nonceOffset before: 52
Current transaction count:  20
Generating swaps with params: {
  targetBlockNumber: 9,
  txsPerBundle: 1,
  sendRoute: 1,
  txStrategy: 'univ2',
  profRpcUrl: 'None',
  nonceOffset: 52
}
Generating swaps with params: {}
Current nonce for 0x2c57d1CFC6d5f8E4182a56b4cf75421472eBAEa4: 20
Contract Addresses:
AtomicSwap: 0x6C6340BA1Dc72c59197825cD94EcCC1f9c67416e
UniV2FactoryA: 0xB77d61Ea79c7Ea8bfa03d3604Ce5EaBfb95C2aB2
UniV2FactoryB: 0x154E2238a212Ee4209111D2F3F6351D80e5d74B6
WETH: 0xd676AF79742bCAeb4a71CF62b85d5ba2D1deaf86
DAI addresses: [ '0x1CD4aF4A9bF33474C802d31790A195335f7a9Ab8' ]
[0x2c57d1CFC6d5f8E4182a56b4cf75421472eBAEa4] swapping 554.0 DAI for WETH
Nonce calculation debug:
- currentNonce (from getTransactionCount): 20
- nonce.override: 52
- nonce.offset: undefined
- Final nonce value: 72
Sending bundle: [
  '0x02f90176833018244885012a05f2008512a05f2000830249f0946c6340ba1dc72c59197825cd94eccc1f9c67416e80b901040cc7326300000000000000000000000000000000000000000000000000000000000000a000000000000000000000000000000000000000000000001e084b60c83e680000000000000000000000000000b77d61ea79c7ea8bfa03d3604ce5eabfb95c2ab20000000000000000000000002c57d1cfc6d5f8e4182a56b4cf75421472ebaea4000000000000000000000000000000000000000000000000000000000000000000000000000000000000000000000000000000000000000000000000000000020000000000000000000000001cd4af4a9bf33474c802d31790a195335f7a9ab8000000000000000000000000d676af79742bcaeb4a71cf62b85d5ba2d1deaf86c080a0466b80801a2e618b0c86597c3388a78e8c7459a0e6382fa8ae9beb34b22072eca016b06a06d2cedd1f0842649d7a1a36b8b1520a2fd31b29f6df1e6b7d53a68639'
]
nonceOffset: 53
nonceOffset before: 53
Current transaction count:  20
Generating swaps with params: {
  targetBlockNumber: 9,
  txsPerBundle: 1,
  sendRoute: 1,
  txStrategy: 'univ2',
  profRpcUrl: 'None',
  nonceOffset: 53
}
Generating swaps with params: {}
Current nonce for 0x2c57d1CFC6d5f8E4182a56b4cf75421472eBAEa4: 20
Contract Addresses:
AtomicSwap: 0x6C6340BA1Dc72c59197825cD94EcCC1f9c67416e
UniV2FactoryA: 0xB77d61Ea79c7Ea8bfa03d3604Ce5EaBfb95C2aB2
UniV2FactoryB: 0x154E2238a212Ee4209111D2F3F6351D80e5d74B6
WETH: 0xd676AF79742bCAeb4a71CF62b85d5ba2D1deaf86
DAI addresses: [ '0x1CD4aF4A9bF33474C802d31790A195335f7a9Ab8' ]
[0x2c57d1CFC6d5f8E4182a56b4cf75421472eBAEa4] swapping 548.0 DAI for WETH
Nonce calculation debug:
- currentNonce (from getTransactionCount): 20
- nonce.override: 53
- nonce.offset: undefined
- Final nonce value: 73
Sending bundle: [
  '0x02f90176833018244985012a05f2008512a05f2000830249f0946c6340ba1dc72c59197825cd94eccc1f9c67416e80b901040cc7326300000000000000000000000000000000000000000000000000000000000000a000000000000000000000000000000000000000000000001db507189252100000000000000000000000000000154e2238a212ee4209111d2f3f6351d80e5d74b60000000000000000000000002c57d1cfc6d5f8e4182a56b4cf75421472ebaea4000000000000000000000000000000000000000000000000000000000000000000000000000000000000000000000000000000000000000000000000000000020000000000000000000000001cd4af4a9bf33474c802d31790a195335f7a9ab8000000000000000000000000d676af79742bcaeb4a71cf62b85d5ba2d1deaf86c001a05335533120c698e08b3bcadde5eff21ab67cc98e6b6f4d62856de6df7182186ea00c41dc6431344475289e0be0e244ef63ec3eb9c4b6071c570815f4f56281e987'
]
nonceOffset: 54
nonceOffset before: 54
Current transaction count:  20
Generating swaps with params: {
  targetBlockNumber: 9,
  txsPerBundle: 1,
  sendRoute: 1,
  txStrategy: 'univ2',
  profRpcUrl: 'None',
  nonceOffset: 54
}
Generating swaps with params: {}
Current nonce for 0x2c57d1CFC6d5f8E4182a56b4cf75421472eBAEa4: 20
Contract Addresses:
AtomicSwap: 0x6C6340BA1Dc72c59197825cD94EcCC1f9c67416e
UniV2FactoryA: 0xB77d61Ea79c7Ea8bfa03d3604Ce5EaBfb95C2aB2
UniV2FactoryB: 0x154E2238a212Ee4209111D2F3F6351D80e5d74B6
WETH: 0xd676AF79742bCAeb4a71CF62b85d5ba2D1deaf86
DAI addresses: [ '0x1CD4aF4A9bF33474C802d31790A195335f7a9Ab8' ]
[0x2c57d1CFC6d5f8E4182a56b4cf75421472eBAEa4] swapping 109.0 DAI for WETH
Nonce calculation debug:
- currentNonce (from getTransactionCount): 20
- nonce.override: 54
- nonce.offset: undefined
- Final nonce value: 74
Sending bundle: [
  '0x02f90176833018244a85012a05f2008512a05f2000830249f0946c6340ba1dc72c59197825cd94eccc1f9c67416e80b901040cc7326300000000000000000000000000000000000000000000000000000000000000a0000000000000000000000000000000000000000000000005e8adca7e45940000000000000000000000000000154e2238a212ee4209111d2f3f6351d80e5d74b60000000000000000000000002c57d1cfc6d5f8e4182a56b4cf75421472ebaea4000000000000000000000000000000000000000000000000000000000000000000000000000000000000000000000000000000000000000000000000000000020000000000000000000000001cd4af4a9bf33474c802d31790a195335f7a9ab8000000000000000000000000d676af79742bcaeb4a71cf62b85d5ba2d1deaf86c080a0f665d315b4fc6dcca47c2c6b5493d1bda9866a0a24e433a474c5e45f036e8e4da04b97d0eace3f8294b3e0b376b400c760ac668e0b78900ad11845be7599c9a650'
]
nonceOffset: 55
nonceOffset before: 55
Current transaction count:  20
Generating swaps with params: {
  targetBlockNumber: 9,
  txsPerBundle: 1,
  sendRoute: 1,
  txStrategy: 'univ2',
  profRpcUrl: 'None',
  nonceOffset: 55
}
Generating swaps with params: {}
Current nonce for 0x2c57d1CFC6d5f8E4182a56b4cf75421472eBAEa4: 20
Contract Addresses:
AtomicSwap: 0x6C6340BA1Dc72c59197825cD94EcCC1f9c67416e
UniV2FactoryA: 0xB77d61Ea79c7Ea8bfa03d3604Ce5EaBfb95C2aB2
UniV2FactoryB: 0x154E2238a212Ee4209111D2F3F6351D80e5d74B6
WETH: 0xd676AF79742bCAeb4a71CF62b85d5ba2D1deaf86
DAI addresses: [ '0x1CD4aF4A9bF33474C802d31790A195335f7a9Ab8' ]
[0x2c57d1CFC6d5f8E4182a56b4cf75421472eBAEa4] swapping 0.162307692307692307 WETH for DAI
Nonce calculation debug:
- currentNonce (from getTransactionCount): 20
- nonce.override: 55
- nonce.offset: undefined
- Final nonce value: 75
Sending bundle: [
  '0x02f90176833018244b85012a05f2008512a05f2000830249f0946c6340ba1dc72c59197825cd94eccc1f9c67416e80b901040cc7326300000000000000000000000000000000000000000000000000000000000000a00000000000000000000000000000000000000000000000000240a1fc78503b13000000000000000000000000b77d61ea79c7ea8bfa03d3604ce5eabfb95c2ab20000000000000000000000002c57d1cfc6d5f8e4182a56b4cf75421472ebaea400000000000000000000000000000000000000000000000000000000000000000000000000000000000000000000000000000000000000000000000000000002000000000000000000000000d676af79742bcaeb4a71cf62b85d5ba2d1deaf860000000000000000000000001cd4af4a9bf33474c802d31790a195335f7a9ab8c080a0ca56323cd90245c9a7a1767198a0b7ab3e61a35df2bd1d8c64c177ef481e5c4fa018cc2e6b9b817165a961f58dcd4e7f1271efedc80c584b5b1806e08888900d9c'
]
nonceOffset: 56
nonceOffset before: 56
Current transaction count:  20
Generating swaps with params: {
  targetBlockNumber: 9,
  txsPerBundle: 1,
  sendRoute: 1,
  txStrategy: 'univ2',
  profRpcUrl: 'None',
  nonceOffset: 56
}
Generating swaps with params: {}
Current nonce for 0x2c57d1CFC6d5f8E4182a56b4cf75421472eBAEa4: 20
Contract Addresses:
AtomicSwap: 0x6C6340BA1Dc72c59197825cD94EcCC1f9c67416e
UniV2FactoryA: 0xB77d61Ea79c7Ea8bfa03d3604Ce5EaBfb95C2aB2
UniV2FactoryB: 0x154E2238a212Ee4209111D2F3F6351D80e5d74B6
WETH: 0xd676AF79742bCAeb4a71CF62b85d5ba2D1deaf86
DAI addresses: [ '0x1CD4aF4A9bF33474C802d31790A195335f7a9Ab8' ]
[0x2c57d1CFC6d5f8E4182a56b4cf75421472eBAEa4] swapping 595.0 DAI for WETH
Nonce calculation debug:
- currentNonce (from getTransactionCount): 20
- nonce.override: 56
- nonce.offset: undefined
- Final nonce value: 76
Sending bundle: [
  '0x02f90176833018244c85012a05f2008512a05f2000830249f0946c6340ba1dc72c59197825cd94eccc1f9c67416e80b901040cc7326300000000000000000000000000000000000000000000000000000000000000a00000000000000000000000000000000000000000000000204148a38e0d6c0000000000000000000000000000b77d61ea79c7ea8bfa03d3604ce5eabfb95c2ab20000000000000000000000002c57d1cfc6d5f8e4182a56b4cf75421472ebaea4000000000000000000000000000000000000000000000000000000000000000000000000000000000000000000000000000000000000000000000000000000020000000000000000000000001cd4af4a9bf33474c802d31790a195335f7a9ab8000000000000000000000000d676af79742bcaeb4a71cf62b85d5ba2d1deaf86c080a0d71102873efcd02d44da49fa7463d503335340a5806e14ee05cc529f5a78b8b2a067e5441729d9d31ceb574943c26a5abbf1d608d2f6d9189e30f37f3de20c43c0'
]
nonceOffset: 57
nonceOffset before: 57
Current transaction count:  20
Generating swaps with params: {
  targetBlockNumber: 9,
  txsPerBundle: 1,
  sendRoute: 1,
  txStrategy: 'univ2',
  profRpcUrl: 'None',
  nonceOffset: 57
}
Generating swaps with params: {}
Current nonce for 0x2c57d1CFC6d5f8E4182a56b4cf75421472eBAEa4: 20
Contract Addresses:
AtomicSwap: 0x6C6340BA1Dc72c59197825cD94EcCC1f9c67416e
UniV2FactoryA: 0xB77d61Ea79c7Ea8bfa03d3604Ce5EaBfb95C2aB2
UniV2FactoryB: 0x154E2238a212Ee4209111D2F3F6351D80e5d74B6
WETH: 0xd676AF79742bCAeb4a71CF62b85d5ba2D1deaf86
DAI addresses: [ '0x1CD4aF4A9bF33474C802d31790A195335f7a9Ab8' ]
[0x2c57d1CFC6d5f8E4182a56b4cf75421472eBAEa4] swapping 554.0 DAI for WETH
Nonce calculation debug:
- currentNonce (from getTransactionCount): 20
- nonce.override: 57
- nonce.offset: undefined
- Final nonce value: 77
Sending bundle: [
  '0x02f90176833018244d85012a05f2008512a05f2000830249f0946c6340ba1dc72c59197825cd94eccc1f9c67416e80b901040cc7326300000000000000000000000000000000000000000000000000000000000000a000000000000000000000000000000000000000000000001e084b60c83e680000000000000000000000000000154e2238a212ee4209111d2f3f6351d80e5d74b60000000000000000000000002c57d1cfc6d5f8e4182a56b4cf75421472ebaea4000000000000000000000000000000000000000000000000000000000000000000000000000000000000000000000000000000000000000000000000000000020000000000000000000000001cd4af4a9bf33474c802d31790a195335f7a9ab8000000000000000000000000d676af79742bcaeb4a71cf62b85d5ba2d1deaf86c080a05265561658b7232e996b042ea2f1730a7b4d1307b70c73e7bcbcfaa7521af12ba0390cbc97837f677059d1d753141e309e363b8ef30f2ffd02979af01a16ecba00'
]
nonceOffset: 58
nonceOffset before: 58
Current transaction count:  20
Generating swaps with params: {
  targetBlockNumber: 9,
  txsPerBundle: 1,
  sendRoute: 1,
  txStrategy: 'univ2',
  profRpcUrl: 'None',
  nonceOffset: 58
}
Generating swaps with params: {}
Current nonce for 0x2c57d1CFC6d5f8E4182a56b4cf75421472eBAEa4: 20
Contract Addresses:
AtomicSwap: 0x6C6340BA1Dc72c59197825cD94EcCC1f9c67416e
UniV2FactoryA: 0xB77d61Ea79c7Ea8bfa03d3604Ce5EaBfb95C2aB2
UniV2FactoryB: 0x154E2238a212Ee4209111D2F3F6351D80e5d74B6
WETH: 0xd676AF79742bCAeb4a71CF62b85d5ba2D1deaf86
DAI addresses: [ '0x1CD4aF4A9bF33474C802d31790A195335f7a9Ab8' ]
[0x2c57d1CFC6d5f8E4182a56b4cf75421472eBAEa4] swapping 848.0 DAI for WETH
Nonce calculation debug:
- currentNonce (from getTransactionCount): 20
- nonce.override: 58
- nonce.offset: undefined
- Final nonce value: 78
Sending bundle: [
  '0x02f90176833018244e85012a05f2008512a05f2000830249f0946c6340ba1dc72c59197825cd94eccc1f9c67416e80b901040cc7326300000000000000000000000000000000000000000000000000000000000000a000000000000000000000000000000000000000000000002df85d331a7b400000000000000000000000000000154e2238a212ee4209111d2f3f6351d80e5d74b60000000000000000000000002c57d1cfc6d5f8e4182a56b4cf75421472ebaea4000000000000000000000000000000000000000000000000000000000000000000000000000000000000000000000000000000000000000000000000000000020000000000000000000000001cd4af4a9bf33474c802d31790a195335f7a9ab8000000000000000000000000d676af79742bcaeb4a71cf62b85d5ba2d1deaf86c080a07f7ca448a12a97c3604983d1bd61d2e4892a5cb097f68ac9d81e5c1064c9ba6fa0365026ccd649b10ae4f9a8e604ba90f73c733bd1dda8e11a4554dad7512afbde'
]
nonceOffset: 59
nonceOffset before: 59
Current transaction count:  20
Generating swaps with params: {
  targetBlockNumber: 9,
  txsPerBundle: 1,
  sendRoute: 1,
  txStrategy: 'univ2',
  profRpcUrl: 'None',
  nonceOffset: 59
}
Generating swaps with params: {}
Current nonce for 0x2c57d1CFC6d5f8E4182a56b4cf75421472eBAEa4: 20
Contract Addresses:
AtomicSwap: 0x6C6340BA1Dc72c59197825cD94EcCC1f9c67416e
UniV2FactoryA: 0xB77d61Ea79c7Ea8bfa03d3604Ce5EaBfb95C2aB2
UniV2FactoryB: 0x154E2238a212Ee4209111D2F3F6351D80e5d74B6
WETH: 0xd676AF79742bCAeb4a71CF62b85d5ba2D1deaf86
DAI addresses: [ '0x1CD4aF4A9bF33474C802d31790A195335f7a9Ab8' ]
[0x2c57d1CFC6d5f8E4182a56b4cf75421472eBAEa4] swapping 0.351039260969976905 WETH for DAI
Nonce calculation debug:
- currentNonce (from getTransactionCount): 20
- nonce.override: 59
- nonce.offset: undefined
- Final nonce value: 79
Sending bundle: [
  '0x02f90176833018244f85012a05f2008512a05f2000830249f0946c6340ba1dc72c59197825cd94eccc1f9c67416e80b901040cc7326300000000000000000000000000000000000000000000000000000000000000a000000000000000000000000000000000000000000000000004df24591454c449000000000000000000000000154e2238a212ee4209111d2f3f6351d80e5d74b60000000000000000000000002c57d1cfc6d5f8e4182a56b4cf75421472ebaea400000000000000000000000000000000000000000000000000000000000000000000000000000000000000000000000000000000000000000000000000000002000000000000000000000000d676af79742bcaeb4a71cf62b85d5ba2d1deaf860000000000000000000000001cd4af4a9bf33474c802d31790a195335f7a9ab8c080a0c58019f60393d8fa9e8e77dda21a2a87ea539207b38ee06e141e2a926831ab8fa037d5544f9f0800b646f99b67bdfc3a1fd8b927d188a7705b14343cebd0942cf2'
]
nonceOffset: 60
nonceOffset before: 60
Current transaction count:  20
Generating swaps with params: {
  targetBlockNumber: 9,
  txsPerBundle: 1,
  sendRoute: 1,
  txStrategy: 'univ2',
  profRpcUrl: 'None',
  nonceOffset: 60
}
Generating swaps with params: {}
Current nonce for 0x2c57d1CFC6d5f8E4182a56b4cf75421472eBAEa4: 20
Contract Addresses:
AtomicSwap: 0x6C6340BA1Dc72c59197825cD94EcCC1f9c67416e
UniV2FactoryA: 0xB77d61Ea79c7Ea8bfa03d3604Ce5EaBfb95C2aB2
UniV2FactoryB: 0x154E2238a212Ee4209111D2F3F6351D80e5d74B6
WETH: 0xd676AF79742bCAeb4a71CF62b85d5ba2D1deaf86
DAI addresses: [ '0x1CD4aF4A9bF33474C802d31790A195335f7a9Ab8' ]
[0x2c57d1CFC6d5f8E4182a56b4cf75421472eBAEa4] swapping 0.630200308166409861 WETH for DAI
Nonce calculation debug:
- currentNonce (from getTransactionCount): 20
- nonce.override: 60
- nonce.offset: undefined
- Final nonce value: 80
Sending bundle: [
  '0x02f90176833018245085012a05f2008512a05f2000830249f0946c6340ba1dc72c59197825cd94eccc1f9c67416e80b901040cc7326300000000000000000000000000000000000000000000000000000000000000a000000000000000000000000000000000000000000000000008beebd76199be85000000000000000000000000b77d61ea79c7ea8bfa03d3604ce5eabfb95c2ab20000000000000000000000002c57d1cfc6d5f8e4182a56b4cf75421472ebaea400000000000000000000000000000000000000000000000000000000000000000000000000000000000000000000000000000000000000000000000000000002000000000000000000000000d676af79742bcaeb4a71cf62b85d5ba2d1deaf860000000000000000000000001cd4af4a9bf33474c802d31790a195335f7a9ab8c001a0781796653f1fc54103d6185528d6c29bff83e95d44e7eeee5275df0921bee1cea043dec3f54bd0bb010c6b7c6717187db5713ba33028e9b30897bedd3dd1701127'
]
nonceOffset: 61
nonceOffset before: 61
Current transaction count:  20
Generating swaps with params: {
  targetBlockNumber: 9,
  txsPerBundle: 1,
  sendRoute: 1,
  txStrategy: 'univ2',
  profRpcUrl: 'None',
  nonceOffset: 61
}
Generating swaps with params: {}
Current nonce for 0x2c57d1CFC6d5f8E4182a56b4cf75421472eBAEa4: 20
Contract Addresses:
AtomicSwap: 0x6C6340BA1Dc72c59197825cD94EcCC1f9c67416e
UniV2FactoryA: 0xB77d61Ea79c7Ea8bfa03d3604Ce5EaBfb95C2aB2
UniV2FactoryB: 0x154E2238a212Ee4209111D2F3F6351D80e5d74B6
WETH: 0xd676AF79742bCAeb4a71CF62b85d5ba2D1deaf86
DAI addresses: [ '0x1CD4aF4A9bF33474C802d31790A195335f7a9Ab8' ]
[0x2c57d1CFC6d5f8E4182a56b4cf75421472eBAEa4] swapping 0.531177829099307159 WETH for DAI
Nonce calculation debug:
- currentNonce (from getTransactionCount): 20
- nonce.override: 61
- nonce.offset: undefined
- Final nonce value: 81
Sending bundle: [
  '0x02f90176833018245185012a05f2008512a05f2000830249f0946c6340ba1dc72c59197825cd94eccc1f9c67416e80b901040cc7326300000000000000000000000000000000000000000000000000000000000000a0000000000000000000000000000000000000000000000000075f1f6bd8070097000000000000000000000000b77d61ea79c7ea8bfa03d3604ce5eabfb95c2ab20000000000000000000000002c57d1cfc6d5f8e4182a56b4cf75421472ebaea400000000000000000000000000000000000000000000000000000000000000000000000000000000000000000000000000000000000000000000000000000002000000000000000000000000d676af79742bcaeb4a71cf62b85d5ba2d1deaf860000000000000000000000001cd4af4a9bf33474c802d31790a195335f7a9ab8c080a0c0c1e27491a49493136272374e4e145c49cbe8a1c1b975c44d82a7ee218d3587a07f321f63e16b047683ba7351a13d311907c59100af607b6f2dd38177434856cb'
]
nonceOffset: 62
nonceOffset before: 62
Current transaction count:  20
Generating swaps with params: {
  targetBlockNumber: 9,
  txsPerBundle: 1,
  sendRoute: 1,
  txStrategy: 'univ2',
  profRpcUrl: 'None',
  nonceOffset: 62
}
Generating swaps with params: {}
Current nonce for 0x2c57d1CFC6d5f8E4182a56b4cf75421472eBAEa4: 20
Contract Addresses:
AtomicSwap: 0x6C6340BA1Dc72c59197825cD94EcCC1f9c67416e
UniV2FactoryA: 0xB77d61Ea79c7Ea8bfa03d3604Ce5EaBfb95C2aB2
UniV2FactoryB: 0x154E2238a212Ee4209111D2F3F6351D80e5d74B6
WETH: 0xd676AF79742bCAeb4a71CF62b85d5ba2D1deaf86
DAI addresses: [ '0x1CD4aF4A9bF33474C802d31790A195335f7a9Ab8' ]
[0x2c57d1CFC6d5f8E4182a56b4cf75421472eBAEa4] swapping 938.0 DAI for WETH
Nonce calculation debug:
- currentNonce (from getTransactionCount): 20
- nonce.override: 62
- nonce.offset: undefined
- Final nonce value: 82
Sending bundle: [
  '0x02f90176833018245285012a05f2008512a05f2000830249f0946c6340ba1dc72c59197825cd94eccc1f9c67416e80b901040cc7326300000000000000000000000000000000000000000000000000000000000000a0000000000000000000000000000000000000000000000032d95d6e4354680000000000000000000000000000154e2238a212ee4209111d2f3f6351d80e5d74b60000000000000000000000002c57d1cfc6d5f8e4182a56b4cf75421472ebaea4000000000000000000000000000000000000000000000000000000000000000000000000000000000000000000000000000000000000000000000000000000020000000000000000000000001cd4af4a9bf33474c802d31790a195335f7a9ab8000000000000000000000000d676af79742bcaeb4a71cf62b85d5ba2d1deaf86c001a0e30c4a46aa440d0b99000b68fe82c33a1069c89f0e4b0b390c80e9b7a817dc3da04f9813be60e45d9785258f301580ac8eb90e482600fe24ef21b575ee3fa75d90'
]
nonceOffset: 63
nonceOffset before: 63
Current transaction count:  20
Generating swaps with params: {
  targetBlockNumber: 9,
  txsPerBundle: 1,
  sendRoute: 1,
  txStrategy: 'univ2',
  profRpcUrl: 'None',
  nonceOffset: 63
}
Generating swaps with params: {}
Current nonce for 0x2c57d1CFC6d5f8E4182a56b4cf75421472eBAEa4: 20
Contract Addresses:
AtomicSwap: 0x6C6340BA1Dc72c59197825cD94EcCC1f9c67416e
UniV2FactoryA: 0xB77d61Ea79c7Ea8bfa03d3604Ce5EaBfb95C2aB2
UniV2FactoryB: 0x154E2238a212Ee4209111D2F3F6351D80e5d74B6
WETH: 0xd676AF79742bCAeb4a71CF62b85d5ba2D1deaf86
DAI addresses: [ '0x1CD4aF4A9bF33474C802d31790A195335f7a9Ab8' ]
[0x2c57d1CFC6d5f8E4182a56b4cf75421472eBAEa4] swapping 0.166153846153846153 WETH for DAI
Nonce calculation debug:
- currentNonce (from getTransactionCount): 20
- nonce.override: 63
- nonce.offset: undefined
- Final nonce value: 83
Sending bundle: [
  '0x02f90176833018245385012a05f2008512a05f2000830249f0946c6340ba1dc72c59197825cd94eccc1f9c67416e80b901040cc7326300000000000000000000000000000000000000000000000000000000000000a0000000000000000000000000000000000000000000000000024e4c0af2109d89000000000000000000000000154e2238a212ee4209111d2f3f6351d80e5d74b60000000000000000000000002c57d1cfc6d5f8e4182a56b4cf75421472ebaea400000000000000000000000000000000000000000000000000000000000000000000000000000000000000000000000000000000000000000000000000000002000000000000000000000000d676af79742bcaeb4a71cf62b85d5ba2d1deaf860000000000000000000000001cd4af4a9bf33474c802d31790a195335f7a9ab8c080a0809b672a1c27c17d394179e53c2163fd29267192fcf4b05d9ece47f4d683c23ea01e55be6bf7eb4497a345425097dbda335e7ef06e0dd4dc2551d59ce0bb0c41f3'
]
nonceOffset: 64
nonceOffset before: 64
Current transaction count:  20
Generating swaps with params: {
  targetBlockNumber: 9,
  txsPerBundle: 1,
  sendRoute: 1,
  txStrategy: 'univ2',
  profRpcUrl: 'None',
  nonceOffset: 64
}
Generating swaps with params: {}
Current nonce for 0x2c57d1CFC6d5f8E4182a56b4cf75421472eBAEa4: 20
Contract Addresses:
AtomicSwap: 0x6C6340BA1Dc72c59197825cD94EcCC1f9c67416e
UniV2FactoryA: 0xB77d61Ea79c7Ea8bfa03d3604Ce5EaBfb95C2aB2
UniV2FactoryB: 0x154E2238a212Ee4209111D2F3F6351D80e5d74B6
WETH: 0xd676AF79742bCAeb4a71CF62b85d5ba2D1deaf86
DAI addresses: [ '0x1CD4aF4A9bF33474C802d31790A195335f7a9Ab8' ]
[0x2c57d1CFC6d5f8E4182a56b4cf75421472eBAEa4] swapping 137.0 DAI for WETH
Nonce calculation debug:
- currentNonce (from getTransactionCount): 20
- nonce.override: 64
- nonce.offset: undefined
- Final nonce value: 84
Sending bundle: [
  '0x02f90176833018245485012a05f2008512a05f2000830249f0946c6340ba1dc72c59197825cd94eccc1f9c67416e80b901040cc7326300000000000000000000000000000000000000000000000000000000000000a00000000000000000000000000000000000000000000000076d41c62494840000000000000000000000000000b77d61ea79c7ea8bfa03d3604ce5eabfb95c2ab20000000000000000000000002c57d1cfc6d5f8e4182a56b4cf75421472ebaea4000000000000000000000000000000000000000000000000000000000000000000000000000000000000000000000000000000000000000000000000000000020000000000000000000000001cd4af4a9bf33474c802d31790a195335f7a9ab8000000000000000000000000d676af79742bcaeb4a71cf62b85d5ba2d1deaf86c001a08c1c97babe27f7ee300df025761ca3b8952d485521242fd01b0d4cdfacbc51e7a078232a74f9ac31a9157783c35c5ff4c48df1abc278be8043727f05581528962b'
]
nonceOffset: 65
nonceOffset before: 65
Current transaction count:  20
Generating swaps with params: {
  targetBlockNumber: 9,
  txsPerBundle: 1,
  sendRoute: 1,
  txStrategy: 'univ2',
  profRpcUrl: 'None',
  nonceOffset: 65
}
Generating swaps with params: {}
Current nonce for 0x2c57d1CFC6d5f8E4182a56b4cf75421472eBAEa4: 20
Contract Addresses:
AtomicSwap: 0x6C6340BA1Dc72c59197825cD94EcCC1f9c67416e
UniV2FactoryA: 0xB77d61Ea79c7Ea8bfa03d3604Ce5EaBfb95C2aB2
UniV2FactoryB: 0x154E2238a212Ee4209111D2F3F6351D80e5d74B6
WETH: 0xd676AF79742bCAeb4a71CF62b85d5ba2D1deaf86
DAI addresses: [ '0x1CD4aF4A9bF33474C802d31790A195335f7a9Ab8' ]
[0x2c57d1CFC6d5f8E4182a56b4cf75421472eBAEa4] swapping 902.0 DAI for WETH
Nonce calculation debug:
- currentNonce (from getTransactionCount): 20
- nonce.override: 65
- nonce.offset: undefined
- Final nonce value: 85
Sending bundle: [
  '0x02f90176833018245585012a05f2008512a05f2000830249f0946c6340ba1dc72c59197825cd94eccc1f9c67416e80b901040cc7326300000000000000000000000000000000000000000000000000000000000000a0000000000000000000000000000000000000000000000030e5c3bcffca580000000000000000000000000000b77d61ea79c7ea8bfa03d3604ce5eabfb95c2ab20000000000000000000000002c57d1cfc6d5f8e4182a56b4cf75421472ebaea4000000000000000000000000000000000000000000000000000000000000000000000000000000000000000000000000000000000000000000000000000000020000000000000000000000001cd4af4a9bf33474c802d31790a195335f7a9ab8000000000000000000000000d676af79742bcaeb4a71cf62b85d5ba2d1deaf86c080a09316f53174155ab26e3a9225c2749a080c634f82b517e743b28e53462eb539a1a04b257da9da21d60ce926d0f692fb7289514e0c90034a22c7118663132dbaeeeb'
]
nonceOffset: 66
nonceOffset before: 66
Current transaction count:  20
Generating swaps with params: {
  targetBlockNumber: 9,
  txsPerBundle: 1,
  sendRoute: 1,
  txStrategy: 'univ2',
  profRpcUrl: 'None',
  nonceOffset: 66
}
Generating swaps with params: {}
Current nonce for 0x2c57d1CFC6d5f8E4182a56b4cf75421472eBAEa4: 20
Contract Addresses:
AtomicSwap: 0x6C6340BA1Dc72c59197825cD94EcCC1f9c67416e
UniV2FactoryA: 0xB77d61Ea79c7Ea8bfa03d3604Ce5EaBfb95C2aB2
UniV2FactoryB: 0x154E2238a212Ee4209111D2F3F6351D80e5d74B6
WETH: 0xd676AF79742bCAeb4a71CF62b85d5ba2D1deaf86
DAI addresses: [ '0x1CD4aF4A9bF33474C802d31790A195335f7a9Ab8' ]
[0x2c57d1CFC6d5f8E4182a56b4cf75421472eBAEa4] swapping 0.53348729792147806 WETH for DAI
Nonce calculation debug:
- currentNonce (from getTransactionCount): 20
- nonce.override: 66
- nonce.offset: undefined
- Final nonce value: 86
Sending bundle: [
  '0x02f90176833018245685012a05f2008512a05f2000830249f0946c6340ba1dc72c59197825cd94eccc1f9c67416e80b901040cc7326300000000000000000000000000000000000000000000000000000000000000a0000000000000000000000000000000000000000000000000076753def4caedac000000000000000000000000154e2238a212ee4209111d2f3f6351d80e5d74b60000000000000000000000002c57d1cfc6d5f8e4182a56b4cf75421472ebaea400000000000000000000000000000000000000000000000000000000000000000000000000000000000000000000000000000000000000000000000000000002000000000000000000000000d676af79742bcaeb4a71cf62b85d5ba2d1deaf860000000000000000000000001cd4af4a9bf33474c802d31790a195335f7a9ab8c001a02b109fa2de8d24fd0c70c3ade3abee0703132aee1da43dc8511a5ccfa0ef6442a05780e8a91e0a5cc56abebf7799e0f602065c2ef1c8f9de198fde8196699a35fd'
]
nonceOffset: 67
nonceOffset before: 67
Current transaction count:  20
Generating swaps with params: {
  targetBlockNumber: 9,
  txsPerBundle: 1,
  sendRoute: 1,
  txStrategy: 'univ2',
  profRpcUrl: 'None',
  nonceOffset: 67
}
Generating swaps with params: {}
Current nonce for 0x2c57d1CFC6d5f8E4182a56b4cf75421472eBAEa4: 20
Contract Addresses:
AtomicSwap: 0x6C6340BA1Dc72c59197825cD94EcCC1f9c67416e
UniV2FactoryA: 0xB77d61Ea79c7Ea8bfa03d3604Ce5EaBfb95C2aB2
UniV2FactoryB: 0x154E2238a212Ee4209111D2F3F6351D80e5d74B6
WETH: 0xd676AF79742bCAeb4a71CF62b85d5ba2D1deaf86
DAI addresses: [ '0x1CD4aF4A9bF33474C802d31790A195335f7a9Ab8' ]
[0x2c57d1CFC6d5f8E4182a56b4cf75421472eBAEa4] swapping 0.524249422632794457 WETH for DAI
Nonce calculation debug:
- currentNonce (from getTransactionCount): 20
- nonce.override: 67
- nonce.offset: undefined
- Final nonce value: 87
Sending bundle: [
  '0x02f90176833018245785012a05f2008512a05f2000830249f0946c6340ba1dc72c59197825cd94eccc1f9c67416e80b901040cc7326300000000000000000000000000000000000000000000000000000000000000a00000000000000000000000000000000000000000000000000746821281bb3959000000000000000000000000b77d61ea79c7ea8bfa03d3604ce5eabfb95c2ab20000000000000000000000002c57d1cfc6d5f8e4182a56b4cf75421472ebaea400000000000000000000000000000000000000000000000000000000000000000000000000000000000000000000000000000000000000000000000000000002000000000000000000000000d676af79742bcaeb4a71cf62b85d5ba2d1deaf860000000000000000000000001cd4af4a9bf33474c802d31790a195335f7a9ab8c001a0203d5181921e5ce8853c177db9e607d4efe9562835b9c0ff8cdd98b6fcef252ba0711f43e818fde6f7d03568953d65d2bbf29890ae25fe17dcab39afb01d6188a4'
]
nonceOffset: 68
nonceOffset before: 68
Current transaction count:  20
Generating swaps with params: {
  targetBlockNumber: 9,
  txsPerBundle: 1,
  sendRoute: 1,
  txStrategy: 'univ2',
  profRpcUrl: 'None',
  nonceOffset: 68
}
Generating swaps with params: {}
Current nonce for 0x2c57d1CFC6d5f8E4182a56b4cf75421472eBAEa4: 20
Contract Addresses:
AtomicSwap: 0x6C6340BA1Dc72c59197825cD94EcCC1f9c67416e
UniV2FactoryA: 0xB77d61Ea79c7Ea8bfa03d3604Ce5EaBfb95C2aB2
UniV2FactoryB: 0x154E2238a212Ee4209111D2F3F6351D80e5d74B6
WETH: 0xd676AF79742bCAeb4a71CF62b85d5ba2D1deaf86
DAI addresses: [ '0x1CD4aF4A9bF33474C802d31790A195335f7a9Ab8' ]
[0x2c57d1CFC6d5f8E4182a56b4cf75421472eBAEa4] swapping 278.0 DAI for WETH
Nonce calculation debug:
- currentNonce (from getTransactionCount): 20
- nonce.override: 68
- nonce.offset: undefined
- Final nonce value: 88
Sending bundle: [
  '0x02f90176833018245885012a05f2008512a05f2000830249f0946c6340ba1dc72c59197825cd94eccc1f9c67416e80b901040cc7326300000000000000000000000000000000000000000000000000000000000000a000000000000000000000000000000000000000000000000f12066717c6980000000000000000000000000000154e2238a212ee4209111d2f3f6351d80e5d74b60000000000000000000000002c57d1cfc6d5f8e4182a56b4cf75421472ebaea4000000000000000000000000000000000000000000000000000000000000000000000000000000000000000000000000000000000000000000000000000000020000000000000000000000001cd4af4a9bf33474c802d31790a195335f7a9ab8000000000000000000000000d676af79742bcaeb4a71cf62b85d5ba2d1deaf86c080a0292130897ba5a98bd791eb09d38bf4420bc0cb0071c6f42d8b8b2d866fc03078a0292f97b26c20dfe1b15ceb6db128d925b973667c923dc1bb2fc0231b6168cc6f'
]
nonceOffset: 69
nonceOffset before: 69
Current transaction count:  20
Generating swaps with params: {
  targetBlockNumber: 9,
  txsPerBundle: 1,
  sendRoute: 1,
  txStrategy: 'univ2',
  profRpcUrl: 'None',
  nonceOffset: 69
}
Generating swaps with params: {}
Current nonce for 0x2c57d1CFC6d5f8E4182a56b4cf75421472eBAEa4: 20
Contract Addresses:
AtomicSwap: 0x6C6340BA1Dc72c59197825cD94EcCC1f9c67416e
UniV2FactoryA: 0xB77d61Ea79c7Ea8bfa03d3604Ce5EaBfb95C2aB2
UniV2FactoryB: 0x154E2238a212Ee4209111D2F3F6351D80e5d74B6
WETH: 0xd676AF79742bCAeb4a71CF62b85d5ba2D1deaf86
DAI addresses: [ '0x1CD4aF4A9bF33474C802d31790A195335f7a9Ab8' ]
[0x2c57d1CFC6d5f8E4182a56b4cf75421472eBAEa4] swapping 1047.0 DAI for WETH
Nonce calculation debug:
- currentNonce (from getTransactionCount): 20
- nonce.override: 69
- nonce.offset: undefined
- Final nonce value: 89
Sending bundle: [
  '0x02f90176833018245985012a05f2008512a05f2000830249f0946c6340ba1dc72c59197825cd94eccc1f9c67416e80b901040cc7326300000000000000000000000000000000000000000000000000000000000000a0000000000000000000000000000000000000000000000038c20b38c199fc0000000000000000000000000000154e2238a212ee4209111d2f3f6351d80e5d74b60000000000000000000000002c57d1cfc6d5f8e4182a56b4cf75421472ebaea4000000000000000000000000000000000000000000000000000000000000000000000000000000000000000000000000000000000000000000000000000000020000000000000000000000001cd4af4a9bf33474c802d31790a195335f7a9ab8000000000000000000000000d676af79742bcaeb4a71cf62b85d5ba2d1deaf86c080a0b1110e7ac990b70380c57408f6eb3619eeb3c8121e860ad3f1f5ce526a8df82ea026468f1a264170e3894bc1368450c60c21ad5395622209030d198aaa6f04e02a'
]
nonceOffset: 70
nonceOffset before: 70
Current transaction count:  20
Generating swaps with params: {
  targetBlockNumber: 9,
  txsPerBundle: 1,
  sendRoute: 1,
  txStrategy: 'univ2',
  profRpcUrl: 'None',
  nonceOffset: 70
}
Generating swaps with params: {}
Current nonce for 0x2c57d1CFC6d5f8E4182a56b4cf75421472eBAEa4: 20
Contract Addresses:
AtomicSwap: 0x6C6340BA1Dc72c59197825cD94EcCC1f9c67416e
UniV2FactoryA: 0xB77d61Ea79c7Ea8bfa03d3604Ce5EaBfb95C2aB2
UniV2FactoryB: 0x154E2238a212Ee4209111D2F3F6351D80e5d74B6
WETH: 0xd676AF79742bCAeb4a71CF62b85d5ba2D1deaf86
DAI addresses: [ '0x1CD4aF4A9bF33474C802d31790A195335f7a9Ab8' ]
[0x2c57d1CFC6d5f8E4182a56b4cf75421472eBAEa4] swapping 411.0 DAI for WETH
Nonce calculation debug:
- currentNonce (from getTransactionCount): 20
- nonce.override: 70
- nonce.offset: undefined
- Final nonce value: 90
Sending bundle: [
  '0x02f90176833018245a85012a05f2008512a05f2000830249f0946c6340ba1dc72c59197825cd94eccc1f9c67416e80b901040cc7326300000000000000000000000000000000000000000000000000000000000000a000000000000000000000000000000000000000000000001647c5526dbd8c0000000000000000000000000000154e2238a212ee4209111d2f3f6351d80e5d74b60000000000000000000000002c57d1cfc6d5f8e4182a56b4cf75421472ebaea4000000000000000000000000000000000000000000000000000000000000000000000000000000000000000000000000000000000000000000000000000000020000000000000000000000001cd4af4a9bf33474c802d31790a195335f7a9ab8000000000000000000000000d676af79742bcaeb4a71cf62b85d5ba2d1deaf86c001a0503823de7cc046ab547b9323736061f40c81e86217f7f44a160e91036c3a91c3a00b429378f55316e91435251cece81764901f83d247d58a93abe402a025ad2f36'
]
nonceOffset: 71
nonceOffset before: 71
Current transaction count:  20
Generating swaps with params: {
  targetBlockNumber: 9,
  txsPerBundle: 1,
  sendRoute: 1,
  txStrategy: 'univ2',
  profRpcUrl: 'None',
  nonceOffset: 71
}
Generating swaps with params: {}
Current nonce for 0x2c57d1CFC6d5f8E4182a56b4cf75421472eBAEa4: 20
Contract Addresses:
AtomicSwap: 0x6C6340BA1Dc72c59197825cD94EcCC1f9c67416e
UniV2FactoryA: 0xB77d61Ea79c7Ea8bfa03d3604Ce5EaBfb95C2aB2
UniV2FactoryB: 0x154E2238a212Ee4209111D2F3F6351D80e5d74B6
WETH: 0xd676AF79742bCAeb4a71CF62b85d5ba2D1deaf86
DAI addresses: [ '0x1CD4aF4A9bF33474C802d31790A195335f7a9Ab8' ]
[0x2c57d1CFC6d5f8E4182a56b4cf75421472eBAEa4] swapping 819.0 DAI for WETH
Nonce calculation debug:
- currentNonce (from getTransactionCount): 20
- nonce.override: 71
- nonce.offset: undefined
- Final nonce value: 91
Sending bundle: [
  '0x02f90176833018245b85012a05f2008512a05f2000830249f0946c6340ba1dc72c59197825cd94eccc1f9c67416e80b901040cc7326300000000000000000000000000000000000000000000000000000000000000a000000000000000000000000000000000000000000000002c65e880c084ec0000000000000000000000000000b77d61ea79c7ea8bfa03d3604ce5eabfb95c2ab20000000000000000000000002c57d1cfc6d5f8e4182a56b4cf75421472ebaea4000000000000000000000000000000000000000000000000000000000000000000000000000000000000000000000000000000000000000000000000000000020000000000000000000000001cd4af4a9bf33474c802d31790a195335f7a9ab8000000000000000000000000d676af79742bcaeb4a71cf62b85d5ba2d1deaf86c080a050da57991bb0ad202696adc1db7abaadc2c17c0911e0ad7290bc5d0f37eb8f6da07a31b71870cc7a312c329341b66d56396a0e4dcb46dda1140c102727a2030f89'
]
nonceOffset: 72
nonceOffset before: 72
Current transaction count:  20
Generating swaps with params: {
  targetBlockNumber: 9,
  txsPerBundle: 1,
  sendRoute: 1,
  txStrategy: 'univ2',
  profRpcUrl: 'None',
  nonceOffset: 72
}
Generating swaps with params: {}
Current nonce for 0x2c57d1CFC6d5f8E4182a56b4cf75421472eBAEa4: 20
Contract Addresses:
AtomicSwap: 0x6C6340BA1Dc72c59197825cD94EcCC1f9c67416e
UniV2FactoryA: 0xB77d61Ea79c7Ea8bfa03d3604Ce5EaBfb95C2aB2
UniV2FactoryB: 0x154E2238a212Ee4209111D2F3F6351D80e5d74B6
WETH: 0xd676AF79742bCAeb4a71CF62b85d5ba2D1deaf86
DAI addresses: [ '0x1CD4aF4A9bF33474C802d31790A195335f7a9Ab8' ]
[0x2c57d1CFC6d5f8E4182a56b4cf75421472eBAEa4] swapping 605.0 DAI for WETH
Nonce calculation debug:
- currentNonce (from getTransactionCount): 20
- nonce.override: 72
- nonce.offset: undefined
- Final nonce value: 92
Sending bundle: [
  '0x02f90176833018245c85012a05f2008512a05f2000830249f0946c6340ba1dc72c59197825cd94eccc1f9c67416e80b901040cc7326300000000000000000000000000000000000000000000000000000000000000a0000000000000000000000000000000000000000000000020cc0fc69297540000000000000000000000000000154e2238a212ee4209111d2f3f6351d80e5d74b60000000000000000000000002c57d1cfc6d5f8e4182a56b4cf75421472ebaea4000000000000000000000000000000000000000000000000000000000000000000000000000000000000000000000000000000000000000000000000000000020000000000000000000000001cd4af4a9bf33474c802d31790a195335f7a9ab8000000000000000000000000d676af79742bcaeb4a71cf62b85d5ba2d1deaf86c080a0c2c7c0f17001e4179148cd4e6ae16ce085cd7a0009d82b9927bf081a95e799c0a0404491697fa025a4b12af55a4b17a44b8d774a06864e5333a3746d1bdd2de7a4'
]
nonceOffset: 73
nonceOffset before: 73
Current transaction count:  20
Generating swaps with params: {
  targetBlockNumber: 9,
  txsPerBundle: 1,
  sendRoute: 1,
  txStrategy: 'univ2',
  profRpcUrl: 'None',
  nonceOffset: 73
}
Generating swaps with params: {}
Current nonce for 0x2c57d1CFC6d5f8E4182a56b4cf75421472eBAEa4: 20
Contract Addresses:
AtomicSwap: 0x6C6340BA1Dc72c59197825cD94EcCC1f9c67416e
UniV2FactoryA: 0xB77d61Ea79c7Ea8bfa03d3604Ce5EaBfb95C2aB2
UniV2FactoryB: 0x154E2238a212Ee4209111D2F3F6351D80e5d74B6
WETH: 0xd676AF79742bCAeb4a71CF62b85d5ba2D1deaf86
DAI addresses: [ '0x1CD4aF4A9bF33474C802d31790A195335f7a9Ab8' ]
[0x2c57d1CFC6d5f8E4182a56b4cf75421472eBAEa4] swapping 373.0 DAI for WETH
Nonce calculation debug:
- currentNonce (from getTransactionCount): 20
- nonce.override: 73
- nonce.offset: undefined
- Final nonce value: 93
Sending bundle: [
  '0x02f90176833018245d85012a05f2008512a05f2000830249f0946c6340ba1dc72c59197825cd94eccc1f9c67416e80b901040cc7326300000000000000000000000000000000000000000000000000000000000000a0000000000000000000000000000000000000000000000014386a33c2e4b40000000000000000000000000000b77d61ea79c7ea8bfa03d3604ce5eabfb95c2ab20000000000000000000000002c57d1cfc6d5f8e4182a56b4cf75421472ebaea4000000000000000000000000000000000000000000000000000000000000000000000000000000000000000000000000000000000000000000000000000000020000000000000000000000001cd4af4a9bf33474c802d31790a195335f7a9ab8000000000000000000000000d676af79742bcaeb4a71cf62b85d5ba2d1deaf86c001a07e697cf471b78e8bd9eea30d6d94206a330dc437e336dd37d60f497db9b73e58a0660861282852f0173be19f8da0a3b55d4be2030447eb2f1eaa4e0c866a0f697a'
]
nonceOffset: 74
nonceOffset before: 74
Current transaction count:  20
Generating swaps with params: {
  targetBlockNumber: 9,
  txsPerBundle: 1,
  sendRoute: 1,
  txStrategy: 'univ2',
  profRpcUrl: 'None',
  nonceOffset: 74
}
Generating swaps with params: {}
Current nonce for 0x2c57d1CFC6d5f8E4182a56b4cf75421472eBAEa4: 20
Contract Addresses:
AtomicSwap: 0x6C6340BA1Dc72c59197825cD94EcCC1f9c67416e
UniV2FactoryA: 0xB77d61Ea79c7Ea8bfa03d3604Ce5EaBfb95C2aB2
UniV2FactoryB: 0x154E2238a212Ee4209111D2F3F6351D80e5d74B6
WETH: 0xd676AF79742bCAeb4a71CF62b85d5ba2D1deaf86
DAI addresses: [ '0x1CD4aF4A9bF33474C802d31790A195335f7a9Ab8' ]
[0x2c57d1CFC6d5f8E4182a56b4cf75421472eBAEa4] swapping 115.0 DAI for WETH
Nonce calculation debug:
- currentNonce (from getTransactionCount): 20
- nonce.override: 74
- nonce.offset: undefined
- Final nonce value: 94
Sending bundle: [
  '0x02f90176833018245e85012a05f2008512a05f2000830249f0946c6340ba1dc72c59197825cd94eccc1f9c67416e80b901040cc7326300000000000000000000000000000000000000000000000000000000000000a00000000000000000000000000000000000000000000000063bf212b431ec0000000000000000000000000000b77d61ea79c7ea8bfa03d3604ce5eabfb95c2ab20000000000000000000000002c57d1cfc6d5f8e4182a56b4cf75421472ebaea4000000000000000000000000000000000000000000000000000000000000000000000000000000000000000000000000000000000000000000000000000000020000000000000000000000001cd4af4a9bf33474c802d31790a195335f7a9ab8000000000000000000000000d676af79742bcaeb4a71cf62b85d5ba2d1deaf86c080a0c6933bfcba4a3aa4e51d2da0213b5056a6d4cb3636c0ea9e1a5ab121d59bd479a07bad548c5e44c72614c06795e3abcf4c6d96f9122280635044d7b417dc8a665f'
]
nonceOffset: 75
nonceOffset before: 75
Current transaction count:  20
Generating swaps with params: {
  targetBlockNumber: 9,
  txsPerBundle: 1,
  sendRoute: 1,
  txStrategy: 'univ2',
  profRpcUrl: 'None',
  nonceOffset: 75
}
Generating swaps with params: {}
Current nonce for 0x2c57d1CFC6d5f8E4182a56b4cf75421472eBAEa4: 20
Contract Addresses:
AtomicSwap: 0x6C6340BA1Dc72c59197825cD94EcCC1f9c67416e
UniV2FactoryA: 0xB77d61Ea79c7Ea8bfa03d3604Ce5EaBfb95C2aB2
UniV2FactoryB: 0x154E2238a212Ee4209111D2F3F6351D80e5d74B6
WETH: 0xd676AF79742bCAeb4a71CF62b85d5ba2D1deaf86
DAI addresses: [ '0x1CD4aF4A9bF33474C802d31790A195335f7a9Ab8' ]
[0x2c57d1CFC6d5f8E4182a56b4cf75421472eBAEa4] swapping 0.389530408006158583 WETH for DAI
Nonce calculation debug:
- currentNonce (from getTransactionCount): 20
- nonce.override: 75
- nonce.offset: undefined
- Final nonce value: 95
Sending bundle: [
  '0x02f90176833018245f85012a05f2008512a05f2000830249f0946c6340ba1dc72c59197825cd94eccc1f9c67416e80b901040cc7326300000000000000000000000000000000000000000000000000000000000000a00000000000000000000000000000000000000000000000000567e3d79e6b88f7000000000000000000000000b77d61ea79c7ea8bfa03d3604ce5eabfb95c2ab20000000000000000000000002c57d1cfc6d5f8e4182a56b4cf75421472ebaea400000000000000000000000000000000000000000000000000000000000000000000000000000000000000000000000000000000000000000000000000000002000000000000000000000000d676af79742bcaeb4a71cf62b85d5ba2d1deaf860000000000000000000000001cd4af4a9bf33474c802d31790a195335f7a9ab8c080a0c32858614d40e569b30bd5287727d7b7c43f95785eec46f7bf8f35c4602b2ed2a003e21685c5d8747ba350ba37727fb626360a46d4d73e6d3a46fceacf3357f00f'
]
nonceOffset: 76
nonceOffset before: 76
Current transaction count:  20
Generating swaps with params: {
  targetBlockNumber: 9,
  txsPerBundle: 1,
  sendRoute: 1,
  txStrategy: 'univ2',
  profRpcUrl: 'None',
  nonceOffset: 76
}
Generating swaps with params: {}
Current nonce for 0x2c57d1CFC6d5f8E4182a56b4cf75421472eBAEa4: 20
Contract Addresses:
AtomicSwap: 0x6C6340BA1Dc72c59197825cD94EcCC1f9c67416e
UniV2FactoryA: 0xB77d61Ea79c7Ea8bfa03d3604Ce5EaBfb95C2aB2
UniV2FactoryB: 0x154E2238a212Ee4209111D2F3F6351D80e5d74B6
WETH: 0xd676AF79742bCAeb4a71CF62b85d5ba2D1deaf86
DAI addresses: [ '0x1CD4aF4A9bF33474C802d31790A195335f7a9Ab8' ]
[0x2c57d1CFC6d5f8E4182a56b4cf75421472eBAEa4] swapping 0.530408006158583525 WETH for DAI
Nonce calculation debug:
- currentNonce (from getTransactionCount): 20
- nonce.override: 76
- nonce.offset: undefined
- Final nonce value: 96
Sending bundle: [
  '0x02f90176833018246085012a05f2008512a05f2000830249f0946c6340ba1dc72c59197825cd94eccc1f9c67416e80b901040cc7326300000000000000000000000000000000000000000000000000000000000000a0000000000000000000000000000000000000000000000000075c6345791b06e5000000000000000000000000154e2238a212ee4209111d2f3f6351d80e5d74b60000000000000000000000002c57d1cfc6d5f8e4182a56b4cf75421472ebaea400000000000000000000000000000000000000000000000000000000000000000000000000000000000000000000000000000000000000000000000000000002000000000000000000000000d676af79742bcaeb4a71cf62b85d5ba2d1deaf860000000000000000000000001cd4af4a9bf33474c802d31790a195335f7a9ab8c001a0d75ae38b6d4fc1a17ad7339ef4ec0eaa63123b98ca95fd3d349ae361e706a051a072e5155b29a3a7dd067ce3b65dd339cdccefd4cca8c764131df807d08452e327'
]
nonceOffset: 77
nonceOffset before: 77
Current transaction count:  20
Generating swaps with params: {
  targetBlockNumber: 9,
  txsPerBundle: 1,
  sendRoute: 1,
  txStrategy: 'univ2',
  profRpcUrl: 'None',
  nonceOffset: 77
}
Generating swaps with params: {}
Current nonce for 0x2c57d1CFC6d5f8E4182a56b4cf75421472eBAEa4: 20
Contract Addresses:
AtomicSwap: 0x6C6340BA1Dc72c59197825cD94EcCC1f9c67416e
UniV2FactoryA: 0xB77d61Ea79c7Ea8bfa03d3604Ce5EaBfb95C2aB2
UniV2FactoryB: 0x154E2238a212Ee4209111D2F3F6351D80e5d74B6
WETH: 0xd676AF79742bCAeb4a71CF62b85d5ba2D1deaf86
DAI addresses: [ '0x1CD4aF4A9bF33474C802d31790A195335f7a9Ab8' ]
[0x2c57d1CFC6d5f8E4182a56b4cf75421472eBAEa4] swapping 1075.0 DAI for WETH
Nonce calculation debug:
- currentNonce (from getTransactionCount): 20
- nonce.override: 77
- nonce.offset: undefined
- Final nonce value: 97
Sending bundle: [
  '0x02f90176833018246185012a05f2008512a05f2000830249f0946c6340ba1dc72c59197825cd94eccc1f9c67416e80b901040cc7326300000000000000000000000000000000000000000000000000000000000000a000000000000000000000000000000000000000000000003a469f3467e8ec0000000000000000000000000000154e2238a212ee4209111d2f3f6351d80e5d74b60000000000000000000000002c57d1cfc6d5f8e4182a56b4cf75421472ebaea4000000000000000000000000000000000000000000000000000000000000000000000000000000000000000000000000000000000000000000000000000000020000000000000000000000001cd4af4a9bf33474c802d31790a195335f7a9ab8000000000000000000000000d676af79742bcaeb4a71cf62b85d5ba2d1deaf86c001a0313fcc0a471ad987921bee8ffb289dc070ea8cbf510454e23950ca8b32498c83a04a046f3d4da25f6326d37179db5d606b79b0eeeaffc47a85d73f8f0fb9229738'
]
nonceOffset: 78
nonceOffset before: 78
Current transaction count:  20
Generating swaps with params: {
  targetBlockNumber: 9,
  txsPerBundle: 1,
  sendRoute: 1,
  txStrategy: 'univ2',
  profRpcUrl: 'None',
  nonceOffset: 78
}
Generating swaps with params: {}
Current nonce for 0x2c57d1CFC6d5f8E4182a56b4cf75421472eBAEa4: 20
Contract Addresses:
AtomicSwap: 0x6C6340BA1Dc72c59197825cD94EcCC1f9c67416e
UniV2FactoryA: 0xB77d61Ea79c7Ea8bfa03d3604Ce5EaBfb95C2aB2
UniV2FactoryB: 0x154E2238a212Ee4209111D2F3F6351D80e5d74B6
WETH: 0xd676AF79742bCAeb4a71CF62b85d5ba2D1deaf86
DAI addresses: [ '0x1CD4aF4A9bF33474C802d31790A195335f7a9Ab8' ]
[0x2c57d1CFC6d5f8E4182a56b4cf75421472eBAEa4] swapping 0.608929946112394149 WETH for DAI
Nonce calculation debug:
- currentNonce (from getTransactionCount): 20
- nonce.override: 78
- nonce.offset: undefined
- Final nonce value: 98
Sending bundle: [
  '0x02f90176833018246285012a05f2008512a05f2000830249f0946c6340ba1dc72c59197825cd94eccc1f9c67416e80b901040cc7326300000000000000000000000000000000000000000000000000000000000000a000000000000000000000000000000000000000000000000008735a8f4b2083a5000000000000000000000000154e2238a212ee4209111d2f3f6351d80e5d74b60000000000000000000000002c57d1cfc6d5f8e4182a56b4cf75421472ebaea400000000000000000000000000000000000000000000000000000000000000000000000000000000000000000000000000000000000000000000000000000002000000000000000000000000d676af79742bcaeb4a71cf62b85d5ba2d1deaf860000000000000000000000001cd4af4a9bf33474c802d31790a195335f7a9ab8c001a07e80a355da7a8ddee46970c408b8a5d13fd290155980e5b753ae364910267a17a0232d36a999c073fc6acd0537804a53742326be959b94b4372e82cb049eeec64d'
]
nonceOffset: 79
nonceOffset before: 79
Current transaction count:  20
Generating swaps with params: {
  targetBlockNumber: 9,
  txsPerBundle: 1,
  sendRoute: 1,
  txStrategy: 'univ2',
  profRpcUrl: 'None',
  nonceOffset: 79
}
Generating swaps with params: {}
Current nonce for 0x2c57d1CFC6d5f8E4182a56b4cf75421472eBAEa4: 20
Contract Addresses:
AtomicSwap: 0x6C6340BA1Dc72c59197825cD94EcCC1f9c67416e
UniV2FactoryA: 0xB77d61Ea79c7Ea8bfa03d3604Ce5EaBfb95C2aB2
UniV2FactoryB: 0x154E2238a212Ee4209111D2F3F6351D80e5d74B6
WETH: 0xd676AF79742bCAeb4a71CF62b85d5ba2D1deaf86
DAI addresses: [ '0x1CD4aF4A9bF33474C802d31790A195335f7a9Ab8' ]
[0x2c57d1CFC6d5f8E4182a56b4cf75421472eBAEa4] swapping 895.0 DAI for WETH
Nonce calculation debug:
- currentNonce (from getTransactionCount): 20
- nonce.override: 79
- nonce.offset: undefined
- Final nonce value: 99
Sending bundle: [
  '0x02f90176833018246385012a05f2008512a05f2000830249f0946c6340ba1dc72c59197825cd94eccc1f9c67416e80b901040cc7326300000000000000000000000000000000000000000000000000000000000000a0000000000000000000000000000000000000000000000030849ebe16369c0000000000000000000000000000154e2238a212ee4209111d2f3f6351d80e5d74b60000000000000000000000002c57d1cfc6d5f8e4182a56b4cf75421472ebaea4000000000000000000000000000000000000000000000000000000000000000000000000000000000000000000000000000000000000000000000000000000020000000000000000000000001cd4af4a9bf33474c802d31790a195335f7a9ab8000000000000000000000000d676af79742bcaeb4a71cf62b85d5ba2d1deaf86c080a0de1925ec3c74099f4fabf7354924b7d438461567c80f41d02a28857277eddae4a0488e71fb49b63b49248e79bd57d0c724dd14e3faae6c01372bde617f1b98549f'
]
nonceOffset: 80
nonceOffset before: 80
Current transaction count:  20
Generating swaps with params: {
  targetBlockNumber: 9,
  txsPerBundle: 1,
  sendRoute: 1,
  txStrategy: 'univ2',
  profRpcUrl: 'None',
  nonceOffset: 80
}
Generating swaps with params: {}
Current nonce for 0x2c57d1CFC6d5f8E4182a56b4cf75421472eBAEa4: 20
Contract Addresses:
AtomicSwap: 0x6C6340BA1Dc72c59197825cD94EcCC1f9c67416e
UniV2FactoryA: 0xB77d61Ea79c7Ea8bfa03d3604Ce5EaBfb95C2aB2
UniV2FactoryB: 0x154E2238a212Ee4209111D2F3F6351D80e5d74B6
WETH: 0xd676AF79742bCAeb4a71CF62b85d5ba2D1deaf86
DAI addresses: [ '0x1CD4aF4A9bF33474C802d31790A195335f7a9Ab8' ]
[0x2c57d1CFC6d5f8E4182a56b4cf75421472eBAEa4] swapping 754.0 DAI for WETH
Nonce calculation debug:
- currentNonce (from getTransactionCount): 20
- nonce.override: 80
- nonce.offset: undefined
- Final nonce value: 100
Sending bundle: [
  '0x02f90176833018246485012a05f2008512a05f2000830249f0946c6340ba1dc72c59197825cd94eccc1f9c67416e80b901040cc7326300000000000000000000000000000000000000000000000000000000000000a0000000000000000000000000000000000000000000000028dfda1d2304880000000000000000000000000000154e2238a212ee4209111d2f3f6351d80e5d74b60000000000000000000000002c57d1cfc6d5f8e4182a56b4cf75421472ebaea4000000000000000000000000000000000000000000000000000000000000000000000000000000000000000000000000000000000000000000000000000000020000000000000000000000001cd4af4a9bf33474c802d31790a195335f7a9ab8000000000000000000000000d676af79742bcaeb4a71cf62b85d5ba2d1deaf86c080a019871abb80bd6757f36f2785203810cc9305153d6744b3f3522f3359ef746f8da007782745e48043b3c9cba57cfbf7a3dd55ee8bbc4f5ea0cd1756e785040ae9f3'
]
nonceOffset: 81
nonceOffset before: 81
Current transaction count:  20
Generating swaps with params: {
  targetBlockNumber: 9,
  txsPerBundle: 1,
  sendRoute: 1,
  txStrategy: 'univ2',
  profRpcUrl: 'None',
  nonceOffset: 81
}
Generating swaps with params: {}
Current nonce for 0x2c57d1CFC6d5f8E4182a56b4cf75421472eBAEa4: 20
Contract Addresses:
AtomicSwap: 0x6C6340BA1Dc72c59197825cD94EcCC1f9c67416e
UniV2FactoryA: 0xB77d61Ea79c7Ea8bfa03d3604Ce5EaBfb95C2aB2
UniV2FactoryB: 0x154E2238a212Ee4209111D2F3F6351D80e5d74B6
WETH: 0xd676AF79742bCAeb4a71CF62b85d5ba2D1deaf86
DAI addresses: [ '0x1CD4aF4A9bF33474C802d31790A195335f7a9Ab8' ]
[0x2c57d1CFC6d5f8E4182a56b4cf75421472eBAEa4] swapping 1072.0 DAI for WETH
Nonce calculation debug:
- currentNonce (from getTransactionCount): 20
- nonce.override: 81
- nonce.offset: undefined
- Final nonce value: 101
Sending bundle: [
  '0x02f90176833018246585012a05f2008512a05f2000830249f0946c6340ba1dc72c59197825cd94eccc1f9c67416e80b901040cc7326300000000000000000000000000000000000000000000000000000000000000a000000000000000000000000000000000000000000000003a1cfd104cf2c00000000000000000000000000000b77d61ea79c7ea8bfa03d3604ce5eabfb95c2ab20000000000000000000000002c57d1cfc6d5f8e4182a56b4cf75421472ebaea4000000000000000000000000000000000000000000000000000000000000000000000000000000000000000000000000000000000000000000000000000000020000000000000000000000001cd4af4a9bf33474c802d31790a195335f7a9ab8000000000000000000000000d676af79742bcaeb4a71cf62b85d5ba2d1deaf86c080a07ab632f90141bc20521ed33294fe29a1b20a3253fa4be42e46f08e57a651ddd3a04f22f433701d5f3c412203f6457eecdb4836613c39e27c3d00a81dc53d78d304'
]
nonceOffset: 82
nonceOffset before: 82
Current transaction count:  20
Generating swaps with params: {
  targetBlockNumber: 9,
  txsPerBundle: 1,
  sendRoute: 1,
  txStrategy: 'univ2',
  profRpcUrl: 'None',
  nonceOffset: 82
}
Generating swaps with params: {}
Current nonce for 0x2c57d1CFC6d5f8E4182a56b4cf75421472eBAEa4: 20
Contract Addresses:
AtomicSwap: 0x6C6340BA1Dc72c59197825cD94EcCC1f9c67416e
UniV2FactoryA: 0xB77d61Ea79c7Ea8bfa03d3604Ce5EaBfb95C2aB2
UniV2FactoryB: 0x154E2238a212Ee4209111D2F3F6351D80e5d74B6
WETH: 0xd676AF79742bCAeb4a71CF62b85d5ba2D1deaf86
DAI addresses: [ '0x1CD4aF4A9bF33474C802d31790A195335f7a9Ab8' ]
[0x2c57d1CFC6d5f8E4182a56b4cf75421472eBAEa4] swapping 573.0 DAI for WETH
Nonce calculation debug:
- currentNonce (from getTransactionCount): 20
- nonce.override: 82
- nonce.offset: undefined
- Final nonce value: 102
Sending bundle: [
  '0x02f90176833018246685012a05f2008512a05f2000830249f0946c6340ba1dc72c59197825cd94eccc1f9c67416e80b901040cc7326300000000000000000000000000000000000000000000000000000000000000a000000000000000000000000000000000000000000000001f0ff8f01daad40000000000000000000000000000b77d61ea79c7ea8bfa03d3604ce5eabfb95c2ab20000000000000000000000002c57d1cfc6d5f8e4182a56b4cf75421472ebaea4000000000000000000000000000000000000000000000000000000000000000000000000000000000000000000000000000000000000000000000000000000020000000000000000000000001cd4af4a9bf33474c802d31790a195335f7a9ab8000000000000000000000000d676af79742bcaeb4a71cf62b85d5ba2d1deaf86c080a0ed124a4fcaef3603d8cc9949f912a560b042c125318e4e22c124557e9e316514a0688f7a932c8bf70ca0b49a32ba223588e4a1f194e5c7bf43ad14707728e10ed3'
]
nonceOffset: 83
nonceOffset before: 83
Current transaction count:  20
Generating swaps with params: {
  targetBlockNumber: 9,
  txsPerBundle: 1,
  sendRoute: 1,
  txStrategy: 'univ2',
  profRpcUrl: 'None',
  nonceOffset: 83
}
Generating swaps with params: {}
Current nonce for 0x2c57d1CFC6d5f8E4182a56b4cf75421472eBAEa4: 20
Contract Addresses:
AtomicSwap: 0x6C6340BA1Dc72c59197825cD94EcCC1f9c67416e
UniV2FactoryA: 0xB77d61Ea79c7Ea8bfa03d3604Ce5EaBfb95C2aB2
UniV2FactoryB: 0x154E2238a212Ee4209111D2F3F6351D80e5d74B6
WETH: 0xd676AF79742bCAeb4a71CF62b85d5ba2D1deaf86
DAI addresses: [ '0x1CD4aF4A9bF33474C802d31790A195335f7a9Ab8' ]
[0x2c57d1CFC6d5f8E4182a56b4cf75421472eBAEa4] swapping 1080.0 DAI for WETH
Nonce calculation debug:
- currentNonce (from getTransactionCount): 20
- nonce.override: 83
- nonce.offset: undefined
- Final nonce value: 103
Sending bundle: [
  '0x02f90176833018246785012a05f2008512a05f2000830249f0946c6340ba1dc72c59197825cd94eccc1f9c67416e80b901040cc7326300000000000000000000000000000000000000000000000000000000000000a000000000000000000000000000000000000000000000003a8c02c5ea2de00000000000000000000000000000b77d61ea79c7ea8bfa03d3604ce5eabfb95c2ab20000000000000000000000002c57d1cfc6d5f8e4182a56b4cf75421472ebaea4000000000000000000000000000000000000000000000000000000000000000000000000000000000000000000000000000000000000000000000000000000020000000000000000000000001cd4af4a9bf33474c802d31790a195335f7a9ab8000000000000000000000000d676af79742bcaeb4a71cf62b85d5ba2d1deaf86c001a096001ae23dcb55e7a4bfeee41653e9883c9cff1c510eb152226de45a10c84754a014b9ab25b31ee36e08672c8110257c3933cc16e3e8c9a585a1e9ed2cc786ddd1'
]
nonceOffset: 84
nonceOffset before: 84
Current transaction count:  20
Generating swaps with params: {
  targetBlockNumber: 9,
  txsPerBundle: 1,
  sendRoute: 1,
  txStrategy: 'univ2',
  profRpcUrl: 'None',
  nonceOffset: 84
}
Generating swaps with params: {}
Current nonce for 0x2c57d1CFC6d5f8E4182a56b4cf75421472eBAEa4: 20
Contract Addresses:
AtomicSwap: 0x6C6340BA1Dc72c59197825cD94EcCC1f9c67416e
UniV2FactoryA: 0xB77d61Ea79c7Ea8bfa03d3604Ce5EaBfb95C2aB2
UniV2FactoryB: 0x154E2238a212Ee4209111D2F3F6351D80e5d74B6
WETH: 0xd676AF79742bCAeb4a71CF62b85d5ba2D1deaf86
DAI addresses: [ '0x1CD4aF4A9bF33474C802d31790A195335f7a9Ab8' ]
[0x2c57d1CFC6d5f8E4182a56b4cf75421472eBAEa4] swapping 1065.0 DAI for WETH
Nonce calculation debug:
- currentNonce (from getTransactionCount): 20
- nonce.override: 84
- nonce.offset: undefined
- Final nonce value: 104
Sending bundle: [
  '0x02f90176833018246885012a05f2008512a05f2000830249f0946c6340ba1dc72c59197825cd94eccc1f9c67416e80b901040cc7326300000000000000000000000000000000000000000000000000000000000000a0000000000000000000000000000000000000000000000039bbd811635f040000000000000000000000000000154e2238a212ee4209111d2f3f6351d80e5d74b60000000000000000000000002c57d1cfc6d5f8e4182a56b4cf75421472ebaea4000000000000000000000000000000000000000000000000000000000000000000000000000000000000000000000000000000000000000000000000000000020000000000000000000000001cd4af4a9bf33474c802d31790a195335f7a9ab8000000000000000000000000d676af79742bcaeb4a71cf62b85d5ba2d1deaf86c080a038746cd28c429b74064c3dd63cca5e112a9df4ceff600f88a907b729b99d0741a03da3d8d494509edba9cb9fdd2bf4efec9f0355f37134481ba952b8c7392427ee'
]
nonceOffset: 85
nonceOffset before: 85
Current transaction count:  20
Generating swaps with params: {
  targetBlockNumber: 9,
  txsPerBundle: 1,
  sendRoute: 1,
  txStrategy: 'univ2',
  profRpcUrl: 'None',
  nonceOffset: 85
}
Generating swaps with params: {}
Current nonce for 0x2c57d1CFC6d5f8E4182a56b4cf75421472eBAEa4: 20
Contract Addresses:
AtomicSwap: 0x6C6340BA1Dc72c59197825cD94EcCC1f9c67416e
UniV2FactoryA: 0xB77d61Ea79c7Ea8bfa03d3604Ce5EaBfb95C2aB2
UniV2FactoryB: 0x154E2238a212Ee4209111D2F3F6351D80e5d74B6
WETH: 0xd676AF79742bCAeb4a71CF62b85d5ba2D1deaf86
DAI addresses: [ '0x1CD4aF4A9bF33474C802d31790A195335f7a9Ab8' ]
[0x2c57d1CFC6d5f8E4182a56b4cf75421472eBAEa4] swapping 0.578137028483448806 WETH for DAI
Nonce calculation debug:
- currentNonce (from getTransactionCount): 20
- nonce.override: 85
- nonce.offset: undefined
- Final nonce value: 105
Sending bundle: [
  '0x02f90176833018246985012a05f2008512a05f2000830249f0946c6340ba1dc72c59197825cd94eccc1f9c67416e80b901040cc7326300000000000000000000000000000000000000000000000000000000000000a00000000000000000000000000000000000000000000000000805f49076417fe6000000000000000000000000154e2238a212ee4209111d2f3f6351d80e5d74b60000000000000000000000002c57d1cfc6d5f8e4182a56b4cf75421472ebaea400000000000000000000000000000000000000000000000000000000000000000000000000000000000000000000000000000000000000000000000000000002000000000000000000000000d676af79742bcaeb4a71cf62b85d5ba2d1deaf860000000000000000000000001cd4af4a9bf33474c802d31790a195335f7a9ab8c080a0a5b3b9fa1ab99e3c94df5e2d66d3d7311bb746a0f303374fba567b2ee17071a0a053b3b954c3a0cdd3533dc4b4733634e0154cda0c7a60b065a5d24826d46b455b'
]
nonceOffset: 86
nonceOffset before: 86
Current transaction count:  20
Generating swaps with params: {
  targetBlockNumber: 9,
  txsPerBundle: 1,
  sendRoute: 1,
  txStrategy: 'univ2',
  profRpcUrl: 'None',
  nonceOffset: 86
}
Generating swaps with params: {}
Current nonce for 0x2c57d1CFC6d5f8E4182a56b4cf75421472eBAEa4: 20
Contract Addresses:
AtomicSwap: 0x6C6340BA1Dc72c59197825cD94EcCC1f9c67416e
UniV2FactoryA: 0xB77d61Ea79c7Ea8bfa03d3604Ce5EaBfb95C2aB2
UniV2FactoryB: 0x154E2238a212Ee4209111D2F3F6351D80e5d74B6
WETH: 0xd676AF79742bCAeb4a71CF62b85d5ba2D1deaf86
DAI addresses: [ '0x1CD4aF4A9bF33474C802d31790A195335f7a9Ab8' ]
[0x2c57d1CFC6d5f8E4182a56b4cf75421472eBAEa4] swapping 826.0 DAI for WETH
Nonce calculation debug:
- currentNonce (from getTransactionCount): 20
- nonce.override: 86
- nonce.offset: undefined
- Final nonce value: 106
Sending bundle: [
  '0x02f90176833018246a85012a05f2008512a05f2000830249f0946c6340ba1dc72c59197825cd94eccc1f9c67416e80b901040cc7326300000000000000000000000000000000000000000000000000000000000000a000000000000000000000000000000000000000000000002cc70d7faa18a80000000000000000000000000000154e2238a212ee4209111d2f3f6351d80e5d74b60000000000000000000000002c57d1cfc6d5f8e4182a56b4cf75421472ebaea4000000000000000000000000000000000000000000000000000000000000000000000000000000000000000000000000000000000000000000000000000000020000000000000000000000001cd4af4a9bf33474c802d31790a195335f7a9ab8000000000000000000000000d676af79742bcaeb4a71cf62b85d5ba2d1deaf86c001a062c915be17180c7bcb0bc443cc1a11f845d8ad895f881a17af9f17a064c66b93a06efa91a34e721b9bf7e9f75874de8278c275fa48511c6bae361d1fbd35095f05'
]
nonceOffset: 87
nonceOffset before: 87
Current transaction count:  20
Generating swaps with params: {
  targetBlockNumber: 9,
  txsPerBundle: 1,
  sendRoute: 1,
  txStrategy: 'univ2',
  profRpcUrl: 'None',
  nonceOffset: 87
}
Generating swaps with params: {}
Current nonce for 0x2c57d1CFC6d5f8E4182a56b4cf75421472eBAEa4: 20
Contract Addresses:
AtomicSwap: 0x6C6340BA1Dc72c59197825cD94EcCC1f9c67416e
UniV2FactoryA: 0xB77d61Ea79c7Ea8bfa03d3604Ce5EaBfb95C2aB2
UniV2FactoryB: 0x154E2238a212Ee4209111D2F3F6351D80e5d74B6
WETH: 0xd676AF79742bCAeb4a71CF62b85d5ba2D1deaf86
DAI addresses: [ '0x1CD4aF4A9bF33474C802d31790A195335f7a9Ab8' ]
[0x2c57d1CFC6d5f8E4182a56b4cf75421472eBAEa4] swapping 0.506543494996150885 WETH for DAI
Nonce calculation debug:
- currentNonce (from getTransactionCount): 20
- nonce.override: 87
- nonce.offset: undefined
- Final nonce value: 107
Sending bundle: [
  '0x02f90176833018246b85012a05f2008512a05f2000830249f0946c6340ba1dc72c59197825cd94eccc1f9c67416e80b901040cc7326300000000000000000000000000000000000000000000000000000000000000a000000000000000000000000000000000000000000000000007079a9ffa87ca65000000000000000000000000b77d61ea79c7ea8bfa03d3604ce5eabfb95c2ab20000000000000000000000002c57d1cfc6d5f8e4182a56b4cf75421472ebaea400000000000000000000000000000000000000000000000000000000000000000000000000000000000000000000000000000000000000000000000000000002000000000000000000000000d676af79742bcaeb4a71cf62b85d5ba2d1deaf860000000000000000000000001cd4af4a9bf33474c802d31790a195335f7a9ab8c080a04623a53560200d8c50a40703847d7aa839e6283ddceb33cf64b096c8c80e6502a07c7709d85b1b8a9013d565c4358f81b02b985c750371e890028fe54af2108671'
]
nonceOffset: 88
nonceOffset before: 88
Current transaction count:  20
Generating swaps with params: {
  targetBlockNumber: 9,
  txsPerBundle: 1,
  sendRoute: 1,
  txStrategy: 'univ2',
  profRpcUrl: 'None',
  nonceOffset: 88
}
Generating swaps with params: {}
Current nonce for 0x2c57d1CFC6d5f8E4182a56b4cf75421472eBAEa4: 20
Contract Addresses:
AtomicSwap: 0x6C6340BA1Dc72c59197825cD94EcCC1f9c67416e
UniV2FactoryA: 0xB77d61Ea79c7Ea8bfa03d3604Ce5EaBfb95C2aB2
UniV2FactoryB: 0x154E2238a212Ee4209111D2F3F6351D80e5d74B6
WETH: 0xd676AF79742bCAeb4a71CF62b85d5ba2D1deaf86
DAI addresses: [ '0x1CD4aF4A9bF33474C802d31790A195335f7a9Ab8' ]
[0x2c57d1CFC6d5f8E4182a56b4cf75421472eBAEa4] swapping 922.0 DAI for WETH
Nonce calculation debug:
- currentNonce (from getTransactionCount): 20
- nonce.override: 88
- nonce.offset: undefined
- Final nonce value: 108
Sending bundle: [
  '0x02f90176833018246c85012a05f2008512a05f2000830249f0946c6340ba1dc72c59197825cd94eccc1f9c67416e80b901040cc7326300000000000000000000000000000000000000000000000000000000000000a0000000000000000000000000000000000000000000000031fb520308de280000000000000000000000000000b77d61ea79c7ea8bfa03d3604ce5eabfb95c2ab20000000000000000000000002c57d1cfc6d5f8e4182a56b4cf75421472ebaea4000000000000000000000000000000000000000000000000000000000000000000000000000000000000000000000000000000000000000000000000000000020000000000000000000000001cd4af4a9bf33474c802d31790a195335f7a9ab8000000000000000000000000d676af79742bcaeb4a71cf62b85d5ba2d1deaf86c080a09c0dc8aee0ab9a14e6e18e23841f7175e9697ea27874af7836ed595516e6a40aa05df8d45983c22653d4cade36f358fb6f849c00e3f3dea1a5656704d7c4645ca8'
]
nonceOffset: 89
nonceOffset before: 89
Current transaction count:  20
Generating swaps with params: {
  targetBlockNumber: 9,
  txsPerBundle: 1,
  sendRoute: 1,
  txStrategy: 'univ2',
  profRpcUrl: 'None',
  nonceOffset: 89
}
Generating swaps with params: {}
Current nonce for 0x2c57d1CFC6d5f8E4182a56b4cf75421472eBAEa4: 20
Contract Addresses:
AtomicSwap: 0x6C6340BA1Dc72c59197825cD94EcCC1f9c67416e
UniV2FactoryA: 0xB77d61Ea79c7Ea8bfa03d3604Ce5EaBfb95C2aB2
UniV2FactoryB: 0x154E2238a212Ee4209111D2F3F6351D80e5d74B6
WETH: 0xd676AF79742bCAeb4a71CF62b85d5ba2D1deaf86
DAI addresses: [ '0x1CD4aF4A9bF33474C802d31790A195335f7a9Ab8' ]
[0x2c57d1CFC6d5f8E4182a56b4cf75421472eBAEa4] swapping 484.0 DAI for WETH
Nonce calculation debug:
- currentNonce (from getTransactionCount): 20
- nonce.override: 89
- nonce.offset: undefined
- Final nonce value: 109
Sending bundle: [
  '0x02f90176833018246d85012a05f2008512a05f2000830249f0946c6340ba1dc72c59197825cd94eccc1f9c67416e80b901040cc7326300000000000000000000000000000000000000000000000000000000000000a000000000000000000000000000000000000000000000001a3cd96ba879100000000000000000000000000000b77d61ea79c7ea8bfa03d3604ce5eabfb95c2ab20000000000000000000000002c57d1cfc6d5f8e4182a56b4cf75421472ebaea4000000000000000000000000000000000000000000000000000000000000000000000000000000000000000000000000000000000000000000000000000000020000000000000000000000001cd4af4a9bf33474c802d31790a195335f7a9ab8000000000000000000000000d676af79742bcaeb4a71cf62b85d5ba2d1deaf86c001a09439b401eb0afe66c3a5a49b87ac7e8d32fab60c1a37835cc1125066b93f02d6a05985ddc0a77edccce340b2707b2e6bbdc171d86f652601e11b1ae89f06a9c915'
]
nonceOffset: 90
nonceOffset before: 90
Current transaction count:  20
Generating swaps with params: {
  targetBlockNumber: 9,
  txsPerBundle: 1,
  sendRoute: 1,
  txStrategy: 'univ2',
  profRpcUrl: 'None',
  nonceOffset: 90
}
Generating swaps with params: {}
Current nonce for 0x2c57d1CFC6d5f8E4182a56b4cf75421472eBAEa4: 20
Contract Addresses:
AtomicSwap: 0x6C6340BA1Dc72c59197825cD94EcCC1f9c67416e
UniV2FactoryA: 0xB77d61Ea79c7Ea8bfa03d3604Ce5EaBfb95C2aB2
UniV2FactoryB: 0x154E2238a212Ee4209111D2F3F6351D80e5d74B6
WETH: 0xd676AF79742bCAeb4a71CF62b85d5ba2D1deaf86
DAI addresses: [ '0x1CD4aF4A9bF33474C802d31790A195335f7a9Ab8' ]
[0x2c57d1CFC6d5f8E4182a56b4cf75421472eBAEa4] swapping 0.15923076923076923 WETH for DAI
Nonce calculation debug:
- currentNonce (from getTransactionCount): 20
- nonce.override: 90
- nonce.offset: undefined
- Final nonce value: 110
Sending bundle: [
  '0x02f90176833018246e85012a05f2008512a05f2000830249f0946c6340ba1dc72c59197825cd94eccc1f9c67416e80b901040cc7326300000000000000000000000000000000000000000000000000000000000000a00000000000000000000000000000000000000000000000000235b38a7d4fec4e000000000000000000000000b77d61ea79c7ea8bfa03d3604ce5eabfb95c2ab20000000000000000000000002c57d1cfc6d5f8e4182a56b4cf75421472ebaea400000000000000000000000000000000000000000000000000000000000000000000000000000000000000000000000000000000000000000000000000000002000000000000000000000000d676af79742bcaeb4a71cf62b85d5ba2d1deaf860000000000000000000000001cd4af4a9bf33474c802d31790a195335f7a9ab8c001a0cf03bca006a2276728413819045c68364b9ef74548aaa71a8e704d70b206386aa07b2a26228a23666200bf92e00e6b532eb249c30f0d7c70b6be7d00d30fc2b482'
]
nonceOffset: 91
nonceOffset before: 91
Current transaction count:  20
Generating swaps with params: {
  targetBlockNumber: 9,
  txsPerBundle: 1,
  sendRoute: 1,
  txStrategy: 'univ2',
  profRpcUrl: 'None',
  nonceOffset: 91
}
Generating swaps with params: {}
Current nonce for 0x2c57d1CFC6d5f8E4182a56b4cf75421472eBAEa4: 20
Contract Addresses:
AtomicSwap: 0x6C6340BA1Dc72c59197825cD94EcCC1f9c67416e
UniV2FactoryA: 0xB77d61Ea79c7Ea8bfa03d3604Ce5EaBfb95C2aB2
UniV2FactoryB: 0x154E2238a212Ee4209111D2F3F6351D80e5d74B6
WETH: 0xd676AF79742bCAeb4a71CF62b85d5ba2D1deaf86
DAI addresses: [ '0x1CD4aF4A9bF33474C802d31790A195335f7a9Ab8' ]
[0x2c57d1CFC6d5f8E4182a56b4cf75421472eBAEa4] swapping 0.35642802155504234 WETH for DAI
Nonce calculation debug:
- currentNonce (from getTransactionCount): 20
- nonce.override: 91
- nonce.offset: undefined
- Final nonce value: 111
Sending bundle: [
  '0x02f90176833018246f85012a05f2008512a05f2000830249f0946c6340ba1dc72c59197825cd94eccc1f9c67416e80b901040cc7326300000000000000000000000000000000000000000000000000000000000000a000000000000000000000000000000000000000000000000004f24965acc89824000000000000000000000000154e2238a212ee4209111d2f3f6351d80e5d74b60000000000000000000000002c57d1cfc6d5f8e4182a56b4cf75421472ebaea400000000000000000000000000000000000000000000000000000000000000000000000000000000000000000000000000000000000000000000000000000002000000000000000000000000d676af79742bcaeb4a71cf62b85d5ba2d1deaf860000000000000000000000001cd4af4a9bf33474c802d31790a195335f7a9ab8c001a001e7e26fc29683689c5ea65e5a2cac2cfc476526ef67d53386b26c48bb20445ba02fdf5ca2594bab34becac53bd9c54643086a93f08b83d5fee68fd0c4088e7c14'
]
nonceOffset: 92
nonceOffset before: 92
Current transaction count:  20
Generating swaps with params: {
  targetBlockNumber: 9,
  txsPerBundle: 1,
  sendRoute: 1,
  txStrategy: 'univ2',
  profRpcUrl: 'None',
  nonceOffset: 92
}
Generating swaps with params: {}
Current nonce for 0x2c57d1CFC6d5f8E4182a56b4cf75421472eBAEa4: 20
Contract Addresses:
AtomicSwap: 0x6C6340BA1Dc72c59197825cD94EcCC1f9c67416e
UniV2FactoryA: 0xB77d61Ea79c7Ea8bfa03d3604Ce5EaBfb95C2aB2
UniV2FactoryB: 0x154E2238a212Ee4209111D2F3F6351D80e5d74B6
WETH: 0xd676AF79742bCAeb4a71CF62b85d5ba2D1deaf86
DAI addresses: [ '0x1CD4aF4A9bF33474C802d31790A195335f7a9Ab8' ]
[0x2c57d1CFC6d5f8E4182a56b4cf75421472eBAEa4] swapping 0.47959969207082371 WETH for DAI
Nonce calculation debug:
- currentNonce (from getTransactionCount): 20
- nonce.override: 92
- nonce.offset: undefined
- Final nonce value: 112
Sending bundle: [
  '0x02f90176833018247085012a05f2008512a05f2000830249f0946c6340ba1dc72c59197825cd94eccc1f9c67416e80b901040cc7326300000000000000000000000000000000000000000000000000000000000000a000000000000000000000000000000000000000000000000006a7e1610044a71e000000000000000000000000154e2238a212ee4209111d2f3f6351d80e5d74b60000000000000000000000002c57d1cfc6d5f8e4182a56b4cf75421472ebaea400000000000000000000000000000000000000000000000000000000000000000000000000000000000000000000000000000000000000000000000000000002000000000000000000000000d676af79742bcaeb4a71cf62b85d5ba2d1deaf860000000000000000000000001cd4af4a9bf33474c802d31790a195335f7a9ab8c001a025ddaefb47b3ae087f242545077baadcc97ce21d7dd72e34c839b6cb16b14790a0699cbc1f039e4f84dafc252e36d6fb93020843a1cacf2d17d74d7bda9500f40d'
]
nonceOffset: 93
nonceOffset before: 93
Current transaction count:  20
Generating swaps with params: {
  targetBlockNumber: 9,
  txsPerBundle: 1,
  sendRoute: 1,
  txStrategy: 'univ2',
  profRpcUrl: 'None',
  nonceOffset: 93
}
Generating swaps with params: {}
Current nonce for 0x2c57d1CFC6d5f8E4182a56b4cf75421472eBAEa4: 20
Contract Addresses:
AtomicSwap: 0x6C6340BA1Dc72c59197825cD94EcCC1f9c67416e
UniV2FactoryA: 0xB77d61Ea79c7Ea8bfa03d3604Ce5EaBfb95C2aB2
UniV2FactoryB: 0x154E2238a212Ee4209111D2F3F6351D80e5d74B6
WETH: 0xd676AF79742bCAeb4a71CF62b85d5ba2D1deaf86
DAI addresses: [ '0x1CD4aF4A9bF33474C802d31790A195335f7a9Ab8' ]
[0x2c57d1CFC6d5f8E4182a56b4cf75421472eBAEa4] swapping 167.0 DAI for WETH
Nonce calculation debug:
- currentNonce (from getTransactionCount): 20
- nonce.override: 93
- nonce.offset: undefined
- Final nonce value: 113
Sending bundle: [
  '0x02f90176833018247185012a05f2008512a05f2000830249f0946c6340ba1dc72c59197825cd94eccc1f9c67416e80b901040cc7326300000000000000000000000000000000000000000000000000000000000000a00000000000000000000000000000000000000000000000090d972f32323c0000000000000000000000000000b77d61ea79c7ea8bfa03d3604ce5eabfb95c2ab20000000000000000000000002c57d1cfc6d5f8e4182a56b4cf75421472ebaea4000000000000000000000000000000000000000000000000000000000000000000000000000000000000000000000000000000000000000000000000000000020000000000000000000000001cd4af4a9bf33474c802d31790a195335f7a9ab8000000000000000000000000d676af79742bcaeb4a71cf62b85d5ba2d1deaf86c080a0e4a25d145eb2bf649acb859dd01cdd4c61518b933a2e449c5604cad32f9eabaca07db68dc36613c935b931e4c51c024860db5438a430f0b03e1647ebc28ced3572'
]
nonceOffset: 94
nonceOffset before: 94
Current transaction count:  20
Generating swaps with params: {
  targetBlockNumber: 9,
  txsPerBundle: 1,
  sendRoute: 1,
  txStrategy: 'univ2',
  profRpcUrl: 'None',
  nonceOffset: 94
}
Generating swaps with params: {}
Current nonce for 0x2c57d1CFC6d5f8E4182a56b4cf75421472eBAEa4: 20
Contract Addresses:
AtomicSwap: 0x6C6340BA1Dc72c59197825cD94EcCC1f9c67416e
UniV2FactoryA: 0xB77d61Ea79c7Ea8bfa03d3604Ce5EaBfb95C2aB2
UniV2FactoryB: 0x154E2238a212Ee4209111D2F3F6351D80e5d74B6
WETH: 0xd676AF79742bCAeb4a71CF62b85d5ba2D1deaf86
DAI addresses: [ '0x1CD4aF4A9bF33474C802d31790A195335f7a9Ab8' ]
[0x2c57d1CFC6d5f8E4182a56b4cf75421472eBAEa4] swapping 0.530408006158583525 WETH for DAI
Nonce calculation debug:
- currentNonce (from getTransactionCount): 20
- nonce.override: 94
- nonce.offset: undefined
- Final nonce value: 114
Sending bundle: [
  '0x02f90176833018247285012a05f2008512a05f2000830249f0946c6340ba1dc72c59197825cd94eccc1f9c67416e80b901040cc7326300000000000000000000000000000000000000000000000000000000000000a0000000000000000000000000000000000000000000000000075c6345791b06e5000000000000000000000000b77d61ea79c7ea8bfa03d3604ce5eabfb95c2ab20000000000000000000000002c57d1cfc6d5f8e4182a56b4cf75421472ebaea400000000000000000000000000000000000000000000000000000000000000000000000000000000000000000000000000000000000000000000000000000002000000000000000000000000d676af79742bcaeb4a71cf62b85d5ba2d1deaf860000000000000000000000001cd4af4a9bf33474c802d31790a195335f7a9ab8c001a09e9998bd7e769910586489c3f5b646412e504a5962e8d7c9382ef5089a8025f4a059f195c44898388f2a3ab7dae1e73224302d40ad7e7fa78672b22e3a9b0bd282'
]
nonceOffset: 95
nonceOffset before: 95
Current transaction count:  20
Generating swaps with params: {
  targetBlockNumber: 9,
  txsPerBundle: 1,
  sendRoute: 1,
  txStrategy: 'univ2',
  profRpcUrl: 'None',
  nonceOffset: 95
}
Generating swaps with params: {}
Current nonce for 0x2c57d1CFC6d5f8E4182a56b4cf75421472eBAEa4: 20
Contract Addresses:
AtomicSwap: 0x6C6340BA1Dc72c59197825cD94EcCC1f9c67416e
UniV2FactoryA: 0xB77d61Ea79c7Ea8bfa03d3604Ce5EaBfb95C2aB2
UniV2FactoryB: 0x154E2238a212Ee4209111D2F3F6351D80e5d74B6
WETH: 0xd676AF79742bCAeb4a71CF62b85d5ba2D1deaf86
DAI addresses: [ '0x1CD4aF4A9bF33474C802d31790A195335f7a9Ab8' ]
[0x2c57d1CFC6d5f8E4182a56b4cf75421472eBAEa4] swapping 0.536566589684372594 WETH for DAI
Nonce calculation debug:
- currentNonce (from getTransactionCount): 20
- nonce.override: 95
- nonce.offset: undefined
- Final nonce value: 115
Sending bundle: [
  '0x02f90176833018247385012a05f2008512a05f2000830249f0946c6340ba1dc72c59197825cd94eccc1f9c67416e80b901040cc7326300000000000000000000000000000000000000000000000000000000000000a000000000000000000000000000000000000000000000000007724478707ad472000000000000000000000000154e2238a212ee4209111d2f3f6351d80e5d74b60000000000000000000000002c57d1cfc6d5f8e4182a56b4cf75421472ebaea400000000000000000000000000000000000000000000000000000000000000000000000000000000000000000000000000000000000000000000000000000002000000000000000000000000d676af79742bcaeb4a71cf62b85d5ba2d1deaf860000000000000000000000001cd4af4a9bf33474c802d31790a195335f7a9ab8c001a0ee36e4e1d26a4368a3bfb55ac5663a7ce1d8541a566b1039907be7d69b07f095a067f3de03d163fc96195c7f4e9c9da5f8fe7fcb440a49ed71d487301465fe89c6'
]
nonceOffset: 96
nonceOffset before: 96
Current transaction count:  20
Generating swaps with params: {
  targetBlockNumber: 9,
  txsPerBundle: 1,
  sendRoute: 1,
  txStrategy: 'univ2',
  profRpcUrl: 'None',
  nonceOffset: 96
}
Generating swaps with params: {}
Current nonce for 0x2c57d1CFC6d5f8E4182a56b4cf75421472eBAEa4: 20
Contract Addresses:
AtomicSwap: 0x6C6340BA1Dc72c59197825cD94EcCC1f9c67416e
UniV2FactoryA: 0xB77d61Ea79c7Ea8bfa03d3604Ce5EaBfb95C2aB2
UniV2FactoryB: 0x154E2238a212Ee4209111D2F3F6351D80e5d74B6
WETH: 0xd676AF79742bCAeb4a71CF62b85d5ba2D1deaf86
DAI addresses: [ '0x1CD4aF4A9bF33474C802d31790A195335f7a9Ab8' ]
[0x2c57d1CFC6d5f8E4182a56b4cf75421472eBAEa4] swapping 706.0 DAI for WETH
Nonce calculation debug:
- currentNonce (from getTransactionCount): 20
- nonce.override: 96
- nonce.offset: undefined
- Final nonce value: 116
Sending bundle: [
  '0x02f90176833018247485012a05f2008512a05f2000830249f0946c6340ba1dc72c59197825cd94eccc1f9c67416e80b901040cc7326300000000000000000000000000000000000000000000000000000000000000a000000000000000000000000000000000000000000000002645b7db73a1c80000000000000000000000000000b77d61ea79c7ea8bfa03d3604ce5eabfb95c2ab20000000000000000000000002c57d1cfc6d5f8e4182a56b4cf75421472ebaea4000000000000000000000000000000000000000000000000000000000000000000000000000000000000000000000000000000000000000000000000000000020000000000000000000000001cd4af4a9bf33474c802d31790a195335f7a9ab8000000000000000000000000d676af79742bcaeb4a71cf62b85d5ba2d1deaf86c080a0913311800f049e648951d1916a4c253329a20ecdbe9deaeef9c49c527ef50b43a01e604ec693ef40e1dc8fee83fadcd69d2a131b0d530c2f83b0c9f2adbcec3577'
]
nonceOffset: 97
nonceOffset before: 97
Current transaction count:  20
Generating swaps with params: {
  targetBlockNumber: 9,
  txsPerBundle: 1,
  sendRoute: 1,
  txStrategy: 'univ2',
  profRpcUrl: 'None',
  nonceOffset: 97
}
Generating swaps with params: {}
Current nonce for 0x2c57d1CFC6d5f8E4182a56b4cf75421472eBAEa4: 20
Contract Addresses:
AtomicSwap: 0x6C6340BA1Dc72c59197825cD94EcCC1f9c67416e
UniV2FactoryA: 0xB77d61Ea79c7Ea8bfa03d3604Ce5EaBfb95C2aB2
UniV2FactoryB: 0x154E2238a212Ee4209111D2F3F6351D80e5d74B6
WETH: 0xd676AF79742bCAeb4a71CF62b85d5ba2D1deaf86
DAI addresses: [ '0x1CD4aF4A9bF33474C802d31790A195335f7a9Ab8' ]
[0x2c57d1CFC6d5f8E4182a56b4cf75421472eBAEa4] swapping 0.354118552732871439 WETH for DAI
Nonce calculation debug:
- currentNonce (from getTransactionCount): 20
- nonce.override: 97
- nonce.offset: undefined
- Final nonce value: 117
Sending bundle: [
  '0x02f90176833018247585012a05f2008512a05f2000830249f0946c6340ba1dc72c59197825cd94eccc1f9c67416e80b901040cc7326300000000000000000000000000000000000000000000000000000000000000a000000000000000000000000000000000000000000000000004ea14f29004ab0f000000000000000000000000154e2238a212ee4209111d2f3f6351d80e5d74b60000000000000000000000002c57d1cfc6d5f8e4182a56b4cf75421472ebaea400000000000000000000000000000000000000000000000000000000000000000000000000000000000000000000000000000000000000000000000000000002000000000000000000000000d676af79742bcaeb4a71cf62b85d5ba2d1deaf860000000000000000000000001cd4af4a9bf33474c802d31790a195335f7a9ab8c080a0ae3841e0f2703abc4cb545609556800345c36e77a76394de580c779e3119dcb1a0316851b9f4e9a251300d64448512ed39b8294b4f03d2b67f401f500d468f82d0'
]
nonceOffset: 98
nonceOffset before: 98
Current transaction count:  20
Generating swaps with params: {
  targetBlockNumber: 9,
  txsPerBundle: 1,
  sendRoute: 1,
  txStrategy: 'univ2',
  profRpcUrl: 'None',
  nonceOffset: 98
}
Generating swaps with params: {}
Current nonce for 0x2c57d1CFC6d5f8E4182a56b4cf75421472eBAEa4: 20
Contract Addresses:
AtomicSwap: 0x6C6340BA1Dc72c59197825cD94EcCC1f9c67416e
UniV2FactoryA: 0xB77d61Ea79c7Ea8bfa03d3604Ce5EaBfb95C2aB2
UniV2FactoryB: 0x154E2238a212Ee4209111D2F3F6351D80e5d74B6
WETH: 0xd676AF79742bCAeb4a71CF62b85d5ba2D1deaf86
DAI addresses: [ '0x1CD4aF4A9bF33474C802d31790A195335f7a9Ab8' ]
[0x2c57d1CFC6d5f8E4182a56b4cf75421472eBAEa4] swapping 165.0 DAI for WETH
Nonce calculation debug:
- currentNonce (from getTransactionCount): 20
- nonce.override: 98
- nonce.offset: undefined
- Final nonce value: 118
Sending bundle: [
  '0x02f90176833018247685012a05f2008512a05f2000830249f0946c6340ba1dc72c59197825cd94eccc1f9c67416e80b901040cc7326300000000000000000000000000000000000000000000000000000000000000a0000000000000000000000000000000000000000000000008f1d5c1cae3740000000000000000000000000000b77d61ea79c7ea8bfa03d3604ce5eabfb95c2ab20000000000000000000000002c57d1cfc6d5f8e4182a56b4cf75421472ebaea4000000000000000000000000000000000000000000000000000000000000000000000000000000000000000000000000000000000000000000000000000000020000000000000000000000001cd4af4a9bf33474c802d31790a195335f7a9ab8000000000000000000000000d676af79742bcaeb4a71cf62b85d5ba2d1deaf86c001a02a81f59ad98849de98ef53d22fa227f0c962949dfb2ce503bdb16c5fd456c043a04bdcd731973698ae423b49c7bd795e76d8e43e2070b29c245fe2420a8ee15556'
]
nonceOffset: 99
nonceOffset before: 99
Current transaction count:  20
Generating swaps with params: {
  targetBlockNumber: 9,
  txsPerBundle: 1,
  sendRoute: 1,
  txStrategy: 'univ2',
  profRpcUrl: 'None',
  nonceOffset: 99
}
Generating swaps with params: {}
Current nonce for 0x2c57d1CFC6d5f8E4182a56b4cf75421472eBAEa4: 20
Contract Addresses:
AtomicSwap: 0x6C6340BA1Dc72c59197825cD94EcCC1f9c67416e
UniV2FactoryA: 0xB77d61Ea79c7Ea8bfa03d3604Ce5EaBfb95C2aB2
UniV2FactoryB: 0x154E2238a212Ee4209111D2F3F6351D80e5d74B6
WETH: 0xd676AF79742bCAeb4a71CF62b85d5ba2D1deaf86
DAI addresses: [ '0x1CD4aF4A9bF33474C802d31790A195335f7a9Ab8' ]
[0x2c57d1CFC6d5f8E4182a56b4cf75421472eBAEa4] swapping 1070.0 DAI for WETH
Nonce calculation debug:
- currentNonce (from getTransactionCount): 20
- nonce.override: 99
- nonce.offset: undefined
- Final nonce value: 119
Sending bundle: [
  '0x02f90176833018247785012a05f2008512a05f2000830249f0946c6340ba1dc72c59197825cd94eccc1f9c67416e80b901040cc7326300000000000000000000000000000000000000000000000000000000000000a000000000000000000000000000000000000000000000003a013ba2e5a3f80000000000000000000000000000154e2238a212ee4209111d2f3f6351d80e5d74b60000000000000000000000002c57d1cfc6d5f8e4182a56b4cf75421472ebaea4000000000000000000000000000000000000000000000000000000000000000000000000000000000000000000000000000000000000000000000000000000020000000000000000000000001cd4af4a9bf33474c802d31790a195335f7a9ab8000000000000000000000000d676af79742bcaeb4a71cf62b85d5ba2d1deaf86c080a0d585570469d83f657d771d71bd6616eb69009e70e9d20b295dc221073019004ba06e57f8929cd8db02fa8f814997d5b82c5cd243ab51cc2bc392e9fe3037c83793'
]
nonceOffset: 100
nonceOffset before: 100
Current transaction count:  20
Generating swaps with params: {
  targetBlockNumber: 9,
  txsPerBundle: 1,
  sendRoute: 1,
  txStrategy: 'univ2',
  profRpcUrl: 'None',
  nonceOffset: 100
}
Generating swaps with params: {}
Current nonce for 0x2c57d1CFC6d5f8E4182a56b4cf75421472eBAEa4: 20
Contract Addresses:
AtomicSwap: 0x6C6340BA1Dc72c59197825cD94EcCC1f9c67416e
UniV2FactoryA: 0xB77d61Ea79c7Ea8bfa03d3604Ce5EaBfb95C2aB2
UniV2FactoryB: 0x154E2238a212Ee4209111D2F3F6351D80e5d74B6
WETH: 0xd676AF79742bCAeb4a71CF62b85d5ba2D1deaf86
DAI addresses: [ '0x1CD4aF4A9bF33474C802d31790A195335f7a9Ab8' ]
[0x2c57d1CFC6d5f8E4182a56b4cf75421472eBAEa4] swapping 922.0 DAI for WETH
Nonce calculation debug:
- currentNonce (from getTransactionCount): 20
- nonce.override: 100
- nonce.offset: undefined
- Final nonce value: 120
Sending bundle: [
  '0x02f90176833018247885012a05f2008512a05f2000830249f0946c6340ba1dc72c59197825cd94eccc1f9c67416e80b901040cc7326300000000000000000000000000000000000000000000000000000000000000a0000000000000000000000000000000000000000000000031fb520308de280000000000000000000000000000b77d61ea79c7ea8bfa03d3604ce5eabfb95c2ab20000000000000000000000002c57d1cfc6d5f8e4182a56b4cf75421472ebaea4000000000000000000000000000000000000000000000000000000000000000000000000000000000000000000000000000000000000000000000000000000020000000000000000000000001cd4af4a9bf33474c802d31790a195335f7a9ab8000000000000000000000000d676af79742bcaeb4a71cf62b85d5ba2d1deaf86c001a0c3b6786a0cf51f3392976b00e29fbd558079a13f48bc5e71d6cddc7fe42a5780a01155305573550439b9ac1fa19c0da23624b08a3dee580ef481ee8aa3c8298175'
]
nonceOffset: 101
nonceOffset before: 101
Current transaction count:  20
Generating swaps with params: {
  targetBlockNumber: 9,
  txsPerBundle: 1,
  sendRoute: 1,
  txStrategy: 'univ2',
  profRpcUrl: 'None',
  nonceOffset: 101
}
Generating swaps with params: {}
Current nonce for 0x2c57d1CFC6d5f8E4182a56b4cf75421472eBAEa4: 20
Contract Addresses:
AtomicSwap: 0x6C6340BA1Dc72c59197825cD94EcCC1f9c67416e
UniV2FactoryA: 0xB77d61Ea79c7Ea8bfa03d3604Ce5EaBfb95C2aB2
UniV2FactoryB: 0x154E2238a212Ee4209111D2F3F6351D80e5d74B6
WETH: 0xd676AF79742bCAeb4a71CF62b85d5ba2D1deaf86
DAI addresses: [ '0x1CD4aF4A9bF33474C802d31790A195335f7a9Ab8' ]
[0x2c57d1CFC6d5f8E4182a56b4cf75421472eBAEa4] swapping 460.0 DAI for WETH
Nonce calculation debug:
- currentNonce (from getTransactionCount): 20
- nonce.override: 101
- nonce.offset: undefined
- Final nonce value: 121
Sending bundle: [
  '0x02f90176833018247985012a05f2008512a05f2000830249f0946c6340ba1dc72c59197825cd94eccc1f9c67416e80b901040cc7326300000000000000000000000000000000000000000000000000000000000000a0000000000000000000000000000000000000000000000018efc84ad0c7b00000000000000000000000000000154e2238a212ee4209111d2f3f6351d80e5d74b60000000000000000000000002c57d1cfc6d5f8e4182a56b4cf75421472ebaea4000000000000000000000000000000000000000000000000000000000000000000000000000000000000000000000000000000000000000000000000000000020000000000000000000000001cd4af4a9bf33474c802d31790a195335f7a9ab8000000000000000000000000d676af79742bcaeb4a71cf62b85d5ba2d1deaf86c080a047ed4254e2aab6128befe5af1eb161feb7a3102d706cea92dec1e0f23e9e7d80a035dd41c942330dc1ea2141f8640f1395b463e142cf9a4e4fac684f1332f590a7'
]
nonceOffset: 102
nonceOffset before: 102
Current transaction count:  20
Generating swaps with params: {
  targetBlockNumber: 9,
  txsPerBundle: 1,
  sendRoute: 1,
  txStrategy: 'univ2',
  profRpcUrl: 'None',
  nonceOffset: 102
}
Generating swaps with params: {}
Current nonce for 0x2c57d1CFC6d5f8E4182a56b4cf75421472eBAEa4: 20
Contract Addresses:
AtomicSwap: 0x6C6340BA1Dc72c59197825cD94EcCC1f9c67416e
UniV2FactoryA: 0xB77d61Ea79c7Ea8bfa03d3604Ce5EaBfb95C2aB2
UniV2FactoryB: 0x154E2238a212Ee4209111D2F3F6351D80e5d74B6
WETH: 0xd676AF79742bCAeb4a71CF62b85d5ba2D1deaf86
DAI addresses: [ '0x1CD4aF4A9bF33474C802d31790A195335f7a9Ab8' ]
[0x2c57d1CFC6d5f8E4182a56b4cf75421472eBAEa4] swapping 757.0 DAI for WETH
Nonce calculation debug:
- currentNonce (from getTransactionCount): 20
- nonce.override: 102
- nonce.offset: undefined
- Final nonce value: 122
Sending bundle: [
  '0x02f90176833018247a85012a05f2008512a05f2000830249f0946c6340ba1dc72c59197825cd94eccc1f9c67416e80b901040cc7326300000000000000000000000000000000000000000000000000000000000000a0000000000000000000000000000000000000000000000029097c413dfab40000000000000000000000000000154e2238a212ee4209111d2f3f6351d80e5d74b60000000000000000000000002c57d1cfc6d5f8e4182a56b4cf75421472ebaea4000000000000000000000000000000000000000000000000000000000000000000000000000000000000000000000000000000000000000000000000000000020000000000000000000000001cd4af4a9bf33474c802d31790a195335f7a9ab8000000000000000000000000d676af79742bcaeb4a71cf62b85d5ba2d1deaf86c001a0e72aae11bf57532dad95a29ba3c25941f0c98993d5f15d850e8b1b2e807e0176a07a8d316f9fa08d875f6cebc80a1d31ae5a14794252eee44db634a8e309b2fbc9'
]
nonceOffset: 103
nonceOffset before: 103
Current transaction count:  20
Generating swaps with params: {
  targetBlockNumber: 9,
  txsPerBundle: 1,
  sendRoute: 1,
  txStrategy: 'univ2',
  profRpcUrl: 'None',
  nonceOffset: 103
}
Generating swaps with params: {}
Current nonce for 0x2c57d1CFC6d5f8E4182a56b4cf75421472eBAEa4: 20
Contract Addresses:
AtomicSwap: 0x6C6340BA1Dc72c59197825cD94EcCC1f9c67416e
UniV2FactoryA: 0xB77d61Ea79c7Ea8bfa03d3604Ce5EaBfb95C2aB2
UniV2FactoryB: 0x154E2238a212Ee4209111D2F3F6351D80e5d74B6
WETH: 0xd676AF79742bCAeb4a71CF62b85d5ba2D1deaf86
DAI addresses: [ '0x1CD4aF4A9bF33474C802d31790A195335f7a9Ab8' ]
[0x2c57d1CFC6d5f8E4182a56b4cf75421472eBAEa4] swapping 0.339491916859122401 WETH for DAI
Nonce calculation debug:
- currentNonce (from getTransactionCount): 20
- nonce.override: 103
- nonce.offset: undefined
- Final nonce value: 123
Sending bundle: [
  '0x02f90176833018247b85012a05f2008512a05f2000830249f0946c6340ba1dc72c59197825cd94eccc1f9c67416e80b901040cc7326300000000000000000000000000000000000000000000000000000000000000a000000000000000000000000000000000000000000000000004b61e19848122e1000000000000000000000000b77d61ea79c7ea8bfa03d3604ce5eabfb95c2ab20000000000000000000000002c57d1cfc6d5f8e4182a56b4cf75421472ebaea400000000000000000000000000000000000000000000000000000000000000000000000000000000000000000000000000000000000000000000000000000002000000000000000000000000d676af79742bcaeb4a71cf62b85d5ba2d1deaf860000000000000000000000001cd4af4a9bf33474c802d31790a195335f7a9ab8c080a066a58a5653b233197c10b8c764bcab3bd4e7e3f1a39a9f1ea6cb86ec0a7ad80ba06e7c91730001afc993590260d618f7b34e3134a289718eff21b376b5d64c2070'
]
nonceOffset: 104
nonceOffset before: 104
Current transaction count:  20
Generating swaps with params: {
  targetBlockNumber: 9,
  txsPerBundle: 1,
  sendRoute: 1,
  txStrategy: 'univ2',
  profRpcUrl: 'None',
  nonceOffset: 104
}
Generating swaps with params: {}
Current nonce for 0x2c57d1CFC6d5f8E4182a56b4cf75421472eBAEa4: 20
Contract Addresses:
AtomicSwap: 0x6C6340BA1Dc72c59197825cD94EcCC1f9c67416e
UniV2FactoryA: 0xB77d61Ea79c7Ea8bfa03d3604Ce5EaBfb95C2aB2
UniV2FactoryB: 0x154E2238a212Ee4209111D2F3F6351D80e5d74B6
WETH: 0xd676AF79742bCAeb4a71CF62b85d5ba2D1deaf86
DAI addresses: [ '0x1CD4aF4A9bF33474C802d31790A195335f7a9Ab8' ]
[0x2c57d1CFC6d5f8E4182a56b4cf75421472eBAEa4] swapping 208.0 DAI for WETH
Nonce calculation debug:
- currentNonce (from getTransactionCount): 20
- nonce.override: 104
- nonce.offset: undefined
- Final nonce value: 124
Sending bundle: [
  '0x02f90176833018247c85012a05f2008512a05f2000830249f0946c6340ba1dc72c59197825cd94eccc1f9c67416e80b901040cc7326300000000000000000000000000000000000000000000000000000000000000a000000000000000000000000000000000000000000000000b469471f801400000000000000000000000000000b77d61ea79c7ea8bfa03d3604ce5eabfb95c2ab20000000000000000000000002c57d1cfc6d5f8e4182a56b4cf75421472ebaea4000000000000000000000000000000000000000000000000000000000000000000000000000000000000000000000000000000000000000000000000000000020000000000000000000000001cd4af4a9bf33474c802d31790a195335f7a9ab8000000000000000000000000d676af79742bcaeb4a71cf62b85d5ba2d1deaf86c001a0b2b6075a08dba8fe695ebe0cffa20ff391f243f592b401602fd81776bcfff8dea07b073cb09d504f1aa594da4b10936f215d12139b1a136bb8db78542f2af83b03'
]
nonceOffset: 105
nonceOffset before: 105
Current transaction count:  20
Generating swaps with params: {
  targetBlockNumber: 9,
  txsPerBundle: 1,
  sendRoute: 1,
  txStrategy: 'univ2',
  profRpcUrl: 'None',
  nonceOffset: 105
}
Generating swaps with params: {}
Current nonce for 0x2c57d1CFC6d5f8E4182a56b4cf75421472eBAEa4: 20
Contract Addresses:
AtomicSwap: 0x6C6340BA1Dc72c59197825cD94EcCC1f9c67416e
UniV2FactoryA: 0xB77d61Ea79c7Ea8bfa03d3604Ce5EaBfb95C2aB2
UniV2FactoryB: 0x154E2238a212Ee4209111D2F3F6351D80e5d74B6
WETH: 0xd676AF79742bCAeb4a71CF62b85d5ba2D1deaf86
DAI addresses: [ '0x1CD4aF4A9bF33474C802d31790A195335f7a9Ab8' ]
[0x2c57d1CFC6d5f8E4182a56b4cf75421472eBAEa4] swapping 969.0 DAI for WETH
Nonce calculation debug:
- currentNonce (from getTransactionCount): 20
- nonce.override: 105
- nonce.offset: undefined
- Final nonce value: 125
Sending bundle: [
  '0x02f90176833018247d85012a05f2008512a05f2000830249f0946c6340ba1dc72c59197825cd94eccc1f9c67416e80b901040cc7326300000000000000000000000000000000000000000000000000000000000000a000000000000000000000000000000000000000000000003487938e0499840000000000000000000000000000b77d61ea79c7ea8bfa03d3604ce5eabfb95c2ab20000000000000000000000002c57d1cfc6d5f8e4182a56b4cf75421472ebaea4000000000000000000000000000000000000000000000000000000000000000000000000000000000000000000000000000000000000000000000000000000020000000000000000000000001cd4af4a9bf33474c802d31790a195335f7a9ab8000000000000000000000000d676af79742bcaeb4a71cf62b85d5ba2d1deaf86c001a08335441263f8f5bc6b6347d4082eceb9dcedb86fc27c6d17288f1426077e391ea07ae0e61e8edb7d4f6c6bb19422e987591e0483e25e164e063dfbd11f05b7b7eb'
]
nonceOffset: 106
nonceOffset before: 106
Current transaction count:  20
Generating swaps with params: {
  targetBlockNumber: 9,
  txsPerBundle: 1,
  sendRoute: 1,
  txStrategy: 'univ2',
  profRpcUrl: 'None',
  nonceOffset: 106
}
Generating swaps with params: {}
Current nonce for 0x2c57d1CFC6d5f8E4182a56b4cf75421472eBAEa4: 20
Contract Addresses:
AtomicSwap: 0x6C6340BA1Dc72c59197825cD94EcCC1f9c67416e
UniV2FactoryA: 0xB77d61Ea79c7Ea8bfa03d3604Ce5EaBfb95C2aB2
UniV2FactoryB: 0x154E2238a212Ee4209111D2F3F6351D80e5d74B6
WETH: 0xd676AF79742bCAeb4a71CF62b85d5ba2D1deaf86
DAI addresses: [ '0x1CD4aF4A9bF33474C802d31790A195335f7a9Ab8' ]
[0x2c57d1CFC6d5f8E4182a56b4cf75421472eBAEa4] swapping 0.274056966897613548 WETH for DAI
Nonce calculation debug:
- currentNonce (from getTransactionCount): 20
- nonce.override: 106
- nonce.offset: undefined
- Final nonce value: 126
Sending bundle: [
  '0x02f90176833018247e85012a05f2008512a05f2000830249f0946c6340ba1dc72c59197825cd94eccc1f9c67416e80b901040cc7326300000000000000000000000000000000000000000000000000000000000000a000000000000000000000000000000000000000000000000003cda55c00273aec000000000000000000000000b77d61ea79c7ea8bfa03d3604ce5eabfb95c2ab20000000000000000000000002c57d1cfc6d5f8e4182a56b4cf75421472ebaea400000000000000000000000000000000000000000000000000000000000000000000000000000000000000000000000000000000000000000000000000000002000000000000000000000000d676af79742bcaeb4a71cf62b85d5ba2d1deaf860000000000000000000000001cd4af4a9bf33474c802d31790a195335f7a9ab8c080a0fb1474b5a58cbe36c98e89da03525ffb6576c06168d0a4b9b67eba1ec9effdc7a05f6396ad91f7ac3eef5f5d5471310a89eb8ffa96bd7e6a7eb3d21c5ff876b0f4'
]
nonceOffset: 107
nonceOffset before: 107
Current transaction count:  20
Generating swaps with params: {
  targetBlockNumber: 9,
  txsPerBundle: 1,
  sendRoute: 1,
  txStrategy: 'univ2',
  profRpcUrl: 'None',
  nonceOffset: 107
}
Generating swaps with params: {}
Current nonce for 0x2c57d1CFC6d5f8E4182a56b4cf75421472eBAEa4: 20
Contract Addresses:
AtomicSwap: 0x6C6340BA1Dc72c59197825cD94EcCC1f9c67416e
UniV2FactoryA: 0xB77d61Ea79c7Ea8bfa03d3604Ce5EaBfb95C2aB2
UniV2FactoryB: 0x154E2238a212Ee4209111D2F3F6351D80e5d74B6
WETH: 0xd676AF79742bCAeb4a71CF62b85d5ba2D1deaf86
DAI addresses: [ '0x1CD4aF4A9bF33474C802d31790A195335f7a9Ab8' ]
[0x2c57d1CFC6d5f8E4182a56b4cf75421472eBAEa4] swapping 1074.0 DAI for WETH
Nonce calculation debug:
- currentNonce (from getTransactionCount): 20
- nonce.override: 107
- nonce.offset: undefined
- Final nonce value: 127
Sending bundle: [
  '0x02f90176833018247f85012a05f2008512a05f2000830249f0946c6340ba1dc72c59197825cd94eccc1f9c67416e80b901040cc7326300000000000000000000000000000000000000000000000000000000000000a000000000000000000000000000000000000000000000003a38be7db441880000000000000000000000000000154e2238a212ee4209111d2f3f6351d80e5d74b60000000000000000000000002c57d1cfc6d5f8e4182a56b4cf75421472ebaea4000000000000000000000000000000000000000000000000000000000000000000000000000000000000000000000000000000000000000000000000000000020000000000000000000000001cd4af4a9bf33474c802d31790a195335f7a9ab8000000000000000000000000d676af79742bcaeb4a71cf62b85d5ba2d1deaf86c080a09722a8346451cb8a98bb5c54af037e26bffc320745f81ccd9b1cc5c2233ab936a045b341a5518dd8d5be922e1cbf1da0208ee4492fc59892138f3a655abac72870'
]
nonceOffset: 108
nonceOffset before: 108
Current transaction count:  20
Generating swaps with params: {
  targetBlockNumber: 9,
  txsPerBundle: 1,
  sendRoute: 1,
  txStrategy: 'univ2',
  profRpcUrl: 'None',
  nonceOffset: 108
}
Generating swaps with params: {}
Current nonce for 0x2c57d1CFC6d5f8E4182a56b4cf75421472eBAEa4: 20
Contract Addresses:
AtomicSwap: 0x6C6340BA1Dc72c59197825cD94EcCC1f9c67416e
UniV2FactoryA: 0xB77d61Ea79c7Ea8bfa03d3604Ce5EaBfb95C2aB2
UniV2FactoryB: 0x154E2238a212Ee4209111D2F3F6351D80e5d74B6
WETH: 0xd676AF79742bCAeb4a71CF62b85d5ba2D1deaf86
DAI addresses: [ '0x1CD4aF4A9bF33474C802d31790A195335f7a9Ab8' ]
[0x2c57d1CFC6d5f8E4182a56b4cf75421472eBAEa4] swapping 829.0 DAI for WETH
Nonce calculation debug:
- currentNonce (from getTransactionCount): 20
- nonce.override: 108
- nonce.offset: undefined
- Final nonce value: 128
Sending bundle: [
  '0x02f9017783301824818085012a05f2008512a05f2000830249f0946c6340ba1dc72c59197825cd94eccc1f9c67416e80b901040cc7326300000000000000000000000000000000000000000000000000000000000000a000000000000000000000000000000000000000000000002cf0afa3c50ed40000000000000000000000000000b77d61ea79c7ea8bfa03d3604ce5eabfb95c2ab20000000000000000000000002c57d1cfc6d5f8e4182a56b4cf75421472ebaea4000000000000000000000000000000000000000000000000000000000000000000000000000000000000000000000000000000000000000000000000000000020000000000000000000000001cd4af4a9bf33474c802d31790a195335f7a9ab8000000000000000000000000d676af79742bcaeb4a71cf62b85d5ba2d1deaf86c001a0c8edc3c142e7132039c503cc310a7511f65434bc613e6e47185cbb635c8acc06a03aa17249e47f466ebbd29260d77a8d8bb4034a89e155bdbff11ab66916cf6bec'
]
nonceOffset: 109
nonceOffset before: 109
Current transaction count:  20
Generating swaps with params: {
  targetBlockNumber: 9,
  txsPerBundle: 1,
  sendRoute: 1,
  txStrategy: 'univ2',
  profRpcUrl: 'None',
  nonceOffset: 109
}
Generating swaps with params: {}
Current nonce for 0x2c57d1CFC6d5f8E4182a56b4cf75421472eBAEa4: 20
Contract Addresses:
AtomicSwap: 0x6C6340BA1Dc72c59197825cD94EcCC1f9c67416e
UniV2FactoryA: 0xB77d61Ea79c7Ea8bfa03d3604Ce5EaBfb95C2aB2
UniV2FactoryB: 0x154E2238a212Ee4209111D2F3F6351D80e5d74B6
WETH: 0xd676AF79742bCAeb4a71CF62b85d5ba2D1deaf86
DAI addresses: [ '0x1CD4aF4A9bF33474C802d31790A195335f7a9Ab8' ]
[0x2c57d1CFC6d5f8E4182a56b4cf75421472eBAEa4] swapping 0.501924557351809083 WETH for DAI
Nonce calculation debug:
- currentNonce (from getTransactionCount): 20
- nonce.override: 109
- nonce.offset: undefined
- Final nonce value: 129
Sending bundle: [
  '0x02f9017783301824818185012a05f2008512a05f2000830249f0946c6340ba1dc72c59197825cd94eccc1f9c67416e80b901040cc7326300000000000000000000000000000000000000000000000000000000000000a000000000000000000000000000000000000000000000000006f731b9c0fff03b000000000000000000000000b77d61ea79c7ea8bfa03d3604ce5eabfb95c2ab20000000000000000000000002c57d1cfc6d5f8e4182a56b4cf75421472ebaea400000000000000000000000000000000000000000000000000000000000000000000000000000000000000000000000000000000000000000000000000000002000000000000000000000000d676af79742bcaeb4a71cf62b85d5ba2d1deaf860000000000000000000000001cd4af4a9bf33474c802d31790a195335f7a9ab8c080a09ac66c23a2e3c0cb14dc81bef8b7d347c16a9a3703dcbe52efbaf8d03f05bbf0a073f18d36618e08c3f5c16a64c27d45912dd8350c95f95817f3f81895c1761e47'
]
nonceOffset: 110
nonceOffset before: 110
Current transaction count:  20
Generating swaps with params: {
  targetBlockNumber: 9,
  txsPerBundle: 1,
  sendRoute: 1,
  txStrategy: 'univ2',
  profRpcUrl: 'None',
  nonceOffset: 110
}
Generating swaps with params: {}
Current nonce for 0x2c57d1CFC6d5f8E4182a56b4cf75421472eBAEa4: 20
Contract Addresses:
AtomicSwap: 0x6C6340BA1Dc72c59197825cD94EcCC1f9c67416e
UniV2FactoryA: 0xB77d61Ea79c7Ea8bfa03d3604Ce5EaBfb95C2aB2
UniV2FactoryB: 0x154E2238a212Ee4209111D2F3F6351D80e5d74B6
WETH: 0xd676AF79742bCAeb4a71CF62b85d5ba2D1deaf86
DAI addresses: [ '0x1CD4aF4A9bF33474C802d31790A195335f7a9Ab8' ]
[0x2c57d1CFC6d5f8E4182a56b4cf75421472eBAEa4] swapping 924.0 DAI for WETH
Nonce calculation debug:
- currentNonce (from getTransactionCount): 20
- nonce.override: 110
- nonce.offset: undefined
- Final nonce value: 130
Sending bundle: [
  '0x02f9017783301824818285012a05f2008512a05f2000830249f0946c6340ba1dc72c59197825cd94eccc1f9c67416e80b901040cc7326300000000000000000000000000000000000000000000000000000000000000a0000000000000000000000000000000000000000000000032171370702cf00000000000000000000000000000154e2238a212ee4209111d2f3f6351d80e5d74b60000000000000000000000002c57d1cfc6d5f8e4182a56b4cf75421472ebaea4000000000000000000000000000000000000000000000000000000000000000000000000000000000000000000000000000000000000000000000000000000020000000000000000000000001cd4af4a9bf33474c802d31790a195335f7a9ab8000000000000000000000000d676af79742bcaeb4a71cf62b85d5ba2d1deaf86c080a0808cc0cd44a15ab8b3274442ae1633dd1d41ba6cb0b6dd7354d3dc3bc8431084a05609cfb97bc453d321bde6d632791cb8d0e90a75164d6687a77278313b01fd60'
]
nonceOffset: 111
nonceOffset before: 111
Current transaction count:  20
Generating swaps with params: {
  targetBlockNumber: 9,
  txsPerBundle: 1,
  sendRoute: 1,
  txStrategy: 'univ2',
  profRpcUrl: 'None',
  nonceOffset: 111
}
Generating swaps with params: {}
Current nonce for 0x2c57d1CFC6d5f8E4182a56b4cf75421472eBAEa4: 20
Contract Addresses:
AtomicSwap: 0x6C6340BA1Dc72c59197825cD94EcCC1f9c67416e
UniV2FactoryA: 0xB77d61Ea79c7Ea8bfa03d3604Ce5EaBfb95C2aB2
UniV2FactoryB: 0x154E2238a212Ee4209111D2F3F6351D80e5d74B6
WETH: 0xd676AF79742bCAeb4a71CF62b85d5ba2D1deaf86
DAI addresses: [ '0x1CD4aF4A9bF33474C802d31790A195335f7a9Ab8' ]
[0x2c57d1CFC6d5f8E4182a56b4cf75421472eBAEa4] swapping 0.786594761171032357 WETH for DAI
Nonce calculation debug:
- currentNonce (from getTransactionCount): 20
- nonce.override: 111
- nonce.offset: undefined
- Final nonce value: 131
Sending bundle: [
  '0x02f9017783301824818385012a05f2008512a05f2000830249f0946c6340ba1dc72c59197825cd94eccc1f9c67416e80b901040cc7326300000000000000000000000000000000000000000000000000000000000000a00000000000000000000000000000000000000000000000000aea8bc489c85925000000000000000000000000b77d61ea79c7ea8bfa03d3604ce5eabfb95c2ab20000000000000000000000002c57d1cfc6d5f8e4182a56b4cf75421472ebaea400000000000000000000000000000000000000000000000000000000000000000000000000000000000000000000000000000000000000000000000000000002000000000000000000000000d676af79742bcaeb4a71cf62b85d5ba2d1deaf860000000000000000000000001cd4af4a9bf33474c802d31790a195335f7a9ab8c001a0da404d9bf4fa806becc8420c979dc676546486b95bfd4ff6e1b0a3ce942e7682a0433b5718e22ea0b599ba867eb0ed53a2450eb567ce3d0d44b1a3779af9da1c39'
]
nonceOffset: 112
nonceOffset before: 112
Current transaction count:  20
Generating swaps with params: {
  targetBlockNumber: 9,
  txsPerBundle: 1,
  sendRoute: 1,
  txStrategy: 'univ2',
  profRpcUrl: 'None',
  nonceOffset: 112
}
Generating swaps with params: {}
Current nonce for 0x2c57d1CFC6d5f8E4182a56b4cf75421472eBAEa4: 20
Contract Addresses:
AtomicSwap: 0x6C6340BA1Dc72c59197825cD94EcCC1f9c67416e
UniV2FactoryA: 0xB77d61Ea79c7Ea8bfa03d3604Ce5EaBfb95C2aB2
UniV2FactoryB: 0x154E2238a212Ee4209111D2F3F6351D80e5d74B6
WETH: 0xd676AF79742bCAeb4a71CF62b85d5ba2D1deaf86
DAI addresses: [ '0x1CD4aF4A9bF33474C802d31790A195335f7a9Ab8' ]
[0x2c57d1CFC6d5f8E4182a56b4cf75421472eBAEa4] swapping 0.539645881447267128 WETH for DAI
Nonce calculation debug:
- currentNonce (from getTransactionCount): 20
- nonce.override: 112
- nonce.offset: undefined
- Final nonce value: 132
Sending bundle: [
  '0x02f9017783301824818485012a05f2008512a05f2000830249f0946c6340ba1dc72c59197825cd94eccc1f9c67416e80b901040cc7326300000000000000000000000000000000000000000000000000000000000000a0000000000000000000000000000000000000000000000000077d3511ec2abb38000000000000000000000000b77d61ea79c7ea8bfa03d3604ce5eabfb95c2ab20000000000000000000000002c57d1cfc6d5f8e4182a56b4cf75421472ebaea400000000000000000000000000000000000000000000000000000000000000000000000000000000000000000000000000000000000000000000000000000002000000000000000000000000d676af79742bcaeb4a71cf62b85d5ba2d1deaf860000000000000000000000001cd4af4a9bf33474c802d31790a195335f7a9ab8c080a0cae6d00e743fd6011327efffc2f4a631fb4e61a1329a69e8db22844efbf7c0cba0388156706cdbc5ce7bec00c0dd0fa15b5493424fc302f103537e7e088cef13aa'
]
nonceOffset: 113
nonceOffset before: 113
Current transaction count:  20
Generating swaps with params: {
  targetBlockNumber: 9,
  txsPerBundle: 1,
  sendRoute: 1,
  txStrategy: 'univ2',
  profRpcUrl: 'None',
  nonceOffset: 113
}
Generating swaps with params: {}
Current nonce for 0x2c57d1CFC6d5f8E4182a56b4cf75421472eBAEa4: 20
Contract Addresses:
AtomicSwap: 0x6C6340BA1Dc72c59197825cD94EcCC1f9c67416e
UniV2FactoryA: 0xB77d61Ea79c7Ea8bfa03d3604Ce5EaBfb95C2aB2
UniV2FactoryB: 0x154E2238a212Ee4209111D2F3F6351D80e5d74B6
WETH: 0xd676AF79742bCAeb4a71CF62b85d5ba2D1deaf86
DAI addresses: [ '0x1CD4aF4A9bF33474C802d31790A195335f7a9Ab8' ]
[0x2c57d1CFC6d5f8E4182a56b4cf75421472eBAEa4] swapping 0.387990762124711316 WETH for DAI
Nonce calculation debug:
- currentNonce (from getTransactionCount): 20
- nonce.override: 113
- nonce.offset: undefined
- Final nonce value: 133
Sending bundle: [
  '0x02f9017783301824818585012a05f2008512a05f2000830249f0946c6340ba1dc72c59197825cd94eccc1f9c67416e80b901040cc7326300000000000000000000000000000000000000000000000000000000000000a000000000000000000000000000000000000000000000000005626b8ae0939594000000000000000000000000154e2238a212ee4209111d2f3f6351d80e5d74b60000000000000000000000002c57d1cfc6d5f8e4182a56b4cf75421472ebaea400000000000000000000000000000000000000000000000000000000000000000000000000000000000000000000000000000000000000000000000000000002000000000000000000000000d676af79742bcaeb4a71cf62b85d5ba2d1deaf860000000000000000000000001cd4af4a9bf33474c802d31790a195335f7a9ab8c080a01c6cbeb04536ec700f7c7f86e69adb02d30d879cb02fe83985ce312535d1a64aa03b7d2c6a74733cc2ce1955057c6b467ef68682dddcb5f7e880847fc39c451efb'
]
nonceOffset: 114
nonceOffset before: 114
Current transaction count:  20
Generating swaps with params: {
  targetBlockNumber: 9,
  txsPerBundle: 1,
  sendRoute: 1,
  txStrategy: 'univ2',
  profRpcUrl: 'None',
  nonceOffset: 114
}
Generating swaps with params: {}
Current nonce for 0x2c57d1CFC6d5f8E4182a56b4cf75421472eBAEa4: 20
Contract Addresses:
AtomicSwap: 0x6C6340BA1Dc72c59197825cD94EcCC1f9c67416e
UniV2FactoryA: 0xB77d61Ea79c7Ea8bfa03d3604Ce5EaBfb95C2aB2
UniV2FactoryB: 0x154E2238a212Ee4209111D2F3F6351D80e5d74B6
WETH: 0xd676AF79742bCAeb4a71CF62b85d5ba2D1deaf86
DAI addresses: [ '0x1CD4aF4A9bF33474C802d31790A195335f7a9Ab8' ]
[0x2c57d1CFC6d5f8E4182a56b4cf75421472eBAEa4] swapping 713.0 DAI for WETH
Nonce calculation debug:
- currentNonce (from getTransactionCount): 20
- nonce.override: 114
- nonce.offset: undefined
- Final nonce value: 134
Sending bundle: [
  '0x02f9017783301824818685012a05f2008512a05f2000830249f0946c6340ba1dc72c59197825cd94eccc1f9c67416e80b901040cc7326300000000000000000000000000000000000000000000000000000000000000a0000000000000000000000000000000000000000000000026a6dcda5d35840000000000000000000000000000b77d61ea79c7ea8bfa03d3604ce5eabfb95c2ab20000000000000000000000002c57d1cfc6d5f8e4182a56b4cf75421472ebaea4000000000000000000000000000000000000000000000000000000000000000000000000000000000000000000000000000000000000000000000000000000020000000000000000000000001cd4af4a9bf33474c802d31790a195335f7a9ab8000000000000000000000000d676af79742bcaeb4a71cf62b85d5ba2d1deaf86c001a026d8a12f60dd580b90471201f65588923a2db29eb284f6788be0b306a7f0ce44a0154824d746aea31caed9de0fbdaa3826d4a669841d1b3c1fad341d1c26be094e'
]
nonceOffset: 115
nonceOffset before: 115
Current transaction count:  20
Generating swaps with params: {
  targetBlockNumber: 9,
  txsPerBundle: 1,
  sendRoute: 1,
  txStrategy: 'univ2',
  profRpcUrl: 'None',
  nonceOffset: 115
}
Generating swaps with params: {}
Current nonce for 0x2c57d1CFC6d5f8E4182a56b4cf75421472eBAEa4: 20
Contract Addresses:
AtomicSwap: 0x6C6340BA1Dc72c59197825cD94EcCC1f9c67416e
UniV2FactoryA: 0xB77d61Ea79c7Ea8bfa03d3604Ce5EaBfb95C2aB2
UniV2FactoryB: 0x154E2238a212Ee4209111D2F3F6351D80e5d74B6
WETH: 0xd676AF79742bCAeb4a71CF62b85d5ba2D1deaf86
DAI addresses: [ '0x1CD4aF4A9bF33474C802d31790A195335f7a9Ab8' ]
[0x2c57d1CFC6d5f8E4182a56b4cf75421472eBAEa4] swapping 0.428021555042340261 WETH for DAI
Nonce calculation debug:
- currentNonce (from getTransactionCount): 20
- nonce.override: 115
- nonce.offset: undefined
- Final nonce value: 135
Sending bundle: [
  '0x02f9017783301824818785012a05f2008512a05f2000830249f0946c6340ba1dc72c59197825cd94eccc1f9c67416e80b901040cc7326300000000000000000000000000000000000000000000000000000000000000a000000000000000000000000000000000000000000000000005f0a35628824da5000000000000000000000000b77d61ea79c7ea8bfa03d3604ce5eabfb95c2ab20000000000000000000000002c57d1cfc6d5f8e4182a56b4cf75421472ebaea400000000000000000000000000000000000000000000000000000000000000000000000000000000000000000000000000000000000000000000000000000002000000000000000000000000d676af79742bcaeb4a71cf62b85d5ba2d1deaf860000000000000000000000001cd4af4a9bf33474c802d31790a195335f7a9ab8c080a0b0cde56db80e9f5f776e792d8870b1f66d1a5bd04979fdb0679f74e29a2d04a9a00f0942058fdf5ac43dce82b700a3b28f6183a5d38fcaa6bfb69bfef67eb3025f'
]
nonceOffset: 116
nonceOffset before: 116
Current transaction count:  20
Generating swaps with params: {
  targetBlockNumber: 9,
  txsPerBundle: 1,
  sendRoute: 1,
  txStrategy: 'univ2',
  profRpcUrl: 'None',
  nonceOffset: 116
}
Generating swaps with params: {}
Current nonce for 0x2c57d1CFC6d5f8E4182a56b4cf75421472eBAEa4: 20
Contract Addresses:
AtomicSwap: 0x6C6340BA1Dc72c59197825cD94EcCC1f9c67416e
UniV2FactoryA: 0xB77d61Ea79c7Ea8bfa03d3604Ce5EaBfb95C2aB2
UniV2FactoryB: 0x154E2238a212Ee4209111D2F3F6351D80e5d74B6
WETH: 0xd676AF79742bCAeb4a71CF62b85d5ba2D1deaf86
DAI addresses: [ '0x1CD4aF4A9bF33474C802d31790A195335f7a9Ab8' ]
[0x2c57d1CFC6d5f8E4182a56b4cf75421472eBAEa4] swapping 0.206312548113933795 WETH for DAI
Nonce calculation debug:
- currentNonce (from getTransactionCount): 20
- nonce.override: 116
- nonce.offset: undefined
- Final nonce value: 136
Sending bundle: [
  '0x02f9017783301824818885012a05f2008512a05f2000830249f0946c6340ba1dc72c59197825cd94eccc1f9c67416e80b901040cc7326300000000000000000000000000000000000000000000000000000000000000a000000000000000000000000000000000000000000000000002dcf82b5f0965e3000000000000000000000000b77d61ea79c7ea8bfa03d3604ce5eabfb95c2ab20000000000000000000000002c57d1cfc6d5f8e4182a56b4cf75421472ebaea400000000000000000000000000000000000000000000000000000000000000000000000000000000000000000000000000000000000000000000000000000002000000000000000000000000d676af79742bcaeb4a71cf62b85d5ba2d1deaf860000000000000000000000001cd4af4a9bf33474c802d31790a195335f7a9ab8c001a08764e8af83b00b339f78f0c55b752f2b47b01be3da8ae5985f71716d3764523ea0494259d634558e4d46611b8f1786ea2ef15b7013c1a989aeb7d9ba15f54f0056'
]
nonceOffset: 117
nonceOffset before: 117
Current transaction count:  20
Generating swaps with params: {
  targetBlockNumber: 9,
  txsPerBundle: 1,
  sendRoute: 1,
  txStrategy: 'univ2',
  profRpcUrl: 'None',
  nonceOffset: 117
}
Generating swaps with params: {}
Current nonce for 0x2c57d1CFC6d5f8E4182a56b4cf75421472eBAEa4: 20
Contract Addresses:
AtomicSwap: 0x6C6340BA1Dc72c59197825cD94EcCC1f9c67416e
UniV2FactoryA: 0xB77d61Ea79c7Ea8bfa03d3604Ce5EaBfb95C2aB2
UniV2FactoryB: 0x154E2238a212Ee4209111D2F3F6351D80e5d74B6
WETH: 0xd676AF79742bCAeb4a71CF62b85d5ba2D1deaf86
DAI addresses: [ '0x1CD4aF4A9bF33474C802d31790A195335f7a9Ab8' ]
[0x2c57d1CFC6d5f8E4182a56b4cf75421472eBAEa4] swapping 340.0 DAI for WETH
Nonce calculation debug:
- currentNonce (from getTransactionCount): 20
- nonce.override: 117
- nonce.offset: undefined
- Final nonce value: 137
Sending bundle: [
  '0x02f9017783301824818985012a05f2008512a05f2000830249f0946c6340ba1dc72c59197825cd94eccc1f9c67416e80b901040cc7326300000000000000000000000000000000000000000000000000000000000000a00000000000000000000000000000000000000000000000126e72a69a50d00000000000000000000000000000154e2238a212ee4209111d2f3f6351d80e5d74b60000000000000000000000002c57d1cfc6d5f8e4182a56b4cf75421472ebaea4000000000000000000000000000000000000000000000000000000000000000000000000000000000000000000000000000000000000000000000000000000020000000000000000000000001cd4af4a9bf33474c802d31790a195335f7a9ab8000000000000000000000000d676af79742bcaeb4a71cf62b85d5ba2d1deaf86c001a0dfb7686d3a130b007a45fe6cc47ca9447876d2d849e905adb59c60b6e22f6160a02663e9e62c13642f3b2036a755d6e530570debeb9050252db89c1f35d04a1308'
]
nonceOffset: 118
nonceOffset before: 118
Current transaction count:  20
Generating swaps with params: {
  targetBlockNumber: 9,
  txsPerBundle: 1,
  sendRoute: 1,
  txStrategy: 'univ2',
  profRpcUrl: 'None',
  nonceOffset: 118
}
Generating swaps with params: {}
Current nonce for 0x2c57d1CFC6d5f8E4182a56b4cf75421472eBAEa4: 20
Contract Addresses:
AtomicSwap: 0x6C6340BA1Dc72c59197825cD94EcCC1f9c67416e
UniV2FactoryA: 0xB77d61Ea79c7Ea8bfa03d3604Ce5EaBfb95C2aB2
UniV2FactoryB: 0x154E2238a212Ee4209111D2F3F6351D80e5d74B6
WETH: 0xd676AF79742bCAeb4a71CF62b85d5ba2D1deaf86
DAI addresses: [ '0x1CD4aF4A9bF33474C802d31790A195335f7a9Ab8' ]
[0x2c57d1CFC6d5f8E4182a56b4cf75421472eBAEa4] swapping 0.452655889145496535 WETH for DAI
Nonce calculation debug:
- currentNonce (from getTransactionCount): 20
- nonce.override: 118
- nonce.offset: undefined
- Final nonce value: 138
Sending bundle: [
  '0x02f9017783301824818a85012a05f2008512a05f2000830249f0946c6340ba1dc72c59197825cd94eccc1f9c67416e80b901040cc7326300000000000000000000000000000000000000000000000000000000000000a000000000000000000000000000000000000000000000000006482822060183d7000000000000000000000000154e2238a212ee4209111d2f3f6351d80e5d74b60000000000000000000000002c57d1cfc6d5f8e4182a56b4cf75421472ebaea400000000000000000000000000000000000000000000000000000000000000000000000000000000000000000000000000000000000000000000000000000002000000000000000000000000d676af79742bcaeb4a71cf62b85d5ba2d1deaf860000000000000000000000001cd4af4a9bf33474c802d31790a195335f7a9ab8c080a0bca026964adc904021f299d87d5390bd8bcbb9ced71af36bfd214d3325b05987a05fe05e67262c0753eea282feab50e25e8c2e7799cc8b4c037343f374f0d91ff8'
]
nonceOffset: 119
nonceOffset before: 119
Current transaction count:  20
Generating swaps with params: {
  targetBlockNumber: 9,
  txsPerBundle: 1,
  sendRoute: 1,
  txStrategy: 'univ2',
  profRpcUrl: 'None',
  nonceOffset: 119
}
Generating swaps with params: {}
Current nonce for 0x2c57d1CFC6d5f8E4182a56b4cf75421472eBAEa4: 20
Contract Addresses:
AtomicSwap: 0x6C6340BA1Dc72c59197825cD94EcCC1f9c67416e
UniV2FactoryA: 0xB77d61Ea79c7Ea8bfa03d3604Ce5EaBfb95C2aB2
UniV2FactoryB: 0x154E2238a212Ee4209111D2F3F6351D80e5d74B6
WETH: 0xd676AF79742bCAeb4a71CF62b85d5ba2D1deaf86
DAI addresses: [ '0x1CD4aF4A9bF33474C802d31790A195335f7a9Ab8' ]
[0x2c57d1CFC6d5f8E4182a56b4cf75421472eBAEa4] swapping 381.0 DAI for WETH
Nonce calculation debug:
- currentNonce (from getTransactionCount): 20
- nonce.override: 119
- nonce.offset: undefined
- Final nonce value: 139
Sending bundle: [
  '0x02f9017783301824818b85012a05f2008512a05f2000830249f0946c6340ba1dc72c59197825cd94eccc1f9c67416e80b901040cc7326300000000000000000000000000000000000000000000000000000000000000a0000000000000000000000000000000000000000000000014a76fe9601fd40000000000000000000000000000b77d61ea79c7ea8bfa03d3604ce5eabfb95c2ab20000000000000000000000002c57d1cfc6d5f8e4182a56b4cf75421472ebaea4000000000000000000000000000000000000000000000000000000000000000000000000000000000000000000000000000000000000000000000000000000020000000000000000000000001cd4af4a9bf33474c802d31790a195335f7a9ab8000000000000000000000000d676af79742bcaeb4a71cf62b85d5ba2d1deaf86c001a043db5b460e7b299a5681152ad26f75df967271535f513a66b5b43ae8a5a23348a0501767bd6bf94e091d431c4aad94f286c57bf17b3cd57dbf79eaba1ca1633cbf'
]
nonceOffset: 120
nonceOffset before: 120
Current transaction count:  20
Generating swaps with params: {
  targetBlockNumber: 9,
  txsPerBundle: 1,
  sendRoute: 1,
  txStrategy: 'univ2',
  profRpcUrl: 'None',
  nonceOffset: 120
}
Generating swaps with params: {}
Current nonce for 0x2c57d1CFC6d5f8E4182a56b4cf75421472eBAEa4: 20
Contract Addresses:
AtomicSwap: 0x6C6340BA1Dc72c59197825cD94EcCC1f9c67416e
UniV2FactoryA: 0xB77d61Ea79c7Ea8bfa03d3604Ce5EaBfb95C2aB2
UniV2FactoryB: 0x154E2238a212Ee4209111D2F3F6351D80e5d74B6
WETH: 0xd676AF79742bCAeb4a71CF62b85d5ba2D1deaf86
DAI addresses: [ '0x1CD4aF4A9bF33474C802d31790A195335f7a9Ab8' ]
[0x2c57d1CFC6d5f8E4182a56b4cf75421472eBAEa4] swapping 358.0 DAI for WETH
Nonce calculation debug:
- currentNonce (from getTransactionCount): 20
- nonce.override: 120
- nonce.offset: undefined
- Final nonce value: 140
Sending bundle: [
  '0x02f9017783301824818c85012a05f2008512a05f2000830249f0946c6340ba1dc72c59197825cd94eccc1f9c67416e80b901040cc7326300000000000000000000000000000000000000000000000000000000000000a0000000000000000000000000000000000000000000000013683f7f3c15d80000000000000000000000000000b77d61ea79c7ea8bfa03d3604ce5eabfb95c2ab20000000000000000000000002c57d1cfc6d5f8e4182a56b4cf75421472ebaea4000000000000000000000000000000000000000000000000000000000000000000000000000000000000000000000000000000000000000000000000000000020000000000000000000000001cd4af4a9bf33474c802d31790a195335f7a9ab8000000000000000000000000d676af79742bcaeb4a71cf62b85d5ba2d1deaf86c001a029dc82285045a432ae257790aab6c9f401c66f4389cee4018dd89371620bbf49a0687c409358e1d88a5135836d0f1532614a3733ddd5b716dfb32cd1d11f8a03cc'
]
nonceOffset: 121
nonceOffset before: 121
Current transaction count:  20
Generating swaps with params: {
  targetBlockNumber: 9,
  txsPerBundle: 1,
  sendRoute: 1,
  txStrategy: 'univ2',
  profRpcUrl: 'None',
  nonceOffset: 121
}
Generating swaps with params: {}
Current nonce for 0x2c57d1CFC6d5f8E4182a56b4cf75421472eBAEa4: 20
Contract Addresses:
AtomicSwap: 0x6C6340BA1Dc72c59197825cD94EcCC1f9c67416e
UniV2FactoryA: 0xB77d61Ea79c7Ea8bfa03d3604Ce5EaBfb95C2aB2
UniV2FactoryB: 0x154E2238a212Ee4209111D2F3F6351D80e5d74B6
WETH: 0xd676AF79742bCAeb4a71CF62b85d5ba2D1deaf86
DAI addresses: [ '0x1CD4aF4A9bF33474C802d31790A195335f7a9Ab8' ]
[0x2c57d1CFC6d5f8E4182a56b4cf75421472eBAEa4] swapping 0.595531587057010785 WETH for DAI
Nonce calculation debug:
- currentNonce (from getTransactionCount): 20
- nonce.override: 121
- nonce.offset: undefined
- Final nonce value: 141
Sending bundle: [
  '0x02f9017783301824818d85012a05f2008512a05f2000830249f0946c6340ba1dc72c59197825cd94eccc1f9c67416e80b901040cc7326300000000000000000000000000000000000000000000000000000000000000a00000000000000000000000000000000000000000000000000843c0d2bb0ec861000000000000000000000000b77d61ea79c7ea8bfa03d3604ce5eabfb95c2ab20000000000000000000000002c57d1cfc6d5f8e4182a56b4cf75421472ebaea400000000000000000000000000000000000000000000000000000000000000000000000000000000000000000000000000000000000000000000000000000002000000000000000000000000d676af79742bcaeb4a71cf62b85d5ba2d1deaf860000000000000000000000001cd4af4a9bf33474c802d31790a195335f7a9ab8c080a012d42f6b650951d31e2a4faf38c6333db4ef793fe810f32577e75878d2e907a8a005a76f8496c1bbc002613506ada467a2e29df302ba61b175051a599ba25d708a'
]
nonceOffset: 122
nonceOffset before: 122
Current transaction count:  20
Generating swaps with params: {
  targetBlockNumber: 9,
  txsPerBundle: 1,
  sendRoute: 1,
  txStrategy: 'univ2',
  profRpcUrl: 'None',
  nonceOffset: 122
}
Generating swaps with params: {}
Current nonce for 0x2c57d1CFC6d5f8E4182a56b4cf75421472eBAEa4: 20
Contract Addresses:
AtomicSwap: 0x6C6340BA1Dc72c59197825cD94EcCC1f9c67416e
UniV2FactoryA: 0xB77d61Ea79c7Ea8bfa03d3604Ce5EaBfb95C2aB2
UniV2FactoryB: 0x154E2238a212Ee4209111D2F3F6351D80e5d74B6
WETH: 0xd676AF79742bCAeb4a71CF62b85d5ba2D1deaf86
DAI addresses: [ '0x1CD4aF4A9bF33474C802d31790A195335f7a9Ab8' ]
[0x2c57d1CFC6d5f8E4182a56b4cf75421472eBAEa4] swapping 1060.0 DAI for WETH
Nonce calculation debug:
- currentNonce (from getTransactionCount): 20
- nonce.override: 122
- nonce.offset: undefined
- Final nonce value: 142
Sending bundle: [
  '0x02f9017783301824818e85012a05f2008512a05f2000830249f0946c6340ba1dc72c59197825cd94eccc1f9c67416e80b901040cc7326300000000000000000000000000000000000000000000000000000000000000a000000000000000000000000000000000000000000000003976747fe11a100000000000000000000000000000b77d61ea79c7ea8bfa03d3604ce5eabfb95c2ab20000000000000000000000002c57d1cfc6d5f8e4182a56b4cf75421472ebaea4000000000000000000000000000000000000000000000000000000000000000000000000000000000000000000000000000000000000000000000000000000020000000000000000000000001cd4af4a9bf33474c802d31790a195335f7a9ab8000000000000000000000000d676af79742bcaeb4a71cf62b85d5ba2d1deaf86c080a0b8dec8d971b8cefc77e15271328c18803ddb107012125691c9f776a2e74f40c8a04773b6735f47f6afae67609cd5bdd07a41c78e8176640590bba78940cc3dd266'
]
nonceOffset: 123
nonceOffset before: 123
Current transaction count:  20
Generating swaps with params: {
  targetBlockNumber: 9,
  txsPerBundle: 1,
  sendRoute: 1,
  txStrategy: 'univ2',
  profRpcUrl: 'None',
  nonceOffset: 123
}
Generating swaps with params: {}
Current nonce for 0x2c57d1CFC6d5f8E4182a56b4cf75421472eBAEa4: 20
Contract Addresses:
AtomicSwap: 0x6C6340BA1Dc72c59197825cD94EcCC1f9c67416e
UniV2FactoryA: 0xB77d61Ea79c7Ea8bfa03d3604Ce5EaBfb95C2aB2
UniV2FactoryB: 0x154E2238a212Ee4209111D2F3F6351D80e5d74B6
WETH: 0xd676AF79742bCAeb4a71CF62b85d5ba2D1deaf86
DAI addresses: [ '0x1CD4aF4A9bF33474C802d31790A195335f7a9Ab8' ]
[0x2c57d1CFC6d5f8E4182a56b4cf75421472eBAEa4] swapping 0.155384615384615384 WETH for DAI
Nonce calculation debug:
- currentNonce (from getTransactionCount): 20
- nonce.override: 123
- nonce.offset: undefined
- Final nonce value: 143
Sending bundle: [
  '0x02f9017783301824818f85012a05f2008512a05f2000830249f0946c6340ba1dc72c59197825cd94eccc1f9c67416e80b901040cc7326300000000000000000000000000000000000000000000000000000000000000a00000000000000000000000000000000000000000000000000228097c038f89d8000000000000000000000000b77d61ea79c7ea8bfa03d3604ce5eabfb95c2ab20000000000000000000000002c57d1cfc6d5f8e4182a56b4cf75421472ebaea400000000000000000000000000000000000000000000000000000000000000000000000000000000000000000000000000000000000000000000000000000002000000000000000000000000d676af79742bcaeb4a71cf62b85d5ba2d1deaf860000000000000000000000001cd4af4a9bf33474c802d31790a195335f7a9ab8c080a05164cd1ffb8a42bd2bb36f34687d20a474d428de956585ee203ae09b31400944a01ab93a8fc59d4effdc742967ebec315113db680f7fb02eda9de4836b79016f3a'
]
nonceOffset: 124
nonceOffset before: 124
Current transaction count:  20
Generating swaps with params: {
  targetBlockNumber: 9,
  txsPerBundle: 1,
  sendRoute: 1,
  txStrategy: 'univ2',
  profRpcUrl: 'None',
  nonceOffset: 124
}
Generating swaps with params: {}
Current nonce for 0x2c57d1CFC6d5f8E4182a56b4cf75421472eBAEa4: 20
Contract Addresses:
AtomicSwap: 0x6C6340BA1Dc72c59197825cD94EcCC1f9c67416e
UniV2FactoryA: 0xB77d61Ea79c7Ea8bfa03d3604Ce5EaBfb95C2aB2
UniV2FactoryB: 0x154E2238a212Ee4209111D2F3F6351D80e5d74B6
WETH: 0xd676AF79742bCAeb4a71CF62b85d5ba2D1deaf86
DAI addresses: [ '0x1CD4aF4A9bF33474C802d31790A195335f7a9Ab8' ]
[0x2c57d1CFC6d5f8E4182a56b4cf75421472eBAEa4] swapping 0.331793687451886066 WETH for DAI
Nonce calculation debug:
- currentNonce (from getTransactionCount): 20
- nonce.override: 124
- nonce.offset: undefined
- Final nonce value: 144
Sending bundle: [
  '0x02f9017783301824819085012a05f2008512a05f2000830249f0946c6340ba1dc72c59197825cd94eccc1f9c67416e80b901040cc7326300000000000000000000000000000000000000000000000000000000000000a0000000000000000000000000000000000000000000000000049ac499cf4961f2000000000000000000000000154e2238a212ee4209111d2f3f6351d80e5d74b60000000000000000000000002c57d1cfc6d5f8e4182a56b4cf75421472ebaea400000000000000000000000000000000000000000000000000000000000000000000000000000000000000000000000000000000000000000000000000000002000000000000000000000000d676af79742bcaeb4a71cf62b85d5ba2d1deaf860000000000000000000000001cd4af4a9bf33474c802d31790a195335f7a9ab8c080a045b562d20191ef242e47fa767759d5abef9ef673e0e65f213a343bd9101be88ea07cfbb60f0fd123bf8a809bb21d312c7408fb3f2737ac613ac2d15663256e348b'
]
nonceOffset: 125
nonceOffset before: 125
Current transaction count:  20
Generating swaps with params: {
  targetBlockNumber: 9,
  txsPerBundle: 1,
  sendRoute: 1,
  txStrategy: 'univ2',
  profRpcUrl: 'None',
  nonceOffset: 125
}
Generating swaps with params: {}
Current nonce for 0x2c57d1CFC6d5f8E4182a56b4cf75421472eBAEa4: 20
Contract Addresses:
AtomicSwap: 0x6C6340BA1Dc72c59197825cD94EcCC1f9c67416e
UniV2FactoryA: 0xB77d61Ea79c7Ea8bfa03d3604Ce5EaBfb95C2aB2
UniV2FactoryB: 0x154E2238a212Ee4209111D2F3F6351D80e5d74B6
WETH: 0xd676AF79742bCAeb4a71CF62b85d5ba2D1deaf86
DAI addresses: [ '0x1CD4aF4A9bF33474C802d31790A195335f7a9Ab8' ]
[0x2c57d1CFC6d5f8E4182a56b4cf75421472eBAEa4] swapping 0.216320246343341031 WETH for DAI
Nonce calculation debug:
- currentNonce (from getTransactionCount): 20
- nonce.override: 125
- nonce.offset: undefined
- Final nonce value: 145
Sending bundle: [
  '0x02f9017783301824819185012a05f2008512a05f2000830249f0946c6340ba1dc72c59197825cd94eccc1f9c67416e80b901040cc7326300000000000000000000000000000000000000000000000000000000000000a00000000000000000000000000000000000000000000000000300861e310513e7000000000000000000000000b77d61ea79c7ea8bfa03d3604ce5eabfb95c2ab20000000000000000000000002c57d1cfc6d5f8e4182a56b4cf75421472ebaea400000000000000000000000000000000000000000000000000000000000000000000000000000000000000000000000000000000000000000000000000000002000000000000000000000000d676af79742bcaeb4a71cf62b85d5ba2d1deaf860000000000000000000000001cd4af4a9bf33474c802d31790a195335f7a9ab8c001a0d6a1f5bad4d626affc0633444776154e90e543ab2bbb218e7c346fe092ea205ca035803c36def23a31cdd4f0271e98668c91bbf86be7bf7d8acc1cff21af444963'
]
nonceOffset: 126
nonceOffset before: 126
Current transaction count:  20
Generating swaps with params: {
  targetBlockNumber: 9,
  txsPerBundle: 1,
  sendRoute: 1,
  txStrategy: 'univ2',
  profRpcUrl: 'None',
  nonceOffset: 126
}
Generating swaps with params: {}
Current nonce for 0x2c57d1CFC6d5f8E4182a56b4cf75421472eBAEa4: 20
Contract Addresses:
AtomicSwap: 0x6C6340BA1Dc72c59197825cD94EcCC1f9c67416e
UniV2FactoryA: 0xB77d61Ea79c7Ea8bfa03d3604Ce5EaBfb95C2aB2
UniV2FactoryB: 0x154E2238a212Ee4209111D2F3F6351D80e5d74B6
WETH: 0xd676AF79742bCAeb4a71CF62b85d5ba2D1deaf86
DAI addresses: [ '0x1CD4aF4A9bF33474C802d31790A195335f7a9Ab8' ]
[0x2c57d1CFC6d5f8E4182a56b4cf75421472eBAEa4] swapping 0.276153846153846153 WETH for DAI
Nonce calculation debug:
- currentNonce (from getTransactionCount): 20
- nonce.override: 126
- nonce.offset: undefined
- Final nonce value: 146
Sending bundle: [
  '0x02f9017783301824819285012a05f2008512a05f2000830249f0946c6340ba1dc72c59197825cd94eccc1f9c67416e80b901040cc7326300000000000000000000000000000000000000000000000000000000000000a000000000000000000000000000000000000000000000000003d51875bf5b9d89000000000000000000000000154e2238a212ee4209111d2f3f6351d80e5d74b60000000000000000000000002c57d1cfc6d5f8e4182a56b4cf75421472ebaea400000000000000000000000000000000000000000000000000000000000000000000000000000000000000000000000000000000000000000000000000000002000000000000000000000000d676af79742bcaeb4a71cf62b85d5ba2d1deaf860000000000000000000000001cd4af4a9bf33474c802d31790a195335f7a9ab8c080a05ea4005c6b505df643a01db145755f8a241d3f28873246133501cb86972d719aa06c1007f55d8580873446156046051a78f7f8e304b704df9e101eaff6ee9587aa'
]
nonceOffset: 127
nonceOffset before: 127
Current transaction count:  20
Generating swaps with params: {
  targetBlockNumber: 9,
  txsPerBundle: 1,
  sendRoute: 1,
  txStrategy: 'univ2',
  profRpcUrl: 'None',
  nonceOffset: 127
}
Generating swaps with params: {}
Current nonce for 0x2c57d1CFC6d5f8E4182a56b4cf75421472eBAEa4: 20
Contract Addresses:
AtomicSwap: 0x6C6340BA1Dc72c59197825cD94EcCC1f9c67416e
UniV2FactoryA: 0xB77d61Ea79c7Ea8bfa03d3604Ce5EaBfb95C2aB2
UniV2FactoryB: 0x154E2238a212Ee4209111D2F3F6351D80e5d74B6
WETH: 0xd676AF79742bCAeb4a71CF62b85d5ba2D1deaf86
DAI addresses: [ '0x1CD4aF4A9bF33474C802d31790A195335f7a9Ab8' ]
[0x2c57d1CFC6d5f8E4182a56b4cf75421472eBAEa4] swapping 105.0 DAI for WETH
Nonce calculation debug:
- currentNonce (from getTransactionCount): 20
- nonce.override: 127
- nonce.offset: undefined
- Final nonce value: 147
Sending bundle: [
  '0x02f9017783301824819385012a05f2008512a05f2000830249f0946c6340ba1dc72c59197825cd94eccc1f9c67416e80b901040cc7326300000000000000000000000000000000000000000000000000000000000000a0000000000000000000000000000000000000000000000005b12aefafa8040000000000000000000000000000b77d61ea79c7ea8bfa03d3604ce5eabfb95c2ab20000000000000000000000002c57d1cfc6d5f8e4182a56b4cf75421472ebaea4000000000000000000000000000000000000000000000000000000000000000000000000000000000000000000000000000000000000000000000000000000020000000000000000000000001cd4af4a9bf33474c802d31790a195335f7a9ab8000000000000000000000000d676af79742bcaeb4a71cf62b85d5ba2d1deaf86c001a03a27cbc83bff7a77dace48613e043eec1a8489fe93781374e0f579412a9601cea0155eb249c4bec4ee98a4431969d8d68436074d638d3759328177e9c4785d0aed'
]
nonceOffset: 128
nonceOffset before: 128
Current transaction count:  20
Generating swaps with params: {
  targetBlockNumber: 9,
  txsPerBundle: 1,
  sendRoute: 1,
  txStrategy: 'univ2',
  profRpcUrl: 'None',
  nonceOffset: 128
}
Generating swaps with params: {}
Current nonce for 0x2c57d1CFC6d5f8E4182a56b4cf75421472eBAEa4: 20
Contract Addresses:
AtomicSwap: 0x6C6340BA1Dc72c59197825cD94EcCC1f9c67416e
UniV2FactoryA: 0xB77d61Ea79c7Ea8bfa03d3604Ce5EaBfb95C2aB2
UniV2FactoryB: 0x154E2238a212Ee4209111D2F3F6351D80e5d74B6
WETH: 0xd676AF79742bCAeb4a71CF62b85d5ba2D1deaf86
DAI addresses: [ '0x1CD4aF4A9bF33474C802d31790A195335f7a9Ab8' ]
[0x2c57d1CFC6d5f8E4182a56b4cf75421472eBAEa4] swapping 366.0 DAI for WETH
Nonce calculation debug:
- currentNonce (from getTransactionCount): 20
- nonce.override: 128
- nonce.offset: undefined
- Final nonce value: 148
Sending bundle: [
  '0x02f9017783301824819485012a05f2008512a05f2000830249f0946c6340ba1dc72c59197825cd94eccc1f9c67416e80b901040cc7326300000000000000000000000000000000000000000000000000000000000000a0000000000000000000000000000000000000000000000013d74534d950f80000000000000000000000000000b77d61ea79c7ea8bfa03d3604ce5eabfb95c2ab20000000000000000000000002c57d1cfc6d5f8e4182a56b4cf75421472ebaea4000000000000000000000000000000000000000000000000000000000000000000000000000000000000000000000000000000000000000000000000000000020000000000000000000000001cd4af4a9bf33474c802d31790a195335f7a9ab8000000000000000000000000d676af79742bcaeb4a71cf62b85d5ba2d1deaf86c080a08fe139858700c23bac935facad5231bbe781b01a92439c57344d65538b4704dda03ca451628fd8f572ad9f23215e54dd45f4287c899836cfbef658b9f162315ecf'
]
nonceOffset: 129
nonceOffset before: 129
Current transaction count:  20
Generating swaps with params: {
  targetBlockNumber: 9,
  txsPerBundle: 1,
  sendRoute: 1,
  txStrategy: 'univ2',
  profRpcUrl: 'None',
  nonceOffset: 129
}
Generating swaps with params: {}
Current nonce for 0x2c57d1CFC6d5f8E4182a56b4cf75421472eBAEa4: 20
Contract Addresses:
AtomicSwap: 0x6C6340BA1Dc72c59197825cD94EcCC1f9c67416e
UniV2FactoryA: 0xB77d61Ea79c7Ea8bfa03d3604Ce5EaBfb95C2aB2
UniV2FactoryB: 0x154E2238a212Ee4209111D2F3F6351D80e5d74B6
WETH: 0xd676AF79742bCAeb4a71CF62b85d5ba2D1deaf86
DAI addresses: [ '0x1CD4aF4A9bF33474C802d31790A195335f7a9Ab8' ]
[0x2c57d1CFC6d5f8E4182a56b4cf75421472eBAEa4] swapping 625.0 DAI for WETH
Nonce calculation debug:
- currentNonce (from getTransactionCount): 20
- nonce.override: 129
- nonce.offset: undefined
- Final nonce value: 149
Sending bundle: [
  '0x02f9017783301824819585012a05f2008512a05f2000830249f0946c6340ba1dc72c59197825cd94eccc1f9c67416e80b901040cc7326300000000000000000000000000000000000000000000000000000000000000a0000000000000000000000000000000000000000000000021e19e0c9bab240000000000000000000000000000154e2238a212ee4209111d2f3f6351d80e5d74b60000000000000000000000002c57d1cfc6d5f8e4182a56b4cf75421472ebaea4000000000000000000000000000000000000000000000000000000000000000000000000000000000000000000000000000000000000000000000000000000020000000000000000000000001cd4af4a9bf33474c802d31790a195335f7a9ab8000000000000000000000000d676af79742bcaeb4a71cf62b85d5ba2d1deaf86c001a0dbd699b63787853f0c69054a3be29f722f0edeb480ffb3765a6a2fd73b227077a060f5c4b97ee2c42ccb270a4b2c71619f6d102b8c2c06ea723dd6dd7a0d82a0b5'
]
nonceOffset: 130
nonceOffset before: 130
Current transaction count:  20
Generating swaps with params: {
  targetBlockNumber: 9,
  txsPerBundle: 1,
  sendRoute: 1,
  txStrategy: 'univ2',
  profRpcUrl: 'None',
  nonceOffset: 130
}
Generating swaps with params: {}
Current nonce for 0x2c57d1CFC6d5f8E4182a56b4cf75421472eBAEa4: 20
Contract Addresses:
AtomicSwap: 0x6C6340BA1Dc72c59197825cD94EcCC1f9c67416e
UniV2FactoryA: 0xB77d61Ea79c7Ea8bfa03d3604Ce5EaBfb95C2aB2
UniV2FactoryB: 0x154E2238a212Ee4209111D2F3F6351D80e5d74B6
WETH: 0xd676AF79742bCAeb4a71CF62b85d5ba2D1deaf86
DAI addresses: [ '0x1CD4aF4A9bF33474C802d31790A195335f7a9Ab8' ]
[0x2c57d1CFC6d5f8E4182a56b4cf75421472eBAEa4] swapping 970.0 DAI for WETH
Nonce calculation debug:
- currentNonce (from getTransactionCount): 20
- nonce.override: 130
- nonce.offset: undefined
- Final nonce value: 150
Sending bundle: [
  '0x02f9017783301824819685012a05f2008512a05f2000830249f0946c6340ba1dc72c59197825cd94eccc1f9c67416e80b901040cc7326300000000000000000000000000000000000000000000000000000000000000a0000000000000000000000000000000000000000000000034957444b840e80000000000000000000000000000b77d61ea79c7ea8bfa03d3604ce5eabfb95c2ab20000000000000000000000002c57d1cfc6d5f8e4182a56b4cf75421472ebaea4000000000000000000000000000000000000000000000000000000000000000000000000000000000000000000000000000000000000000000000000000000020000000000000000000000001cd4af4a9bf33474c802d31790a195335f7a9ab8000000000000000000000000d676af79742bcaeb4a71cf62b85d5ba2d1deaf86c001a094f65e1cfb2a7cb0a638eef551c4ceabd1504f1f4a3d058363767ffb2f0e1751a079e58187cd9dfa4eabd166e0de4645f84732f3310daabb6e22e90501f3873ece'
]
nonceOffset: 131
nonceOffset before: 131
Current transaction count:  20
Generating swaps with params: {
  targetBlockNumber: 9,
  txsPerBundle: 1,
  sendRoute: 1,
  txStrategy: 'univ2',
  profRpcUrl: 'None',
  nonceOffset: 131
}
Generating swaps with params: {}
Current nonce for 0x2c57d1CFC6d5f8E4182a56b4cf75421472eBAEa4: 20
Contract Addresses:
AtomicSwap: 0x6C6340BA1Dc72c59197825cD94EcCC1f9c67416e
UniV2FactoryA: 0xB77d61Ea79c7Ea8bfa03d3604Ce5EaBfb95C2aB2
UniV2FactoryB: 0x154E2238a212Ee4209111D2F3F6351D80e5d74B6
WETH: 0xd676AF79742bCAeb4a71CF62b85d5ba2D1deaf86
DAI addresses: [ '0x1CD4aF4A9bF33474C802d31790A195335f7a9Ab8' ]
[0x2c57d1CFC6d5f8E4182a56b4cf75421472eBAEa4] swapping 272.0 DAI for WETH
Nonce calculation debug:
- currentNonce (from getTransactionCount): 20
- nonce.override: 131
- nonce.offset: undefined
- Final nonce value: 151
Sending bundle: [
  '0x02f9017783301824819785012a05f2008512a05f2000830249f0946c6340ba1dc72c59197825cd94eccc1f9c67416e80b901040cc7326300000000000000000000000000000000000000000000000000000000000000a000000000000000000000000000000000000000000000000ebec21ee1da400000000000000000000000000000b77d61ea79c7ea8bfa03d3604ce5eabfb95c2ab20000000000000000000000002c57d1cfc6d5f8e4182a56b4cf75421472ebaea4000000000000000000000000000000000000000000000000000000000000000000000000000000000000000000000000000000000000000000000000000000020000000000000000000000001cd4af4a9bf33474c802d31790a195335f7a9ab8000000000000000000000000d676af79742bcaeb4a71cf62b85d5ba2d1deaf86c001a09b9441cebeeb122c2fb37d4de761cde7373177528af66ded8b71b770b84e9b87a02f31a191ff3e21d4e5f4fee65c8894d086fbb406a1c585a69b6cdb5bde6c4030'
]
nonceOffset: 132
nonceOffset before: 132
Current transaction count:  20
Generating swaps with params: {
  targetBlockNumber: 9,
  txsPerBundle: 1,
  sendRoute: 1,
  txStrategy: 'univ2',
  profRpcUrl: 'None',
  nonceOffset: 132
}
Generating swaps with params: {}
Current nonce for 0x2c57d1CFC6d5f8E4182a56b4cf75421472eBAEa4: 20
Contract Addresses:
AtomicSwap: 0x6C6340BA1Dc72c59197825cD94EcCC1f9c67416e
UniV2FactoryA: 0xB77d61Ea79c7Ea8bfa03d3604Ce5EaBfb95C2aB2
UniV2FactoryB: 0x154E2238a212Ee4209111D2F3F6351D80e5d74B6
WETH: 0xd676AF79742bCAeb4a71CF62b85d5ba2D1deaf86
DAI addresses: [ '0x1CD4aF4A9bF33474C802d31790A195335f7a9Ab8' ]
[0x2c57d1CFC6d5f8E4182a56b4cf75421472eBAEa4] swapping 0.13923076923076923 WETH for DAI
Nonce calculation debug:
- currentNonce (from getTransactionCount): 20
- nonce.override: 132
- nonce.offset: undefined
- Final nonce value: 152
Sending bundle: [
  '0x02f9017783301824819885012a05f2008512a05f2000830249f0946c6340ba1dc72c59197825cd94eccc1f9c67416e80b901040cc7326300000000000000000000000000000000000000000000000000000000000000a000000000000000000000000000000000000000000000000001eea5a59dcdec4e000000000000000000000000154e2238a212ee4209111d2f3f6351d80e5d74b60000000000000000000000002c57d1cfc6d5f8e4182a56b4cf75421472ebaea400000000000000000000000000000000000000000000000000000000000000000000000000000000000000000000000000000000000000000000000000000002000000000000000000000000d676af79742bcaeb4a71cf62b85d5ba2d1deaf860000000000000000000000001cd4af4a9bf33474c802d31790a195335f7a9ab8c080a0af686df564587a20bd77bffcc965587bf1a8233c902839fc63a683173364408da03f503ccbf9a35de1d438afad2bfdebdb94f80748d6c00ffe5ce49688b06a653e'
]
nonceOffset: 133
nonceOffset before: 133
Current transaction count:  20
Generating swaps with params: {
  targetBlockNumber: 9,
  txsPerBundle: 1,
  sendRoute: 1,
  txStrategy: 'univ2',
  profRpcUrl: 'None',
  nonceOffset: 133
}
Generating swaps with params: {}
Current nonce for 0x2c57d1CFC6d5f8E4182a56b4cf75421472eBAEa4: 20
Contract Addresses:
AtomicSwap: 0x6C6340BA1Dc72c59197825cD94EcCC1f9c67416e
UniV2FactoryA: 0xB77d61Ea79c7Ea8bfa03d3604Ce5EaBfb95C2aB2
UniV2FactoryB: 0x154E2238a212Ee4209111D2F3F6351D80e5d74B6
WETH: 0xd676AF79742bCAeb4a71CF62b85d5ba2D1deaf86
DAI addresses: [ '0x1CD4aF4A9bF33474C802d31790A195335f7a9Ab8' ]
[0x2c57d1CFC6d5f8E4182a56b4cf75421472eBAEa4] swapping 0.337952270977675134 WETH for DAI
Nonce calculation debug:
- currentNonce (from getTransactionCount): 20
- nonce.override: 133
- nonce.offset: undefined
- Final nonce value: 153
Sending bundle: [
  '0x02f9017783301824819985012a05f2008512a05f2000830249f0946c6340ba1dc72c59197825cd94eccc1f9c67416e80b901040cc7326300000000000000000000000000000000000000000000000000000000000000a000000000000000000000000000000000000000000000000004b0a5ccc6a92f7e000000000000000000000000154e2238a212ee4209111d2f3f6351d80e5d74b60000000000000000000000002c57d1cfc6d5f8e4182a56b4cf75421472ebaea400000000000000000000000000000000000000000000000000000000000000000000000000000000000000000000000000000000000000000000000000000002000000000000000000000000d676af79742bcaeb4a71cf62b85d5ba2d1deaf860000000000000000000000001cd4af4a9bf33474c802d31790a195335f7a9ab8c001a0b95c7ea44d2cb8cc02723087ee647869c4acb728a390cba9b0c7b6ff32dfccbea00bb4edd59485a8153081e70d9c34e8155cbf7231f38077d025e98cb5d2ab58d4'
]
nonceOffset: 134
nonceOffset before: 134
Current transaction count:  20
Generating swaps with params: {
  targetBlockNumber: 9,
  txsPerBundle: 1,
  sendRoute: 1,
  txStrategy: 'univ2',
  profRpcUrl: 'None',
  nonceOffset: 134
}
Generating swaps with params: {}
Current nonce for 0x2c57d1CFC6d5f8E4182a56b4cf75421472eBAEa4: 20
Contract Addresses:
AtomicSwap: 0x6C6340BA1Dc72c59197825cD94EcCC1f9c67416e
UniV2FactoryA: 0xB77d61Ea79c7Ea8bfa03d3604Ce5EaBfb95C2aB2
UniV2FactoryB: 0x154E2238a212Ee4209111D2F3F6351D80e5d74B6
WETH: 0xd676AF79742bCAeb4a71CF62b85d5ba2D1deaf86
DAI addresses: [ '0x1CD4aF4A9bF33474C802d31790A195335f7a9Ab8' ]
[0x2c57d1CFC6d5f8E4182a56b4cf75421472eBAEa4] swapping 0.228637413394919168 WETH for DAI
Nonce calculation debug:
- currentNonce (from getTransactionCount): 20
- nonce.override: 134
- nonce.offset: undefined
- Final nonce value: 154
Sending bundle: [
  '0x02f9017783301824819a85012a05f2008512a05f2000830249f0946c6340ba1dc72c59197825cd94eccc1f9c67416e80b901040cc7326300000000000000000000000000000000000000000000000000000000000000a0000000000000000000000000000000000000000000000000032c48841fc4af00000000000000000000000000b77d61ea79c7ea8bfa03d3604ce5eabfb95c2ab20000000000000000000000002c57d1cfc6d5f8e4182a56b4cf75421472ebaea400000000000000000000000000000000000000000000000000000000000000000000000000000000000000000000000000000000000000000000000000000002000000000000000000000000d676af79742bcaeb4a71cf62b85d5ba2d1deaf860000000000000000000000001cd4af4a9bf33474c802d31790a195335f7a9ab8c080a0704808084f5f68fdcf0ad6ebdfe9f121e6122d1032c23dbf5145231187a83921a0171d39244eb3309a2eb87449c075cf90a181344dfcde7c884476ef497c68f9cc'
]
nonceOffset: 135
nonceOffset before: 135
Current transaction count:  20
Generating swaps with params: {
  targetBlockNumber: 9,
  txsPerBundle: 1,
  sendRoute: 1,
  txStrategy: 'univ2',
  profRpcUrl: 'None',
  nonceOffset: 135
}
Generating swaps with params: {}
Current nonce for 0x2c57d1CFC6d5f8E4182a56b4cf75421472eBAEa4: 20
Contract Addresses:
AtomicSwap: 0x6C6340BA1Dc72c59197825cD94EcCC1f9c67416e
UniV2FactoryA: 0xB77d61Ea79c7Ea8bfa03d3604Ce5EaBfb95C2aB2
UniV2FactoryB: 0x154E2238a212Ee4209111D2F3F6351D80e5d74B6
WETH: 0xd676AF79742bCAeb4a71CF62b85d5ba2D1deaf86
DAI addresses: [ '0x1CD4aF4A9bF33474C802d31790A195335f7a9Ab8' ]
[0x2c57d1CFC6d5f8E4182a56b4cf75421472eBAEa4] swapping 1064.0 DAI for WETH
Nonce calculation debug:
- currentNonce (from getTransactionCount): 20
- nonce.override: 135
- nonce.offset: undefined
- Final nonce value: 155
Sending bundle: [
  '0x02f9017783301824819b85012a05f2008512a05f2000830249f0946c6340ba1dc72c59197825cd94eccc1f9c67416e80b901040cc7326300000000000000000000000000000000000000000000000000000000000000a0000000000000000000000000000000000000000000000039adf75aafb7a00000000000000000000000000000b77d61ea79c7ea8bfa03d3604ce5eabfb95c2ab20000000000000000000000002c57d1cfc6d5f8e4182a56b4cf75421472ebaea4000000000000000000000000000000000000000000000000000000000000000000000000000000000000000000000000000000000000000000000000000000020000000000000000000000001cd4af4a9bf33474c802d31790a195335f7a9ab8000000000000000000000000d676af79742bcaeb4a71cf62b85d5ba2d1deaf86c080a0650337ba63c8d6784a6034c327228f7c6321185a23e20d63cc4ea30f7b982f46a022cc547d98839c110e79b3766ef9a71736d5e5ab25b2c6719d493e6f59bee01c'
]
nonceOffset: 136
nonceOffset before: 136
Current transaction count:  20
Generating swaps with params: {
  targetBlockNumber: 9,
  txsPerBundle: 1,
  sendRoute: 1,
  txStrategy: 'univ2',
  profRpcUrl: 'None',
  nonceOffset: 136
}
Generating swaps with params: {}
Current nonce for 0x2c57d1CFC6d5f8E4182a56b4cf75421472eBAEa4: 20
Contract Addresses:
AtomicSwap: 0x6C6340BA1Dc72c59197825cD94EcCC1f9c67416e
UniV2FactoryA: 0xB77d61Ea79c7Ea8bfa03d3604Ce5EaBfb95C2aB2
UniV2FactoryB: 0x154E2238a212Ee4209111D2F3F6351D80e5d74B6
WETH: 0xd676AF79742bCAeb4a71CF62b85d5ba2D1deaf86
DAI addresses: [ '0x1CD4aF4A9bF33474C802d31790A195335f7a9Ab8' ]
[0x2c57d1CFC6d5f8E4182a56b4cf75421472eBAEa4] swapping 316.0 DAI for WETH
Nonce calculation debug:
- currentNonce (from getTransactionCount): 20
- nonce.override: 136
- nonce.offset: undefined
- Final nonce value: 156
Sending bundle: [
  '0x02f9017783301824819c85012a05f2008512a05f2000830249f0946c6340ba1dc72c59197825cd94eccc1f9c67416e80b901040cc7326300000000000000000000000000000000000000000000000000000000000000a0000000000000000000000000000000000000000000000011216185c29f700000000000000000000000000000154e2238a212ee4209111d2f3f6351d80e5d74b60000000000000000000000002c57d1cfc6d5f8e4182a56b4cf75421472ebaea4000000000000000000000000000000000000000000000000000000000000000000000000000000000000000000000000000000000000000000000000000000020000000000000000000000001cd4af4a9bf33474c802d31790a195335f7a9ab8000000000000000000000000d676af79742bcaeb4a71cf62b85d5ba2d1deaf86c001a09deb975cec7385fab191cabe360553c6c3b34405ad932f4575b8fbfb780ca6f4a04a9512c33d7548c73ed5abd304fc377b46a193652563ba4c0fbf33630605219b'
]
nonceOffset: 137
nonceOffset before: 137
Current transaction count:  20
Generating swaps with params: {
  targetBlockNumber: 9,
  txsPerBundle: 1,
  sendRoute: 1,
  txStrategy: 'univ2',
  profRpcUrl: 'None',
  nonceOffset: 137
}
Generating swaps with params: {}
Current nonce for 0x2c57d1CFC6d5f8E4182a56b4cf75421472eBAEa4: 20
Contract Addresses:
AtomicSwap: 0x6C6340BA1Dc72c59197825cD94EcCC1f9c67416e
UniV2FactoryA: 0xB77d61Ea79c7Ea8bfa03d3604Ce5EaBfb95C2aB2
UniV2FactoryB: 0x154E2238a212Ee4209111D2F3F6351D80e5d74B6
WETH: 0xd676AF79742bCAeb4a71CF62b85d5ba2D1deaf86
DAI addresses: [ '0x1CD4aF4A9bF33474C802d31790A195335f7a9Ab8' ]
[0x2c57d1CFC6d5f8E4182a56b4cf75421472eBAEa4] swapping 602.0 DAI for WETH
Nonce calculation debug:
- currentNonce (from getTransactionCount): 20
- nonce.override: 137
- nonce.offset: undefined
- Final nonce value: 157
Sending bundle: [
  '0x02f9017783301824819d85012a05f2008512a05f2000830249f0946c6340ba1dc72c59197825cd94eccc1f9c67416e80b901040cc7326300000000000000000000000000000000000000000000000000000000000000a0000000000000000000000000000000000000000000000020a26da277a1280000000000000000000000000000b77d61ea79c7ea8bfa03d3604ce5eabfb95c2ab20000000000000000000000002c57d1cfc6d5f8e4182a56b4cf75421472ebaea4000000000000000000000000000000000000000000000000000000000000000000000000000000000000000000000000000000000000000000000000000000020000000000000000000000001cd4af4a9bf33474c802d31790a195335f7a9ab8000000000000000000000000d676af79742bcaeb4a71cf62b85d5ba2d1deaf86c001a0588f9333c2d88c930283b62753bbb480e85e8218be49f2e9da68e043aec48641a019c40228a3fd2833e43858b0a5b80a6ca2b5b5c9708834b5179a293db10f19bd'
]
nonceOffset: 138
nonceOffset before: 138
Current transaction count:  20
Generating swaps with params: {
  targetBlockNumber: 9,
  txsPerBundle: 1,
  sendRoute: 1,
  txStrategy: 'univ2',
  profRpcUrl: 'None',
  nonceOffset: 138
}
Generating swaps with params: {}
Current nonce for 0x2c57d1CFC6d5f8E4182a56b4cf75421472eBAEa4: 20
Contract Addresses:
AtomicSwap: 0x6C6340BA1Dc72c59197825cD94EcCC1f9c67416e
UniV2FactoryA: 0xB77d61Ea79c7Ea8bfa03d3604Ce5EaBfb95C2aB2
UniV2FactoryB: 0x154E2238a212Ee4209111D2F3F6351D80e5d74B6
WETH: 0xd676AF79742bCAeb4a71CF62b85d5ba2D1deaf86
DAI addresses: [ '0x1CD4aF4A9bF33474C802d31790A195335f7a9Ab8' ]
[0x2c57d1CFC6d5f8E4182a56b4cf75421472eBAEa4] swapping 0.321016166281755196 WETH for DAI
Nonce calculation debug:
- currentNonce (from getTransactionCount): 20
- nonce.override: 138
- nonce.offset: undefined
- Final nonce value: 158
Sending bundle: [
  '0x02f9017783301824819e85012a05f2008512a05f2000830249f0946c6340ba1dc72c59197825cd94eccc1f9c67416e80b901040cc7326300000000000000000000000000000000000000000000000000000000000000a000000000000000000000000000000000000000000000000004747a809e61ba3c000000000000000000000000b77d61ea79c7ea8bfa03d3604ce5eabfb95c2ab20000000000000000000000002c57d1cfc6d5f8e4182a56b4cf75421472ebaea400000000000000000000000000000000000000000000000000000000000000000000000000000000000000000000000000000000000000000000000000000002000000000000000000000000d676af79742bcaeb4a71cf62b85d5ba2d1deaf860000000000000000000000001cd4af4a9bf33474c802d31790a195335f7a9ab8c001a0e5898fd1ce61cbe9eb3764efbae90bdd9efa53f2fd505f656469992a89690a4aa04f1a67cf522fbcd5c5ab50b1a70f5b765688cbd19cbb75376bb421a0b9b6810d'
]
