time="2024-12-01T01:39:25Z" level=info msg="boost-relay b4947ea-dev" service=relay/api version=b4947ea-dev
time="2024-12-01T01:39:25Z" level=info msg="Using network: custom" service=relay/api version=b4947ea-dev
time="2024-12-01T01:39:25Z" level=debug msg="EthNetworkDetails{\n\tName: custom, \n\tGenesisForkVersionHex: 0x10000038, \n\tGenesisValidatorsRootHex: 0xd1ec305b97bf6336571c2348e4a8bf173684b0cdb7e55f7e6554d51f8478b5a3,\n\tBellatrixForkVersionHex: 0x30000038, \n\tCapellaForkVersionHex: 0x40000038, \n\tDenebForkVersionHex: 0x50000038,\n\tDomainBuilder: 000000010b41be4cdb34d183dddca5398337626dcdcfaf1720c1202d3b95f84e, \n\tDomainBeaconProposerBellatrix: 0000000039f8fd88b8d7b1c857fa0e5338f3b223b289ead5c79b8f92fae1f5af, \n\tDomainBeaconProposerCapella: 0000000033ec6748d1acfb818e136b47e200802a7d620e7f8d7f08e635563f95, \n\tDomainBeaconProposerDeneb: 00000000d84e2ee04414f00cdad7d07b154bc291236f4e0ae0d364fbdcdda501\n}" service=relay/api version=b4947ea-dev
time="2024-12-01T01:39:25Z" level=info msg="Using beacon endpoints: http://172.16.4.14:4000, http://172.16.4.15:4000, http://172.16.4.16:4000" service=relay/api version=b4947ea-dev
time="2024-12-01T01:39:25Z" level=info msg="Connecting to Redis at mev-relay-redis:6379 ..." service=relay/api version=b4947ea-dev
time="2024-12-01T01:39:25Z" level=info msg="Connecting to Postgres database at mev-relay-postgres/postgres ..." service=relay/api version=b4947ea-dev
time="2024-12-01T01:39:25Z" level=info msg="Setting up datastore..." service=relay/api version=b4947ea-dev
time="2024-12-01T01:39:25Z" level=info msg="Setting up relay service..." service=relay/api version=b4947ea-dev
time="2024-12-01T01:39:25Z" level=info msg="Using BLS key: 0xa55c1285d84ba83a5ad26420cd5ad3091e49c55a813eee651cd467db38a8c8e63192f47955e9376f6b42f6d190571cb5" service=relay/api version=b4947ea-dev
time="2024-12-01T01:39:25Z" level=info msg="Webserver starting on 0.0.0.0:9062 ..." service=relay/api version=b4947ea-dev
time="2024-12-01T01:39:25Z" level=debug msg="getting sync status" component=beaconClient service=relay/api uri="http://172.16.4.16:4000" version=b4947ea-dev
time="2024-12-01T01:39:25Z" level=debug msg="getting sync status" component=beaconClient service=relay/api uri="http://172.16.4.14:4000" version=b4947ea-dev
time="2024-12-01T01:39:25Z" level=debug msg="getting sync status" component=beaconClient service=relay/api uri="http://172.16.4.15:4000" version=b4947ea-dev
time="2024-12-01T01:39:25Z" level=info msg="genesis info: 1733017154" method=StartServer service=relay/api version=b4947ea-dev
time="2024-12-01T01:39:25Z" level=info msg="forkSchedule: version=0x10000038 / epoch=0" method=StartServer service=relay/api version=b4947ea-dev
time="2024-12-01T01:39:25Z" level=info msg="forkSchedule: version=0x20000038 / epoch=0" method=StartServer service=relay/api version=b4947ea-dev
time="2024-12-01T01:39:25Z" level=info msg="forkSchedule: version=0x30000038 / epoch=0" method=StartServer service=relay/api version=b4947ea-dev
time="2024-12-01T01:39:25Z" level=info msg="forkSchedule: version=0x40000038 / epoch=0" method=StartServer service=relay/api version=b4947ea-dev
time="2024-12-01T01:39:25Z" level=info msg="forkSchedule: version=0x50000038 / epoch=0" method=StartServer service=relay/api version=b4947ea-dev
time="2024-12-01T01:39:25Z" level=info msg="deneb fork detected (currentEpoch: 0 / denebEpoch: 0)" method=StartServer service=relay/api version=b4947ea-dev
time="2024-12-01T01:39:25Z" level=info msg="starting 10 validator registration processors" service=relay/api version=b4947ea-dev
time="2024-12-01T01:39:25Z" level=info msg="updated headSlot to 5" epoch=0 service=relay/api slotHead=5 slotStartNextEpoch=32 version=b4947ea-dev
time="2024-12-01T01:39:25Z" level=info msg="subscribing to payload_attributes events" beaconPublishURI="http://172.16.4.16:4000" beaconURI="http://172.16.4.16:4000" component=beaconInstance service=relay/api url="http://172.16.4.16:4000/eth/v1/events?topics=payload_attributes" version=b4947ea-dev
time="2024-12-01T01:39:25Z" level=info msg="subscribing to payload_attributes events" beaconPublishURI="http://172.16.4.14:4000" beaconURI="http://172.16.4.14:4000" component=beaconInstance service=relay/api url="http://172.16.4.14:4000/eth/v1/events?topics=payload_attributes" version=b4947ea-dev
time="2024-12-01T01:39:25Z" level=info msg="subscribing to payload_attributes events" beaconPublishURI="http://172.16.4.15:4000" beaconURI="http://172.16.4.15:4000" component=beaconInstance service=relay/api url="http://172.16.4.15:4000/eth/v1/events?topics=payload_attributes" version=b4947ea-dev
time="2024-12-01T01:39:25Z" level=info msg="subscribing to head events" beaconPublishURI="http://172.16.4.16:4000" beaconURI="http://172.16.4.16:4000" component=beaconInstance service=relay/api url="http://172.16.4.16:4000/eth/v1/events?topics=head" version=b4947ea-dev
time="2024-12-01T01:39:25Z" level=info msg="subscribing to head events" beaconPublishURI="http://172.16.4.14:4000" beaconURI="http://172.16.4.14:4000" component=beaconInstance service=relay/api url="http://172.16.4.14:4000/eth/v1/events?topics=head" version=b4947ea-dev
time="2024-12-01T01:39:25Z" level=info msg="subscribing to head events" beaconPublishURI="http://172.16.4.15:4000" beaconURI="http://172.16.4.15:4000" component=beaconInstance service=relay/api url="http://172.16.4.15:4000/eth/v1/events?topics=head" version=b4947ea-dev
time="2024-12-01T01:39:25Z" level=info msg="proposer API enabled" service=relay/api version=b4947ea-dev
time="2024-12-01T01:39:25Z" level=info msg="block builder API enabled" service=relay/api version=b4947ea-dev
time="2024-12-01T01:39:25Z" level=info msg="data API enabled" service=relay/api version=b4947ea-dev
time="2024-12-01T01:39:25Z" level=debug msg="Updating builder cache with 0 builders from database" service=relay/api version=b4947ea-dev
time="2024-12-01T01:39:25Z" level=info msg="payload attributes received for slot: 6" service=relay/api version=b4947ea-dev
time="2024-12-01T01:39:25Z" level=info msg="updated payload attributes" headSlot=5 payloadAttrParent=0xa7dd3441ea8d3f311e73aea0304fc8306861dbe946f7012d246b27557a8169fa payloadAttrSlot=6 randao=0xaee36b4f755a41297914708b8ce349ceaff15122de8fc8d789ff37d86fd6548f service=relay/api timestamp=1733017166 version=b4947ea-dev withdrawalsRoot=0x792930bbd5baac43bcc798ee49aa8185ef76bb3b44ba62b91d86ae569e4bb535
time="2024-12-01T01:39:25Z" level=info msg="http: GET /relay/v1/builder/validators 0" duration=0.000169 method=GET path=/relay/v1/builder/validators service=relay/api status=0 version=b4947ea-dev
time="2024-12-01T01:39:26Z" level=info msg="payload attributes received for slot: 7" service=relay/api version=b4947ea-dev
time="2024-12-01T01:39:26Z" level=info msg="updated payload attributes" headSlot=5 payloadAttrParent=0xa7dd3441ea8d3f311e73aea0304fc8306861dbe946f7012d246b27557a8169fa payloadAttrSlot=7 randao=0xaee36b4f755a41297914708b8ce349ceaff15122de8fc8d789ff37d86fd6548f service=relay/api timestamp=1733017168 version=b4947ea-dev withdrawalsRoot=0x792930bbd5baac43bcc798ee49aa8185ef76bb3b44ba62b91d86ae569e4bb535
time="2024-12-01T01:39:26Z" level=info msg="updated headSlot to 6" epoch=0 service=relay/api slotHead=6 slotStartNextEpoch=32 version=b4947ea-dev
time="2024-12-01T01:39:26Z" level=debug msg="RefreshKnownValidators init" datastoreMethod=RefreshKnownValidators headSlot=6 headSlotPos=7 lastUpdateSlot=0 service=relay/api version=b4947ea-dev
time="2024-12-01T01:39:26Z" level=debug msg="Updating builder cache with 0 builders from database" service=relay/api version=b4947ea-dev
time="2024-12-01T01:39:26Z" level=info msg="payload attributes received for slot: 7" service=relay/api version=b4947ea-dev
time="2024-12-01T01:39:26Z" level=info msg="updated payload attributes" headSlot=6 payloadAttrParent=0x015147fcd500a31ceec7a3de6f32071f16b8e370fab4a1f0ac75709b41a68964 payloadAttrSlot=7 randao=0x3b50d6d889b1197ab78db75dfd1d02d4602a7153bb765bcb7dfd1df164802a29 service=relay/api timestamp=1733017168 version=b4947ea-dev withdrawalsRoot=0x792930bbd5baac43bcc798ee49aa8185ef76bb3b44ba62b91d86ae569e4bb535
time="2024-12-01T01:39:26Z" level=info msg="http: GET /relay/v1/builder/validators 0" duration=0.000087 method=GET path=/relay/v1/builder/validators service=relay/api status=0 version=b4947ea-dev
time="2024-12-01T01:39:27Z" level=info msg="http: GET /relay/v1/builder/validators 0" duration=0.000037 method=GET path=/relay/v1/builder/validators service=relay/api status=0 version=b4947ea-dev
time="2024-12-01T01:39:28Z" level=info msg="payload attributes received for slot: 8" service=relay/api version=b4947ea-dev
time="2024-12-01T01:39:28Z" level=info msg="updated payload attributes" headSlot=6 payloadAttrParent=0x015147fcd500a31ceec7a3de6f32071f16b8e370fab4a1f0ac75709b41a68964 payloadAttrSlot=8 randao=0x3b50d6d889b1197ab78db75dfd1d02d4602a7153bb765bcb7dfd1df164802a29 service=relay/api timestamp=1733017170 version=b4947ea-dev withdrawalsRoot=0x792930bbd5baac43bcc798ee49aa8185ef76bb3b44ba62b91d86ae569e4bb535
time="2024-12-01T01:39:28Z" level=info msg="updated headSlot to 7" epoch=0 service=relay/api slotHead=7 slotStartNextEpoch=32 version=b4947ea-dev
time="2024-12-01T01:39:28Z" level=debug msg="RefreshKnownValidators init" datastoreMethod=RefreshKnownValidators headSlot=7 headSlotPos=8 lastUpdateSlot=0 service=relay/api version=b4947ea-dev
time="2024-12-01T01:39:28Z" level=debug msg="Updating builder cache with 0 builders from database" service=relay/api version=b4947ea-dev
time="2024-12-01T01:39:28Z" level=info msg="payload attributes received for slot: 8" service=relay/api version=b4947ea-dev
time="2024-12-01T01:39:28Z" level=info msg="updated payload attributes" headSlot=7 payloadAttrParent=0x9890145bdaebd9a59404c4864a04510e7d8c8b956e86308efc603cec6fdbb793 payloadAttrSlot=8 randao=0x3d0b7df10638d38b8f33c9af1ae3cebc66344cc2c6d60a68cd899178a6f27a45 service=relay/api timestamp=1733017170 version=b4947ea-dev withdrawalsRoot=0x792930bbd5baac43bcc798ee49aa8185ef76bb3b44ba62b91d86ae569e4bb535
time="2024-12-01T01:39:28Z" level=info msg="http: GET /relay/v1/builder/validators 0" duration=0.000127 method=GET path=/relay/v1/builder/validators service=relay/api status=0 version=b4947ea-dev
time="2024-12-01T01:39:29Z" level=info msg="http: GET /relay/v1/builder/validators 0" duration=0.000041 method=GET path=/relay/v1/builder/validators service=relay/api status=0 version=b4947ea-dev
time="2024-12-01T01:39:30Z" level=info msg="payload attributes received for slot: 9" service=relay/api version=b4947ea-dev
time="2024-12-01T01:39:30Z" level=info msg="updated payload attributes" headSlot=7 payloadAttrParent=0x9890145bdaebd9a59404c4864a04510e7d8c8b956e86308efc603cec6fdbb793 payloadAttrSlot=9 randao=0x3d0b7df10638d38b8f33c9af1ae3cebc66344cc2c6d60a68cd899178a6f27a45 service=relay/api timestamp=1733017172 version=b4947ea-dev withdrawalsRoot=0x792930bbd5baac43bcc798ee49aa8185ef76bb3b44ba62b91d86ae569e4bb535
time="2024-12-01T01:39:30Z" level=info msg="updated headSlot to 8" epoch=0 service=relay/api slotHead=8 slotStartNextEpoch=32 version=b4947ea-dev
time="2024-12-01T01:39:30Z" level=debug msg="RefreshKnownValidators init" datastoreMethod=RefreshKnownValidators headSlot=8 headSlotPos=9 lastUpdateSlot=0 service=relay/api version=b4947ea-dev
time="2024-12-01T01:39:30Z" level=info msg="proposer duties updated: " service=relay/api version=b4947ea-dev
time="2024-12-01T01:39:30Z" level=debug msg="Updating builder cache with 0 builders from database" service=relay/api version=b4947ea-dev
time="2024-12-01T01:39:30Z" level=info msg="payload attributes received for slot: 9" service=relay/api version=b4947ea-dev
time="2024-12-01T01:39:30Z" level=info msg="updated payload attributes" headSlot=8 payloadAttrParent=0x33cd68743ce5a840a4a40dca3f91bd3818ce5b1b91ca1eae26ca3082a195b6fe payloadAttrSlot=9 randao=0xcc186ad26cbbc2497196385b49b0347417c88758af9c73acd0d7ba46d50fd942 service=relay/api timestamp=1733017172 version=b4947ea-dev withdrawalsRoot=0x792930bbd5baac43bcc798ee49aa8185ef76bb3b44ba62b91d86ae569e4bb535
time="2024-12-01T01:39:30Z" level=info msg="http: GET /relay/v1/builder/validators 0" duration=0.000090 method=GET path=/relay/v1/builder/validators service=relay/api status=0 version=b4947ea-dev
time="2024-12-01T01:39:32Z" level=info msg="payload attributes received for slot: 10" service=relay/api version=b4947ea-dev
time="2024-12-01T01:39:32Z" level=info msg="updated payload attributes" headSlot=8 payloadAttrParent=0x33cd68743ce5a840a4a40dca3f91bd3818ce5b1b91ca1eae26ca3082a195b6fe payloadAttrSlot=10 randao=0xcc186ad26cbbc2497196385b49b0347417c88758af9c73acd0d7ba46d50fd942 service=relay/api timestamp=1733017174 version=b4947ea-dev withdrawalsRoot=0x792930bbd5baac43bcc798ee49aa8185ef76bb3b44ba62b91d86ae569e4bb535
time="2024-12-01T01:39:32Z" level=info msg="updated headSlot to 9" epoch=0 service=relay/api slotHead=9 slotStartNextEpoch=32 version=b4947ea-dev
time="2024-12-01T01:39:32Z" level=debug msg="RefreshKnownValidators init" datastoreMethod=RefreshKnownValidators headSlot=9 headSlotPos=10 lastUpdateSlot=0 service=relay/api version=b4947ea-dev
time="2024-12-01T01:39:32Z" level=debug msg="Updating builder cache with 0 builders from database" service=relay/api version=b4947ea-dev
time="2024-12-01T01:39:32Z" level=info msg="payload attributes received for slot: 10" service=relay/api version=b4947ea-dev
time="2024-12-01T01:39:32Z" level=info msg="updated payload attributes" headSlot=9 payloadAttrParent=0x78b2774e1cf8d824b6e638e941c6edd19aa5166550995a115bb5551810a80645 payloadAttrSlot=10 randao=0xcbc7dc15a5370851bf3bf710f037b66f2d6055c055b03dd108ad0552bcb16ebc service=relay/api timestamp=1733017174 version=b4947ea-dev withdrawalsRoot=0x792930bbd5baac43bcc798ee49aa8185ef76bb3b44ba62b91d86ae569e4bb535
time="2024-12-01T01:39:34Z" level=info msg="payload attributes received for slot: 11" service=relay/api version=b4947ea-dev
time="2024-12-01T01:39:34Z" level=info msg="updated payload attributes" headSlot=9 payloadAttrParent=0x78b2774e1cf8d824b6e638e941c6edd19aa5166550995a115bb5551810a80645 payloadAttrSlot=11 randao=0xcbc7dc15a5370851bf3bf710f037b66f2d6055c055b03dd108ad0552bcb16ebc service=relay/api timestamp=1733017176 version=b4947ea-dev withdrawalsRoot=0x792930bbd5baac43bcc798ee49aa8185ef76bb3b44ba62b91d86ae569e4bb535
time="2024-12-01T01:39:34Z" level=debug msg="getHeader request received" headSlot=9 method=getHeader mevBoostV=v1.8.1 msIntoSlot=93 parentHash=0x78b2774e1cf8d824b6e638e941c6edd19aa5166550995a115bb5551810a80645 pubkey=0x84d08d58c31bcd3cddf93e13d6f50203897384afa34644bff1135efe8e01c81c6a91ca6c234bb1e51ca32e41b828aaf9 requestTimestamp=1733017174 service=relay/api slot=10 slotStartSec=1733017174 ua="mev-boost/v1.8.1 Lighthouse/v5.3.0-2e0eb6d" version=b4947ea-dev
time="2024-12-01T01:39:34Z" level=error msg="bid was empty, skipping PROF augmentation" error="<nil>" headSlot=9 method=getHeader mevBoostV=v1.8.1 msIntoSlot=93 parentHash=0x78b2774e1cf8d824b6e638e941c6edd19aa5166550995a115bb5551810a80645 pubkey=0x84d08d58c31bcd3cddf93e13d6f50203897384afa34644bff1135efe8e01c81c6a91ca6c234bb1e51ca32e41b828aaf9 requestTimestamp=1733017174 service=relay/api slot=10 slotStartSec=1733017174 ua="mev-boost/v1.8.1 Lighthouse/v5.3.0-2e0eb6d" version=b4947ea-dev
time="2024-12-01T01:39:34Z" level=info msg="http: GET /eth/v1/builder/header/10/0x78b2774e1cf8d824b6e638e941c6edd19aa5166550995a115bb5551810a80645/0x84d08d58c31bcd3cddf93e13d6f50203897384afa34644bff1135efe8e01c81c6a91ca6c234bb1e51ca32e41b828aaf9 204" duration=0.000937 method=GET path=/eth/v1/builder/header/10/0x78b2774e1cf8d824b6e638e941c6edd19aa5166550995a115bb5551810a80645/0x84d08d58c31bcd3cddf93e13d6f50203897384afa34644bff1135efe8e01c81c6a91ca6c234bb1e51ca32e41b828aaf9 service=relay/api status=204 version=b4947ea-dev
time="2024-12-01T01:39:34Z" level=info msg="updated headSlot to 10" epoch=0 service=relay/api slotHead=10 slotStartNextEpoch=32 version=b4947ea-dev
time="2024-12-01T01:39:34Z" level=debug msg="RefreshKnownValidators init" datastoreMethod=RefreshKnownValidators headSlot=10 headSlotPos=11 lastUpdateSlot=0 service=relay/api version=b4947ea-dev
time="2024-12-01T01:39:34Z" level=debug msg="Updating builder cache with 0 builders from database" service=relay/api version=b4947ea-dev
time="2024-12-01T01:39:34Z" level=info msg="payload attributes received for slot: 11" service=relay/api version=b4947ea-dev
time="2024-12-01T01:39:34Z" level=info msg="updated payload attributes" headSlot=10 payloadAttrParent=0x7044c4f8df0bc79d320452480d10c4827275e78d47ab0ef0249c090bd7a06a75 payloadAttrSlot=11 randao=0x713f76b339c2fd5d34166470255bd5e67369a08f66204696b93f93e31ab6c51f service=relay/api timestamp=1733017176 version=b4947ea-dev withdrawalsRoot=0x792930bbd5baac43bcc798ee49aa8185ef76bb3b44ba62b91d86ae569e4bb535
time="2024-12-01T01:39:36Z" level=info msg="payload attributes received for slot: 12" service=relay/api version=b4947ea-dev
time="2024-12-01T01:39:36Z" level=info msg="updated payload attributes" headSlot=10 payloadAttrParent=0x7044c4f8df0bc79d320452480d10c4827275e78d47ab0ef0249c090bd7a06a75 payloadAttrSlot=12 randao=0x713f76b339c2fd5d34166470255bd5e67369a08f66204696b93f93e31ab6c51f service=relay/api timestamp=1733017178 version=b4947ea-dev withdrawalsRoot=0x792930bbd5baac43bcc798ee49aa8185ef76bb3b44ba62b91d86ae569e4bb535
time="2024-12-01T01:39:36Z" level=debug msg="getHeader request received" headSlot=10 method=getHeader mevBoostV=v1.8.1 msIntoSlot=92 parentHash=0x7044c4f8df0bc79d320452480d10c4827275e78d47ab0ef0249c090bd7a06a75 pubkey=0xabd3280a86fbb8d736717d8bd950920873ff7bb8a68ac4d7c339bb3c783c6f4e6e29912f6a3528e04b13aef57d4290a1 requestTimestamp=1733017176 service=relay/api slot=11 slotStartSec=1733017176 ua="mev-boost/v1.8.1 Lighthouse/v5.3.0-2e0eb6d" version=b4947ea-dev
time="2024-12-01T01:39:36Z" level=error msg="bid was empty, skipping PROF augmentation" error="<nil>" headSlot=10 method=getHeader mevBoostV=v1.8.1 msIntoSlot=92 parentHash=0x7044c4f8df0bc79d320452480d10c4827275e78d47ab0ef0249c090bd7a06a75 pubkey=0xabd3280a86fbb8d736717d8bd950920873ff7bb8a68ac4d7c339bb3c783c6f4e6e29912f6a3528e04b13aef57d4290a1 requestTimestamp=1733017176 service=relay/api slot=11 slotStartSec=1733017176 ua="mev-boost/v1.8.1 Lighthouse/v5.3.0-2e0eb6d" version=b4947ea-dev
time="2024-12-01T01:39:36Z" level=info msg="http: GET /eth/v1/builder/header/11/0x7044c4f8df0bc79d320452480d10c4827275e78d47ab0ef0249c090bd7a06a75/0xabd3280a86fbb8d736717d8bd950920873ff7bb8a68ac4d7c339bb3c783c6f4e6e29912f6a3528e04b13aef57d4290a1 204" duration=0.001215 method=GET path=/eth/v1/builder/header/11/0x7044c4f8df0bc79d320452480d10c4827275e78d47ab0ef0249c090bd7a06a75/0xabd3280a86fbb8d736717d8bd950920873ff7bb8a68ac4d7c339bb3c783c6f4e6e29912f6a3528e04b13aef57d4290a1 service=relay/api status=204 version=b4947ea-dev
time="2024-12-01T01:39:36Z" level=info msg="updated headSlot to 11" epoch=0 service=relay/api slotHead=11 slotStartNextEpoch=32 version=b4947ea-dev
time="2024-12-01T01:39:36Z" level=debug msg="RefreshKnownValidators init" datastoreMethod=RefreshKnownValidators headSlot=11 headSlotPos=12 lastUpdateSlot=0 service=relay/api version=b4947ea-dev
time="2024-12-01T01:39:36Z" level=debug msg="Updating builder cache with 0 builders from database" service=relay/api version=b4947ea-dev
time="2024-12-01T01:39:36Z" level=info msg="payload attributes received for slot: 12" service=relay/api version=b4947ea-dev
time="2024-12-01T01:39:36Z" level=info msg="updated payload attributes" headSlot=11 payloadAttrParent=0xb189e4678e2ad416cae883564ca0dd48633010690d6db2cb9391d4ddfcc31066 payloadAttrSlot=12 randao=0x51449a3ca50c0f2ab9cd75e1184dd9690b1c201f6691f71fdc0df05b64ed5df8 service=relay/api timestamp=1733017178 version=b4947ea-dev withdrawalsRoot=0x792930bbd5baac43bcc798ee49aa8185ef76bb3b44ba62b91d86ae569e4bb535
time="2024-12-01T01:39:38Z" level=info msg="payload attributes received for slot: 13" service=relay/api version=b4947ea-dev
time="2024-12-01T01:39:38Z" level=info msg="updated payload attributes" headSlot=11 payloadAttrParent=0xb189e4678e2ad416cae883564ca0dd48633010690d6db2cb9391d4ddfcc31066 payloadAttrSlot=13 randao=0x51449a3ca50c0f2ab9cd75e1184dd9690b1c201f6691f71fdc0df05b64ed5df8 service=relay/api timestamp=1733017180 version=b4947ea-dev withdrawalsRoot=0x792930bbd5baac43bcc798ee49aa8185ef76bb3b44ba62b91d86ae569e4bb535
time="2024-12-01T01:39:38Z" level=debug msg="getHeader request received" headSlot=11 method=getHeader mevBoostV=v1.8.1 msIntoSlot=93 parentHash=0xb189e4678e2ad416cae883564ca0dd48633010690d6db2cb9391d4ddfcc31066 pubkey=0x961a7d85c4e61428f07c4c4d41cc03115ec423bf40172b21f9db161edec282c950782ade73a6dfa915da1c39c716eb1f requestTimestamp=1733017178 service=relay/api slot=12 slotStartSec=1733017178 ua="mev-boost/v1.8.1 Lighthouse/v5.3.0-2e0eb6d" version=b4947ea-dev
time="2024-12-01T01:39:38Z" level=error msg="bid was empty, skipping PROF augmentation" error="<nil>" headSlot=11 method=getHeader mevBoostV=v1.8.1 msIntoSlot=93 parentHash=0xb189e4678e2ad416cae883564ca0dd48633010690d6db2cb9391d4ddfcc31066 pubkey=0x961a7d85c4e61428f07c4c4d41cc03115ec423bf40172b21f9db161edec282c950782ade73a6dfa915da1c39c716eb1f requestTimestamp=1733017178 service=relay/api slot=12 slotStartSec=1733017178 ua="mev-boost/v1.8.1 Lighthouse/v5.3.0-2e0eb6d" version=b4947ea-dev
time="2024-12-01T01:39:38Z" level=info msg="http: GET /eth/v1/builder/header/12/0xb189e4678e2ad416cae883564ca0dd48633010690d6db2cb9391d4ddfcc31066/0x961a7d85c4e61428f07c4c4d41cc03115ec423bf40172b21f9db161edec282c950782ade73a6dfa915da1c39c716eb1f 204" duration=0.000503 method=GET path=/eth/v1/builder/header/12/0xb189e4678e2ad416cae883564ca0dd48633010690d6db2cb9391d4ddfcc31066/0x961a7d85c4e61428f07c4c4d41cc03115ec423bf40172b21f9db161edec282c950782ade73a6dfa915da1c39c716eb1f service=relay/api status=204 version=b4947ea-dev
time="2024-12-01T01:39:38Z" level=info msg="updated headSlot to 12" epoch=0 service=relay/api slotHead=12 slotStartNextEpoch=32 version=b4947ea-dev
time="2024-12-01T01:39:38Z" level=debug msg="RefreshKnownValidators init" datastoreMethod=RefreshKnownValidators headSlot=12 headSlotPos=13 lastUpdateSlot=0 service=relay/api version=b4947ea-dev
time="2024-12-01T01:39:38Z" level=debug msg="Updating builder cache with 0 builders from database" service=relay/api version=b4947ea-dev
time="2024-12-01T01:39:38Z" level=info msg="payload attributes received for slot: 13" service=relay/api version=b4947ea-dev
time="2024-12-01T01:39:38Z" level=info msg="updated payload attributes" headSlot=12 payloadAttrParent=0xa55a5b3de777b5c028c12a1023c103f497b0a3f6b5f98ac37fb083f6c6112bff payloadAttrSlot=13 randao=0x778b263f4ec80f72902b75bab283c1eb2b560f64f97ea13400c4d91d5b531ae5 service=relay/api timestamp=1733017180 version=b4947ea-dev withdrawalsRoot=0x792930bbd5baac43bcc798ee49aa8185ef76bb3b44ba62b91d86ae569e4bb535
time="2024-12-01T01:39:40Z" level=info msg="payload attributes received for slot: 14" service=relay/api version=b4947ea-dev
time="2024-12-01T01:39:40Z" level=info msg="updated payload attributes" headSlot=12 payloadAttrParent=0xa55a5b3de777b5c028c12a1023c103f497b0a3f6b5f98ac37fb083f6c6112bff payloadAttrSlot=14 randao=0x778b263f4ec80f72902b75bab283c1eb2b560f64f97ea13400c4d91d5b531ae5 service=relay/api timestamp=1733017182 version=b4947ea-dev withdrawalsRoot=0x792930bbd5baac43bcc798ee49aa8185ef76bb3b44ba62b91d86ae569e4bb535
time="2024-12-01T01:39:40Z" level=debug msg="getHeader request received" headSlot=12 method=getHeader mevBoostV=v1.8.1 msIntoSlot=92 parentHash=0xa55a5b3de777b5c028c12a1023c103f497b0a3f6b5f98ac37fb083f6c6112bff pubkey=0x84dc37ca3cd621d3da0fbdd11ca84021e0cd81a73d772dd6fcf19775b72eb64af4e573213378ccee0915dde92ac83ba6 requestTimestamp=1733017180 service=relay/api slot=13 slotStartSec=1733017180 ua="mev-boost/v1.8.1 Lighthouse/v5.3.0-2e0eb6d" version=b4947ea-dev
time="2024-12-01T01:39:40Z" level=error msg="bid was empty, skipping PROF augmentation" error="<nil>" headSlot=12 method=getHeader mevBoostV=v1.8.1 msIntoSlot=92 parentHash=0xa55a5b3de777b5c028c12a1023c103f497b0a3f6b5f98ac37fb083f6c6112bff pubkey=0x84dc37ca3cd621d3da0fbdd11ca84021e0cd81a73d772dd6fcf19775b72eb64af4e573213378ccee0915dde92ac83ba6 requestTimestamp=1733017180 service=relay/api slot=13 slotStartSec=1733017180 ua="mev-boost/v1.8.1 Lighthouse/v5.3.0-2e0eb6d" version=b4947ea-dev
time="2024-12-01T01:39:40Z" level=info msg="http: GET /eth/v1/builder/header/13/0xa55a5b3de777b5c028c12a1023c103f497b0a3f6b5f98ac37fb083f6c6112bff/0x84dc37ca3cd621d3da0fbdd11ca84021e0cd81a73d772dd6fcf19775b72eb64af4e573213378ccee0915dde92ac83ba6 204" duration=0.000449 method=GET path=/eth/v1/builder/header/13/0xa55a5b3de777b5c028c12a1023c103f497b0a3f6b5f98ac37fb083f6c6112bff/0x84dc37ca3cd621d3da0fbdd11ca84021e0cd81a73d772dd6fcf19775b72eb64af4e573213378ccee0915dde92ac83ba6 service=relay/api status=204 version=b4947ea-dev
time="2024-12-01T01:39:40Z" level=info msg="updated headSlot to 13" epoch=0 service=relay/api slotHead=13 slotStartNextEpoch=32 version=b4947ea-dev
time="2024-12-01T01:39:40Z" level=debug msg="RefreshKnownValidators init" datastoreMethod=RefreshKnownValidators headSlot=13 headSlotPos=14 lastUpdateSlot=0 service=relay/api version=b4947ea-dev
time="2024-12-01T01:39:40Z" level=debug msg="Updating builder cache with 0 builders from database" service=relay/api version=b4947ea-dev
time="2024-12-01T01:39:40Z" level=info msg="payload attributes received for slot: 14" service=relay/api version=b4947ea-dev
time="2024-12-01T01:39:40Z" level=info msg="updated payload attributes" headSlot=13 payloadAttrParent=0x500cf722b76e73b117b9435619f26758fb9072ea21a80e97d3d598eb8b8b8027 payloadAttrSlot=14 randao=0xf8043a71366bb836c1cf20fd0fb70998544382969611c802f865cd6cbbb78531 service=relay/api timestamp=1733017182 version=b4947ea-dev withdrawalsRoot=0x792930bbd5baac43bcc798ee49aa8185ef76bb3b44ba62b91d86ae569e4bb535
time="2024-12-01T01:39:42Z" level=info msg="payload attributes received for slot: 15" service=relay/api version=b4947ea-dev
time="2024-12-01T01:39:42Z" level=info msg="updated payload attributes" headSlot=13 payloadAttrParent=0x500cf722b76e73b117b9435619f26758fb9072ea21a80e97d3d598eb8b8b8027 payloadAttrSlot=15 randao=0xf8043a71366bb836c1cf20fd0fb70998544382969611c802f865cd6cbbb78531 service=relay/api timestamp=1733017184 version=b4947ea-dev withdrawalsRoot=0x792930bbd5baac43bcc798ee49aa8185ef76bb3b44ba62b91d86ae569e4bb535
time="2024-12-01T01:39:42Z" level=debug msg="getHeader request received" headSlot=13 method=getHeader mevBoostV=v1.8.1 msIntoSlot=92 parentHash=0x500cf722b76e73b117b9435619f26758fb9072ea21a80e97d3d598eb8b8b8027 pubkey=0x91709ee06497b9ac049325853d64947290189a8c2322e3a500d91e23ea02dc158b6db63ae558b3b7670357a151cd6071 requestTimestamp=1733017182 service=relay/api slot=14 slotStartSec=1733017182 ua="mev-boost/v1.8.1 Lighthouse/v5.3.0-2e0eb6d" version=b4947ea-dev
time="2024-12-01T01:39:42Z" level=error msg="bid was empty, skipping PROF augmentation" error="<nil>" headSlot=13 method=getHeader mevBoostV=v1.8.1 msIntoSlot=92 parentHash=0x500cf722b76e73b117b9435619f26758fb9072ea21a80e97d3d598eb8b8b8027 pubkey=0x91709ee06497b9ac049325853d64947290189a8c2322e3a500d91e23ea02dc158b6db63ae558b3b7670357a151cd6071 requestTimestamp=1733017182 service=relay/api slot=14 slotStartSec=1733017182 ua="mev-boost/v1.8.1 Lighthouse/v5.3.0-2e0eb6d" version=b4947ea-dev
time="2024-12-01T01:39:42Z" level=info msg="http: GET /eth/v1/builder/header/14/0x500cf722b76e73b117b9435619f26758fb9072ea21a80e97d3d598eb8b8b8027/0x91709ee06497b9ac049325853d64947290189a8c2322e3a500d91e23ea02dc158b6db63ae558b3b7670357a151cd6071 204" duration=0.000455 method=GET path=/eth/v1/builder/header/14/0x500cf722b76e73b117b9435619f26758fb9072ea21a80e97d3d598eb8b8b8027/0x91709ee06497b9ac049325853d64947290189a8c2322e3a500d91e23ea02dc158b6db63ae558b3b7670357a151cd6071 service=relay/api status=204 version=b4947ea-dev
time="2024-12-01T01:39:42Z" level=info msg="updated headSlot to 14" epoch=0 service=relay/api slotHead=14 slotStartNextEpoch=32 version=b4947ea-dev
time="2024-12-01T01:39:42Z" level=debug msg="RefreshKnownValidators init" datastoreMethod=RefreshKnownValidators headSlot=14 headSlotPos=15 lastUpdateSlot=0 service=relay/api version=b4947ea-dev
time="2024-12-01T01:39:42Z" level=debug msg="Updating builder cache with 0 builders from database" service=relay/api version=b4947ea-dev
time="2024-12-01T01:39:42Z" level=info msg="payload attributes received for slot: 15" service=relay/api version=b4947ea-dev
time="2024-12-01T01:39:42Z" level=info msg="updated payload attributes" headSlot=14 payloadAttrParent=0x1d429dcf4fa6d966d62f057eb89b4344a20087dd8d52c1b8716de35a88b9f0a6 payloadAttrSlot=15 randao=0xf085eb80e7403286b194b7802a53fafb60f4c518d9320392026b0c911b2c16df service=relay/api timestamp=1733017184 version=b4947ea-dev withdrawalsRoot=0x792930bbd5baac43bcc798ee49aa8185ef76bb3b44ba62b91d86ae569e4bb535
time="2024-12-01T01:39:44Z" level=info msg="payload attributes received for slot: 16" service=relay/api version=b4947ea-dev
time="2024-12-01T01:39:44Z" level=info msg="updated payload attributes" headSlot=14 payloadAttrParent=0x1d429dcf4fa6d966d62f057eb89b4344a20087dd8d52c1b8716de35a88b9f0a6 payloadAttrSlot=16 randao=0xf085eb80e7403286b194b7802a53fafb60f4c518d9320392026b0c911b2c16df service=relay/api timestamp=1733017186 version=b4947ea-dev withdrawalsRoot=0x792930bbd5baac43bcc798ee49aa8185ef76bb3b44ba62b91d86ae569e4bb535
time="2024-12-01T01:39:44Z" level=debug msg="getHeader request received" headSlot=14 method=getHeader mevBoostV=v1.8.1 msIntoSlot=95 parentHash=0x1d429dcf4fa6d966d62f057eb89b4344a20087dd8d52c1b8716de35a88b9f0a6 pubkey=0x896a51e0b0de0f29029af38b796db1f1e6d0f9f9085ade40a313a60cb723fa3d58f6587175570086c4fbf0fe5331f1c8 requestTimestamp=1733017184 service=relay/api slot=15 slotStartSec=1733017184 ua="mev-boost/v1.8.1 Lighthouse/v5.3.0-2e0eb6d" version=b4947ea-dev
time="2024-12-01T01:39:44Z" level=error msg="bid was empty, skipping PROF augmentation" error="<nil>" headSlot=14 method=getHeader mevBoostV=v1.8.1 msIntoSlot=95 parentHash=0x1d429dcf4fa6d966d62f057eb89b4344a20087dd8d52c1b8716de35a88b9f0a6 pubkey=0x896a51e0b0de0f29029af38b796db1f1e6d0f9f9085ade40a313a60cb723fa3d58f6587175570086c4fbf0fe5331f1c8 requestTimestamp=1733017184 service=relay/api slot=15 slotStartSec=1733017184 ua="mev-boost/v1.8.1 Lighthouse/v5.3.0-2e0eb6d" version=b4947ea-dev
time="2024-12-01T01:39:44Z" level=info msg="http: GET /eth/v1/builder/header/15/0x1d429dcf4fa6d966d62f057eb89b4344a20087dd8d52c1b8716de35a88b9f0a6/0x896a51e0b0de0f29029af38b796db1f1e6d0f9f9085ade40a313a60cb723fa3d58f6587175570086c4fbf0fe5331f1c8 204" duration=0.000437 method=GET path=/eth/v1/builder/header/15/0x1d429dcf4fa6d966d62f057eb89b4344a20087dd8d52c1b8716de35a88b9f0a6/0x896a51e0b0de0f29029af38b796db1f1e6d0f9f9085ade40a313a60cb723fa3d58f6587175570086c4fbf0fe5331f1c8 service=relay/api status=204 version=b4947ea-dev
time="2024-12-01T01:39:44Z" level=info msg="updated headSlot to 15" epoch=0 service=relay/api slotHead=15 slotStartNextEpoch=32 version=b4947ea-dev
time="2024-12-01T01:39:44Z" level=debug msg="RefreshKnownValidators init" datastoreMethod=RefreshKnownValidators headSlot=15 headSlotPos=16 lastUpdateSlot=0 service=relay/api version=b4947ea-dev
time="2024-12-01T01:39:44Z" level=debug msg="Updating builder cache with 0 builders from database" service=relay/api version=b4947ea-dev
time="2024-12-01T01:39:44Z" level=info msg="payload attributes received for slot: 16" service=relay/api version=b4947ea-dev
time="2024-12-01T01:39:44Z" level=info msg="updated payload attributes" headSlot=15 payloadAttrParent=0x36907749fafa1451d91418e0c93296ad157ae669340078533ecb2c90f436e198 payloadAttrSlot=16 randao=0x7b0ec6aa019a1c5f4b2f0de92cb3060582e9a5beff359d2187ed53a408dd928d service=relay/api timestamp=1733017186 version=b4947ea-dev withdrawalsRoot=0x792930bbd5baac43bcc798ee49aa8185ef76bb3b44ba62b91d86ae569e4bb535
time="2024-12-01T01:39:46Z" level=info msg="payload attributes received for slot: 17" service=relay/api version=b4947ea-dev
time="2024-12-01T01:39:46Z" level=info msg="updated payload attributes" headSlot=15 payloadAttrParent=0x36907749fafa1451d91418e0c93296ad157ae669340078533ecb2c90f436e198 payloadAttrSlot=17 randao=0x7b0ec6aa019a1c5f4b2f0de92cb3060582e9a5beff359d2187ed53a408dd928d service=relay/api timestamp=1733017188 version=b4947ea-dev withdrawalsRoot=0x792930bbd5baac43bcc798ee49aa8185ef76bb3b44ba62b91d86ae569e4bb535
time="2024-12-01T01:39:46Z" level=debug msg="getHeader request received" headSlot=15 method=getHeader mevBoostV=v1.8.1 msIntoSlot=95 parentHash=0x36907749fafa1451d91418e0c93296ad157ae669340078533ecb2c90f436e198 pubkey=0xa7ed4d8afeea6c020adddf320ed86a863ec5d048236c28e56f61f83b4603cb9e4f2f2bf3f6dc10864936c98c0784c038 requestTimestamp=1733017186 service=relay/api slot=16 slotStartSec=1733017186 ua="mev-boost/v1.8.1 Lighthouse/v5.3.0-2e0eb6d" version=b4947ea-dev
time="2024-12-01T01:39:46Z" level=error msg="bid was empty, skipping PROF augmentation" error="<nil>" headSlot=15 method=getHeader mevBoostV=v1.8.1 msIntoSlot=95 parentHash=0x36907749fafa1451d91418e0c93296ad157ae669340078533ecb2c90f436e198 pubkey=0xa7ed4d8afeea6c020adddf320ed86a863ec5d048236c28e56f61f83b4603cb9e4f2f2bf3f6dc10864936c98c0784c038 requestTimestamp=1733017186 service=relay/api slot=16 slotStartSec=1733017186 ua="mev-boost/v1.8.1 Lighthouse/v5.3.0-2e0eb6d" version=b4947ea-dev
time="2024-12-01T01:39:46Z" level=info msg="http: GET /eth/v1/builder/header/16/0x36907749fafa1451d91418e0c93296ad157ae669340078533ecb2c90f436e198/0xa7ed4d8afeea6c020adddf320ed86a863ec5d048236c28e56f61f83b4603cb9e4f2f2bf3f6dc10864936c98c0784c038 204" duration=0.000481 method=GET path=/eth/v1/builder/header/16/0x36907749fafa1451d91418e0c93296ad157ae669340078533ecb2c90f436e198/0xa7ed4d8afeea6c020adddf320ed86a863ec5d048236c28e56f61f83b4603cb9e4f2f2bf3f6dc10864936c98c0784c038 service=relay/api status=204 version=b4947ea-dev
time="2024-12-01T01:39:46Z" level=info msg="updated headSlot to 16" epoch=0 service=relay/api slotHead=16 slotStartNextEpoch=32 version=b4947ea-dev
time="2024-12-01T01:39:46Z" level=debug msg="RefreshKnownValidators init" datastoreMethod=RefreshKnownValidators headSlot=16 headSlotPos=17 lastUpdateSlot=0 service=relay/api version=b4947ea-dev
time="2024-12-01T01:39:46Z" level=info msg="proposer duties updated: " service=relay/api version=b4947ea-dev
time="2024-12-01T01:39:46Z" level=debug msg="Updating builder cache with 0 builders from database" service=relay/api version=b4947ea-dev
time="2024-12-01T01:39:46Z" level=info msg="payload attributes received for slot: 17" service=relay/api version=b4947ea-dev
time="2024-12-01T01:39:46Z" level=info msg="updated payload attributes" headSlot=16 payloadAttrParent=0x612321a3d5a91e65b0e182353cd34f8837999906422b3216f2af17d9dfebc0e3 payloadAttrSlot=17 randao=0x31edac786a506a9207fecaacac2c95e557fc8120bce608377f5692f3133e0d3d service=relay/api timestamp=1733017188 version=b4947ea-dev withdrawalsRoot=0x792930bbd5baac43bcc798ee49aa8185ef76bb3b44ba62b91d86ae569e4bb535
time="2024-12-01T01:39:48Z" level=info msg="payload attributes received for slot: 18" service=relay/api version=b4947ea-dev
time="2024-12-01T01:39:48Z" level=info msg="updated payload attributes" headSlot=16 payloadAttrParent=0x612321a3d5a91e65b0e182353cd34f8837999906422b3216f2af17d9dfebc0e3 payloadAttrSlot=18 randao=0x31edac786a506a9207fecaacac2c95e557fc8120bce608377f5692f3133e0d3d service=relay/api timestamp=1733017190 version=b4947ea-dev withdrawalsRoot=0x792930bbd5baac43bcc798ee49aa8185ef76bb3b44ba62b91d86ae569e4bb535
time="2024-12-01T01:39:48Z" level=debug msg="getHeader request received" headSlot=16 method=getHeader mevBoostV=v1.8.1 msIntoSlot=4 parentHash=0x612321a3d5a91e65b0e182353cd34f8837999906422b3216f2af17d9dfebc0e3 pubkey=0xb320e188ef282109ba8dc3d2573f9edc33831c1025a29844c86e7fc60a25627e507964725ec8dbeccfcbaa12e7fb5e1a requestTimestamp=1733017188 service=relay/api slot=17 slotStartSec=1733017188 ua="mev-boost/v1.8.1 Lighthouse/v5.3.0-2e0eb6d" version=b4947ea-dev
time="2024-12-01T01:39:48Z" level=error msg="bid was empty, skipping PROF augmentation" error="<nil>" headSlot=16 method=getHeader mevBoostV=v1.8.1 msIntoSlot=4 parentHash=0x612321a3d5a91e65b0e182353cd34f8837999906422b3216f2af17d9dfebc0e3 pubkey=0xb320e188ef282109ba8dc3d2573f9edc33831c1025a29844c86e7fc60a25627e507964725ec8dbeccfcbaa12e7fb5e1a requestTimestamp=1733017188 service=relay/api slot=17 slotStartSec=1733017188 ua="mev-boost/v1.8.1 Lighthouse/v5.3.0-2e0eb6d" version=b4947ea-dev
time="2024-12-01T01:39:48Z" level=info msg="http: GET /eth/v1/builder/header/17/0x612321a3d5a91e65b0e182353cd34f8837999906422b3216f2af17d9dfebc0e3/0xb320e188ef282109ba8dc3d2573f9edc33831c1025a29844c86e7fc60a25627e507964725ec8dbeccfcbaa12e7fb5e1a 204" duration=0.000204 method=GET path=/eth/v1/builder/header/17/0x612321a3d5a91e65b0e182353cd34f8837999906422b3216f2af17d9dfebc0e3/0xb320e188ef282109ba8dc3d2573f9edc33831c1025a29844c86e7fc60a25627e507964725ec8dbeccfcbaa12e7fb5e1a service=relay/api status=204 version=b4947ea-dev
time="2024-12-01T01:39:48Z" level=info msg="updated headSlot to 17" epoch=0 service=relay/api slotHead=17 slotStartNextEpoch=32 version=b4947ea-dev
time="2024-12-01T01:39:48Z" level=debug msg="RefreshKnownValidators init" datastoreMethod=RefreshKnownValidators headSlot=17 headSlotPos=18 lastUpdateSlot=0 service=relay/api version=b4947ea-dev
time="2024-12-01T01:39:48Z" level=debug msg="Updating builder cache with 0 builders from database" service=relay/api version=b4947ea-dev
time="2024-12-01T01:39:48Z" level=info msg="payload attributes received for slot: 18" service=relay/api version=b4947ea-dev
time="2024-12-01T01:39:48Z" level=info msg="updated payload attributes" headSlot=17 payloadAttrParent=0x4b4353ba25f6397cc219cf86f9f52c206e07fb58cff1721cb839ff889e02ba9e payloadAttrSlot=18 randao=0x9e0b9c1e59b6f7d68075076a7c2e0675a0bb73de83c035127474cf0f43f1a6e3 service=relay/api timestamp=1733017190 version=b4947ea-dev withdrawalsRoot=0x792930bbd5baac43bcc798ee49aa8185ef76bb3b44ba62b91d86ae569e4bb535
time="2024-12-01T01:39:50Z" level=info msg="payload attributes received for slot: 19" service=relay/api version=b4947ea-dev
time="2024-12-01T01:39:50Z" level=info msg="updated payload attributes" headSlot=17 payloadAttrParent=0x4b4353ba25f6397cc219cf86f9f52c206e07fb58cff1721cb839ff889e02ba9e payloadAttrSlot=19 randao=0x9e0b9c1e59b6f7d68075076a7c2e0675a0bb73de83c035127474cf0f43f1a6e3 service=relay/api timestamp=1733017192 version=b4947ea-dev withdrawalsRoot=0x792930bbd5baac43bcc798ee49aa8185ef76bb3b44ba62b91d86ae569e4bb535
time="2024-12-01T01:39:50Z" level=debug msg="getHeader request received" headSlot=17 method=getHeader mevBoostV=v1.8.1 msIntoSlot=86 parentHash=0x4b4353ba25f6397cc219cf86f9f52c206e07fb58cff1721cb839ff889e02ba9e pubkey=0x81093820fe0770a18a816945494db8fd957f10f7693da18f782e0968ef28ea8f23afefb0dc203925262352925f2739df requestTimestamp=1733017190 service=relay/api slot=18 slotStartSec=1733017190 ua="mev-boost/v1.8.1 Lighthouse/v5.3.0-2e0eb6d" version=b4947ea-dev
time="2024-12-01T01:39:50Z" level=error msg="bid was empty, skipping PROF augmentation" error="<nil>" headSlot=17 method=getHeader mevBoostV=v1.8.1 msIntoSlot=86 parentHash=0x4b4353ba25f6397cc219cf86f9f52c206e07fb58cff1721cb839ff889e02ba9e pubkey=0x81093820fe0770a18a816945494db8fd957f10f7693da18f782e0968ef28ea8f23afefb0dc203925262352925f2739df requestTimestamp=1733017190 service=relay/api slot=18 slotStartSec=1733017190 ua="mev-boost/v1.8.1 Lighthouse/v5.3.0-2e0eb6d" version=b4947ea-dev
time="2024-12-01T01:39:50Z" level=info msg="http: GET /eth/v1/builder/header/18/0x4b4353ba25f6397cc219cf86f9f52c206e07fb58cff1721cb839ff889e02ba9e/0x81093820fe0770a18a816945494db8fd957f10f7693da18f782e0968ef28ea8f23afefb0dc203925262352925f2739df 204" duration=0.000278 method=GET path=/eth/v1/builder/header/18/0x4b4353ba25f6397cc219cf86f9f52c206e07fb58cff1721cb839ff889e02ba9e/0x81093820fe0770a18a816945494db8fd957f10f7693da18f782e0968ef28ea8f23afefb0dc203925262352925f2739df service=relay/api status=204 version=b4947ea-dev
time="2024-12-01T01:39:50Z" level=info msg="updated headSlot to 18" epoch=0 service=relay/api slotHead=18 slotStartNextEpoch=32 version=b4947ea-dev
time="2024-12-01T01:39:50Z" level=debug msg="RefreshKnownValidators init" datastoreMethod=RefreshKnownValidators headSlot=18 headSlotPos=19 lastUpdateSlot=0 service=relay/api version=b4947ea-dev
time="2024-12-01T01:39:50Z" level=debug msg="Updating builder cache with 0 builders from database" service=relay/api version=b4947ea-dev
time="2024-12-01T01:39:50Z" level=info msg="payload attributes received for slot: 19" service=relay/api version=b4947ea-dev
time="2024-12-01T01:39:50Z" level=info msg="updated payload attributes" headSlot=18 payloadAttrParent=0x4ec0865cae1a18c277058399af1f58afacc0ac3e362e8c36d412991c6b90c4b1 payloadAttrSlot=19 randao=0x8b399c34be0603d6d1994f754acabd6f9e8aecd93cd2cf353d2efd9323b30083 service=relay/api timestamp=1733017192 version=b4947ea-dev withdrawalsRoot=0x792930bbd5baac43bcc798ee49aa8185ef76bb3b44ba62b91d86ae569e4bb535
time="2024-12-01T01:39:52Z" level=info msg="payload attributes received for slot: 20" service=relay/api version=b4947ea-dev
time="2024-12-01T01:39:52Z" level=info msg="updated payload attributes" headSlot=18 payloadAttrParent=0x4ec0865cae1a18c277058399af1f58afacc0ac3e362e8c36d412991c6b90c4b1 payloadAttrSlot=20 randao=0x8b399c34be0603d6d1994f754acabd6f9e8aecd93cd2cf353d2efd9323b30083 service=relay/api timestamp=1733017194 version=b4947ea-dev withdrawalsRoot=0x792930bbd5baac43bcc798ee49aa8185ef76bb3b44ba62b91d86ae569e4bb535
time="2024-12-01T01:39:52Z" level=debug msg="getHeader request received" headSlot=18 method=getHeader mevBoostV=v1.8.1 msIntoSlot=87 parentHash=0x4ec0865cae1a18c277058399af1f58afacc0ac3e362e8c36d412991c6b90c4b1 pubkey=0xae5302796cfeca685eaf37ffd5baeb32121f2f07415bee26cc0051ee513ff3932d2c365e3d9f87b0949a5980445cb64c requestTimestamp=1733017192 service=relay/api slot=19 slotStartSec=1733017192 ua="mev-boost/v1.8.1 Lighthouse/v5.3.0-2e0eb6d" version=b4947ea-dev
time="2024-12-01T01:39:52Z" level=error msg="bid was empty, skipping PROF augmentation" error="<nil>" headSlot=18 method=getHeader mevBoostV=v1.8.1 msIntoSlot=87 parentHash=0x4ec0865cae1a18c277058399af1f58afacc0ac3e362e8c36d412991c6b90c4b1 pubkey=0xae5302796cfeca685eaf37ffd5baeb32121f2f07415bee26cc0051ee513ff3932d2c365e3d9f87b0949a5980445cb64c requestTimestamp=1733017192 service=relay/api slot=19 slotStartSec=1733017192 ua="mev-boost/v1.8.1 Lighthouse/v5.3.0-2e0eb6d" version=b4947ea-dev
time="2024-12-01T01:39:52Z" level=info msg="http: GET /eth/v1/builder/header/19/0x4ec0865cae1a18c277058399af1f58afacc0ac3e362e8c36d412991c6b90c4b1/0xae5302796cfeca685eaf37ffd5baeb32121f2f07415bee26cc0051ee513ff3932d2c365e3d9f87b0949a5980445cb64c 204" duration=0.000253 method=GET path=/eth/v1/builder/header/19/0x4ec0865cae1a18c277058399af1f58afacc0ac3e362e8c36d412991c6b90c4b1/0xae5302796cfeca685eaf37ffd5baeb32121f2f07415bee26cc0051ee513ff3932d2c365e3d9f87b0949a5980445cb64c service=relay/api status=204 version=b4947ea-dev
time="2024-12-01T01:39:52Z" level=info msg="updated headSlot to 19" epoch=0 service=relay/api slotHead=19 slotStartNextEpoch=32 version=b4947ea-dev
time="2024-12-01T01:39:52Z" level=debug msg="RefreshKnownValidators init" datastoreMethod=RefreshKnownValidators headSlot=19 headSlotPos=20 lastUpdateSlot=0 service=relay/api version=b4947ea-dev
time="2024-12-01T01:39:52Z" level=info msg="Querying validators from beacon node... (this may take a while)" datastoreMethod=RefreshKnownValidators headSlot=19 headSlotPos=20 lastUpdateSlot=0 service=relay/api version=b4947ea-dev
time="2024-12-01T01:39:52Z" level=debug msg="fetching validators" component=beaconClient service=relay/api uri="http://172.16.4.16:4000" version=b4947ea-dev
time="2024-12-01T01:39:52Z" level=debug msg="Updating builder cache with 0 builders from database" service=relay/api version=b4947ea-dev
time="2024-12-01T01:39:52Z" level=info msg="payload attributes received for slot: 20" service=relay/api version=b4947ea-dev
time="2024-12-01T01:39:52Z" level=info msg="updated payload attributes" headSlot=19 payloadAttrParent=0x8f8113cf9ff70e23c97938a8812357d3da46e552562623090a7414767601e52d payloadAttrSlot=20 randao=0x1e7febc0a0444f23a53cadefe79b4cd30368565153d13b96618d1cf5c668c169 service=relay/api timestamp=1733017194 version=b4947ea-dev withdrawalsRoot=0x792930bbd5baac43bcc798ee49aa8185ef76bb3b44ba62b91d86ae569e4bb535
time="2024-12-01T01:39:52Z" level=info msg="received known validators from beacon-node" datastoreMethod=RefreshKnownValidators durationFetchValidatorsMs=16 headSlot=19 headSlotPos=20 lastUpdateSlot=0 numKnownValidators=128 service=relay/api version=b4947ea-dev
time="2024-12-01T01:39:52Z" level=info msg="known validators updated" datastoreMethod=RefreshKnownValidators durationFetchValidatorsMs=16 headSlot=19 headSlotPos=20 lastUpdateSlot=0 numKnownValidators=128 service=relay/api version=b4947ea-dev
time="2024-12-01T01:39:54Z" level=info msg="payload attributes received for slot: 21" service=relay/api version=b4947ea-dev
time="2024-12-01T01:39:54Z" level=info msg="updated payload attributes" headSlot=19 payloadAttrParent=0x8f8113cf9ff70e23c97938a8812357d3da46e552562623090a7414767601e52d payloadAttrSlot=21 randao=0x1e7febc0a0444f23a53cadefe79b4cd30368565153d13b96618d1cf5c668c169 service=relay/api timestamp=1733017196 version=b4947ea-dev withdrawalsRoot=0x792930bbd5baac43bcc798ee49aa8185ef76bb3b44ba62b91d86ae569e4bb535
time="2024-12-01T01:39:54Z" level=debug msg="getHeader request received" headSlot=19 method=getHeader mevBoostV=v1.8.1 msIntoSlot=4 parentHash=0x8f8113cf9ff70e23c97938a8812357d3da46e552562623090a7414767601e52d pubkey=0x899f89c23e08b2e89a5416a7c6c9e76c7e1a064c49cb2f0825699d4412784bd4e34799c06b3faf0539b6fb4ab10c104e requestTimestamp=1733017194 service=relay/api slot=20 slotStartSec=1733017194 ua="mev-boost/v1.8.1 Lighthouse/v5.3.0-2e0eb6d" version=b4947ea-dev
time="2024-12-01T01:39:54Z" level=error msg="bid was empty, skipping PROF augmentation" error="<nil>" headSlot=19 method=getHeader mevBoostV=v1.8.1 msIntoSlot=4 parentHash=0x8f8113cf9ff70e23c97938a8812357d3da46e552562623090a7414767601e52d pubkey=0x899f89c23e08b2e89a5416a7c6c9e76c7e1a064c49cb2f0825699d4412784bd4e34799c06b3faf0539b6fb4ab10c104e requestTimestamp=1733017194 service=relay/api slot=20 slotStartSec=1733017194 ua="mev-boost/v1.8.1 Lighthouse/v5.3.0-2e0eb6d" version=b4947ea-dev
time="2024-12-01T01:39:54Z" level=info msg="http: GET /eth/v1/builder/header/20/0x8f8113cf9ff70e23c97938a8812357d3da46e552562623090a7414767601e52d/0x899f89c23e08b2e89a5416a7c6c9e76c7e1a064c49cb2f0825699d4412784bd4e34799c06b3faf0539b6fb4ab10c104e 204" duration=0.000287 method=GET path=/eth/v1/builder/header/20/0x8f8113cf9ff70e23c97938a8812357d3da46e552562623090a7414767601e52d/0x899f89c23e08b2e89a5416a7c6c9e76c7e1a064c49cb2f0825699d4412784bd4e34799c06b3faf0539b6fb4ab10c104e service=relay/api status=204 version=b4947ea-dev
time="2024-12-01T01:39:54Z" level=info msg="updated headSlot to 20" epoch=0 service=relay/api slotHead=20 slotStartNextEpoch=32 version=b4947ea-dev
time="2024-12-01T01:39:54Z" level=info msg="payload attributes received for slot: 21" service=relay/api version=b4947ea-dev
time="2024-12-01T01:39:54Z" level=info msg="updated payload attributes" headSlot=20 payloadAttrParent=0xf4eba90b86e1ecd34a7b5a9afc34d628a2758f12a02a55fd601306706b22d22c payloadAttrSlot=21 randao=0xa7348a3d29e595153a755f4075f8122bd9ba96d106dcfa7057e974d73950b37d service=relay/api timestamp=1733017196 version=b4947ea-dev withdrawalsRoot=0x792930bbd5baac43bcc798ee49aa8185ef76bb3b44ba62b91d86ae569e4bb535
time="2024-12-01T01:39:54Z" level=debug msg="Updating builder cache with 0 builders from database" service=relay/api version=b4947ea-dev
time="2024-12-01T01:39:56Z" level=info msg="payload attributes received for slot: 22" service=relay/api version=b4947ea-dev
time="2024-12-01T01:39:56Z" level=info msg="updated payload attributes" headSlot=20 payloadAttrParent=0xf4eba90b86e1ecd34a7b5a9afc34d628a2758f12a02a55fd601306706b22d22c payloadAttrSlot=22 randao=0xa7348a3d29e595153a755f4075f8122bd9ba96d106dcfa7057e974d73950b37d service=relay/api timestamp=1733017198 version=b4947ea-dev withdrawalsRoot=0x792930bbd5baac43bcc798ee49aa8185ef76bb3b44ba62b91d86ae569e4bb535
time="2024-12-01T01:39:56Z" level=debug msg="getHeader request received" headSlot=20 method=getHeader mevBoostV=v1.8.1 msIntoSlot=86 parentHash=0xf4eba90b86e1ecd34a7b5a9afc34d628a2758f12a02a55fd601306706b22d22c pubkey=0xb26fae53e4f7d2088de3fd67ce06fde88a84a7963af20ff8901613bd8be30e9660b244e5e0bbcc39c940c814f6f3f318 requestTimestamp=1733017196 service=relay/api slot=21 slotStartSec=1733017196 ua="mev-boost/v1.8.1 Lighthouse/v5.3.0-2e0eb6d" version=b4947ea-dev
time="2024-12-01T01:39:56Z" level=error msg="bid was empty, skipping PROF augmentation" error="<nil>" headSlot=20 method=getHeader mevBoostV=v1.8.1 msIntoSlot=86 parentHash=0xf4eba90b86e1ecd34a7b5a9afc34d628a2758f12a02a55fd601306706b22d22c pubkey=0xb26fae53e4f7d2088de3fd67ce06fde88a84a7963af20ff8901613bd8be30e9660b244e5e0bbcc39c940c814f6f3f318 requestTimestamp=1733017196 service=relay/api slot=21 slotStartSec=1733017196 ua="mev-boost/v1.8.1 Lighthouse/v5.3.0-2e0eb6d" version=b4947ea-dev
time="2024-12-01T01:39:56Z" level=info msg="http: GET /eth/v1/builder/header/21/0xf4eba90b86e1ecd34a7b5a9afc34d628a2758f12a02a55fd601306706b22d22c/0xb26fae53e4f7d2088de3fd67ce06fde88a84a7963af20ff8901613bd8be30e9660b244e5e0bbcc39c940c814f6f3f318 204" duration=0.000296 method=GET path=/eth/v1/builder/header/21/0xf4eba90b86e1ecd34a7b5a9afc34d628a2758f12a02a55fd601306706b22d22c/0xb26fae53e4f7d2088de3fd67ce06fde88a84a7963af20ff8901613bd8be30e9660b244e5e0bbcc39c940c814f6f3f318 service=relay/api status=204 version=b4947ea-dev
time="2024-12-01T01:39:56Z" level=info msg="updated headSlot to 21" epoch=0 service=relay/api slotHead=21 slotStartNextEpoch=32 version=b4947ea-dev
time="2024-12-01T01:39:56Z" level=debug msg="Updating builder cache with 0 builders from database" service=relay/api version=b4947ea-dev
time="2024-12-01T01:39:56Z" level=info msg="payload attributes received for slot: 22" service=relay/api version=b4947ea-dev
time="2024-12-01T01:39:56Z" level=info msg="updated payload attributes" headSlot=21 payloadAttrParent=0x852c1c0ab5680b6108115379e8d538f9d44bf9f3b38dcd5431e9f9c8ca1b2809 payloadAttrSlot=22 randao=0x97110fe25b7bcc96e6f210607370340a2245cc62a8839a96e9d8b04c25064bae service=relay/api timestamp=1733017198 version=b4947ea-dev withdrawalsRoot=0x792930bbd5baac43bcc798ee49aa8185ef76bb3b44ba62b91d86ae569e4bb535
time="2024-12-01T01:39:58Z" level=info msg="payload attributes received for slot: 23" service=relay/api version=b4947ea-dev
time="2024-12-01T01:39:58Z" level=info msg="updated payload attributes" headSlot=21 payloadAttrParent=0x852c1c0ab5680b6108115379e8d538f9d44bf9f3b38dcd5431e9f9c8ca1b2809 payloadAttrSlot=23 randao=0x97110fe25b7bcc96e6f210607370340a2245cc62a8839a96e9d8b04c25064bae service=relay/api timestamp=1733017200 version=b4947ea-dev withdrawalsRoot=0x792930bbd5baac43bcc798ee49aa8185ef76bb3b44ba62b91d86ae569e4bb535
time="2024-12-01T01:39:58Z" level=debug msg="getHeader request received" headSlot=21 method=getHeader mevBoostV=v1.8.1 msIntoSlot=87 parentHash=0x852c1c0ab5680b6108115379e8d538f9d44bf9f3b38dcd5431e9f9c8ca1b2809 pubkey=0xaf89ab00a0eab1131645292a9cfba583a69a1e3ac58b210e262494853e67385aeb50d4af428bdd577b9399daa96d8b20 requestTimestamp=1733017198 service=relay/api slot=22 slotStartSec=1733017198 ua="mev-boost/v1.8.1 Lighthouse/v5.3.0-2e0eb6d" version=b4947ea-dev
time="2024-12-01T01:39:58Z" level=error msg="bid was empty, skipping PROF augmentation" error="<nil>" headSlot=21 method=getHeader mevBoostV=v1.8.1 msIntoSlot=87 parentHash=0x852c1c0ab5680b6108115379e8d538f9d44bf9f3b38dcd5431e9f9c8ca1b2809 pubkey=0xaf89ab00a0eab1131645292a9cfba583a69a1e3ac58b210e262494853e67385aeb50d4af428bdd577b9399daa96d8b20 requestTimestamp=1733017198 service=relay/api slot=22 slotStartSec=1733017198 ua="mev-boost/v1.8.1 Lighthouse/v5.3.0-2e0eb6d" version=b4947ea-dev
time="2024-12-01T01:39:58Z" level=info msg="http: GET /eth/v1/builder/header/22/0x852c1c0ab5680b6108115379e8d538f9d44bf9f3b38dcd5431e9f9c8ca1b2809/0xaf89ab00a0eab1131645292a9cfba583a69a1e3ac58b210e262494853e67385aeb50d4af428bdd577b9399daa96d8b20 204" duration=0.000419 method=GET path=/eth/v1/builder/header/22/0x852c1c0ab5680b6108115379e8d538f9d44bf9f3b38dcd5431e9f9c8ca1b2809/0xaf89ab00a0eab1131645292a9cfba583a69a1e3ac58b210e262494853e67385aeb50d4af428bdd577b9399daa96d8b20 service=relay/api status=204 version=b4947ea-dev
time="2024-12-01T01:39:58Z" level=info msg="updated headSlot to 22" epoch=0 service=relay/api slotHead=22 slotStartNextEpoch=32 version=b4947ea-dev
time="2024-12-01T01:39:58Z" level=debug msg="Updating builder cache with 0 builders from database" service=relay/api version=b4947ea-dev
time="2024-12-01T01:39:58Z" level=info msg="payload attributes received for slot: 23" service=relay/api version=b4947ea-dev
time="2024-12-01T01:39:58Z" level=info msg="updated payload attributes" headSlot=22 payloadAttrParent=0x771fe241dee8ea1c8ce612e7f262e9081fd375082f3e37222d87d121f8f5d177 payloadAttrSlot=23 randao=0xa2fddfd68306a7134509a0084b46f76c08150a0e2b09a73511cec35ca8619898 service=relay/api timestamp=1733017200 version=b4947ea-dev withdrawalsRoot=0x792930bbd5baac43bcc798ee49aa8185ef76bb3b44ba62b91d86ae569e4bb535
time="2024-12-01T01:40:00Z" level=info msg="payload attributes received for slot: 24" service=relay/api version=b4947ea-dev
time="2024-12-01T01:40:00Z" level=info msg="updated payload attributes" headSlot=22 payloadAttrParent=0x771fe241dee8ea1c8ce612e7f262e9081fd375082f3e37222d87d121f8f5d177 payloadAttrSlot=24 randao=0xa2fddfd68306a7134509a0084b46f76c08150a0e2b09a73511cec35ca8619898 service=relay/api timestamp=1733017202 version=b4947ea-dev withdrawalsRoot=0x792930bbd5baac43bcc798ee49aa8185ef76bb3b44ba62b91d86ae569e4bb535
time="2024-12-01T01:40:00Z" level=debug msg="getHeader request received" headSlot=22 method=getHeader mevBoostV=v1.8.1 msIntoSlot=86 parentHash=0x771fe241dee8ea1c8ce612e7f262e9081fd375082f3e37222d87d121f8f5d177 pubkey=0xa804e4fa8d1391a9d078aa93985a12503b84ce4f6f1f9e70ab7fca421e1cf972538666299d4c1bfc39327b469b2db7a8 requestTimestamp=1733017200 service=relay/api slot=23 slotStartSec=1733017200 ua="mev-boost/v1.8.1 Lighthouse/v5.3.0-2e0eb6d" version=b4947ea-dev
time="2024-12-01T01:40:00Z" level=error msg="bid was empty, skipping PROF augmentation" error="<nil>" headSlot=22 method=getHeader mevBoostV=v1.8.1 msIntoSlot=86 parentHash=0x771fe241dee8ea1c8ce612e7f262e9081fd375082f3e37222d87d121f8f5d177 pubkey=0xa804e4fa8d1391a9d078aa93985a12503b84ce4f6f1f9e70ab7fca421e1cf972538666299d4c1bfc39327b469b2db7a8 requestTimestamp=1733017200 service=relay/api slot=23 slotStartSec=1733017200 ua="mev-boost/v1.8.1 Lighthouse/v5.3.0-2e0eb6d" version=b4947ea-dev
time="2024-12-01T01:40:00Z" level=info msg="http: GET /eth/v1/builder/header/23/0x771fe241dee8ea1c8ce612e7f262e9081fd375082f3e37222d87d121f8f5d177/0xa804e4fa8d1391a9d078aa93985a12503b84ce4f6f1f9e70ab7fca421e1cf972538666299d4c1bfc39327b469b2db7a8 204" duration=0.000387 method=GET path=/eth/v1/builder/header/23/0x771fe241dee8ea1c8ce612e7f262e9081fd375082f3e37222d87d121f8f5d177/0xa804e4fa8d1391a9d078aa93985a12503b84ce4f6f1f9e70ab7fca421e1cf972538666299d4c1bfc39327b469b2db7a8 service=relay/api status=204 version=b4947ea-dev
time="2024-12-01T01:40:00Z" level=info msg="updated headSlot to 23" epoch=0 service=relay/api slotHead=23 slotStartNextEpoch=32 version=b4947ea-dev
time="2024-12-01T01:40:00Z" level=debug msg="Updating builder cache with 0 builders from database" service=relay/api version=b4947ea-dev
time="2024-12-01T01:40:00Z" level=info msg="payload attributes received for slot: 24" service=relay/api version=b4947ea-dev
time="2024-12-01T01:40:00Z" level=info msg="updated payload attributes" headSlot=23 payloadAttrParent=0xe4fdd745e1daad7c0aa54bb7806570b8d62c88425a9b95b759a023922bee1f64 payloadAttrSlot=24 randao=0xd6293b268dbfb87289ae27b134021d548b31d13648ee6d109e1d3f3e7c58441a service=relay/api timestamp=1733017202 version=b4947ea-dev withdrawalsRoot=0x792930bbd5baac43bcc798ee49aa8185ef76bb3b44ba62b91d86ae569e4bb535
time="2024-12-01T01:40:02Z" level=info msg="payload attributes received for slot: 25" service=relay/api version=b4947ea-dev
time="2024-12-01T01:40:02Z" level=info msg="updated payload attributes" headSlot=23 payloadAttrParent=0xe4fdd745e1daad7c0aa54bb7806570b8d62c88425a9b95b759a023922bee1f64 payloadAttrSlot=25 randao=0xd6293b268dbfb87289ae27b134021d548b31d13648ee6d109e1d3f3e7c58441a service=relay/api timestamp=1733017204 version=b4947ea-dev withdrawalsRoot=0x792930bbd5baac43bcc798ee49aa8185ef76bb3b44ba62b91d86ae569e4bb535
time="2024-12-01T01:40:02Z" level=debug msg="getHeader request received" headSlot=23 method=getHeader mevBoostV=v1.8.1 msIntoSlot=5 parentHash=0xe4fdd745e1daad7c0aa54bb7806570b8d62c88425a9b95b759a023922bee1f64 pubkey=0xb4c9e24cb284d23c40bccfe377f9963dcdc1d22d5daf0766a6291354eb4ff3b4d1c21913dadae80fad218bc02778f5f2 requestTimestamp=1733017202 service=relay/api slot=24 slotStartSec=1733017202 ua="mev-boost/v1.8.1 Lighthouse/v5.3.0-2e0eb6d" version=b4947ea-dev
time="2024-12-01T01:40:02Z" level=error msg="bid was empty, skipping PROF augmentation" error="<nil>" headSlot=23 method=getHeader mevBoostV=v1.8.1 msIntoSlot=5 parentHash=0xe4fdd745e1daad7c0aa54bb7806570b8d62c88425a9b95b759a023922bee1f64 pubkey=0xb4c9e24cb284d23c40bccfe377f9963dcdc1d22d5daf0766a6291354eb4ff3b4d1c21913dadae80fad218bc02778f5f2 requestTimestamp=1733017202 service=relay/api slot=24 slotStartSec=1733017202 ua="mev-boost/v1.8.1 Lighthouse/v5.3.0-2e0eb6d" version=b4947ea-dev
time="2024-12-01T01:40:02Z" level=info msg="http: GET /eth/v1/builder/header/24/0xe4fdd745e1daad7c0aa54bb7806570b8d62c88425a9b95b759a023922bee1f64/0xb4c9e24cb284d23c40bccfe377f9963dcdc1d22d5daf0766a6291354eb4ff3b4d1c21913dadae80fad218bc02778f5f2 204" duration=0.000319 method=GET path=/eth/v1/builder/header/24/0xe4fdd745e1daad7c0aa54bb7806570b8d62c88425a9b95b759a023922bee1f64/0xb4c9e24cb284d23c40bccfe377f9963dcdc1d22d5daf0766a6291354eb4ff3b4d1c21913dadae80fad218bc02778f5f2 service=relay/api status=204 version=b4947ea-dev
time="2024-12-01T01:40:02Z" level=info msg="updated headSlot to 24" epoch=0 service=relay/api slotHead=24 slotStartNextEpoch=32 version=b4947ea-dev
time="2024-12-01T01:40:02Z" level=info msg="proposer duties updated: " service=relay/api version=b4947ea-dev
time="2024-12-01T01:40:02Z" level=debug msg="Updating builder cache with 0 builders from database" service=relay/api version=b4947ea-dev
time="2024-12-01T01:40:02Z" level=info msg="payload attributes received for slot: 25" service=relay/api version=b4947ea-dev
time="2024-12-01T01:40:02Z" level=info msg="updated payload attributes" headSlot=24 payloadAttrParent=0x0040247d77e669a3b134aaf694fae210fa443a1c1d64d09ff6a5377192798e3a payloadAttrSlot=25 randao=0x3efe4aa5e930038ea9cdca6ebfd41a763ba4b89db295f6bd830cde3635f7c355 service=relay/api timestamp=1733017204 version=b4947ea-dev withdrawalsRoot=0x792930bbd5baac43bcc798ee49aa8185ef76bb3b44ba62b91d86ae569e4bb535
time="2024-12-01T01:40:04Z" level=info msg="payload attributes received for slot: 26" service=relay/api version=b4947ea-dev
time="2024-12-01T01:40:04Z" level=info msg="updated payload attributes" headSlot=24 payloadAttrParent=0x0040247d77e669a3b134aaf694fae210fa443a1c1d64d09ff6a5377192798e3a payloadAttrSlot=26 randao=0x3efe4aa5e930038ea9cdca6ebfd41a763ba4b89db295f6bd830cde3635f7c355 service=relay/api timestamp=1733017206 version=b4947ea-dev withdrawalsRoot=0x792930bbd5baac43bcc798ee49aa8185ef76bb3b44ba62b91d86ae569e4bb535
time="2024-12-01T01:40:04Z" level=debug msg="getHeader request received" headSlot=24 method=getHeader mevBoostV=v1.8.1 msIntoSlot=94 parentHash=0x0040247d77e669a3b134aaf694fae210fa443a1c1d64d09ff6a5377192798e3a pubkey=0x958c2692b86b4d20eaea3bb45e9447ebbc5b93ccaf8d21ef659d0cefedf5c4371b31b460ae40e8243682bde505abac1e requestTimestamp=1733017204 service=relay/api slot=25 slotStartSec=1733017204 ua="mev-boost/v1.8.1 Lighthouse/v5.3.0-2e0eb6d" version=b4947ea-dev
time="2024-12-01T01:40:04Z" level=error msg="bid was empty, skipping PROF augmentation" error="<nil>" headSlot=24 method=getHeader mevBoostV=v1.8.1 msIntoSlot=94 parentHash=0x0040247d77e669a3b134aaf694fae210fa443a1c1d64d09ff6a5377192798e3a pubkey=0x958c2692b86b4d20eaea3bb45e9447ebbc5b93ccaf8d21ef659d0cefedf5c4371b31b460ae40e8243682bde505abac1e requestTimestamp=1733017204 service=relay/api slot=25 slotStartSec=1733017204 ua="mev-boost/v1.8.1 Lighthouse/v5.3.0-2e0eb6d" version=b4947ea-dev
time="2024-12-01T01:40:04Z" level=info msg="http: GET /eth/v1/builder/header/25/0x0040247d77e669a3b134aaf694fae210fa443a1c1d64d09ff6a5377192798e3a/0x958c2692b86b4d20eaea3bb45e9447ebbc5b93ccaf8d21ef659d0cefedf5c4371b31b460ae40e8243682bde505abac1e 204" duration=0.001037 method=GET path=/eth/v1/builder/header/25/0x0040247d77e669a3b134aaf694fae210fa443a1c1d64d09ff6a5377192798e3a/0x958c2692b86b4d20eaea3bb45e9447ebbc5b93ccaf8d21ef659d0cefedf5c4371b31b460ae40e8243682bde505abac1e service=relay/api status=204 version=b4947ea-dev
time="2024-12-01T01:40:04Z" level=info msg="updated headSlot to 25" epoch=0 service=relay/api slotHead=25 slotStartNextEpoch=32 version=b4947ea-dev
time="2024-12-01T01:40:04Z" level=debug msg="RefreshKnownValidators init" datastoreMethod=RefreshKnownValidators headSlot=25 headSlotPos=26 lastUpdateSlot=19 service=relay/api version=b4947ea-dev
time="2024-12-01T01:40:04Z" level=debug msg="Updating builder cache with 0 builders from database" service=relay/api version=b4947ea-dev
time="2024-12-01T01:40:04Z" level=info msg="payload attributes received for slot: 26" service=relay/api version=b4947ea-dev
time="2024-12-01T01:40:04Z" level=info msg="updated payload attributes" headSlot=25 payloadAttrParent=0xab91b1323c15228170ec46af1d4c2414d601dc7fe7172ed58e948373018b5e75 payloadAttrSlot=26 randao=0xd9ae4c1425040ef3d5f7b42814beb6d36059d08097632d4f315cce163c6cba32 service=relay/api timestamp=1733017206 version=b4947ea-dev withdrawalsRoot=0x792930bbd5baac43bcc798ee49aa8185ef76bb3b44ba62b91d86ae569e4bb535
time="2024-12-01T01:40:06Z" level=info msg="payload attributes received for slot: 27" service=relay/api version=b4947ea-dev
time="2024-12-01T01:40:06Z" level=info msg="updated payload attributes" headSlot=25 payloadAttrParent=0xab91b1323c15228170ec46af1d4c2414d601dc7fe7172ed58e948373018b5e75 payloadAttrSlot=27 randao=0xd9ae4c1425040ef3d5f7b42814beb6d36059d08097632d4f315cce163c6cba32 service=relay/api timestamp=1733017208 version=b4947ea-dev withdrawalsRoot=0x792930bbd5baac43bcc798ee49aa8185ef76bb3b44ba62b91d86ae569e4bb535
time="2024-12-01T01:40:06Z" level=debug msg="getHeader request received" headSlot=25 method=getHeader mevBoostV=v1.8.1 msIntoSlot=91 parentHash=0xab91b1323c15228170ec46af1d4c2414d601dc7fe7172ed58e948373018b5e75 pubkey=0x966c488d807b3208bb1b10a1af422bac8d363c8015cda4e24d214549ced019cd3dd575545dd887461cae3f70d95cb061 requestTimestamp=1733017206 service=relay/api slot=26 slotStartSec=1733017206 ua="mev-boost/v1.8.1 Lighthouse/v5.3.0-2e0eb6d" version=b4947ea-dev
time="2024-12-01T01:40:06Z" level=error msg="bid was empty, skipping PROF augmentation" error="<nil>" headSlot=25 method=getHeader mevBoostV=v1.8.1 msIntoSlot=91 parentHash=0xab91b1323c15228170ec46af1d4c2414d601dc7fe7172ed58e948373018b5e75 pubkey=0x966c488d807b3208bb1b10a1af422bac8d363c8015cda4e24d214549ced019cd3dd575545dd887461cae3f70d95cb061 requestTimestamp=1733017206 service=relay/api slot=26 slotStartSec=1733017206 ua="mev-boost/v1.8.1 Lighthouse/v5.3.0-2e0eb6d" version=b4947ea-dev
time="2024-12-01T01:40:06Z" level=info msg="http: GET /eth/v1/builder/header/26/0xab91b1323c15228170ec46af1d4c2414d601dc7fe7172ed58e948373018b5e75/0x966c488d807b3208bb1b10a1af422bac8d363c8015cda4e24d214549ced019cd3dd575545dd887461cae3f70d95cb061 204" duration=0.001304 method=GET path=/eth/v1/builder/header/26/0xab91b1323c15228170ec46af1d4c2414d601dc7fe7172ed58e948373018b5e75/0x966c488d807b3208bb1b10a1af422bac8d363c8015cda4e24d214549ced019cd3dd575545dd887461cae3f70d95cb061 service=relay/api status=204 version=b4947ea-dev
time="2024-12-01T01:40:06Z" level=info msg="updated headSlot to 26" epoch=0 service=relay/api slotHead=26 slotStartNextEpoch=32 version=b4947ea-dev
time="2024-12-01T01:40:06Z" level=debug msg="RefreshKnownValidators init" datastoreMethod=RefreshKnownValidators headSlot=26 headSlotPos=27 lastUpdateSlot=19 service=relay/api version=b4947ea-dev
time="2024-12-01T01:40:06Z" level=debug msg="Updating builder cache with 0 builders from database" service=relay/api version=b4947ea-dev
time="2024-12-01T01:40:06Z" level=info msg="payload attributes received for slot: 27" service=relay/api version=b4947ea-dev
time="2024-12-01T01:40:06Z" level=info msg="updated payload attributes" headSlot=26 payloadAttrParent=0xeaa956370fb38573773a5aad4fd2464f7398d326d448739797f2e0f1a664d31d payloadAttrSlot=27 randao=0x3412c77fbbad13302d774025627f5feef0e3a49130c6cb8e0612b7bdc0f64b5f service=relay/api timestamp=1733017208 version=b4947ea-dev withdrawalsRoot=0x792930bbd5baac43bcc798ee49aa8185ef76bb3b44ba62b91d86ae569e4bb535
time="2024-12-01T01:40:08Z" level=info msg="payload attributes received for slot: 28" service=relay/api version=b4947ea-dev
time="2024-12-01T01:40:08Z" level=info msg="updated payload attributes" headSlot=26 payloadAttrParent=0xeaa956370fb38573773a5aad4fd2464f7398d326d448739797f2e0f1a664d31d payloadAttrSlot=28 randao=0x3412c77fbbad13302d774025627f5feef0e3a49130c6cb8e0612b7bdc0f64b5f service=relay/api timestamp=1733017210 version=b4947ea-dev withdrawalsRoot=0x792930bbd5baac43bcc798ee49aa8185ef76bb3b44ba62b91d86ae569e4bb535
time="2024-12-01T01:40:08Z" level=debug msg="getHeader request received" headSlot=26 method=getHeader mevBoostV=v1.8.1 msIntoSlot=93 parentHash=0xeaa956370fb38573773a5aad4fd2464f7398d326d448739797f2e0f1a664d31d pubkey=0x81b676591b823270a3284ace7d81cbce2d6cdce55bb0e053874d7e3a08f729453009d3e662ec3130379f43c0f3210b6d requestTimestamp=1733017208 service=relay/api slot=27 slotStartSec=1733017208 ua="mev-boost/v1.8.1 Lighthouse/v5.3.0-2e0eb6d" version=b4947ea-dev
time="2024-12-01T01:40:08Z" level=error msg="bid was empty, skipping PROF augmentation" error="<nil>" headSlot=26 method=getHeader mevBoostV=v1.8.1 msIntoSlot=93 parentHash=0xeaa956370fb38573773a5aad4fd2464f7398d326d448739797f2e0f1a664d31d pubkey=0x81b676591b823270a3284ace7d81cbce2d6cdce55bb0e053874d7e3a08f729453009d3e662ec3130379f43c0f3210b6d requestTimestamp=1733017208 service=relay/api slot=27 slotStartSec=1733017208 ua="mev-boost/v1.8.1 Lighthouse/v5.3.0-2e0eb6d" version=b4947ea-dev
time="2024-12-01T01:40:08Z" level=info msg="http: GET /eth/v1/builder/header/27/0xeaa956370fb38573773a5aad4fd2464f7398d326d448739797f2e0f1a664d31d/0x81b676591b823270a3284ace7d81cbce2d6cdce55bb0e053874d7e3a08f729453009d3e662ec3130379f43c0f3210b6d 204" duration=0.000681 method=GET path=/eth/v1/builder/header/27/0xeaa956370fb38573773a5aad4fd2464f7398d326d448739797f2e0f1a664d31d/0x81b676591b823270a3284ace7d81cbce2d6cdce55bb0e053874d7e3a08f729453009d3e662ec3130379f43c0f3210b6d service=relay/api status=204 version=b4947ea-dev
time="2024-12-01T01:40:08Z" level=info msg="updated headSlot to 27" epoch=0 service=relay/api slotHead=27 slotStartNextEpoch=32 version=b4947ea-dev
time="2024-12-01T01:40:08Z" level=debug msg="RefreshKnownValidators init" datastoreMethod=RefreshKnownValidators headSlot=27 headSlotPos=28 lastUpdateSlot=19 service=relay/api version=b4947ea-dev
time="2024-12-01T01:40:08Z" level=debug msg="Updating builder cache with 0 builders from database" service=relay/api version=b4947ea-dev
time="2024-12-01T01:40:08Z" level=info msg="payload attributes received for slot: 28" service=relay/api version=b4947ea-dev
time="2024-12-01T01:40:08Z" level=info msg="updated payload attributes" headSlot=27 payloadAttrParent=0x06ad29c1821a12b06101fd48c6f3cb04d1f5d6f02e7e62064110f92be6ae9eca payloadAttrSlot=28 randao=0x6c2404324f1a5627cedf62d1f962b9681222e821c1bd5846d5a90d38b1ab2641 service=relay/api timestamp=1733017210 version=b4947ea-dev withdrawalsRoot=0x792930bbd5baac43bcc798ee49aa8185ef76bb3b44ba62b91d86ae569e4bb535
time="2024-12-01T01:40:10Z" level=info msg="payload attributes received for slot: 29" service=relay/api version=b4947ea-dev
time="2024-12-01T01:40:10Z" level=info msg="updated payload attributes" headSlot=27 payloadAttrParent=0x06ad29c1821a12b06101fd48c6f3cb04d1f5d6f02e7e62064110f92be6ae9eca payloadAttrSlot=29 randao=0x6c2404324f1a5627cedf62d1f962b9681222e821c1bd5846d5a90d38b1ab2641 service=relay/api timestamp=1733017212 version=b4947ea-dev withdrawalsRoot=0x792930bbd5baac43bcc798ee49aa8185ef76bb3b44ba62b91d86ae569e4bb535
time="2024-12-01T01:40:10Z" level=debug msg="getHeader request received" headSlot=27 method=getHeader mevBoostV=v1.8.1 msIntoSlot=91 parentHash=0x06ad29c1821a12b06101fd48c6f3cb04d1f5d6f02e7e62064110f92be6ae9eca pubkey=0x8a8bb292bcc481070d3afdbbc8789e2ab4b29c9603936e6d85f5ff71e23fc5b6d61009f0fa636b5d5b2dc309d39e3d75 requestTimestamp=1733017210 service=relay/api slot=28 slotStartSec=1733017210 ua="mev-boost/v1.8.1 Lighthouse/v5.3.0-2e0eb6d" version=b4947ea-dev
time="2024-12-01T01:40:10Z" level=error msg="bid was empty, skipping PROF augmentation" error="<nil>" headSlot=27 method=getHeader mevBoostV=v1.8.1 msIntoSlot=91 parentHash=0x06ad29c1821a12b06101fd48c6f3cb04d1f5d6f02e7e62064110f92be6ae9eca pubkey=0x8a8bb292bcc481070d3afdbbc8789e2ab4b29c9603936e6d85f5ff71e23fc5b6d61009f0fa636b5d5b2dc309d39e3d75 requestTimestamp=1733017210 service=relay/api slot=28 slotStartSec=1733017210 ua="mev-boost/v1.8.1 Lighthouse/v5.3.0-2e0eb6d" version=b4947ea-dev
time="2024-12-01T01:40:10Z" level=info msg="http: GET /eth/v1/builder/header/28/0x06ad29c1821a12b06101fd48c6f3cb04d1f5d6f02e7e62064110f92be6ae9eca/0x8a8bb292bcc481070d3afdbbc8789e2ab4b29c9603936e6d85f5ff71e23fc5b6d61009f0fa636b5d5b2dc309d39e3d75 204" duration=0.001674 method=GET path=/eth/v1/builder/header/28/0x06ad29c1821a12b06101fd48c6f3cb04d1f5d6f02e7e62064110f92be6ae9eca/0x8a8bb292bcc481070d3afdbbc8789e2ab4b29c9603936e6d85f5ff71e23fc5b6d61009f0fa636b5d5b2dc309d39e3d75 service=relay/api status=204 version=b4947ea-dev
time="2024-12-01T01:40:10Z" level=info msg="updated headSlot to 28" epoch=0 service=relay/api slotHead=28 slotStartNextEpoch=32 version=b4947ea-dev
time="2024-12-01T01:40:10Z" level=debug msg="RefreshKnownValidators init" datastoreMethod=RefreshKnownValidators headSlot=28 headSlotPos=29 lastUpdateSlot=19 service=relay/api version=b4947ea-dev
time="2024-12-01T01:40:10Z" level=debug msg="Updating builder cache with 0 builders from database" service=relay/api version=b4947ea-dev
time="2024-12-01T01:40:10Z" level=info msg="payload attributes received for slot: 29" service=relay/api version=b4947ea-dev
time="2024-12-01T01:40:10Z" level=info msg="updated payload attributes" headSlot=28 payloadAttrParent=0xf540ce3a17e9c7f259a0883d6144aa9e37e528279fbff1cfa5790bd99100025a payloadAttrSlot=29 randao=0x925fdfeccec470050e33e982df0a68103978d0f91c80956c35f1016ecda16e54 service=relay/api timestamp=1733017212 version=b4947ea-dev withdrawalsRoot=0x792930bbd5baac43bcc798ee49aa8185ef76bb3b44ba62b91d86ae569e4bb535
time="2024-12-01T01:40:12Z" level=info msg="payload attributes received for slot: 30" service=relay/api version=b4947ea-dev
time="2024-12-01T01:40:12Z" level=info msg="updated payload attributes" headSlot=28 payloadAttrParent=0xf540ce3a17e9c7f259a0883d6144aa9e37e528279fbff1cfa5790bd99100025a payloadAttrSlot=30 randao=0x925fdfeccec470050e33e982df0a68103978d0f91c80956c35f1016ecda16e54 service=relay/api timestamp=1733017214 version=b4947ea-dev withdrawalsRoot=0x792930bbd5baac43bcc798ee49aa8185ef76bb3b44ba62b91d86ae569e4bb535
time="2024-12-01T01:40:12Z" level=debug msg="getHeader request received" headSlot=28 method=getHeader mevBoostV=v1.8.1 msIntoSlot=91 parentHash=0xf540ce3a17e9c7f259a0883d6144aa9e37e528279fbff1cfa5790bd99100025a pubkey=0x93d491d7211af181ccab8353567ad10c065a6e991c9b70def7215c62fa3bf843a177e18b00580deead4b5678f46d4d39 requestTimestamp=1733017212 service=relay/api slot=29 slotStartSec=1733017212 ua="mev-boost/v1.8.1 Lighthouse/v5.3.0-2e0eb6d" version=b4947ea-dev
time="2024-12-01T01:40:12Z" level=error msg="bid was empty, skipping PROF augmentation" error="<nil>" headSlot=28 method=getHeader mevBoostV=v1.8.1 msIntoSlot=91 parentHash=0xf540ce3a17e9c7f259a0883d6144aa9e37e528279fbff1cfa5790bd99100025a pubkey=0x93d491d7211af181ccab8353567ad10c065a6e991c9b70def7215c62fa3bf843a177e18b00580deead4b5678f46d4d39 requestTimestamp=1733017212 service=relay/api slot=29 slotStartSec=1733017212 ua="mev-boost/v1.8.1 Lighthouse/v5.3.0-2e0eb6d" version=b4947ea-dev
time="2024-12-01T01:40:12Z" level=info msg="http: GET /eth/v1/builder/header/29/0xf540ce3a17e9c7f259a0883d6144aa9e37e528279fbff1cfa5790bd99100025a/0x93d491d7211af181ccab8353567ad10c065a6e991c9b70def7215c62fa3bf843a177e18b00580deead4b5678f46d4d39 204" duration=0.000932 method=GET path=/eth/v1/builder/header/29/0xf540ce3a17e9c7f259a0883d6144aa9e37e528279fbff1cfa5790bd99100025a/0x93d491d7211af181ccab8353567ad10c065a6e991c9b70def7215c62fa3bf843a177e18b00580deead4b5678f46d4d39 service=relay/api status=204 version=b4947ea-dev
time="2024-12-01T01:40:12Z" level=info msg="updated headSlot to 29" epoch=0 service=relay/api slotHead=29 slotStartNextEpoch=32 version=b4947ea-dev
time="2024-12-01T01:40:12Z" level=debug msg="RefreshKnownValidators init" datastoreMethod=RefreshKnownValidators headSlot=29 headSlotPos=30 lastUpdateSlot=19 service=relay/api version=b4947ea-dev
time="2024-12-01T01:40:12Z" level=debug msg="Updating builder cache with 0 builders from database" service=relay/api version=b4947ea-dev
time="2024-12-01T01:40:12Z" level=info msg="payload attributes received for slot: 30" service=relay/api version=b4947ea-dev
time="2024-12-01T01:40:12Z" level=info msg="updated payload attributes" headSlot=29 payloadAttrParent=0x78e9bacfceb267b00a7e0fd5d78ec9aff15d19dc85e017314cf0ef6b8af1bcbf payloadAttrSlot=30 randao=0x3e1ada965f85e2f31e7016c5a796842f33404293d396eb74c9b32001a50e5159 service=relay/api timestamp=1733017214 version=b4947ea-dev withdrawalsRoot=0x792930bbd5baac43bcc798ee49aa8185ef76bb3b44ba62b91d86ae569e4bb535
time="2024-12-01T01:40:14Z" level=info msg="payload attributes received for slot: 31" service=relay/api version=b4947ea-dev
time="2024-12-01T01:40:14Z" level=info msg="updated payload attributes" headSlot=29 payloadAttrParent=0x78e9bacfceb267b00a7e0fd5d78ec9aff15d19dc85e017314cf0ef6b8af1bcbf payloadAttrSlot=31 randao=0x3e1ada965f85e2f31e7016c5a796842f33404293d396eb74c9b32001a50e5159 service=relay/api timestamp=1733017216 version=b4947ea-dev withdrawalsRoot=0x792930bbd5baac43bcc798ee49aa8185ef76bb3b44ba62b91d86ae569e4bb535
time="2024-12-01T01:40:14Z" level=debug msg="getHeader request received" headSlot=29 method=getHeader mevBoostV=v1.8.1 msIntoSlot=91 parentHash=0x78e9bacfceb267b00a7e0fd5d78ec9aff15d19dc85e017314cf0ef6b8af1bcbf pubkey=0x81ea9f74ef7d935b807474e38954ae3934856219a23e074954b2e860c5a3c400f9aedb42cd27cb4ceb697ca36d1e58cb requestTimestamp=1733017214 service=relay/api slot=30 slotStartSec=1733017214 ua="mev-boost/v1.8.1 Lighthouse/v5.3.0-2e0eb6d" version=b4947ea-dev
time="2024-12-01T01:40:14Z" level=error msg="bid was empty, skipping PROF augmentation" error="<nil>" headSlot=29 method=getHeader mevBoostV=v1.8.1 msIntoSlot=91 parentHash=0x78e9bacfceb267b00a7e0fd5d78ec9aff15d19dc85e017314cf0ef6b8af1bcbf pubkey=0x81ea9f74ef7d935b807474e38954ae3934856219a23e074954b2e860c5a3c400f9aedb42cd27cb4ceb697ca36d1e58cb requestTimestamp=1733017214 service=relay/api slot=30 slotStartSec=1733017214 ua="mev-boost/v1.8.1 Lighthouse/v5.3.0-2e0eb6d" version=b4947ea-dev
time="2024-12-01T01:40:14Z" level=info msg="http: GET /eth/v1/builder/header/30/0x78e9bacfceb267b00a7e0fd5d78ec9aff15d19dc85e017314cf0ef6b8af1bcbf/0x81ea9f74ef7d935b807474e38954ae3934856219a23e074954b2e860c5a3c400f9aedb42cd27cb4ceb697ca36d1e58cb 204" duration=0.001158 method=GET path=/eth/v1/builder/header/30/0x78e9bacfceb267b00a7e0fd5d78ec9aff15d19dc85e017314cf0ef6b8af1bcbf/0x81ea9f74ef7d935b807474e38954ae3934856219a23e074954b2e860c5a3c400f9aedb42cd27cb4ceb697ca36d1e58cb service=relay/api status=204 version=b4947ea-dev
time="2024-12-01T01:40:14Z" level=info msg="updated headSlot to 30" epoch=0 service=relay/api slotHead=30 slotStartNextEpoch=32 version=b4947ea-dev
time="2024-12-01T01:40:14Z" level=debug msg="RefreshKnownValidators init" datastoreMethod=RefreshKnownValidators headSlot=30 headSlotPos=31 lastUpdateSlot=19 service=relay/api version=b4947ea-dev
time="2024-12-01T01:40:14Z" level=debug msg="Updating builder cache with 0 builders from database" service=relay/api version=b4947ea-dev
time="2024-12-01T01:40:14Z" level=info msg="payload attributes received for slot: 31" service=relay/api version=b4947ea-dev
time="2024-12-01T01:40:14Z" level=info msg="updated payload attributes" headSlot=30 payloadAttrParent=0xe412920b7e334e374b28d4d865f6980512927225aa1068a7f0a8fe2ee452c9e4 payloadAttrSlot=31 randao=0x84096dd2b59eb80d068bcf275c9518623f9c49f0f76c1bbf0be39809f55c82c6 service=relay/api timestamp=1733017216 version=b4947ea-dev withdrawalsRoot=0x792930bbd5baac43bcc798ee49aa8185ef76bb3b44ba62b91d86ae569e4bb535
time="2024-12-01T01:40:16Z" level=info msg="payload attributes received for slot: 32" service=relay/api version=b4947ea-dev
time="2024-12-01T01:40:16Z" level=info msg="updated payload attributes" headSlot=30 payloadAttrParent=0xe412920b7e334e374b28d4d865f6980512927225aa1068a7f0a8fe2ee452c9e4 payloadAttrSlot=32 randao=0x84096dd2b59eb80d068bcf275c9518623f9c49f0f76c1bbf0be39809f55c82c6 service=relay/api timestamp=1733017218 version=b4947ea-dev withdrawalsRoot=0x792930bbd5baac43bcc798ee49aa8185ef76bb3b44ba62b91d86ae569e4bb535
time="2024-12-01T01:40:16Z" level=debug msg="getHeader request received" headSlot=30 method=getHeader mevBoostV=v1.8.1 msIntoSlot=8 parentHash=0xe412920b7e334e374b28d4d865f6980512927225aa1068a7f0a8fe2ee452c9e4 pubkey=0x85fc722fa6d2c54b9610307ef86f0752d1428bdec6dc7e46ae14318bd9203f32df1ca8d0a420c36973067a50930b7720 requestTimestamp=1733017216 service=relay/api slot=31 slotStartSec=1733017216 ua="mev-boost/v1.8.1 Lighthouse/v5.3.0-2e0eb6d" version=b4947ea-dev
time="2024-12-01T01:40:16Z" level=error msg="bid was empty, skipping PROF augmentation" error="<nil>" headSlot=30 method=getHeader mevBoostV=v1.8.1 msIntoSlot=8 parentHash=0xe412920b7e334e374b28d4d865f6980512927225aa1068a7f0a8fe2ee452c9e4 pubkey=0x85fc722fa6d2c54b9610307ef86f0752d1428bdec6dc7e46ae14318bd9203f32df1ca8d0a420c36973067a50930b7720 requestTimestamp=1733017216 service=relay/api slot=31 slotStartSec=1733017216 ua="mev-boost/v1.8.1 Lighthouse/v5.3.0-2e0eb6d" version=b4947ea-dev
time="2024-12-01T01:40:16Z" level=info msg="http: GET /eth/v1/builder/header/31/0xe412920b7e334e374b28d4d865f6980512927225aa1068a7f0a8fe2ee452c9e4/0x85fc722fa6d2c54b9610307ef86f0752d1428bdec6dc7e46ae14318bd9203f32df1ca8d0a420c36973067a50930b7720 204" duration=0.001061 method=GET path=/eth/v1/builder/header/31/0xe412920b7e334e374b28d4d865f6980512927225aa1068a7f0a8fe2ee452c9e4/0x85fc722fa6d2c54b9610307ef86f0752d1428bdec6dc7e46ae14318bd9203f32df1ca8d0a420c36973067a50930b7720 service=relay/api status=204 version=b4947ea-dev
time="2024-12-01T01:40:16Z" level=info msg="http: GET /relay/v1/builder/validators 0" duration=0.000152 method=GET path=/relay/v1/builder/validators service=relay/api status=0 version=b4947ea-dev
time="2024-12-01T01:40:16Z" level=info msg="updated headSlot to 31" epoch=0 service=relay/api slotHead=31 slotStartNextEpoch=32 version=b4947ea-dev
time="2024-12-01T01:40:16Z" level=debug msg="RefreshKnownValidators init" datastoreMethod=RefreshKnownValidators headSlot=31 headSlotPos=32 lastUpdateSlot=19 service=relay/api version=b4947ea-dev
time="2024-12-01T01:40:16Z" level=debug msg="Updating builder cache with 0 builders from database" service=relay/api version=b4947ea-dev
time="2024-12-01T01:40:16Z" level=info msg="payload attributes received for slot: 32" service=relay/api version=b4947ea-dev
time="2024-12-01T01:40:16Z" level=info msg="updated payload attributes" headSlot=31 payloadAttrParent=0xaa4130f94b9f1d809af088cf662599df19c260de8fa5d197637a4086ffe81955 payloadAttrSlot=32 randao=0x8252c6fb3a1772fc3e35b1d5bb6bd40a398274618acc4a1cbb971480372ed2aa service=relay/api timestamp=1733017218 version=b4947ea-dev withdrawalsRoot=0x792930bbd5baac43bcc798ee49aa8185ef76bb3b44ba62b91d86ae569e4bb535
time="2024-12-01T01:40:18Z" level=info msg="payload attributes received for slot: 33" service=relay/api version=b4947ea-dev
time="2024-12-01T01:40:18Z" level=info msg="updated payload attributes" headSlot=31 payloadAttrParent=0xaa4130f94b9f1d809af088cf662599df19c260de8fa5d197637a4086ffe81955 payloadAttrSlot=33 randao=0x8252c6fb3a1772fc3e35b1d5bb6bd40a398274618acc4a1cbb971480372ed2aa service=relay/api timestamp=1733017220 version=b4947ea-dev withdrawalsRoot=0x792930bbd5baac43bcc798ee49aa8185ef76bb3b44ba62b91d86ae569e4bb535
time="2024-12-01T01:40:18Z" level=debug msg="getHeader request received" headSlot=31 method=getHeader mevBoostV=v1.8.1 msIntoSlot=96 parentHash=0xaa4130f94b9f1d809af088cf662599df19c260de8fa5d197637a4086ffe81955 pubkey=0xa8d747a2b2602fe32095a7dda37a86d94f8a59cc771902be8c45de5bfd9d58fc1bf46fb0cf867054cd5eacf4f331dfd1 requestTimestamp=1733017218 service=relay/api slot=32 slotStartSec=1733017218 ua="mev-boost/v1.8.1 Lighthouse/v5.3.0-2e0eb6d" version=b4947ea-dev
time="2024-12-01T01:40:18Z" level=error msg="bid was empty, skipping PROF augmentation" error="<nil>" headSlot=31 method=getHeader mevBoostV=v1.8.1 msIntoSlot=96 parentHash=0xaa4130f94b9f1d809af088cf662599df19c260de8fa5d197637a4086ffe81955 pubkey=0xa8d747a2b2602fe32095a7dda37a86d94f8a59cc771902be8c45de5bfd9d58fc1bf46fb0cf867054cd5eacf4f331dfd1 requestTimestamp=1733017218 service=relay/api slot=32 slotStartSec=1733017218 ua="mev-boost/v1.8.1 Lighthouse/v5.3.0-2e0eb6d" version=b4947ea-dev
time="2024-12-01T01:40:18Z" level=info msg="http: GET /eth/v1/builder/header/32/0xaa4130f94b9f1d809af088cf662599df19c260de8fa5d197637a4086ffe81955/0xa8d747a2b2602fe32095a7dda37a86d94f8a59cc771902be8c45de5bfd9d58fc1bf46fb0cf867054cd5eacf4f331dfd1 204" duration=0.001647 method=GET path=/eth/v1/builder/header/32/0xaa4130f94b9f1d809af088cf662599df19c260de8fa5d197637a4086ffe81955/0xa8d747a2b2602fe32095a7dda37a86d94f8a59cc771902be8c45de5bfd9d58fc1bf46fb0cf867054cd5eacf4f331dfd1 service=relay/api status=204 version=b4947ea-dev
time="2024-12-01T01:40:18Z" level=info msg="updated headSlot to 32" epoch=1 service=relay/api slotHead=32 slotStartNextEpoch=64 version=b4947ea-dev
time="2024-12-01T01:40:18Z" level=info msg="payload attributes received for slot: 33" service=relay/api version=b4947ea-dev
time="2024-12-01T01:40:18Z" level=debug msg="RefreshKnownValidators init" datastoreMethod=RefreshKnownValidators headSlot=32 headSlotPos=1 lastUpdateSlot=19 service=relay/api version=b4947ea-dev
time="2024-12-01T01:40:18Z" level=info msg="updated payload attributes" headSlot=32 payloadAttrParent=0x947b750a6345d1ea52c2a949bceffcf8b428aaaa1b4ab254d20c5ab4d5720a6f payloadAttrSlot=33 randao=0x63847f355daa24e9ee35dd5e879955e803aeca13214482a801bb956d85c5a3ab service=relay/api timestamp=1733017220 version=b4947ea-dev withdrawalsRoot=0x792930bbd5baac43bcc798ee49aa8185ef76bb3b44ba62b91d86ae569e4bb535
time="2024-12-01T01:40:18Z" level=info msg="proposer duties updated: " service=relay/api version=b4947ea-dev
time="2024-12-01T01:40:18Z" level=debug msg="Updating builder cache with 0 builders from database" service=relay/api version=b4947ea-dev
time="2024-12-01T01:40:18Z" level=info msg="validator registrations call processed" contentLength=28289 headSlot=31 method=registerValidator mevBoostV=v1.8.1 numRegistrations=64 numRegistrationsActive=0 numRegistrationsNew=64 numRegistrationsProcessed=64 processingStoppedByError=false service=relay/api timeNeededMs=376 timeNeededSec=0.376293629 ua="mev-boost/v1.8.1 Lighthouse/v5.3.0-2e0eb6d" version=b4947ea-dev
time="2024-12-01T01:40:18Z" level=info msg="http: POST /eth/v1/builder/validators 200" duration=0.376519 method=POST path=/eth/v1/builder/validators service=relay/api status=200 version=b4947ea-dev
time="2024-12-01T01:40:18Z" level=info msg="validator registrations call processed" contentLength=28289 headSlot=31 method=registerValidator mevBoostV=v1.8.1 numRegistrations=64 numRegistrationsActive=0 numRegistrationsNew=64 numRegistrationsProcessed=64 processingStoppedByError=false service=relay/api timeNeededMs=386 timeNeededSec=0.386397659 ua="mev-boost/v1.8.1 Lighthouse/v5.3.0-2e0eb6d" version=b4947ea-dev
time="2024-12-01T01:40:18Z" level=info msg="http: POST /eth/v1/builder/validators 200" duration=0.386601 method=POST path=/eth/v1/builder/validators service=relay/api status=200 version=b4947ea-dev
time="2024-12-01T01:40:20Z" level=info msg="payload attributes received for slot: 34" service=relay/api version=b4947ea-dev
time="2024-12-01T01:40:20Z" level=info msg="updated payload attributes" headSlot=32 payloadAttrParent=0x947b750a6345d1ea52c2a949bceffcf8b428aaaa1b4ab254d20c5ab4d5720a6f payloadAttrSlot=34 randao=0x63847f355daa24e9ee35dd5e879955e803aeca13214482a801bb956d85c5a3ab service=relay/api timestamp=1733017222 version=b4947ea-dev withdrawalsRoot=0x792930bbd5baac43bcc798ee49aa8185ef76bb3b44ba62b91d86ae569e4bb535
time="2024-12-01T01:40:20Z" level=debug msg="getHeader request received" headSlot=32 method=getHeader mevBoostV=v1.8.1 msIntoSlot=9 parentHash=0x947b750a6345d1ea52c2a949bceffcf8b428aaaa1b4ab254d20c5ab4d5720a6f pubkey=0xb320e188ef282109ba8dc3d2573f9edc33831c1025a29844c86e7fc60a25627e507964725ec8dbeccfcbaa12e7fb5e1a requestTimestamp=1733017220 service=relay/api slot=33 slotStartSec=1733017220 ua="mev-boost/v1.8.1 Lighthouse/v5.3.0-2e0eb6d" version=b4947ea-dev
time="2024-12-01T01:40:20Z" level=error msg="bid was empty, skipping PROF augmentation" error="<nil>" headSlot=32 method=getHeader mevBoostV=v1.8.1 msIntoSlot=9 parentHash=0x947b750a6345d1ea52c2a949bceffcf8b428aaaa1b4ab254d20c5ab4d5720a6f pubkey=0xb320e188ef282109ba8dc3d2573f9edc33831c1025a29844c86e7fc60a25627e507964725ec8dbeccfcbaa12e7fb5e1a requestTimestamp=1733017220 service=relay/api slot=33 slotStartSec=1733017220 ua="mev-boost/v1.8.1 Lighthouse/v5.3.0-2e0eb6d" version=b4947ea-dev
time="2024-12-01T01:40:20Z" level=info msg="http: GET /eth/v1/builder/header/33/0x947b750a6345d1ea52c2a949bceffcf8b428aaaa1b4ab254d20c5ab4d5720a6f/0xb320e188ef282109ba8dc3d2573f9edc33831c1025a29844c86e7fc60a25627e507964725ec8dbeccfcbaa12e7fb5e1a 204" duration=0.000786 method=GET path=/eth/v1/builder/header/33/0x947b750a6345d1ea52c2a949bceffcf8b428aaaa1b4ab254d20c5ab4d5720a6f/0xb320e188ef282109ba8dc3d2573f9edc33831c1025a29844c86e7fc60a25627e507964725ec8dbeccfcbaa12e7fb5e1a service=relay/api status=204 version=b4947ea-dev
time="2024-12-01T01:40:20Z" level=info msg="updated headSlot to 33" epoch=1 service=relay/api slotHead=33 slotStartNextEpoch=64 version=b4947ea-dev
time="2024-12-01T01:40:20Z" level=debug msg="RefreshKnownValidators init" datastoreMethod=RefreshKnownValidators headSlot=33 headSlotPos=2 lastUpdateSlot=19 service=relay/api version=b4947ea-dev
time="2024-12-01T01:40:20Z" level=debug msg="Updating builder cache with 0 builders from database" service=relay/api version=b4947ea-dev
time="2024-12-01T01:40:20Z" level=info msg="payload attributes received for slot: 34" service=relay/api version=b4947ea-dev
time="2024-12-01T01:40:20Z" level=info msg="updated payload attributes" headSlot=33 payloadAttrParent=0xea2a8bc263106c88f699e5cd8b8597818aa27f62cb0542bf67447a4966e9a704 payloadAttrSlot=34 randao=0xcbcce49163bedfc36a25b01313c117f682d8c517d124767908cb6b845ffb3ec0 service=relay/api timestamp=1733017222 version=b4947ea-dev withdrawalsRoot=0x792930bbd5baac43bcc798ee49aa8185ef76bb3b44ba62b91d86ae569e4bb535
time="2024-12-01T01:40:22Z" level=info msg="payload attributes received for slot: 35" service=relay/api version=b4947ea-dev
time="2024-12-01T01:40:22Z" level=info msg="updated payload attributes" headSlot=33 payloadAttrParent=0xea2a8bc263106c88f699e5cd8b8597818aa27f62cb0542bf67447a4966e9a704 payloadAttrSlot=35 randao=0xcbcce49163bedfc36a25b01313c117f682d8c517d124767908cb6b845ffb3ec0 service=relay/api timestamp=1733017224 version=b4947ea-dev withdrawalsRoot=0x792930bbd5baac43bcc798ee49aa8185ef76bb3b44ba62b91d86ae569e4bb535
time="2024-12-01T01:40:22Z" level=debug msg="getHeader request received" headSlot=33 method=getHeader mevBoostV=v1.8.1 msIntoSlot=11 parentHash=0xea2a8bc263106c88f699e5cd8b8597818aa27f62cb0542bf67447a4966e9a704 pubkey=0x99d83a0ba33161d8c6bbe80929fd9046d4dfdac43477ff85fea5bae925e6c179ad28eb338375ee2417acbd6576ee670a requestTimestamp=1733017222 service=relay/api slot=34 slotStartSec=1733017222 ua="mev-boost/v1.8.1 Lighthouse/v5.3.0-2e0eb6d" version=b4947ea-dev
time="2024-12-01T01:40:22Z" level=error msg="bid was empty, skipping PROF augmentation" error="<nil>" headSlot=33 method=getHeader mevBoostV=v1.8.1 msIntoSlot=11 parentHash=0xea2a8bc263106c88f699e5cd8b8597818aa27f62cb0542bf67447a4966e9a704 pubkey=0x99d83a0ba33161d8c6bbe80929fd9046d4dfdac43477ff85fea5bae925e6c179ad28eb338375ee2417acbd6576ee670a requestTimestamp=1733017222 service=relay/api slot=34 slotStartSec=1733017222 ua="mev-boost/v1.8.1 Lighthouse/v5.3.0-2e0eb6d" version=b4947ea-dev
time="2024-12-01T01:40:22Z" level=info msg="http: GET /eth/v1/builder/header/34/0xea2a8bc263106c88f699e5cd8b8597818aa27f62cb0542bf67447a4966e9a704/0x99d83a0ba33161d8c6bbe80929fd9046d4dfdac43477ff85fea5bae925e6c179ad28eb338375ee2417acbd6576ee670a 204" duration=0.000261 method=GET path=/eth/v1/builder/header/34/0xea2a8bc263106c88f699e5cd8b8597818aa27f62cb0542bf67447a4966e9a704/0x99d83a0ba33161d8c6bbe80929fd9046d4dfdac43477ff85fea5bae925e6c179ad28eb338375ee2417acbd6576ee670a service=relay/api status=204 version=b4947ea-dev
time="2024-12-01T01:40:22Z" level=info msg="updated headSlot to 34" epoch=1 service=relay/api slotHead=34 slotStartNextEpoch=64 version=b4947ea-dev
time="2024-12-01T01:40:22Z" level=debug msg="RefreshKnownValidators init" datastoreMethod=RefreshKnownValidators headSlot=34 headSlotPos=3 lastUpdateSlot=19 service=relay/api version=b4947ea-dev
time="2024-12-01T01:40:22Z" level=debug msg="Updating builder cache with 0 builders from database" service=relay/api version=b4947ea-dev
time="2024-12-01T01:40:22Z" level=info msg="payload attributes received for slot: 35" service=relay/api version=b4947ea-dev
time="2024-12-01T01:40:22Z" level=info msg="updated payload attributes" headSlot=34 payloadAttrParent=0x241312c11d0d60f39cd44d3612605a0de0705be477d96b33f4b3eb79aacf3042 payloadAttrSlot=35 randao=0x172157fdb324a12bcfb2b5094e60cba86ca9dff3ea177cea1f3c9580a20e9092 service=relay/api timestamp=1733017224 version=b4947ea-dev withdrawalsRoot=0x792930bbd5baac43bcc798ee49aa8185ef76bb3b44ba62b91d86ae569e4bb535
time="2024-12-01T01:40:24Z" level=info msg="payload attributes received for slot: 36" service=relay/api version=b4947ea-dev
time="2024-12-01T01:40:24Z" level=info msg="updated payload attributes" headSlot=34 payloadAttrParent=0x241312c11d0d60f39cd44d3612605a0de0705be477d96b33f4b3eb79aacf3042 payloadAttrSlot=36 randao=0x172157fdb324a12bcfb2b5094e60cba86ca9dff3ea177cea1f3c9580a20e9092 service=relay/api timestamp=1733017226 version=b4947ea-dev withdrawalsRoot=0x792930bbd5baac43bcc798ee49aa8185ef76bb3b44ba62b91d86ae569e4bb535
time="2024-12-01T01:40:24Z" level=debug msg="getHeader request received" headSlot=34 method=getHeader mevBoostV=v1.8.1 msIntoSlot=6 parentHash=0x241312c11d0d60f39cd44d3612605a0de0705be477d96b33f4b3eb79aacf3042 pubkey=0xb967afc934f2efd001a6901490e770602f80df9ec0eb3293490ed8c55e14d08f5bebb7bd183f485de29a8423d859a501 requestTimestamp=1733017224 service=relay/api slot=35 slotStartSec=1733017224 ua="mev-boost/v1.8.1 Lighthouse/v5.3.0-2e0eb6d" version=b4947ea-dev
time="2024-12-01T01:40:24Z" level=error msg="bid was empty, skipping PROF augmentation" error="<nil>" headSlot=34 method=getHeader mevBoostV=v1.8.1 msIntoSlot=6 parentHash=0x241312c11d0d60f39cd44d3612605a0de0705be477d96b33f4b3eb79aacf3042 pubkey=0xb967afc934f2efd001a6901490e770602f80df9ec0eb3293490ed8c55e14d08f5bebb7bd183f485de29a8423d859a501 requestTimestamp=1733017224 service=relay/api slot=35 slotStartSec=1733017224 ua="mev-boost/v1.8.1 Lighthouse/v5.3.0-2e0eb6d" version=b4947ea-dev
time="2024-12-01T01:40:24Z" level=info msg="http: GET /eth/v1/builder/header/35/0x241312c11d0d60f39cd44d3612605a0de0705be477d96b33f4b3eb79aacf3042/0xb967afc934f2efd001a6901490e770602f80df9ec0eb3293490ed8c55e14d08f5bebb7bd183f485de29a8423d859a501 204" duration=0.001007 method=GET path=/eth/v1/builder/header/35/0x241312c11d0d60f39cd44d3612605a0de0705be477d96b33f4b3eb79aacf3042/0xb967afc934f2efd001a6901490e770602f80df9ec0eb3293490ed8c55e14d08f5bebb7bd183f485de29a8423d859a501 service=relay/api status=204 version=b4947ea-dev
time="2024-12-01T01:40:24Z" level=info msg="updated headSlot to 35" epoch=1 service=relay/api slotHead=35 slotStartNextEpoch=64 version=b4947ea-dev
time="2024-12-01T01:40:24Z" level=debug msg="RefreshKnownValidators init" datastoreMethod=RefreshKnownValidators headSlot=35 headSlotPos=4 lastUpdateSlot=19 service=relay/api version=b4947ea-dev
time="2024-12-01T01:40:24Z" level=debug msg="Updating builder cache with 0 builders from database" service=relay/api version=b4947ea-dev
time="2024-12-01T01:40:24Z" level=info msg="payload attributes received for slot: 36" service=relay/api version=b4947ea-dev
time="2024-12-01T01:40:24Z" level=info msg="updated payload attributes" headSlot=35 payloadAttrParent=0xeec1437256d3a79dd4c7a5cb99856f54a9af972cf8aa10c3c235abff57091d77 payloadAttrSlot=36 randao=0xecb550e08ab6d1d45a97ec1cae39df36a09ba1af4bb3914b45b5d6d3d8b56e7c service=relay/api timestamp=1733017226 version=b4947ea-dev withdrawalsRoot=0x792930bbd5baac43bcc798ee49aa8185ef76bb3b44ba62b91d86ae569e4bb535
time="2024-12-01T01:40:26Z" level=info msg="payload attributes received for slot: 37" service=relay/api version=b4947ea-dev
time="2024-12-01T01:40:26Z" level=info msg="updated payload attributes" headSlot=35 payloadAttrParent=0xeec1437256d3a79dd4c7a5cb99856f54a9af972cf8aa10c3c235abff57091d77 payloadAttrSlot=37 randao=0xecb550e08ab6d1d45a97ec1cae39df36a09ba1af4bb3914b45b5d6d3d8b56e7c service=relay/api timestamp=1733017228 version=b4947ea-dev withdrawalsRoot=0x792930bbd5baac43bcc798ee49aa8185ef76bb3b44ba62b91d86ae569e4bb535
time="2024-12-01T01:40:26Z" level=debug msg="getHeader request received" headSlot=35 method=getHeader mevBoostV=v1.8.1 msIntoSlot=13 parentHash=0xeec1437256d3a79dd4c7a5cb99856f54a9af972cf8aa10c3c235abff57091d77 pubkey=0xb09cb155daf2022afd18114a352e506a84065c80573cb0c7c310cbe92e2706cdcf91f74bbd9e464f74e3d831386d5033 requestTimestamp=1733017226 service=relay/api slot=36 slotStartSec=1733017226 ua="mev-boost/v1.8.1 Lighthouse/v5.3.0-2e0eb6d" version=b4947ea-dev
time="2024-12-01T01:40:26Z" level=error msg="bid was empty, skipping PROF augmentation" error="<nil>" headSlot=35 method=getHeader mevBoostV=v1.8.1 msIntoSlot=13 parentHash=0xeec1437256d3a79dd4c7a5cb99856f54a9af972cf8aa10c3c235abff57091d77 pubkey=0xb09cb155daf2022afd18114a352e506a84065c80573cb0c7c310cbe92e2706cdcf91f74bbd9e464f74e3d831386d5033 requestTimestamp=1733017226 service=relay/api slot=36 slotStartSec=1733017226 ua="mev-boost/v1.8.1 Lighthouse/v5.3.0-2e0eb6d" version=b4947ea-dev
time="2024-12-01T01:40:26Z" level=info msg="http: GET /eth/v1/builder/header/36/0xeec1437256d3a79dd4c7a5cb99856f54a9af972cf8aa10c3c235abff57091d77/0xb09cb155daf2022afd18114a352e506a84065c80573cb0c7c310cbe92e2706cdcf91f74bbd9e464f74e3d831386d5033 204" duration=0.000893 method=GET path=/eth/v1/builder/header/36/0xeec1437256d3a79dd4c7a5cb99856f54a9af972cf8aa10c3c235abff57091d77/0xb09cb155daf2022afd18114a352e506a84065c80573cb0c7c310cbe92e2706cdcf91f74bbd9e464f74e3d831386d5033 service=relay/api status=204 version=b4947ea-dev
time="2024-12-01T01:40:26Z" level=info msg="updated headSlot to 36" epoch=1 service=relay/api slotHead=36 slotStartNextEpoch=64 version=b4947ea-dev
time="2024-12-01T01:40:26Z" level=debug msg="Updating builder cache with 0 builders from database" service=relay/api version=b4947ea-dev
time="2024-12-01T01:40:26Z" level=info msg="payload attributes received for slot: 37" service=relay/api version=b4947ea-dev
time="2024-12-01T01:40:26Z" level=info msg="updated payload attributes" headSlot=36 payloadAttrParent=0xd8b51ecbeb749664445ae211424f83cb6aaa0dde3aa8045b9dfe18fe57e104e6 payloadAttrSlot=37 randao=0x060fabdba396d808f45089f6f4ddfabcf01b05afec48c08642704c821e3cf926 service=relay/api timestamp=1733017228 version=b4947ea-dev withdrawalsRoot=0x792930bbd5baac43bcc798ee49aa8185ef76bb3b44ba62b91d86ae569e4bb535
time="2024-12-01T01:40:28Z" level=info msg="payload attributes received for slot: 38" service=relay/api version=b4947ea-dev
time="2024-12-01T01:40:28Z" level=info msg="updated payload attributes" headSlot=36 payloadAttrParent=0xd8b51ecbeb749664445ae211424f83cb6aaa0dde3aa8045b9dfe18fe57e104e6 payloadAttrSlot=38 randao=0x060fabdba396d808f45089f6f4ddfabcf01b05afec48c08642704c821e3cf926 service=relay/api timestamp=1733017230 version=b4947ea-dev withdrawalsRoot=0x792930bbd5baac43bcc798ee49aa8185ef76bb3b44ba62b91d86ae569e4bb535
time="2024-12-01T01:40:28Z" level=debug msg="getHeader request received" headSlot=36 method=getHeader mevBoostV=v1.8.1 msIntoSlot=7 parentHash=0xd8b51ecbeb749664445ae211424f83cb6aaa0dde3aa8045b9dfe18fe57e104e6 pubkey=0x851cb7093041931bbda885ef6d5a0411353e41b2baf7713ff7688b70d505dc97561a6b6482571aca964486d8a9b76a47 requestTimestamp=1733017228 service=relay/api slot=37 slotStartSec=1733017228 ua="mev-boost/v1.8.1 Lighthouse/v5.3.0-2e0eb6d" version=b4947ea-dev
time="2024-12-01T01:40:28Z" level=error msg="bid was empty, skipping PROF augmentation" error="<nil>" headSlot=36 method=getHeader mevBoostV=v1.8.1 msIntoSlot=7 parentHash=0xd8b51ecbeb749664445ae211424f83cb6aaa0dde3aa8045b9dfe18fe57e104e6 pubkey=0x851cb7093041931bbda885ef6d5a0411353e41b2baf7713ff7688b70d505dc97561a6b6482571aca964486d8a9b76a47 requestTimestamp=1733017228 service=relay/api slot=37 slotStartSec=1733017228 ua="mev-boost/v1.8.1 Lighthouse/v5.3.0-2e0eb6d" version=b4947ea-dev
time="2024-12-01T01:40:28Z" level=info msg="http: GET /eth/v1/builder/header/37/0xd8b51ecbeb749664445ae211424f83cb6aaa0dde3aa8045b9dfe18fe57e104e6/0x851cb7093041931bbda885ef6d5a0411353e41b2baf7713ff7688b70d505dc97561a6b6482571aca964486d8a9b76a47 204" duration=0.001242 method=GET path=/eth/v1/builder/header/37/0xd8b51ecbeb749664445ae211424f83cb6aaa0dde3aa8045b9dfe18fe57e104e6/0x851cb7093041931bbda885ef6d5a0411353e41b2baf7713ff7688b70d505dc97561a6b6482571aca964486d8a9b76a47 service=relay/api status=204 version=b4947ea-dev
time="2024-12-01T01:40:28Z" level=info msg="updated headSlot to 37" epoch=1 service=relay/api slotHead=37 slotStartNextEpoch=64 version=b4947ea-dev
time="2024-12-01T01:40:28Z" level=debug msg="Updating builder cache with 0 builders from database" service=relay/api version=b4947ea-dev
time="2024-12-01T01:40:28Z" level=info msg="payload attributes received for slot: 38" service=relay/api version=b4947ea-dev
time="2024-12-01T01:40:28Z" level=info msg="updated payload attributes" headSlot=37 payloadAttrParent=0x36259d92fadfcc5898e88a952a093a2a6ad3eb304f242ac21b29f89497344bbe payloadAttrSlot=38 randao=0xa379e9c28a8f1839d1b07f7d3719df1c167e8942091aac4876ab9c74afdb4b71 service=relay/api timestamp=1733017230 version=b4947ea-dev withdrawalsRoot=0x792930bbd5baac43bcc798ee49aa8185ef76bb3b44ba62b91d86ae569e4bb535
time="2024-12-01T01:40:30Z" level=info msg="payload attributes received for slot: 39" service=relay/api version=b4947ea-dev
time="2024-12-01T01:40:30Z" level=info msg="updated payload attributes" headSlot=37 payloadAttrParent=0x36259d92fadfcc5898e88a952a093a2a6ad3eb304f242ac21b29f89497344bbe payloadAttrSlot=39 randao=0xa379e9c28a8f1839d1b07f7d3719df1c167e8942091aac4876ab9c74afdb4b71 service=relay/api timestamp=1733017232 version=b4947ea-dev withdrawalsRoot=0x792930bbd5baac43bcc798ee49aa8185ef76bb3b44ba62b91d86ae569e4bb535
time="2024-12-01T01:40:30Z" level=debug msg="getHeader request received" headSlot=37 method=getHeader mevBoostV=v1.8.1 msIntoSlot=7 parentHash=0x36259d92fadfcc5898e88a952a093a2a6ad3eb304f242ac21b29f89497344bbe pubkey=0x8aec5129a518010912215e1887191da94be419b4e75904c2ea745e2d253d707c088fa5b2c46dade1d162affe9f7ab17b requestTimestamp=1733017230 service=relay/api slot=38 slotStartSec=1733017230 ua="mev-boost/v1.8.1 Lighthouse/v5.3.0-2e0eb6d" version=b4947ea-dev
time="2024-12-01T01:40:30Z" level=error msg="bid was empty, skipping PROF augmentation" error="<nil>" headSlot=37 method=getHeader mevBoostV=v1.8.1 msIntoSlot=7 parentHash=0x36259d92fadfcc5898e88a952a093a2a6ad3eb304f242ac21b29f89497344bbe pubkey=0x8aec5129a518010912215e1887191da94be419b4e75904c2ea745e2d253d707c088fa5b2c46dade1d162affe9f7ab17b requestTimestamp=1733017230 service=relay/api slot=38 slotStartSec=1733017230 ua="mev-boost/v1.8.1 Lighthouse/v5.3.0-2e0eb6d" version=b4947ea-dev
time="2024-12-01T01:40:30Z" level=info msg="http: GET /eth/v1/builder/header/38/0x36259d92fadfcc5898e88a952a093a2a6ad3eb304f242ac21b29f89497344bbe/0x8aec5129a518010912215e1887191da94be419b4e75904c2ea745e2d253d707c088fa5b2c46dade1d162affe9f7ab17b 204" duration=0.000322 method=GET path=/eth/v1/builder/header/38/0x36259d92fadfcc5898e88a952a093a2a6ad3eb304f242ac21b29f89497344bbe/0x8aec5129a518010912215e1887191da94be419b4e75904c2ea745e2d253d707c088fa5b2c46dade1d162affe9f7ab17b service=relay/api status=204 version=b4947ea-dev
time="2024-12-01T01:40:30Z" level=info msg="Querying validators from beacon node... (this may take a while)" datastoreMethod=RefreshKnownValidators headSlot=35 headSlotPos=4 lastUpdateSlot=19 service=relay/api version=b4947ea-dev
time="2024-12-01T01:40:30Z" level=debug msg="fetching validators" component=beaconClient service=relay/api uri="http://172.16.4.16:4000" version=b4947ea-dev
time="2024-12-01T01:40:30Z" level=info msg="received known validators from beacon-node" datastoreMethod=RefreshKnownValidators durationFetchValidatorsMs=3 headSlot=35 headSlotPos=4 lastUpdateSlot=19 numKnownValidators=128 service=relay/api version=b4947ea-dev
time="2024-12-01T01:40:30Z" level=info msg="known validators updated" datastoreMethod=RefreshKnownValidators durationFetchValidatorsMs=3 headSlot=35 headSlotPos=4 lastUpdateSlot=19 numKnownValidators=128 service=relay/api version=b4947ea-dev
time="2024-12-01T01:40:30Z" level=info msg="updated headSlot to 38" epoch=1 service=relay/api slotHead=38 slotStartNextEpoch=64 version=b4947ea-dev
time="2024-12-01T01:40:30Z" level=debug msg="Updating builder cache with 0 builders from database" service=relay/api version=b4947ea-dev
time="2024-12-01T01:40:30Z" level=info msg="payload attributes received for slot: 39" service=relay/api version=b4947ea-dev
time="2024-12-01T01:40:30Z" level=info msg="updated payload attributes" headSlot=38 payloadAttrParent=0x5c960a298a211823f9ccdb7582c7684d150cc1c608f0b7f1af40c7d19e7767ce payloadAttrSlot=39 randao=0xa973a0f454df26b40cadac7bff0d19bc7b44b9c693b32f6255ea96fb087a6df4 service=relay/api timestamp=1733017232 version=b4947ea-dev withdrawalsRoot=0x792930bbd5baac43bcc798ee49aa8185ef76bb3b44ba62b91d86ae569e4bb535
time="2024-12-01T01:40:32Z" level=info msg="payload attributes received for slot: 40" service=relay/api version=b4947ea-dev
time="2024-12-01T01:40:32Z" level=info msg="updated payload attributes" headSlot=38 payloadAttrParent=0x5c960a298a211823f9ccdb7582c7684d150cc1c608f0b7f1af40c7d19e7767ce payloadAttrSlot=40 randao=0xa973a0f454df26b40cadac7bff0d19bc7b44b9c693b32f6255ea96fb087a6df4 service=relay/api timestamp=1733017234 version=b4947ea-dev withdrawalsRoot=0x792930bbd5baac43bcc798ee49aa8185ef76bb3b44ba62b91d86ae569e4bb535
time="2024-12-01T01:40:32Z" level=debug msg="getHeader request received" headSlot=38 method=getHeader mevBoostV=v1.8.1 msIntoSlot=10 parentHash=0x5c960a298a211823f9ccdb7582c7684d150cc1c608f0b7f1af40c7d19e7767ce pubkey=0x91709ee06497b9ac049325853d64947290189a8c2322e3a500d91e23ea02dc158b6db63ae558b3b7670357a151cd6071 requestTimestamp=1733017232 service=relay/api slot=39 slotStartSec=1733017232 ua="mev-boost/v1.8.1 Lighthouse/v5.3.0-2e0eb6d" version=b4947ea-dev
time="2024-12-01T01:40:32Z" level=error msg="bid was empty, skipping PROF augmentation" error="<nil>" headSlot=38 method=getHeader mevBoostV=v1.8.1 msIntoSlot=10 parentHash=0x5c960a298a211823f9ccdb7582c7684d150cc1c608f0b7f1af40c7d19e7767ce pubkey=0x91709ee06497b9ac049325853d64947290189a8c2322e3a500d91e23ea02dc158b6db63ae558b3b7670357a151cd6071 requestTimestamp=1733017232 service=relay/api slot=39 slotStartSec=1733017232 ua="mev-boost/v1.8.1 Lighthouse/v5.3.0-2e0eb6d" version=b4947ea-dev
time="2024-12-01T01:40:32Z" level=info msg="http: GET /eth/v1/builder/header/39/0x5c960a298a211823f9ccdb7582c7684d150cc1c608f0b7f1af40c7d19e7767ce/0x91709ee06497b9ac049325853d64947290189a8c2322e3a500d91e23ea02dc158b6db63ae558b3b7670357a151cd6071 204" duration=0.000739 method=GET path=/eth/v1/builder/header/39/0x5c960a298a211823f9ccdb7582c7684d150cc1c608f0b7f1af40c7d19e7767ce/0x91709ee06497b9ac049325853d64947290189a8c2322e3a500d91e23ea02dc158b6db63ae558b3b7670357a151cd6071 service=relay/api status=204 version=b4947ea-dev
time="2024-12-01T01:40:32Z" level=info msg="updated headSlot to 39" epoch=1 service=relay/api slotHead=39 slotStartNextEpoch=64 version=b4947ea-dev
time="2024-12-01T01:40:32Z" level=debug msg="Updating builder cache with 0 builders from database" service=relay/api version=b4947ea-dev
time="2024-12-01T01:40:32Z" level=info msg="payload attributes received for slot: 40" service=relay/api version=b4947ea-dev
time="2024-12-01T01:40:32Z" level=info msg="updated payload attributes" headSlot=39 payloadAttrParent=0x8329d4b2a62440e37f8db0af96286f62b162e30a90622f9e6b1de8b2cea896c7 payloadAttrSlot=40 randao=0x4ae559fffe9b06dbbffd6c097bfb4f96be575913e232d11cfffb48ed86fe2a16 service=relay/api timestamp=1733017234 version=b4947ea-dev withdrawalsRoot=0x792930bbd5baac43bcc798ee49aa8185ef76bb3b44ba62b91d86ae569e4bb535
time="2024-12-01T01:40:34Z" level=info msg="payload attributes received for slot: 41" service=relay/api version=b4947ea-dev
time="2024-12-01T01:40:34Z" level=info msg="updated payload attributes" headSlot=39 payloadAttrParent=0x8329d4b2a62440e37f8db0af96286f62b162e30a90622f9e6b1de8b2cea896c7 payloadAttrSlot=41 randao=0x4ae559fffe9b06dbbffd6c097bfb4f96be575913e232d11cfffb48ed86fe2a16 service=relay/api timestamp=1733017236 version=b4947ea-dev withdrawalsRoot=0x792930bbd5baac43bcc798ee49aa8185ef76bb3b44ba62b91d86ae569e4bb535
time="2024-12-01T01:40:34Z" level=debug msg="getHeader request received" headSlot=39 method=getHeader mevBoostV=v1.8.1 msIntoSlot=10 parentHash=0x8329d4b2a62440e37f8db0af96286f62b162e30a90622f9e6b1de8b2cea896c7 pubkey=0xb1f2588848bded71a0ad83d124b5ff2d1ab964068e4eab97edc678eddc9aaa6175b51f561c4ec96c818ad5f6c59aa936 requestTimestamp=1733017234 service=relay/api slot=40 slotStartSec=1733017234 ua="mev-boost/v1.8.1 Lighthouse/v5.3.0-2e0eb6d" version=b4947ea-dev
time="2024-12-01T01:40:34Z" level=error msg="bid was empty, skipping PROF augmentation" error="<nil>" headSlot=39 method=getHeader mevBoostV=v1.8.1 msIntoSlot=10 parentHash=0x8329d4b2a62440e37f8db0af96286f62b162e30a90622f9e6b1de8b2cea896c7 pubkey=0xb1f2588848bded71a0ad83d124b5ff2d1ab964068e4eab97edc678eddc9aaa6175b51f561c4ec96c818ad5f6c59aa936 requestTimestamp=1733017234 service=relay/api slot=40 slotStartSec=1733017234 ua="mev-boost/v1.8.1 Lighthouse/v5.3.0-2e0eb6d" version=b4947ea-dev
time="2024-12-01T01:40:34Z" level=info msg="http: GET /eth/v1/builder/header/40/0x8329d4b2a62440e37f8db0af96286f62b162e30a90622f9e6b1de8b2cea896c7/0xb1f2588848bded71a0ad83d124b5ff2d1ab964068e4eab97edc678eddc9aaa6175b51f561c4ec96c818ad5f6c59aa936 204" duration=0.001029 method=GET path=/eth/v1/builder/header/40/0x8329d4b2a62440e37f8db0af96286f62b162e30a90622f9e6b1de8b2cea896c7/0xb1f2588848bded71a0ad83d124b5ff2d1ab964068e4eab97edc678eddc9aaa6175b51f561c4ec96c818ad5f6c59aa936 service=relay/api status=204 version=b4947ea-dev
time="2024-12-01T01:40:34Z" level=info msg="updated headSlot to 40" epoch=1 service=relay/api slotHead=40 slotStartNextEpoch=64 version=b4947ea-dev
time="2024-12-01T01:40:34Z" level=info msg="proposer duties updated: 33, 35, 38, 42, 44, 45, 47, 49, 50, 52, 53, 56, 58, 59, 65, 67, 68, 70, 71, 74, 75, 77, 80, 82, 84, 86, 91, 92, 93, 95" service=relay/api version=b4947ea-dev
time="2024-12-01T01:40:34Z" level=info msg="payload attributes received for slot: 41" service=relay/api version=b4947ea-dev
time="2024-12-01T01:40:34Z" level=debug msg="Updating builder cache with 0 builders from database" service=relay/api version=b4947ea-dev
time="2024-12-01T01:40:34Z" level=info msg="updated payload attributes" headSlot=40 payloadAttrParent=0xd77f00557a7fbe99b4584a9412e94fc78b1dbc6581ca68842d83b5bfa099c8b4 payloadAttrSlot=41 randao=0xec8dae2da82df16504b4bda3565e0fd3db48c943f4b659a2343282517b596050 service=relay/api timestamp=1733017236 version=b4947ea-dev withdrawalsRoot=0x792930bbd5baac43bcc798ee49aa8185ef76bb3b44ba62b91d86ae569e4bb535
time="2024-12-01T01:40:36Z" level=info msg="payload attributes received for slot: 42" service=relay/api version=b4947ea-dev
time="2024-12-01T01:40:36Z" level=info msg="updated payload attributes" headSlot=40 payloadAttrParent=0xd77f00557a7fbe99b4584a9412e94fc78b1dbc6581ca68842d83b5bfa099c8b4 payloadAttrSlot=42 randao=0xec8dae2da82df16504b4bda3565e0fd3db48c943f4b659a2343282517b596050 service=relay/api timestamp=1733017238 version=b4947ea-dev withdrawalsRoot=0x792930bbd5baac43bcc798ee49aa8185ef76bb3b44ba62b91d86ae569e4bb535
time="2024-12-01T01:40:36Z" level=debug msg="getHeader request received" headSlot=40 method=getHeader mevBoostV=v1.8.1 msIntoSlot=8 parentHash=0xd77f00557a7fbe99b4584a9412e94fc78b1dbc6581ca68842d83b5bfa099c8b4 pubkey=0xb43ccb05317c2b666470ab251e987d6bf31f5ead6b5edac5fe007dd334ae6ce1a92e24c19e5ab387cd8fa253b63bb78c requestTimestamp=1733017236 service=relay/api slot=41 slotStartSec=1733017236 ua="mev-boost/v1.8.1 Lighthouse/v5.3.0-2e0eb6d" version=b4947ea-dev
time="2024-12-01T01:40:36Z" level=error msg="bid was empty, skipping PROF augmentation" error="<nil>" headSlot=40 method=getHeader mevBoostV=v1.8.1 msIntoSlot=8 parentHash=0xd77f00557a7fbe99b4584a9412e94fc78b1dbc6581ca68842d83b5bfa099c8b4 pubkey=0xb43ccb05317c2b666470ab251e987d6bf31f5ead6b5edac5fe007dd334ae6ce1a92e24c19e5ab387cd8fa253b63bb78c requestTimestamp=1733017236 service=relay/api slot=41 slotStartSec=1733017236 ua="mev-boost/v1.8.1 Lighthouse/v5.3.0-2e0eb6d" version=b4947ea-dev
time="2024-12-01T01:40:36Z" level=info msg="http: GET /eth/v1/builder/header/41/0xd77f00557a7fbe99b4584a9412e94fc78b1dbc6581ca68842d83b5bfa099c8b4/0xb43ccb05317c2b666470ab251e987d6bf31f5ead6b5edac5fe007dd334ae6ce1a92e24c19e5ab387cd8fa253b63bb78c 204" duration=0.001601 method=GET path=/eth/v1/builder/header/41/0xd77f00557a7fbe99b4584a9412e94fc78b1dbc6581ca68842d83b5bfa099c8b4/0xb43ccb05317c2b666470ab251e987d6bf31f5ead6b5edac5fe007dd334ae6ce1a92e24c19e5ab387cd8fa253b63bb78c service=relay/api status=204 version=b4947ea-dev
time="2024-12-01T01:40:36Z" level=info msg="updated headSlot to 41" epoch=1 service=relay/api slotHead=41 slotStartNextEpoch=64 version=b4947ea-dev
time="2024-12-01T01:40:36Z" level=debug msg="RefreshKnownValidators init" datastoreMethod=RefreshKnownValidators headSlot=41 headSlotPos=10 lastUpdateSlot=35 service=relay/api version=b4947ea-dev
time="2024-12-01T01:40:36Z" level=debug msg="Updating builder cache with 0 builders from database" service=relay/api version=b4947ea-dev
time="2024-12-01T01:40:36Z" level=info msg="payload attributes received for slot: 42" service=relay/api version=b4947ea-dev
time="2024-12-01T01:40:36Z" level=info msg="updated payload attributes" headSlot=41 payloadAttrParent=0xda96fc88d7e74887779ca5138f0db47c8a3df1f7ff6bf269a31391de532f8625 payloadAttrSlot=42 randao=0xf015836bf98f1a1a9bdcc3ef6e4970f943f8944d102f0264d0238d7bb9b43e08 service=relay/api timestamp=1733017238 version=b4947ea-dev withdrawalsRoot=0x792930bbd5baac43bcc798ee49aa8185ef76bb3b44ba62b91d86ae569e4bb535
time="2024-12-01T01:40:38Z" level=info msg="payload attributes received for slot: 43" service=relay/api version=b4947ea-dev
time="2024-12-01T01:40:38Z" level=info msg="updated payload attributes" headSlot=41 payloadAttrParent=0xda96fc88d7e74887779ca5138f0db47c8a3df1f7ff6bf269a31391de532f8625 payloadAttrSlot=43 randao=0xf015836bf98f1a1a9bdcc3ef6e4970f943f8944d102f0264d0238d7bb9b43e08 service=relay/api timestamp=1733017240 version=b4947ea-dev withdrawalsRoot=0x792930bbd5baac43bcc798ee49aa8185ef76bb3b44ba62b91d86ae569e4bb535
time="2024-12-01T01:40:38Z" level=debug msg="getHeader request received" headSlot=41 method=getHeader mevBoostV=v1.8.1 msIntoSlot=7 parentHash=0xda96fc88d7e74887779ca5138f0db47c8a3df1f7ff6bf269a31391de532f8625 pubkey=0x98213294b82bc66ee39e95a678472fb41df846ec2863c5be53e1fd56b6ff0fe1bfd5b2bd8c534dd97acbe597ad119cc7 requestTimestamp=1733017238 service=relay/api slot=42 slotStartSec=1733017238 ua="mev-boost/v1.8.1 Lighthouse/v5.3.0-2e0eb6d" version=b4947ea-dev
time="2024-12-01T01:40:38Z" level=error msg="bid was empty, skipping PROF augmentation" error="<nil>" headSlot=41 method=getHeader mevBoostV=v1.8.1 msIntoSlot=7 parentHash=0xda96fc88d7e74887779ca5138f0db47c8a3df1f7ff6bf269a31391de532f8625 pubkey=0x98213294b82bc66ee39e95a678472fb41df846ec2863c5be53e1fd56b6ff0fe1bfd5b2bd8c534dd97acbe597ad119cc7 requestTimestamp=1733017238 service=relay/api slot=42 slotStartSec=1733017238 ua="mev-boost/v1.8.1 Lighthouse/v5.3.0-2e0eb6d" version=b4947ea-dev
time="2024-12-01T01:40:38Z" level=info msg="http: GET /eth/v1/builder/header/42/0xda96fc88d7e74887779ca5138f0db47c8a3df1f7ff6bf269a31391de532f8625/0x98213294b82bc66ee39e95a678472fb41df846ec2863c5be53e1fd56b6ff0fe1bfd5b2bd8c534dd97acbe597ad119cc7 204" duration=0.000864 method=GET path=/eth/v1/builder/header/42/0xda96fc88d7e74887779ca5138f0db47c8a3df1f7ff6bf269a31391de532f8625/0x98213294b82bc66ee39e95a678472fb41df846ec2863c5be53e1fd56b6ff0fe1bfd5b2bd8c534dd97acbe597ad119cc7 service=relay/api status=204 version=b4947ea-dev
time="2024-12-01T01:40:38Z" level=info msg="updated headSlot to 42" epoch=1 service=relay/api slotHead=42 slotStartNextEpoch=64 version=b4947ea-dev
time="2024-12-01T01:40:38Z" level=debug msg="RefreshKnownValidators init" datastoreMethod=RefreshKnownValidators headSlot=42 headSlotPos=11 lastUpdateSlot=35 service=relay/api version=b4947ea-dev
time="2024-12-01T01:40:38Z" level=debug msg="Updating builder cache with 0 builders from database" service=relay/api version=b4947ea-dev
time="2024-12-01T01:40:38Z" level=info msg="payload attributes received for slot: 43" service=relay/api version=b4947ea-dev
time="2024-12-01T01:40:38Z" level=info msg="updated payload attributes" headSlot=42 payloadAttrParent=0x57447e19f2b3bd73467cc5da8b849228ad968d6ecf68ec3973bd7ba6bacc0295 payloadAttrSlot=43 randao=0xbffaf9fdd5b6bd52bad2039a7ee8c141dc00b84a2cf399717bf16e950f5fa530 service=relay/api timestamp=1733017240 version=b4947ea-dev withdrawalsRoot=0x792930bbd5baac43bcc798ee49aa8185ef76bb3b44ba62b91d86ae569e4bb535
time="2024-12-01T01:40:40Z" level=info msg="payload attributes received for slot: 44" service=relay/api version=b4947ea-dev
time="2024-12-01T01:40:40Z" level=info msg="updated payload attributes" headSlot=42 payloadAttrParent=0x57447e19f2b3bd73467cc5da8b849228ad968d6ecf68ec3973bd7ba6bacc0295 payloadAttrSlot=44 randao=0xbffaf9fdd5b6bd52bad2039a7ee8c141dc00b84a2cf399717bf16e950f5fa530 service=relay/api timestamp=1733017242 version=b4947ea-dev withdrawalsRoot=0x792930bbd5baac43bcc798ee49aa8185ef76bb3b44ba62b91d86ae569e4bb535
time="2024-12-01T01:40:40Z" level=debug msg="getHeader request received" headSlot=42 method=getHeader mevBoostV=v1.8.1 msIntoSlot=7 parentHash=0x57447e19f2b3bd73467cc5da8b849228ad968d6ecf68ec3973bd7ba6bacc0295 pubkey=0x8dfa86c051edd28c3554a30e40531c898e5936ad3002711616ddd1b27054bc39caedd505a200c3d23a1c3f6b26c50ae9 requestTimestamp=1733017240 service=relay/api slot=43 slotStartSec=1733017240 ua="mev-boost/v1.8.1 Lighthouse/v5.3.0-2e0eb6d" version=b4947ea-dev
time="2024-12-01T01:40:40Z" level=error msg="bid was empty, skipping PROF augmentation" error="<nil>" headSlot=42 method=getHeader mevBoostV=v1.8.1 msIntoSlot=7 parentHash=0x57447e19f2b3bd73467cc5da8b849228ad968d6ecf68ec3973bd7ba6bacc0295 pubkey=0x8dfa86c051edd28c3554a30e40531c898e5936ad3002711616ddd1b27054bc39caedd505a200c3d23a1c3f6b26c50ae9 requestTimestamp=1733017240 service=relay/api slot=43 slotStartSec=1733017240 ua="mev-boost/v1.8.1 Lighthouse/v5.3.0-2e0eb6d" version=b4947ea-dev
time="2024-12-01T01:40:40Z" level=info msg="http: GET /eth/v1/builder/header/43/0x57447e19f2b3bd73467cc5da8b849228ad968d6ecf68ec3973bd7ba6bacc0295/0x8dfa86c051edd28c3554a30e40531c898e5936ad3002711616ddd1b27054bc39caedd505a200c3d23a1c3f6b26c50ae9 204" duration=0.001320 method=GET path=/eth/v1/builder/header/43/0x57447e19f2b3bd73467cc5da8b849228ad968d6ecf68ec3973bd7ba6bacc0295/0x8dfa86c051edd28c3554a30e40531c898e5936ad3002711616ddd1b27054bc39caedd505a200c3d23a1c3f6b26c50ae9 service=relay/api status=204 version=b4947ea-dev
time="2024-12-01T01:40:40Z" level=info msg="updated headSlot to 43" epoch=1 service=relay/api slotHead=43 slotStartNextEpoch=64 version=b4947ea-dev
time="2024-12-01T01:40:40Z" level=debug msg="RefreshKnownValidators init" datastoreMethod=RefreshKnownValidators headSlot=43 headSlotPos=12 lastUpdateSlot=35 service=relay/api version=b4947ea-dev
time="2024-12-01T01:40:40Z" level=debug msg="Updating builder cache with 0 builders from database" service=relay/api version=b4947ea-dev
time="2024-12-01T01:40:40Z" level=info msg="payload attributes received for slot: 44" service=relay/api version=b4947ea-dev
time="2024-12-01T01:40:40Z" level=info msg="updated payload attributes" headSlot=43 payloadAttrParent=0xedf18e18fdb8277906e6d811b97f829f3a65d87f48d34443c3b6710997fdbb38 payloadAttrSlot=44 randao=0x3fdba428fc39205a4728544008cfa9f11a980a4da81a6c86d1b614b828f254ed service=relay/api timestamp=1733017242 version=b4947ea-dev withdrawalsRoot=0x792930bbd5baac43bcc798ee49aa8185ef76bb3b44ba62b91d86ae569e4bb535
time="2024-12-01T01:40:42Z" level=info msg="payload attributes received for slot: 45" service=relay/api version=b4947ea-dev
time="2024-12-01T01:40:42Z" level=info msg="updated payload attributes" headSlot=43 payloadAttrParent=0xedf18e18fdb8277906e6d811b97f829f3a65d87f48d34443c3b6710997fdbb38 payloadAttrSlot=45 randao=0x3fdba428fc39205a4728544008cfa9f11a980a4da81a6c86d1b614b828f254ed service=relay/api timestamp=1733017244 version=b4947ea-dev withdrawalsRoot=0x792930bbd5baac43bcc798ee49aa8185ef76bb3b44ba62b91d86ae569e4bb535
time="2024-12-01T01:40:42Z" level=debug msg="getHeader request received" headSlot=43 method=getHeader mevBoostV=v1.8.1 msIntoSlot=9 parentHash=0xedf18e18fdb8277906e6d811b97f829f3a65d87f48d34443c3b6710997fdbb38 pubkey=0x8a8bb292bcc481070d3afdbbc8789e2ab4b29c9603936e6d85f5ff71e23fc5b6d61009f0fa636b5d5b2dc309d39e3d75 requestTimestamp=1733017242 service=relay/api slot=44 slotStartSec=1733017242 ua="mev-boost/v1.8.1 Lighthouse/v5.3.0-2e0eb6d" version=b4947ea-dev
time="2024-12-01T01:40:42Z" level=error msg="bid was empty, skipping PROF augmentation" error="<nil>" headSlot=43 method=getHeader mevBoostV=v1.8.1 msIntoSlot=9 parentHash=0xedf18e18fdb8277906e6d811b97f829f3a65d87f48d34443c3b6710997fdbb38 pubkey=0x8a8bb292bcc481070d3afdbbc8789e2ab4b29c9603936e6d85f5ff71e23fc5b6d61009f0fa636b5d5b2dc309d39e3d75 requestTimestamp=1733017242 service=relay/api slot=44 slotStartSec=1733017242 ua="mev-boost/v1.8.1 Lighthouse/v5.3.0-2e0eb6d" version=b4947ea-dev
time="2024-12-01T01:40:42Z" level=info msg="http: GET /eth/v1/builder/header/44/0xedf18e18fdb8277906e6d811b97f829f3a65d87f48d34443c3b6710997fdbb38/0x8a8bb292bcc481070d3afdbbc8789e2ab4b29c9603936e6d85f5ff71e23fc5b6d61009f0fa636b5d5b2dc309d39e3d75 204" duration=0.001237 method=GET path=/eth/v1/builder/header/44/0xedf18e18fdb8277906e6d811b97f829f3a65d87f48d34443c3b6710997fdbb38/0x8a8bb292bcc481070d3afdbbc8789e2ab4b29c9603936e6d85f5ff71e23fc5b6d61009f0fa636b5d5b2dc309d39e3d75 service=relay/api status=204 version=b4947ea-dev
time="2024-12-01T01:40:42Z" level=info msg="updated headSlot to 44" epoch=1 service=relay/api slotHead=44 slotStartNextEpoch=64 version=b4947ea-dev
time="2024-12-01T01:40:42Z" level=debug msg="RefreshKnownValidators init" datastoreMethod=RefreshKnownValidators headSlot=44 headSlotPos=13 lastUpdateSlot=35 service=relay/api version=b4947ea-dev
time="2024-12-01T01:40:42Z" level=debug msg="Updating builder cache with 0 builders from database" service=relay/api version=b4947ea-dev
time="2024-12-01T01:40:42Z" level=info msg="payload attributes received for slot: 45" service=relay/api version=b4947ea-dev
time="2024-12-01T01:40:42Z" level=info msg="updated payload attributes" headSlot=44 payloadAttrParent=0x9abfbb116168e5b13511c6514184f613c1969a541a20b3e697c71d1e1eec647a payloadAttrSlot=45 randao=0x0c6ea34bbe69925c0e7a6ab62485a3c5bd49a260b94c92b9f098d4dff26dab9b service=relay/api timestamp=1733017244 version=b4947ea-dev withdrawalsRoot=0x792930bbd5baac43bcc798ee49aa8185ef76bb3b44ba62b91d86ae569e4bb535
time="2024-12-01T01:40:44Z" level=info msg="payload attributes received for slot: 46" service=relay/api version=b4947ea-dev
time="2024-12-01T01:40:44Z" level=info msg="updated payload attributes" headSlot=44 payloadAttrParent=0x9abfbb116168e5b13511c6514184f613c1969a541a20b3e697c71d1e1eec647a payloadAttrSlot=46 randao=0x0c6ea34bbe69925c0e7a6ab62485a3c5bd49a260b94c92b9f098d4dff26dab9b service=relay/api timestamp=1733017246 version=b4947ea-dev withdrawalsRoot=0x792930bbd5baac43bcc798ee49aa8185ef76bb3b44ba62b91d86ae569e4bb535
time="2024-12-01T01:40:44Z" level=debug msg="getHeader request received" headSlot=44 method=getHeader mevBoostV=v1.8.1 msIntoSlot=8 parentHash=0x9abfbb116168e5b13511c6514184f613c1969a541a20b3e697c71d1e1eec647a pubkey=0xaee3fbc60f939c125877a4f4529517edcf114fdb83715f9f4041eccebb91323ce8c4784ff87815c38752517b3d2e2725 requestTimestamp=1733017244 service=relay/api slot=45 slotStartSec=1733017244 ua="mev-boost/v1.8.1 Lighthouse/v5.3.0-2e0eb6d" version=b4947ea-dev
time="2024-12-01T01:40:44Z" level=error msg="bid was empty, skipping PROF augmentation" error="<nil>" headSlot=44 method=getHeader mevBoostV=v1.8.1 msIntoSlot=8 parentHash=0x9abfbb116168e5b13511c6514184f613c1969a541a20b3e697c71d1e1eec647a pubkey=0xaee3fbc60f939c125877a4f4529517edcf114fdb83715f9f4041eccebb91323ce8c4784ff87815c38752517b3d2e2725 requestTimestamp=1733017244 service=relay/api slot=45 slotStartSec=1733017244 ua="mev-boost/v1.8.1 Lighthouse/v5.3.0-2e0eb6d" version=b4947ea-dev
time="2024-12-01T01:40:44Z" level=info msg="http: GET /eth/v1/builder/header/45/0x9abfbb116168e5b13511c6514184f613c1969a541a20b3e697c71d1e1eec647a/0xaee3fbc60f939c125877a4f4529517edcf114fdb83715f9f4041eccebb91323ce8c4784ff87815c38752517b3d2e2725 204" duration=0.000615 method=GET path=/eth/v1/builder/header/45/0x9abfbb116168e5b13511c6514184f613c1969a541a20b3e697c71d1e1eec647a/0xaee3fbc60f939c125877a4f4529517edcf114fdb83715f9f4041eccebb91323ce8c4784ff87815c38752517b3d2e2725 service=relay/api status=204 version=b4947ea-dev
time="2024-12-01T01:40:44Z" level=info msg="updated headSlot to 45" epoch=1 service=relay/api slotHead=45 slotStartNextEpoch=64 version=b4947ea-dev
time="2024-12-01T01:40:44Z" level=debug msg="RefreshKnownValidators init" datastoreMethod=RefreshKnownValidators headSlot=45 headSlotPos=14 lastUpdateSlot=35 service=relay/api version=b4947ea-dev
time="2024-12-01T01:40:44Z" level=debug msg="Updating builder cache with 0 builders from database" service=relay/api version=b4947ea-dev
time="2024-12-01T01:40:44Z" level=info msg="payload attributes received for slot: 46" service=relay/api version=b4947ea-dev
time="2024-12-01T01:40:44Z" level=info msg="updated payload attributes" headSlot=45 payloadAttrParent=0x40b0af43202d3f5e01d08d5623a7f8a25fbbc7924190d05436f69ca85f0e4c07 payloadAttrSlot=46 randao=0x6535d5e01c1391a24b948568711d1cd2aa1d9c7cff80df98049a5fde2cfd0e9b service=relay/api timestamp=1733017246 version=b4947ea-dev withdrawalsRoot=0x792930bbd5baac43bcc798ee49aa8185ef76bb3b44ba62b91d86ae569e4bb535
time="2024-12-01T01:40:46Z" level=info msg="payload attributes received for slot: 47" service=relay/api version=b4947ea-dev
time="2024-12-01T01:40:46Z" level=info msg="updated payload attributes" headSlot=45 payloadAttrParent=0x40b0af43202d3f5e01d08d5623a7f8a25fbbc7924190d05436f69ca85f0e4c07 payloadAttrSlot=47 randao=0x6535d5e01c1391a24b948568711d1cd2aa1d9c7cff80df98049a5fde2cfd0e9b service=relay/api timestamp=1733017248 version=b4947ea-dev withdrawalsRoot=0x792930bbd5baac43bcc798ee49aa8185ef76bb3b44ba62b91d86ae569e4bb535
time="2024-12-01T01:40:46Z" level=debug msg="getHeader request received" headSlot=45 method=getHeader mevBoostV=v1.8.1 msIntoSlot=6 parentHash=0x40b0af43202d3f5e01d08d5623a7f8a25fbbc7924190d05436f69ca85f0e4c07 pubkey=0xae5302796cfeca685eaf37ffd5baeb32121f2f07415bee26cc0051ee513ff3932d2c365e3d9f87b0949a5980445cb64c requestTimestamp=1733017246 service=relay/api slot=46 slotStartSec=1733017246 ua="mev-boost/v1.8.1 Lighthouse/v5.3.0-2e0eb6d" version=b4947ea-dev
time="2024-12-01T01:40:46Z" level=error msg="bid was empty, skipping PROF augmentation" error="<nil>" headSlot=45 method=getHeader mevBoostV=v1.8.1 msIntoSlot=6 parentHash=0x40b0af43202d3f5e01d08d5623a7f8a25fbbc7924190d05436f69ca85f0e4c07 pubkey=0xae5302796cfeca685eaf37ffd5baeb32121f2f07415bee26cc0051ee513ff3932d2c365e3d9f87b0949a5980445cb64c requestTimestamp=1733017246 service=relay/api slot=46 slotStartSec=1733017246 ua="mev-boost/v1.8.1 Lighthouse/v5.3.0-2e0eb6d" version=b4947ea-dev
time="2024-12-01T01:40:46Z" level=info msg="http: GET /eth/v1/builder/header/46/0x40b0af43202d3f5e01d08d5623a7f8a25fbbc7924190d05436f69ca85f0e4c07/0xae5302796cfeca685eaf37ffd5baeb32121f2f07415bee26cc0051ee513ff3932d2c365e3d9f87b0949a5980445cb64c 204" duration=0.000262 method=GET path=/eth/v1/builder/header/46/0x40b0af43202d3f5e01d08d5623a7f8a25fbbc7924190d05436f69ca85f0e4c07/0xae5302796cfeca685eaf37ffd5baeb32121f2f07415bee26cc0051ee513ff3932d2c365e3d9f87b0949a5980445cb64c service=relay/api status=204 version=b4947ea-dev
time="2024-12-01T01:40:46Z" level=info msg="updated headSlot to 46" epoch=1 service=relay/api slotHead=46 slotStartNextEpoch=64 version=b4947ea-dev
time="2024-12-01T01:40:46Z" level=debug msg="RefreshKnownValidators init" datastoreMethod=RefreshKnownValidators headSlot=46 headSlotPos=15 lastUpdateSlot=35 service=relay/api version=b4947ea-dev
time="2024-12-01T01:40:46Z" level=debug msg="Updating builder cache with 0 builders from database" service=relay/api version=b4947ea-dev
time="2024-12-01T01:40:46Z" level=info msg="payload attributes received for slot: 47" service=relay/api version=b4947ea-dev
time="2024-12-01T01:40:46Z" level=info msg="updated payload attributes" headSlot=46 payloadAttrParent=0x651d9bfdbb0cdc4599eea18b2452644a84f4feeed1de69a07c4787b9980830de payloadAttrSlot=47 randao=0xac39d6f911f9b28be0707e2dafcd605ed2bb12da79f0df8790f9d1aed31f74bb service=relay/api timestamp=1733017248 version=b4947ea-dev withdrawalsRoot=0x792930bbd5baac43bcc798ee49aa8185ef76bb3b44ba62b91d86ae569e4bb535
time="2024-12-01T01:40:48Z" level=info msg="payload attributes received for slot: 48" service=relay/api version=b4947ea-dev
time="2024-12-01T01:40:48Z" level=info msg="updated payload attributes" headSlot=46 payloadAttrParent=0x651d9bfdbb0cdc4599eea18b2452644a84f4feeed1de69a07c4787b9980830de payloadAttrSlot=48 randao=0xac39d6f911f9b28be0707e2dafcd605ed2bb12da79f0df8790f9d1aed31f74bb service=relay/api timestamp=1733017250 version=b4947ea-dev withdrawalsRoot=0x792930bbd5baac43bcc798ee49aa8185ef76bb3b44ba62b91d86ae569e4bb535
time="2024-12-01T01:40:48Z" level=debug msg="getHeader request received" headSlot=46 method=getHeader mevBoostV=v1.8.1 msIntoSlot=7 parentHash=0x651d9bfdbb0cdc4599eea18b2452644a84f4feeed1de69a07c4787b9980830de pubkey=0xb8c6663371dc37bf083134dea26a20115ccc52b7c15a662bcfa33435e4ade14c6bc9714a5cdee492530accf8a327b2aa requestTimestamp=1733017248 service=relay/api slot=47 slotStartSec=1733017248 ua="mev-boost/v1.8.1 Lighthouse/v5.3.0-2e0eb6d" version=b4947ea-dev
time="2024-12-01T01:40:48Z" level=error msg="bid was empty, skipping PROF augmentation" error="<nil>" headSlot=46 method=getHeader mevBoostV=v1.8.1 msIntoSlot=7 parentHash=0x651d9bfdbb0cdc4599eea18b2452644a84f4feeed1de69a07c4787b9980830de pubkey=0xb8c6663371dc37bf083134dea26a20115ccc52b7c15a662bcfa33435e4ade14c6bc9714a5cdee492530accf8a327b2aa requestTimestamp=1733017248 service=relay/api slot=47 slotStartSec=1733017248 ua="mev-boost/v1.8.1 Lighthouse/v5.3.0-2e0eb6d" version=b4947ea-dev
time="2024-12-01T01:40:48Z" level=info msg="http: GET /eth/v1/builder/header/47/0x651d9bfdbb0cdc4599eea18b2452644a84f4feeed1de69a07c4787b9980830de/0xb8c6663371dc37bf083134dea26a20115ccc52b7c15a662bcfa33435e4ade14c6bc9714a5cdee492530accf8a327b2aa 204" duration=0.000454 method=GET path=/eth/v1/builder/header/47/0x651d9bfdbb0cdc4599eea18b2452644a84f4feeed1de69a07c4787b9980830de/0xb8c6663371dc37bf083134dea26a20115ccc52b7c15a662bcfa33435e4ade14c6bc9714a5cdee492530accf8a327b2aa service=relay/api status=204 version=b4947ea-dev
time="2024-12-01T01:40:48Z" level=info msg="updated headSlot to 47" epoch=1 service=relay/api slotHead=47 slotStartNextEpoch=64 version=b4947ea-dev
time="2024-12-01T01:40:48Z" level=debug msg="RefreshKnownValidators init" datastoreMethod=RefreshKnownValidators headSlot=47 headSlotPos=16 lastUpdateSlot=35 service=relay/api version=b4947ea-dev
time="2024-12-01T01:40:48Z" level=debug msg="Updating builder cache with 0 builders from database" service=relay/api version=b4947ea-dev
time="2024-12-01T01:40:48Z" level=info msg="payload attributes received for slot: 48" service=relay/api version=b4947ea-dev
time="2024-12-01T01:40:48Z" level=info msg="updated payload attributes" headSlot=47 payloadAttrParent=0x7784a33603a0c30a9189e43e1fb0a1c3762b277407901251b06b4ec67e768263 payloadAttrSlot=48 randao=0xff939239202f2c06db9c389d5cfffa85d5b5aba29c18829fec3a8e0e13fef826 service=relay/api timestamp=1733017250 version=b4947ea-dev withdrawalsRoot=0x792930bbd5baac43bcc798ee49aa8185ef76bb3b44ba62b91d86ae569e4bb535
time="2024-12-01T01:40:50Z" level=info msg="payload attributes received for slot: 49" service=relay/api version=b4947ea-dev
time="2024-12-01T01:40:50Z" level=info msg="updated payload attributes" headSlot=47 payloadAttrParent=0x7784a33603a0c30a9189e43e1fb0a1c3762b277407901251b06b4ec67e768263 payloadAttrSlot=49 randao=0xff939239202f2c06db9c389d5cfffa85d5b5aba29c18829fec3a8e0e13fef826 service=relay/api timestamp=1733017252 version=b4947ea-dev withdrawalsRoot=0x792930bbd5baac43bcc798ee49aa8185ef76bb3b44ba62b91d86ae569e4bb535
time="2024-12-01T01:40:50Z" level=debug msg="getHeader request received" headSlot=47 method=getHeader mevBoostV=v1.8.1 msIntoSlot=8 parentHash=0x7784a33603a0c30a9189e43e1fb0a1c3762b277407901251b06b4ec67e768263 pubkey=0x996323af7e545fb6363ace53f1538c7ddc3eb0d985b2479da3ee4ace10cbc393b518bf02d1a2ddb2f5bdf09b473933ea requestTimestamp=1733017250 service=relay/api slot=48 slotStartSec=1733017250 ua="mev-boost/v1.8.1 Lighthouse/v5.3.0-2e0eb6d" version=b4947ea-dev
time="2024-12-01T01:40:50Z" level=error msg="bid was empty, skipping PROF augmentation" error="<nil>" headSlot=47 method=getHeader mevBoostV=v1.8.1 msIntoSlot=8 parentHash=0x7784a33603a0c30a9189e43e1fb0a1c3762b277407901251b06b4ec67e768263 pubkey=0x996323af7e545fb6363ace53f1538c7ddc3eb0d985b2479da3ee4ace10cbc393b518bf02d1a2ddb2f5bdf09b473933ea requestTimestamp=1733017250 service=relay/api slot=48 slotStartSec=1733017250 ua="mev-boost/v1.8.1 Lighthouse/v5.3.0-2e0eb6d" version=b4947ea-dev
time="2024-12-01T01:40:50Z" level=info msg="http: GET /eth/v1/builder/header/48/0x7784a33603a0c30a9189e43e1fb0a1c3762b277407901251b06b4ec67e768263/0x996323af7e545fb6363ace53f1538c7ddc3eb0d985b2479da3ee4ace10cbc393b518bf02d1a2ddb2f5bdf09b473933ea 204" duration=0.000940 method=GET path=/eth/v1/builder/header/48/0x7784a33603a0c30a9189e43e1fb0a1c3762b277407901251b06b4ec67e768263/0x996323af7e545fb6363ace53f1538c7ddc3eb0d985b2479da3ee4ace10cbc393b518bf02d1a2ddb2f5bdf09b473933ea service=relay/api status=204 version=b4947ea-dev
time="2024-12-01T01:40:50Z" level=info msg="updated headSlot to 48" epoch=1 service=relay/api slotHead=48 slotStartNextEpoch=64 version=b4947ea-dev
time="2024-12-01T01:40:50Z" level=debug msg="RefreshKnownValidators init" datastoreMethod=RefreshKnownValidators headSlot=48 headSlotPos=17 lastUpdateSlot=35 service=relay/api version=b4947ea-dev
time="2024-12-01T01:40:50Z" level=info msg="proposer duties updated: 33, 35, 38, 42, 44, 45, 47, 49, 50, 52, 53, 56, 58, 59, 65, 67, 68, 70, 71, 74, 75, 77, 80, 82, 84, 86, 91, 92, 93, 95" service=relay/api version=b4947ea-dev
time="2024-12-01T01:40:50Z" level=debug msg="Updating builder cache with 0 builders from database" service=relay/api version=b4947ea-dev
time="2024-12-01T01:40:50Z" level=info msg="payload attributes received for slot: 49" service=relay/api version=b4947ea-dev
time="2024-12-01T01:40:50Z" level=info msg="updated payload attributes" headSlot=48 payloadAttrParent=0xa257ca7c8193568b461367461844fcc8b79801d59e807464249d3cdccf9425e4 payloadAttrSlot=49 randao=0x89c64335965a33079461572de38d2b306347d4fb985ad29aed1ba25b69d9f99f service=relay/api timestamp=1733017252 version=b4947ea-dev withdrawalsRoot=0x792930bbd5baac43bcc798ee49aa8185ef76bb3b44ba62b91d86ae569e4bb535
time="2024-12-01T01:40:52Z" level=info msg="payload attributes received for slot: 50" service=relay/api version=b4947ea-dev
time="2024-12-01T01:40:52Z" level=info msg="updated payload attributes" headSlot=48 payloadAttrParent=0xa257ca7c8193568b461367461844fcc8b79801d59e807464249d3cdccf9425e4 payloadAttrSlot=50 randao=0x89c64335965a33079461572de38d2b306347d4fb985ad29aed1ba25b69d9f99f service=relay/api timestamp=1733017254 version=b4947ea-dev withdrawalsRoot=0x792930bbd5baac43bcc798ee49aa8185ef76bb3b44ba62b91d86ae569e4bb535
time="2024-12-01T01:40:52Z" level=debug msg="getHeader request received" headSlot=48 method=getHeader mevBoostV=v1.8.1 msIntoSlot=10 parentHash=0xa257ca7c8193568b461367461844fcc8b79801d59e807464249d3cdccf9425e4 pubkey=0x87231421a08ed28e7d357e2b37a26a458155c8d822d829344bd1029e5d175b5edfaa78f16f784f724a2caef124944c4f requestTimestamp=1733017252 service=relay/api slot=49 slotStartSec=1733017252 ua="mev-boost/v1.8.1 Lighthouse/v5.3.0-2e0eb6d" version=b4947ea-dev
time="2024-12-01T01:40:52Z" level=error msg="bid was empty, skipping PROF augmentation" error="<nil>" headSlot=48 method=getHeader mevBoostV=v1.8.1 msIntoSlot=10 parentHash=0xa257ca7c8193568b461367461844fcc8b79801d59e807464249d3cdccf9425e4 pubkey=0x87231421a08ed28e7d357e2b37a26a458155c8d822d829344bd1029e5d175b5edfaa78f16f784f724a2caef124944c4f requestTimestamp=1733017252 service=relay/api slot=49 slotStartSec=1733017252 ua="mev-boost/v1.8.1 Lighthouse/v5.3.0-2e0eb6d" version=b4947ea-dev
time="2024-12-01T01:40:52Z" level=info msg="http: GET /eth/v1/builder/header/49/0xa257ca7c8193568b461367461844fcc8b79801d59e807464249d3cdccf9425e4/0x87231421a08ed28e7d357e2b37a26a458155c8d822d829344bd1029e5d175b5edfaa78f16f784f724a2caef124944c4f 204" duration=0.000268 method=GET path=/eth/v1/builder/header/49/0xa257ca7c8193568b461367461844fcc8b79801d59e807464249d3cdccf9425e4/0x87231421a08ed28e7d357e2b37a26a458155c8d822d829344bd1029e5d175b5edfaa78f16f784f724a2caef124944c4f service=relay/api status=204 version=b4947ea-dev
time="2024-12-01T01:40:52Z" level=info msg="updated headSlot to 49" epoch=1 service=relay/api slotHead=49 slotStartNextEpoch=64 version=b4947ea-dev
time="2024-12-01T01:40:52Z" level=debug msg="RefreshKnownValidators init" datastoreMethod=RefreshKnownValidators headSlot=49 headSlotPos=18 lastUpdateSlot=35 service=relay/api version=b4947ea-dev
time="2024-12-01T01:40:52Z" level=debug msg="Updating builder cache with 0 builders from database" service=relay/api version=b4947ea-dev
time="2024-12-01T01:40:52Z" level=info msg="payload attributes received for slot: 50" service=relay/api version=b4947ea-dev
time="2024-12-01T01:40:52Z" level=info msg="updated payload attributes" headSlot=49 payloadAttrParent=0xea38e6d450d3bde09176704221bd1579e7040d81eb4bef5c4bb3b8eac8642446 payloadAttrSlot=50 randao=0xda0497053c5309987e5afd6600298e41bb947fffdcca328abaa0b57f7b6f729f service=relay/api timestamp=1733017254 version=b4947ea-dev withdrawalsRoot=0x792930bbd5baac43bcc798ee49aa8185ef76bb3b44ba62b91d86ae569e4bb535
time="2024-12-01T01:40:54Z" level=info msg="payload attributes received for slot: 51" service=relay/api version=b4947ea-dev
time="2024-12-01T01:40:54Z" level=info msg="updated payload attributes" headSlot=49 payloadAttrParent=0xea38e6d450d3bde09176704221bd1579e7040d81eb4bef5c4bb3b8eac8642446 payloadAttrSlot=51 randao=0xda0497053c5309987e5afd6600298e41bb947fffdcca328abaa0b57f7b6f729f service=relay/api timestamp=1733017256 version=b4947ea-dev withdrawalsRoot=0x792930bbd5baac43bcc798ee49aa8185ef76bb3b44ba62b91d86ae569e4bb535
time="2024-12-01T01:40:54Z" level=debug msg="getHeader request received" headSlot=49 method=getHeader mevBoostV=v1.8.1 msIntoSlot=9 parentHash=0xea38e6d450d3bde09176704221bd1579e7040d81eb4bef5c4bb3b8eac8642446 pubkey=0xa1d9840eda3036fbf63eeea40146e4548553e6e1b2a653ab349b376f31b367c40d71fb59ff8e94b91daa99c262ec8b52 requestTimestamp=1733017254 service=relay/api slot=50 slotStartSec=1733017254 ua="mev-boost/v1.8.1 Lighthouse/v5.3.0-2e0eb6d" version=b4947ea-dev
time="2024-12-01T01:40:54Z" level=error msg="bid was empty, skipping PROF augmentation" error="<nil>" headSlot=49 method=getHeader mevBoostV=v1.8.1 msIntoSlot=9 parentHash=0xea38e6d450d3bde09176704221bd1579e7040d81eb4bef5c4bb3b8eac8642446 pubkey=0xa1d9840eda3036fbf63eeea40146e4548553e6e1b2a653ab349b376f31b367c40d71fb59ff8e94b91daa99c262ec8b52 requestTimestamp=1733017254 service=relay/api slot=50 slotStartSec=1733017254 ua="mev-boost/v1.8.1 Lighthouse/v5.3.0-2e0eb6d" version=b4947ea-dev
time="2024-12-01T01:40:54Z" level=info msg="http: GET /eth/v1/builder/header/50/0xea38e6d450d3bde09176704221bd1579e7040d81eb4bef5c4bb3b8eac8642446/0xa1d9840eda3036fbf63eeea40146e4548553e6e1b2a653ab349b376f31b367c40d71fb59ff8e94b91daa99c262ec8b52 204" duration=0.000692 method=GET path=/eth/v1/builder/header/50/0xea38e6d450d3bde09176704221bd1579e7040d81eb4bef5c4bb3b8eac8642446/0xa1d9840eda3036fbf63eeea40146e4548553e6e1b2a653ab349b376f31b367c40d71fb59ff8e94b91daa99c262ec8b52 service=relay/api status=204 version=b4947ea-dev
time="2024-12-01T01:40:54Z" level=info msg="updated headSlot to 50" epoch=1 service=relay/api slotHead=50 slotStartNextEpoch=64 version=b4947ea-dev
time="2024-12-01T01:40:54Z" level=debug msg="RefreshKnownValidators init" datastoreMethod=RefreshKnownValidators headSlot=50 headSlotPos=19 lastUpdateSlot=35 service=relay/api version=b4947ea-dev
time="2024-12-01T01:40:54Z" level=debug msg="Updating builder cache with 0 builders from database" service=relay/api version=b4947ea-dev
time="2024-12-01T01:40:54Z" level=info msg="payload attributes received for slot: 51" service=relay/api version=b4947ea-dev
time="2024-12-01T01:40:54Z" level=info msg="updated payload attributes" headSlot=50 payloadAttrParent=0xc538c893bb3abb6e03917e2e02290b2e9a17c65aded1d6109ac84ae3e7b5f184 payloadAttrSlot=51 randao=0x64acb8f5bcd29a3788c8e39faf6ec6a33c7d11347ec4d4911136d01a7f3d8d73 service=relay/api timestamp=1733017256 version=b4947ea-dev withdrawalsRoot=0x792930bbd5baac43bcc798ee49aa8185ef76bb3b44ba62b91d86ae569e4bb535
time="2024-12-01T01:40:56Z" level=info msg="payload attributes received for slot: 52" service=relay/api version=b4947ea-dev
time="2024-12-01T01:40:56Z" level=info msg="updated payload attributes" headSlot=50 payloadAttrParent=0xc538c893bb3abb6e03917e2e02290b2e9a17c65aded1d6109ac84ae3e7b5f184 payloadAttrSlot=52 randao=0x64acb8f5bcd29a3788c8e39faf6ec6a33c7d11347ec4d4911136d01a7f3d8d73 service=relay/api timestamp=1733017258 version=b4947ea-dev withdrawalsRoot=0x792930bbd5baac43bcc798ee49aa8185ef76bb3b44ba62b91d86ae569e4bb535
time="2024-12-01T01:40:56Z" level=debug msg="getHeader request received" headSlot=50 method=getHeader mevBoostV=v1.8.1 msIntoSlot=6 parentHash=0xc538c893bb3abb6e03917e2e02290b2e9a17c65aded1d6109ac84ae3e7b5f184 pubkey=0xa35c6004f387430c3797ab0157af7b824c8fe106241c7cdeb897d900c0f9e4bb945ff2a6b88cbd10e35ec48aaa554ecb requestTimestamp=1733017256 service=relay/api slot=51 slotStartSec=1733017256 ua="mev-boost/v1.8.1 Lighthouse/v5.3.0-2e0eb6d" version=b4947ea-dev
time="2024-12-01T01:40:56Z" level=error msg="bid was empty, skipping PROF augmentation" error="<nil>" headSlot=50 method=getHeader mevBoostV=v1.8.1 msIntoSlot=6 parentHash=0xc538c893bb3abb6e03917e2e02290b2e9a17c65aded1d6109ac84ae3e7b5f184 pubkey=0xa35c6004f387430c3797ab0157af7b824c8fe106241c7cdeb897d900c0f9e4bb945ff2a6b88cbd10e35ec48aaa554ecb requestTimestamp=1733017256 service=relay/api slot=51 slotStartSec=1733017256 ua="mev-boost/v1.8.1 Lighthouse/v5.3.0-2e0eb6d" version=b4947ea-dev
time="2024-12-01T01:40:56Z" level=info msg="http: GET /eth/v1/builder/header/51/0xc538c893bb3abb6e03917e2e02290b2e9a17c65aded1d6109ac84ae3e7b5f184/0xa35c6004f387430c3797ab0157af7b824c8fe106241c7cdeb897d900c0f9e4bb945ff2a6b88cbd10e35ec48aaa554ecb 204" duration=0.000750 method=GET path=/eth/v1/builder/header/51/0xc538c893bb3abb6e03917e2e02290b2e9a17c65aded1d6109ac84ae3e7b5f184/0xa35c6004f387430c3797ab0157af7b824c8fe106241c7cdeb897d900c0f9e4bb945ff2a6b88cbd10e35ec48aaa554ecb service=relay/api status=204 version=b4947ea-dev
time="2024-12-01T01:40:56Z" level=info msg="updated headSlot to 51" epoch=1 service=relay/api slotHead=51 slotStartNextEpoch=64 version=b4947ea-dev
time="2024-12-01T01:40:56Z" level=debug msg="RefreshKnownValidators init" datastoreMethod=RefreshKnownValidators headSlot=51 headSlotPos=20 lastUpdateSlot=35 service=relay/api version=b4947ea-dev
time="2024-12-01T01:40:56Z" level=debug msg="Updating builder cache with 0 builders from database" service=relay/api version=b4947ea-dev
time="2024-12-01T01:40:56Z" level=info msg="payload attributes received for slot: 52" service=relay/api version=b4947ea-dev
time="2024-12-01T01:40:56Z" level=info msg="updated payload attributes" headSlot=51 payloadAttrParent=0xa0dfd15dadc99f2061feb274ce5216d62fb22d62dbbe2dbcde058608ea2f85e7 payloadAttrSlot=52 randao=0xd0f71ba07217266737b17f1dd147bd16031388ebfd03279d8c0586483a2fd768 service=relay/api timestamp=1733017258 version=b4947ea-dev withdrawalsRoot=0x792930bbd5baac43bcc798ee49aa8185ef76bb3b44ba62b91d86ae569e4bb535
time="2024-12-01T01:40:58Z" level=info msg="payload attributes received for slot: 53" service=relay/api version=b4947ea-dev
time="2024-12-01T01:40:58Z" level=info msg="updated payload attributes" headSlot=51 payloadAttrParent=0xa0dfd15dadc99f2061feb274ce5216d62fb22d62dbbe2dbcde058608ea2f85e7 payloadAttrSlot=53 randao=0xd0f71ba07217266737b17f1dd147bd16031388ebfd03279d8c0586483a2fd768 service=relay/api timestamp=1733017260 version=b4947ea-dev withdrawalsRoot=0x792930bbd5baac43bcc798ee49aa8185ef76bb3b44ba62b91d86ae569e4bb535
time="2024-12-01T01:40:58Z" level=debug msg="getHeader request received" headSlot=51 method=getHeader mevBoostV=v1.8.1 msIntoSlot=8 parentHash=0xa0dfd15dadc99f2061feb274ce5216d62fb22d62dbbe2dbcde058608ea2f85e7 pubkey=0xb97dbe4add8aefd96c575ae9de19d1ac590bb7d92f23a9e4e113f7271c2243cf689e7645879efbb546d58ec44f5263d6 requestTimestamp=1733017258 service=relay/api slot=52 slotStartSec=1733017258 ua="mev-boost/v1.8.1 Lighthouse/v5.3.0-2e0eb6d" version=b4947ea-dev
time="2024-12-01T01:40:58Z" level=error msg="bid was empty, skipping PROF augmentation" error="<nil>" headSlot=51 method=getHeader mevBoostV=v1.8.1 msIntoSlot=8 parentHash=0xa0dfd15dadc99f2061feb274ce5216d62fb22d62dbbe2dbcde058608ea2f85e7 pubkey=0xb97dbe4add8aefd96c575ae9de19d1ac590bb7d92f23a9e4e113f7271c2243cf689e7645879efbb546d58ec44f5263d6 requestTimestamp=1733017258 service=relay/api slot=52 slotStartSec=1733017258 ua="mev-boost/v1.8.1 Lighthouse/v5.3.0-2e0eb6d" version=b4947ea-dev
time="2024-12-01T01:40:58Z" level=info msg="http: GET /eth/v1/builder/header/52/0xa0dfd15dadc99f2061feb274ce5216d62fb22d62dbbe2dbcde058608ea2f85e7/0xb97dbe4add8aefd96c575ae9de19d1ac590bb7d92f23a9e4e113f7271c2243cf689e7645879efbb546d58ec44f5263d6 204" duration=0.002020 method=GET path=/eth/v1/builder/header/52/0xa0dfd15dadc99f2061feb274ce5216d62fb22d62dbbe2dbcde058608ea2f85e7/0xb97dbe4add8aefd96c575ae9de19d1ac590bb7d92f23a9e4e113f7271c2243cf689e7645879efbb546d58ec44f5263d6 service=relay/api status=204 version=b4947ea-dev
time="2024-12-01T01:40:58Z" level=info msg="updated headSlot to 52" epoch=1 service=relay/api slotHead=52 slotStartNextEpoch=64 version=b4947ea-dev
time="2024-12-01T01:40:58Z" level=debug msg="Updating builder cache with 0 builders from database" service=relay/api version=b4947ea-dev
time="2024-12-01T01:40:58Z" level=info msg="payload attributes received for slot: 53" service=relay/api version=b4947ea-dev
time="2024-12-01T01:40:58Z" level=info msg="updated payload attributes" headSlot=52 payloadAttrParent=0x48c7401fe2ab664bb4aa6c0813915797732c197e1cadbbcf89902e6006fc9051 payloadAttrSlot=53 randao=0x703664ce5427a926f6db1bb5e7d4fb4cbe4a9514d5de12014761dec9c33bad41 service=relay/api timestamp=1733017260 version=b4947ea-dev withdrawalsRoot=0x792930bbd5baac43bcc798ee49aa8185ef76bb3b44ba62b91d86ae569e4bb535
time="2024-12-01T01:41:00Z" level=info msg="payload attributes received for slot: 54" service=relay/api version=b4947ea-dev
time="2024-12-01T01:41:00Z" level=info msg="updated payload attributes" headSlot=52 payloadAttrParent=0x48c7401fe2ab664bb4aa6c0813915797732c197e1cadbbcf89902e6006fc9051 payloadAttrSlot=54 randao=0x703664ce5427a926f6db1bb5e7d4fb4cbe4a9514d5de12014761dec9c33bad41 service=relay/api timestamp=1733017262 version=b4947ea-dev withdrawalsRoot=0x792930bbd5baac43bcc798ee49aa8185ef76bb3b44ba62b91d86ae569e4bb535
time="2024-12-01T01:41:00Z" level=debug msg="getHeader request received" headSlot=52 method=getHeader mevBoostV=v1.8.1 msIntoSlot=10 parentHash=0x48c7401fe2ab664bb4aa6c0813915797732c197e1cadbbcf89902e6006fc9051 pubkey=0xa90dab71ad924fec01a579727736fd9a19a147bf57ef471255527b55a4702cfd54bb0300623c506823e723e7c30cf4dd requestTimestamp=1733017260 service=relay/api slot=53 slotStartSec=1733017260 ua="mev-boost/v1.8.1 Lighthouse/v5.3.0-2e0eb6d" version=b4947ea-dev
time="2024-12-01T01:41:00Z" level=error msg="bid was empty, skipping PROF augmentation" error="<nil>" headSlot=52 method=getHeader mevBoostV=v1.8.1 msIntoSlot=10 parentHash=0x48c7401fe2ab664bb4aa6c0813915797732c197e1cadbbcf89902e6006fc9051 pubkey=0xa90dab71ad924fec01a579727736fd9a19a147bf57ef471255527b55a4702cfd54bb0300623c506823e723e7c30cf4dd requestTimestamp=1733017260 service=relay/api slot=53 slotStartSec=1733017260 ua="mev-boost/v1.8.1 Lighthouse/v5.3.0-2e0eb6d" version=b4947ea-dev
time="2024-12-01T01:41:00Z" level=info msg="http: GET /eth/v1/builder/header/53/0x48c7401fe2ab664bb4aa6c0813915797732c197e1cadbbcf89902e6006fc9051/0xa90dab71ad924fec01a579727736fd9a19a147bf57ef471255527b55a4702cfd54bb0300623c506823e723e7c30cf4dd 204" duration=0.000325 method=GET path=/eth/v1/builder/header/53/0x48c7401fe2ab664bb4aa6c0813915797732c197e1cadbbcf89902e6006fc9051/0xa90dab71ad924fec01a579727736fd9a19a147bf57ef471255527b55a4702cfd54bb0300623c506823e723e7c30cf4dd service=relay/api status=204 version=b4947ea-dev
time="2024-12-01T01:41:00Z" level=info msg="updated headSlot to 53" epoch=1 service=relay/api slotHead=53 slotStartNextEpoch=64 version=b4947ea-dev
time="2024-12-01T01:41:00Z" level=debug msg="Updating builder cache with 0 builders from database" service=relay/api version=b4947ea-dev
time="2024-12-01T01:41:00Z" level=info msg="payload attributes received for slot: 54" service=relay/api version=b4947ea-dev
time="2024-12-01T01:41:00Z" level=info msg="updated payload attributes" headSlot=53 payloadAttrParent=0x5ccefeb8bd92b9311ae9d1ed85bb9111746d934374020ea719a82900ea914a61 payloadAttrSlot=54 randao=0x9841ce29630ceb32c2294fc71ec5b7df62303f0112ebd62b166e1fd994c13750 service=relay/api timestamp=1733017262 version=b4947ea-dev withdrawalsRoot=0x792930bbd5baac43bcc798ee49aa8185ef76bb3b44ba62b91d86ae569e4bb535
time="2024-12-01T01:41:02Z" level=info msg="payload attributes received for slot: 55" service=relay/api version=b4947ea-dev
time="2024-12-01T01:41:02Z" level=info msg="updated payload attributes" headSlot=53 payloadAttrParent=0x5ccefeb8bd92b9311ae9d1ed85bb9111746d934374020ea719a82900ea914a61 payloadAttrSlot=55 randao=0x9841ce29630ceb32c2294fc71ec5b7df62303f0112ebd62b166e1fd994c13750 service=relay/api timestamp=1733017264 version=b4947ea-dev withdrawalsRoot=0x792930bbd5baac43bcc798ee49aa8185ef76bb3b44ba62b91d86ae569e4bb535
time="2024-12-01T01:41:02Z" level=debug msg="getHeader request received" headSlot=53 method=getHeader mevBoostV=v1.8.1 msIntoSlot=8 parentHash=0x5ccefeb8bd92b9311ae9d1ed85bb9111746d934374020ea719a82900ea914a61 pubkey=0xabd3280a86fbb8d736717d8bd950920873ff7bb8a68ac4d7c339bb3c783c6f4e6e29912f6a3528e04b13aef57d4290a1 requestTimestamp=1733017262 service=relay/api slot=54 slotStartSec=1733017262 ua="mev-boost/v1.8.1 Lighthouse/v5.3.0-2e0eb6d" version=b4947ea-dev
time="2024-12-01T01:41:02Z" level=error msg="bid was empty, skipping PROF augmentation" error="<nil>" headSlot=53 method=getHeader mevBoostV=v1.8.1 msIntoSlot=8 parentHash=0x5ccefeb8bd92b9311ae9d1ed85bb9111746d934374020ea719a82900ea914a61 pubkey=0xabd3280a86fbb8d736717d8bd950920873ff7bb8a68ac4d7c339bb3c783c6f4e6e29912f6a3528e04b13aef57d4290a1 requestTimestamp=1733017262 service=relay/api slot=54 slotStartSec=1733017262 ua="mev-boost/v1.8.1 Lighthouse/v5.3.0-2e0eb6d" version=b4947ea-dev
time="2024-12-01T01:41:02Z" level=info msg="http: GET /eth/v1/builder/header/54/0x5ccefeb8bd92b9311ae9d1ed85bb9111746d934374020ea719a82900ea914a61/0xabd3280a86fbb8d736717d8bd950920873ff7bb8a68ac4d7c339bb3c783c6f4e6e29912f6a3528e04b13aef57d4290a1 204" duration=0.000319 method=GET path=/eth/v1/builder/header/54/0x5ccefeb8bd92b9311ae9d1ed85bb9111746d934374020ea719a82900ea914a61/0xabd3280a86fbb8d736717d8bd950920873ff7bb8a68ac4d7c339bb3c783c6f4e6e29912f6a3528e04b13aef57d4290a1 service=relay/api status=204 version=b4947ea-dev
time="2024-12-01T01:41:02Z" level=info msg="Querying validators from beacon node... (this may take a while)" datastoreMethod=RefreshKnownValidators headSlot=51 headSlotPos=20 lastUpdateSlot=35 service=relay/api version=b4947ea-dev
time="2024-12-01T01:41:02Z" level=debug msg="fetching validators" component=beaconClient service=relay/api uri="http://172.16.4.16:4000" version=b4947ea-dev
time="2024-12-01T01:41:02Z" level=info msg="updated headSlot to 54" epoch=1 service=relay/api slotHead=54 slotStartNextEpoch=64 version=b4947ea-dev
time="2024-12-01T01:41:02Z" level=debug msg="Updating builder cache with 0 builders from database" service=relay/api version=b4947ea-dev
time="2024-12-01T01:41:02Z" level=info msg="payload attributes received for slot: 55" service=relay/api version=b4947ea-dev
time="2024-12-01T01:41:02Z" level=info msg="updated payload attributes" headSlot=54 payloadAttrParent=0x9d71d9f7290311c019d706f3b8d5f59d7a72e5530040716ca0334830669b2413 payloadAttrSlot=55 randao=0x32dabb96dfe184396d92cfd30c06b9db39292f82a51ba2601d3abfe282d62f59 service=relay/api timestamp=1733017264 version=b4947ea-dev withdrawalsRoot=0x792930bbd5baac43bcc798ee49aa8185ef76bb3b44ba62b91d86ae569e4bb535
time="2024-12-01T01:41:02Z" level=info msg="received known validators from beacon-node" datastoreMethod=RefreshKnownValidators durationFetchValidatorsMs=56 headSlot=51 headSlotPos=20 lastUpdateSlot=35 numKnownValidators=128 service=relay/api version=b4947ea-dev
time="2024-12-01T01:41:02Z" level=info msg="known validators updated" datastoreMethod=RefreshKnownValidators durationFetchValidatorsMs=56 headSlot=51 headSlotPos=20 lastUpdateSlot=35 numKnownValidators=128 service=relay/api version=b4947ea-dev
time="2024-12-01T01:41:04Z" level=info msg="payload attributes received for slot: 56" service=relay/api version=b4947ea-dev
time="2024-12-01T01:41:04Z" level=info msg="updated payload attributes" headSlot=54 payloadAttrParent=0x9d71d9f7290311c019d706f3b8d5f59d7a72e5530040716ca0334830669b2413 payloadAttrSlot=56 randao=0x32dabb96dfe184396d92cfd30c06b9db39292f82a51ba2601d3abfe282d62f59 service=relay/api timestamp=1733017266 version=b4947ea-dev withdrawalsRoot=0x792930bbd5baac43bcc798ee49aa8185ef76bb3b44ba62b91d86ae569e4bb535
time="2024-12-01T01:41:04Z" level=debug msg="getHeader request received" headSlot=54 method=getHeader mevBoostV=v1.8.1 msIntoSlot=3 parentHash=0x9d71d9f7290311c019d706f3b8d5f59d7a72e5530040716ca0334830669b2413 pubkey=0xa11c83b69a43111201fe36f54212afe6f12cd3a8ad551b586061901775a8205b816cc8638956c57a339228d61b520aa7 requestTimestamp=1733017264 service=relay/api slot=55 slotStartSec=1733017264 ua="mev-boost/v1.8.1 Lighthouse/v5.3.0-2e0eb6d" version=b4947ea-dev
time="2024-12-01T01:41:04Z" level=error msg="bid was empty, skipping PROF augmentation" error="<nil>" headSlot=54 method=getHeader mevBoostV=v1.8.1 msIntoSlot=3 parentHash=0x9d71d9f7290311c019d706f3b8d5f59d7a72e5530040716ca0334830669b2413 pubkey=0xa11c83b69a43111201fe36f54212afe6f12cd3a8ad551b586061901775a8205b816cc8638956c57a339228d61b520aa7 requestTimestamp=1733017264 service=relay/api slot=55 slotStartSec=1733017264 ua="mev-boost/v1.8.1 Lighthouse/v5.3.0-2e0eb6d" version=b4947ea-dev
time="2024-12-01T01:41:04Z" level=info msg="http: GET /eth/v1/builder/header/55/0x9d71d9f7290311c019d706f3b8d5f59d7a72e5530040716ca0334830669b2413/0xa11c83b69a43111201fe36f54212afe6f12cd3a8ad551b586061901775a8205b816cc8638956c57a339228d61b520aa7 204" duration=0.000248 method=GET path=/eth/v1/builder/header/55/0x9d71d9f7290311c019d706f3b8d5f59d7a72e5530040716ca0334830669b2413/0xa11c83b69a43111201fe36f54212afe6f12cd3a8ad551b586061901775a8205b816cc8638956c57a339228d61b520aa7 service=relay/api status=204 version=b4947ea-dev
time="2024-12-01T01:41:04Z" level=info msg="updated headSlot to 55" epoch=1 service=relay/api slotHead=55 slotStartNextEpoch=64 version=b4947ea-dev
time="2024-12-01T01:41:04Z" level=debug msg="Updating builder cache with 0 builders from database" service=relay/api version=b4947ea-dev
time="2024-12-01T01:41:04Z" level=info msg="payload attributes received for slot: 56" service=relay/api version=b4947ea-dev
time="2024-12-01T01:41:04Z" level=info msg="updated payload attributes" headSlot=55 payloadAttrParent=0x3fb6aa57bc3b835b18c32607baaad202061455139e23f9ef789f1c486d98fd41 payloadAttrSlot=56 randao=0xbe682cf0b96a9ac888d070b1d5b14dbb1f7983ca9b584dc2f6d08035981d1969 service=relay/api timestamp=1733017266 version=b4947ea-dev withdrawalsRoot=0x792930bbd5baac43bcc798ee49aa8185ef76bb3b44ba62b91d86ae569e4bb535
time="2024-12-01T01:41:06Z" level=info msg="payload attributes received for slot: 57" service=relay/api version=b4947ea-dev
time="2024-12-01T01:41:06Z" level=info msg="updated payload attributes" headSlot=55 payloadAttrParent=0x3fb6aa57bc3b835b18c32607baaad202061455139e23f9ef789f1c486d98fd41 payloadAttrSlot=57 randao=0xbe682cf0b96a9ac888d070b1d5b14dbb1f7983ca9b584dc2f6d08035981d1969 service=relay/api timestamp=1733017268 version=b4947ea-dev withdrawalsRoot=0x792930bbd5baac43bcc798ee49aa8185ef76bb3b44ba62b91d86ae569e4bb535
time="2024-12-01T01:41:06Z" level=debug msg="getHeader request received" headSlot=55 method=getHeader mevBoostV=v1.8.1 msIntoSlot=9 parentHash=0x3fb6aa57bc3b835b18c32607baaad202061455139e23f9ef789f1c486d98fd41 pubkey=0xb26fae53e4f7d2088de3fd67ce06fde88a84a7963af20ff8901613bd8be30e9660b244e5e0bbcc39c940c814f6f3f318 requestTimestamp=1733017266 service=relay/api slot=56 slotStartSec=1733017266 ua="mev-boost/v1.8.1 Lighthouse/v5.3.0-2e0eb6d" version=b4947ea-dev
time="2024-12-01T01:41:06Z" level=error msg="bid was empty, skipping PROF augmentation" error="<nil>" headSlot=55 method=getHeader mevBoostV=v1.8.1 msIntoSlot=9 parentHash=0x3fb6aa57bc3b835b18c32607baaad202061455139e23f9ef789f1c486d98fd41 pubkey=0xb26fae53e4f7d2088de3fd67ce06fde88a84a7963af20ff8901613bd8be30e9660b244e5e0bbcc39c940c814f6f3f318 requestTimestamp=1733017266 service=relay/api slot=56 slotStartSec=1733017266 ua="mev-boost/v1.8.1 Lighthouse/v5.3.0-2e0eb6d" version=b4947ea-dev
time="2024-12-01T01:41:06Z" level=info msg="http: GET /eth/v1/builder/header/56/0x3fb6aa57bc3b835b18c32607baaad202061455139e23f9ef789f1c486d98fd41/0xb26fae53e4f7d2088de3fd67ce06fde88a84a7963af20ff8901613bd8be30e9660b244e5e0bbcc39c940c814f6f3f318 204" duration=0.000696 method=GET path=/eth/v1/builder/header/56/0x3fb6aa57bc3b835b18c32607baaad202061455139e23f9ef789f1c486d98fd41/0xb26fae53e4f7d2088de3fd67ce06fde88a84a7963af20ff8901613bd8be30e9660b244e5e0bbcc39c940c814f6f3f318 service=relay/api status=204 version=b4947ea-dev
time="2024-12-01T01:41:06Z" level=info msg="updated headSlot to 56" epoch=1 service=relay/api slotHead=56 slotStartNextEpoch=64 version=b4947ea-dev
time="2024-12-01T01:41:06Z" level=debug msg="Updating builder cache with 0 builders from database" service=relay/api version=b4947ea-dev
time="2024-12-01T01:41:06Z" level=info msg="proposer duties updated: 32, 33, 34, 35, 36, 37, 38, 39, 40, 41, 42, 43, 44, 45, 46, 47, 48, 49, 50, 51, 52, 53, 54, 55, 56, 57, 58, 59, 60, 61, 62, 63, 64, 65, 66, 67, 68, 69, 70, 71, 72, 73, 74, 75, 76, 77, 78, 79, 80, 81, 82, 83, 84, 85, 86, 87, 88, 89, 90, 91, 92, 93, 94, 95" service=relay/api version=b4947ea-dev
time="2024-12-01T01:41:06Z" level=info msg="payload attributes received for slot: 57" service=relay/api version=b4947ea-dev
time="2024-12-01T01:41:06Z" level=info msg="updated payload attributes" headSlot=56 payloadAttrParent=0x911f084856102e9178e543f74dedbc0cfd569a9981dab3ee8da9b58cfec571bd payloadAttrSlot=57 randao=0xf8244df99592a757d34dbfd9642e1867b8e53d4e99b9c9c254069a36859b7e73 service=relay/api timestamp=1733017268 version=b4947ea-dev withdrawalsRoot=0x792930bbd5baac43bcc798ee49aa8185ef76bb3b44ba62b91d86ae569e4bb535
time="2024-12-01T01:41:08Z" level=info msg="payload attributes received for slot: 58" service=relay/api version=b4947ea-dev
time="2024-12-01T01:41:08Z" level=info msg="updated payload attributes" headSlot=56 payloadAttrParent=0x911f084856102e9178e543f74dedbc0cfd569a9981dab3ee8da9b58cfec571bd payloadAttrSlot=58 randao=0xf8244df99592a757d34dbfd9642e1867b8e53d4e99b9c9c254069a36859b7e73 service=relay/api timestamp=1733017270 version=b4947ea-dev withdrawalsRoot=0x792930bbd5baac43bcc798ee49aa8185ef76bb3b44ba62b91d86ae569e4bb535
time="2024-12-01T01:41:08Z" level=debug msg="getHeader request received" headSlot=56 method=getHeader mevBoostV=v1.8.1 msIntoSlot=7 parentHash=0x911f084856102e9178e543f74dedbc0cfd569a9981dab3ee8da9b58cfec571bd pubkey=0x99d83a0ba33161d8c6bbe80929fd9046d4dfdac43477ff85fea5bae925e6c179ad28eb338375ee2417acbd6576ee670a requestTimestamp=1733017268 service=relay/api slot=57 slotStartSec=1733017268 ua="mev-boost/v1.8.1 Lighthouse/v5.3.0-2e0eb6d" version=b4947ea-dev
time="2024-12-01T01:41:08Z" level=error msg="bid was empty, skipping PROF augmentation" error="<nil>" headSlot=56 method=getHeader mevBoostV=v1.8.1 msIntoSlot=7 parentHash=0x911f084856102e9178e543f74dedbc0cfd569a9981dab3ee8da9b58cfec571bd pubkey=0x99d83a0ba33161d8c6bbe80929fd9046d4dfdac43477ff85fea5bae925e6c179ad28eb338375ee2417acbd6576ee670a requestTimestamp=1733017268 service=relay/api slot=57 slotStartSec=1733017268 ua="mev-boost/v1.8.1 Lighthouse/v5.3.0-2e0eb6d" version=b4947ea-dev
time="2024-12-01T01:41:08Z" level=info msg="http: GET /eth/v1/builder/header/57/0x911f084856102e9178e543f74dedbc0cfd569a9981dab3ee8da9b58cfec571bd/0x99d83a0ba33161d8c6bbe80929fd9046d4dfdac43477ff85fea5bae925e6c179ad28eb338375ee2417acbd6576ee670a 204" duration=0.000830 method=GET path=/eth/v1/builder/header/57/0x911f084856102e9178e543f74dedbc0cfd569a9981dab3ee8da9b58cfec571bd/0x99d83a0ba33161d8c6bbe80929fd9046d4dfdac43477ff85fea5bae925e6c179ad28eb338375ee2417acbd6576ee670a service=relay/api status=204 version=b4947ea-dev
time="2024-12-01T01:41:08Z" level=info msg="updated headSlot to 57" epoch=1 service=relay/api slotHead=57 slotStartNextEpoch=64 version=b4947ea-dev
time="2024-12-01T01:41:08Z" level=debug msg="RefreshKnownValidators init" datastoreMethod=RefreshKnownValidators headSlot=57 headSlotPos=26 lastUpdateSlot=51 service=relay/api version=b4947ea-dev
time="2024-12-01T01:41:08Z" level=debug msg="Updating builder cache with 0 builders from database" service=relay/api version=b4947ea-dev
time="2024-12-01T01:41:08Z" level=info msg="payload attributes received for slot: 58" service=relay/api version=b4947ea-dev
time="2024-12-01T01:41:08Z" level=info msg="updated payload attributes" headSlot=57 payloadAttrParent=0x3c6007f6528aa7dbfce6061d017d6d5d1de86291ad0b60f5e643f99e6a7d0400 payloadAttrSlot=58 randao=0x24c9fe954508d9bf76dabac3398fc439569427aaa28ac35143f16432786ed021 service=relay/api timestamp=1733017270 version=b4947ea-dev withdrawalsRoot=0x792930bbd5baac43bcc798ee49aa8185ef76bb3b44ba62b91d86ae569e4bb535
time="2024-12-01T01:41:10Z" level=info msg="payload attributes received for slot: 59" service=relay/api version=b4947ea-dev
time="2024-12-01T01:41:10Z" level=info msg="updated payload attributes" headSlot=57 payloadAttrParent=0x3c6007f6528aa7dbfce6061d017d6d5d1de86291ad0b60f5e643f99e6a7d0400 payloadAttrSlot=59 randao=0x24c9fe954508d9bf76dabac3398fc439569427aaa28ac35143f16432786ed021 service=relay/api timestamp=1733017272 version=b4947ea-dev withdrawalsRoot=0x792930bbd5baac43bcc798ee49aa8185ef76bb3b44ba62b91d86ae569e4bb535
time="2024-12-01T01:41:10Z" level=debug msg="getHeader request received" headSlot=57 method=getHeader mevBoostV=v1.8.1 msIntoSlot=4 parentHash=0x3c6007f6528aa7dbfce6061d017d6d5d1de86291ad0b60f5e643f99e6a7d0400 pubkey=0xae940a07850cf904b44f31cbf0e44824bae5ec36dcfdb7fad858f2a39dba38de82ca12b0ae939a34fce7a02e4b9789f8 requestTimestamp=1733017270 service=relay/api slot=58 slotStartSec=1733017270 ua="mev-boost/v1.8.1 Lighthouse/v5.3.0-2e0eb6d" version=b4947ea-dev
time="2024-12-01T01:41:10Z" level=error msg="bid was empty, skipping PROF augmentation" error="<nil>" headSlot=57 method=getHeader mevBoostV=v1.8.1 msIntoSlot=4 parentHash=0x3c6007f6528aa7dbfce6061d017d6d5d1de86291ad0b60f5e643f99e6a7d0400 pubkey=0xae940a07850cf904b44f31cbf0e44824bae5ec36dcfdb7fad858f2a39dba38de82ca12b0ae939a34fce7a02e4b9789f8 requestTimestamp=1733017270 service=relay/api slot=58 slotStartSec=1733017270 ua="mev-boost/v1.8.1 Lighthouse/v5.3.0-2e0eb6d" version=b4947ea-dev
time="2024-12-01T01:41:10Z" level=info msg="http: GET /eth/v1/builder/header/58/0x3c6007f6528aa7dbfce6061d017d6d5d1de86291ad0b60f5e643f99e6a7d0400/0xae940a07850cf904b44f31cbf0e44824bae5ec36dcfdb7fad858f2a39dba38de82ca12b0ae939a34fce7a02e4b9789f8 204" duration=0.000336 method=GET path=/eth/v1/builder/header/58/0x3c6007f6528aa7dbfce6061d017d6d5d1de86291ad0b60f5e643f99e6a7d0400/0xae940a07850cf904b44f31cbf0e44824bae5ec36dcfdb7fad858f2a39dba38de82ca12b0ae939a34fce7a02e4b9789f8 service=relay/api status=204 version=b4947ea-dev
time="2024-12-01T01:41:10Z" level=info msg="updated headSlot to 58" epoch=1 service=relay/api slotHead=58 slotStartNextEpoch=64 version=b4947ea-dev
time="2024-12-01T01:41:10Z" level=debug msg="RefreshKnownValidators init" datastoreMethod=RefreshKnownValidators headSlot=58 headSlotPos=27 lastUpdateSlot=51 service=relay/api version=b4947ea-dev
time="2024-12-01T01:41:10Z" level=debug msg="Updating builder cache with 0 builders from database" service=relay/api version=b4947ea-dev
time="2024-12-01T01:41:10Z" level=info msg="payload attributes received for slot: 59" service=relay/api version=b4947ea-dev
time="2024-12-01T01:41:10Z" level=info msg="updated payload attributes" headSlot=58 payloadAttrParent=0x88c00c238aa7054f58f89bbdd6f357bc72adc322b8e6f3884c38607b921199c0 payloadAttrSlot=59 randao=0xaf1ca658848b0a6d9079e24aa933e6be5bd7cda7b0ab724bb6f9582b6b0df36f service=relay/api timestamp=1733017272 version=b4947ea-dev withdrawalsRoot=0x792930bbd5baac43bcc798ee49aa8185ef76bb3b44ba62b91d86ae569e4bb535
time="2024-12-01T01:41:12Z" level=info msg="payload attributes received for slot: 60" service=relay/api version=b4947ea-dev
time="2024-12-01T01:41:12Z" level=info msg="updated payload attributes" headSlot=58 payloadAttrParent=0x88c00c238aa7054f58f89bbdd6f357bc72adc322b8e6f3884c38607b921199c0 payloadAttrSlot=60 randao=0xaf1ca658848b0a6d9079e24aa933e6be5bd7cda7b0ab724bb6f9582b6b0df36f service=relay/api timestamp=1733017274 version=b4947ea-dev withdrawalsRoot=0x792930bbd5baac43bcc798ee49aa8185ef76bb3b44ba62b91d86ae569e4bb535
time="2024-12-01T01:41:12Z" level=debug msg="getHeader request received" headSlot=58 method=getHeader mevBoostV=v1.8.1 msIntoSlot=3 parentHash=0x88c00c238aa7054f58f89bbdd6f357bc72adc322b8e6f3884c38607b921199c0 pubkey=0xb320e188ef282109ba8dc3d2573f9edc33831c1025a29844c86e7fc60a25627e507964725ec8dbeccfcbaa12e7fb5e1a requestTimestamp=1733017272 service=relay/api slot=59 slotStartSec=1733017272 ua="mev-boost/v1.8.1 Lighthouse/v5.3.0-2e0eb6d" version=b4947ea-dev
time="2024-12-01T01:41:12Z" level=error msg="bid was empty, skipping PROF augmentation" error="<nil>" headSlot=58 method=getHeader mevBoostV=v1.8.1 msIntoSlot=3 parentHash=0x88c00c238aa7054f58f89bbdd6f357bc72adc322b8e6f3884c38607b921199c0 pubkey=0xb320e188ef282109ba8dc3d2573f9edc33831c1025a29844c86e7fc60a25627e507964725ec8dbeccfcbaa12e7fb5e1a requestTimestamp=1733017272 service=relay/api slot=59 slotStartSec=1733017272 ua="mev-boost/v1.8.1 Lighthouse/v5.3.0-2e0eb6d" version=b4947ea-dev
time="2024-12-01T01:41:12Z" level=info msg="http: GET /eth/v1/builder/header/59/0x88c00c238aa7054f58f89bbdd6f357bc72adc322b8e6f3884c38607b921199c0/0xb320e188ef282109ba8dc3d2573f9edc33831c1025a29844c86e7fc60a25627e507964725ec8dbeccfcbaa12e7fb5e1a 204" duration=0.000406 method=GET path=/eth/v1/builder/header/59/0x88c00c238aa7054f58f89bbdd6f357bc72adc322b8e6f3884c38607b921199c0/0xb320e188ef282109ba8dc3d2573f9edc33831c1025a29844c86e7fc60a25627e507964725ec8dbeccfcbaa12e7fb5e1a service=relay/api status=204 version=b4947ea-dev
time="2024-12-01T01:41:12Z" level=info msg="updated headSlot to 59" epoch=1 service=relay/api slotHead=59 slotStartNextEpoch=64 version=b4947ea-dev
time="2024-12-01T01:41:12Z" level=debug msg="RefreshKnownValidators init" datastoreMethod=RefreshKnownValidators headSlot=59 headSlotPos=28 lastUpdateSlot=51 service=relay/api version=b4947ea-dev
time="2024-12-01T01:41:12Z" level=debug msg="Updating builder cache with 0 builders from database" service=relay/api version=b4947ea-dev
time="2024-12-01T01:41:12Z" level=info msg="payload attributes received for slot: 60" service=relay/api version=b4947ea-dev
time="2024-12-01T01:41:12Z" level=info msg="updated payload attributes" headSlot=59 payloadAttrParent=0x6b409f98019897a91cb7a2f5a25d658e5cd8ff79861623d6a7a260d1355694ba payloadAttrSlot=60 randao=0x07543dfcba9ff14714698f073d6ba4a0daa1c2a340cb869abf89a6c2b1336e04 service=relay/api timestamp=1733017274 version=b4947ea-dev withdrawalsRoot=0x792930bbd5baac43bcc798ee49aa8185ef76bb3b44ba62b91d86ae569e4bb535
time="2024-12-01T01:41:14Z" level=info msg="payload attributes received for slot: 61" service=relay/api version=b4947ea-dev
time="2024-12-01T01:41:14Z" level=info msg="updated payload attributes" headSlot=59 payloadAttrParent=0x6b409f98019897a91cb7a2f5a25d658e5cd8ff79861623d6a7a260d1355694ba payloadAttrSlot=61 randao=0x07543dfcba9ff14714698f073d6ba4a0daa1c2a340cb869abf89a6c2b1336e04 service=relay/api timestamp=1733017276 version=b4947ea-dev withdrawalsRoot=0x792930bbd5baac43bcc798ee49aa8185ef76bb3b44ba62b91d86ae569e4bb535
time="2024-12-01T01:41:14Z" level=debug msg="getHeader request received" headSlot=59 method=getHeader mevBoostV=v1.8.1 msIntoSlot=3 parentHash=0x6b409f98019897a91cb7a2f5a25d658e5cd8ff79861623d6a7a260d1355694ba pubkey=0x91da49dbfb1a4a339ee8e1b902bf18302c3ca948da1dacfecfe9934d231013544dbd97689c2996f22b456f7e408a138c requestTimestamp=1733017274 service=relay/api slot=60 slotStartSec=1733017274 ua="mev-boost/v1.8.1 Lighthouse/v5.3.0-2e0eb6d" version=b4947ea-dev
time="2024-12-01T01:41:14Z" level=error msg="bid was empty, skipping PROF augmentation" error="<nil>" headSlot=59 method=getHeader mevBoostV=v1.8.1 msIntoSlot=3 parentHash=0x6b409f98019897a91cb7a2f5a25d658e5cd8ff79861623d6a7a260d1355694ba pubkey=0x91da49dbfb1a4a339ee8e1b902bf18302c3ca948da1dacfecfe9934d231013544dbd97689c2996f22b456f7e408a138c requestTimestamp=1733017274 service=relay/api slot=60 slotStartSec=1733017274 ua="mev-boost/v1.8.1 Lighthouse/v5.3.0-2e0eb6d" version=b4947ea-dev
time="2024-12-01T01:41:14Z" level=info msg="http: GET /eth/v1/builder/header/60/0x6b409f98019897a91cb7a2f5a25d658e5cd8ff79861623d6a7a260d1355694ba/0x91da49dbfb1a4a339ee8e1b902bf18302c3ca948da1dacfecfe9934d231013544dbd97689c2996f22b456f7e408a138c 204" duration=0.000737 method=GET path=/eth/v1/builder/header/60/0x6b409f98019897a91cb7a2f5a25d658e5cd8ff79861623d6a7a260d1355694ba/0x91da49dbfb1a4a339ee8e1b902bf18302c3ca948da1dacfecfe9934d231013544dbd97689c2996f22b456f7e408a138c service=relay/api status=204 version=b4947ea-dev
time="2024-12-01T01:41:14Z" level=info msg="updated headSlot to 60" epoch=1 service=relay/api slotHead=60 slotStartNextEpoch=64 version=b4947ea-dev
time="2024-12-01T01:41:14Z" level=debug msg="RefreshKnownValidators init" datastoreMethod=RefreshKnownValidators headSlot=60 headSlotPos=29 lastUpdateSlot=51 service=relay/api version=b4947ea-dev
time="2024-12-01T01:41:14Z" level=debug msg="Updating builder cache with 0 builders from database" service=relay/api version=b4947ea-dev
time="2024-12-01T01:41:14Z" level=info msg="payload attributes received for slot: 61" service=relay/api version=b4947ea-dev
time="2024-12-01T01:41:14Z" level=info msg="updated payload attributes" headSlot=60 payloadAttrParent=0x49569ad2307a7b397b056b4a97ae78aa8f71b272a943e8980090ce41e860ff08 payloadAttrSlot=61 randao=0x994399cc125a0786785dfe0337c9a2c12f69e7289456856d44ca87c477c7439f service=relay/api timestamp=1733017276 version=b4947ea-dev withdrawalsRoot=0x792930bbd5baac43bcc798ee49aa8185ef76bb3b44ba62b91d86ae569e4bb535
time="2024-12-01T01:41:16Z" level=info msg="payload attributes received for slot: 62" service=relay/api version=b4947ea-dev
time="2024-12-01T01:41:16Z" level=info msg="updated payload attributes" headSlot=60 payloadAttrParent=0x49569ad2307a7b397b056b4a97ae78aa8f71b272a943e8980090ce41e860ff08 payloadAttrSlot=62 randao=0x994399cc125a0786785dfe0337c9a2c12f69e7289456856d44ca87c477c7439f service=relay/api timestamp=1733017278 version=b4947ea-dev withdrawalsRoot=0x792930bbd5baac43bcc798ee49aa8185ef76bb3b44ba62b91d86ae569e4bb535
time="2024-12-01T01:41:16Z" level=debug msg="getHeader request received" headSlot=60 method=getHeader mevBoostV=v1.8.1 msIntoSlot=4 parentHash=0x49569ad2307a7b397b056b4a97ae78aa8f71b272a943e8980090ce41e860ff08 pubkey=0x8de5a6200cebb09b2198e69fed84bcd512ec5cf317c5f1ee99aad03d2a9a8564bf3807c08da2664222268d59c34a06e4 requestTimestamp=1733017276 service=relay/api slot=61 slotStartSec=1733017276 ua="mev-boost/v1.8.1 Lighthouse/v5.3.0-2e0eb6d" version=b4947ea-dev
time="2024-12-01T01:41:16Z" level=error msg="bid was empty, skipping PROF augmentation" error="<nil>" headSlot=60 method=getHeader mevBoostV=v1.8.1 msIntoSlot=4 parentHash=0x49569ad2307a7b397b056b4a97ae78aa8f71b272a943e8980090ce41e860ff08 pubkey=0x8de5a6200cebb09b2198e69fed84bcd512ec5cf317c5f1ee99aad03d2a9a8564bf3807c08da2664222268d59c34a06e4 requestTimestamp=1733017276 service=relay/api slot=61 slotStartSec=1733017276 ua="mev-boost/v1.8.1 Lighthouse/v5.3.0-2e0eb6d" version=b4947ea-dev
time="2024-12-01T01:41:16Z" level=info msg="http: GET /eth/v1/builder/header/61/0x49569ad2307a7b397b056b4a97ae78aa8f71b272a943e8980090ce41e860ff08/0x8de5a6200cebb09b2198e69fed84bcd512ec5cf317c5f1ee99aad03d2a9a8564bf3807c08da2664222268d59c34a06e4 204" duration=0.000345 method=GET path=/eth/v1/builder/header/61/0x49569ad2307a7b397b056b4a97ae78aa8f71b272a943e8980090ce41e860ff08/0x8de5a6200cebb09b2198e69fed84bcd512ec5cf317c5f1ee99aad03d2a9a8564bf3807c08da2664222268d59c34a06e4 service=relay/api status=204 version=b4947ea-dev
time="2024-12-01T01:41:16Z" level=info msg="updated headSlot to 61" epoch=1 service=relay/api slotHead=61 slotStartNextEpoch=64 version=b4947ea-dev
time="2024-12-01T01:41:16Z" level=debug msg="RefreshKnownValidators init" datastoreMethod=RefreshKnownValidators headSlot=61 headSlotPos=30 lastUpdateSlot=51 service=relay/api version=b4947ea-dev
time="2024-12-01T01:41:16Z" level=debug msg="Updating builder cache with 0 builders from database" service=relay/api version=b4947ea-dev
time="2024-12-01T01:41:16Z" level=info msg="payload attributes received for slot: 62" service=relay/api version=b4947ea-dev
time="2024-12-01T01:41:16Z" level=info msg="updated payload attributes" headSlot=61 payloadAttrParent=0x85e07d6d6709276c2f957fe9488279c8bbb3da1281567d24906957316047c051 payloadAttrSlot=62 randao=0x50afbf51379fb85a1ad3debb1dfa052c1325a6495dc40b38ea5383b959513645 service=relay/api timestamp=1733017278 version=b4947ea-dev withdrawalsRoot=0x792930bbd5baac43bcc798ee49aa8185ef76bb3b44ba62b91d86ae569e4bb535
time="2024-12-01T01:41:18Z" level=info msg="payload attributes received for slot: 63" service=relay/api version=b4947ea-dev
time="2024-12-01T01:41:18Z" level=info msg="updated payload attributes" headSlot=61 payloadAttrParent=0x85e07d6d6709276c2f957fe9488279c8bbb3da1281567d24906957316047c051 payloadAttrSlot=63 randao=0x50afbf51379fb85a1ad3debb1dfa052c1325a6495dc40b38ea5383b959513645 service=relay/api timestamp=1733017280 version=b4947ea-dev withdrawalsRoot=0x792930bbd5baac43bcc798ee49aa8185ef76bb3b44ba62b91d86ae569e4bb535
time="2024-12-01T01:41:18Z" level=debug msg="getHeader request received" headSlot=61 method=getHeader mevBoostV=v1.8.1 msIntoSlot=4 parentHash=0x85e07d6d6709276c2f957fe9488279c8bbb3da1281567d24906957316047c051 pubkey=0x930743bfc7e18d3bd7351eaa74f477505268c1e4e1fd1ca3ccccdefb2595517343bbb8f5589c435c3c39323a4c0080f8 requestTimestamp=1733017278 service=relay/api slot=62 slotStartSec=1733017278 ua="mev-boost/v1.8.1 Lighthouse/v5.3.0-2e0eb6d" version=b4947ea-dev
time="2024-12-01T01:41:18Z" level=error msg="bid was empty, skipping PROF augmentation" error="<nil>" headSlot=61 method=getHeader mevBoostV=v1.8.1 msIntoSlot=4 parentHash=0x85e07d6d6709276c2f957fe9488279c8bbb3da1281567d24906957316047c051 pubkey=0x930743bfc7e18d3bd7351eaa74f477505268c1e4e1fd1ca3ccccdefb2595517343bbb8f5589c435c3c39323a4c0080f8 requestTimestamp=1733017278 service=relay/api slot=62 slotStartSec=1733017278 ua="mev-boost/v1.8.1 Lighthouse/v5.3.0-2e0eb6d" version=b4947ea-dev
time="2024-12-01T01:41:18Z" level=info msg="http: GET /eth/v1/builder/header/62/0x85e07d6d6709276c2f957fe9488279c8bbb3da1281567d24906957316047c051/0x930743bfc7e18d3bd7351eaa74f477505268c1e4e1fd1ca3ccccdefb2595517343bbb8f5589c435c3c39323a4c0080f8 204" duration=0.000299 method=GET path=/eth/v1/builder/header/62/0x85e07d6d6709276c2f957fe9488279c8bbb3da1281567d24906957316047c051/0x930743bfc7e18d3bd7351eaa74f477505268c1e4e1fd1ca3ccccdefb2595517343bbb8f5589c435c3c39323a4c0080f8 service=relay/api status=204 version=b4947ea-dev
time="2024-12-01T01:41:18Z" level=info msg="updated headSlot to 62" epoch=1 service=relay/api slotHead=62 slotStartNextEpoch=64 version=b4947ea-dev
time="2024-12-01T01:41:18Z" level=debug msg="RefreshKnownValidators init" datastoreMethod=RefreshKnownValidators headSlot=62 headSlotPos=31 lastUpdateSlot=51 service=relay/api version=b4947ea-dev
time="2024-12-01T01:41:18Z" level=debug msg="Updating builder cache with 0 builders from database" service=relay/api version=b4947ea-dev
time="2024-12-01T01:41:18Z" level=info msg="payload attributes received for slot: 63" service=relay/api version=b4947ea-dev
time="2024-12-01T01:41:18Z" level=info msg="updated payload attributes" headSlot=62 payloadAttrParent=0xb048345cb0a70b0d285d2e02288ccde2cbce8359f385d7dc4994b8d899399a65 payloadAttrSlot=63 randao=0x80adea8892ffc8d068afeefc5a8a0fd6ce614420215ac40107bf88373c6f1403 service=relay/api timestamp=1733017280 version=b4947ea-dev withdrawalsRoot=0x792930bbd5baac43bcc798ee49aa8185ef76bb3b44ba62b91d86ae569e4bb535
time="2024-12-01T01:41:20Z" level=info msg="payload attributes received for slot: 64" service=relay/api version=b4947ea-dev
time="2024-12-01T01:41:20Z" level=info msg="updated payload attributes" headSlot=62 payloadAttrParent=0xb048345cb0a70b0d285d2e02288ccde2cbce8359f385d7dc4994b8d899399a65 payloadAttrSlot=64 randao=0x80adea8892ffc8d068afeefc5a8a0fd6ce614420215ac40107bf88373c6f1403 service=relay/api timestamp=1733017282 version=b4947ea-dev withdrawalsRoot=0x792930bbd5baac43bcc798ee49aa8185ef76bb3b44ba62b91d86ae569e4bb535
time="2024-12-01T01:41:20Z" level=debug msg="getHeader request received" headSlot=62 method=getHeader mevBoostV=v1.8.1 msIntoSlot=5 parentHash=0xb048345cb0a70b0d285d2e02288ccde2cbce8359f385d7dc4994b8d899399a65 pubkey=0xa8d747a2b2602fe32095a7dda37a86d94f8a59cc771902be8c45de5bfd9d58fc1bf46fb0cf867054cd5eacf4f331dfd1 requestTimestamp=1733017280 service=relay/api slot=63 slotStartSec=1733017280 ua="mev-boost/v1.8.1 Lighthouse/v5.3.0-2e0eb6d" version=b4947ea-dev
time="2024-12-01T01:41:20Z" level=error msg="bid was empty, skipping PROF augmentation" error="<nil>" headSlot=62 method=getHeader mevBoostV=v1.8.1 msIntoSlot=5 parentHash=0xb048345cb0a70b0d285d2e02288ccde2cbce8359f385d7dc4994b8d899399a65 pubkey=0xa8d747a2b2602fe32095a7dda37a86d94f8a59cc771902be8c45de5bfd9d58fc1bf46fb0cf867054cd5eacf4f331dfd1 requestTimestamp=1733017280 service=relay/api slot=63 slotStartSec=1733017280 ua="mev-boost/v1.8.1 Lighthouse/v5.3.0-2e0eb6d" version=b4947ea-dev
time="2024-12-01T01:41:20Z" level=info msg="http: GET /eth/v1/builder/header/63/0xb048345cb0a70b0d285d2e02288ccde2cbce8359f385d7dc4994b8d899399a65/0xa8d747a2b2602fe32095a7dda37a86d94f8a59cc771902be8c45de5bfd9d58fc1bf46fb0cf867054cd5eacf4f331dfd1 204" duration=0.000298 method=GET path=/eth/v1/builder/header/63/0xb048345cb0a70b0d285d2e02288ccde2cbce8359f385d7dc4994b8d899399a65/0xa8d747a2b2602fe32095a7dda37a86d94f8a59cc771902be8c45de5bfd9d58fc1bf46fb0cf867054cd5eacf4f331dfd1 service=relay/api status=204 version=b4947ea-dev
time="2024-12-01T01:41:20Z" level=info msg="http: GET /relay/v1/builder/validators 0" duration=0.000193 method=GET path=/relay/v1/builder/validators service=relay/api status=0 version=b4947ea-dev
time="2024-12-01T01:41:20Z" level=info msg="updated headSlot to 63" epoch=1 service=relay/api slotHead=63 slotStartNextEpoch=64 version=b4947ea-dev
time="2024-12-01T01:41:20Z" level=debug msg="RefreshKnownValidators init" datastoreMethod=RefreshKnownValidators headSlot=63 headSlotPos=32 lastUpdateSlot=51 service=relay/api version=b4947ea-dev
time="2024-12-01T01:41:20Z" level=debug msg="Updating builder cache with 0 builders from database" service=relay/api version=b4947ea-dev
time="2024-12-01T01:41:20Z" level=info msg="payload attributes received for slot: 64" service=relay/api version=b4947ea-dev
time="2024-12-01T01:41:20Z" level=info msg="updated payload attributes" headSlot=63 payloadAttrParent=0xab1a3e6fc3c446e9c81d2520364830fa74c50923755a196a2c7c5165c59b1779 payloadAttrSlot=64 randao=0x617b5346f5429ec5b8af827766788e34f44dfa528ad20cb5bd9309da8e846502 service=relay/api timestamp=1733017282 version=b4947ea-dev withdrawalsRoot=0x792930bbd5baac43bcc798ee49aa8185ef76bb3b44ba62b91d86ae569e4bb535
time="2024-12-01T01:41:20Z" level=info msg="request initiated" cancellationEnabled=false contentLength=2839 headSlot=63 method=submitNewBlock service=relay/api timestampRequestStart=1733017280654 version=b4947ea-dev
time="2024-12-01T01:41:20Z" level=info msg="unable to read builder: 0xaa1488eae4b06a1fff840a2b6db167afc520758dc2c8af0dfb57037954df3431b747e2f900fe8805f05d635e9a29717b from the builder cache, using low-prio and no collateral" blobGasUsed=0 blockHash=0x546995079869d9db97f2cfd181446c95c084404aeb468c67d22fc3608862b6e0 builderPubkey=0xaa1488eae4b06a1fff840a2b6db167afc520758dc2c8af0dfb57037954df3431b747e2f900fe8805f05d635e9a29717b cancellationEnabled=false contentLength=2839 excessBlobGas=0 headSlot=63 isLargeRequest=false method=submitNewBlock numBlobs=0 numTx=2 parentHash=0xab1a3e6fc3c446e9c81d2520364830fa74c50923755a196a2c7c5165c59b1779 payloadBytes=2839 proposerPubkey=0xb09cb155daf2022afd18114a352e506a84065c80573cb0c7c310cbe92e2706cdcf91f74bbd9e464f74e3d831386d5033 reqContentType=json reqIsGzip=false service=relay/api slot=64 timestampAfterDecoding=1733017280655 timestampRequestStart=1733017280654 value=34680977994416 version=b4947ea-dev
time="2024-12-01T01:41:20Z" level=info msg="block validation successful" blobGasUsed=0 blockHash=0x546995079869d9db97f2cfd181446c95c084404aeb468c67d22fc3608862b6e0 builderIsHighPrio=false builderPubkey=0xaa1488eae4b06a1fff840a2b6db167afc520758dc2c8af0dfb57037954df3431b747e2f900fe8805f05d635e9a29717b cancellationEnabled=false contentLength=2839 durationMs=3 excessBlobGas=0 fastTrackValidation=false headSlot=63 isLargeRequest=false method=submitNewBlock newBidIsTopBid=true numBlobs=0 numTx=2 numWaiting=0 parentHash=0xab1a3e6fc3c446e9c81d2520364830fa74c50923755a196a2c7c5165c59b1779 payloadBytes=2839 proposerPubkey=0xb09cb155daf2022afd18114a352e506a84065c80573cb0c7c310cbe92e2706cdcf91f74bbd9e464f74e3d831386d5033 reqContentType=json reqIsGzip=false service=relay/api slot=64 timestampAfterCheckingFloorBid=1733017280658 timestampAfterCheckingTopBid=1733017280658 timestampAfterDecoding=1733017280655 timestampAfterSignatureCheck=1733017280657 timestampBeforeCheckingFloorBid=1733017280657 timestampBeforeCheckingTopBid=1733017280658 timestampBeforeSignatureCheck=1733017280655 timestampBeforeValidation=1733017280658 timestampRequestStart=1733017280654 topBidValue=0 value=34680977994416 version=b4947ea-dev
time="2024-12-01T01:41:20Z" level=info msg="received block from builder" blobGasUsed=0 blockHash=0x546995079869d9db97f2cfd181446c95c084404aeb468c67d22fc3608862b6e0 builderIsHighPrio=false builderPubkey=0xaa1488eae4b06a1fff840a2b6db167afc520758dc2c8af0dfb57037954df3431b747e2f900fe8805f05d635e9a29717b cancellationEnabled=false contentLength=2839 excessBlobGas=0 fastTrackValidation=false headSlot=63 isLargeRequest=false method=submitNewBlock newBidIsTopBid=true numBlobs=0 numTx=2 parentHash=0xab1a3e6fc3c446e9c81d2520364830fa74c50923755a196a2c7c5165c59b1779 payloadBytes=2839 prevTopBidValue=0 profileDecodeUs=347 profilePrechecksUs=3379 profileRedisSavePayloadUs=12 profileRedisUpdateFloorUs=128 profileRedisUpdateTopBidUs=286 profileRedisUs=1911 profileSimUs=3824 profileTotalUs=9597 proposerPubkey=0xb09cb155daf2022afd18114a352e506a84065c80573cb0c7c310cbe92e2706cdcf91f74bbd9e464f74e3d831386d5033 reqContentType=json reqIsGzip=false service=relay/api slot=64 timestampAfterBidUpdate=1733017280664 timestampAfterCheckingFloorBid=1733017280658 timestampAfterCheckingTopBid=1733017280658 timestampAfterDecoding=1733017280655 timestampAfterSignatureCheck=1733017280657 timestampAfterValidation=1733017280662 timestampBeforeCheckingFloorBid=1733017280657 timestampBeforeCheckingTopBid=1733017280658 timestampBeforeSignatureCheck=1733017280655 timestampBeforeValidation=1733017280658 timestampEligibleAt=1733017280664 timestampRequestStart=1733017280654 topBidValue=34680977994416 validationDurationMs=3 value=34680977994416 version=b4947ea-dev wasBidSavedInRedis=true wasTopBidUpdated=true
time="2024-12-01T01:41:20Z" level=info msg="request finished" blobGasUsed=0 blockHash=0x546995079869d9db97f2cfd181446c95c084404aeb468c67d22fc3608862b6e0 builderIsHighPrio=false builderPubkey=0xaa1488eae4b06a1fff840a2b6db167afc520758dc2c8af0dfb57037954df3431b747e2f900fe8805f05d635e9a29717b cancellationEnabled=false contentLength=2839 excessBlobGas=0 fastTrackValidation=false headSlot=63 isLargeRequest=false method=submitNewBlock newBidIsTopBid=true numBlobs=0 numTx=2 parentHash=0xab1a3e6fc3c446e9c81d2520364830fa74c50923755a196a2c7c5165c59b1779 payloadBytes=2839 prevTopBidValue=0 profileRedisSavePayloadUs=12 profileRedisUpdateFloorUs=128 profileRedisUpdateTopBidUs=286 proposerPubkey=0xb09cb155daf2022afd18114a352e506a84065c80573cb0c7c310cbe92e2706cdcf91f74bbd9e464f74e3d831386d5033 reqContentType=json reqIsGzip=false requestDurationMs=20 service=relay/api slot=64 timestampAfterBidUpdate=1733017280664 timestampAfterCheckingFloorBid=1733017280658 timestampAfterCheckingTopBid=1733017280658 timestampAfterDecoding=1733017280655 timestampAfterSignatureCheck=1733017280657 timestampAfterValidation=1733017280662 timestampBeforeCheckingFloorBid=1733017280657 timestampBeforeCheckingTopBid=1733017280658 timestampBeforeSignatureCheck=1733017280655 timestampBeforeValidation=1733017280658 timestampEligibleAt=1733017280664 timestampRequestFin=1733017280675 timestampRequestStart=1733017280654 topBidValue=34680977994416 validationDurationMs=3 value=34680977994416 version=b4947ea-dev wasBidSavedInRedis=true wasTopBidUpdated=true
time="2024-12-01T01:41:20Z" level=info msg="http: POST /relay/v1/builder/blocks 200" duration=0.020619 method=POST path=/relay/v1/builder/blocks service=relay/api status=200 version=b4947ea-dev
time="2024-12-01T01:41:21Z" level=info msg="request initiated" cancellationEnabled=false contentLength=49064 headSlot=63 method=submitNewBlock service=relay/api timestampRequestStart=1733017281160 version=b4947ea-dev
time="2024-12-01T01:41:21Z" level=info msg="unable to read builder: 0xaa1488eae4b06a1fff840a2b6db167afc520758dc2c8af0dfb57037954df3431b747e2f900fe8805f05d635e9a29717b from the builder cache, using low-prio and no collateral" blobGasUsed=0 blockHash=0x53180d8d7fbb9104808127b6f80d34458f6670d2a0c19fadf8eb7b8bcf52971f builderPubkey=0xaa1488eae4b06a1fff840a2b6db167afc520758dc2c8af0dfb57037954df3431b747e2f900fe8805f05d635e9a29717b cancellationEnabled=false contentLength=49064 excessBlobGas=0 headSlot=63 isLargeRequest=false method=submitNewBlock numBlobs=0 numTx=103 parentHash=0xab1a3e6fc3c446e9c81d2520364830fa74c50923755a196a2c7c5165c59b1779 payloadBytes=49064 proposerPubkey=0xb09cb155daf2022afd18114a352e506a84065c80573cb0c7c310cbe92e2706cdcf91f74bbd9e464f74e3d831386d5033 reqContentType=json reqIsGzip=false service=relay/api slot=64 timestampAfterDecoding=1733017281163 timestampRequestStart=1733017281160 value=7377272800192246 version=b4947ea-dev
time="2024-12-01T01:41:21Z" level=info msg="block validation successful" blobGasUsed=0 blockHash=0x53180d8d7fbb9104808127b6f80d34458f6670d2a0c19fadf8eb7b8bcf52971f builderIsHighPrio=false builderPubkey=0xaa1488eae4b06a1fff840a2b6db167afc520758dc2c8af0dfb57037954df3431b747e2f900fe8805f05d635e9a29717b cancellationEnabled=false contentLength=49064 durationMs=19 excessBlobGas=0 fastTrackValidation=false headSlot=63 isLargeRequest=false method=submitNewBlock newBidIsTopBid=true numBlobs=0 numTx=103 numWaiting=0 parentHash=0xab1a3e6fc3c446e9c81d2520364830fa74c50923755a196a2c7c5165c59b1779 payloadBytes=49064 proposerPubkey=0xb09cb155daf2022afd18114a352e506a84065c80573cb0c7c310cbe92e2706cdcf91f74bbd9e464f74e3d831386d5033 reqContentType=json reqIsGzip=false service=relay/api slot=64 timestampAfterCheckingFloorBid=1733017281166 timestampAfterCheckingTopBid=1733017281166 timestampAfterDecoding=1733017281163 timestampAfterSignatureCheck=1733017281166 timestampBeforeCheckingFloorBid=1733017281166 timestampBeforeCheckingTopBid=1733017281166 timestampBeforeSignatureCheck=1733017281163 timestampBeforeValidation=1733017281166 timestampRequestStart=1733017281160 topBidValue=34680977994416 value=7377272800192246 version=b4947ea-dev
time="2024-12-01T01:41:21Z" level=info msg="received block from builder" blobGasUsed=0 blockHash=0x53180d8d7fbb9104808127b6f80d34458f6670d2a0c19fadf8eb7b8bcf52971f builderIsHighPrio=false builderPubkey=0xaa1488eae4b06a1fff840a2b6db167afc520758dc2c8af0dfb57037954df3431b747e2f900fe8805f05d635e9a29717b cancellationEnabled=false contentLength=49064 excessBlobGas=0 fastTrackValidation=false headSlot=63 isLargeRequest=false method=submitNewBlock newBidIsTopBid=true numBlobs=0 numTx=103 parentHash=0xab1a3e6fc3c446e9c81d2520364830fa74c50923755a196a2c7c5165c59b1779 payloadBytes=49064 prevTopBidValue=34680977994416 profileDecodeUs=2802 profilePrechecksUs=3277 profileRedisSavePayloadUs=24 profileRedisUpdateFloorUs=187 profileRedisUpdateTopBidUs=361 profileRedisUs=1792 profileSimUs=19294 profileTotalUs=27389 proposerPubkey=0xb09cb155daf2022afd18114a352e506a84065c80573cb0c7c310cbe92e2706cdcf91f74bbd9e464f74e3d831386d5033 reqContentType=json reqIsGzip=false service=relay/api slot=64 timestampAfterBidUpdate=1733017281187 timestampAfterCheckingFloorBid=1733017281166 timestampAfterCheckingTopBid=1733017281166 timestampAfterDecoding=1733017281163 timestampAfterSignatureCheck=1733017281166 timestampAfterValidation=1733017281185 timestampBeforeCheckingFloorBid=1733017281166 timestampBeforeCheckingTopBid=1733017281166 timestampBeforeSignatureCheck=1733017281163 timestampBeforeValidation=1733017281166 timestampEligibleAt=1733017281187 timestampRequestStart=1733017281160 topBidValue=7377272800192246 validationDurationMs=19 value=7377272800192246 version=b4947ea-dev wasBidSavedInRedis=true wasTopBidUpdated=true
time="2024-12-01T01:41:21Z" level=info msg="request finished" blobGasUsed=0 blockHash=0x53180d8d7fbb9104808127b6f80d34458f6670d2a0c19fadf8eb7b8bcf52971f builderIsHighPrio=false builderPubkey=0xaa1488eae4b06a1fff840a2b6db167afc520758dc2c8af0dfb57037954df3431b747e2f900fe8805f05d635e9a29717b cancellationEnabled=false contentLength=49064 excessBlobGas=0 fastTrackValidation=false headSlot=63 isLargeRequest=false method=submitNewBlock newBidIsTopBid=true numBlobs=0 numTx=103 parentHash=0xab1a3e6fc3c446e9c81d2520364830fa74c50923755a196a2c7c5165c59b1779 payloadBytes=49064 prevTopBidValue=34680977994416 profileRedisSavePayloadUs=24 profileRedisUpdateFloorUs=187 profileRedisUpdateTopBidUs=361 proposerPubkey=0xb09cb155daf2022afd18114a352e506a84065c80573cb0c7c310cbe92e2706cdcf91f74bbd9e464f74e3d831386d5033 reqContentType=json reqIsGzip=false requestDurationMs=35 service=relay/api slot=64 timestampAfterBidUpdate=1733017281187 timestampAfterCheckingFloorBid=1733017281166 timestampAfterCheckingTopBid=1733017281166 timestampAfterDecoding=1733017281163 timestampAfterSignatureCheck=1733017281166 timestampAfterValidation=1733017281185 timestampBeforeCheckingFloorBid=1733017281166 timestampBeforeCheckingTopBid=1733017281166 timestampBeforeSignatureCheck=1733017281163 timestampBeforeValidation=1733017281166 timestampEligibleAt=1733017281187 timestampRequestFin=1733017281195 timestampRequestStart=1733017281160 topBidValue=7377272800192246 validationDurationMs=19 value=7377272800192246 version=b4947ea-dev wasBidSavedInRedis=true wasTopBidUpdated=true
time="2024-12-01T01:41:21Z" level=info msg="http: POST /relay/v1/builder/blocks 200" duration=0.035346 method=POST path=/relay/v1/builder/blocks service=relay/api status=200 version=b4947ea-dev
time="2024-12-01T01:41:21Z" level=info msg="request initiated" cancellationEnabled=false contentLength=52093 headSlot=63 method=submitNewBlock service=relay/api timestampRequestStart=1733017281667 version=b4947ea-dev
time="2024-12-01T01:41:21Z" level=info msg="unable to read builder: 0xaa1488eae4b06a1fff840a2b6db167afc520758dc2c8af0dfb57037954df3431b747e2f900fe8805f05d635e9a29717b from the builder cache, using low-prio and no collateral" blobGasUsed=0 blockHash=0xe6178e7e69b282ed27f79c208fa2bccb8e77895000b6842d9fcd2997a2b3566d builderPubkey=0xaa1488eae4b06a1fff840a2b6db167afc520758dc2c8af0dfb57037954df3431b747e2f900fe8805f05d635e9a29717b cancellationEnabled=false contentLength=52093 excessBlobGas=0 headSlot=63 isLargeRequest=false method=submitNewBlock numBlobs=0 numTx=116 parentHash=0xab1a3e6fc3c446e9c81d2520364830fa74c50923755a196a2c7c5165c59b1779 payloadBytes=52093 proposerPubkey=0xb09cb155daf2022afd18114a352e506a84065c80573cb0c7c310cbe92e2706cdcf91f74bbd9e464f74e3d831386d5033 reqContentType=json reqIsGzip=false service=relay/api slot=64 timestampAfterDecoding=1733017281670 timestampRequestStart=1733017281667 value=7788384170680246 version=b4947ea-dev
time="2024-12-01T01:41:21Z" level=info msg="block validation successful" blobGasUsed=0 blockHash=0xe6178e7e69b282ed27f79c208fa2bccb8e77895000b6842d9fcd2997a2b3566d builderIsHighPrio=false builderPubkey=0xaa1488eae4b06a1fff840a2b6db167afc520758dc2c8af0dfb57037954df3431b747e2f900fe8805f05d635e9a29717b cancellationEnabled=false contentLength=52093 durationMs=19 excessBlobGas=0 fastTrackValidation=false headSlot=63 isLargeRequest=false method=submitNewBlock newBidIsTopBid=true numBlobs=0 numTx=116 numWaiting=0 parentHash=0xab1a3e6fc3c446e9c81d2520364830fa74c50923755a196a2c7c5165c59b1779 payloadBytes=52093 proposerPubkey=0xb09cb155daf2022afd18114a352e506a84065c80573cb0c7c310cbe92e2706cdcf91f74bbd9e464f74e3d831386d5033 reqContentType=json reqIsGzip=false service=relay/api slot=64 timestampAfterCheckingFloorBid=1733017281673 timestampAfterCheckingTopBid=1733017281673 timestampAfterDecoding=1733017281670 timestampAfterSignatureCheck=1733017281672 timestampBeforeCheckingFloorBid=1733017281672 timestampBeforeCheckingTopBid=1733017281673 timestampBeforeSignatureCheck=1733017281670 timestampBeforeValidation=1733017281673 timestampRequestStart=1733017281667 topBidValue=7377272800192246 value=7788384170680246 version=b4947ea-dev
time="2024-12-01T01:41:21Z" level=info msg="received block from builder" blobGasUsed=0 blockHash=0xe6178e7e69b282ed27f79c208fa2bccb8e77895000b6842d9fcd2997a2b3566d builderIsHighPrio=false builderPubkey=0xaa1488eae4b06a1fff840a2b6db167afc520758dc2c8af0dfb57037954df3431b747e2f900fe8805f05d635e9a29717b cancellationEnabled=false contentLength=52093 excessBlobGas=0 fastTrackValidation=false headSlot=63 isLargeRequest=false method=submitNewBlock newBidIsTopBid=true numBlobs=0 numTx=116 parentHash=0xab1a3e6fc3c446e9c81d2520364830fa74c50923755a196a2c7c5165c59b1779 payloadBytes=52093 prevTopBidValue=7377272800192246 profileDecodeUs=2680 profilePrechecksUs=2984 profileRedisSavePayloadUs=29 profileRedisUpdateFloorUs=179 profileRedisUpdateTopBidUs=367 profileRedisUs=2358 profileSimUs=19636 profileTotalUs=27921 proposerPubkey=0xb09cb155daf2022afd18114a352e506a84065c80573cb0c7c310cbe92e2706cdcf91f74bbd9e464f74e3d831386d5033 reqContentType=json reqIsGzip=false service=relay/api slot=64 timestampAfterBidUpdate=1733017281695 timestampAfterCheckingFloorBid=1733017281673 timestampAfterCheckingTopBid=1733017281673 timestampAfterDecoding=1733017281670 timestampAfterSignatureCheck=1733017281672 timestampAfterValidation=1733017281692 timestampBeforeCheckingFloorBid=1733017281672 timestampBeforeCheckingTopBid=1733017281673 timestampBeforeSignatureCheck=1733017281670 timestampBeforeValidation=1733017281673 timestampEligibleAt=1733017281695 timestampRequestStart=1733017281667 topBidValue=7788384170680246 validationDurationMs=19 value=7788384170680246 version=b4947ea-dev wasBidSavedInRedis=true wasTopBidUpdated=true
time="2024-12-01T01:41:21Z" level=info msg="request finished" blobGasUsed=0 blockHash=0xe6178e7e69b282ed27f79c208fa2bccb8e77895000b6842d9fcd2997a2b3566d builderIsHighPrio=false builderPubkey=0xaa1488eae4b06a1fff840a2b6db167afc520758dc2c8af0dfb57037954df3431b747e2f900fe8805f05d635e9a29717b cancellationEnabled=false contentLength=52093 excessBlobGas=0 fastTrackValidation=false headSlot=63 isLargeRequest=false method=submitNewBlock newBidIsTopBid=true numBlobs=0 numTx=116 parentHash=0xab1a3e6fc3c446e9c81d2520364830fa74c50923755a196a2c7c5165c59b1779 payloadBytes=52093 prevTopBidValue=7377272800192246 profileRedisSavePayloadUs=29 profileRedisUpdateFloorUs=179 profileRedisUpdateTopBidUs=367 proposerPubkey=0xb09cb155daf2022afd18114a352e506a84065c80573cb0c7c310cbe92e2706cdcf91f74bbd9e464f74e3d831386d5033 reqContentType=json reqIsGzip=false requestDurationMs=38 service=relay/api slot=64 timestampAfterBidUpdate=1733017281695 timestampAfterCheckingFloorBid=1733017281673 timestampAfterCheckingTopBid=1733017281673 timestampAfterDecoding=1733017281670 timestampAfterSignatureCheck=1733017281672 timestampAfterValidation=1733017281692 timestampBeforeCheckingFloorBid=1733017281672 timestampBeforeCheckingTopBid=1733017281673 timestampBeforeSignatureCheck=1733017281670 timestampBeforeValidation=1733017281673 timestampEligibleAt=1733017281695 timestampRequestFin=1733017281705 timestampRequestStart=1733017281667 topBidValue=7788384170680246 validationDurationMs=19 value=7788384170680246 version=b4947ea-dev wasBidSavedInRedis=true wasTopBidUpdated=true
time="2024-12-01T01:41:21Z" level=info msg="http: POST /relay/v1/builder/blocks 200" duration=0.038766 method=POST path=/relay/v1/builder/blocks service=relay/api status=200 version=b4947ea-dev
time="2024-12-01T01:41:22Z" level=info msg="payload attributes received for slot: 65" service=relay/api version=b4947ea-dev
time="2024-12-01T01:41:22Z" level=info msg="updated payload attributes" headSlot=63 payloadAttrParent=0xab1a3e6fc3c446e9c81d2520364830fa74c50923755a196a2c7c5165c59b1779 payloadAttrSlot=65 randao=0x617b5346f5429ec5b8af827766788e34f44dfa528ad20cb5bd9309da8e846502 service=relay/api timestamp=1733017284 version=b4947ea-dev withdrawalsRoot=0x792930bbd5baac43bcc798ee49aa8185ef76bb3b44ba62b91d86ae569e4bb535
time="2024-12-01T01:41:22Z" level=debug msg="getHeader request received" headSlot=63 method=getHeader mevBoostV=v1.8.1 msIntoSlot=9 parentHash=0xab1a3e6fc3c446e9c81d2520364830fa74c50923755a196a2c7c5165c59b1779 pubkey=0xb09cb155daf2022afd18114a352e506a84065c80573cb0c7c310cbe92e2706cdcf91f74bbd9e464f74e3d831386d5033 requestTimestamp=1733017282 service=relay/api slot=64 slotStartSec=1733017282 ua="mev-boost/v1.8.1 Lighthouse/v5.3.0-2e0eb6d" version=b4947ea-dev
time="2024-12-01T01:41:22Z" level=debug msg="getPayload response from redis" datastoreMethod=GetGetPayloadResponse headSlot=63 method=getHeader mevBoostV=v1.8.1 msIntoSlot=9 parentHash=0xab1a3e6fc3c446e9c81d2520364830fa74c50923755a196a2c7c5165c59b1779 pubkey=0xb09cb155daf2022afd18114a352e506a84065c80573cb0c7c310cbe92e2706cdcf91f74bbd9e464f74e3d831386d5033 requestTimestamp=1733017282 service=relay/api slot=64 slotStartSec=1733017282 ua="mev-boost/v1.8.1 Lighthouse/v5.3.0-2e0eb6d" version=b4947ea-dev
time="2024-12-01T01:41:22Z" level=info msg="parent beacon root found in payload attributes" service=relay/api version=b4947ea-dev
time="2024-12-01T01:41:22Z" level=info msg="validator registrations call processed" contentLength=28289 headSlot=63 method=registerValidator mevBoostV=v1.8.1 numRegistrations=64 numRegistrationsActive=0 numRegistrationsNew=0 numRegistrationsProcessed=64 processingStoppedByError=false service=relay/api timeNeededMs=6 timeNeededSec=0.006978336 ua="mev-boost/v1.8.1 Lighthouse/v5.3.0-2e0eb6d" version=b4947ea-dev
time="2024-12-01T01:41:22Z" level=info msg="http: POST /eth/v1/builder/validators 200" duration=0.007066 method=POST path=/eth/v1/builder/validators service=relay/api status=200 version=b4947ea-dev
time="2024-12-01T01:41:22Z" level=info msg="validator registrations call processed" contentLength=28289 headSlot=63 method=registerValidator mevBoostV=v1.8.1 numRegistrations=64 numRegistrationsActive=0 numRegistrationsNew=0 numRegistrationsProcessed=64 processingStoppedByError=false service=relay/api timeNeededMs=5 timeNeededSec=0.005405643 ua="mev-boost/v1.8.1 Lighthouse/v5.3.0-2e0eb6d" version=b4947ea-dev
time="2024-12-01T01:41:22Z" level=info msg="http: POST /eth/v1/builder/validators 200" duration=0.005458 method=POST path=/eth/v1/builder/validators service=relay/api status=200 version=b4947ea-dev
time="2024-12-01T01:41:22Z" level=info msg="enrich block response received / responseuuid:\"8c282bde-1ef1-4b5d-a0f3-1aca9eb56226\"  executionPayloadHeader:{ParentHash:\"\\xab\\x1a>o\\xc3\\xc4F\\xe9\\xc8\\x1d% 6H0\\xfat\\xc5\\t#uZ\\x19j,|Qeś\\x17y\"  StateRoot:\"\\x1c\\xfb\\xe9\\x80R\\xf8t[\\xeb\\x02D\\x9eE\\x08\\x94\\xef\\xc9\\x04!\\x00\\x88łM\\xb8p\\x7f\\xa4jk\\xbe=\"  ReceiptsRoot:\"\\xfe\\xa4\\xbe*D\\xe73\\x80\\x04\\xc7t\\xd35\\x8a/\\xec\\xbe\\\"뺋\\\\w\\xd6Q\\x9dG:\\x96\\x0eQ\\x80\"  LogsBloom:\"@ \\x00\\x00\\x00\\x00\\x00\\x00\\x00\\x00\\x00\\x00\\x80\\x00\\x00\\x00\\x00\\x00\\x00\\x00\\x00\\x01\\x00\\x00\\x01\\x00\\x00\\x00\\x00@\\x08\\x00\\x00\\x00\\x00\\x00\\x00\\x02\\x80\\x00\\x00\\x00\\x00\\x00\\x00\\x00 \\x00\\x00\\x80\\x00\\x00\\x00\\x00\\x00\\x00\\x00\\x00\\x00\\x00 \\x00\\x00\\x00\\x00\\x00\\x00\\x00\\x00\\x00\\x00\\x00\\x00\\x00 \\x08\\x00\\x00\\x00 \\x00\\x00\\x00\\x00\\x08\\x00\\x00\\x00\\x00\\x02\\x00\\x00\\x08\\x00\\x00\\x00\\x00\\x00\\x00\\x00\\x00 \\x00\\x00\\x08\\x00\\x00\\x00\\x10\\x00\\x00\\x00\\x00\\x00\\x00\\x00\\x00\\x00\\x00\\x00\\x00\\x00\\x00\\x10\\x00\\x00\\x00\\x00\\x00\\x00\\x00\\x00\\x00\\x00\\x00\\x00\\x00\\x10\\x00\\x00\\x00\\x00\\x00\\x00\\x00\\x00\\x00\\x00\\x00\\x00\\x00\\x08\\x00\\x00\\x00@\\x00\\x02\\x00\\x00\\x00\\x00\\x00\\x00\\x00\\x00\\x04\\x00\\x00\\x00\\x00\\x00\\x00\\x00\\x00@\\x00\\x00\\x00\\x00\\x00\\x00\\x00\\x02\\x00\\x00\\x00\\x00\\x00\\x00\\x00\\x00\\x00\\x00\\x10\\x02\\x00\\x00\\x00\\x00\\x00\\x00\\x00\\x00\\x00\\x00\\x00\\x00\\x00\\x00\\x00 \\x00\\x00\\x00\\x10\\x00\\x00\\x00\\x00\\x00\\x00\\x00\\x00\\x00\\x00\\x00\\x00\\x00\\x00\\x00\\x00\\x00\\x00\\x00\\x00\\x00\\x00\\x00\\x00\\x00\\x00\\x00\\x00\\x00\\x00\\x00\\x00\\x00\\x00\\x00\\x00\\x00\\x00\\x00\\x00\"  PrevRandao:\"a{SF\\xf5B\\x9eŸ\\xaf\\x82wfx\\x8e4\\xf4M\\xfaR\\x8a\\xd2\\x0c\\xb5\\xbd\\x93\\tڎ\\x84e\\x02\"  ExtraData:\"Illuminate Dmocratize Dstribute\"  BaseFeePerGas:\"\\x06\\x88n\"  FeeRecipient:\"\\x89CTQw\\x80n\\xd1{\\x9f#\\xf0\\xa2\\x1e唎ʧv\"  BlockHash:\"\\x03\\x87\\xcf\\xfd\\x18\\xc1\\xbeo\\xfd\\xd7\\xf8H\\x01\\xaf\\xbc\\x18\\xb6\\xc0T\\xab\\xf0v\\x07`\\x07\\xf4.\\x01\\xb8)s\\x1a\"  TransactionsRoot:\"\\x12\\xa5 a\\x19\\x13EL\\x17\\t\\x9d}l\\xaf\\r\\xe2\\x10\\xaf\\xbd)@\\xf4p@\\x13\\x98WC\\xd0\\xc8d \"  WithdrawalsRoot:\"y)0\\xbbպ\\xacC\\xbcǘ\\xeeI\\xaa\\x81\\x85\\xefv\\xbb;D\\xbab\\xb9\\x1d\\x86\\xaeV\\x9eK\\xb55\"  BlockNumber:64  GasLimit:26611454  Timestamp:1733017282  GasUsed:6249181}  value:13069434170680246" service=relay/api version=b4947ea-dev
time="2024-12-01T01:41:22Z" level=info msg="bid enriched with PROF" service=relay/api value=13069434170680246 version=b4947ea-dev
time="2024-12-01T01:41:22Z" level=info msg="SUCCESS: bid enriched with PROF" enrichedHeader="{[171 26 62 111 195 196 70 233 200 29 37 32 54 72 48 250 116 197 9 35 117 90 25 106 44 124 81 101 197 155 23 121] [137 67 84 81 119 128 110 209 123 159 35 240 162 30 229 148 142 202 167 118] [28 251 233 128 82 248 116 91 235 2 68 158 69 8 148 239 201 4 33 0 136 197 130 77 184 112 127 164 106 107 190 61] [254 164 190 42 68 231 51 128 4 199 116 211 53 138 47 236 190 34 235 186 139 92 119 214 81 157 71 58 150 14 81 128] [64 32 0 0 0 0 0 0 0 0 0 0 128 0 0 0 0 0 0 0 0 1 0 0 1 0 0 0 0 64 8 0 0 0 0 0 0 2 128 0 0 0 0 0 0 0 32 0 0 128 0 0 0 0 0 0 0 0 0 0 32 0 0 0 0 0 0 0 0 0 0 0 0 0 32 8 0 0 0 32 0 0 0 0 8 0 0 0 0 2 0 0 8 0 0 0 0 0 0 0 0 32 0 0 8 0 0 0 16 0 0 0 0 0 0 0 0 0 0 0 0 0 0 16 0 0 0 0 0 0 0 0 0 0 0 0 0 16 0 0 0 0 0 0 0 0 0 0 0 0 0 8 0 0 0 64 0 2 0 0 0 0 0 0 0 0 4 0 0 0 0 0 0 0 0 64 0 0 0 0 0 0 0 2 0 0 0 0 0 0 0 0 0 0 16 2 0 0 0 0 0 0 0 0 0 0 0 0 0 0 0 32 0 0 0 16 0 0 0 0 0 0 0 0 0 0 0 0 0 0 0 0 0 0 0 0 0 0 0 0 0 0 0 0 0 0 0 0 0 0 0 0 0 0 0 0] [97 123 83 70 245 66 158 197 184 175 130 119 102 120 142 52 244 77 250 82 138 210 12 181 189 147 9 218 142 132 101 2] 64 26611454 6249181 1733017282 [73 108 108 117 109 105 110 97 116 101 32 68 109 111 99 114 97 116 105 122 101 32 68 115 116 114 105 98 117 116 101] 428142 [3 135 207 253 24 193 190 111 253 215 248 72 1 175 188 24 182 192 84 171 240 118 7 96 7 244 46 1 184 41 115 26] [18 165 32 97 25 19 69 76 23 9 157 125 108 175 13 226 16 175 189 41 64 244 112 64 19 152 87 67 208 200 100 32] [121 41 48 187 213 186 172 67 188 199 152 238 73 170 129 133 239 118 187 59 68 186 98 185 29 134 174 86 158 75 181 53] 0 0}" headSlot=63 method=getHeader mevBoostV=v1.8.1 msIntoSlot=9 parentHash=0xab1a3e6fc3c446e9c81d2520364830fa74c50923755a196a2c7c5165c59b1779 pubkey=0xb09cb155daf2022afd18114a352e506a84065c80573cb0c7c310cbe92e2706cdcf91f74bbd9e464f74e3d831386d5033 requestTimestamp=1733017282 service=relay/api slot=64 slotStartSec=1733017282 ua="mev-boost/v1.8.1 Lighthouse/v5.3.0-2e0eb6d" version=b4947ea-dev
time="2024-12-01T01:41:22Z" level=info msg="TIME: bid enriched with PROF" enrichTime=51.181647ms headSlot=63 method=getHeader mevBoostV=v1.8.1 msIntoSlot=9 parentHash=0xab1a3e6fc3c446e9c81d2520364830fa74c50923755a196a2c7c5165c59b1779 pubkey=0xb09cb155daf2022afd18114a352e506a84065c80573cb0c7c310cbe92e2706cdcf91f74bbd9e464f74e3d831386d5033 requestTimestamp=1733017282 service=relay/api slot=64 slotStartSec=1733017282 ua="mev-boost/v1.8.1 Lighthouse/v5.3.0-2e0eb6d" version=b4947ea-dev
time="2024-12-01T01:41:22Z" level=info msg="Original Bid" bid=7788384170680246 headSlot=63 method=getHeader mevBoostV=v1.8.1 msIntoSlot=9 parentHash=0xab1a3e6fc3c446e9c81d2520364830fa74c50923755a196a2c7c5165c59b1779 pubkey=0xb09cb155daf2022afd18114a352e506a84065c80573cb0c7c310cbe92e2706cdcf91f74bbd9e464f74e3d831386d5033 requestTimestamp=1733017282 service=relay/api slot=64 slotStartSec=1733017282 ua="mev-boost/v1.8.1 Lighthouse/v5.3.0-2e0eb6d" version=b4947ea-dev
time="2024-12-01T01:41:22Z" level=info msg="Enriched Bid" enrichedBid=13069434170680246 headSlot=63 method=getHeader mevBoostV=v1.8.1 msIntoSlot=9 parentHash=0xab1a3e6fc3c446e9c81d2520364830fa74c50923755a196a2c7c5165c59b1779 pubkey=0xb09cb155daf2022afd18114a352e506a84065c80573cb0c7c310cbe92e2706cdcf91f74bbd9e464f74e3d831386d5033 requestTimestamp=1733017282 service=relay/api slot=64 slotStartSec=1733017282 ua="mev-boost/v1.8.1 Lighthouse/v5.3.0-2e0eb6d" version=b4947ea-dev
time="2024-12-01T01:41:22Z" level=info msg="http: GET /eth/v1/builder/header/64/0xab1a3e6fc3c446e9c81d2520364830fa74c50923755a196a2c7c5165c59b1779/0xb09cb155daf2022afd18114a352e506a84065c80573cb0c7c310cbe92e2706cdcf91f74bbd9e464f74e3d831386d5033 200" duration=0.053331 method=GET path=/eth/v1/builder/header/64/0xab1a3e6fc3c446e9c81d2520364830fa74c50923755a196a2c7c5165c59b1779/0xb09cb155daf2022afd18114a352e506a84065c80573cb0c7c310cbe92e2706cdcf91f74bbd9e464f74e3d831386d5033 service=relay/api status=200 version=b4947ea-dev
time="2024-12-01T01:41:22Z" level=info msg="request initiated --> handleGetPayload" contentLength=3485 headSlot=63 headSlotEpochPos=32 idArg= method=getPayload mevBoostV=v1.8.1 service=relay/api timestampRequestStart=1733017282099 ua="mev-boost/v1.8.1 Lighthouse/v5.3.0-2e0eb6d" version=b4947ea-dev
time="2024-12-01T01:41:22Z" level=info msg="getPayload request received" blockHash=0x0387cffd18c1be6ffdd7f84801afbc18b6c054abf076076007f42e01b829731a contentLength=3485 feeRecipient=0x8943545177806ED17B9F23F0a21ee5948eCaa776 headSlot=63 headSlotEpochPos=32 idArg= method=getPayload mevBoostV=v1.8.1 msIntoSlot=100 proposerIndex=53 proposerPubkey=0xb09cb155daf2022afd18114a352e506a84065c80573cb0c7c310cbe92e2706cdcf91f74bbd9e464f74e3d831386d5033 service=relay/api slot=64 slotEpochPos=1 slotStartSec=1733017282 timestampAfterDecode=1733017282100 timestampAfterSignatureVerify=1733017282102 timestampRequestStart=1733017282099 ua="mev-boost/v1.8.1 Lighthouse/v5.3.0-2e0eb6d" version=b4947ea-dev
time="2024-12-01T01:41:22Z" level=warning msg="execution payload not found in redis" blockHash=0x0387cffd18c1be6ffdd7f84801afbc18b6c054abf076076007f42e01b829731a contentLength=3485 datastoreMethod=GetGetPayloadResponse error="redis: nil" feeRecipient=0x8943545177806ED17B9F23F0a21ee5948eCaa776 headSlot=63 headSlotEpochPos=32 idArg= method=getPayload mevBoostV=v1.8.1 msIntoSlot=100 proposerIndex=53 proposerPubkey=0xb09cb155daf2022afd18114a352e506a84065c80573cb0c7c310cbe92e2706cdcf91f74bbd9e464f74e3d831386d5033 service=relay/api slot=64 slotEpochPos=1 slotStartSec=1733017282 timestampAfterDecode=1733017282100 timestampAfterSignatureVerify=1733017282102 timestampRequestStart=1733017282099 ua="mev-boost/v1.8.1 Lighthouse/v5.3.0-2e0eb6d" version=b4947ea-dev
time="2024-12-01T01:41:22Z" level=warning msg="execution payload not found in database" blockHash=0x0387cffd18c1be6ffdd7f84801afbc18b6c054abf076076007f42e01b829731a contentLength=3485 datastoreMethod=GetGetPayloadResponse error="sql: no rows in result set" feeRecipient=0x8943545177806ED17B9F23F0a21ee5948eCaa776 headSlot=63 headSlotEpochPos=32 idArg= method=getPayload mevBoostV=v1.8.1 msIntoSlot=100 proposerIndex=53 proposerPubkey=0xb09cb155daf2022afd18114a352e506a84065c80573cb0c7c310cbe92e2706cdcf91f74bbd9e464f74e3d831386d5033 service=relay/api slot=64 slotEpochPos=1 slotStartSec=1733017282 timestampAfterDecode=1733017282100 timestampAfterSignatureVerify=1733017282102 timestampRequestStart=1733017282099 ua="mev-boost/v1.8.1 Lighthouse/v5.3.0-2e0eb6d" version=b4947ea-dev
time="2024-12-01T01:41:22Z" level=warning msg="failed getting execution payload (1/2)" blockHash=0x0387cffd18c1be6ffdd7f84801afbc18b6c054abf076076007f42e01b829731a contentLength=3485 error="execution payload not found" feeRecipient=0x8943545177806ED17B9F23F0a21ee5948eCaa776 headSlot=63 headSlotEpochPos=32 idArg= method=getPayload mevBoostV=v1.8.1 msIntoSlot=100 proposerIndex=53 proposerPubkey=0xb09cb155daf2022afd18114a352e506a84065c80573cb0c7c310cbe92e2706cdcf91f74bbd9e464f74e3d831386d5033 service=relay/api slot=64 slotEpochPos=1 slotStartSec=1733017282 timestampAfterDecode=1733017282100 timestampAfterSignatureVerify=1733017282102 timestampRequestStart=1733017282099 ua="mev-boost/v1.8.1 Lighthouse/v5.3.0-2e0eb6d" version=b4947ea-dev
time="2024-12-01T01:41:22Z" level=warning msg="execution payload not found in redis" blockHash=0x0387cffd18c1be6ffdd7f84801afbc18b6c054abf076076007f42e01b829731a contentLength=3485 datastoreMethod=GetGetPayloadResponse error="redis: nil" feeRecipient=0x8943545177806ED17B9F23F0a21ee5948eCaa776 headSlot=63 headSlotEpochPos=32 idArg= method=getPayload mevBoostV=v1.8.1 msIntoSlot=100 proposerIndex=53 proposerPubkey=0xb09cb155daf2022afd18114a352e506a84065c80573cb0c7c310cbe92e2706cdcf91f74bbd9e464f74e3d831386d5033 service=relay/api slot=64 slotEpochPos=1 slotStartSec=1733017282 timestampAfterDecode=1733017282100 timestampAfterSignatureVerify=1733017282102 timestampRequestStart=1733017282099 ua="mev-boost/v1.8.1 Lighthouse/v5.3.0-2e0eb6d" version=b4947ea-dev
time="2024-12-01T01:41:22Z" level=warning msg="execution payload not found in database" blockHash=0x0387cffd18c1be6ffdd7f84801afbc18b6c054abf076076007f42e01b829731a contentLength=3485 datastoreMethod=GetGetPayloadResponse error="sql: no rows in result set" feeRecipient=0x8943545177806ED17B9F23F0a21ee5948eCaa776 headSlot=63 headSlotEpochPos=32 idArg= method=getPayload mevBoostV=v1.8.1 msIntoSlot=100 proposerIndex=53 proposerPubkey=0xb09cb155daf2022afd18114a352e506a84065c80573cb0c7c310cbe92e2706cdcf91f74bbd9e464f74e3d831386d5033 service=relay/api slot=64 slotEpochPos=1 slotStartSec=1733017282 timestampAfterDecode=1733017282100 timestampAfterSignatureVerify=1733017282102 timestampRequestStart=1733017282099 ua="mev-boost/v1.8.1 Lighthouse/v5.3.0-2e0eb6d" version=b4947ea-dev
time="2024-12-01T01:41:22Z" level=warning msg="failed getting execution payload (2/2) - payload not found, block was never submitted to this relay" blockHash=0x0387cffd18c1be6ffdd7f84801afbc18b6c054abf076076007f42e01b829731a contentLength=3485 feeRecipient=0x8943545177806ED17B9F23F0a21ee5948eCaa776 headSlot=63 headSlotEpochPos=32 idArg= method=getPayload mevBoostV=v1.8.1 msIntoSlot=100 proposerIndex=53 proposerPubkey=0xb09cb155daf2022afd18114a352e506a84065c80573cb0c7c310cbe92e2706cdcf91f74bbd9e464f74e3d831386d5033 service=relay/api slot=64 slotEpochPos=1 slotStartSec=1733017282 timestampAfterDecode=1733017282100 timestampAfterSignatureVerify=1733017282102 timestampRequestStart=1733017282099 ua="mev-boost/v1.8.1 Lighthouse/v5.3.0-2e0eb6d" version=b4947ea-dev
time="2024-12-01T01:41:22Z" level=info msg="failed to get bidTrace for delivered payload from redis" blockHash=0x0387cffd18c1be6ffdd7f84801afbc18b6c054abf076076007f42e01b829731a contentLength=3485 error="redis: nil" feeRecipient=0x8943545177806ED17B9F23F0a21ee5948eCaa776 headSlot=63 headSlotEpochPos=32 idArg= method=getPayload mevBoostV=v1.8.1 msIntoSlot=100 proposerIndex=53 proposerPubkey=0xb09cb155daf2022afd18114a352e506a84065c80573cb0c7c310cbe92e2706cdcf91f74bbd9e464f74e3d831386d5033 service=relay/api slot=64 slotEpochPos=1 slotStartSec=1733017282 timestampAfterDecode=1733017282100 timestampAfterSignatureVerify=1733017282102 timestampRequestStart=1733017282099 ua="mev-boost/v1.8.1 Lighthouse/v5.3.0-2e0eb6d" version=b4947ea-dev
time="2024-12-01T01:41:22Z" level=info msg="request finished" blockHash=0x0387cffd18c1be6ffdd7f84801afbc18b6c054abf076076007f42e01b829731a contentLength=3485 feeRecipient=0x8943545177806ED17B9F23F0a21ee5948eCaa776 headSlot=63 headSlotEpochPos=32 idArg= method=getPayload mevBoostV=v1.8.1 msIntoSlot=100 proposerIndex=53 proposerPubkey=0xb09cb155daf2022afd18114a352e506a84065c80573cb0c7c310cbe92e2706cdcf91f74bbd9e464f74e3d831386d5033 requestDurationMs=105 service=relay/api slot=64 slotEpochPos=1 slotStartSec=1733017282 timestampAfterDecode=1733017282100 timestampAfterSignatureVerify=1733017282102 timestampRequestFin=1733017282205 timestampRequestStart=1733017282099 ua="mev-boost/v1.8.1 Lighthouse/v5.3.0-2e0eb6d" version=b4947ea-dev
time="2024-12-01T01:41:22Z" level=info msg="http: POST /eth/v1/builder/blinded_blocks 400" duration=0.105460 method=POST path=/eth/v1/builder/blinded_blocks service=relay/api status=400 version=b4947ea-dev
time="2024-12-01T01:41:22Z" level=info msg="request initiated --> handleGetPayload" contentLength=3485 headSlot=63 headSlotEpochPos=32 idArg= method=getPayload mevBoostV=v1.8.1 service=relay/api timestampRequestStart=1733017282306 ua="mev-boost/v1.8.1 Lighthouse/v5.3.0-2e0eb6d" version=b4947ea-dev
time="2024-12-01T01:41:22Z" level=info msg="getPayload request received" blockHash=0x0387cffd18c1be6ffdd7f84801afbc18b6c054abf076076007f42e01b829731a contentLength=3485 feeRecipient=0x8943545177806ED17B9F23F0a21ee5948eCaa776 headSlot=63 headSlotEpochPos=32 idArg= method=getPayload mevBoostV=v1.8.1 msIntoSlot=306 proposerIndex=53 proposerPubkey=0xb09cb155daf2022afd18114a352e506a84065c80573cb0c7c310cbe92e2706cdcf91f74bbd9e464f74e3d831386d5033 service=relay/api slot=64 slotEpochPos=1 slotStartSec=1733017282 timestampAfterDecode=1733017282306 timestampAfterSignatureVerify=1733017282307 timestampRequestStart=1733017282306 ua="mev-boost/v1.8.1 Lighthouse/v5.3.0-2e0eb6d" version=b4947ea-dev
time="2024-12-01T01:41:22Z" level=warning msg="execution payload not found in redis" blockHash=0x0387cffd18c1be6ffdd7f84801afbc18b6c054abf076076007f42e01b829731a contentLength=3485 datastoreMethod=GetGetPayloadResponse error="redis: nil" feeRecipient=0x8943545177806ED17B9F23F0a21ee5948eCaa776 headSlot=63 headSlotEpochPos=32 idArg= method=getPayload mevBoostV=v1.8.1 msIntoSlot=306 proposerIndex=53 proposerPubkey=0xb09cb155daf2022afd18114a352e506a84065c80573cb0c7c310cbe92e2706cdcf91f74bbd9e464f74e3d831386d5033 service=relay/api slot=64 slotEpochPos=1 slotStartSec=1733017282 timestampAfterDecode=1733017282306 timestampAfterSignatureVerify=1733017282307 timestampRequestStart=1733017282306 ua="mev-boost/v1.8.1 Lighthouse/v5.3.0-2e0eb6d" version=b4947ea-dev
time="2024-12-01T01:41:22Z" level=warning msg="execution payload not found in database" blockHash=0x0387cffd18c1be6ffdd7f84801afbc18b6c054abf076076007f42e01b829731a contentLength=3485 datastoreMethod=GetGetPayloadResponse error="sql: no rows in result set" feeRecipient=0x8943545177806ED17B9F23F0a21ee5948eCaa776 headSlot=63 headSlotEpochPos=32 idArg= method=getPayload mevBoostV=v1.8.1 msIntoSlot=306 proposerIndex=53 proposerPubkey=0xb09cb155daf2022afd18114a352e506a84065c80573cb0c7c310cbe92e2706cdcf91f74bbd9e464f74e3d831386d5033 service=relay/api slot=64 slotEpochPos=1 slotStartSec=1733017282 timestampAfterDecode=1733017282306 timestampAfterSignatureVerify=1733017282307 timestampRequestStart=1733017282306 ua="mev-boost/v1.8.1 Lighthouse/v5.3.0-2e0eb6d" version=b4947ea-dev
time="2024-12-01T01:41:22Z" level=warning msg="failed getting execution payload (1/2)" blockHash=0x0387cffd18c1be6ffdd7f84801afbc18b6c054abf076076007f42e01b829731a contentLength=3485 error="execution payload not found" feeRecipient=0x8943545177806ED17B9F23F0a21ee5948eCaa776 headSlot=63 headSlotEpochPos=32 idArg= method=getPayload mevBoostV=v1.8.1 msIntoSlot=306 proposerIndex=53 proposerPubkey=0xb09cb155daf2022afd18114a352e506a84065c80573cb0c7c310cbe92e2706cdcf91f74bbd9e464f74e3d831386d5033 service=relay/api slot=64 slotEpochPos=1 slotStartSec=1733017282 timestampAfterDecode=1733017282306 timestampAfterSignatureVerify=1733017282307 timestampRequestStart=1733017282306 ua="mev-boost/v1.8.1 Lighthouse/v5.3.0-2e0eb6d" version=b4947ea-dev
time="2024-12-01T01:41:22Z" level=warning msg="execution payload not found in redis" blockHash=0x0387cffd18c1be6ffdd7f84801afbc18b6c054abf076076007f42e01b829731a contentLength=3485 datastoreMethod=GetGetPayloadResponse error="redis: nil" feeRecipient=0x8943545177806ED17B9F23F0a21ee5948eCaa776 headSlot=63 headSlotEpochPos=32 idArg= method=getPayload mevBoostV=v1.8.1 msIntoSlot=306 proposerIndex=53 proposerPubkey=0xb09cb155daf2022afd18114a352e506a84065c80573cb0c7c310cbe92e2706cdcf91f74bbd9e464f74e3d831386d5033 service=relay/api slot=64 slotEpochPos=1 slotStartSec=1733017282 timestampAfterDecode=1733017282306 timestampAfterSignatureVerify=1733017282307 timestampRequestStart=1733017282306 ua="mev-boost/v1.8.1 Lighthouse/v5.3.0-2e0eb6d" version=b4947ea-dev
time="2024-12-01T01:41:22Z" level=warning msg="execution payload not found in database" blockHash=0x0387cffd18c1be6ffdd7f84801afbc18b6c054abf076076007f42e01b829731a contentLength=3485 datastoreMethod=GetGetPayloadResponse error="sql: no rows in result set" feeRecipient=0x8943545177806ED17B9F23F0a21ee5948eCaa776 headSlot=63 headSlotEpochPos=32 idArg= method=getPayload mevBoostV=v1.8.1 msIntoSlot=306 proposerIndex=53 proposerPubkey=0xb09cb155daf2022afd18114a352e506a84065c80573cb0c7c310cbe92e2706cdcf91f74bbd9e464f74e3d831386d5033 service=relay/api slot=64 slotEpochPos=1 slotStartSec=1733017282 timestampAfterDecode=1733017282306 timestampAfterSignatureVerify=1733017282307 timestampRequestStart=1733017282306 ua="mev-boost/v1.8.1 Lighthouse/v5.3.0-2e0eb6d" version=b4947ea-dev
time="2024-12-01T01:41:22Z" level=warning msg="failed getting execution payload (2/2) - payload not found, block was never submitted to this relay" blockHash=0x0387cffd18c1be6ffdd7f84801afbc18b6c054abf076076007f42e01b829731a contentLength=3485 feeRecipient=0x8943545177806ED17B9F23F0a21ee5948eCaa776 headSlot=63 headSlotEpochPos=32 idArg= method=getPayload mevBoostV=v1.8.1 msIntoSlot=306 proposerIndex=53 proposerPubkey=0xb09cb155daf2022afd18114a352e506a84065c80573cb0c7c310cbe92e2706cdcf91f74bbd9e464f74e3d831386d5033 service=relay/api slot=64 slotEpochPos=1 slotStartSec=1733017282 timestampAfterDecode=1733017282306 timestampAfterSignatureVerify=1733017282307 timestampRequestStart=1733017282306 ua="mev-boost/v1.8.1 Lighthouse/v5.3.0-2e0eb6d" version=b4947ea-dev
time="2024-12-01T01:41:22Z" level=info msg="failed to get bidTrace for delivered payload from redis" blockHash=0x0387cffd18c1be6ffdd7f84801afbc18b6c054abf076076007f42e01b829731a contentLength=3485 error="redis: nil" feeRecipient=0x8943545177806ED17B9F23F0a21ee5948eCaa776 headSlot=63 headSlotEpochPos=32 idArg= method=getPayload mevBoostV=v1.8.1 msIntoSlot=306 proposerIndex=53 proposerPubkey=0xb09cb155daf2022afd18114a352e506a84065c80573cb0c7c310cbe92e2706cdcf91f74bbd9e464f74e3d831386d5033 service=relay/api slot=64 slotEpochPos=1 slotStartSec=1733017282 timestampAfterDecode=1733017282306 timestampAfterSignatureVerify=1733017282307 timestampRequestStart=1733017282306 ua="mev-boost/v1.8.1 Lighthouse/v5.3.0-2e0eb6d" version=b4947ea-dev
time="2024-12-01T01:41:22Z" level=info msg="request finished" blockHash=0x0387cffd18c1be6ffdd7f84801afbc18b6c054abf076076007f42e01b829731a contentLength=3485 feeRecipient=0x8943545177806ED17B9F23F0a21ee5948eCaa776 headSlot=63 headSlotEpochPos=32 idArg= method=getPayload mevBoostV=v1.8.1 msIntoSlot=306 proposerIndex=53 proposerPubkey=0xb09cb155daf2022afd18114a352e506a84065c80573cb0c7c310cbe92e2706cdcf91f74bbd9e464f74e3d831386d5033 requestDurationMs=103 service=relay/api slot=64 slotEpochPos=1 slotStartSec=1733017282 timestampAfterDecode=1733017282306 timestampAfterSignatureVerify=1733017282307 timestampRequestFin=1733017282409 timestampRequestStart=1733017282306 ua="mev-boost/v1.8.1 Lighthouse/v5.3.0-2e0eb6d" version=b4947ea-dev
time="2024-12-01T01:41:22Z" level=info msg="http: POST /eth/v1/builder/blinded_blocks 400" duration=0.103673 method=POST path=/eth/v1/builder/blinded_blocks service=relay/api status=400 version=b4947ea-dev
time="2024-12-01T01:41:22Z" level=info msg="request initiated --> handleGetPayload" contentLength=3485 headSlot=63 headSlotEpochPos=32 idArg= method=getPayload mevBoostV=v1.8.1 service=relay/api timestampRequestStart=1733017282510 ua="mev-boost/v1.8.1 Lighthouse/v5.3.0-2e0eb6d" version=b4947ea-dev
time="2024-12-01T01:41:22Z" level=info msg="getPayload request received" blockHash=0x0387cffd18c1be6ffdd7f84801afbc18b6c054abf076076007f42e01b829731a contentLength=3485 feeRecipient=0x8943545177806ED17B9F23F0a21ee5948eCaa776 headSlot=63 headSlotEpochPos=32 idArg= method=getPayload mevBoostV=v1.8.1 msIntoSlot=510 proposerIndex=53 proposerPubkey=0xb09cb155daf2022afd18114a352e506a84065c80573cb0c7c310cbe92e2706cdcf91f74bbd9e464f74e3d831386d5033 service=relay/api slot=64 slotEpochPos=1 slotStartSec=1733017282 timestampAfterDecode=1733017282510 timestampAfterSignatureVerify=1733017282512 timestampRequestStart=1733017282510 ua="mev-boost/v1.8.1 Lighthouse/v5.3.0-2e0eb6d" version=b4947ea-dev
time="2024-12-01T01:41:22Z" level=warning msg="execution payload not found in redis" blockHash=0x0387cffd18c1be6ffdd7f84801afbc18b6c054abf076076007f42e01b829731a contentLength=3485 datastoreMethod=GetGetPayloadResponse error="redis: nil" feeRecipient=0x8943545177806ED17B9F23F0a21ee5948eCaa776 headSlot=63 headSlotEpochPos=32 idArg= method=getPayload mevBoostV=v1.8.1 msIntoSlot=510 proposerIndex=53 proposerPubkey=0xb09cb155daf2022afd18114a352e506a84065c80573cb0c7c310cbe92e2706cdcf91f74bbd9e464f74e3d831386d5033 service=relay/api slot=64 slotEpochPos=1 slotStartSec=1733017282 timestampAfterDecode=1733017282510 timestampAfterSignatureVerify=1733017282512 timestampRequestStart=1733017282510 ua="mev-boost/v1.8.1 Lighthouse/v5.3.0-2e0eb6d" version=b4947ea-dev
time="2024-12-01T01:41:22Z" level=warning msg="execution payload not found in database" blockHash=0x0387cffd18c1be6ffdd7f84801afbc18b6c054abf076076007f42e01b829731a contentLength=3485 datastoreMethod=GetGetPayloadResponse error="sql: no rows in result set" feeRecipient=0x8943545177806ED17B9F23F0a21ee5948eCaa776 headSlot=63 headSlotEpochPos=32 idArg= method=getPayload mevBoostV=v1.8.1 msIntoSlot=510 proposerIndex=53 proposerPubkey=0xb09cb155daf2022afd18114a352e506a84065c80573cb0c7c310cbe92e2706cdcf91f74bbd9e464f74e3d831386d5033 service=relay/api slot=64 slotEpochPos=1 slotStartSec=1733017282 timestampAfterDecode=1733017282510 timestampAfterSignatureVerify=1733017282512 timestampRequestStart=1733017282510 ua="mev-boost/v1.8.1 Lighthouse/v5.3.0-2e0eb6d" version=b4947ea-dev
time="2024-12-01T01:41:22Z" level=warning msg="failed getting execution payload (1/2)" blockHash=0x0387cffd18c1be6ffdd7f84801afbc18b6c054abf076076007f42e01b829731a contentLength=3485 error="execution payload not found" feeRecipient=0x8943545177806ED17B9F23F0a21ee5948eCaa776 headSlot=63 headSlotEpochPos=32 idArg= method=getPayload mevBoostV=v1.8.1 msIntoSlot=510 proposerIndex=53 proposerPubkey=0xb09cb155daf2022afd18114a352e506a84065c80573cb0c7c310cbe92e2706cdcf91f74bbd9e464f74e3d831386d5033 service=relay/api slot=64 slotEpochPos=1 slotStartSec=1733017282 timestampAfterDecode=1733017282510 timestampAfterSignatureVerify=1733017282512 timestampRequestStart=1733017282510 ua="mev-boost/v1.8.1 Lighthouse/v5.3.0-2e0eb6d" version=b4947ea-dev
time="2024-12-01T01:41:22Z" level=info msg="request initiated" cancellationEnabled=false contentLength=69101 headSlot=63 method=submitNewBlock service=relay/api timestampRequestStart=1733017282525 version=b4947ea-dev
time="2024-12-01T01:41:22Z" level=info msg="unable to read builder: 0xaa1488eae4b06a1fff840a2b6db167afc520758dc2c8af0dfb57037954df3431b747e2f900fe8805f05d635e9a29717b from the builder cache, using low-prio and no collateral" blobGasUsed=0 blockHash=0x2d80be7c1fe51932f60e9c0070a24f65b6ee9c46efb57086ba62182b07dddcd7 builderPubkey=0xaa1488eae4b06a1fff840a2b6db167afc520758dc2c8af0dfb57037954df3431b747e2f900fe8805f05d635e9a29717b cancellationEnabled=false contentLength=69101 excessBlobGas=0 headSlot=63 isLargeRequest=false method=submitNewBlock numBlobs=0 numTx=189 parentHash=0xab1a3e6fc3c446e9c81d2520364830fa74c50923755a196a2c7c5165c59b1779 payloadBytes=69101 proposerPubkey=0xa39731d5cb52838d02d4ff897ab908c0f76a9ef837f9288c634ed3091a1f69d5347dc65cd2c8009a5207a369a4c6bdae reqContentType=json reqIsGzip=false service=relay/api slot=65 timestampAfterDecoding=1733017282528 timestampRequestStart=1733017282525 value=10096932635728246 version=b4947ea-dev
time="2024-12-01T01:41:22Z" level=info msg="block validation successful" blobGasUsed=0 blockHash=0x2d80be7c1fe51932f60e9c0070a24f65b6ee9c46efb57086ba62182b07dddcd7 builderIsHighPrio=false builderPubkey=0xaa1488eae4b06a1fff840a2b6db167afc520758dc2c8af0dfb57037954df3431b747e2f900fe8805f05d635e9a29717b cancellationEnabled=false contentLength=69101 durationMs=31 excessBlobGas=0 fastTrackValidation=false headSlot=63 isLargeRequest=false method=submitNewBlock newBidIsTopBid=true numBlobs=0 numTx=189 numWaiting=0 parentHash=0xab1a3e6fc3c446e9c81d2520364830fa74c50923755a196a2c7c5165c59b1779 payloadBytes=69101 proposerPubkey=0xa39731d5cb52838d02d4ff897ab908c0f76a9ef837f9288c634ed3091a1f69d5347dc65cd2c8009a5207a369a4c6bdae reqContentType=json reqIsGzip=false service=relay/api slot=65 timestampAfterCheckingFloorBid=1733017282529 timestampAfterCheckingTopBid=1733017282529 timestampAfterDecoding=1733017282528 timestampAfterSignatureCheck=1733017282529 timestampBeforeCheckingFloorBid=1733017282529 timestampBeforeCheckingTopBid=1733017282529 timestampBeforeSignatureCheck=1733017282528 timestampBeforeValidation=1733017282529 timestampRequestStart=1733017282525 topBidValue=0 value=10096932635728246 version=b4947ea-dev
time="2024-12-01T01:41:22Z" level=info msg="received block from builder" blobGasUsed=0 blockHash=0x2d80be7c1fe51932f60e9c0070a24f65b6ee9c46efb57086ba62182b07dddcd7 builderIsHighPrio=false builderPubkey=0xaa1488eae4b06a1fff840a2b6db167afc520758dc2c8af0dfb57037954df3431b747e2f900fe8805f05d635e9a29717b cancellationEnabled=false contentLength=69101 excessBlobGas=0 fastTrackValidation=false headSlot=63 isLargeRequest=false method=submitNewBlock newBidIsTopBid=true numBlobs=0 numTx=189 parentHash=0xab1a3e6fc3c446e9c81d2520364830fa74c50923755a196a2c7c5165c59b1779 payloadBytes=69101 prevTopBidValue=0 profileDecodeUs=2039 profilePrechecksUs=1783 profileRedisSavePayloadUs=28 profileRedisUpdateFloorUs=80 profileRedisUpdateTopBidUs=187 profileRedisUs=1744 profileSimUs=31790 profileTotalUs=37508 proposerPubkey=0xa39731d5cb52838d02d4ff897ab908c0f76a9ef837f9288c634ed3091a1f69d5347dc65cd2c8009a5207a369a4c6bdae reqContentType=json reqIsGzip=false service=relay/api slot=65 timestampAfterBidUpdate=1733017282563 timestampAfterCheckingFloorBid=1733017282529 timestampAfterCheckingTopBid=1733017282529 timestampAfterDecoding=1733017282528 timestampAfterSignatureCheck=1733017282529 timestampAfterValidation=1733017282561 timestampBeforeCheckingFloorBid=1733017282529 timestampBeforeCheckingTopBid=1733017282529 timestampBeforeSignatureCheck=1733017282528 timestampBeforeValidation=1733017282529 timestampEligibleAt=1733017282563 timestampRequestStart=1733017282525 topBidValue=10096932635728246 validationDurationMs=31 value=10096932635728246 version=b4947ea-dev wasBidSavedInRedis=true wasTopBidUpdated=true
time="2024-12-01T01:41:22Z" level=info msg="request finished" blobGasUsed=0 blockHash=0x2d80be7c1fe51932f60e9c0070a24f65b6ee9c46efb57086ba62182b07dddcd7 builderIsHighPrio=false builderPubkey=0xaa1488eae4b06a1fff840a2b6db167afc520758dc2c8af0dfb57037954df3431b747e2f900fe8805f05d635e9a29717b cancellationEnabled=false contentLength=69101 excessBlobGas=0 fastTrackValidation=false headSlot=63 isLargeRequest=false method=submitNewBlock newBidIsTopBid=true numBlobs=0 numTx=189 parentHash=0xab1a3e6fc3c446e9c81d2520364830fa74c50923755a196a2c7c5165c59b1779 payloadBytes=69101 prevTopBidValue=0 profileRedisSavePayloadUs=28 profileRedisUpdateFloorUs=80 profileRedisUpdateTopBidUs=187 proposerPubkey=0xa39731d5cb52838d02d4ff897ab908c0f76a9ef837f9288c634ed3091a1f69d5347dc65cd2c8009a5207a369a4c6bdae reqContentType=json reqIsGzip=false requestDurationMs=47 service=relay/api slot=65 timestampAfterBidUpdate=1733017282563 timestampAfterCheckingFloorBid=1733017282529 timestampAfterCheckingTopBid=1733017282529 timestampAfterDecoding=1733017282528 timestampAfterSignatureCheck=1733017282529 timestampAfterValidation=1733017282561 timestampBeforeCheckingFloorBid=1733017282529 timestampBeforeCheckingTopBid=1733017282529 timestampBeforeSignatureCheck=1733017282528 timestampBeforeValidation=1733017282529 timestampEligibleAt=1733017282563 timestampRequestFin=1733017282573 timestampRequestStart=1733017282525 topBidValue=10096932635728246 validationDurationMs=31 value=10096932635728246 version=b4947ea-dev wasBidSavedInRedis=true wasTopBidUpdated=true
time="2024-12-01T01:41:22Z" level=info msg="http: POST /relay/v1/builder/blocks 200" duration=0.047252 method=POST path=/relay/v1/builder/blocks service=relay/api status=200 version=b4947ea-dev
time="2024-12-01T01:41:22Z" level=warning msg="execution payload not found in redis" blockHash=0x0387cffd18c1be6ffdd7f84801afbc18b6c054abf076076007f42e01b829731a contentLength=3485 datastoreMethod=GetGetPayloadResponse error="redis: nil" feeRecipient=0x8943545177806ED17B9F23F0a21ee5948eCaa776 headSlot=63 headSlotEpochPos=32 idArg= method=getPayload mevBoostV=v1.8.1 msIntoSlot=510 proposerIndex=53 proposerPubkey=0xb09cb155daf2022afd18114a352e506a84065c80573cb0c7c310cbe92e2706cdcf91f74bbd9e464f74e3d831386d5033 service=relay/api slot=64 slotEpochPos=1 slotStartSec=1733017282 timestampAfterDecode=1733017282510 timestampAfterSignatureVerify=1733017282512 timestampRequestStart=1733017282510 ua="mev-boost/v1.8.1 Lighthouse/v5.3.0-2e0eb6d" version=b4947ea-dev
time="2024-12-01T01:41:22Z" level=warning msg="execution payload not found in database" blockHash=0x0387cffd18c1be6ffdd7f84801afbc18b6c054abf076076007f42e01b829731a contentLength=3485 datastoreMethod=GetGetPayloadResponse error="sql: no rows in result set" feeRecipient=0x8943545177806ED17B9F23F0a21ee5948eCaa776 headSlot=63 headSlotEpochPos=32 idArg= method=getPayload mevBoostV=v1.8.1 msIntoSlot=510 proposerIndex=53 proposerPubkey=0xb09cb155daf2022afd18114a352e506a84065c80573cb0c7c310cbe92e2706cdcf91f74bbd9e464f74e3d831386d5033 service=relay/api slot=64 slotEpochPos=1 slotStartSec=1733017282 timestampAfterDecode=1733017282510 timestampAfterSignatureVerify=1733017282512 timestampRequestStart=1733017282510 ua="mev-boost/v1.8.1 Lighthouse/v5.3.0-2e0eb6d" version=b4947ea-dev
time="2024-12-01T01:41:22Z" level=warning msg="failed getting execution payload (2/2) - payload not found, block was never submitted to this relay" blockHash=0x0387cffd18c1be6ffdd7f84801afbc18b6c054abf076076007f42e01b829731a contentLength=3485 feeRecipient=0x8943545177806ED17B9F23F0a21ee5948eCaa776 headSlot=63 headSlotEpochPos=32 idArg= method=getPayload mevBoostV=v1.8.1 msIntoSlot=510 proposerIndex=53 proposerPubkey=0xb09cb155daf2022afd18114a352e506a84065c80573cb0c7c310cbe92e2706cdcf91f74bbd9e464f74e3d831386d5033 service=relay/api slot=64 slotEpochPos=1 slotStartSec=1733017282 timestampAfterDecode=1733017282510 timestampAfterSignatureVerify=1733017282512 timestampRequestStart=1733017282510 ua="mev-boost/v1.8.1 Lighthouse/v5.3.0-2e0eb6d" version=b4947ea-dev
time="2024-12-01T01:41:22Z" level=info msg="failed to get bidTrace for delivered payload from redis" blockHash=0x0387cffd18c1be6ffdd7f84801afbc18b6c054abf076076007f42e01b829731a contentLength=3485 error="redis: nil" feeRecipient=0x8943545177806ED17B9F23F0a21ee5948eCaa776 headSlot=63 headSlotEpochPos=32 idArg= method=getPayload mevBoostV=v1.8.1 msIntoSlot=510 proposerIndex=53 proposerPubkey=0xb09cb155daf2022afd18114a352e506a84065c80573cb0c7c310cbe92e2706cdcf91f74bbd9e464f74e3d831386d5033 service=relay/api slot=64 slotEpochPos=1 slotStartSec=1733017282 timestampAfterDecode=1733017282510 timestampAfterSignatureVerify=1733017282512 timestampRequestStart=1733017282510 ua="mev-boost/v1.8.1 Lighthouse/v5.3.0-2e0eb6d" version=b4947ea-dev
time="2024-12-01T01:41:22Z" level=info msg="request finished" blockHash=0x0387cffd18c1be6ffdd7f84801afbc18b6c054abf076076007f42e01b829731a contentLength=3485 feeRecipient=0x8943545177806ED17B9F23F0a21ee5948eCaa776 headSlot=63 headSlotEpochPos=32 idArg= method=getPayload mevBoostV=v1.8.1 msIntoSlot=510 proposerIndex=53 proposerPubkey=0xb09cb155daf2022afd18114a352e506a84065c80573cb0c7c310cbe92e2706cdcf91f74bbd9e464f74e3d831386d5033 requestDurationMs=103 service=relay/api slot=64 slotEpochPos=1 slotStartSec=1733017282 timestampAfterDecode=1733017282510 timestampAfterSignatureVerify=1733017282512 timestampRequestFin=1733017282614 timestampRequestStart=1733017282510 ua="mev-boost/v1.8.1 Lighthouse/v5.3.0-2e0eb6d" version=b4947ea-dev
time="2024-12-01T01:41:22Z" level=info msg="http: POST /eth/v1/builder/blinded_blocks 400" duration=0.103993 method=POST path=/eth/v1/builder/blinded_blocks service=relay/api status=400 version=b4947ea-dev
time="2024-12-01T01:41:22Z" level=info msg="request initiated --> handleGetPayload" contentLength=3485 headSlot=63 headSlotEpochPos=32 idArg= method=getPayload mevBoostV=v1.8.1 service=relay/api timestampRequestStart=1733017282715 ua="mev-boost/v1.8.1 Lighthouse/v5.3.0-2e0eb6d" version=b4947ea-dev
time="2024-12-01T01:41:22Z" level=info msg="getPayload request received" blockHash=0x0387cffd18c1be6ffdd7f84801afbc18b6c054abf076076007f42e01b829731a contentLength=3485 feeRecipient=0x8943545177806ED17B9F23F0a21ee5948eCaa776 headSlot=63 headSlotEpochPos=32 idArg= method=getPayload mevBoostV=v1.8.1 msIntoSlot=715 proposerIndex=53 proposerPubkey=0xb09cb155daf2022afd18114a352e506a84065c80573cb0c7c310cbe92e2706cdcf91f74bbd9e464f74e3d831386d5033 service=relay/api slot=64 slotEpochPos=1 slotStartSec=1733017282 timestampAfterDecode=1733017282715 timestampAfterSignatureVerify=1733017282717 timestampRequestStart=1733017282715 ua="mev-boost/v1.8.1 Lighthouse/v5.3.0-2e0eb6d" version=b4947ea-dev
time="2024-12-01T01:41:22Z" level=warning msg="execution payload not found in redis" blockHash=0x0387cffd18c1be6ffdd7f84801afbc18b6c054abf076076007f42e01b829731a contentLength=3485 datastoreMethod=GetGetPayloadResponse error="redis: nil" feeRecipient=0x8943545177806ED17B9F23F0a21ee5948eCaa776 headSlot=63 headSlotEpochPos=32 idArg= method=getPayload mevBoostV=v1.8.1 msIntoSlot=715 proposerIndex=53 proposerPubkey=0xb09cb155daf2022afd18114a352e506a84065c80573cb0c7c310cbe92e2706cdcf91f74bbd9e464f74e3d831386d5033 service=relay/api slot=64 slotEpochPos=1 slotStartSec=1733017282 timestampAfterDecode=1733017282715 timestampAfterSignatureVerify=1733017282717 timestampRequestStart=1733017282715 ua="mev-boost/v1.8.1 Lighthouse/v5.3.0-2e0eb6d" version=b4947ea-dev
time="2024-12-01T01:41:22Z" level=warning msg="execution payload not found in database" blockHash=0x0387cffd18c1be6ffdd7f84801afbc18b6c054abf076076007f42e01b829731a contentLength=3485 datastoreMethod=GetGetPayloadResponse error="sql: no rows in result set" feeRecipient=0x8943545177806ED17B9F23F0a21ee5948eCaa776 headSlot=63 headSlotEpochPos=32 idArg= method=getPayload mevBoostV=v1.8.1 msIntoSlot=715 proposerIndex=53 proposerPubkey=0xb09cb155daf2022afd18114a352e506a84065c80573cb0c7c310cbe92e2706cdcf91f74bbd9e464f74e3d831386d5033 service=relay/api slot=64 slotEpochPos=1 slotStartSec=1733017282 timestampAfterDecode=1733017282715 timestampAfterSignatureVerify=1733017282717 timestampRequestStart=1733017282715 ua="mev-boost/v1.8.1 Lighthouse/v5.3.0-2e0eb6d" version=b4947ea-dev
time="2024-12-01T01:41:22Z" level=warning msg="failed getting execution payload (1/2)" blockHash=0x0387cffd18c1be6ffdd7f84801afbc18b6c054abf076076007f42e01b829731a contentLength=3485 error="execution payload not found" feeRecipient=0x8943545177806ED17B9F23F0a21ee5948eCaa776 headSlot=63 headSlotEpochPos=32 idArg= method=getPayload mevBoostV=v1.8.1 msIntoSlot=715 proposerIndex=53 proposerPubkey=0xb09cb155daf2022afd18114a352e506a84065c80573cb0c7c310cbe92e2706cdcf91f74bbd9e464f74e3d831386d5033 service=relay/api slot=64 slotEpochPos=1 slotStartSec=1733017282 timestampAfterDecode=1733017282715 timestampAfterSignatureVerify=1733017282717 timestampRequestStart=1733017282715 ua="mev-boost/v1.8.1 Lighthouse/v5.3.0-2e0eb6d" version=b4947ea-dev
time="2024-12-01T01:41:22Z" level=warning msg="execution payload not found in redis" blockHash=0x0387cffd18c1be6ffdd7f84801afbc18b6c054abf076076007f42e01b829731a contentLength=3485 datastoreMethod=GetGetPayloadResponse error="redis: nil" feeRecipient=0x8943545177806ED17B9F23F0a21ee5948eCaa776 headSlot=63 headSlotEpochPos=32 idArg= method=getPayload mevBoostV=v1.8.1 msIntoSlot=715 proposerIndex=53 proposerPubkey=0xb09cb155daf2022afd18114a352e506a84065c80573cb0c7c310cbe92e2706cdcf91f74bbd9e464f74e3d831386d5033 service=relay/api slot=64 slotEpochPos=1 slotStartSec=1733017282 timestampAfterDecode=1733017282715 timestampAfterSignatureVerify=1733017282717 timestampRequestStart=1733017282715 ua="mev-boost/v1.8.1 Lighthouse/v5.3.0-2e0eb6d" version=b4947ea-dev
time="2024-12-01T01:41:22Z" level=warning msg="execution payload not found in database" blockHash=0x0387cffd18c1be6ffdd7f84801afbc18b6c054abf076076007f42e01b829731a contentLength=3485 datastoreMethod=GetGetPayloadResponse error="sql: no rows in result set" feeRecipient=0x8943545177806ED17B9F23F0a21ee5948eCaa776 headSlot=63 headSlotEpochPos=32 idArg= method=getPayload mevBoostV=v1.8.1 msIntoSlot=715 proposerIndex=53 proposerPubkey=0xb09cb155daf2022afd18114a352e506a84065c80573cb0c7c310cbe92e2706cdcf91f74bbd9e464f74e3d831386d5033 service=relay/api slot=64 slotEpochPos=1 slotStartSec=1733017282 timestampAfterDecode=1733017282715 timestampAfterSignatureVerify=1733017282717 timestampRequestStart=1733017282715 ua="mev-boost/v1.8.1 Lighthouse/v5.3.0-2e0eb6d" version=b4947ea-dev
time="2024-12-01T01:41:22Z" level=warning msg="failed getting execution payload (2/2) - payload not found, block was never submitted to this relay" blockHash=0x0387cffd18c1be6ffdd7f84801afbc18b6c054abf076076007f42e01b829731a contentLength=3485 feeRecipient=0x8943545177806ED17B9F23F0a21ee5948eCaa776 headSlot=63 headSlotEpochPos=32 idArg= method=getPayload mevBoostV=v1.8.1 msIntoSlot=715 proposerIndex=53 proposerPubkey=0xb09cb155daf2022afd18114a352e506a84065c80573cb0c7c310cbe92e2706cdcf91f74bbd9e464f74e3d831386d5033 service=relay/api slot=64 slotEpochPos=1 slotStartSec=1733017282 timestampAfterDecode=1733017282715 timestampAfterSignatureVerify=1733017282717 timestampRequestStart=1733017282715 ua="mev-boost/v1.8.1 Lighthouse/v5.3.0-2e0eb6d" version=b4947ea-dev
time="2024-12-01T01:41:22Z" level=info msg="failed to get bidTrace for delivered payload from redis" blockHash=0x0387cffd18c1be6ffdd7f84801afbc18b6c054abf076076007f42e01b829731a contentLength=3485 error="redis: nil" feeRecipient=0x8943545177806ED17B9F23F0a21ee5948eCaa776 headSlot=63 headSlotEpochPos=32 idArg= method=getPayload mevBoostV=v1.8.1 msIntoSlot=715 proposerIndex=53 proposerPubkey=0xb09cb155daf2022afd18114a352e506a84065c80573cb0c7c310cbe92e2706cdcf91f74bbd9e464f74e3d831386d5033 service=relay/api slot=64 slotEpochPos=1 slotStartSec=1733017282 timestampAfterDecode=1733017282715 timestampAfterSignatureVerify=1733017282717 timestampRequestStart=1733017282715 ua="mev-boost/v1.8.1 Lighthouse/v5.3.0-2e0eb6d" version=b4947ea-dev
time="2024-12-01T01:41:22Z" level=info msg="request finished" blockHash=0x0387cffd18c1be6ffdd7f84801afbc18b6c054abf076076007f42e01b829731a contentLength=3485 feeRecipient=0x8943545177806ED17B9F23F0a21ee5948eCaa776 headSlot=63 headSlotEpochPos=32 idArg= method=getPayload mevBoostV=v1.8.1 msIntoSlot=715 proposerIndex=53 proposerPubkey=0xb09cb155daf2022afd18114a352e506a84065c80573cb0c7c310cbe92e2706cdcf91f74bbd9e464f74e3d831386d5033 requestDurationMs=104 service=relay/api slot=64 slotEpochPos=1 slotStartSec=1733017282 timestampAfterDecode=1733017282715 timestampAfterSignatureVerify=1733017282717 timestampRequestFin=1733017282819 timestampRequestStart=1733017282715 ua="mev-boost/v1.8.1 Lighthouse/v5.3.0-2e0eb6d" version=b4947ea-dev
time="2024-12-01T01:41:22Z" level=info msg="http: POST /eth/v1/builder/blinded_blocks 400" duration=0.104358 method=POST path=/eth/v1/builder/blinded_blocks service=relay/api status=400 version=b4947ea-dev
time="2024-12-01T01:41:22Z" level=info msg="request initiated --> handleGetPayload" contentLength=3485 headSlot=63 headSlotEpochPos=32 idArg= method=getPayload mevBoostV=v1.8.1 service=relay/api timestampRequestStart=1733017282920 ua="mev-boost/v1.8.1 Lighthouse/v5.3.0-2e0eb6d" version=b4947ea-dev
time="2024-12-01T01:41:22Z" level=info msg="getPayload request received" blockHash=0x0387cffd18c1be6ffdd7f84801afbc18b6c054abf076076007f42e01b829731a contentLength=3485 feeRecipient=0x8943545177806ED17B9F23F0a21ee5948eCaa776 headSlot=63 headSlotEpochPos=32 idArg= method=getPayload mevBoostV=v1.8.1 msIntoSlot=920 proposerIndex=53 proposerPubkey=0xb09cb155daf2022afd18114a352e506a84065c80573cb0c7c310cbe92e2706cdcf91f74bbd9e464f74e3d831386d5033 service=relay/api slot=64 slotEpochPos=1 slotStartSec=1733017282 timestampAfterDecode=1733017282920 timestampAfterSignatureVerify=1733017282922 timestampRequestStart=1733017282920 ua="mev-boost/v1.8.1 Lighthouse/v5.3.0-2e0eb6d" version=b4947ea-dev
time="2024-12-01T01:41:22Z" level=warning msg="execution payload not found in redis" blockHash=0x0387cffd18c1be6ffdd7f84801afbc18b6c054abf076076007f42e01b829731a contentLength=3485 datastoreMethod=GetGetPayloadResponse error="redis: nil" feeRecipient=0x8943545177806ED17B9F23F0a21ee5948eCaa776 headSlot=63 headSlotEpochPos=32 idArg= method=getPayload mevBoostV=v1.8.1 msIntoSlot=920 proposerIndex=53 proposerPubkey=0xb09cb155daf2022afd18114a352e506a84065c80573cb0c7c310cbe92e2706cdcf91f74bbd9e464f74e3d831386d5033 service=relay/api slot=64 slotEpochPos=1 slotStartSec=1733017282 timestampAfterDecode=1733017282920 timestampAfterSignatureVerify=1733017282922 timestampRequestStart=1733017282920 ua="mev-boost/v1.8.1 Lighthouse/v5.3.0-2e0eb6d" version=b4947ea-dev
time="2024-12-01T01:41:22Z" level=warning msg="execution payload not found in database" blockHash=0x0387cffd18c1be6ffdd7f84801afbc18b6c054abf076076007f42e01b829731a contentLength=3485 datastoreMethod=GetGetPayloadResponse error="sql: no rows in result set" feeRecipient=0x8943545177806ED17B9F23F0a21ee5948eCaa776 headSlot=63 headSlotEpochPos=32 idArg= method=getPayload mevBoostV=v1.8.1 msIntoSlot=920 proposerIndex=53 proposerPubkey=0xb09cb155daf2022afd18114a352e506a84065c80573cb0c7c310cbe92e2706cdcf91f74bbd9e464f74e3d831386d5033 service=relay/api slot=64 slotEpochPos=1 slotStartSec=1733017282 timestampAfterDecode=1733017282920 timestampAfterSignatureVerify=1733017282922 timestampRequestStart=1733017282920 ua="mev-boost/v1.8.1 Lighthouse/v5.3.0-2e0eb6d" version=b4947ea-dev
time="2024-12-01T01:41:22Z" level=warning msg="failed getting execution payload (1/2)" blockHash=0x0387cffd18c1be6ffdd7f84801afbc18b6c054abf076076007f42e01b829731a contentLength=3485 error="execution payload not found" feeRecipient=0x8943545177806ED17B9F23F0a21ee5948eCaa776 headSlot=63 headSlotEpochPos=32 idArg= method=getPayload mevBoostV=v1.8.1 msIntoSlot=920 proposerIndex=53 proposerPubkey=0xb09cb155daf2022afd18114a352e506a84065c80573cb0c7c310cbe92e2706cdcf91f74bbd9e464f74e3d831386d5033 service=relay/api slot=64 slotEpochPos=1 slotStartSec=1733017282 timestampAfterDecode=1733017282920 timestampAfterSignatureVerify=1733017282922 timestampRequestStart=1733017282920 ua="mev-boost/v1.8.1 Lighthouse/v5.3.0-2e0eb6d" version=b4947ea-dev
time="2024-12-01T01:41:23Z" level=warning msg="execution payload not found in redis" blockHash=0x0387cffd18c1be6ffdd7f84801afbc18b6c054abf076076007f42e01b829731a contentLength=3485 datastoreMethod=GetGetPayloadResponse error="redis: nil" feeRecipient=0x8943545177806ED17B9F23F0a21ee5948eCaa776 headSlot=63 headSlotEpochPos=32 idArg= method=getPayload mevBoostV=v1.8.1 msIntoSlot=920 proposerIndex=53 proposerPubkey=0xb09cb155daf2022afd18114a352e506a84065c80573cb0c7c310cbe92e2706cdcf91f74bbd9e464f74e3d831386d5033 service=relay/api slot=64 slotEpochPos=1 slotStartSec=1733017282 timestampAfterDecode=1733017282920 timestampAfterSignatureVerify=1733017282922 timestampRequestStart=1733017282920 ua="mev-boost/v1.8.1 Lighthouse/v5.3.0-2e0eb6d" version=b4947ea-dev
time="2024-12-01T01:41:23Z" level=warning msg="execution payload not found in database" blockHash=0x0387cffd18c1be6ffdd7f84801afbc18b6c054abf076076007f42e01b829731a contentLength=3485 datastoreMethod=GetGetPayloadResponse error="sql: no rows in result set" feeRecipient=0x8943545177806ED17B9F23F0a21ee5948eCaa776 headSlot=63 headSlotEpochPos=32 idArg= method=getPayload mevBoostV=v1.8.1 msIntoSlot=920 proposerIndex=53 proposerPubkey=0xb09cb155daf2022afd18114a352e506a84065c80573cb0c7c310cbe92e2706cdcf91f74bbd9e464f74e3d831386d5033 service=relay/api slot=64 slotEpochPos=1 slotStartSec=1733017282 timestampAfterDecode=1733017282920 timestampAfterSignatureVerify=1733017282922 timestampRequestStart=1733017282920 ua="mev-boost/v1.8.1 Lighthouse/v5.3.0-2e0eb6d" version=b4947ea-dev
time="2024-12-01T01:41:23Z" level=warning msg="failed getting execution payload (2/2) - payload not found, block was never submitted to this relay" blockHash=0x0387cffd18c1be6ffdd7f84801afbc18b6c054abf076076007f42e01b829731a contentLength=3485 feeRecipient=0x8943545177806ED17B9F23F0a21ee5948eCaa776 headSlot=63 headSlotEpochPos=32 idArg= method=getPayload mevBoostV=v1.8.1 msIntoSlot=920 proposerIndex=53 proposerPubkey=0xb09cb155daf2022afd18114a352e506a84065c80573cb0c7c310cbe92e2706cdcf91f74bbd9e464f74e3d831386d5033 service=relay/api slot=64 slotEpochPos=1 slotStartSec=1733017282 timestampAfterDecode=1733017282920 timestampAfterSignatureVerify=1733017282922 timestampRequestStart=1733017282920 ua="mev-boost/v1.8.1 Lighthouse/v5.3.0-2e0eb6d" version=b4947ea-dev
time="2024-12-01T01:41:23Z" level=info msg="failed to get bidTrace for delivered payload from redis" blockHash=0x0387cffd18c1be6ffdd7f84801afbc18b6c054abf076076007f42e01b829731a contentLength=3485 error="redis: nil" feeRecipient=0x8943545177806ED17B9F23F0a21ee5948eCaa776 headSlot=63 headSlotEpochPos=32 idArg= method=getPayload mevBoostV=v1.8.1 msIntoSlot=920 proposerIndex=53 proposerPubkey=0xb09cb155daf2022afd18114a352e506a84065c80573cb0c7c310cbe92e2706cdcf91f74bbd9e464f74e3d831386d5033 service=relay/api slot=64 slotEpochPos=1 slotStartSec=1733017282 timestampAfterDecode=1733017282920 timestampAfterSignatureVerify=1733017282922 timestampRequestStart=1733017282920 ua="mev-boost/v1.8.1 Lighthouse/v5.3.0-2e0eb6d" version=b4947ea-dev
time="2024-12-01T01:41:23Z" level=info msg="request finished" blockHash=0x0387cffd18c1be6ffdd7f84801afbc18b6c054abf076076007f42e01b829731a contentLength=3485 feeRecipient=0x8943545177806ED17B9F23F0a21ee5948eCaa776 headSlot=63 headSlotEpochPos=32 idArg= method=getPayload mevBoostV=v1.8.1 msIntoSlot=920 proposerIndex=53 proposerPubkey=0xb09cb155daf2022afd18114a352e506a84065c80573cb0c7c310cbe92e2706cdcf91f74bbd9e464f74e3d831386d5033 requestDurationMs=103 service=relay/api slot=64 slotEpochPos=1 slotStartSec=1733017282 timestampAfterDecode=1733017282920 timestampAfterSignatureVerify=1733017282922 timestampRequestFin=1733017283024 timestampRequestStart=1733017282920 ua="mev-boost/v1.8.1 Lighthouse/v5.3.0-2e0eb6d" version=b4947ea-dev
time="2024-12-01T01:41:23Z" level=info msg="http: POST /eth/v1/builder/blinded_blocks 400" duration=0.103732 method=POST path=/eth/v1/builder/blinded_blocks service=relay/api status=400 version=b4947ea-dev
time="2024-12-01T01:41:23Z" level=info msg="request initiated" cancellationEnabled=false contentLength=72363 headSlot=63 method=submitNewBlock service=relay/api timestampRequestStart=1733017283035 version=b4947ea-dev
time="2024-12-01T01:41:23Z" level=info msg="unable to read builder: 0xaa1488eae4b06a1fff840a2b6db167afc520758dc2c8af0dfb57037954df3431b747e2f900fe8805f05d635e9a29717b from the builder cache, using low-prio and no collateral" blobGasUsed=0 blockHash=0xdead7f8592f78cf7b4f7fe46228775c2607bb86a2b50bbef2cd3ddea6fc10437 builderPubkey=0xaa1488eae4b06a1fff840a2b6db167afc520758dc2c8af0dfb57037954df3431b747e2f900fe8805f05d635e9a29717b cancellationEnabled=false contentLength=72363 excessBlobGas=0 headSlot=63 isLargeRequest=false method=submitNewBlock numBlobs=0 numTx=203 parentHash=0xab1a3e6fc3c446e9c81d2520364830fa74c50923755a196a2c7c5165c59b1779 payloadBytes=72363 proposerPubkey=0xa39731d5cb52838d02d4ff897ab908c0f76a9ef837f9288c634ed3091a1f69d5347dc65cd2c8009a5207a369a4c6bdae reqContentType=json reqIsGzip=false service=relay/api slot=65 timestampAfterDecoding=1733017283037 timestampRequestStart=1733017283035 value=10539667957792246 version=b4947ea-dev
time="2024-12-01T01:41:23Z" level=info msg="block validation successful" blobGasUsed=0 blockHash=0xdead7f8592f78cf7b4f7fe46228775c2607bb86a2b50bbef2cd3ddea6fc10437 builderIsHighPrio=false builderPubkey=0xaa1488eae4b06a1fff840a2b6db167afc520758dc2c8af0dfb57037954df3431b747e2f900fe8805f05d635e9a29717b cancellationEnabled=false contentLength=72363 durationMs=29 excessBlobGas=0 fastTrackValidation=false headSlot=63 isLargeRequest=false method=submitNewBlock newBidIsTopBid=true numBlobs=0 numTx=203 numWaiting=0 parentHash=0xab1a3e6fc3c446e9c81d2520364830fa74c50923755a196a2c7c5165c59b1779 payloadBytes=72363 proposerPubkey=0xa39731d5cb52838d02d4ff897ab908c0f76a9ef837f9288c634ed3091a1f69d5347dc65cd2c8009a5207a369a4c6bdae reqContentType=json reqIsGzip=false service=relay/api slot=65 timestampAfterCheckingFloorBid=1733017283039 timestampAfterCheckingTopBid=1733017283039 timestampAfterDecoding=1733017283037 timestampAfterSignatureCheck=1733017283039 timestampBeforeCheckingFloorBid=1733017283039 timestampBeforeCheckingTopBid=1733017283039 timestampBeforeSignatureCheck=1733017283038 timestampBeforeValidation=1733017283039 timestampRequestStart=1733017283035 topBidValue=10096932635728246 value=10539667957792246 version=b4947ea-dev
time="2024-12-01T01:41:23Z" level=info msg="received block from builder" blobGasUsed=0 blockHash=0xdead7f8592f78cf7b4f7fe46228775c2607bb86a2b50bbef2cd3ddea6fc10437 builderIsHighPrio=false builderPubkey=0xaa1488eae4b06a1fff840a2b6db167afc520758dc2c8af0dfb57037954df3431b747e2f900fe8805f05d635e9a29717b cancellationEnabled=false contentLength=72363 excessBlobGas=0 fastTrackValidation=false headSlot=63 isLargeRequest=false method=submitNewBlock newBidIsTopBid=true numBlobs=0 numTx=203 parentHash=0xab1a3e6fc3c446e9c81d2520364830fa74c50923755a196a2c7c5165c59b1779 payloadBytes=72363 prevTopBidValue=10096932635728246 profileDecodeUs=2270 profilePrechecksUs=1808 profileRedisSavePayloadUs=55 profileRedisUpdateFloorUs=136 profileRedisUpdateTopBidUs=298 profileRedisUs=3896 profileSimUs=29581 profileTotalUs=37738 proposerPubkey=0xa39731d5cb52838d02d4ff897ab908c0f76a9ef837f9288c634ed3091a1f69d5347dc65cd2c8009a5207a369a4c6bdae reqContentType=json reqIsGzip=false service=relay/api slot=65 timestampAfterBidUpdate=1733017283073 timestampAfterCheckingFloorBid=1733017283039 timestampAfterCheckingTopBid=1733017283039 timestampAfterDecoding=1733017283037 timestampAfterSignatureCheck=1733017283039 timestampAfterValidation=1733017283069 timestampBeforeCheckingFloorBid=1733017283039 timestampBeforeCheckingTopBid=1733017283039 timestampBeforeSignatureCheck=1733017283038 timestampBeforeValidation=1733017283039 timestampEligibleAt=1733017283073 timestampRequestStart=1733017283035 topBidValue=10539667957792246 validationDurationMs=29 value=10539667957792246 version=b4947ea-dev wasBidSavedInRedis=true wasTopBidUpdated=true
time="2024-12-01T01:41:23Z" level=info msg="request finished" blobGasUsed=0 blockHash=0xdead7f8592f78cf7b4f7fe46228775c2607bb86a2b50bbef2cd3ddea6fc10437 builderIsHighPrio=false builderPubkey=0xaa1488eae4b06a1fff840a2b6db167afc520758dc2c8af0dfb57037954df3431b747e2f900fe8805f05d635e9a29717b cancellationEnabled=false contentLength=72363 excessBlobGas=0 fastTrackValidation=false headSlot=63 isLargeRequest=false method=submitNewBlock newBidIsTopBid=true numBlobs=0 numTx=203 parentHash=0xab1a3e6fc3c446e9c81d2520364830fa74c50923755a196a2c7c5165c59b1779 payloadBytes=72363 prevTopBidValue=10096932635728246 profileRedisSavePayloadUs=55 profileRedisUpdateFloorUs=136 profileRedisUpdateTopBidUs=298 proposerPubkey=0xa39731d5cb52838d02d4ff897ab908c0f76a9ef837f9288c634ed3091a1f69d5347dc65cd2c8009a5207a369a4c6bdae reqContentType=json reqIsGzip=false requestDurationMs=43 service=relay/api slot=65 timestampAfterBidUpdate=1733017283073 timestampAfterCheckingFloorBid=1733017283039 timestampAfterCheckingTopBid=1733017283039 timestampAfterDecoding=1733017283037 timestampAfterSignatureCheck=1733017283039 timestampAfterValidation=1733017283069 timestampBeforeCheckingFloorBid=1733017283039 timestampBeforeCheckingTopBid=1733017283039 timestampBeforeSignatureCheck=1733017283038 timestampBeforeValidation=1733017283039 timestampEligibleAt=1733017283073 timestampRequestFin=1733017283079 timestampRequestStart=1733017283035 topBidValue=10539667957792246 validationDurationMs=29 value=10539667957792246 version=b4947ea-dev wasBidSavedInRedis=true wasTopBidUpdated=true
time="2024-12-01T01:41:23Z" level=info msg="http: POST /relay/v1/builder/blocks 200" duration=0.043754 method=POST path=/relay/v1/builder/blocks service=relay/api status=200 version=b4947ea-dev
time="2024-12-01T01:41:24Z" level=info msg="payload attributes received for slot: 66" service=relay/api version=b4947ea-dev
time="2024-12-01T01:41:24Z" level=info msg="updated payload attributes" headSlot=63 payloadAttrParent=0xab1a3e6fc3c446e9c81d2520364830fa74c50923755a196a2c7c5165c59b1779 payloadAttrSlot=66 randao=0x617b5346f5429ec5b8af827766788e34f44dfa528ad20cb5bd9309da8e846502 service=relay/api timestamp=1733017286 version=b4947ea-dev withdrawalsRoot=0x792930bbd5baac43bcc798ee49aa8185ef76bb3b44ba62b91d86ae569e4bb535
time="2024-12-01T01:41:24Z" level=debug msg="getHeader request received" headSlot=63 method=getHeader mevBoostV=v1.8.1 msIntoSlot=3 parentHash=0xab1a3e6fc3c446e9c81d2520364830fa74c50923755a196a2c7c5165c59b1779 pubkey=0xa39731d5cb52838d02d4ff897ab908c0f76a9ef837f9288c634ed3091a1f69d5347dc65cd2c8009a5207a369a4c6bdae requestTimestamp=1733017284 service=relay/api slot=65 slotStartSec=1733017284 ua="mev-boost/v1.8.1 Lighthouse/v5.3.0-2e0eb6d" version=b4947ea-dev
time="2024-12-01T01:41:24Z" level=debug msg="getPayload response from redis" datastoreMethod=GetGetPayloadResponse headSlot=63 method=getHeader mevBoostV=v1.8.1 msIntoSlot=3 parentHash=0xab1a3e6fc3c446e9c81d2520364830fa74c50923755a196a2c7c5165c59b1779 pubkey=0xa39731d5cb52838d02d4ff897ab908c0f76a9ef837f9288c634ed3091a1f69d5347dc65cd2c8009a5207a369a4c6bdae requestTimestamp=1733017284 service=relay/api slot=65 slotStartSec=1733017284 ua="mev-boost/v1.8.1 Lighthouse/v5.3.0-2e0eb6d" version=b4947ea-dev
time="2024-12-01T01:41:24Z" level=info msg="parent beacon root found in payload attributes" service=relay/api version=b4947ea-dev
time="2024-12-01T01:41:24Z" level=error msg="failed to enrich bid with PROF" error="failed to receive enrich block response: rpc error: code = Internal desc = Error calling flashbots_validateProfBlock: could not apply tx 203 [0x4179ad880afe1c182bb4c3d12a11f71da6ec7771583949c445ca4c4f013897e2]: nonce too high: address 0x65D08a056c17Ae13370565B04cF77D2AfA1cB9FA, tx: 28 state: 18" headSlot=63 method=getHeader mevBoostV=v1.8.1 msIntoSlot=3 parentHash=0xab1a3e6fc3c446e9c81d2520364830fa74c50923755a196a2c7c5165c59b1779 pubkey=0xa39731d5cb52838d02d4ff897ab908c0f76a9ef837f9288c634ed3091a1f69d5347dc65cd2c8009a5207a369a4c6bdae requestTimestamp=1733017284 service=relay/api slot=65 slotStartSec=1733017284 ua="mev-boost/v1.8.1 Lighthouse/v5.3.0-2e0eb6d" version=b4947ea-dev
time="2024-12-01T01:41:24Z" level=info msg="http: GET /eth/v1/builder/header/65/0xab1a3e6fc3c446e9c81d2520364830fa74c50923755a196a2c7c5165c59b1779/0xa39731d5cb52838d02d4ff897ab908c0f76a9ef837f9288c634ed3091a1f69d5347dc65cd2c8009a5207a369a4c6bdae 500" duration=0.024345 method=GET path=/eth/v1/builder/header/65/0xab1a3e6fc3c446e9c81d2520364830fa74c50923755a196a2c7c5165c59b1779/0xa39731d5cb52838d02d4ff897ab908c0f76a9ef837f9288c634ed3091a1f69d5347dc65cd2c8009a5207a369a4c6bdae service=relay/api status=500 version=b4947ea-dev
time="2024-12-01T01:41:24Z" level=warning msg="missed slot: 64" missedSlot=64 service=relay/api version=b4947ea-dev
time="2024-12-01T01:41:24Z" level=info msg="updated headSlot to 65" epoch=2 service=relay/api slotHead=65 slotStartNextEpoch=96 version=b4947ea-dev
time="2024-12-01T01:41:24Z" level=debug msg="RefreshKnownValidators init" datastoreMethod=RefreshKnownValidators headSlot=65 headSlotPos=2 lastUpdateSlot=51 service=relay/api version=b4947ea-dev
time="2024-12-01T01:41:24Z" level=debug msg="Updating builder cache with 1 builders from database" service=relay/api version=b4947ea-dev
time="2024-12-01T01:41:24Z" level=info msg="proposer duties updated: 32, 33, 34, 35, 36, 37, 38, 39, 40, 41, 42, 43, 44, 45, 46, 47, 48, 49, 50, 51, 52, 53, 54, 55, 56, 57, 58, 59, 60, 61, 62, 63, 64, 65, 66, 67, 68, 69, 70, 71, 72, 73, 74, 75, 76, 77, 78, 79, 80, 81, 82, 83, 84, 85, 86, 87, 88, 89, 90, 91, 92, 93, 94, 95" service=relay/api version=b4947ea-dev
time="2024-12-01T01:41:24Z" level=info msg="payload attributes received for slot: 66" service=relay/api version=b4947ea-dev
time="2024-12-01T01:41:24Z" level=info msg="updated payload attributes" headSlot=65 payloadAttrParent=0x55e34731da618af23b496c234869c91eed0ba37e586d0070a7e7c15af1ae6315 payloadAttrSlot=66 randao=0xd340440c452fef10b76520b4d14fd9575fe7bdbd93d2a92bc0e9d8168ccdbb03 service=relay/api timestamp=1733017286 version=b4947ea-dev withdrawalsRoot=0x792930bbd5baac43bcc798ee49aa8185ef76bb3b44ba62b91d86ae569e4bb535
time="2024-12-01T01:41:24Z" level=info msg="request initiated" cancellationEnabled=false contentLength=2109 headSlot=65 method=submitNewBlock service=relay/api timestampRequestStart=1733017284703 version=b4947ea-dev
time="2024-12-01T01:41:24Z" level=info msg="submitNewBlock failed: block with 0 value or no txs" blobGasUsed=0 blockHash=0x21836f0805dd40cd76a354878fe9c918d5a29ab48122d1aa2f9f2693d1fd098e builderIsHighPrio=false builderPubkey=0xaa1488eae4b06a1fff840a2b6db167afc520758dc2c8af0dfb57037954df3431b747e2f900fe8805f05d635e9a29717b cancellationEnabled=false contentLength=2109 excessBlobGas=0 headSlot=65 isLargeRequest=false method=submitNewBlock numBlobs=0 numTx=0 parentHash=0x55e34731da618af23b496c234869c91eed0ba37e586d0070a7e7c15af1ae6315 payloadBytes=2109 proposerPubkey=0xabd3280a86fbb8d736717d8bd950920873ff7bb8a68ac4d7c339bb3c783c6f4e6e29912f6a3528e04b13aef57d4290a1 reqContentType=json reqIsGzip=false service=relay/api slot=66 timestampAfterDecoding=1733017284704 timestampRequestStart=1733017284703 value=0 version=b4947ea-dev
time="2024-12-01T01:41:24Z" level=info msg="request finished" blobGasUsed=0 blockHash=0x21836f0805dd40cd76a354878fe9c918d5a29ab48122d1aa2f9f2693d1fd098e builderIsHighPrio=false builderPubkey=0xaa1488eae4b06a1fff840a2b6db167afc520758dc2c8af0dfb57037954df3431b747e2f900fe8805f05d635e9a29717b cancellationEnabled=false contentLength=2109 excessBlobGas=0 headSlot=65 isLargeRequest=false method=submitNewBlock numBlobs=0 numTx=0 parentHash=0x55e34731da618af23b496c234869c91eed0ba37e586d0070a7e7c15af1ae6315 payloadBytes=2109 proposerPubkey=0xabd3280a86fbb8d736717d8bd950920873ff7bb8a68ac4d7c339bb3c783c6f4e6e29912f6a3528e04b13aef57d4290a1 reqContentType=json reqIsGzip=false requestDurationMs=0 service=relay/api slot=66 timestampAfterDecoding=1733017284704 timestampRequestFin=1733017284704 timestampRequestStart=1733017284703 value=0 version=b4947ea-dev
time="2024-12-01T01:41:24Z" level=info msg="http: POST /relay/v1/builder/blocks 200" duration=0.000514 method=POST path=/relay/v1/builder/blocks service=relay/api status=200 version=b4947ea-dev
time="2024-12-01T01:41:26Z" level=info msg="payload attributes received for slot: 67" service=relay/api version=b4947ea-dev
time="2024-12-01T01:41:26Z" level=info msg="updated payload attributes" headSlot=65 payloadAttrParent=0x55e34731da618af23b496c234869c91eed0ba37e586d0070a7e7c15af1ae6315 payloadAttrSlot=67 randao=0xd340440c452fef10b76520b4d14fd9575fe7bdbd93d2a92bc0e9d8168ccdbb03 service=relay/api timestamp=1733017288 version=b4947ea-dev withdrawalsRoot=0x792930bbd5baac43bcc798ee49aa8185ef76bb3b44ba62b91d86ae569e4bb535
time="2024-12-01T01:41:26Z" level=debug msg="getHeader request received" headSlot=65 method=getHeader mevBoostV=v1.8.1 msIntoSlot=5 parentHash=0x55e34731da618af23b496c234869c91eed0ba37e586d0070a7e7c15af1ae6315 pubkey=0xabd3280a86fbb8d736717d8bd950920873ff7bb8a68ac4d7c339bb3c783c6f4e6e29912f6a3528e04b13aef57d4290a1 requestTimestamp=1733017286 service=relay/api slot=66 slotStartSec=1733017286 ua="mev-boost/v1.8.1 Lighthouse/v5.3.0-2e0eb6d" version=b4947ea-dev
time="2024-12-01T01:41:26Z" level=error msg="bid was empty, skipping PROF augmentation" error="<nil>" headSlot=65 method=getHeader mevBoostV=v1.8.1 msIntoSlot=5 parentHash=0x55e34731da618af23b496c234869c91eed0ba37e586d0070a7e7c15af1ae6315 pubkey=0xabd3280a86fbb8d736717d8bd950920873ff7bb8a68ac4d7c339bb3c783c6f4e6e29912f6a3528e04b13aef57d4290a1 requestTimestamp=1733017286 service=relay/api slot=66 slotStartSec=1733017286 ua="mev-boost/v1.8.1 Lighthouse/v5.3.0-2e0eb6d" version=b4947ea-dev
time="2024-12-01T01:41:26Z" level=info msg="http: GET /eth/v1/builder/header/66/0x55e34731da618af23b496c234869c91eed0ba37e586d0070a7e7c15af1ae6315/0xabd3280a86fbb8d736717d8bd950920873ff7bb8a68ac4d7c339bb3c783c6f4e6e29912f6a3528e04b13aef57d4290a1 204" duration=0.000364 method=GET path=/eth/v1/builder/header/66/0x55e34731da618af23b496c234869c91eed0ba37e586d0070a7e7c15af1ae6315/0xabd3280a86fbb8d736717d8bd950920873ff7bb8a68ac4d7c339bb3c783c6f4e6e29912f6a3528e04b13aef57d4290a1 service=relay/api status=204 version=b4947ea-dev
time="2024-12-01T01:41:26Z" level=info msg="updated headSlot to 66" epoch=2 service=relay/api slotHead=66 slotStartNextEpoch=96 version=b4947ea-dev
time="2024-12-01T01:41:26Z" level=debug msg="RefreshKnownValidators init" datastoreMethod=RefreshKnownValidators headSlot=66 headSlotPos=3 lastUpdateSlot=51 service=relay/api version=b4947ea-dev
time="2024-12-01T01:41:26Z" level=debug msg="Updating builder cache with 1 builders from database" service=relay/api version=b4947ea-dev
time="2024-12-01T01:41:26Z" level=info msg="payload attributes received for slot: 67" service=relay/api version=b4947ea-dev
time="2024-12-01T01:41:26Z" level=info msg="updated payload attributes" headSlot=66 payloadAttrParent=0xa363d7c36bf1e9cdebb50d6a86e2fe3ab338bee68fbe1d53069464084dff203a payloadAttrSlot=67 randao=0x58147ffe9cb79e9b22069db52be95ac3e0ac146e21cd449cf7e3761bfd77b7f5 service=relay/api timestamp=1733017288 version=b4947ea-dev withdrawalsRoot=0x792930bbd5baac43bcc798ee49aa8185ef76bb3b44ba62b91d86ae569e4bb535
time="2024-12-01T01:41:26Z" level=info msg="request initiated" cancellationEnabled=false contentLength=2109 headSlot=66 method=submitNewBlock service=relay/api timestampRequestStart=1733017286544 version=b4947ea-dev
time="2024-12-01T01:41:26Z" level=info msg="submitNewBlock failed: block with 0 value or no txs" blobGasUsed=0 blockHash=0x80697bbdb7f80e493ded912746fa484791772bdcb5a98d8b175e0e290dcf3f87 builderIsHighPrio=false builderPubkey=0xaa1488eae4b06a1fff840a2b6db167afc520758dc2c8af0dfb57037954df3431b747e2f900fe8805f05d635e9a29717b cancellationEnabled=false contentLength=2109 excessBlobGas=0 headSlot=66 isLargeRequest=false method=submitNewBlock numBlobs=0 numTx=0 parentHash=0xa363d7c36bf1e9cdebb50d6a86e2fe3ab338bee68fbe1d53069464084dff203a payloadBytes=2109 proposerPubkey=0xa39731d5cb52838d02d4ff897ab908c0f76a9ef837f9288c634ed3091a1f69d5347dc65cd2c8009a5207a369a4c6bdae reqContentType=json reqIsGzip=false service=relay/api slot=67 timestampAfterDecoding=1733017286544 timestampRequestStart=1733017286544 value=0 version=b4947ea-dev
time="2024-12-01T01:41:26Z" level=info msg="request finished" blobGasUsed=0 blockHash=0x80697bbdb7f80e493ded912746fa484791772bdcb5a98d8b175e0e290dcf3f87 builderIsHighPrio=false builderPubkey=0xaa1488eae4b06a1fff840a2b6db167afc520758dc2c8af0dfb57037954df3431b747e2f900fe8805f05d635e9a29717b cancellationEnabled=false contentLength=2109 excessBlobGas=0 headSlot=66 isLargeRequest=false method=submitNewBlock numBlobs=0 numTx=0 parentHash=0xa363d7c36bf1e9cdebb50d6a86e2fe3ab338bee68fbe1d53069464084dff203a payloadBytes=2109 proposerPubkey=0xa39731d5cb52838d02d4ff897ab908c0f76a9ef837f9288c634ed3091a1f69d5347dc65cd2c8009a5207a369a4c6bdae reqContentType=json reqIsGzip=false requestDurationMs=0 service=relay/api slot=67 timestampAfterDecoding=1733017286544 timestampRequestFin=1733017286544 timestampRequestStart=1733017286544 value=0 version=b4947ea-dev
time="2024-12-01T01:41:26Z" level=info msg="http: POST /relay/v1/builder/blocks 200" duration=0.000456 method=POST path=/relay/v1/builder/blocks service=relay/api status=200 version=b4947ea-dev
time="2024-12-01T01:41:28Z" level=info msg="payload attributes received for slot: 68" service=relay/api version=b4947ea-dev
time="2024-12-01T01:41:28Z" level=info msg="updated payload attributes" headSlot=66 payloadAttrParent=0xa363d7c36bf1e9cdebb50d6a86e2fe3ab338bee68fbe1d53069464084dff203a payloadAttrSlot=68 randao=0x58147ffe9cb79e9b22069db52be95ac3e0ac146e21cd449cf7e3761bfd77b7f5 service=relay/api timestamp=1733017290 version=b4947ea-dev withdrawalsRoot=0x792930bbd5baac43bcc798ee49aa8185ef76bb3b44ba62b91d86ae569e4bb535
time="2024-12-01T01:41:28Z" level=debug msg="getHeader request received" headSlot=66 method=getHeader mevBoostV=v1.8.1 msIntoSlot=4 parentHash=0xa363d7c36bf1e9cdebb50d6a86e2fe3ab338bee68fbe1d53069464084dff203a pubkey=0xa39731d5cb52838d02d4ff897ab908c0f76a9ef837f9288c634ed3091a1f69d5347dc65cd2c8009a5207a369a4c6bdae requestTimestamp=1733017288 service=relay/api slot=67 slotStartSec=1733017288 ua="mev-boost/v1.8.1 Lighthouse/v5.3.0-2e0eb6d" version=b4947ea-dev
time="2024-12-01T01:41:28Z" level=error msg="bid was empty, skipping PROF augmentation" error="<nil>" headSlot=66 method=getHeader mevBoostV=v1.8.1 msIntoSlot=4 parentHash=0xa363d7c36bf1e9cdebb50d6a86e2fe3ab338bee68fbe1d53069464084dff203a pubkey=0xa39731d5cb52838d02d4ff897ab908c0f76a9ef837f9288c634ed3091a1f69d5347dc65cd2c8009a5207a369a4c6bdae requestTimestamp=1733017288 service=relay/api slot=67 slotStartSec=1733017288 ua="mev-boost/v1.8.1 Lighthouse/v5.3.0-2e0eb6d" version=b4947ea-dev
time="2024-12-01T01:41:28Z" level=info msg="http: GET /eth/v1/builder/header/67/0xa363d7c36bf1e9cdebb50d6a86e2fe3ab338bee68fbe1d53069464084dff203a/0xa39731d5cb52838d02d4ff897ab908c0f76a9ef837f9288c634ed3091a1f69d5347dc65cd2c8009a5207a369a4c6bdae 204" duration=0.000249 method=GET path=/eth/v1/builder/header/67/0xa363d7c36bf1e9cdebb50d6a86e2fe3ab338bee68fbe1d53069464084dff203a/0xa39731d5cb52838d02d4ff897ab908c0f76a9ef837f9288c634ed3091a1f69d5347dc65cd2c8009a5207a369a4c6bdae service=relay/api status=204 version=b4947ea-dev
time="2024-12-01T01:41:28Z" level=info msg="updated headSlot to 67" epoch=2 service=relay/api slotHead=67 slotStartNextEpoch=96 version=b4947ea-dev
time="2024-12-01T01:41:28Z" level=debug msg="RefreshKnownValidators init" datastoreMethod=RefreshKnownValidators headSlot=67 headSlotPos=4 lastUpdateSlot=51 service=relay/api version=b4947ea-dev
time="2024-12-01T01:41:28Z" level=debug msg="Updating builder cache with 1 builders from database" service=relay/api version=b4947ea-dev
time="2024-12-01T01:41:28Z" level=info msg="payload attributes received for slot: 68" service=relay/api version=b4947ea-dev
time="2024-12-01T01:41:28Z" level=info msg="updated payload attributes" headSlot=67 payloadAttrParent=0x647e96526dd68cef62a7b726f1a896a4bc7e0a1a7dba64e757effb9ef8020922 payloadAttrSlot=68 randao=0xea2f68b42cdaef4e2dcc3f769cde0da04b06538138cde1028a99a7d7ff3e69f4 service=relay/api timestamp=1733017290 version=b4947ea-dev withdrawalsRoot=0x792930bbd5baac43bcc798ee49aa8185ef76bb3b44ba62b91d86ae569e4bb535
time="2024-12-01T01:41:28Z" level=info msg="request initiated" cancellationEnabled=false contentLength=2109 headSlot=67 method=submitNewBlock service=relay/api timestampRequestStart=1733017288546 version=b4947ea-dev
time="2024-12-01T01:41:28Z" level=info msg="submitNewBlock failed: block with 0 value or no txs" blobGasUsed=0 blockHash=0x48a8cf5f12f11e518b79f2395de5f23d6508a77bcd55bd5300eadeb070db84b7 builderIsHighPrio=false builderPubkey=0xaa1488eae4b06a1fff840a2b6db167afc520758dc2c8af0dfb57037954df3431b747e2f900fe8805f05d635e9a29717b cancellationEnabled=false contentLength=2109 excessBlobGas=0 headSlot=67 isLargeRequest=false method=submitNewBlock numBlobs=0 numTx=0 parentHash=0x647e96526dd68cef62a7b726f1a896a4bc7e0a1a7dba64e757effb9ef8020922 payloadBytes=2109 proposerPubkey=0x95d7b5b39931578c673a6ffdcd5b3618ddf08b40909fd0ee04a74c70aae4e88c55a43d5b71cdf40c514195a7805019b3 reqContentType=json reqIsGzip=false service=relay/api slot=68 timestampAfterDecoding=1733017288547 timestampRequestStart=1733017288546 value=0 version=b4947ea-dev
time="2024-12-01T01:41:28Z" level=info msg="request finished" blobGasUsed=0 blockHash=0x48a8cf5f12f11e518b79f2395de5f23d6508a77bcd55bd5300eadeb070db84b7 builderIsHighPrio=false builderPubkey=0xaa1488eae4b06a1fff840a2b6db167afc520758dc2c8af0dfb57037954df3431b747e2f900fe8805f05d635e9a29717b cancellationEnabled=false contentLength=2109 excessBlobGas=0 headSlot=67 isLargeRequest=false method=submitNewBlock numBlobs=0 numTx=0 parentHash=0x647e96526dd68cef62a7b726f1a896a4bc7e0a1a7dba64e757effb9ef8020922 payloadBytes=2109 proposerPubkey=0x95d7b5b39931578c673a6ffdcd5b3618ddf08b40909fd0ee04a74c70aae4e88c55a43d5b71cdf40c514195a7805019b3 reqContentType=json reqIsGzip=false requestDurationMs=0 service=relay/api slot=68 timestampAfterDecoding=1733017288547 timestampRequestFin=1733017288547 timestampRequestStart=1733017288546 value=0 version=b4947ea-dev
time="2024-12-01T01:41:28Z" level=info msg="http: POST /relay/v1/builder/blocks 200" duration=0.000371 method=POST path=/relay/v1/builder/blocks service=relay/api status=200 version=b4947ea-dev
time="2024-12-01T01:41:30Z" level=info msg="payload attributes received for slot: 69" service=relay/api version=b4947ea-dev
time="2024-12-01T01:41:30Z" level=info msg="updated payload attributes" headSlot=67 payloadAttrParent=0x647e96526dd68cef62a7b726f1a896a4bc7e0a1a7dba64e757effb9ef8020922 payloadAttrSlot=69 randao=0xea2f68b42cdaef4e2dcc3f769cde0da04b06538138cde1028a99a7d7ff3e69f4 service=relay/api timestamp=1733017292 version=b4947ea-dev withdrawalsRoot=0x792930bbd5baac43bcc798ee49aa8185ef76bb3b44ba62b91d86ae569e4bb535
time="2024-12-01T01:41:30Z" level=debug msg="getHeader request received" headSlot=67 method=getHeader mevBoostV=v1.8.1 msIntoSlot=4 parentHash=0x647e96526dd68cef62a7b726f1a896a4bc7e0a1a7dba64e757effb9ef8020922 pubkey=0x95d7b5b39931578c673a6ffdcd5b3618ddf08b40909fd0ee04a74c70aae4e88c55a43d5b71cdf40c514195a7805019b3 requestTimestamp=1733017290 service=relay/api slot=68 slotStartSec=1733017290 ua="mev-boost/v1.8.1 Lighthouse/v5.3.0-2e0eb6d" version=b4947ea-dev
time="2024-12-01T01:41:30Z" level=error msg="bid was empty, skipping PROF augmentation" error="<nil>" headSlot=67 method=getHeader mevBoostV=v1.8.1 msIntoSlot=4 parentHash=0x647e96526dd68cef62a7b726f1a896a4bc7e0a1a7dba64e757effb9ef8020922 pubkey=0x95d7b5b39931578c673a6ffdcd5b3618ddf08b40909fd0ee04a74c70aae4e88c55a43d5b71cdf40c514195a7805019b3 requestTimestamp=1733017290 service=relay/api slot=68 slotStartSec=1733017290 ua="mev-boost/v1.8.1 Lighthouse/v5.3.0-2e0eb6d" version=b4947ea-dev
time="2024-12-01T01:41:30Z" level=info msg="http: GET /eth/v1/builder/header/68/0x647e96526dd68cef62a7b726f1a896a4bc7e0a1a7dba64e757effb9ef8020922/0x95d7b5b39931578c673a6ffdcd5b3618ddf08b40909fd0ee04a74c70aae4e88c55a43d5b71cdf40c514195a7805019b3 204" duration=0.000311 method=GET path=/eth/v1/builder/header/68/0x647e96526dd68cef62a7b726f1a896a4bc7e0a1a7dba64e757effb9ef8020922/0x95d7b5b39931578c673a6ffdcd5b3618ddf08b40909fd0ee04a74c70aae4e88c55a43d5b71cdf40c514195a7805019b3 service=relay/api status=204 version=b4947ea-dev
time="2024-12-01T01:41:30Z" level=info msg="updated headSlot to 68" epoch=2 service=relay/api slotHead=68 slotStartNextEpoch=96 version=b4947ea-dev
time="2024-12-01T01:41:30Z" level=debug msg="Updating builder cache with 1 builders from database" service=relay/api version=b4947ea-dev
time="2024-12-01T01:41:30Z" level=info msg="payload attributes received for slot: 69" service=relay/api version=b4947ea-dev
time="2024-12-01T01:41:30Z" level=info msg="updated payload attributes" headSlot=68 payloadAttrParent=0x36805858a3dc35d2a3f64ab9ec1b08b9485c8b1bb6aef4bdaf39e460a5a1de15 payloadAttrSlot=69 randao=0x5ee8574da149e71ba1cdffbae57f44178a81206d319a1a22b27df3e7d8cc45a8 service=relay/api timestamp=1733017292 version=b4947ea-dev withdrawalsRoot=0x792930bbd5baac43bcc798ee49aa8185ef76bb3b44ba62b91d86ae569e4bb535
time="2024-12-01T01:41:30Z" level=info msg="request initiated" cancellationEnabled=false contentLength=2109 headSlot=68 method=submitNewBlock service=relay/api timestampRequestStart=1733017290538 version=b4947ea-dev
time="2024-12-01T01:41:30Z" level=info msg="submitNewBlock failed: block with 0 value or no txs" blobGasUsed=0 blockHash=0xd4f2e3c09011e8562859b3fd6b488602063c17f81828b92cf2e2755f9d74433e builderIsHighPrio=false builderPubkey=0xaa1488eae4b06a1fff840a2b6db167afc520758dc2c8af0dfb57037954df3431b747e2f900fe8805f05d635e9a29717b cancellationEnabled=false contentLength=2109 excessBlobGas=0 headSlot=68 isLargeRequest=false method=submitNewBlock numBlobs=0 numTx=0 parentHash=0x36805858a3dc35d2a3f64ab9ec1b08b9485c8b1bb6aef4bdaf39e460a5a1de15 payloadBytes=2109 proposerPubkey=0x958b57a4b16322f680eb4eebf37c538f1b5bf96400e51f99df6a4a439b75b9acd8866caf4a091d02f25510d3bba1aa26 reqContentType=json reqIsGzip=false service=relay/api slot=69 timestampAfterDecoding=1733017290538 timestampRequestStart=1733017290538 value=0 version=b4947ea-dev
time="2024-12-01T01:41:30Z" level=info msg="request finished" blobGasUsed=0 blockHash=0xd4f2e3c09011e8562859b3fd6b488602063c17f81828b92cf2e2755f9d74433e builderIsHighPrio=false builderPubkey=0xaa1488eae4b06a1fff840a2b6db167afc520758dc2c8af0dfb57037954df3431b747e2f900fe8805f05d635e9a29717b cancellationEnabled=false contentLength=2109 excessBlobGas=0 headSlot=68 isLargeRequest=false method=submitNewBlock numBlobs=0 numTx=0 parentHash=0x36805858a3dc35d2a3f64ab9ec1b08b9485c8b1bb6aef4bdaf39e460a5a1de15 payloadBytes=2109 proposerPubkey=0x958b57a4b16322f680eb4eebf37c538f1b5bf96400e51f99df6a4a439b75b9acd8866caf4a091d02f25510d3bba1aa26 reqContentType=json reqIsGzip=false requestDurationMs=0 service=relay/api slot=69 timestampAfterDecoding=1733017290538 timestampRequestFin=1733017290538 timestampRequestStart=1733017290538 value=0 version=b4947ea-dev
time="2024-12-01T01:41:30Z" level=info msg="http: POST /relay/v1/builder/blocks 200" duration=0.001023 method=POST path=/relay/v1/builder/blocks service=relay/api status=200 version=b4947ea-dev
time="2024-12-01T01:41:32Z" level=info msg="payload attributes received for slot: 70" service=relay/api version=b4947ea-dev
time="2024-12-01T01:41:32Z" level=info msg="updated payload attributes" headSlot=68 payloadAttrParent=0x36805858a3dc35d2a3f64ab9ec1b08b9485c8b1bb6aef4bdaf39e460a5a1de15 payloadAttrSlot=70 randao=0x5ee8574da149e71ba1cdffbae57f44178a81206d319a1a22b27df3e7d8cc45a8 service=relay/api timestamp=1733017294 version=b4947ea-dev withdrawalsRoot=0x792930bbd5baac43bcc798ee49aa8185ef76bb3b44ba62b91d86ae569e4bb535
time="2024-12-01T01:41:32Z" level=debug msg="getHeader request received" headSlot=68 method=getHeader mevBoostV=v1.8.1 msIntoSlot=7 parentHash=0x36805858a3dc35d2a3f64ab9ec1b08b9485c8b1bb6aef4bdaf39e460a5a1de15 pubkey=0x958b57a4b16322f680eb4eebf37c538f1b5bf96400e51f99df6a4a439b75b9acd8866caf4a091d02f25510d3bba1aa26 requestTimestamp=1733017292 service=relay/api slot=69 slotStartSec=1733017292 ua="mev-boost/v1.8.1 Lighthouse/v5.3.0-2e0eb6d" version=b4947ea-dev
time="2024-12-01T01:41:32Z" level=error msg="bid was empty, skipping PROF augmentation" error="<nil>" headSlot=68 method=getHeader mevBoostV=v1.8.1 msIntoSlot=7 parentHash=0x36805858a3dc35d2a3f64ab9ec1b08b9485c8b1bb6aef4bdaf39e460a5a1de15 pubkey=0x958b57a4b16322f680eb4eebf37c538f1b5bf96400e51f99df6a4a439b75b9acd8866caf4a091d02f25510d3bba1aa26 requestTimestamp=1733017292 service=relay/api slot=69 slotStartSec=1733017292 ua="mev-boost/v1.8.1 Lighthouse/v5.3.0-2e0eb6d" version=b4947ea-dev
time="2024-12-01T01:41:32Z" level=info msg="http: GET /eth/v1/builder/header/69/0x36805858a3dc35d2a3f64ab9ec1b08b9485c8b1bb6aef4bdaf39e460a5a1de15/0x958b57a4b16322f680eb4eebf37c538f1b5bf96400e51f99df6a4a439b75b9acd8866caf4a091d02f25510d3bba1aa26 204" duration=0.000332 method=GET path=/eth/v1/builder/header/69/0x36805858a3dc35d2a3f64ab9ec1b08b9485c8b1bb6aef4bdaf39e460a5a1de15/0x958b57a4b16322f680eb4eebf37c538f1b5bf96400e51f99df6a4a439b75b9acd8866caf4a091d02f25510d3bba1aa26 service=relay/api status=204 version=b4947ea-dev
time="2024-12-01T01:41:32Z" level=info msg="updated headSlot to 69" epoch=2 service=relay/api slotHead=69 slotStartNextEpoch=96 version=b4947ea-dev
time="2024-12-01T01:41:32Z" level=debug msg="Updating builder cache with 1 builders from database" service=relay/api version=b4947ea-dev
time="2024-12-01T01:41:32Z" level=info msg="payload attributes received for slot: 70" service=relay/api version=b4947ea-dev
time="2024-12-01T01:41:32Z" level=info msg="updated payload attributes" headSlot=69 payloadAttrParent=0x40574a28b551a148553c2a250a68f4b887180e13841ba99f3cc0edd75ffeeb64 payloadAttrSlot=70 randao=0x9ae53cad96a34ca55e1dbe8b97ed6fae979d152cad5305202b4a3edcb403febd service=relay/api timestamp=1733017294 version=b4947ea-dev withdrawalsRoot=0x792930bbd5baac43bcc798ee49aa8185ef76bb3b44ba62b91d86ae569e4bb535
time="2024-12-01T01:41:32Z" level=info msg="request initiated" cancellationEnabled=false contentLength=2109 headSlot=69 method=submitNewBlock service=relay/api timestampRequestStart=1733017292627 version=b4947ea-dev
time="2024-12-01T01:41:32Z" level=info msg="submitNewBlock failed: block with 0 value or no txs" blobGasUsed=0 blockHash=0xbcfe0e3cad5c2d8e265dd574457d9a1662536ec955a6ae9e02933014308a2c09 builderIsHighPrio=false builderPubkey=0xaa1488eae4b06a1fff840a2b6db167afc520758dc2c8af0dfb57037954df3431b747e2f900fe8805f05d635e9a29717b cancellationEnabled=false contentLength=2109 excessBlobGas=0 headSlot=69 isLargeRequest=false method=submitNewBlock numBlobs=0 numTx=0 parentHash=0x40574a28b551a148553c2a250a68f4b887180e13841ba99f3cc0edd75ffeeb64 payloadBytes=2109 proposerPubkey=0xb63f327df68581cdc02a66c1c65e906a06a1a3a8d7a6e38f7b6da944e8e6cc2db85fced5327d8c12945ceb33018272ca reqContentType=json reqIsGzip=false service=relay/api slot=70 timestampAfterDecoding=1733017292628 timestampRequestStart=1733017292627 value=0 version=b4947ea-dev
time="2024-12-01T01:41:32Z" level=info msg="request finished" blobGasUsed=0 blockHash=0xbcfe0e3cad5c2d8e265dd574457d9a1662536ec955a6ae9e02933014308a2c09 builderIsHighPrio=false builderPubkey=0xaa1488eae4b06a1fff840a2b6db167afc520758dc2c8af0dfb57037954df3431b747e2f900fe8805f05d635e9a29717b cancellationEnabled=false contentLength=2109 excessBlobGas=0 headSlot=69 isLargeRequest=false method=submitNewBlock numBlobs=0 numTx=0 parentHash=0x40574a28b551a148553c2a250a68f4b887180e13841ba99f3cc0edd75ffeeb64 payloadBytes=2109 proposerPubkey=0xb63f327df68581cdc02a66c1c65e906a06a1a3a8d7a6e38f7b6da944e8e6cc2db85fced5327d8c12945ceb33018272ca reqContentType=json reqIsGzip=false requestDurationMs=0 service=relay/api slot=70 timestampAfterDecoding=1733017292628 timestampRequestFin=1733017292628 timestampRequestStart=1733017292627 value=0 version=b4947ea-dev
time="2024-12-01T01:41:32Z" level=info msg="http: POST /relay/v1/builder/blocks 200" duration=0.000723 method=POST path=/relay/v1/builder/blocks service=relay/api status=200 version=b4947ea-dev
time="2024-12-01T01:41:34Z" level=info msg="payload attributes received for slot: 71" service=relay/api version=b4947ea-dev
time="2024-12-01T01:41:34Z" level=info msg="updated payload attributes" headSlot=69 payloadAttrParent=0x40574a28b551a148553c2a250a68f4b887180e13841ba99f3cc0edd75ffeeb64 payloadAttrSlot=71 randao=0x9ae53cad96a34ca55e1dbe8b97ed6fae979d152cad5305202b4a3edcb403febd service=relay/api timestamp=1733017296 version=b4947ea-dev withdrawalsRoot=0x792930bbd5baac43bcc798ee49aa8185ef76bb3b44ba62b91d86ae569e4bb535
time="2024-12-01T01:41:34Z" level=debug msg="getHeader request received" headSlot=69 method=getHeader mevBoostV=v1.8.1 msIntoSlot=9 parentHash=0x40574a28b551a148553c2a250a68f4b887180e13841ba99f3cc0edd75ffeeb64 pubkey=0xb63f327df68581cdc02a66c1c65e906a06a1a3a8d7a6e38f7b6da944e8e6cc2db85fced5327d8c12945ceb33018272ca requestTimestamp=1733017294 service=relay/api slot=70 slotStartSec=1733017294 ua="mev-boost/v1.8.1 Lighthouse/v5.3.0-2e0eb6d" version=b4947ea-dev
time="2024-12-01T01:41:34Z" level=error msg="bid was empty, skipping PROF augmentation" error="<nil>" headSlot=69 method=getHeader mevBoostV=v1.8.1 msIntoSlot=9 parentHash=0x40574a28b551a148553c2a250a68f4b887180e13841ba99f3cc0edd75ffeeb64 pubkey=0xb63f327df68581cdc02a66c1c65e906a06a1a3a8d7a6e38f7b6da944e8e6cc2db85fced5327d8c12945ceb33018272ca requestTimestamp=1733017294 service=relay/api slot=70 slotStartSec=1733017294 ua="mev-boost/v1.8.1 Lighthouse/v5.3.0-2e0eb6d" version=b4947ea-dev
time="2024-12-01T01:41:34Z" level=info msg="http: GET /eth/v1/builder/header/70/0x40574a28b551a148553c2a250a68f4b887180e13841ba99f3cc0edd75ffeeb64/0xb63f327df68581cdc02a66c1c65e906a06a1a3a8d7a6e38f7b6da944e8e6cc2db85fced5327d8c12945ceb33018272ca 204" duration=0.001376 method=GET path=/eth/v1/builder/header/70/0x40574a28b551a148553c2a250a68f4b887180e13841ba99f3cc0edd75ffeeb64/0xb63f327df68581cdc02a66c1c65e906a06a1a3a8d7a6e38f7b6da944e8e6cc2db85fced5327d8c12945ceb33018272ca service=relay/api status=204 version=b4947ea-dev
time="2024-12-01T01:41:34Z" level=info msg="Querying validators from beacon node... (this may take a while)" datastoreMethod=RefreshKnownValidators headSlot=67 headSlotPos=4 lastUpdateSlot=51 service=relay/api version=b4947ea-dev
time="2024-12-01T01:41:34Z" level=debug msg="fetching validators" component=beaconClient service=relay/api uri="http://172.16.4.16:4000" version=b4947ea-dev
time="2024-12-01T01:41:34Z" level=info msg="received known validators from beacon-node" datastoreMethod=RefreshKnownValidators durationFetchValidatorsMs=5 headSlot=67 headSlotPos=4 lastUpdateSlot=51 numKnownValidators=128 service=relay/api version=b4947ea-dev
time="2024-12-01T01:41:34Z" level=info msg="known validators updated" datastoreMethod=RefreshKnownValidators durationFetchValidatorsMs=5 headSlot=67 headSlotPos=4 lastUpdateSlot=51 numKnownValidators=128 service=relay/api version=b4947ea-dev
time="2024-12-01T01:41:34Z" level=info msg="updated headSlot to 70" epoch=2 service=relay/api slotHead=70 slotStartNextEpoch=96 version=b4947ea-dev
time="2024-12-01T01:41:34Z" level=debug msg="Updating builder cache with 1 builders from database" service=relay/api version=b4947ea-dev
time="2024-12-01T01:41:34Z" level=info msg="payload attributes received for slot: 71" service=relay/api version=b4947ea-dev
time="2024-12-01T01:41:34Z" level=info msg="updated payload attributes" headSlot=70 payloadAttrParent=0xdd9413800f40ccb182e192b791b4f2e979e484d85c7c0e727cffee3edbcf1056 payloadAttrSlot=71 randao=0x99c777cd62d612faaa9b7d9db58bcff9c639a543cb03833395237a7e7cce276f service=relay/api timestamp=1733017296 version=b4947ea-dev withdrawalsRoot=0x792930bbd5baac43bcc798ee49aa8185ef76bb3b44ba62b91d86ae569e4bb535
time="2024-12-01T01:41:34Z" level=info msg="request initiated" cancellationEnabled=false contentLength=2109 headSlot=70 method=submitNewBlock service=relay/api timestampRequestStart=1733017294643 version=b4947ea-dev
time="2024-12-01T01:41:34Z" level=info msg="submitNewBlock failed: block with 0 value or no txs" blobGasUsed=0 blockHash=0x463ffa067656684684e2344c6e67ef30ef210ff9268d3b015a216c50570c8013 builderIsHighPrio=false builderPubkey=0xaa1488eae4b06a1fff840a2b6db167afc520758dc2c8af0dfb57037954df3431b747e2f900fe8805f05d635e9a29717b cancellationEnabled=false contentLength=2109 excessBlobGas=0 headSlot=70 isLargeRequest=false method=submitNewBlock numBlobs=0 numTx=0 parentHash=0xdd9413800f40ccb182e192b791b4f2e979e484d85c7c0e727cffee3edbcf1056 payloadBytes=2109 proposerPubkey=0xb967afc934f2efd001a6901490e770602f80df9ec0eb3293490ed8c55e14d08f5bebb7bd183f485de29a8423d859a501 reqContentType=json reqIsGzip=false service=relay/api slot=71 timestampAfterDecoding=1733017294643 timestampRequestStart=1733017294643 value=0 version=b4947ea-dev
time="2024-12-01T01:41:34Z" level=info msg="request finished" blobGasUsed=0 blockHash=0x463ffa067656684684e2344c6e67ef30ef210ff9268d3b015a216c50570c8013 builderIsHighPrio=false builderPubkey=0xaa1488eae4b06a1fff840a2b6db167afc520758dc2c8af0dfb57037954df3431b747e2f900fe8805f05d635e9a29717b cancellationEnabled=false contentLength=2109 excessBlobGas=0 headSlot=70 isLargeRequest=false method=submitNewBlock numBlobs=0 numTx=0 parentHash=0xdd9413800f40ccb182e192b791b4f2e979e484d85c7c0e727cffee3edbcf1056 payloadBytes=2109 proposerPubkey=0xb967afc934f2efd001a6901490e770602f80df9ec0eb3293490ed8c55e14d08f5bebb7bd183f485de29a8423d859a501 reqContentType=json reqIsGzip=false requestDurationMs=0 service=relay/api slot=71 timestampAfterDecoding=1733017294643 timestampRequestFin=1733017294643 timestampRequestStart=1733017294643 value=0 version=b4947ea-dev
time="2024-12-01T01:41:34Z" level=info msg="http: POST /relay/v1/builder/blocks 200" duration=0.000811 method=POST path=/relay/v1/builder/blocks service=relay/api status=200 version=b4947ea-dev
time="2024-12-01T01:41:36Z" level=info msg="payload attributes received for slot: 72" service=relay/api version=b4947ea-dev
time="2024-12-01T01:41:36Z" level=info msg="updated payload attributes" headSlot=70 payloadAttrParent=0xdd9413800f40ccb182e192b791b4f2e979e484d85c7c0e727cffee3edbcf1056 payloadAttrSlot=72 randao=0x99c777cd62d612faaa9b7d9db58bcff9c639a543cb03833395237a7e7cce276f service=relay/api timestamp=1733017298 version=b4947ea-dev withdrawalsRoot=0x792930bbd5baac43bcc798ee49aa8185ef76bb3b44ba62b91d86ae569e4bb535
time="2024-12-01T01:41:36Z" level=debug msg="getHeader request received" headSlot=70 method=getHeader mevBoostV=v1.8.1 msIntoSlot=8 parentHash=0xdd9413800f40ccb182e192b791b4f2e979e484d85c7c0e727cffee3edbcf1056 pubkey=0xb967afc934f2efd001a6901490e770602f80df9ec0eb3293490ed8c55e14d08f5bebb7bd183f485de29a8423d859a501 requestTimestamp=1733017296 service=relay/api slot=71 slotStartSec=1733017296 ua="mev-boost/v1.8.1 Lighthouse/v5.3.0-2e0eb6d" version=b4947ea-dev
time="2024-12-01T01:41:36Z" level=error msg="bid was empty, skipping PROF augmentation" error="<nil>" headSlot=70 method=getHeader mevBoostV=v1.8.1 msIntoSlot=8 parentHash=0xdd9413800f40ccb182e192b791b4f2e979e484d85c7c0e727cffee3edbcf1056 pubkey=0xb967afc934f2efd001a6901490e770602f80df9ec0eb3293490ed8c55e14d08f5bebb7bd183f485de29a8423d859a501 requestTimestamp=1733017296 service=relay/api slot=71 slotStartSec=1733017296 ua="mev-boost/v1.8.1 Lighthouse/v5.3.0-2e0eb6d" version=b4947ea-dev
time="2024-12-01T01:41:36Z" level=info msg="http: GET /eth/v1/builder/header/71/0xdd9413800f40ccb182e192b791b4f2e979e484d85c7c0e727cffee3edbcf1056/0xb967afc934f2efd001a6901490e770602f80df9ec0eb3293490ed8c55e14d08f5bebb7bd183f485de29a8423d859a501 204" duration=0.000721 method=GET path=/eth/v1/builder/header/71/0xdd9413800f40ccb182e192b791b4f2e979e484d85c7c0e727cffee3edbcf1056/0xb967afc934f2efd001a6901490e770602f80df9ec0eb3293490ed8c55e14d08f5bebb7bd183f485de29a8423d859a501 service=relay/api status=204 version=b4947ea-dev
time="2024-12-01T01:41:36Z" level=info msg="updated headSlot to 71" epoch=2 service=relay/api slotHead=71 slotStartNextEpoch=96 version=b4947ea-dev
time="2024-12-01T01:41:36Z" level=debug msg="Updating builder cache with 1 builders from database" service=relay/api version=b4947ea-dev
time="2024-12-01T01:41:36Z" level=info msg="payload attributes received for slot: 72" service=relay/api version=b4947ea-dev
time="2024-12-01T01:41:36Z" level=info msg="updated payload attributes" headSlot=71 payloadAttrParent=0xdb37e72b1fd1116154b6813ca138d8d774993f590415139f2fbcbebcf0f5debc payloadAttrSlot=72 randao=0xcde31a2a42f6f9972fb3c9b806d017623ee0b513e7497a005e3010ddcdc9946f service=relay/api timestamp=1733017298 version=b4947ea-dev withdrawalsRoot=0x792930bbd5baac43bcc798ee49aa8185ef76bb3b44ba62b91d86ae569e4bb535
time="2024-12-01T01:41:36Z" level=info msg="request initiated" cancellationEnabled=false contentLength=2109 headSlot=71 method=submitNewBlock service=relay/api timestampRequestStart=1733017296633 version=b4947ea-dev
time="2024-12-01T01:41:36Z" level=info msg="submitNewBlock failed: block with 0 value or no txs" blobGasUsed=0 blockHash=0x7748543a5d3b397512776060d6084e687d96f5e92fe3316e85011df0a6397ce1 builderIsHighPrio=false builderPubkey=0xaa1488eae4b06a1fff840a2b6db167afc520758dc2c8af0dfb57037954df3431b747e2f900fe8805f05d635e9a29717b cancellationEnabled=false contentLength=2109 excessBlobGas=0 headSlot=71 isLargeRequest=false method=submitNewBlock numBlobs=0 numTx=0 parentHash=0xdb37e72b1fd1116154b6813ca138d8d774993f590415139f2fbcbebcf0f5debc payloadBytes=2109 proposerPubkey=0x8419cf00f2783c430dc861a710984d0429d3b3a7f6db849b4f5c05e0d87339704c5c7f5eede6adfc8776d666587b5932 reqContentType=json reqIsGzip=false service=relay/api slot=72 timestampAfterDecoding=1733017296634 timestampRequestStart=1733017296633 value=0 version=b4947ea-dev
time="2024-12-01T01:41:36Z" level=info msg="request finished" blobGasUsed=0 blockHash=0x7748543a5d3b397512776060d6084e687d96f5e92fe3316e85011df0a6397ce1 builderIsHighPrio=false builderPubkey=0xaa1488eae4b06a1fff840a2b6db167afc520758dc2c8af0dfb57037954df3431b747e2f900fe8805f05d635e9a29717b cancellationEnabled=false contentLength=2109 excessBlobGas=0 headSlot=71 isLargeRequest=false method=submitNewBlock numBlobs=0 numTx=0 parentHash=0xdb37e72b1fd1116154b6813ca138d8d774993f590415139f2fbcbebcf0f5debc payloadBytes=2109 proposerPubkey=0x8419cf00f2783c430dc861a710984d0429d3b3a7f6db849b4f5c05e0d87339704c5c7f5eede6adfc8776d666587b5932 reqContentType=json reqIsGzip=false requestDurationMs=0 service=relay/api slot=72 timestampAfterDecoding=1733017296634 timestampRequestFin=1733017296634 timestampRequestStart=1733017296633 value=0 version=b4947ea-dev
time="2024-12-01T01:41:36Z" level=info msg="http: POST /relay/v1/builder/blocks 200" duration=0.001037 method=POST path=/relay/v1/builder/blocks service=relay/api status=200 version=b4947ea-dev
time="2024-12-01T01:41:38Z" level=info msg="payload attributes received for slot: 73" service=relay/api version=b4947ea-dev
time="2024-12-01T01:41:38Z" level=info msg="updated payload attributes" headSlot=71 payloadAttrParent=0xdb37e72b1fd1116154b6813ca138d8d774993f590415139f2fbcbebcf0f5debc payloadAttrSlot=73 randao=0xcde31a2a42f6f9972fb3c9b806d017623ee0b513e7497a005e3010ddcdc9946f service=relay/api timestamp=1733017300 version=b4947ea-dev withdrawalsRoot=0x792930bbd5baac43bcc798ee49aa8185ef76bb3b44ba62b91d86ae569e4bb535
time="2024-12-01T01:41:38Z" level=debug msg="getHeader request received" headSlot=71 method=getHeader mevBoostV=v1.8.1 msIntoSlot=9 parentHash=0xdb37e72b1fd1116154b6813ca138d8d774993f590415139f2fbcbebcf0f5debc pubkey=0x8419cf00f2783c430dc861a710984d0429d3b3a7f6db849b4f5c05e0d87339704c5c7f5eede6adfc8776d666587b5932 requestTimestamp=1733017298 service=relay/api slot=72 slotStartSec=1733017298 ua="mev-boost/v1.8.1 Lighthouse/v5.3.0-2e0eb6d" version=b4947ea-dev
time="2024-12-01T01:41:38Z" level=error msg="bid was empty, skipping PROF augmentation" error="<nil>" headSlot=71 method=getHeader mevBoostV=v1.8.1 msIntoSlot=9 parentHash=0xdb37e72b1fd1116154b6813ca138d8d774993f590415139f2fbcbebcf0f5debc pubkey=0x8419cf00f2783c430dc861a710984d0429d3b3a7f6db849b4f5c05e0d87339704c5c7f5eede6adfc8776d666587b5932 requestTimestamp=1733017298 service=relay/api slot=72 slotStartSec=1733017298 ua="mev-boost/v1.8.1 Lighthouse/v5.3.0-2e0eb6d" version=b4947ea-dev
time="2024-12-01T01:41:38Z" level=info msg="http: GET /eth/v1/builder/header/72/0xdb37e72b1fd1116154b6813ca138d8d774993f590415139f2fbcbebcf0f5debc/0x8419cf00f2783c430dc861a710984d0429d3b3a7f6db849b4f5c05e0d87339704c5c7f5eede6adfc8776d666587b5932 204" duration=0.001278 method=GET path=/eth/v1/builder/header/72/0xdb37e72b1fd1116154b6813ca138d8d774993f590415139f2fbcbebcf0f5debc/0x8419cf00f2783c430dc861a710984d0429d3b3a7f6db849b4f5c05e0d87339704c5c7f5eede6adfc8776d666587b5932 service=relay/api status=204 version=b4947ea-dev
time="2024-12-01T01:41:38Z" level=info msg="updated headSlot to 72" epoch=2 service=relay/api slotHead=72 slotStartNextEpoch=96 version=b4947ea-dev
time="2024-12-01T01:41:38Z" level=info msg="proposer duties updated: 100, 101, 102, 103, 104, 105, 106, 107, 108, 109, 110, 111, 112, 113, 114, 115, 116, 117, 118, 119, 120, 121, 122, 123, 124, 125, 126, 127, 64, 65, 66, 67, 68, 69, 70, 71, 72, 73, 74, 75, 76, 77, 78, 79, 80, 81, 82, 83, 84, 85, 86, 87, 88, 89, 90, 91, 92, 93, 94, 95, 96, 97, 98, 99" service=relay/api version=b4947ea-dev
time="2024-12-01T01:41:38Z" level=debug msg="Updating builder cache with 1 builders from database" service=relay/api version=b4947ea-dev
time="2024-12-01T01:41:38Z" level=info msg="payload attributes received for slot: 73" service=relay/api version=b4947ea-dev
time="2024-12-01T01:41:38Z" level=info msg="updated payload attributes" headSlot=72 payloadAttrParent=0xa9c5011512a6ad8f388681a3f98cb5859de4e07a46cc2bdb92b28b9371a3c85e payloadAttrSlot=73 randao=0xf0b2e659175c4861fedb48ef8ec3be2d30f41b8252ede9804a2cc4cbd967ab26 service=relay/api timestamp=1733017300 version=b4947ea-dev withdrawalsRoot=0x792930bbd5baac43bcc798ee49aa8185ef76bb3b44ba62b91d86ae569e4bb535
time="2024-12-01T01:41:38Z" level=info msg="request initiated" cancellationEnabled=false contentLength=2109 headSlot=72 method=submitNewBlock service=relay/api timestampRequestStart=1733017298630 version=b4947ea-dev
time="2024-12-01T01:41:38Z" level=info msg="submitNewBlock failed: block with 0 value or no txs" blobGasUsed=0 blockHash=0xf94080aba8efaf4a086109a0756cdb36113127538159263de70096643427cdf0 builderIsHighPrio=false builderPubkey=0xaa1488eae4b06a1fff840a2b6db167afc520758dc2c8af0dfb57037954df3431b747e2f900fe8805f05d635e9a29717b cancellationEnabled=false contentLength=2109 excessBlobGas=0 headSlot=72 isLargeRequest=false method=submitNewBlock numBlobs=0 numTx=0 parentHash=0xa9c5011512a6ad8f388681a3f98cb5859de4e07a46cc2bdb92b28b9371a3c85e payloadBytes=2109 proposerPubkey=0x8d9dc5d04f5b105ddd3e84529e16f33748969fea81729ea7dc087fee8f1e3e2faeaaee3ca7ee5dc264a22cbe0ff809b3 reqContentType=json reqIsGzip=false service=relay/api slot=73 timestampAfterDecoding=1733017298630 timestampRequestStart=1733017298630 value=0 version=b4947ea-dev
time="2024-12-01T01:41:38Z" level=info msg="request finished" blobGasUsed=0 blockHash=0xf94080aba8efaf4a086109a0756cdb36113127538159263de70096643427cdf0 builderIsHighPrio=false builderPubkey=0xaa1488eae4b06a1fff840a2b6db167afc520758dc2c8af0dfb57037954df3431b747e2f900fe8805f05d635e9a29717b cancellationEnabled=false contentLength=2109 excessBlobGas=0 headSlot=72 isLargeRequest=false method=submitNewBlock numBlobs=0 numTx=0 parentHash=0xa9c5011512a6ad8f388681a3f98cb5859de4e07a46cc2bdb92b28b9371a3c85e payloadBytes=2109 proposerPubkey=0x8d9dc5d04f5b105ddd3e84529e16f33748969fea81729ea7dc087fee8f1e3e2faeaaee3ca7ee5dc264a22cbe0ff809b3 reqContentType=json reqIsGzip=false requestDurationMs=0 service=relay/api slot=73 timestampAfterDecoding=1733017298630 timestampRequestFin=1733017298630 timestampRequestStart=1733017298630 value=0 version=b4947ea-dev
time="2024-12-01T01:41:38Z" level=info msg="http: POST /relay/v1/builder/blocks 200" duration=0.000687 method=POST path=/relay/v1/builder/blocks service=relay/api status=200 version=b4947ea-dev
time="2024-12-01T01:41:39Z" level=info msg="request initiated" cancellationEnabled=false contentLength=14890 headSlot=72 method=submitNewBlock service=relay/api timestampRequestStart=1733017299636 version=b4947ea-dev
time="2024-12-01T01:41:39Z" level=info msg="block validation successful" blobGasUsed=0 blockHash=0x31c9c645ef986b13232da0d7cab7293bec41ff77ab335542e8d7d3d20429bec6 builderIsHighPrio=false builderPubkey=0xaa1488eae4b06a1fff840a2b6db167afc520758dc2c8af0dfb57037954df3431b747e2f900fe8805f05d635e9a29717b cancellationEnabled=false contentLength=14890 durationMs=15 excessBlobGas=0 fastTrackValidation=false headSlot=72 isLargeRequest=false method=submitNewBlock newBidIsTopBid=true numBlobs=0 numTx=55 numWaiting=0 parentHash=0xa9c5011512a6ad8f388681a3f98cb5859de4e07a46cc2bdb92b28b9371a3c85e payloadBytes=14890 proposerPubkey=0x8d9dc5d04f5b105ddd3e84529e16f33748969fea81729ea7dc087fee8f1e3e2faeaaee3ca7ee5dc264a22cbe0ff809b3 reqContentType=json reqIsGzip=false service=relay/api slot=73 timestampAfterCheckingFloorBid=1733017299641 timestampAfterCheckingTopBid=1733017299641 timestampAfterDecoding=1733017299637 timestampAfterSignatureCheck=1733017299640 timestampBeforeCheckingFloorBid=1733017299640 timestampBeforeCheckingTopBid=1733017299641 timestampBeforeSignatureCheck=1733017299638 timestampBeforeValidation=1733017299641 timestampRequestStart=1733017299636 topBidValue=0 value=1707656651337000 version=b4947ea-dev
time="2024-12-01T01:41:39Z" level=info msg="received block from builder" blobGasUsed=0 blockHash=0x31c9c645ef986b13232da0d7cab7293bec41ff77ab335542e8d7d3d20429bec6 builderIsHighPrio=false builderPubkey=0xaa1488eae4b06a1fff840a2b6db167afc520758dc2c8af0dfb57037954df3431b747e2f900fe8805f05d635e9a29717b cancellationEnabled=false contentLength=14890 excessBlobGas=0 fastTrackValidation=false headSlot=72 isLargeRequest=false method=submitNewBlock newBidIsTopBid=true numBlobs=0 numTx=55 parentHash=0xa9c5011512a6ad8f388681a3f98cb5859de4e07a46cc2bdb92b28b9371a3c85e payloadBytes=14890 prevTopBidValue=0 profileDecodeUs=1031 profilePrechecksUs=3295 profileRedisSavePayloadUs=13 profileRedisUpdateFloorUs=274 profileRedisUpdateTopBidUs=320 profileRedisUs=2662 profileSimUs=16293 profileTotalUs=23922 proposerPubkey=0x8d9dc5d04f5b105ddd3e84529e16f33748969fea81729ea7dc087fee8f1e3e2faeaaee3ca7ee5dc264a22cbe0ff809b3 reqContentType=json reqIsGzip=false service=relay/api slot=73 timestampAfterBidUpdate=1733017299660 timestampAfterCheckingFloorBid=1733017299641 timestampAfterCheckingTopBid=1733017299641 timestampAfterDecoding=1733017299637 timestampAfterSignatureCheck=1733017299640 timestampAfterValidation=1733017299657 timestampBeforeCheckingFloorBid=1733017299640 timestampBeforeCheckingTopBid=1733017299641 timestampBeforeSignatureCheck=1733017299638 timestampBeforeValidation=1733017299641 timestampEligibleAt=1733017299660 timestampRequestStart=1733017299636 topBidValue=1707656651337000 validationDurationMs=16 value=1707656651337000 version=b4947ea-dev wasBidSavedInRedis=true wasTopBidUpdated=true
time="2024-12-01T01:41:39Z" level=info msg="request finished" blobGasUsed=0 blockHash=0x31c9c645ef986b13232da0d7cab7293bec41ff77ab335542e8d7d3d20429bec6 builderIsHighPrio=false builderPubkey=0xaa1488eae4b06a1fff840a2b6db167afc520758dc2c8af0dfb57037954df3431b747e2f900fe8805f05d635e9a29717b cancellationEnabled=false contentLength=14890 excessBlobGas=0 fastTrackValidation=false headSlot=72 isLargeRequest=false method=submitNewBlock newBidIsTopBid=true numBlobs=0 numTx=55 parentHash=0xa9c5011512a6ad8f388681a3f98cb5859de4e07a46cc2bdb92b28b9371a3c85e payloadBytes=14890 prevTopBidValue=0 profileRedisSavePayloadUs=13 profileRedisUpdateFloorUs=274 profileRedisUpdateTopBidUs=320 proposerPubkey=0x8d9dc5d04f5b105ddd3e84529e16f33748969fea81729ea7dc087fee8f1e3e2faeaaee3ca7ee5dc264a22cbe0ff809b3 reqContentType=json reqIsGzip=false requestDurationMs=37 service=relay/api slot=73 timestampAfterBidUpdate=1733017299660 timestampAfterCheckingFloorBid=1733017299641 timestampAfterCheckingTopBid=1733017299641 timestampAfterDecoding=1733017299637 timestampAfterSignatureCheck=1733017299640 timestampAfterValidation=1733017299657 timestampBeforeCheckingFloorBid=1733017299640 timestampBeforeCheckingTopBid=1733017299641 timestampBeforeSignatureCheck=1733017299638 timestampBeforeValidation=1733017299641 timestampEligibleAt=1733017299660 timestampRequestFin=1733017299674 timestampRequestStart=1733017299636 topBidValue=1707656651337000 validationDurationMs=16 value=1707656651337000 version=b4947ea-dev wasBidSavedInRedis=true wasTopBidUpdated=true
time="2024-12-01T01:41:39Z" level=info msg="http: POST /relay/v1/builder/blocks 200" duration=0.038422 method=POST path=/relay/v1/builder/blocks service=relay/api status=200 version=b4947ea-dev
time="2024-12-01T01:41:40Z" level=info msg="payload attributes received for slot: 74" service=relay/api version=b4947ea-dev
time="2024-12-01T01:41:40Z" level=info msg="updated payload attributes" headSlot=72 payloadAttrParent=0xa9c5011512a6ad8f388681a3f98cb5859de4e07a46cc2bdb92b28b9371a3c85e payloadAttrSlot=74 randao=0xf0b2e659175c4861fedb48ef8ec3be2d30f41b8252ede9804a2cc4cbd967ab26 service=relay/api timestamp=1733017302 version=b4947ea-dev withdrawalsRoot=0x792930bbd5baac43bcc798ee49aa8185ef76bb3b44ba62b91d86ae569e4bb535
time="2024-12-01T01:41:40Z" level=debug msg="getHeader request received" headSlot=72 method=getHeader mevBoostV=v1.8.1 msIntoSlot=8 parentHash=0xa9c5011512a6ad8f388681a3f98cb5859de4e07a46cc2bdb92b28b9371a3c85e pubkey=0x8d9dc5d04f5b105ddd3e84529e16f33748969fea81729ea7dc087fee8f1e3e2faeaaee3ca7ee5dc264a22cbe0ff809b3 requestTimestamp=1733017300 service=relay/api slot=73 slotStartSec=1733017300 ua="mev-boost/v1.8.1 Lighthouse/v5.3.0-2e0eb6d" version=b4947ea-dev
time="2024-12-01T01:41:40Z" level=debug msg="getPayload response from redis" datastoreMethod=GetGetPayloadResponse headSlot=72 method=getHeader mevBoostV=v1.8.1 msIntoSlot=8 parentHash=0xa9c5011512a6ad8f388681a3f98cb5859de4e07a46cc2bdb92b28b9371a3c85e pubkey=0x8d9dc5d04f5b105ddd3e84529e16f33748969fea81729ea7dc087fee8f1e3e2faeaaee3ca7ee5dc264a22cbe0ff809b3 requestTimestamp=1733017300 service=relay/api slot=73 slotStartSec=1733017300 ua="mev-boost/v1.8.1 Lighthouse/v5.3.0-2e0eb6d" version=b4947ea-dev
time="2024-12-01T01:41:40Z" level=info msg="parent beacon root found in payload attributes" service=relay/api version=b4947ea-dev
time="2024-12-01T01:41:40Z" level=error msg="failed to enrich bid with PROF" error="failed to receive enrich block response: rpc error: code = Internal desc = Error calling flashbots_validateProfBlock: could not apply tx 55 [0xe05af71a2792d529b288733b84a66fe4b83407072f2320b96eed46079324a9f9]: nonce too high: address 0x65D08a056c17Ae13370565B04cF77D2AfA1cB9FA, tx: 38 state: 18" headSlot=72 method=getHeader mevBoostV=v1.8.1 msIntoSlot=8 parentHash=0xa9c5011512a6ad8f388681a3f98cb5859de4e07a46cc2bdb92b28b9371a3c85e pubkey=0x8d9dc5d04f5b105ddd3e84529e16f33748969fea81729ea7dc087fee8f1e3e2faeaaee3ca7ee5dc264a22cbe0ff809b3 requestTimestamp=1733017300 service=relay/api slot=73 slotStartSec=1733017300 ua="mev-boost/v1.8.1 Lighthouse/v5.3.0-2e0eb6d" version=b4947ea-dev
time="2024-12-01T01:41:40Z" level=info msg="http: GET /eth/v1/builder/header/73/0xa9c5011512a6ad8f388681a3f98cb5859de4e07a46cc2bdb92b28b9371a3c85e/0x8d9dc5d04f5b105ddd3e84529e16f33748969fea81729ea7dc087fee8f1e3e2faeaaee3ca7ee5dc264a22cbe0ff809b3 500" duration=0.022589 method=GET path=/eth/v1/builder/header/73/0xa9c5011512a6ad8f388681a3f98cb5859de4e07a46cc2bdb92b28b9371a3c85e/0x8d9dc5d04f5b105ddd3e84529e16f33748969fea81729ea7dc087fee8f1e3e2faeaaee3ca7ee5dc264a22cbe0ff809b3 service=relay/api status=500 version=b4947ea-dev
time="2024-12-01T01:41:40Z" level=info msg="updated headSlot to 73" epoch=2 service=relay/api slotHead=73 slotStartNextEpoch=96 version=b4947ea-dev
time="2024-12-01T01:41:40Z" level=debug msg="RefreshKnownValidators init" datastoreMethod=RefreshKnownValidators headSlot=73 headSlotPos=10 lastUpdateSlot=67 service=relay/api version=b4947ea-dev
time="2024-12-01T01:41:40Z" level=debug msg="Updating builder cache with 1 builders from database" service=relay/api version=b4947ea-dev
time="2024-12-01T01:41:40Z" level=info msg="payload attributes received for slot: 74" service=relay/api version=b4947ea-dev
time="2024-12-01T01:41:40Z" level=info msg="updated payload attributes" headSlot=73 payloadAttrParent=0xee2039a63090a27be42907a0128059db4c207f3ab8ed6ce6217572f33d34a9c4 payloadAttrSlot=74 randao=0x9174cd1a7b0b5d6c63b2b79560ccf75dcacfd3203395320dedf75012b29ca06b service=relay/api timestamp=1733017302 version=b4947ea-dev withdrawalsRoot=0x792930bbd5baac43bcc798ee49aa8185ef76bb3b44ba62b91d86ae569e4bb535
time="2024-12-01T01:41:40Z" level=info msg="request initiated" cancellationEnabled=false contentLength=38554 headSlot=73 method=submitNewBlock service=relay/api timestampRequestStart=1733017300703 version=b4947ea-dev
time="2024-12-01T01:41:40Z" level=info msg="block validation successful" blobGasUsed=0 blockHash=0x1e62a6f563f1b95ecb636bf506c01b38bf720bb7fd3c10bc368176afa766d8cc builderIsHighPrio=false builderPubkey=0xaa1488eae4b06a1fff840a2b6db167afc520758dc2c8af0dfb57037954df3431b747e2f900fe8805f05d635e9a29717b cancellationEnabled=false contentLength=38554 durationMs=45 excessBlobGas=0 fastTrackValidation=false headSlot=73 isLargeRequest=false method=submitNewBlock newBidIsTopBid=true numBlobs=0 numTx=157 numWaiting=0 parentHash=0xee2039a63090a27be42907a0128059db4c207f3ab8ed6ce6217572f33d34a9c4 payloadBytes=38554 proposerPubkey=0x93d491d7211af181ccab8353567ad10c065a6e991c9b70def7215c62fa3bf843a177e18b00580deead4b5678f46d4d39 reqContentType=json reqIsGzip=false service=relay/api slot=74 timestampAfterCheckingFloorBid=1733017300709 timestampAfterCheckingTopBid=1733017300709 timestampAfterDecoding=1733017300706 timestampAfterSignatureCheck=1733017300708 timestampBeforeCheckingFloorBid=1733017300708 timestampBeforeCheckingTopBid=1733017300709 timestampBeforeSignatureCheck=1733017300706 timestampBeforeValidation=1733017300709 timestampRequestStart=1733017300703 topBidValue=0 value=4933270697943000 version=b4947ea-dev
time="2024-12-01T01:41:40Z" level=info msg="received block from builder" blobGasUsed=0 blockHash=0x1e62a6f563f1b95ecb636bf506c01b38bf720bb7fd3c10bc368176afa766d8cc builderIsHighPrio=false builderPubkey=0xaa1488eae4b06a1fff840a2b6db167afc520758dc2c8af0dfb57037954df3431b747e2f900fe8805f05d635e9a29717b cancellationEnabled=false contentLength=38554 excessBlobGas=0 fastTrackValidation=false headSlot=73 isLargeRequest=false method=submitNewBlock newBidIsTopBid=true numBlobs=0 numTx=157 parentHash=0xee2039a63090a27be42907a0128059db4c207f3ab8ed6ce6217572f33d34a9c4 payloadBytes=38554 prevTopBidValue=0 profileDecodeUs=2135 profilePrechecksUs=2829 profileRedisSavePayloadUs=75 profileRedisUpdateFloorUs=171 profileRedisUpdateTopBidUs=561 profileRedisUs=4058 profileSimUs=45625 profileTotalUs=55447 proposerPubkey=0x93d491d7211af181ccab8353567ad10c065a6e991c9b70def7215c62fa3bf843a177e18b00580deead4b5678f46d4d39 reqContentType=json reqIsGzip=false service=relay/api slot=74 timestampAfterBidUpdate=1733017300758 timestampAfterCheckingFloorBid=1733017300709 timestampAfterCheckingTopBid=1733017300709 timestampAfterDecoding=1733017300706 timestampAfterSignatureCheck=1733017300708 timestampAfterValidation=1733017300754 timestampBeforeCheckingFloorBid=1733017300708 timestampBeforeCheckingTopBid=1733017300709 timestampBeforeSignatureCheck=1733017300706 timestampBeforeValidation=1733017300709 timestampEligibleAt=1733017300758 timestampRequestStart=1733017300703 topBidValue=4933270697943000 validationDurationMs=45 value=4933270697943000 version=b4947ea-dev wasBidSavedInRedis=true wasTopBidUpdated=true
time="2024-12-01T01:41:40Z" level=info msg="request finished" blobGasUsed=0 blockHash=0x1e62a6f563f1b95ecb636bf506c01b38bf720bb7fd3c10bc368176afa766d8cc builderIsHighPrio=false builderPubkey=0xaa1488eae4b06a1fff840a2b6db167afc520758dc2c8af0dfb57037954df3431b747e2f900fe8805f05d635e9a29717b cancellationEnabled=false contentLength=38554 excessBlobGas=0 fastTrackValidation=false headSlot=73 isLargeRequest=false method=submitNewBlock newBidIsTopBid=true numBlobs=0 numTx=157 parentHash=0xee2039a63090a27be42907a0128059db4c207f3ab8ed6ce6217572f33d34a9c4 payloadBytes=38554 prevTopBidValue=0 profileRedisSavePayloadUs=75 profileRedisUpdateFloorUs=171 profileRedisUpdateTopBidUs=561 proposerPubkey=0x93d491d7211af181ccab8353567ad10c065a6e991c9b70def7215c62fa3bf843a177e18b00580deead4b5678f46d4d39 reqContentType=json reqIsGzip=false requestDurationMs=66 service=relay/api slot=74 timestampAfterBidUpdate=1733017300758 timestampAfterCheckingFloorBid=1733017300709 timestampAfterCheckingTopBid=1733017300709 timestampAfterDecoding=1733017300706 timestampAfterSignatureCheck=1733017300708 timestampAfterValidation=1733017300754 timestampBeforeCheckingFloorBid=1733017300708 timestampBeforeCheckingTopBid=1733017300709 timestampBeforeSignatureCheck=1733017300706 timestampBeforeValidation=1733017300709 timestampEligibleAt=1733017300758 timestampRequestFin=1733017300769 timestampRequestStart=1733017300703 topBidValue=4933270697943000 validationDurationMs=45 value=4933270697943000 version=b4947ea-dev wasBidSavedInRedis=true wasTopBidUpdated=true
time="2024-12-01T01:41:40Z" level=info msg="http: POST /relay/v1/builder/blocks 200" duration=0.066724 method=POST path=/relay/v1/builder/blocks service=relay/api status=200 version=b4947ea-dev
time="2024-12-01T01:41:41Z" level=info msg="request initiated" cancellationEnabled=false contentLength=43893 headSlot=73 method=submitNewBlock service=relay/api timestampRequestStart=1733017301204 version=b4947ea-dev
time="2024-12-01T01:41:41Z" level=info msg="block validation successful" blobGasUsed=0 blockHash=0x621f3515713b219117c66ce0c8c454d4c57cfc301c37d588865bb49b4dd4b0f3 builderIsHighPrio=false builderPubkey=0xaa1488eae4b06a1fff840a2b6db167afc520758dc2c8af0dfb57037954df3431b747e2f900fe8805f05d635e9a29717b cancellationEnabled=false contentLength=43893 durationMs=44 excessBlobGas=0 fastTrackValidation=false headSlot=73 isLargeRequest=false method=submitNewBlock newBidIsTopBid=true numBlobs=0 numTx=180 numWaiting=0 parentHash=0xee2039a63090a27be42907a0128059db4c207f3ab8ed6ce6217572f33d34a9c4 payloadBytes=43893 proposerPubkey=0x93d491d7211af181ccab8353567ad10c065a6e991c9b70def7215c62fa3bf843a177e18b00580deead4b5678f46d4d39 reqContentType=json reqIsGzip=false service=relay/api slot=74 timestampAfterCheckingFloorBid=1733017301210 timestampAfterCheckingTopBid=1733017301210 timestampAfterDecoding=1733017301207 timestampAfterSignatureCheck=1733017301209 timestampBeforeCheckingFloorBid=1733017301209 timestampBeforeCheckingTopBid=1733017301210 timestampBeforeSignatureCheck=1733017301207 timestampBeforeValidation=1733017301210 timestampRequestStart=1733017301204 topBidValue=4933270697943000 value=5660605675137000 version=b4947ea-dev
time="2024-12-01T01:41:41Z" level=info msg="received block from builder" blobGasUsed=0 blockHash=0x621f3515713b219117c66ce0c8c454d4c57cfc301c37d588865bb49b4dd4b0f3 builderIsHighPrio=false builderPubkey=0xaa1488eae4b06a1fff840a2b6db167afc520758dc2c8af0dfb57037954df3431b747e2f900fe8805f05d635e9a29717b cancellationEnabled=false contentLength=43893 excessBlobGas=0 fastTrackValidation=false headSlot=73 isLargeRequest=false method=submitNewBlock newBidIsTopBid=true numBlobs=0 numTx=180 parentHash=0xee2039a63090a27be42907a0128059db4c207f3ab8ed6ce6217572f33d34a9c4 payloadBytes=43893 prevTopBidValue=4933270697943000 profileDecodeUs=2360 profilePrechecksUs=3119 profileRedisSavePayloadUs=86 profileRedisUpdateFloorUs=173 profileRedisUpdateTopBidUs=743 profileRedisUs=3943 profileSimUs=44399 profileTotalUs=54559 proposerPubkey=0x93d491d7211af181ccab8353567ad10c065a6e991c9b70def7215c62fa3bf843a177e18b00580deead4b5678f46d4d39 reqContentType=json reqIsGzip=false service=relay/api slot=74 timestampAfterBidUpdate=1733017301258 timestampAfterCheckingFloorBid=1733017301210 timestampAfterCheckingTopBid=1733017301210 timestampAfterDecoding=1733017301207 timestampAfterSignatureCheck=1733017301209 timestampAfterValidation=1733017301254 timestampBeforeCheckingFloorBid=1733017301209 timestampBeforeCheckingTopBid=1733017301210 timestampBeforeSignatureCheck=1733017301207 timestampBeforeValidation=1733017301210 timestampEligibleAt=1733017301258 timestampRequestStart=1733017301204 topBidValue=5660605675137000 validationDurationMs=44 value=5660605675137000 version=b4947ea-dev wasBidSavedInRedis=true wasTopBidUpdated=true
time="2024-12-01T01:41:41Z" level=info msg="request finished" blobGasUsed=0 blockHash=0x621f3515713b219117c66ce0c8c454d4c57cfc301c37d588865bb49b4dd4b0f3 builderIsHighPrio=false builderPubkey=0xaa1488eae4b06a1fff840a2b6db167afc520758dc2c8af0dfb57037954df3431b747e2f900fe8805f05d635e9a29717b cancellationEnabled=false contentLength=43893 excessBlobGas=0 fastTrackValidation=false headSlot=73 isLargeRequest=false method=submitNewBlock newBidIsTopBid=true numBlobs=0 numTx=180 parentHash=0xee2039a63090a27be42907a0128059db4c207f3ab8ed6ce6217572f33d34a9c4 payloadBytes=43893 prevTopBidValue=4933270697943000 profileRedisSavePayloadUs=86 profileRedisUpdateFloorUs=173 profileRedisUpdateTopBidUs=743 proposerPubkey=0x93d491d7211af181ccab8353567ad10c065a6e991c9b70def7215c62fa3bf843a177e18b00580deead4b5678f46d4d39 reqContentType=json reqIsGzip=false requestDurationMs=65 service=relay/api slot=74 timestampAfterBidUpdate=1733017301258 timestampAfterCheckingFloorBid=1733017301210 timestampAfterCheckingTopBid=1733017301210 timestampAfterDecoding=1733017301207 timestampAfterSignatureCheck=1733017301209 timestampAfterValidation=1733017301254 timestampBeforeCheckingFloorBid=1733017301209 timestampBeforeCheckingTopBid=1733017301210 timestampBeforeSignatureCheck=1733017301207 timestampBeforeValidation=1733017301210 timestampEligibleAt=1733017301258 timestampRequestFin=1733017301269 timestampRequestStart=1733017301204 topBidValue=5660605675137000 validationDurationMs=44 value=5660605675137000 version=b4947ea-dev wasBidSavedInRedis=true wasTopBidUpdated=true
time="2024-12-01T01:41:41Z" level=info msg="http: POST /relay/v1/builder/blocks 200" duration=0.065930 method=POST path=/relay/v1/builder/blocks service=relay/api status=200 version=b4947ea-dev
time="2024-12-01T01:41:42Z" level=info msg="payload attributes received for slot: 75" service=relay/api version=b4947ea-dev
time="2024-12-01T01:41:42Z" level=info msg="updated payload attributes" headSlot=73 payloadAttrParent=0xee2039a63090a27be42907a0128059db4c207f3ab8ed6ce6217572f33d34a9c4 payloadAttrSlot=75 randao=0x9174cd1a7b0b5d6c63b2b79560ccf75dcacfd3203395320dedf75012b29ca06b service=relay/api timestamp=1733017304 version=b4947ea-dev withdrawalsRoot=0x792930bbd5baac43bcc798ee49aa8185ef76bb3b44ba62b91d86ae569e4bb535
time="2024-12-01T01:41:42Z" level=debug msg="getHeader request received" headSlot=73 method=getHeader mevBoostV=v1.8.1 msIntoSlot=8 parentHash=0xee2039a63090a27be42907a0128059db4c207f3ab8ed6ce6217572f33d34a9c4 pubkey=0x93d491d7211af181ccab8353567ad10c065a6e991c9b70def7215c62fa3bf843a177e18b00580deead4b5678f46d4d39 requestTimestamp=1733017302 service=relay/api slot=74 slotStartSec=1733017302 ua="mev-boost/v1.8.1 Lighthouse/v5.3.0-2e0eb6d" version=b4947ea-dev
time="2024-12-01T01:41:42Z" level=debug msg="getPayload response from redis" datastoreMethod=GetGetPayloadResponse headSlot=73 method=getHeader mevBoostV=v1.8.1 msIntoSlot=8 parentHash=0xee2039a63090a27be42907a0128059db4c207f3ab8ed6ce6217572f33d34a9c4 pubkey=0x93d491d7211af181ccab8353567ad10c065a6e991c9b70def7215c62fa3bf843a177e18b00580deead4b5678f46d4d39 requestTimestamp=1733017302 service=relay/api slot=74 slotStartSec=1733017302 ua="mev-boost/v1.8.1 Lighthouse/v5.3.0-2e0eb6d" version=b4947ea-dev
time="2024-12-01T01:41:42Z" level=info msg="parent beacon root found in payload attributes" service=relay/api version=b4947ea-dev
time="2024-12-01T01:41:42Z" level=error msg="failed to enrich bid with PROF" error="failed to receive enrich block response: rpc error: code = Internal desc = Error retrieving PROF bundle: no bundles available for processing" headSlot=73 method=getHeader mevBoostV=v1.8.1 msIntoSlot=8 parentHash=0xee2039a63090a27be42907a0128059db4c207f3ab8ed6ce6217572f33d34a9c4 pubkey=0x93d491d7211af181ccab8353567ad10c065a6e991c9b70def7215c62fa3bf843a177e18b00580deead4b5678f46d4d39 requestTimestamp=1733017302 service=relay/api slot=74 slotStartSec=1733017302 ua="mev-boost/v1.8.1 Lighthouse/v5.3.0-2e0eb6d" version=b4947ea-dev
time="2024-12-01T01:41:42Z" level=info msg="http: GET /eth/v1/builder/header/74/0xee2039a63090a27be42907a0128059db4c207f3ab8ed6ce6217572f33d34a9c4/0x93d491d7211af181ccab8353567ad10c065a6e991c9b70def7215c62fa3bf843a177e18b00580deead4b5678f46d4d39 500" duration=0.004368 method=GET path=/eth/v1/builder/header/74/0xee2039a63090a27be42907a0128059db4c207f3ab8ed6ce6217572f33d34a9c4/0x93d491d7211af181ccab8353567ad10c065a6e991c9b70def7215c62fa3bf843a177e18b00580deead4b5678f46d4d39 service=relay/api status=500 version=b4947ea-dev
time="2024-12-01T01:41:42Z" level=info msg="updated headSlot to 74" epoch=2 service=relay/api slotHead=74 slotStartNextEpoch=96 version=b4947ea-dev
time="2024-12-01T01:41:42Z" level=debug msg="RefreshKnownValidators init" datastoreMethod=RefreshKnownValidators headSlot=74 headSlotPos=11 lastUpdateSlot=67 service=relay/api version=b4947ea-dev
time="2024-12-01T01:41:42Z" level=debug msg="Updating builder cache with 1 builders from database" service=relay/api version=b4947ea-dev
time="2024-12-01T01:41:42Z" level=info msg="payload attributes received for slot: 75" service=relay/api version=b4947ea-dev
time="2024-12-01T01:41:42Z" level=info msg="updated payload attributes" headSlot=74 payloadAttrParent=0x43f6c88aefc2ddf645cdbd83ef062c8bc64b2fdde889ae9d345d3d3f767ea86e payloadAttrSlot=75 randao=0x9ac76b716d6817b524ca03d17cd8d9969d5124acdf6cb726cc4b69ce842fc565 service=relay/api timestamp=1733017304 version=b4947ea-dev withdrawalsRoot=0x792930bbd5baac43bcc798ee49aa8185ef76bb3b44ba62b91d86ae569e4bb535
time="2024-12-01T01:41:42Z" level=info msg="request initiated" cancellationEnabled=false contentLength=2109 headSlot=74 method=submitNewBlock service=relay/api timestampRequestStart=1733017302699 version=b4947ea-dev
time="2024-12-01T01:41:42Z" level=info msg="submitNewBlock failed: block with 0 value or no txs" blobGasUsed=0 blockHash=0xca41da7a3b2cdab8c39d8f6ad52baba43dd7ba2ce9f5c1d610103c3b3b7ca06e builderIsHighPrio=false builderPubkey=0xaa1488eae4b06a1fff840a2b6db167afc520758dc2c8af0dfb57037954df3431b747e2f900fe8805f05d635e9a29717b cancellationEnabled=false contentLength=2109 excessBlobGas=0 headSlot=74 isLargeRequest=false method=submitNewBlock numBlobs=0 numTx=0 parentHash=0x43f6c88aefc2ddf645cdbd83ef062c8bc64b2fdde889ae9d345d3d3f767ea86e payloadBytes=2109 proposerPubkey=0x961a7d85c4e61428f07c4c4d41cc03115ec423bf40172b21f9db161edec282c950782ade73a6dfa915da1c39c716eb1f reqContentType=json reqIsGzip=false service=relay/api slot=75 timestampAfterDecoding=1733017302699 timestampRequestStart=1733017302699 value=0 version=b4947ea-dev
time="2024-12-01T01:41:42Z" level=info msg="request finished" blobGasUsed=0 blockHash=0xca41da7a3b2cdab8c39d8f6ad52baba43dd7ba2ce9f5c1d610103c3b3b7ca06e builderIsHighPrio=false builderPubkey=0xaa1488eae4b06a1fff840a2b6db167afc520758dc2c8af0dfb57037954df3431b747e2f900fe8805f05d635e9a29717b cancellationEnabled=false contentLength=2109 excessBlobGas=0 headSlot=74 isLargeRequest=false method=submitNewBlock numBlobs=0 numTx=0 parentHash=0x43f6c88aefc2ddf645cdbd83ef062c8bc64b2fdde889ae9d345d3d3f767ea86e payloadBytes=2109 proposerPubkey=0x961a7d85c4e61428f07c4c4d41cc03115ec423bf40172b21f9db161edec282c950782ade73a6dfa915da1c39c716eb1f reqContentType=json reqIsGzip=false requestDurationMs=0 service=relay/api slot=75 timestampAfterDecoding=1733017302699 timestampRequestFin=1733017302699 timestampRequestStart=1733017302699 value=0 version=b4947ea-dev
time="2024-12-01T01:41:42Z" level=info msg="http: POST /relay/v1/builder/blocks 200" duration=0.000249 method=POST path=/relay/v1/builder/blocks service=relay/api status=200 version=b4947ea-dev
time="2024-12-01T01:41:43Z" level=info msg="request initiated" cancellationEnabled=false contentLength=2799 headSlot=74 method=submitNewBlock service=relay/api timestampRequestStart=1733017303202 version=b4947ea-dev
time="2024-12-01T01:41:43Z" level=info msg="block validation successful" blobGasUsed=0 blockHash=0x293b4e717b1503e95f29f54014d7793de4884b71306e784e0c8923e65d048cbc builderIsHighPrio=false builderPubkey=0xaa1488eae4b06a1fff840a2b6db167afc520758dc2c8af0dfb57037954df3431b747e2f900fe8805f05d635e9a29717b cancellationEnabled=false contentLength=2799 durationMs=3 excessBlobGas=0 fastTrackValidation=false headSlot=74 isLargeRequest=false method=submitNewBlock newBidIsTopBid=true numBlobs=0 numTx=2 numWaiting=0 parentHash=0x43f6c88aefc2ddf645cdbd83ef062c8bc64b2fdde889ae9d345d3d3f767ea86e payloadBytes=2799 proposerPubkey=0x961a7d85c4e61428f07c4c4d41cc03115ec423bf40172b21f9db161edec282c950782ade73a6dfa915da1c39c716eb1f reqContentType=json reqIsGzip=false service=relay/api slot=75 timestampAfterCheckingFloorBid=1733017303206 timestampAfterCheckingTopBid=1733017303206 timestampAfterDecoding=1733017303202 timestampAfterSignatureCheck=1733017303204 timestampBeforeCheckingFloorBid=1733017303205 timestampBeforeCheckingTopBid=1733017303206 timestampBeforeSignatureCheck=1733017303202 timestampBeforeValidation=1733017303206 timestampRequestStart=1733017303202 topBidValue=0 value=83003518048020 version=b4947ea-dev
time="2024-12-01T01:41:43Z" level=info msg="received block from builder" blobGasUsed=0 blockHash=0x293b4e717b1503e95f29f54014d7793de4884b71306e784e0c8923e65d048cbc builderIsHighPrio=false builderPubkey=0xaa1488eae4b06a1fff840a2b6db167afc520758dc2c8af0dfb57037954df3431b747e2f900fe8805f05d635e9a29717b cancellationEnabled=false contentLength=2799 excessBlobGas=0 fastTrackValidation=false headSlot=74 isLargeRequest=false method=submitNewBlock newBidIsTopBid=true numBlobs=0 numTx=2 parentHash=0x43f6c88aefc2ddf645cdbd83ef062c8bc64b2fdde889ae9d345d3d3f767ea86e payloadBytes=2799 prevTopBidValue=0 profileDecodeUs=389 profilePrechecksUs=3709 profileRedisSavePayloadUs=134 profileRedisUpdateFloorUs=454 profileRedisUpdateTopBidUs=638 profileRedisUs=3702 profileSimUs=4187 profileTotalUs=12197 proposerPubkey=0x961a7d85c4e61428f07c4c4d41cc03115ec423bf40172b21f9db161edec282c950782ade73a6dfa915da1c39c716eb1f reqContentType=json reqIsGzip=false service=relay/api slot=75 timestampAfterBidUpdate=1733017303214 timestampAfterCheckingFloorBid=1733017303206 timestampAfterCheckingTopBid=1733017303206 timestampAfterDecoding=1733017303202 timestampAfterSignatureCheck=1733017303204 timestampAfterValidation=1733017303210 timestampBeforeCheckingFloorBid=1733017303205 timestampBeforeCheckingTopBid=1733017303206 timestampBeforeSignatureCheck=1733017303202 timestampBeforeValidation=1733017303206 timestampEligibleAt=1733017303214 timestampRequestStart=1733017303202 topBidValue=83003518048020 validationDurationMs=4 value=83003518048020 version=b4947ea-dev wasBidSavedInRedis=true wasTopBidUpdated=true
time="2024-12-01T01:41:43Z" level=info msg="request finished" blobGasUsed=0 blockHash=0x293b4e717b1503e95f29f54014d7793de4884b71306e784e0c8923e65d048cbc builderIsHighPrio=false builderPubkey=0xaa1488eae4b06a1fff840a2b6db167afc520758dc2c8af0dfb57037954df3431b747e2f900fe8805f05d635e9a29717b cancellationEnabled=false contentLength=2799 excessBlobGas=0 fastTrackValidation=false headSlot=74 isLargeRequest=false method=submitNewBlock newBidIsTopBid=true numBlobs=0 numTx=2 parentHash=0x43f6c88aefc2ddf645cdbd83ef062c8bc64b2fdde889ae9d345d3d3f767ea86e payloadBytes=2799 prevTopBidValue=0 profileRedisSavePayloadUs=134 profileRedisUpdateFloorUs=454 profileRedisUpdateTopBidUs=638 proposerPubkey=0x961a7d85c4e61428f07c4c4d41cc03115ec423bf40172b21f9db161edec282c950782ade73a6dfa915da1c39c716eb1f reqContentType=json reqIsGzip=false requestDurationMs=20 service=relay/api slot=75 timestampAfterBidUpdate=1733017303214 timestampAfterCheckingFloorBid=1733017303206 timestampAfterCheckingTopBid=1733017303206 timestampAfterDecoding=1733017303202 timestampAfterSignatureCheck=1733017303204 timestampAfterValidation=1733017303210 timestampBeforeCheckingFloorBid=1733017303205 timestampBeforeCheckingTopBid=1733017303206 timestampBeforeSignatureCheck=1733017303202 timestampBeforeValidation=1733017303206 timestampEligibleAt=1733017303214 timestampRequestFin=1733017303222 timestampRequestStart=1733017303202 topBidValue=83003518048020 validationDurationMs=4 value=83003518048020 version=b4947ea-dev wasBidSavedInRedis=true wasTopBidUpdated=true
time="2024-12-01T01:41:43Z" level=info msg="http: POST /relay/v1/builder/blocks 200" duration=0.020567 method=POST path=/relay/v1/builder/blocks service=relay/api status=200 version=b4947ea-dev
time="2024-12-01T01:41:43Z" level=info msg="request initiated" cancellationEnabled=false contentLength=34329 headSlot=74 method=submitNewBlock service=relay/api timestampRequestStart=1733017303713 version=b4947ea-dev
time="2024-12-01T01:41:43Z" level=info msg="block validation successful" blobGasUsed=0 blockHash=0xf6165f40cbfe936a073dee78b7dc27388e522e0e8bd154558cdb08f8699465f8 builderIsHighPrio=false builderPubkey=0xaa1488eae4b06a1fff840a2b6db167afc520758dc2c8af0dfb57037954df3431b747e2f900fe8805f05d635e9a29717b cancellationEnabled=false contentLength=34329 durationMs=42 excessBlobGas=0 fastTrackValidation=false headSlot=74 isLargeRequest=false method=submitNewBlock newBidIsTopBid=true numBlobs=0 numTx=70 numWaiting=0 parentHash=0x43f6c88aefc2ddf645cdbd83ef062c8bc64b2fdde889ae9d345d3d3f767ea86e payloadBytes=34329 proposerPubkey=0x961a7d85c4e61428f07c4c4d41cc03115ec423bf40172b21f9db161edec282c950782ade73a6dfa915da1c39c716eb1f reqContentType=json reqIsGzip=false service=relay/api slot=75 timestampAfterCheckingFloorBid=1733017303719 timestampAfterCheckingTopBid=1733017303719 timestampAfterDecoding=1733017303716 timestampAfterSignatureCheck=1733017303718 timestampBeforeCheckingFloorBid=1733017303718 timestampBeforeCheckingTopBid=1733017303719 timestampBeforeSignatureCheck=1733017303716 timestampBeforeValidation=1733017303719 timestampRequestStart=1733017303713 topBidValue=83003518048020 value=4183719835687910 version=b4947ea-dev
time="2024-12-01T01:41:43Z" level=info msg="received block from builder" blobGasUsed=0 blockHash=0xf6165f40cbfe936a073dee78b7dc27388e522e0e8bd154558cdb08f8699465f8 builderIsHighPrio=false builderPubkey=0xaa1488eae4b06a1fff840a2b6db167afc520758dc2c8af0dfb57037954df3431b747e2f900fe8805f05d635e9a29717b cancellationEnabled=false contentLength=34329 excessBlobGas=0 fastTrackValidation=false headSlot=74 isLargeRequest=false method=submitNewBlock newBidIsTopBid=true numBlobs=0 numTx=70 parentHash=0x43f6c88aefc2ddf645cdbd83ef062c8bc64b2fdde889ae9d345d3d3f767ea86e payloadBytes=34329 prevTopBidValue=83003518048020 profileDecodeUs=2455 profilePrechecksUs=3464 profileRedisSavePayloadUs=217 profileRedisUpdateFloorUs=301 profileRedisUpdateTopBidUs=1042 profileRedisUs=4168 profileSimUs=42269 profileTotalUs=53110 proposerPubkey=0x961a7d85c4e61428f07c4c4d41cc03115ec423bf40172b21f9db161edec282c950782ade73a6dfa915da1c39c716eb1f reqContentType=json reqIsGzip=false service=relay/api slot=75 timestampAfterBidUpdate=1733017303766 timestampAfterCheckingFloorBid=1733017303719 timestampAfterCheckingTopBid=1733017303719 timestampAfterDecoding=1733017303716 timestampAfterSignatureCheck=1733017303718 timestampAfterValidation=1733017303762 timestampBeforeCheckingFloorBid=1733017303718 timestampBeforeCheckingTopBid=1733017303719 timestampBeforeSignatureCheck=1733017303716 timestampBeforeValidation=1733017303719 timestampEligibleAt=1733017303766 timestampRequestStart=1733017303713 topBidValue=4183719835687910 validationDurationMs=42 value=4183719835687910 version=b4947ea-dev wasBidSavedInRedis=true wasTopBidUpdated=true
time="2024-12-01T01:41:43Z" level=info msg="request finished" blobGasUsed=0 blockHash=0xf6165f40cbfe936a073dee78b7dc27388e522e0e8bd154558cdb08f8699465f8 builderIsHighPrio=false builderPubkey=0xaa1488eae4b06a1fff840a2b6db167afc520758dc2c8af0dfb57037954df3431b747e2f900fe8805f05d635e9a29717b cancellationEnabled=false contentLength=34329 excessBlobGas=0 fastTrackValidation=false headSlot=74 isLargeRequest=false method=submitNewBlock newBidIsTopBid=true numBlobs=0 numTx=70 parentHash=0x43f6c88aefc2ddf645cdbd83ef062c8bc64b2fdde889ae9d345d3d3f767ea86e payloadBytes=34329 prevTopBidValue=83003518048020 profileRedisSavePayloadUs=217 profileRedisUpdateFloorUs=301 profileRedisUpdateTopBidUs=1042 proposerPubkey=0x961a7d85c4e61428f07c4c4d41cc03115ec423bf40172b21f9db161edec282c950782ade73a6dfa915da1c39c716eb1f reqContentType=json reqIsGzip=false requestDurationMs=68 service=relay/api slot=75 timestampAfterBidUpdate=1733017303766 timestampAfterCheckingFloorBid=1733017303719 timestampAfterCheckingTopBid=1733017303719 timestampAfterDecoding=1733017303716 timestampAfterSignatureCheck=1733017303718 timestampAfterValidation=1733017303762 timestampBeforeCheckingFloorBid=1733017303718 timestampBeforeCheckingTopBid=1733017303719 timestampBeforeSignatureCheck=1733017303716 timestampBeforeValidation=1733017303719 timestampEligibleAt=1733017303766 timestampRequestFin=1733017303781 timestampRequestStart=1733017303713 topBidValue=4183719835687910 validationDurationMs=42 value=4183719835687910 version=b4947ea-dev wasBidSavedInRedis=true wasTopBidUpdated=true
time="2024-12-01T01:41:43Z" level=info msg="http: POST /relay/v1/builder/blocks 200" duration=0.068950 method=POST path=/relay/v1/builder/blocks service=relay/api status=200 version=b4947ea-dev
time="2024-12-01T01:41:44Z" level=info msg="payload attributes received for slot: 76" service=relay/api version=b4947ea-dev
time="2024-12-01T01:41:44Z" level=info msg="updated payload attributes" headSlot=74 payloadAttrParent=0x43f6c88aefc2ddf645cdbd83ef062c8bc64b2fdde889ae9d345d3d3f767ea86e payloadAttrSlot=76 randao=0x9ac76b716d6817b524ca03d17cd8d9969d5124acdf6cb726cc4b69ce842fc565 service=relay/api timestamp=1733017306 version=b4947ea-dev withdrawalsRoot=0x792930bbd5baac43bcc798ee49aa8185ef76bb3b44ba62b91d86ae569e4bb535
time="2024-12-01T01:41:44Z" level=debug msg="getHeader request received" headSlot=74 method=getHeader mevBoostV=v1.8.1 msIntoSlot=10 parentHash=0x43f6c88aefc2ddf645cdbd83ef062c8bc64b2fdde889ae9d345d3d3f767ea86e pubkey=0x961a7d85c4e61428f07c4c4d41cc03115ec423bf40172b21f9db161edec282c950782ade73a6dfa915da1c39c716eb1f requestTimestamp=1733017304 service=relay/api slot=75 slotStartSec=1733017304 ua="mev-boost/v1.8.1 Lighthouse/v5.3.0-2e0eb6d" version=b4947ea-dev
time="2024-12-01T01:41:44Z" level=debug msg="getPayload response from redis" datastoreMethod=GetGetPayloadResponse headSlot=74 method=getHeader mevBoostV=v1.8.1 msIntoSlot=10 parentHash=0x43f6c88aefc2ddf645cdbd83ef062c8bc64b2fdde889ae9d345d3d3f767ea86e pubkey=0x961a7d85c4e61428f07c4c4d41cc03115ec423bf40172b21f9db161edec282c950782ade73a6dfa915da1c39c716eb1f requestTimestamp=1733017304 service=relay/api slot=75 slotStartSec=1733017304 ua="mev-boost/v1.8.1 Lighthouse/v5.3.0-2e0eb6d" version=b4947ea-dev
time="2024-12-01T01:41:44Z" level=info msg="parent beacon root found in payload attributes" service=relay/api version=b4947ea-dev
time="2024-12-01T01:41:44Z" level=error msg="failed to enrich bid with PROF" error="failed to receive enrich block response: rpc error: code = Internal desc = Error calling flashbots_validateProfBlock: could not apply tx 70 [0x1b07a209e41628cc71f59df00c87430878682681a0bcba1d50e127af0422e7eb]: nonce too high: address 0x65D08a056c17Ae13370565B04cF77D2AfA1cB9FA, tx: 43 state: 18" headSlot=74 method=getHeader mevBoostV=v1.8.1 msIntoSlot=10 parentHash=0x43f6c88aefc2ddf645cdbd83ef062c8bc64b2fdde889ae9d345d3d3f767ea86e pubkey=0x961a7d85c4e61428f07c4c4d41cc03115ec423bf40172b21f9db161edec282c950782ade73a6dfa915da1c39c716eb1f requestTimestamp=1733017304 service=relay/api slot=75 slotStartSec=1733017304 ua="mev-boost/v1.8.1 Lighthouse/v5.3.0-2e0eb6d" version=b4947ea-dev
time="2024-12-01T01:41:44Z" level=info msg="http: GET /eth/v1/builder/header/75/0x43f6c88aefc2ddf645cdbd83ef062c8bc64b2fdde889ae9d345d3d3f767ea86e/0x961a7d85c4e61428f07c4c4d41cc03115ec423bf40172b21f9db161edec282c950782ade73a6dfa915da1c39c716eb1f 500" duration=0.048777 method=GET path=/eth/v1/builder/header/75/0x43f6c88aefc2ddf645cdbd83ef062c8bc64b2fdde889ae9d345d3d3f767ea86e/0x961a7d85c4e61428f07c4c4d41cc03115ec423bf40172b21f9db161edec282c950782ade73a6dfa915da1c39c716eb1f service=relay/api status=500 version=b4947ea-dev
time="2024-12-01T01:41:44Z" level=info msg="updated headSlot to 75" epoch=2 service=relay/api slotHead=75 slotStartNextEpoch=96 version=b4947ea-dev
time="2024-12-01T01:41:44Z" level=debug msg="RefreshKnownValidators init" datastoreMethod=RefreshKnownValidators headSlot=75 headSlotPos=12 lastUpdateSlot=67 service=relay/api version=b4947ea-dev
time="2024-12-01T01:41:44Z" level=debug msg="Updating builder cache with 1 builders from database" service=relay/api version=b4947ea-dev
time="2024-12-01T01:41:44Z" level=info msg="payload attributes received for slot: 76" service=relay/api version=b4947ea-dev
time="2024-12-01T01:41:44Z" level=info msg="updated payload attributes" headSlot=75 payloadAttrParent=0x4e467c47b91361d886cd2d6fdd6e2faa6eec8b7b78a9cfa112e5fbe847cf94c1 payloadAttrSlot=76 randao=0x609c6ee3da83d838eb204ca0e4eb17b613792266c9b283ad1fffe16b4754e7c7 service=relay/api timestamp=1733017306 version=b4947ea-dev withdrawalsRoot=0x792930bbd5baac43bcc798ee49aa8185ef76bb3b44ba62b91d86ae569e4bb535
time="2024-12-01T01:41:44Z" level=info msg="request initiated" cancellationEnabled=false contentLength=54106 headSlot=75 method=submitNewBlock service=relay/api timestampRequestStart=1733017304677 version=b4947ea-dev
time="2024-12-01T01:41:44Z" level=info msg="block validation successful" blobGasUsed=0 blockHash=0xa4cc6697552c1ce60e97255e48c70f36453c8c95fb5e08f825ab8d4d3af50c9a builderIsHighPrio=false builderPubkey=0xaa1488eae4b06a1fff840a2b6db167afc520758dc2c8af0dfb57037954df3431b747e2f900fe8805f05d635e9a29717b cancellationEnabled=false contentLength=54106 durationMs=33 excessBlobGas=0 fastTrackValidation=false headSlot=75 isLargeRequest=false method=submitNewBlock newBidIsTopBid=true numBlobs=0 numTx=113 numWaiting=0 parentHash=0x4e467c47b91361d886cd2d6fdd6e2faa6eec8b7b78a9cfa112e5fbe847cf94c1 payloadBytes=54106 proposerPubkey=0x95833097520df43a5cb013e97f80041a7a0b7d84a4ec79e2f16baeeb6edfbcf62ede97becfde73883831bb65e1415dc0 reqContentType=json reqIsGzip=false service=relay/api slot=76 timestampAfterCheckingFloorBid=1733017304685 timestampAfterCheckingTopBid=1733017304685 timestampAfterDecoding=1733017304681 timestampAfterSignatureCheck=1733017304683 timestampBeforeCheckingFloorBid=1733017304683 timestampBeforeCheckingTopBid=1733017304685 timestampBeforeSignatureCheck=1733017304681 timestampBeforeValidation=1733017304685 timestampRequestStart=1733017304677 topBidValue=0 value=7231898541032079 version=b4947ea-dev
time="2024-12-01T01:41:44Z" level=info msg="received block from builder" blobGasUsed=0 blockHash=0xa4cc6697552c1ce60e97255e48c70f36453c8c95fb5e08f825ab8d4d3af50c9a builderIsHighPrio=false builderPubkey=0xaa1488eae4b06a1fff840a2b6db167afc520758dc2c8af0dfb57037954df3431b747e2f900fe8805f05d635e9a29717b cancellationEnabled=false contentLength=54106 excessBlobGas=0 fastTrackValidation=false headSlot=75 isLargeRequest=false method=submitNewBlock newBidIsTopBid=true numBlobs=0 numTx=113 parentHash=0x4e467c47b91361d886cd2d6fdd6e2faa6eec8b7b78a9cfa112e5fbe847cf94c1 payloadBytes=54106 prevTopBidValue=0 profileDecodeUs=3061 profilePrechecksUs=4085 profileRedisSavePayloadUs=182 profileRedisUpdateFloorUs=263 profileRedisUpdateTopBidUs=926 profileRedisUs=3959 profileSimUs=33984 profileTotalUs=45687 proposerPubkey=0x95833097520df43a5cb013e97f80041a7a0b7d84a4ec79e2f16baeeb6edfbcf62ede97becfde73883831bb65e1415dc0 reqContentType=json reqIsGzip=false service=relay/api slot=76 timestampAfterBidUpdate=1733017304723 timestampAfterCheckingFloorBid=1733017304685 timestampAfterCheckingTopBid=1733017304685 timestampAfterDecoding=1733017304681 timestampAfterSignatureCheck=1733017304683 timestampAfterValidation=1733017304719 timestampBeforeCheckingFloorBid=1733017304683 timestampBeforeCheckingTopBid=1733017304685 timestampBeforeSignatureCheck=1733017304681 timestampBeforeValidation=1733017304685 timestampEligibleAt=1733017304723 timestampRequestStart=1733017304677 topBidValue=7231898541032079 validationDurationMs=33 value=7231898541032079 version=b4947ea-dev wasBidSavedInRedis=true wasTopBidUpdated=true
time="2024-12-01T01:41:44Z" level=info msg="request finished" blobGasUsed=0 blockHash=0xa4cc6697552c1ce60e97255e48c70f36453c8c95fb5e08f825ab8d4d3af50c9a builderIsHighPrio=false builderPubkey=0xaa1488eae4b06a1fff840a2b6db167afc520758dc2c8af0dfb57037954df3431b747e2f900fe8805f05d635e9a29717b cancellationEnabled=false contentLength=54106 excessBlobGas=0 fastTrackValidation=false headSlot=75 isLargeRequest=false method=submitNewBlock newBidIsTopBid=true numBlobs=0 numTx=113 parentHash=0x4e467c47b91361d886cd2d6fdd6e2faa6eec8b7b78a9cfa112e5fbe847cf94c1 payloadBytes=54106 prevTopBidValue=0 profileRedisSavePayloadUs=182 profileRedisUpdateFloorUs=263 profileRedisUpdateTopBidUs=926 proposerPubkey=0x95833097520df43a5cb013e97f80041a7a0b7d84a4ec79e2f16baeeb6edfbcf62ede97becfde73883831bb65e1415dc0 reqContentType=json reqIsGzip=false requestDurationMs=54 service=relay/api slot=76 timestampAfterBidUpdate=1733017304723 timestampAfterCheckingFloorBid=1733017304685 timestampAfterCheckingTopBid=1733017304685 timestampAfterDecoding=1733017304681 timestampAfterSignatureCheck=1733017304683 timestampAfterValidation=1733017304719 timestampBeforeCheckingFloorBid=1733017304683 timestampBeforeCheckingTopBid=1733017304685 timestampBeforeSignatureCheck=1733017304681 timestampBeforeValidation=1733017304685 timestampEligibleAt=1733017304723 timestampRequestFin=1733017304732 timestampRequestStart=1733017304677 topBidValue=7231898541032079 validationDurationMs=33 value=7231898541032079 version=b4947ea-dev wasBidSavedInRedis=true wasTopBidUpdated=true
time="2024-12-01T01:41:44Z" level=info msg="http: POST /relay/v1/builder/blocks 200" duration=0.055054 method=POST path=/relay/v1/builder/blocks service=relay/api status=200 version=b4947ea-dev
time="2024-12-01T01:41:46Z" level=info msg="payload attributes received for slot: 77" service=relay/api version=b4947ea-dev
time="2024-12-01T01:41:46Z" level=info msg="updated payload attributes" headSlot=75 payloadAttrParent=0x4e467c47b91361d886cd2d6fdd6e2faa6eec8b7b78a9cfa112e5fbe847cf94c1 payloadAttrSlot=77 randao=0x609c6ee3da83d838eb204ca0e4eb17b613792266c9b283ad1fffe16b4754e7c7 service=relay/api timestamp=1733017308 version=b4947ea-dev withdrawalsRoot=0x792930bbd5baac43bcc798ee49aa8185ef76bb3b44ba62b91d86ae569e4bb535
time="2024-12-01T01:41:46Z" level=debug msg="getHeader request received" headSlot=75 method=getHeader mevBoostV=v1.8.1 msIntoSlot=6 parentHash=0x4e467c47b91361d886cd2d6fdd6e2faa6eec8b7b78a9cfa112e5fbe847cf94c1 pubkey=0x95833097520df43a5cb013e97f80041a7a0b7d84a4ec79e2f16baeeb6edfbcf62ede97becfde73883831bb65e1415dc0 requestTimestamp=1733017306 service=relay/api slot=76 slotStartSec=1733017306 ua="mev-boost/v1.8.1 Lighthouse/v5.3.0-2e0eb6d" version=b4947ea-dev
time="2024-12-01T01:41:46Z" level=debug msg="getPayload response from redis" datastoreMethod=GetGetPayloadResponse headSlot=75 method=getHeader mevBoostV=v1.8.1 msIntoSlot=6 parentHash=0x4e467c47b91361d886cd2d6fdd6e2faa6eec8b7b78a9cfa112e5fbe847cf94c1 pubkey=0x95833097520df43a5cb013e97f80041a7a0b7d84a4ec79e2f16baeeb6edfbcf62ede97becfde73883831bb65e1415dc0 requestTimestamp=1733017306 service=relay/api slot=76 slotStartSec=1733017306 ua="mev-boost/v1.8.1 Lighthouse/v5.3.0-2e0eb6d" version=b4947ea-dev
time="2024-12-01T01:41:46Z" level=info msg="parent beacon root found in payload attributes" service=relay/api version=b4947ea-dev
time="2024-12-01T01:41:46Z" level=error msg="failed to enrich bid with PROF" error="failed to receive enrich block response: rpc error: code = Internal desc = Error retrieving PROF bundle: no bundles available for processing" headSlot=75 method=getHeader mevBoostV=v1.8.1 msIntoSlot=6 parentHash=0x4e467c47b91361d886cd2d6fdd6e2faa6eec8b7b78a9cfa112e5fbe847cf94c1 pubkey=0x95833097520df43a5cb013e97f80041a7a0b7d84a4ec79e2f16baeeb6edfbcf62ede97becfde73883831bb65e1415dc0 requestTimestamp=1733017306 service=relay/api slot=76 slotStartSec=1733017306 ua="mev-boost/v1.8.1 Lighthouse/v5.3.0-2e0eb6d" version=b4947ea-dev
time="2024-12-01T01:41:46Z" level=info msg="http: GET /eth/v1/builder/header/76/0x4e467c47b91361d886cd2d6fdd6e2faa6eec8b7b78a9cfa112e5fbe847cf94c1/0x95833097520df43a5cb013e97f80041a7a0b7d84a4ec79e2f16baeeb6edfbcf62ede97becfde73883831bb65e1415dc0 500" duration=0.004541 method=GET path=/eth/v1/builder/header/76/0x4e467c47b91361d886cd2d6fdd6e2faa6eec8b7b78a9cfa112e5fbe847cf94c1/0x95833097520df43a5cb013e97f80041a7a0b7d84a4ec79e2f16baeeb6edfbcf62ede97becfde73883831bb65e1415dc0 service=relay/api status=500 version=b4947ea-dev
time="2024-12-01T01:41:46Z" level=info msg="updated headSlot to 76" epoch=2 service=relay/api slotHead=76 slotStartNextEpoch=96 version=b4947ea-dev
time="2024-12-01T01:41:46Z" level=debug msg="RefreshKnownValidators init" datastoreMethod=RefreshKnownValidators headSlot=76 headSlotPos=13 lastUpdateSlot=67 service=relay/api version=b4947ea-dev
time="2024-12-01T01:41:46Z" level=debug msg="Updating builder cache with 1 builders from database" service=relay/api version=b4947ea-dev
time="2024-12-01T01:41:46Z" level=info msg="payload attributes received for slot: 77" service=relay/api version=b4947ea-dev
time="2024-12-01T01:41:46Z" level=info msg="updated payload attributes" headSlot=76 payloadAttrParent=0x3df37927e0f5ae9ed00320be789136736301d37f5198a21ee5e8cac37ab1659f payloadAttrSlot=77 randao=0x3f3d95a4e910ede627e00d3e8bc9aac42508f58f0e730c9be06add3b07b07835 service=relay/api timestamp=1733017308 version=b4947ea-dev withdrawalsRoot=0x792930bbd5baac43bcc798ee49aa8185ef76bb3b44ba62b91d86ae569e4bb535
time="2024-12-01T01:41:46Z" level=info msg="request initiated" cancellationEnabled=false contentLength=2109 headSlot=76 method=submitNewBlock service=relay/api timestampRequestStart=1733017306723 version=b4947ea-dev
time="2024-12-01T01:41:46Z" level=info msg="submitNewBlock failed: block with 0 value or no txs" blobGasUsed=0 blockHash=0x151dd93ebfbcabf6a1bac32af3a44adc83d1f7b917f9f2ebe3699db5ecf1be58 builderIsHighPrio=false builderPubkey=0xaa1488eae4b06a1fff840a2b6db167afc520758dc2c8af0dfb57037954df3431b747e2f900fe8805f05d635e9a29717b cancellationEnabled=false contentLength=2109 excessBlobGas=0 headSlot=76 isLargeRequest=false method=submitNewBlock numBlobs=0 numTx=0 parentHash=0x3df37927e0f5ae9ed00320be789136736301d37f5198a21ee5e8cac37ab1659f payloadBytes=2109 proposerPubkey=0xb5e898a1fc06d51c695712928f44646d15451340d1b3e480a40f03250160bc07d3b6691ec94361dd524d59d9df7f76d3 reqContentType=json reqIsGzip=false service=relay/api slot=77 timestampAfterDecoding=1733017306723 timestampRequestStart=1733017306723 value=0 version=b4947ea-dev
time="2024-12-01T01:41:46Z" level=info msg="request finished" blobGasUsed=0 blockHash=0x151dd93ebfbcabf6a1bac32af3a44adc83d1f7b917f9f2ebe3699db5ecf1be58 builderIsHighPrio=false builderPubkey=0xaa1488eae4b06a1fff840a2b6db167afc520758dc2c8af0dfb57037954df3431b747e2f900fe8805f05d635e9a29717b cancellationEnabled=false contentLength=2109 excessBlobGas=0 headSlot=76 isLargeRequest=false method=submitNewBlock numBlobs=0 numTx=0 parentHash=0x3df37927e0f5ae9ed00320be789136736301d37f5198a21ee5e8cac37ab1659f payloadBytes=2109 proposerPubkey=0xb5e898a1fc06d51c695712928f44646d15451340d1b3e480a40f03250160bc07d3b6691ec94361dd524d59d9df7f76d3 reqContentType=json reqIsGzip=false requestDurationMs=0 service=relay/api slot=77 timestampAfterDecoding=1733017306723 timestampRequestFin=1733017306723 timestampRequestStart=1733017306723 value=0 version=b4947ea-dev
time="2024-12-01T01:41:46Z" level=info msg="http: POST /relay/v1/builder/blocks 200" duration=0.000572 method=POST path=/relay/v1/builder/blocks service=relay/api status=200 version=b4947ea-dev
time="2024-12-01T01:41:48Z" level=info msg="payload attributes received for slot: 78" service=relay/api version=b4947ea-dev
time="2024-12-01T01:41:48Z" level=info msg="updated payload attributes" headSlot=76 payloadAttrParent=0x3df37927e0f5ae9ed00320be789136736301d37f5198a21ee5e8cac37ab1659f payloadAttrSlot=78 randao=0x3f3d95a4e910ede627e00d3e8bc9aac42508f58f0e730c9be06add3b07b07835 service=relay/api timestamp=1733017310 version=b4947ea-dev withdrawalsRoot=0x792930bbd5baac43bcc798ee49aa8185ef76bb3b44ba62b91d86ae569e4bb535
time="2024-12-01T01:41:48Z" level=debug msg="getHeader request received" headSlot=76 method=getHeader mevBoostV=v1.8.1 msIntoSlot=11 parentHash=0x3df37927e0f5ae9ed00320be789136736301d37f5198a21ee5e8cac37ab1659f pubkey=0xb5e898a1fc06d51c695712928f44646d15451340d1b3e480a40f03250160bc07d3b6691ec94361dd524d59d9df7f76d3 requestTimestamp=1733017308 service=relay/api slot=77 slotStartSec=1733017308 ua="mev-boost/v1.8.1 Lighthouse/v5.3.0-2e0eb6d" version=b4947ea-dev
time="2024-12-01T01:41:48Z" level=error msg="bid was empty, skipping PROF augmentation" error="<nil>" headSlot=76 method=getHeader mevBoostV=v1.8.1 msIntoSlot=11 parentHash=0x3df37927e0f5ae9ed00320be789136736301d37f5198a21ee5e8cac37ab1659f pubkey=0xb5e898a1fc06d51c695712928f44646d15451340d1b3e480a40f03250160bc07d3b6691ec94361dd524d59d9df7f76d3 requestTimestamp=1733017308 service=relay/api slot=77 slotStartSec=1733017308 ua="mev-boost/v1.8.1 Lighthouse/v5.3.0-2e0eb6d" version=b4947ea-dev
time="2024-12-01T01:41:48Z" level=info msg="http: GET /eth/v1/builder/header/77/0x3df37927e0f5ae9ed00320be789136736301d37f5198a21ee5e8cac37ab1659f/0xb5e898a1fc06d51c695712928f44646d15451340d1b3e480a40f03250160bc07d3b6691ec94361dd524d59d9df7f76d3 204" duration=0.000609 method=GET path=/eth/v1/builder/header/77/0x3df37927e0f5ae9ed00320be789136736301d37f5198a21ee5e8cac37ab1659f/0xb5e898a1fc06d51c695712928f44646d15451340d1b3e480a40f03250160bc07d3b6691ec94361dd524d59d9df7f76d3 service=relay/api status=204 version=b4947ea-dev
time="2024-12-01T01:41:48Z" level=info msg="updated headSlot to 77" epoch=2 service=relay/api slotHead=77 slotStartNextEpoch=96 version=b4947ea-dev
time="2024-12-01T01:41:48Z" level=debug msg="RefreshKnownValidators init" datastoreMethod=RefreshKnownValidators headSlot=77 headSlotPos=14 lastUpdateSlot=67 service=relay/api version=b4947ea-dev
time="2024-12-01T01:41:48Z" level=debug msg="Updating builder cache with 1 builders from database" service=relay/api version=b4947ea-dev
time="2024-12-01T01:41:48Z" level=info msg="payload attributes received for slot: 78" service=relay/api version=b4947ea-dev
time="2024-12-01T01:41:48Z" level=info msg="updated payload attributes" headSlot=77 payloadAttrParent=0xafc14dbe840feda51e04c8efb0938433eda8de847e95a8239074b8282876448b payloadAttrSlot=78 randao=0xe745413e11831d6d6ceb9af72640b2b689b9de1f1fd8d358fc73013d1cf930b9 service=relay/api timestamp=1733017310 version=b4947ea-dev withdrawalsRoot=0x792930bbd5baac43bcc798ee49aa8185ef76bb3b44ba62b91d86ae569e4bb535
time="2024-12-01T01:41:48Z" level=info msg="request initiated" cancellationEnabled=false contentLength=2108 headSlot=77 method=submitNewBlock service=relay/api timestampRequestStart=1733017308642 version=b4947ea-dev
time="2024-12-01T01:41:48Z" level=info msg="submitNewBlock failed: block with 0 value or no txs" blobGasUsed=0 blockHash=0x010d115ac839729423acf45eb5bb5054e3a0df615163941392ab3917541fd3dd builderIsHighPrio=false builderPubkey=0xaa1488eae4b06a1fff840a2b6db167afc520758dc2c8af0dfb57037954df3431b747e2f900fe8805f05d635e9a29717b cancellationEnabled=false contentLength=2108 excessBlobGas=0 headSlot=77 isLargeRequest=false method=submitNewBlock numBlobs=0 numTx=0 parentHash=0xafc14dbe840feda51e04c8efb0938433eda8de847e95a8239074b8282876448b payloadBytes=2108 proposerPubkey=0xb570dde8ee80512e3d031caf22e775c60f7f5a6cbdeb3e52e24cf8c867d38569a53dd19cdc36a03a1bbb3a8d94b03670 reqContentType=json reqIsGzip=false service=relay/api slot=78 timestampAfterDecoding=1733017308643 timestampRequestStart=1733017308642 value=0 version=b4947ea-dev
time="2024-12-01T01:41:48Z" level=info msg="request finished" blobGasUsed=0 blockHash=0x010d115ac839729423acf45eb5bb5054e3a0df615163941392ab3917541fd3dd builderIsHighPrio=false builderPubkey=0xaa1488eae4b06a1fff840a2b6db167afc520758dc2c8af0dfb57037954df3431b747e2f900fe8805f05d635e9a29717b cancellationEnabled=false contentLength=2108 excessBlobGas=0 headSlot=77 isLargeRequest=false method=submitNewBlock numBlobs=0 numTx=0 parentHash=0xafc14dbe840feda51e04c8efb0938433eda8de847e95a8239074b8282876448b payloadBytes=2108 proposerPubkey=0xb570dde8ee80512e3d031caf22e775c60f7f5a6cbdeb3e52e24cf8c867d38569a53dd19cdc36a03a1bbb3a8d94b03670 reqContentType=json reqIsGzip=false requestDurationMs=0 service=relay/api slot=78 timestampAfterDecoding=1733017308643 timestampRequestFin=1733017308643 timestampRequestStart=1733017308642 value=0 version=b4947ea-dev
time="2024-12-01T01:41:48Z" level=info msg="http: POST /relay/v1/builder/blocks 200" duration=0.001017 method=POST path=/relay/v1/builder/blocks service=relay/api status=200 version=b4947ea-dev
time="2024-12-01T01:41:50Z" level=info msg="payload attributes received for slot: 79" service=relay/api version=b4947ea-dev
time="2024-12-01T01:41:50Z" level=info msg="updated payload attributes" headSlot=77 payloadAttrParent=0xafc14dbe840feda51e04c8efb0938433eda8de847e95a8239074b8282876448b payloadAttrSlot=79 randao=0xe745413e11831d6d6ceb9af72640b2b689b9de1f1fd8d358fc73013d1cf930b9 service=relay/api timestamp=1733017312 version=b4947ea-dev withdrawalsRoot=0x792930bbd5baac43bcc798ee49aa8185ef76bb3b44ba62b91d86ae569e4bb535
time="2024-12-01T01:41:50Z" level=debug msg="getHeader request received" headSlot=77 method=getHeader mevBoostV=v1.8.1 msIntoSlot=8 parentHash=0xafc14dbe840feda51e04c8efb0938433eda8de847e95a8239074b8282876448b pubkey=0xb570dde8ee80512e3d031caf22e775c60f7f5a6cbdeb3e52e24cf8c867d38569a53dd19cdc36a03a1bbb3a8d94b03670 requestTimestamp=1733017310 service=relay/api slot=78 slotStartSec=1733017310 ua="mev-boost/v1.8.1 Lighthouse/v5.3.0-2e0eb6d" version=b4947ea-dev
time="2024-12-01T01:41:50Z" level=error msg="bid was empty, skipping PROF augmentation" error="<nil>" headSlot=77 method=getHeader mevBoostV=v1.8.1 msIntoSlot=8 parentHash=0xafc14dbe840feda51e04c8efb0938433eda8de847e95a8239074b8282876448b pubkey=0xb570dde8ee80512e3d031caf22e775c60f7f5a6cbdeb3e52e24cf8c867d38569a53dd19cdc36a03a1bbb3a8d94b03670 requestTimestamp=1733017310 service=relay/api slot=78 slotStartSec=1733017310 ua="mev-boost/v1.8.1 Lighthouse/v5.3.0-2e0eb6d" version=b4947ea-dev
time="2024-12-01T01:41:50Z" level=info msg="http: GET /eth/v1/builder/header/78/0xafc14dbe840feda51e04c8efb0938433eda8de847e95a8239074b8282876448b/0xb570dde8ee80512e3d031caf22e775c60f7f5a6cbdeb3e52e24cf8c867d38569a53dd19cdc36a03a1bbb3a8d94b03670 204" duration=0.001228 method=GET path=/eth/v1/builder/header/78/0xafc14dbe840feda51e04c8efb0938433eda8de847e95a8239074b8282876448b/0xb570dde8ee80512e3d031caf22e775c60f7f5a6cbdeb3e52e24cf8c867d38569a53dd19cdc36a03a1bbb3a8d94b03670 service=relay/api status=204 version=b4947ea-dev
time="2024-12-01T01:41:50Z" level=info msg="updated headSlot to 78" epoch=2 service=relay/api slotHead=78 slotStartNextEpoch=96 version=b4947ea-dev
time="2024-12-01T01:41:50Z" level=debug msg="RefreshKnownValidators init" datastoreMethod=RefreshKnownValidators headSlot=78 headSlotPos=15 lastUpdateSlot=67 service=relay/api version=b4947ea-dev
time="2024-12-01T01:41:50Z" level=debug msg="Updating builder cache with 1 builders from database" service=relay/api version=b4947ea-dev
time="2024-12-01T01:41:50Z" level=info msg="payload attributes received for slot: 79" service=relay/api version=b4947ea-dev
time="2024-12-01T01:41:50Z" level=info msg="updated payload attributes" headSlot=78 payloadAttrParent=0x5a13b010c9c2e87f5af5f2f3554a45e9bbfa8527582c206ddd13377bc27afb92 payloadAttrSlot=79 randao=0x345c4f49699b3c89a3041f86fa6c86248f2d1b7a1c5d99e4f97babd36676c014 service=relay/api timestamp=1733017312 version=b4947ea-dev withdrawalsRoot=0x792930bbd5baac43bcc798ee49aa8185ef76bb3b44ba62b91d86ae569e4bb535
time="2024-12-01T01:41:50Z" level=info msg="request initiated" cancellationEnabled=false contentLength=2108 headSlot=78 method=submitNewBlock service=relay/api timestampRequestStart=1733017310640 version=b4947ea-dev
time="2024-12-01T01:41:50Z" level=info msg="submitNewBlock failed: block with 0 value or no txs" blobGasUsed=0 blockHash=0x9a842a3eae52a5d6aad38aff4cbc96e46358ab0822ad41b62788ffc608923650 builderIsHighPrio=false builderPubkey=0xaa1488eae4b06a1fff840a2b6db167afc520758dc2c8af0dfb57037954df3431b747e2f900fe8805f05d635e9a29717b cancellationEnabled=false contentLength=2108 excessBlobGas=0 headSlot=78 isLargeRequest=false method=submitNewBlock numBlobs=0 numTx=0 parentHash=0x5a13b010c9c2e87f5af5f2f3554a45e9bbfa8527582c206ddd13377bc27afb92 payloadBytes=2108 proposerPubkey=0x930743bfc7e18d3bd7351eaa74f477505268c1e4e1fd1ca3ccccdefb2595517343bbb8f5589c435c3c39323a4c0080f8 reqContentType=json reqIsGzip=false service=relay/api slot=79 timestampAfterDecoding=1733017310641 timestampRequestStart=1733017310640 value=0 version=b4947ea-dev
time="2024-12-01T01:41:50Z" level=info msg="request finished" blobGasUsed=0 blockHash=0x9a842a3eae52a5d6aad38aff4cbc96e46358ab0822ad41b62788ffc608923650 builderIsHighPrio=false builderPubkey=0xaa1488eae4b06a1fff840a2b6db167afc520758dc2c8af0dfb57037954df3431b747e2f900fe8805f05d635e9a29717b cancellationEnabled=false contentLength=2108 excessBlobGas=0 headSlot=78 isLargeRequest=false method=submitNewBlock numBlobs=0 numTx=0 parentHash=0x5a13b010c9c2e87f5af5f2f3554a45e9bbfa8527582c206ddd13377bc27afb92 payloadBytes=2108 proposerPubkey=0x930743bfc7e18d3bd7351eaa74f477505268c1e4e1fd1ca3ccccdefb2595517343bbb8f5589c435c3c39323a4c0080f8 reqContentType=json reqIsGzip=false requestDurationMs=0 service=relay/api slot=79 timestampAfterDecoding=1733017310641 timestampRequestFin=1733017310641 timestampRequestStart=1733017310640 value=0 version=b4947ea-dev
time="2024-12-01T01:41:50Z" level=info msg="http: POST /relay/v1/builder/blocks 200" duration=0.000816 method=POST path=/relay/v1/builder/blocks service=relay/api status=200 version=b4947ea-dev
