Dec 06 21:01:10.473 INFO Logging to file                         path: "/data/lighthouse/beacon-data/beacon/logs/beacon.log"
Dec 06 21:01:10.478 INFO Lighthouse started                      version: Lighthouse/v5.3.0-2e0eb6d
Dec 06 21:01:10.478 INFO Configured for network                  name: custom (/network-configs/network-configs)
Dec 06 21:01:10.479 INFO Data directory initialised              datadir: /data/lighthouse/beacon-data
Dec 06 21:01:10.479 WARN Discv5 packet filter is disabled
Dec 06 21:01:10.479 WARN Ignoring --http-allow-sync-stalled      info: this flag is deprecated and will be removed
Dec 06 21:01:10.486 INFO Deposit contract                        address: 0x4242424242424242424242424242424242424242, deploy_block: 0
Dec 06 21:01:10.512 INFO Blob DB initialized                     oldest_blob_slot: Some(Slot(0)), path: "/data/lighthouse/beacon-data/beacon/blobs_db", service: freezer_db
Dec 06 21:01:10.532 INFO Using external block builder            local_user_agent: Lighthouse/v5.3.0-2e0eb6d, builder_url: "http://mev-boost-1-lighthouse-geth:18550/", service: exec
Dec 06 21:01:10.532 INFO Starting from known genesis state       service: beacon
Dec 06 21:01:10.684 INFO Block production enabled                method: json rpc via http, endpoint: Auth { endpoint: "http://172.16.4.11:8551/", jwt_path: "/jwt/jwtsecret", jwt_id: None, jwt_version: None }
Dec 06 21:01:10.699 INFO Beacon chain initialized                head_slot: 0, head_block: 0x4b04…4842, head_state: 0x45e5…63c3, service: beacon
Dec 06 21:01:10.700 INFO Timer service started                   service: node_timer
Dec 06 21:01:10.702 INFO ENR Initialised                         quic6: None, quic4: Some(9001), udp6: None, tcp6: None, tcp4: Some(9000), udp4: Some(9000), ip4: Some(172.16.4.14), id: 0xb57c..18d1, seq: 1, enr: enr:-MS4QP3tc-SuJ1Lhc-EV3UMhA-YlssDz_1o0wBB3gXTpomTmb92HBQHM9GJkItKQFYLy2t8jXPPe8WK2MI99fjfhPXUBh2F0dG5ldHOIAAAAAAAAAACEZXRoMpDYTi7gUAAAOP__________gmlkgnY0gmlwhKwQBA6EcXVpY4IjKYlzZWNwMjU2azGhAsj75BbwGfOqzQQGjIJDYfchHVyirLq_TwvRdakYEyoEiHN5bmNuZXRzAIN0Y3CCIyiDdWRwgiMo, service: libp2p
Dec 06 21:01:10.703 INFO Libp2p Starting                         bandwidth_config: 3-Average, peer_id: 16Uiu2HAm8xEHxcBYH5Z1Yz1fZXQkqAtfxDcYtcgmZa4tvpf9ho8w, service: libp2p
Dec 06 21:01:10.704 INFO Listening established                   address: /ip4/0.0.0.0/tcp/9000/p2p/16Uiu2HAm8xEHxcBYH5Z1Yz1fZXQkqAtfxDcYtcgmZa4tvpf9ho8w, service: libp2p
Dec 06 21:01:10.704 INFO Listening established                   address: /ip4/0.0.0.0/udp/9001/quic-v1/p2p/16Uiu2HAm8xEHxcBYH5Z1Yz1fZXQkqAtfxDcYtcgmZa4tvpf9ho8w, service: libp2p
Dec 06 21:01:10.704 INFO Subscribing to all subnets              service: attestation_service
Dec 06 21:01:10.728 INFO HTTP API started                        listen_address: 0.0.0.0:4000
Dec 06 21:01:10.728 INFO Metrics HTTP server started             listen_address: 0.0.0.0:5054
Dec 06 21:01:10.729 INFO UPnP Attempting to initialise routes
Dec 06 21:01:10.730 INFO Waiting for genesis                     wait_time: 0 mins, peers: 0, service: slot_notifier
Dec 06 21:01:10.730 WARN Syncing deposit contract block cache    est_blocks_remaining: initializing deposits, service: slot_notifier
Dec 06 21:01:10.730 WARN Not ready Bellatrix                     info: The execution endpoint is connected and configured, however it is not yet synced, service: slot_notifier
Dec 06 21:01:10.732 WARN Execution engine call failed            error: Json(Error("missing field `totalDifficulty`", line: 0, column: 0)), service: exec
Dec 06 21:01:10.732 ERRO Unable to check genesis execution payload, error: ExecutionLayerGetBlockByNumberFailed(EngineError(Api { error: Json(Error("missing field `totalDifficulty`", line: 0, column: 0)) })), service: slot_notifier
Dec 06 21:01:12.733 INFO Waiting for genesis                     wait_time: 0 mins, peers: 0, service: slot_notifier
Dec 06 21:01:12.734 WARN Not ready Bellatrix                     info: The execution endpoint is connected and configured, however it is not yet synced, service: slot_notifier
Dec 06 21:01:12.735 WARN Execution engine call failed            error: Json(Error("missing field `totalDifficulty`", line: 0, column: 0)), service: exec
Dec 06 21:01:12.735 ERRO Unable to check genesis execution payload, error: ExecutionLayerGetBlockByNumberFailed(EngineError(Api { error: Json(Error("missing field `totalDifficulty`", line: 0, column: 0)) })), service: slot_notifier
Dec 06 21:01:12.871 INFO Sync state updated                      new_state: Synced, old_state: Stalled, service: sync
Dec 06 21:01:12.887 INFO Subscribed to topics                    topics: ["/eth2/d84e2ee0/blob_sidecar_0/ssz_snappy", "/eth2/d84e2ee0/blob_sidecar_1/ssz_snappy", "/eth2/d84e2ee0/blob_sidecar_2/ssz_snappy", "/eth2/d84e2ee0/blob_sidecar_3/ssz_snappy", "/eth2/d84e2ee0/blob_sidecar_4/ssz_snappy", "/eth2/d84e2ee0/blob_sidecar_5/ssz_snappy", "/eth2/d84e2ee0/bls_to_execution_change/ssz_snappy", "/eth2/d84e2ee0/sync_committee_contribution_and_proof/ssz_snappy", "/eth2/d84e2ee0/beacon_block/ssz_snappy", "/eth2/d84e2ee0/beacon_aggregate_and_proof/ssz_snappy", "/eth2/d84e2ee0/voluntary_exit/ssz_snappy", "/eth2/d84e2ee0/proposer_slashing/ssz_snappy", "/eth2/d84e2ee0/attester_slashing/ssz_snappy", "/eth2/d84e2ee0/beacon_attestation_0/ssz_snappy", "/eth2/d84e2ee0/beacon_attestation_1/ssz_snappy", "/eth2/d84e2ee0/beacon_attestation_2/ssz_snappy", "/eth2/d84e2ee0/beacon_attestation_3/ssz_snappy", "/eth2/d84e2ee0/beacon_attestation_4/ssz_snappy", "/eth2/d84e2ee0/beacon_attestation_5/ssz_snappy", "/eth2/d84e2ee0/beacon_attestation_6/ssz_snappy", "/eth2/d84e2ee0/beacon_attestation_7/ssz_snappy", "/eth2/d84e2ee0/beacon_attestation_8/ssz_snappy", "/eth2/d84e2ee0/beacon_attestation_9/ssz_snappy", "/eth2/d84e2ee0/beacon_attestation_10/ssz_snappy", "/eth2/d84e2ee0/beacon_attestation_11/ssz_snappy", "/eth2/d84e2ee0/beacon_attestation_12/ssz_snappy", "/eth2/d84e2ee0/beacon_attestation_13/ssz_snappy", "/eth2/d84e2ee0/beacon_attestation_14/ssz_snappy", "/eth2/d84e2ee0/beacon_attestation_15/ssz_snappy", "/eth2/d84e2ee0/beacon_attestation_16/ssz_snappy", "/eth2/d84e2ee0/beacon_attestation_17/ssz_snappy", "/eth2/d84e2ee0/beacon_attestation_18/ssz_snappy", "/eth2/d84e2ee0/beacon_attestation_19/ssz_snappy", "/eth2/d84e2ee0/beacon_attestation_20/ssz_snappy", "/eth2/d84e2ee0/beacon_attestation_21/ssz_snappy", "/eth2/d84e2ee0/beacon_attestation_22/ssz_snappy", "/eth2/d84e2ee0/beacon_attestation_23/ssz_snappy", "/eth2/d84e2ee0/beacon_attestation_24/ssz_snappy", "/eth2/d84e2ee0/beacon_attestation_25/ssz_snappy", "/eth2/d84e2ee0/beacon_attestation_26/ssz_snappy", "/eth2/d84e2ee0/beacon_attestation_27/ssz_snappy", "/eth2/d84e2ee0/beacon_attestation_28/ssz_snappy", "/eth2/d84e2ee0/beacon_attestation_29/ssz_snappy", "/eth2/d84e2ee0/beacon_attestation_30/ssz_snappy", "/eth2/d84e2ee0/beacon_attestation_31/ssz_snappy", "/eth2/d84e2ee0/beacon_attestation_32/ssz_snappy", "/eth2/d84e2ee0/beacon_attestation_33/ssz_snappy", "/eth2/d84e2ee0/beacon_attestation_34/ssz_snappy", "/eth2/d84e2ee0/beacon_attestation_35/ssz_snappy", "/eth2/d84e2ee0/beacon_attestation_36/ssz_snappy", "/eth2/d84e2ee0/beacon_attestation_37/ssz_snappy", "/eth2/d84e2ee0/beacon_attestation_38/ssz_snappy", "/eth2/d84e2ee0/beacon_attestation_39/ssz_snappy", "/eth2/d84e2ee0/beacon_attestation_40/ssz_snappy", "/eth2/d84e2ee0/beacon_attestation_41/ssz_snappy", "/eth2/d84e2ee0/beacon_attestation_42/ssz_snappy", "/eth2/d84e2ee0/beacon_attestation_43/ssz_snappy", "/eth2/d84e2ee0/beacon_attestation_44/ssz_snappy", "/eth2/d84e2ee0/beacon_attestation_45/ssz_snappy", "/eth2/d84e2ee0/beacon_attestation_46/ssz_snappy", "/eth2/d84e2ee0/beacon_attestation_47/ssz_snappy", "/eth2/d84e2ee0/beacon_attestation_48/ssz_snappy", "/eth2/d84e2ee0/beacon_attestation_49/ssz_snappy", "/eth2/d84e2ee0/beacon_attestation_50/ssz_snappy", "/eth2/d84e2ee0/beacon_attestation_51/ssz_snappy", "/eth2/d84e2ee0/beacon_attestation_52/ssz_snappy", "/eth2/d84e2ee0/beacon_attestation_53/ssz_snappy", "/eth2/d84e2ee0/beacon_attestation_54/ssz_snappy", "/eth2/d84e2ee0/beacon_attestation_55/ssz_snappy", "/eth2/d84e2ee0/beacon_attestation_56/ssz_snappy", "/eth2/d84e2ee0/beacon_attestation_57/ssz_snappy", "/eth2/d84e2ee0/beacon_attestation_58/ssz_snappy", "/eth2/d84e2ee0/beacon_attestation_59/ssz_snappy", "/eth2/d84e2ee0/beacon_attestation_60/ssz_snappy", "/eth2/d84e2ee0/beacon_attestation_61/ssz_snappy", "/eth2/d84e2ee0/beacon_attestation_62/ssz_snappy", "/eth2/d84e2ee0/beacon_attestation_63/ssz_snappy", "/eth2/d84e2ee0/sync_committee_0/ssz_snappy", "/eth2/d84e2ee0/sync_committee_1/ssz_snappy", "/eth2/d84e2ee0/sync_committee_2/ssz_snappy", "/eth2/d84e2ee0/sync_committee_3/ssz_snappy"], service: network
Dec 06 21:01:14.736 INFO Waiting for genesis                     wait_time: 0 mins, peers: 1, service: slot_notifier
Dec 06 21:01:14.736 WARN Not ready Bellatrix                     info: The execution endpoint is connected and configured, however it is not yet synced, service: slot_notifier
Dec 06 21:01:14.737 WARN Execution engine call failed            error: Json(Error("missing field `totalDifficulty`", line: 0, column: 0)), service: exec
Dec 06 21:01:14.737 ERRO Unable to check genesis execution payload, error: ExecutionLayerGetBlockByNumberFailed(EngineError(Api { error: Json(Error("missing field `totalDifficulty`", line: 0, column: 0)) })), service: slot_notifier
Dec 06 21:01:16.738 INFO Waiting for genesis                     wait_time: 0 mins, peers: 2, service: slot_notifier
Dec 06 21:01:16.738 WARN Not ready Bellatrix                     info: The execution endpoint is connected and configured, however it is not yet synced, service: slot_notifier
Dec 06 21:01:16.740 WARN Execution engine call failed            error: Json(Error("missing field `totalDifficulty`", line: 0, column: 0)), service: exec
Dec 06 21:01:16.740 ERRO Unable to check genesis execution payload, error: ExecutionLayerGetBlockByNumberFailed(EngineError(Api { error: Json(Error("missing field `totalDifficulty`", line: 0, column: 0)) })), service: slot_notifier
Dec 06 21:01:18.741 INFO Waiting for genesis                     wait_time: 0 mins, peers: 2, service: slot_notifier
Dec 06 21:01:18.741 WARN Not ready Bellatrix                     info: The execution endpoint is connected and configured, however it is not yet synced, service: slot_notifier
Dec 06 21:01:18.741 WARN Execution engine call failed            error: Json(Error("missing field `totalDifficulty`", line: 0, column: 0)), service: exec
Dec 06 21:01:18.741 ERRO Unable to check genesis execution payload, error: ExecutionLayerGetBlockByNumberFailed(EngineError(Api { error: Json(Error("missing field `totalDifficulty`", line: 0, column: 0)) })), service: slot_notifier
Dec 06 21:01:20.733 INFO UPnP not available                      service: libp2p
Dec 06 21:01:20.733 INFO Could not UPnP map Discovery port       error: Gateway does not support UPnP
Dec 06 21:01:20.743 INFO Waiting for genesis                     wait_time: 0 mins, peers: 2, service: slot_notifier
Dec 06 21:01:20.743 WARN Not ready Bellatrix                     info: The execution endpoint is connected and configured, however it is not yet synced, service: slot_notifier
Dec 06 21:01:20.745 WARN Execution engine call failed            error: Json(Error("missing field `totalDifficulty`", line: 0, column: 0)), service: exec
Dec 06 21:01:20.745 ERRO Unable to check genesis execution payload, error: ExecutionLayerGetBlockByNumberFailed(EngineError(Api { error: Json(Error("missing field `totalDifficulty`", line: 0, column: 0)) })), service: slot_notifier
Dec 06 21:01:22.746 INFO Waiting for genesis                     wait_time: 0 mins, peers: 2, service: slot_notifier
Dec 06 21:01:22.746 WARN Not ready Bellatrix                     info: The execution endpoint is connected and configured, however it is not yet synced, service: slot_notifier
Dec 06 21:01:22.747 WARN Execution engine call failed            error: Json(Error("missing field `totalDifficulty`", line: 0, column: 0)), service: exec
Dec 06 21:01:22.747 ERRO Unable to check genesis execution payload, error: ExecutionLayerGetBlockByNumberFailed(EngineError(Api { error: Json(Error("missing field `totalDifficulty`", line: 0, column: 0)) })), service: slot_notifier
Dec 06 21:01:24.748 INFO Waiting for genesis                     wait_time: 0 mins, peers: 2, service: slot_notifier
Dec 06 21:01:24.749 WARN Not ready Bellatrix                     info: The execution endpoint is connected and configured, however it is not yet synced, service: slot_notifier
Dec 06 21:01:24.751 WARN Execution engine call failed            error: Json(Error("missing field `totalDifficulty`", line: 0, column: 0)), service: exec
Dec 06 21:01:24.751 ERRO Unable to check genesis execution payload, error: ExecutionLayerGetBlockByNumberFailed(EngineError(Api { error: Json(Error("missing field `totalDifficulty`", line: 0, column: 0)) })), service: slot_notifier
Dec 06 21:01:26.752 INFO Waiting for genesis                     wait_time: 0 mins, peers: 2, service: slot_notifier
Dec 06 21:01:26.753 WARN Not ready Bellatrix                     info: The execution endpoint is connected and configured, however it is not yet synced, service: slot_notifier
Dec 06 21:01:26.755 WARN Execution engine call failed            error: Json(Error("missing field `totalDifficulty`", line: 0, column: 0)), service: exec
Dec 06 21:01:26.755 ERRO Unable to check genesis execution payload, error: ExecutionLayerGetBlockByNumberFailed(EngineError(Api { error: Json(Error("missing field `totalDifficulty`", line: 0, column: 0)) })), service: slot_notifier
Dec 06 21:01:28.757 INFO Waiting for genesis                     wait_time: 0 mins, peers: 2, service: slot_notifier
Dec 06 21:01:28.757 WARN Not ready Bellatrix                     info: The execution endpoint is connected and configured, however it is not yet synced, service: slot_notifier
Dec 06 21:01:28.759 WARN Execution engine call failed            error: Json(Error("missing field `totalDifficulty`", line: 0, column: 0)), service: exec
Dec 06 21:01:28.759 ERRO Unable to check genesis execution payload, error: ExecutionLayerGetBlockByNumberFailed(EngineError(Api { error: Json(Error("missing field `totalDifficulty`", line: 0, column: 0)) })), service: slot_notifier
Dec 06 21:01:30.760 INFO Waiting for genesis                     wait_time: 0 mins, peers: 2, service: slot_notifier
Dec 06 21:01:30.760 WARN Not ready Bellatrix                     info: The execution endpoint is connected and configured, however it is not yet synced, service: slot_notifier
Dec 06 21:01:30.761 WARN Execution engine call failed            error: Json(Error("missing field `totalDifficulty`", line: 0, column: 0)), service: exec
Dec 06 21:01:30.761 ERRO Unable to check genesis execution payload, error: ExecutionLayerGetBlockByNumberFailed(EngineError(Api { error: Json(Error("missing field `totalDifficulty`", line: 0, column: 0)) })), service: slot_notifier
Dec 06 21:01:32.762 INFO Waiting for genesis                     wait_time: 0 mins, peers: 2, service: slot_notifier
Dec 06 21:01:32.762 WARN Not ready Bellatrix                     info: The execution endpoint is connected and configured, however it is not yet synced, service: slot_notifier
Dec 06 21:01:32.765 WARN Execution engine call failed            error: Json(Error("missing field `totalDifficulty`", line: 0, column: 0)), service: exec
Dec 06 21:01:32.765 ERRO Unable to check genesis execution payload, error: ExecutionLayerGetBlockByNumberFailed(EngineError(Api { error: Json(Error("missing field `totalDifficulty`", line: 0, column: 0)) })), service: slot_notifier
Dec 06 21:01:34.766 INFO Waiting for genesis                     wait_time: 0 mins, peers: 2, service: slot_notifier
Dec 06 21:01:34.767 WARN Not ready Bellatrix                     info: The execution endpoint is connected and configured, however it is not yet synced, service: slot_notifier
Dec 06 21:01:34.768 WARN Execution engine call failed            error: Json(Error("missing field `totalDifficulty`", line: 0, column: 0)), service: exec
Dec 06 21:01:34.768 ERRO Unable to check genesis execution payload, error: ExecutionLayerGetBlockByNumberFailed(EngineError(Api { error: Json(Error("missing field `totalDifficulty`", line: 0, column: 0)) })), service: slot_notifier
Dec 06 21:01:36.769 INFO Waiting for genesis                     wait_time: 0 mins, peers: 2, service: slot_notifier
Dec 06 21:01:36.770 WARN Not ready Bellatrix                     info: The execution endpoint is connected and configured, however it is not yet synced, service: slot_notifier
Dec 06 21:01:36.772 WARN Execution engine call failed            error: Json(Error("missing field `totalDifficulty`", line: 0, column: 0)), service: exec
Dec 06 21:01:36.773 ERRO Unable to check genesis execution payload, error: ExecutionLayerGetBlockByNumberFailed(EngineError(Api { error: Json(Error("missing field `totalDifficulty`", line: 0, column: 0)) })), service: slot_notifier
Dec 06 21:01:38.774 INFO Waiting for genesis                     wait_time: 0 mins, peers: 2, service: slot_notifier
Dec 06 21:01:38.774 WARN Not ready Bellatrix                     info: The execution endpoint is connected and configured, however it is not yet synced, service: slot_notifier
Dec 06 21:01:38.776 WARN Execution engine call failed            error: Json(Error("missing field `totalDifficulty`", line: 0, column: 0)), service: exec
Dec 06 21:01:38.776 ERRO Unable to check genesis execution payload, error: ExecutionLayerGetBlockByNumberFailed(EngineError(Api { error: Json(Error("missing field `totalDifficulty`", line: 0, column: 0)) })), service: slot_notifier
Dec 06 21:01:40.777 INFO Waiting for genesis                     wait_time: 0 mins, peers: 2, service: slot_notifier
Dec 06 21:01:40.777 WARN Not ready Bellatrix                     info: The execution endpoint is connected and configured, however it is not yet synced, service: slot_notifier
Dec 06 21:01:40.778 WARN Execution engine call failed            error: Json(Error("missing field `totalDifficulty`", line: 0, column: 0)), service: exec
Dec 06 21:01:40.778 ERRO Unable to check genesis execution payload, error: ExecutionLayerGetBlockByNumberFailed(EngineError(Api { error: Json(Error("missing field `totalDifficulty`", line: 0, column: 0)) })), service: slot_notifier
Dec 06 21:01:42.778 INFO Waiting for genesis                     wait_time: 0 mins, peers: 2, service: slot_notifier
Dec 06 21:01:42.778 WARN Not ready Bellatrix                     info: The execution endpoint is connected and configured, however it is not yet synced, service: slot_notifier
Dec 06 21:01:42.779 WARN Execution engine call failed            error: Json(Error("missing field `totalDifficulty`", line: 0, column: 0)), service: exec
Dec 06 21:01:42.779 ERRO Unable to check genesis execution payload, error: ExecutionLayerGetBlockByNumberFailed(EngineError(Api { error: Json(Error("missing field `totalDifficulty`", line: 0, column: 0)) })), service: slot_notifier
Dec 06 21:01:44.779 INFO Waiting for genesis                     wait_time: 0 mins, peers: 2, service: slot_notifier
Dec 06 21:01:44.779 WARN Not ready Bellatrix                     info: The execution endpoint is connected and configured, however it is not yet synced, service: slot_notifier
Dec 06 21:01:44.780 WARN Execution engine call failed            error: Json(Error("missing field `totalDifficulty`", line: 0, column: 0)), service: exec
Dec 06 21:01:44.780 ERRO Unable to check genesis execution payload, error: ExecutionLayerGetBlockByNumberFailed(EngineError(Api { error: Json(Error("missing field `totalDifficulty`", line: 0, column: 0)) })), service: slot_notifier
Dec 06 21:01:46.780 INFO Waiting for genesis                     wait_time: 0 mins, peers: 2, service: slot_notifier
Dec 06 21:01:46.780 WARN Not ready Bellatrix                     info: The execution endpoint is connected and configured, however it is not yet synced, service: slot_notifier
Dec 06 21:01:46.781 WARN Execution engine call failed            error: Json(Error("missing field `totalDifficulty`", line: 0, column: 0)), service: exec
Dec 06 21:01:46.781 ERRO Unable to check genesis execution payload, error: ExecutionLayerGetBlockByNumberFailed(EngineError(Api { error: Json(Error("missing field `totalDifficulty`", line: 0, column: 0)) })), service: slot_notifier
Dec 06 21:01:48.782 INFO Waiting for genesis                     wait_time: 0 mins, peers: 2, service: slot_notifier
Dec 06 21:01:48.782 WARN Not ready Bellatrix                     info: The execution endpoint is connected and configured, however it is not yet synced, service: slot_notifier
Dec 06 21:01:48.785 WARN Execution engine call failed            error: Json(Error("missing field `totalDifficulty`", line: 0, column: 0)), service: exec
Dec 06 21:01:48.785 ERRO Unable to check genesis execution payload, error: ExecutionLayerGetBlockByNumberFailed(EngineError(Api { error: Json(Error("missing field `totalDifficulty`", line: 0, column: 0)) })), service: slot_notifier
Dec 06 21:01:50.501 WARN Unable to determine slot in state advance timer, error: UnableToReadSlot, service: state_advance
Dec 06 21:01:52.000 INFO Synced                                  slot: 0, block: 0x4b04…4842, epoch: 0, finalized_epoch: 0, finalized_root: 0x4b04…4842, exec_hash: n/a, peers: 2, service: slot_notifier
Dec 06 21:01:52.000 WARN Not ready Bellatrix                     info: The execution endpoint is connected and configured, however it is not yet synced, service: slot_notifier
Dec 06 21:01:53.111 INFO New block received                      root: 0xf13b760cf0f66f3fdf4b7f5d6efff4b3eb215f8c7e243ea163074a02acdb704e, slot: 1
Dec 06 21:01:53.126 INFO Execution engine online                 service: exec
Dec 06 21:01:53.126 INFO Issuing forkchoiceUpdated               forkchoice_state: ForkchoiceState { head_block_hash: 0xa3a0173e3d9fa69d29b1818bb80085d50a8a9e1988a10064126f3030129317f6, safe_block_hash: 0x0000000000000000000000000000000000000000000000000000000000000000, finalized_block_hash: 0x0000000000000000000000000000000000000000000000000000000000000000 }, service: exec
Dec 06 21:01:53.394 INFO Forwarding register validator request to connected builder, count: 64
Dec 06 21:01:53.415 WARN Relay error when registering validator(s), error: HttpClient(url: http://mev-boost-1-lighthouse-geth:18550/, kind: request, detail: error trying to connect: dns error: failed to lookup address information: Name or service not known), num_registrations: 64
Dec 06 21:01:53.416 WARN Error processing HTTP API request       method: POST, path: /eth/v1/validator/register_validator, status: 500 Internal Server Error, elapsed: 25.425471ms
Dec 06 21:01:54.000 INFO Synced                                  slot: 1, block: 0xf13b…704e, epoch: 0, finalized_epoch: 0, finalized_root: 0x4b04…4842, exec_hash: 0xa3a0…17f6 (verified), peers: 2, service: slot_notifier
Dec 06 21:01:55.199 INFO New block received                      root: 0x9d9372a17dc8bd06b1bb5075264dbbeb3123176e6be375a0b86cf2b1102727b2, slot: 2
Dec 06 21:01:56.000 INFO Synced                                  slot: 2, block: 0x9d93…27b2, epoch: 0, finalized_epoch: 0, finalized_root: 0x4b04…4842, exec_hash: 0x4b6a…9a90 (verified), peers: 2, service: slot_notifier
Dec 06 21:01:57.087 INFO Prepared beacon proposer                parent_root: 0x9d9372a17dc8bd06b1bb5075264dbbeb3123176e6be375a0b86cf2b1102727b2, validator: 33, prepare_slot: 4, service: beacon
Dec 06 21:01:57.209 INFO New block received                      root: 0xc22b4d2b761c6daf642024dbf56582f5a8e4c29e495442577857c509286cba38, slot: 3
Dec 06 21:01:57.223 INFO Prepared beacon proposer                parent_root: 0xc22b4d2b761c6daf642024dbf56582f5a8e4c29e495442577857c509286cba38, validator: 33, prepare_slot: 4, service: beacon
Dec 06 21:01:58.001 INFO Synced                                  slot: 3, block: 0xc22b…ba38, epoch: 0, finalized_epoch: 0, finalized_root: 0x4b04…4842, exec_hash: 0x205c…21d8 (verified), peers: 2, service: slot_notifier
Dec 06 21:01:59.086 INFO Prepared beacon proposer                parent_root: 0xc22b4d2b761c6daf642024dbf56582f5a8e4c29e495442577857c509286cba38, validator: 49, prepare_slot: 5, service: beacon
Dec 06 21:01:59.086 ERRO No valid eth1_data votes, `votes_to_consider` empty, outcome: casting `state.eth1_data` as eth1 vote, genesis_time: 1733518911, earliest_block_timestamp: 1733518891, lowest_block_number: 0, service: deposit_contract_rpc
Dec 06 21:01:59.086 INFO Requesting blinded header from connected builder, parent_hash: 0x205c449a3bf27af346bff2459ee18176ed4a04a4aebd56424b050c6c5f9321d8, pubkey: 0x8dfa86c051edd28c3554a30e40531c898e5936ad3002711616ddd1b27054bc39caedd505a200c3d23a1c3f6b26c50ae9, slot: Slot(4), service: exec
Dec 06 21:01:59.104 INFO Requested blinded execution payload     parent_hash: 0x205c449a3bf27af346bff2459ee18176ed4a04a4aebd56424b050c6c5f9321d8, local_response_ms: 5, local_fee_recipient: 0x8943545177806ed17b9f23f0a21ee5948ecaa776, relay_response_ms: 17, relay_fee_recipient: request failed, service: exec
Dec 06 21:01:59.104 WARN Builder error when requesting payload   parent_hash: 0x205c449a3bf27af346bff2459ee18176ed4a04a4aebd56424b050c6c5f9321d8, local_block_hash: 0xace1108c13523dff17240fd588d0f373edc4df7d45c5ef9ebc2d4ad274c68ecd, relay_error: HttpClient(url: http://mev-boost-1-lighthouse-geth:18550/, kind: request, detail: error trying to connect: dns error: failed to lookup address information: Name or service not known), info: falling back to local execution client, service: exec
Dec 06 21:01:59.203 INFO Signed block published to network via HTTP API, publish_delay_ms: 2, slot: 4
Dec 06 21:01:59.221 INFO Valid block from HTTP API               slot: 4, proposer_index: 33, root: 0x8a82…a738, block_delay: 201.599817ms
Dec 06 21:01:59.223 INFO Prepared beacon proposer                parent_root: 0x8a821b85ffcffd179cd216c20071253560350eadc1b4fe7c2723de59de5aa738, validator: 49, prepare_slot: 5, service: beacon
Dec 06 21:02:00.001 INFO Synced                                  slot: 4, block: 0x8a82…a738, epoch: 0, finalized_epoch: 0, finalized_root: 0x4b04…4842, exec_hash: 0xace1…8ecd (verified), peers: 2, service: slot_notifier
Dec 06 21:02:01.085 ERRO No valid eth1_data votes, `votes_to_consider` empty, outcome: casting `state.eth1_data` as eth1 vote, genesis_time: 1733518911, earliest_block_timestamp: 1733518891, lowest_block_number: 0, service: deposit_contract_rpc
Dec 06 21:02:01.085 INFO Requesting blinded header from connected builder, parent_hash: 0xace1108c13523dff17240fd588d0f373edc4df7d45c5ef9ebc2d4ad274c68ecd, pubkey: 0x8aec5129a518010912215e1887191da94be419b4e75904c2ea745e2d253d707c088fa5b2c46dade1d162affe9f7ab17b, slot: Slot(5), service: exec
Dec 06 21:02:01.101 INFO Requested blinded execution payload     parent_hash: 0xace1108c13523dff17240fd588d0f373edc4df7d45c5ef9ebc2d4ad274c68ecd, local_response_ms: 0, local_fee_recipient: 0x8943545177806ed17b9f23f0a21ee5948ecaa776, relay_response_ms: 16, relay_fee_recipient: request failed, service: exec
Dec 06 21:02:01.101 WARN Builder error when requesting payload   parent_hash: 0xace1108c13523dff17240fd588d0f373edc4df7d45c5ef9ebc2d4ad274c68ecd, local_block_hash: 0xeff1fdcab3c2ea2bca1aac2d1e6c693e28210c7329f2ece2455531b51345f43a, relay_error: HttpClient(url: http://mev-boost-1-lighthouse-geth:18550/, kind: request, detail: error trying to connect: dns error: failed to lookup address information: Name or service not known), info: falling back to local execution client, service: exec
Dec 06 21:02:01.196 INFO Signed block published to network via HTTP API, publish_delay_ms: 1, slot: 5
Dec 06 21:02:01.205 INFO Valid block from HTTP API               slot: 5, proposer_index: 49, root: 0xb832…1913, block_delay: 195.345052ms
Dec 06 21:02:02.000 INFO Synced                                  slot: 5, block: 0xb832…1913, epoch: 0, finalized_epoch: 0, finalized_root: 0x4b04…4842, exec_hash: 0xeff1…f43a (verified), peers: 2, service: slot_notifier
Dec 06 21:02:03.087 INFO Prepared beacon proposer                parent_root: 0xb83282898f937ef96c52464a846dfac3139e11c1f8928756a1b8f3305afa1913, validator: 55, prepare_slot: 7, service: beacon
Dec 06 21:02:03.209 INFO New block received                      root: 0x5fbac27ea35773a56dfcf3c7d039968ff50bd1177fdd7c62df1d1dae6b5ecb12, slot: 6
Dec 06 21:02:03.223 INFO Prepared beacon proposer                parent_root: 0x5fbac27ea35773a56dfcf3c7d039968ff50bd1177fdd7c62df1d1dae6b5ecb12, validator: 55, prepare_slot: 7, service: beacon
Dec 06 21:02:04.000 INFO Synced                                  slot: 6, block: 0x5fba…cb12, epoch: 0, finalized_epoch: 0, finalized_root: 0x4b04…4842, exec_hash: 0x996b…66a5 (verified), peers: 2, service: slot_notifier
Dec 06 21:02:05.002 INFO Prepared beacon proposer                parent_root: 0x5fbac27ea35773a56dfcf3c7d039968ff50bd1177fdd7c62df1d1dae6b5ecb12, validator: 51, prepare_slot: 8, service: beacon
Dec 06 21:02:05.087 ERRO No valid eth1_data votes, `votes_to_consider` empty, outcome: casting `state.eth1_data` as eth1 vote, genesis_time: 1733518911, earliest_block_timestamp: 1733518891, lowest_block_number: 0, service: deposit_contract_rpc
Dec 06 21:02:05.087 INFO Requesting blinded header from connected builder, parent_hash: 0x996bc4dee136c861c6bb73df1f5e7d463b0d69cce910da1cb70035df9fb366a5, pubkey: 0x958c2692b86b4d20eaea3bb45e9447ebbc5b93ccaf8d21ef659d0cefedf5c4371b31b460ae40e8243682bde505abac1e, slot: Slot(7), service: exec
Dec 06 21:02:05.106 INFO Requested blinded execution payload     parent_hash: 0x996bc4dee136c861c6bb73df1f5e7d463b0d69cce910da1cb70035df9fb366a5, local_response_ms: 0, local_fee_recipient: 0x8943545177806ed17b9f23f0a21ee5948ecaa776, relay_response_ms: 18, relay_fee_recipient: request failed, service: exec
Dec 06 21:02:05.106 WARN Builder error when requesting payload   parent_hash: 0x996bc4dee136c861c6bb73df1f5e7d463b0d69cce910da1cb70035df9fb366a5, local_block_hash: 0x5974b6627a8ab59ae1c1a9f7e612c502a3ce034c48415125d7a54be4fc688539, relay_error: HttpClient(url: http://mev-boost-1-lighthouse-geth:18550/, kind: request, detail: error trying to connect: dns error: failed to lookup address information: Name or service not known), info: falling back to local execution client, service: exec
Dec 06 21:02:05.199 INFO Signed block published to network via HTTP API, publish_delay_ms: 1, slot: 7
Dec 06 21:02:05.215 INFO Valid block from HTTP API               slot: 7, proposer_index: 55, root: 0x49cc…e9d4, block_delay: 198.251852ms
Dec 06 21:02:05.220 INFO Prepared beacon proposer                parent_root: 0x49ccd216e168eaa493da92fbe7c5d394a833a44394135fde511afe2da411e9d4, validator: 51, prepare_slot: 8, service: beacon
Dec 06 21:02:06.000 INFO Synced                                  slot: 7, block: 0x49cc…e9d4, epoch: 0, finalized_epoch: 0, finalized_root: 0x4b04…4842, exec_hash: 0x5974…8539 (verified), peers: 2, service: slot_notifier
Dec 06 21:02:07.088 ERRO No valid eth1_data votes, `votes_to_consider` empty, outcome: casting `state.eth1_data` as eth1 vote, genesis_time: 1733518911, earliest_block_timestamp: 1733518891, lowest_block_number: 0, service: deposit_contract_rpc
Dec 06 21:02:07.088 INFO Requesting blinded header from connected builder, parent_hash: 0x5974b6627a8ab59ae1c1a9f7e612c502a3ce034c48415125d7a54be4fc688539, pubkey: 0xab64f900c770e2b99de6b86b4390bbd1579bd48dccec55800adbcf52e006f22128e9971bbf3a92cc0105b0974849935a, slot: Slot(8), service: exec
Dec 06 21:02:07.107 INFO Requested blinded execution payload     parent_hash: 0x5974b6627a8ab59ae1c1a9f7e612c502a3ce034c48415125d7a54be4fc688539, local_response_ms: 2, local_fee_recipient: 0x8943545177806ed17b9f23f0a21ee5948ecaa776, relay_response_ms: 19, relay_fee_recipient: request failed, service: exec
Dec 06 21:02:07.107 WARN Builder error when requesting payload   parent_hash: 0x5974b6627a8ab59ae1c1a9f7e612c502a3ce034c48415125d7a54be4fc688539, local_block_hash: 0x53b32c12480b18ad8ad20adc737b5d08e321bd0ca451ff5b5849282c70f85748, relay_error: HttpClient(url: http://mev-boost-1-lighthouse-geth:18550/, kind: request, detail: error trying to connect: dns error: failed to lookup address information: Name or service not known), info: falling back to local execution client, service: exec
Dec 06 21:02:07.197 INFO Signed block published to network via HTTP API, publish_delay_ms: 1, slot: 8
Dec 06 21:02:07.205 INFO Valid block from HTTP API               slot: 8, proposer_index: 51, root: 0x3320…4134, block_delay: 196.803297ms
Dec 06 21:02:08.001 INFO Synced                                  slot: 8, block: 0x3320…4134, epoch: 0, finalized_epoch: 0, finalized_root: 0x4b04…4842, exec_hash: 0x53b3…5748 (verified), peers: 2, service: slot_notifier
Dec 06 21:02:09.209 INFO New block received                      root: 0xeea483ced857aac2fb3c7b6f5d9031676ace3bdc8effd9e0828b58b814349d3d, slot: 9
Dec 06 21:02:10.000 INFO Synced                                  slot: 9, block: 0xeea4…9d3d, epoch: 0, finalized_epoch: 0, finalized_root: 0x4b04…4842, exec_hash: 0x2d1f…2954 (verified), peers: 2, service: slot_notifier
Dec 06 21:02:11.207 INFO New block received                      root: 0x1686b0c83b4e351de31a30e72115a9636b3aecdfd2a137643487ab0f3b3845ef, slot: 10
Dec 06 21:02:12.000 INFO Synced                                  slot: 10, block: 0x1686…45ef, epoch: 0, finalized_epoch: 0, finalized_root: 0x4b04…4842, exec_hash: 0x4c85…82cb (verified), peers: 2, service: slot_notifier
Dec 06 21:02:13.087 INFO Prepared beacon proposer                parent_root: 0x1686b0c83b4e351de31a30e72115a9636b3aecdfd2a137643487ab0f3b3845ef, validator: 39, prepare_slot: 12, service: beacon
Dec 06 21:02:13.223 INFO New block received                      root: 0x8ae908bfca75a69ecb17202455b8a5e067fd9016b50de13ea3b4c4893373b4ee, slot: 11
Dec 06 21:02:13.276 INFO Prepared beacon proposer                parent_root: 0x8ae908bfca75a69ecb17202455b8a5e067fd9016b50de13ea3b4c4893373b4ee, validator: 39, prepare_slot: 12, service: beacon
Dec 06 21:02:14.000 INFO Synced                                  slot: 11, block: 0x8ae9…b4ee, epoch: 0, finalized_epoch: 0, finalized_root: 0x4b04…4842, exec_hash: 0x1a50…c48d (verified), peers: 2, service: slot_notifier
Dec 06 21:02:15.086 INFO Prepared beacon proposer                parent_root: 0x8ae908bfca75a69ecb17202455b8a5e067fd9016b50de13ea3b4c4893373b4ee, validator: 56, prepare_slot: 13, service: beacon
Dec 06 21:02:15.089 ERRO No valid eth1_data votes, `votes_to_consider` empty, outcome: casting `state.eth1_data` as eth1 vote, genesis_time: 1733518911, earliest_block_timestamp: 1733518891, lowest_block_number: 0, service: deposit_contract_rpc
Dec 06 21:02:15.090 INFO Requesting blinded header from connected builder, parent_hash: 0x1a50564875328a8d628010566a49b24de90926b3a724ebbcc0d950c97b6ac48d, pubkey: 0x81b676591b823270a3284ace7d81cbce2d6cdce55bb0e053874d7e3a08f729453009d3e662ec3130379f43c0f3210b6d, slot: Slot(12), service: exec
Dec 06 21:02:15.095 INFO Requested blinded execution payload     parent_hash: 0x1a50564875328a8d628010566a49b24de90926b3a724ebbcc0d950c97b6ac48d, local_response_ms: 1, local_fee_recipient: 0x8943545177806ed17b9f23f0a21ee5948ecaa776, relay_response_ms: 5, relay_fee_recipient: empty response, service: exec
Dec 06 21:02:15.095 INFO Builder did not return a payload        parent_hash: 0x1a50564875328a8d628010566a49b24de90926b3a724ebbcc0d950c97b6ac48d, local_block_hash: 0x59c97ed840276da3b65b5d942ff28710258417deb1b709b84385ab914b1e5263, info: falling back to local execution client, service: exec
Dec 06 21:02:15.196 INFO Signed block published to network via HTTP API, publish_delay_ms: 2, slot: 12
Dec 06 21:02:15.204 INFO Valid block from HTTP API               slot: 12, proposer_index: 39, root: 0x6f08…e6a8, block_delay: 194.534148ms
Dec 06 21:02:15.207 INFO Prepared beacon proposer                parent_root: 0x6f08869aa7ea61dff067b455b9a07e8a6cee4bfc3125f32d126e1f229984e6a8, validator: 56, prepare_slot: 13, service: beacon
Dec 06 21:02:16.000 INFO Synced                                  slot: 12, block: 0x6f08…e6a8, epoch: 0, finalized_epoch: 0, finalized_root: 0x4b04…4842, exec_hash: 0x59c9…5263 (verified), peers: 2, service: slot_notifier
Dec 06 21:02:17.002 INFO Prepared beacon proposer                parent_root: 0x6f08869aa7ea61dff067b455b9a07e8a6cee4bfc3125f32d126e1f229984e6a8, validator: 61, prepare_slot: 14, service: beacon
Dec 06 21:02:17.088 ERRO No valid eth1_data votes, `votes_to_consider` empty, outcome: casting `state.eth1_data` as eth1 vote, genesis_time: 1733518911, earliest_block_timestamp: 1733518891, lowest_block_number: 0, service: deposit_contract_rpc
Dec 06 21:02:17.089 INFO Requesting blinded header from connected builder, parent_hash: 0x59c97ed840276da3b65b5d942ff28710258417deb1b709b84385ab914b1e5263, pubkey: 0x8d8985e5dd341c9035b37bf7391c5944c28131b47c7d5359d18fca598010ba9a63e27c55e6b421a807038c320564db17, slot: Slot(13), service: exec
Dec 06 21:02:17.093 INFO Requested blinded execution payload     parent_hash: 0x59c97ed840276da3b65b5d942ff28710258417deb1b709b84385ab914b1e5263, local_response_ms: 2, local_fee_recipient: 0x8943545177806ed17b9f23f0a21ee5948ecaa776, relay_response_ms: 3, relay_fee_recipient: empty response, service: exec
Dec 06 21:02:17.093 INFO Builder did not return a payload        parent_hash: 0x59c97ed840276da3b65b5d942ff28710258417deb1b709b84385ab914b1e5263, local_block_hash: 0x83a98013692d2e6dbee8144e8622a6bbb6ced07b4cddfec979f44286fede0777, info: falling back to local execution client, service: exec
Dec 06 21:02:17.198 INFO Signed block published to network via HTTP API, publish_delay_ms: 1, slot: 13
Dec 06 21:02:17.221 INFO Valid block from HTTP API               slot: 13, proposer_index: 56, root: 0x0e00…ad07, block_delay: 197.173179ms
Dec 06 21:02:17.229 INFO Prepared beacon proposer                parent_root: 0x0e0015fc338341313a51a86edfb0b627bf5b10e9620b2e811e029b569237ad07, validator: 61, prepare_slot: 14, service: beacon
Dec 06 21:02:18.000 INFO Synced                                  slot: 13, block: 0x0e00…ad07, epoch: 0, finalized_epoch: 0, finalized_root: 0x4b04…4842, exec_hash: 0x83a9…0777 (verified), peers: 2, service: slot_notifier
Dec 06 21:02:19.085 ERRO No valid eth1_data votes, `votes_to_consider` empty, outcome: casting `state.eth1_data` as eth1 vote, genesis_time: 1733518911, earliest_block_timestamp: 1733518891, lowest_block_number: 0, service: deposit_contract_rpc
Dec 06 21:02:19.085 INFO Requesting blinded header from connected builder, parent_hash: 0x83a98013692d2e6dbee8144e8622a6bbb6ced07b4cddfec979f44286fede0777, pubkey: 0x86e014747c7922ccfc2b9d4bf6c1ecf0dc800197037858d0b85ab1944b4c3c14b95e0ed325bc42a6f467bc47ec27bc7b, slot: Slot(14), service: exec
Dec 06 21:02:19.087 INFO Requested blinded execution payload     parent_hash: 0x83a98013692d2e6dbee8144e8622a6bbb6ced07b4cddfec979f44286fede0777, local_response_ms: 2, local_fee_recipient: 0x8943545177806ed17b9f23f0a21ee5948ecaa776, relay_response_ms: 2, relay_fee_recipient: empty response, service: exec
Dec 06 21:02:19.087 INFO Builder did not return a payload        parent_hash: 0x83a98013692d2e6dbee8144e8622a6bbb6ced07b4cddfec979f44286fede0777, local_block_hash: 0x4daef5fc70f4f00c3a8479caddebe48fea42bcaca280c791ba278dda49d23e19, info: falling back to local execution client, service: exec
Dec 06 21:02:19.195 INFO Signed block published to network via HTTP API, publish_delay_ms: 2, slot: 14
Dec 06 21:02:19.214 INFO Valid block from HTTP API               slot: 14, proposer_index: 61, root: 0xf9c5…38bf, block_delay: 193.328623ms
Dec 06 21:02:20.000 INFO Synced                                  slot: 14, block: 0xf9c5…38bf, epoch: 0, finalized_epoch: 0, finalized_root: 0x4b04…4842, exec_hash: 0x4dae…3e19 (verified), peers: 2, service: slot_notifier
Dec 06 21:02:21.211 INFO New block received                      root: 0xd783c6e85ab2ca82b388d4ed26282f3d60a04d37234dd53eb7570e4c97cc8073, slot: 15
Dec 06 21:02:22.000 INFO Synced                                  slot: 15, block: 0xd783…8073, epoch: 0, finalized_epoch: 0, finalized_root: 0x4b04…4842, exec_hash: 0x2ba0…5f26 (verified), peers: 2, service: slot_notifier
Dec 06 21:02:23.201 INFO New block received                      root: 0x5905ad1d21c1bd83f742a035ed2bab6dbd983f6625ef3bbb1730cec0411eef96, slot: 16
Dec 06 21:02:24.000 INFO Synced                                  slot: 16, block: 0x5905…ef96, epoch: 0, finalized_epoch: 0, finalized_root: 0x4b04…4842, exec_hash: 0x8456…53bd (verified), peers: 2, service: slot_notifier
Dec 06 21:02:25.002 INFO Prepared beacon proposer                parent_root: 0x5905ad1d21c1bd83f742a035ed2bab6dbd983f6625ef3bbb1730cec0411eef96, validator: 30, prepare_slot: 18, service: beacon
Dec 06 21:02:25.202 INFO New block received                      root: 0xc15512b06e30bc0143ae4763751221de0e6dbebdd0ef2239b279bc882bb95ddf, slot: 17
Dec 06 21:02:25.211 INFO Prepared beacon proposer                parent_root: 0xc15512b06e30bc0143ae4763751221de0e6dbebdd0ef2239b279bc882bb95ddf, validator: 30, prepare_slot: 18, service: beacon
Dec 06 21:02:26.000 INFO Synced                                  slot: 17, block: 0xc155…5ddf, epoch: 0, finalized_epoch: 0, finalized_root: 0x4b04…4842, exec_hash: 0x57ff…8b18 (verified), peers: 2, service: slot_notifier
Dec 06 21:02:27.085 ERRO No valid eth1_data votes, `votes_to_consider` empty, outcome: casting `state.eth1_data` as eth1 vote, genesis_time: 1733518911, earliest_block_timestamp: 1733518891, lowest_block_number: 0, service: deposit_contract_rpc
Dec 06 21:02:27.085 INFO Requesting blinded header from connected builder, parent_hash: 0x57ff198b168086efe6662f1e1fdc5271a1899efd0ce51e7b697a2e3074ed8b18, pubkey: 0x81ea9f74ef7d935b807474e38954ae3934856219a23e074954b2e860c5a3c400f9aedb42cd27cb4ceb697ca36d1e58cb, slot: Slot(18), service: exec
Dec 06 21:02:27.087 INFO Requested blinded execution payload     parent_hash: 0x57ff198b168086efe6662f1e1fdc5271a1899efd0ce51e7b697a2e3074ed8b18, local_response_ms: 0, local_fee_recipient: 0x8943545177806ed17b9f23f0a21ee5948ecaa776, relay_response_ms: 2, relay_fee_recipient: empty response, service: exec
Dec 06 21:02:27.087 INFO Builder did not return a payload        parent_hash: 0x57ff198b168086efe6662f1e1fdc5271a1899efd0ce51e7b697a2e3074ed8b18, local_block_hash: 0xe970ef73d5bcab302ef106f2dd50e048f3a6c1e76b5e0e23dfcb7aa1386ba5d8, info: falling back to local execution client, service: exec
Dec 06 21:02:27.194 INFO Signed block published to network via HTTP API, publish_delay_ms: 1, slot: 18
Dec 06 21:02:27.201 INFO Valid block from HTTP API               slot: 18, proposer_index: 30, root: 0xcf41…b371, block_delay: 193.062155ms
Dec 06 21:02:28.000 INFO Synced                                  slot: 18, block: 0xcf41…b371, epoch: 0, finalized_epoch: 0, finalized_root: 0x4b04…4842, exec_hash: 0xe970…a5d8 (verified), peers: 2, service: slot_notifier
Dec 06 21:02:29.201 INFO New block received                      root: 0x0b5b4f9f8dae6933f804000668be5c02dd497f10f09fa3351c797d0013048cf4, slot: 19
Dec 06 21:02:30.000 INFO Synced                                  slot: 19, block: 0x0b5b…8cf4, epoch: 0, finalized_epoch: 0, finalized_root: 0x4b04…4842, exec_hash: 0xed92…2a6e (verified), peers: 2, service: slot_notifier
Dec 06 21:02:31.001 INFO Prepared beacon proposer                parent_root: 0x0b5b4f9f8dae6933f804000668be5c02dd497f10f09fa3351c797d0013048cf4, validator: 3, prepare_slot: 21, service: beacon
Dec 06 21:02:31.205 INFO New block received                      root: 0xad057709acf317ebebe1b13759d85b6b8edf08c4a59d22c123b7ff22e276fa99, slot: 20
Dec 06 21:02:31.214 INFO Prepared beacon proposer                parent_root: 0xad057709acf317ebebe1b13759d85b6b8edf08c4a59d22c123b7ff22e276fa99, validator: 3, prepare_slot: 21, service: beacon
Dec 06 21:02:32.000 INFO Synced                                  slot: 20, block: 0xad05…fa99, epoch: 0, finalized_epoch: 0, finalized_root: 0x4b04…4842, exec_hash: 0x5d92…5439 (verified), peers: 2, service: slot_notifier
Dec 06 21:02:33.085 ERRO No valid eth1_data votes, `votes_to_consider` empty, outcome: casting `state.eth1_data` as eth1 vote, genesis_time: 1733518911, earliest_block_timestamp: 1733518891, lowest_block_number: 0, service: deposit_contract_rpc
Dec 06 21:02:33.085 INFO Requesting blinded header from connected builder, parent_hash: 0x5d9252932796dc40c592befa118a29866ddabbfab8122ce6e4b9cc04a0e25439, pubkey: 0xa1584dfe1573df8ec88c7b74d76726b4821bfe84bf886dd3c0e3f74c2ea18aa62ca44c871fb1c63971fccf6937e6501f, slot: Slot(21), service: exec
Dec 06 21:02:33.087 INFO Requested blinded execution payload     parent_hash: 0x5d9252932796dc40c592befa118a29866ddabbfab8122ce6e4b9cc04a0e25439, local_response_ms: 0, local_fee_recipient: 0x8943545177806ed17b9f23f0a21ee5948ecaa776, relay_response_ms: 2, relay_fee_recipient: empty response, service: exec
Dec 06 21:02:33.087 INFO Builder did not return a payload        parent_hash: 0x5d9252932796dc40c592befa118a29866ddabbfab8122ce6e4b9cc04a0e25439, local_block_hash: 0x9b389bff26e891ca755f85cea7815905de6b3f7fe8422212389130d88d77c577, info: falling back to local execution client, service: exec
Dec 06 21:02:33.194 INFO Signed block published to network via HTTP API, publish_delay_ms: 1, slot: 21
Dec 06 21:02:33.200 INFO Valid block from HTTP API               slot: 21, proposer_index: 3, root: 0xfe3a…df02, block_delay: 192.705652ms
Dec 06 21:02:34.000 INFO Synced                                  slot: 21, block: 0xfe3a…df02, epoch: 0, finalized_epoch: 0, finalized_root: 0x4b04…4842, exec_hash: 0x9b38…c577 (verified), peers: 2, service: slot_notifier
Dec 06 21:02:35.085 INFO Prepared beacon proposer                parent_root: 0xfe3ad275767b5232973cb20901796cddc1b85a78c0e7b46c258b6392703edf02, validator: 32, prepare_slot: 23, service: beacon
Dec 06 21:02:35.199 INFO New block received                      root: 0x4be5af046c2a3d2508840c296c03c3d228d9bd40d925368ef3f04bd801d0307d, slot: 22
Dec 06 21:02:35.207 INFO Prepared beacon proposer                parent_root: 0x4be5af046c2a3d2508840c296c03c3d228d9bd40d925368ef3f04bd801d0307d, validator: 32, prepare_slot: 23, service: beacon
Dec 06 21:02:36.000 INFO Synced                                  slot: 22, block: 0x4be5…307d, epoch: 0, finalized_epoch: 0, finalized_root: 0x4b04…4842, exec_hash: 0xafcf…be75 (verified), peers: 2, service: slot_notifier
Dec 06 21:02:37.086 INFO Prepared beacon proposer                parent_root: 0x4be5af046c2a3d2508840c296c03c3d228d9bd40d925368ef3f04bd801d0307d, validator: 31, prepare_slot: 24, service: beacon
Dec 06 21:02:37.087 ERRO No valid eth1_data votes, `votes_to_consider` empty, outcome: casting `state.eth1_data` as eth1 vote, genesis_time: 1733518911, earliest_block_timestamp: 1733518891, lowest_block_number: 0, service: deposit_contract_rpc
Dec 06 21:02:37.087 INFO Requesting blinded header from connected builder, parent_hash: 0xafcfcf35fe5f52656ad535456f5ecb49ae54e143a5b23e7d3e828d5081d8be75, pubkey: 0xab40dc1cfe273ad0da700c64f8fc94f91db253ca3acf20e336d9bd09de67eec5c7d3506285d83c7bb6a08d64b77e5f2d, slot: Slot(23), service: exec
Dec 06 21:02:37.089 INFO Requested blinded execution payload     parent_hash: 0xafcfcf35fe5f52656ad535456f5ecb49ae54e143a5b23e7d3e828d5081d8be75, local_response_ms: 2, local_fee_recipient: 0x8943545177806ed17b9f23f0a21ee5948ecaa776, relay_response_ms: 2, relay_fee_recipient: empty response, service: exec
Dec 06 21:02:37.089 INFO Builder did not return a payload        parent_hash: 0xafcfcf35fe5f52656ad535456f5ecb49ae54e143a5b23e7d3e828d5081d8be75, local_block_hash: 0xb6acd67c40ff0cb2a9d757f1ca026a0f8336b5cefd97685ed7eaeb3ffd795727, info: falling back to local execution client, service: exec
Dec 06 21:02:37.198 INFO Signed block published to network via HTTP API, publish_delay_ms: 2, slot: 23
Dec 06 21:02:37.231 INFO Valid block from HTTP API               slot: 23, proposer_index: 32, root: 0xa0ad…02e6, block_delay: 195.984018ms
Dec 06 21:02:37.233 INFO Prepared beacon proposer                parent_root: 0xa0ad74e43d600dc13ca6b68043a25c60d9d3ec0d47e58521190cc85f3b0c02e6, validator: 31, prepare_slot: 24, service: beacon
Dec 06 21:02:38.000 INFO Synced                                  slot: 23, block: 0xa0ad…02e6, epoch: 0, finalized_epoch: 0, finalized_root: 0x4b04…4842, exec_hash: 0xb6ac…5727 (verified), peers: 2, service: slot_notifier
Dec 06 21:02:39.085 ERRO No valid eth1_data votes, `votes_to_consider` empty, outcome: casting `state.eth1_data` as eth1 vote, genesis_time: 1733518911, earliest_block_timestamp: 1733518891, lowest_block_number: 0, service: deposit_contract_rpc
Dec 06 21:02:39.085 INFO Requesting blinded header from connected builder, parent_hash: 0xb6acd67c40ff0cb2a9d757f1ca026a0f8336b5cefd97685ed7eaeb3ffd795727, pubkey: 0xa804e4fa8d1391a9d078aa93985a12503b84ce4f6f1f9e70ab7fca421e1cf972538666299d4c1bfc39327b469b2db7a8, slot: Slot(24), service: exec
Dec 06 21:02:39.087 INFO Requested blinded execution payload     parent_hash: 0xb6acd67c40ff0cb2a9d757f1ca026a0f8336b5cefd97685ed7eaeb3ffd795727, local_response_ms: 1, local_fee_recipient: 0x8943545177806ed17b9f23f0a21ee5948ecaa776, relay_response_ms: 2, relay_fee_recipient: empty response, service: exec
Dec 06 21:02:39.087 INFO Builder did not return a payload        parent_hash: 0xb6acd67c40ff0cb2a9d757f1ca026a0f8336b5cefd97685ed7eaeb3ffd795727, local_block_hash: 0x1ba86570fa8a468ee0ae0fe7f6b307b054cc28c6a9b1650d1555f068ef50b393, info: falling back to local execution client, service: exec
Dec 06 21:02:39.195 INFO Signed block published to network via HTTP API, publish_delay_ms: 1, slot: 24
Dec 06 21:02:39.209 INFO Valid block from HTTP API               slot: 24, proposer_index: 31, root: 0x424a…83c8, block_delay: 194.009291ms
Dec 06 21:02:40.000 INFO Synced                                  slot: 24, block: 0x424a…83c8, epoch: 0, finalized_epoch: 0, finalized_root: 0x4b04…4842, exec_hash: 0x1ba8…b393 (verified), peers: 2, service: slot_notifier
Dec 06 21:02:41.001 INFO Prepared beacon proposer                parent_root: 0x424a28825d7586cb569aa07c7e4346e27ae20c9f7fee207dcfb02e643b9d83c8, validator: 48, prepare_slot: 26, service: beacon
Dec 06 21:02:41.211 INFO New block received                      root: 0x9c3905304c5e00b008b74f68162bb7980326b4589f4d329b562eda27cfa8d9e4, slot: 25
Dec 06 21:02:41.239 INFO Prepared beacon proposer                parent_root: 0x9c3905304c5e00b008b74f68162bb7980326b4589f4d329b562eda27cfa8d9e4, validator: 48, prepare_slot: 26, service: beacon
Dec 06 21:02:42.000 INFO Synced                                  slot: 25, block: 0x9c39…d9e4, epoch: 0, finalized_epoch: 0, finalized_root: 0x4b04…4842, exec_hash: 0x98c7…8e38 (verified), peers: 2, service: slot_notifier
Dec 06 21:02:43.087 ERRO No valid eth1_data votes, `votes_to_consider` empty, outcome: casting `state.eth1_data` as eth1 vote, genesis_time: 1733518911, earliest_block_timestamp: 1733518891, lowest_block_number: 0, service: deposit_contract_rpc
Dec 06 21:02:43.087 INFO Requesting blinded header from connected builder, parent_hash: 0x98c7a51664c643ef151bb9ea0c48f0d4abf3ff618f2ac902c07872ea7f038e38, pubkey: 0xb63f327df68581cdc02a66c1c65e906a06a1a3a8d7a6e38f7b6da944e8e6cc2db85fced5327d8c12945ceb33018272ca, slot: Slot(26), service: exec
Dec 06 21:02:43.089 INFO Requested blinded execution payload     parent_hash: 0x98c7a51664c643ef151bb9ea0c48f0d4abf3ff618f2ac902c07872ea7f038e38, local_response_ms: 1, local_fee_recipient: 0x8943545177806ed17b9f23f0a21ee5948ecaa776, relay_response_ms: 2, relay_fee_recipient: empty response, service: exec
Dec 06 21:02:43.089 INFO Builder did not return a payload        parent_hash: 0x98c7a51664c643ef151bb9ea0c48f0d4abf3ff618f2ac902c07872ea7f038e38, local_block_hash: 0xadb1254c631f4dbb0724d6eaff245a846e00573b0af5187021906495d89d5d62, info: falling back to local execution client, service: exec
Dec 06 21:02:43.198 INFO Signed block published to network via HTTP API, publish_delay_ms: 1, slot: 26
Dec 06 21:02:43.212 INFO Valid block from HTTP API               slot: 26, proposer_index: 48, root: 0xe364…fab9, block_delay: 196.95358ms
Dec 06 21:02:44.000 INFO Synced                                  slot: 26, block: 0xe364…fab9, epoch: 0, finalized_epoch: 0, finalized_root: 0x4b04…4842, exec_hash: 0xadb1…5d62 (verified), peers: 2, service: slot_notifier
Dec 06 21:02:45.001 INFO Prepared beacon proposer                parent_root: 0xe364e00d05762d929f80746e97a08f7024a5adda2d4649c2a31b174aa356fab9, validator: 34, prepare_slot: 28, service: beacon
Dec 06 21:02:45.204 INFO New block received                      root: 0x8b8b35efe5d029569fe24a92ee2f6f5c161599d784a5b8b49b1e41098815683d, slot: 27
Dec 06 21:02:45.212 INFO Prepared beacon proposer                parent_root: 0x8b8b35efe5d029569fe24a92ee2f6f5c161599d784a5b8b49b1e41098815683d, validator: 34, prepare_slot: 28, service: beacon
Dec 06 21:02:46.000 INFO Synced                                  slot: 27, block: 0x8b8b…683d, epoch: 0, finalized_epoch: 0, finalized_root: 0x4b04…4842, exec_hash: 0xde9b…011c (verified), peers: 2, service: slot_notifier
Dec 06 21:02:47.084 ERRO No valid eth1_data votes, `votes_to_consider` empty, outcome: casting `state.eth1_data` as eth1 vote, genesis_time: 1733518911, earliest_block_timestamp: 1733518891, lowest_block_number: 0, service: deposit_contract_rpc
Dec 06 21:02:47.084 INFO Requesting blinded header from connected builder, parent_hash: 0xde9b0aef77c89516b01cacd17594a4bfc9d77fcb56fba9ad25ad3a03b034011c, pubkey: 0x81fa222737fe818b43f55f209f42adaee135b2801d02709617fc88c2871852358260ace97cf323e761b5cc18bc7325b3, slot: Slot(28), service: exec
Dec 06 21:02:47.087 INFO Requested blinded execution payload     parent_hash: 0xde9b0aef77c89516b01cacd17594a4bfc9d77fcb56fba9ad25ad3a03b034011c, local_response_ms: 0, local_fee_recipient: 0x8943545177806ed17b9f23f0a21ee5948ecaa776, relay_response_ms: 2, relay_fee_recipient: empty response, service: exec
Dec 06 21:02:47.087 INFO Builder did not return a payload        parent_hash: 0xde9b0aef77c89516b01cacd17594a4bfc9d77fcb56fba9ad25ad3a03b034011c, local_block_hash: 0xf47be34f9534d82f4a22cfc7736510631c11cc4cb34c7c26444cac699cc00544, info: falling back to local execution client, service: exec
Dec 06 21:02:47.194 INFO Signed block published to network via HTTP API, publish_delay_ms: 1, slot: 28
Dec 06 21:02:47.201 INFO Valid block from HTTP API               slot: 28, proposer_index: 34, root: 0x80ff…de35, block_delay: 193.037246ms
Dec 06 21:02:48.000 INFO Synced                                  slot: 28, block: 0x80ff…de35, epoch: 0, finalized_epoch: 0, finalized_root: 0x4b04…4842, exec_hash: 0xf47b…0544 (verified), peers: 2, service: slot_notifier
Dec 06 21:02:49.085 INFO Prepared beacon proposer                parent_root: 0x80fff2f70996b4759ed308b2d954d755a5b95ad8d917075ae9d04e50e7f5de35, validator: 39, prepare_slot: 30, service: beacon
Dec 06 21:02:49.194 INFO New block received                      root: 0x0f3f5866bdbb204512321765fe1afba17840ed4c1521b0a3bc1aecd8739cf114, slot: 29
Dec 06 21:02:49.201 INFO Prepared beacon proposer                parent_root: 0x0f3f5866bdbb204512321765fe1afba17840ed4c1521b0a3bc1aecd8739cf114, validator: 39, prepare_slot: 30, service: beacon
Dec 06 21:02:50.000 INFO Synced                                  slot: 29, block: 0x0f3f…f114, epoch: 0, finalized_epoch: 0, finalized_root: 0x4b04…4842, exec_hash: 0x6b8d…d19e (verified), peers: 2, service: slot_notifier
Dec 06 21:02:51.001 INFO Prepared beacon proposer                parent_root: 0x0f3f5866bdbb204512321765fe1afba17840ed4c1521b0a3bc1aecd8739cf114, validator: 57, prepare_slot: 31, service: beacon
Dec 06 21:02:51.084 ERRO No valid eth1_data votes, `votes_to_consider` empty, outcome: casting `state.eth1_data` as eth1 vote, genesis_time: 1733518911, earliest_block_timestamp: 1733518891, lowest_block_number: 0, service: deposit_contract_rpc
Dec 06 21:02:51.084 INFO Requesting blinded header from connected builder, parent_hash: 0x6b8d8aacc23e158149d4f26be07af107920d4aaef11ada1ad544dcb4f04cd19e, pubkey: 0x81b676591b823270a3284ace7d81cbce2d6cdce55bb0e053874d7e3a08f729453009d3e662ec3130379f43c0f3210b6d, slot: Slot(30), service: exec
Dec 06 21:02:51.086 INFO Requested blinded execution payload     parent_hash: 0x6b8d8aacc23e158149d4f26be07af107920d4aaef11ada1ad544dcb4f04cd19e, local_response_ms: 0, local_fee_recipient: 0x8943545177806ed17b9f23f0a21ee5948ecaa776, relay_response_ms: 1, relay_fee_recipient: empty response, service: exec
Dec 06 21:02:51.086 INFO Builder did not return a payload        parent_hash: 0x6b8d8aacc23e158149d4f26be07af107920d4aaef11ada1ad544dcb4f04cd19e, local_block_hash: 0x568da83b877f5f73617a2c79e6e205fc72fd9829dc3b6e7bfa7015a6a7f85786, info: falling back to local execution client, service: exec
Dec 06 21:02:51.195 INFO Signed block published to network via HTTP API, publish_delay_ms: 1, slot: 30
Dec 06 21:02:51.204 INFO Valid block from HTTP API               slot: 30, proposer_index: 39, root: 0x5edb…ec57, block_delay: 193.34856ms
Dec 06 21:02:51.205 INFO Prepared beacon proposer                parent_root: 0x5edb5b09f34d10844c8f1c5729bd4d6c3a010819236179beed1fbd3e1d49ec57, validator: 57, prepare_slot: 31, service: beacon
Dec 06 21:02:52.001 INFO Synced                                  slot: 30, block: 0x5edb…ec57, epoch: 0, finalized_epoch: 0, finalized_root: 0x4b04…4842, exec_hash: 0x568d…5786 (verified), peers: 2, service: slot_notifier
Dec 06 21:02:53.002 ERRO No valid eth1_data votes, `votes_to_consider` empty, outcome: casting `state.eth1_data` as eth1 vote, genesis_time: 1733518911, earliest_block_timestamp: 1733518891, lowest_block_number: 0, service: deposit_contract_rpc
Dec 06 21:02:53.003 INFO Requesting blinded header from connected builder, parent_hash: 0x568da83b877f5f73617a2c79e6e205fc72fd9829dc3b6e7bfa7015a6a7f85786, pubkey: 0xaf89ab00a0eab1131645292a9cfba583a69a1e3ac58b210e262494853e67385aeb50d4af428bdd577b9399daa96d8b20, slot: Slot(31), service: exec
Dec 06 21:02:53.005 INFO Requested blinded execution payload     parent_hash: 0x568da83b877f5f73617a2c79e6e205fc72fd9829dc3b6e7bfa7015a6a7f85786, local_response_ms: 2, local_fee_recipient: 0x8943545177806ed17b9f23f0a21ee5948ecaa776, relay_response_ms: 2, relay_fee_recipient: empty response, service: exec
Dec 06 21:02:53.005 INFO Builder did not return a payload        parent_hash: 0x568da83b877f5f73617a2c79e6e205fc72fd9829dc3b6e7bfa7015a6a7f85786, local_block_hash: 0x14fe3b01af30719b1203d6aa52c7e8f438711b2f293fd9d938752c7d7d6b7599, info: falling back to local execution client, service: exec
Dec 06 21:02:53.089 INFO Signed block published to network via HTTP API, publish_delay_ms: 2, slot: 31
Dec 06 21:02:53.113 INFO Valid block from HTTP API               slot: 31, proposer_index: 57, root: 0x6ea6…85f8, block_delay: 86.990592ms
Dec 06 21:02:54.000 INFO Synced                                  slot: 31, block: 0x6ea6…85f8, epoch: 0, finalized_epoch: 0, finalized_root: 0x4b04…4842, exec_hash: 0x14fe…7599 (verified), peers: 2, service: slot_notifier
Dec 06 21:02:55.006 INFO Prepared beacon proposer                parent_root: 0x6ea60ad733761df2764691223fb36f432d0f6c2bd8cd1ea3bffb229b911185f8, validator: 16, prepare_slot: 33, service: beacon
Dec 06 21:02:55.006 INFO Forwarding register validator request to connected builder, count: 64
Dec 06 21:02:55.035 INFO New block received                      root: 0x92345359a532f50417429f35173bf17446812fe290c0bc703cac99fd8c6289e0, slot: 32
Dec 06 21:02:55.054 INFO Prepared beacon proposer                parent_root: 0x92345359a532f50417429f35173bf17446812fe290c0bc703cac99fd8c6289e0, validator: 16, prepare_slot: 33, service: beacon
Dec 06 21:02:56.000 INFO Synced                                  slot: 32, block: 0x9234…89e0, epoch: 1, finalized_epoch: 0, finalized_root: 0x4b04…4842, exec_hash: 0x8a2e…c6e0 (verified), peers: 2, service: slot_notifier
Dec 06 21:02:57.002 ERRO No valid eth1_data votes, `votes_to_consider` empty, outcome: casting `state.eth1_data` as eth1 vote, genesis_time: 1733518911, earliest_block_timestamp: 1733518891, lowest_block_number: 0, service: deposit_contract_rpc
Dec 06 21:02:57.002 INFO Requesting blinded header from connected builder, parent_hash: 0x8a2e91eae0b3749af31a03873e45067ee70ac52679b19cd2e6d9318372cbc6e0, pubkey: 0xabd12678c73463ecea5867a80caf256d5c5e6ba53ff188b143a4d5be83365ad257edf39eaa1ba8753c4cdf4c632ff99e, slot: Slot(33), service: exec
Dec 06 21:02:57.004 INFO Requested blinded execution payload     parent_hash: 0x8a2e91eae0b3749af31a03873e45067ee70ac52679b19cd2e6d9318372cbc6e0, local_response_ms: 1, local_fee_recipient: 0x8943545177806ed17b9f23f0a21ee5948ecaa776, relay_response_ms: 2, relay_fee_recipient: empty response, service: exec
Dec 06 21:02:57.004 INFO Builder did not return a payload        parent_hash: 0x8a2e91eae0b3749af31a03873e45067ee70ac52679b19cd2e6d9318372cbc6e0, local_block_hash: 0x421118a8802934044efe5e925ec33693fa2cfbd724b6e2347402c282c633ac43, info: falling back to local execution client, service: exec
Dec 06 21:02:57.098 INFO Signed block published to network via HTTP API, publish_delay_ms: 2, slot: 33
Dec 06 21:02:57.118 INFO Valid block from HTTP API               slot: 33, proposer_index: 16, root: 0xf448…e9df, block_delay: 96.197081ms
Dec 06 21:02:58.000 INFO Synced                                  slot: 33, block: 0xf448…e9df, epoch: 1, finalized_epoch: 0, finalized_root: 0x4b04…4842, exec_hash: 0x4211…ac43 (verified), peers: 2, service: slot_notifier
Dec 06 21:02:59.001 INFO Prepared beacon proposer                parent_root: 0xf448089c9161a5c21889bf5e0483be262c3286678ea440095e5ef9974d90e9df, validator: 11, prepare_slot: 35, service: beacon
Dec 06 21:02:59.030 INFO New block received                      root: 0x0f809ab50a0c0720591fbdff05fbe50259383f9351ea3621b837c7349f03c557, slot: 34
Dec 06 21:02:59.045 INFO Prepared beacon proposer                parent_root: 0x0f809ab50a0c0720591fbdff05fbe50259383f9351ea3621b837c7349f03c557, validator: 11, prepare_slot: 35, service: beacon
Dec 06 21:03:00.000 INFO Synced                                  slot: 34, block: 0x0f80…c557, epoch: 1, finalized_epoch: 0, finalized_root: 0x4b04…4842, exec_hash: 0xe753…bfe3 (verified), peers: 2, service: slot_notifier
Dec 06 21:03:01.002 ERRO No valid eth1_data votes, `votes_to_consider` empty, outcome: casting `state.eth1_data` as eth1 vote, genesis_time: 1733518911, earliest_block_timestamp: 1733518891, lowest_block_number: 0, service: deposit_contract_rpc
Dec 06 21:03:01.002 INFO Requesting blinded header from connected builder, parent_hash: 0xe75394e23cd427c9a2c30726502a547bceb0fb68465570fc25105110f1d3bfe3, pubkey: 0x996d10c3026b9344532b06c70a596f972a1e779a1f6106d3da9f6ba376bbf7ec82d2f52629e5dbf3f7d03b00f6b862af, slot: Slot(35), service: exec
Dec 06 21:03:01.004 INFO Requested blinded execution payload     parent_hash: 0xe75394e23cd427c9a2c30726502a547bceb0fb68465570fc25105110f1d3bfe3, local_response_ms: 2, local_fee_recipient: 0x8943545177806ed17b9f23f0a21ee5948ecaa776, relay_response_ms: 1, relay_fee_recipient: empty response, service: exec
Dec 06 21:03:01.004 INFO Builder did not return a payload        parent_hash: 0xe75394e23cd427c9a2c30726502a547bceb0fb68465570fc25105110f1d3bfe3, local_block_hash: 0x457e46b61803b2803728053c6f6ce7583161d2845d98c247295529e64944e211, info: falling back to local execution client, service: exec
Dec 06 21:03:01.024 INFO Signed block published to network via HTTP API, publish_delay_ms: 2, slot: 35
Dec 06 21:03:01.046 INFO Valid block from HTTP API               slot: 35, proposer_index: 11, root: 0x5638…e6c9, block_delay: 21.913056ms
Dec 06 21:03:02.000 INFO Synced                                  slot: 35, block: 0x5638…e6c9, epoch: 1, finalized_epoch: 0, finalized_root: 0x4b04…4842, exec_hash: 0x457e…e211 (verified), peers: 2, service: slot_notifier
Dec 06 21:03:03.001 INFO Prepared beacon proposer                parent_root: 0x563878b3543ac154f72cc37863cf835af4cc13b481af87f7dab6b45c7db1e6c9, validator: 31, prepare_slot: 37, service: beacon
Dec 06 21:03:03.108 INFO New block received                      root: 0x0809da01843d40735761cab81ba3322d516e0cd8d44a7cac44b853df019a62a6, slot: 36
Dec 06 21:03:03.132 INFO Prepared beacon proposer                parent_root: 0x0809da01843d40735761cab81ba3322d516e0cd8d44a7cac44b853df019a62a6, validator: 31, prepare_slot: 37, service: beacon
Dec 06 21:03:04.001 INFO Synced                                  slot: 36, block: 0x0809…62a6, epoch: 1, finalized_epoch: 0, finalized_root: 0x4b04…4842, exec_hash: 0x4b78…788e (verified), peers: 2, service: slot_notifier
Dec 06 21:03:05.001 INFO Prepared beacon proposer                parent_root: 0x0809da01843d40735761cab81ba3322d516e0cd8d44a7cac44b853df019a62a6, validator: 48, prepare_slot: 38, service: beacon
Dec 06 21:03:05.002 ERRO No valid eth1_data votes, `votes_to_consider` empty, outcome: casting `state.eth1_data` as eth1 vote, genesis_time: 1733518911, earliest_block_timestamp: 1733518891, lowest_block_number: 0, service: deposit_contract_rpc
Dec 06 21:03:05.002 INFO Requesting blinded header from connected builder, parent_hash: 0x4b785ad51837e3891b9ffc22e26c8f4f2ceef524c12fd87d6809243f187c788e, pubkey: 0xa804e4fa8d1391a9d078aa93985a12503b84ce4f6f1f9e70ab7fca421e1cf972538666299d4c1bfc39327b469b2db7a8, slot: Slot(37), service: exec
Dec 06 21:03:05.003 INFO Requested blinded execution payload     parent_hash: 0x4b785ad51837e3891b9ffc22e26c8f4f2ceef524c12fd87d6809243f187c788e, local_response_ms: 0, local_fee_recipient: 0x8943545177806ed17b9f23f0a21ee5948ecaa776, relay_response_ms: 1, relay_fee_recipient: empty response, service: exec
Dec 06 21:03:05.003 INFO Builder did not return a payload        parent_hash: 0x4b785ad51837e3891b9ffc22e26c8f4f2ceef524c12fd87d6809243f187c788e, local_block_hash: 0x97751c233086555e2b6e61f421ae485578faddd65861e4fa708d22754886590c, info: falling back to local execution client, service: exec
Dec 06 21:03:05.018 INFO Signed block published to network via HTTP API, publish_delay_ms: 0, slot: 37
Dec 06 21:03:05.022 INFO Valid block from HTTP API               slot: 37, proposer_index: 31, root: 0xff25…2b76, block_delay: 17.179563ms
Dec 06 21:03:05.023 INFO Prepared beacon proposer                parent_root: 0xff25633cc1e6927bd2cbf8c67f47642b9ef4c4ddf69a06beff5a844ff8b12b76, validator: 48, prepare_slot: 38, service: beacon
Dec 06 21:03:06.000 INFO Synced                                  slot: 37, block: 0xff25…2b76, epoch: 1, finalized_epoch: 0, finalized_root: 0x4b04…4842, exec_hash: 0x9775…590c (verified), peers: 2, service: slot_notifier
Dec 06 21:03:07.003 ERRO No valid eth1_data votes, `votes_to_consider` empty, outcome: casting `state.eth1_data` as eth1 vote, genesis_time: 1733518911, earliest_block_timestamp: 1733518891, lowest_block_number: 0, service: deposit_contract_rpc
Dec 06 21:03:07.003 INFO Requesting blinded header from connected builder, parent_hash: 0x97751c233086555e2b6e61f421ae485578faddd65861e4fa708d22754886590c, pubkey: 0xb63f327df68581cdc02a66c1c65e906a06a1a3a8d7a6e38f7b6da944e8e6cc2db85fced5327d8c12945ceb33018272ca, slot: Slot(38), service: exec
Dec 06 21:03:07.008 INFO Requested blinded execution payload     parent_hash: 0x97751c233086555e2b6e61f421ae485578faddd65861e4fa708d22754886590c, local_response_ms: 2, local_fee_recipient: 0x8943545177806ed17b9f23f0a21ee5948ecaa776, relay_response_ms: 5, relay_fee_recipient: empty response, service: exec
Dec 06 21:03:07.008 INFO Builder did not return a payload        parent_hash: 0x97751c233086555e2b6e61f421ae485578faddd65861e4fa708d22754886590c, local_block_hash: 0x39601f6ef6ffc7a9909882fc21557a0003228f5832a4b42fa6b10bd371b2a415, info: falling back to local execution client, service: exec
Dec 06 21:03:07.095 INFO Signed block published to network via HTTP API, publish_delay_ms: 2, slot: 38
Dec 06 21:03:07.111 INFO Valid block from HTTP API               slot: 38, proposer_index: 48, root: 0x2bbc…b606, block_delay: 93.304248ms
Dec 06 21:03:08.000 INFO Synced                                  slot: 38, block: 0x2bbc…b606, epoch: 1, finalized_epoch: 0, finalized_root: 0x4b04…4842, exec_hash: 0x3960…a415 (verified), peers: 2, service: slot_notifier
Dec 06 21:03:09.107 INFO New block received                      root: 0x0eec699e66954244e4a9367924b2c44b52df53495b3b4b10f78ce73b3fb954a2, slot: 39
Dec 06 21:03:10.000 INFO Synced                                  slot: 39, block: 0x0eec…54a2, epoch: 1, finalized_epoch: 0, finalized_root: 0x4b04…4842, exec_hash: 0x5a6d…3389 (verified), peers: 2, service: slot_notifier
Dec 06 21:03:11.001 INFO Prepared beacon proposer                parent_root: 0x0eec699e66954244e4a9367924b2c44b52df53495b3b4b10f78ce73b3fb954a2, validator: 61, prepare_slot: 41, service: beacon
Dec 06 21:03:11.108 INFO New block received                      root: 0xdad9b4c90e0b26d72c27e2b8475788e23e02508a9f32d57743eb08767c2d3ff7, slot: 40
Dec 06 21:03:11.120 INFO Prepared beacon proposer                parent_root: 0xdad9b4c90e0b26d72c27e2b8475788e23e02508a9f32d57743eb08767c2d3ff7, validator: 61, prepare_slot: 41, service: beacon
Dec 06 21:03:12.000 INFO Synced                                  slot: 40, block: 0xdad9…3ff7, epoch: 1, finalized_epoch: 0, finalized_root: 0x4b04…4842, exec_hash: 0x404b…c845 (verified), peers: 2, service: slot_notifier
Dec 06 21:03:13.003 ERRO No valid eth1_data votes, `votes_to_consider` empty, outcome: casting `state.eth1_data` as eth1 vote, genesis_time: 1733518911, earliest_block_timestamp: 1733518891, lowest_block_number: 0, service: deposit_contract_rpc
Dec 06 21:03:13.003 INFO Requesting blinded header from connected builder, parent_hash: 0x404b45d2cfd6601b64a800ca46eba1c54159840b44dd158ad695996d972ac845, pubkey: 0x86e014747c7922ccfc2b9d4bf6c1ecf0dc800197037858d0b85ab1944b4c3c14b95e0ed325bc42a6f467bc47ec27bc7b, slot: Slot(41), service: exec
Dec 06 21:03:13.005 INFO Requested blinded execution payload     parent_hash: 0x404b45d2cfd6601b64a800ca46eba1c54159840b44dd158ad695996d972ac845, local_response_ms: 0, local_fee_recipient: 0x8943545177806ed17b9f23f0a21ee5948ecaa776, relay_response_ms: 2, relay_fee_recipient: empty response, service: exec
Dec 06 21:03:13.005 INFO Builder did not return a payload        parent_hash: 0x404b45d2cfd6601b64a800ca46eba1c54159840b44dd158ad695996d972ac845, local_block_hash: 0x045097f30470c4468281743303b47dbbdd1a90d2992ea9fbbd7dcaa7ca10783a, info: falling back to local execution client, service: exec
Dec 06 21:03:13.098 INFO Signed block published to network via HTTP API, publish_delay_ms: 1, slot: 41
Dec 06 21:03:13.107 INFO Valid block from HTTP API               slot: 41, proposer_index: 61, root: 0x4cd4…3356, block_delay: 97.472564ms
Dec 06 21:03:14.000 INFO Synced                                  slot: 41, block: 0x4cd4…3356, epoch: 1, finalized_epoch: 0, finalized_root: 0x4b04…4842, exec_hash: 0x0450…783a (verified), peers: 2, service: slot_notifier
Dec 06 21:03:15.107 INFO New block received                      root: 0x230d60407b968f44b0111b3edef3a3a4f491775366c69076dbc3267e9f7fafd6, slot: 42
Dec 06 21:03:16.000 INFO Synced                                  slot: 42, block: 0x230d…afd6, epoch: 1, finalized_epoch: 0, finalized_root: 0x4b04…4842, exec_hash: 0x1f04…7aa6 (verified), peers: 2, service: slot_notifier
Dec 06 21:03:17.110 INFO New block received                      root: 0x36546cbc1804570bd38664174c014154d199f15a3bf7fa728cf4def1e4e92b2d, slot: 43
Dec 06 21:03:18.000 INFO Synced                                  slot: 43, block: 0x3654…2b2d, epoch: 1, finalized_epoch: 0, finalized_root: 0x4b04…4842, exec_hash: 0x9087…f1e9 (verified), peers: 2, service: slot_notifier
Dec 06 21:03:19.001 INFO Prepared beacon proposer                parent_root: 0x36546cbc1804570bd38664174c014154d199f15a3bf7fa728cf4def1e4e92b2d, validator: 58, prepare_slot: 45, service: beacon
Dec 06 21:03:19.039 INFO New block received                      root: 0x13c021d8cb2bf00559ef601e2cb96a87b6529d67c4de5e1d12c06acea90bc55c, slot: 44
Dec 06 21:03:19.067 INFO Prepared beacon proposer                parent_root: 0x13c021d8cb2bf00559ef601e2cb96a87b6529d67c4de5e1d12c06acea90bc55c, validator: 58, prepare_slot: 45, service: beacon
Dec 06 21:03:20.001 INFO Synced                                  slot: 44, block: 0x13c0…c55c, epoch: 1, finalized_epoch: 0, finalized_root: 0x4b04…4842, exec_hash: 0x9160…9c51 (verified), peers: 2, service: slot_notifier
Dec 06 21:03:21.004 INFO Prepared beacon proposer                parent_root: 0x13c021d8cb2bf00559ef601e2cb96a87b6529d67c4de5e1d12c06acea90bc55c, validator: 8, prepare_slot: 46, service: beacon
Dec 06 21:03:21.005 ERRO No valid eth1_data votes, `votes_to_consider` empty, outcome: casting `state.eth1_data` as eth1 vote, genesis_time: 1733518911, earliest_block_timestamp: 1733518891, lowest_block_number: 0, service: deposit_contract_rpc
Dec 06 21:03:21.006 INFO Requesting blinded header from connected builder, parent_hash: 0x9160794b98ff87944448d3e95a8ae7774ba5562f9d20701f38b6cf0527369c51, pubkey: 0x896a51e0b0de0f29029af38b796db1f1e6d0f9f9085ade40a313a60cb723fa3d58f6587175570086c4fbf0fe5331f1c8, slot: Slot(45), service: exec
Dec 06 21:03:21.010 INFO Requested blinded execution payload     parent_hash: 0x9160794b98ff87944448d3e95a8ae7774ba5562f9d20701f38b6cf0527369c51, local_response_ms: 3, local_fee_recipient: 0x8943545177806ed17b9f23f0a21ee5948ecaa776, relay_response_ms: 2, relay_fee_recipient: empty response, service: exec
Dec 06 21:03:21.011 INFO Builder did not return a payload        parent_hash: 0x9160794b98ff87944448d3e95a8ae7774ba5562f9d20701f38b6cf0527369c51, local_block_hash: 0x4ad3d99ff3f68520186eef5b1ad86f52d46a581f58100c3bb2aa06a5023aa554, info: falling back to local execution client, service: exec
Dec 06 21:03:21.101 INFO Signed block published to network via HTTP API, publish_delay_ms: 2, slot: 45
Dec 06 21:03:21.164 INFO Valid block from HTTP API               slot: 45, proposer_index: 58, root: 0x190a…15ef, block_delay: 98.498478ms
Dec 06 21:03:21.172 INFO Prepared beacon proposer                parent_root: 0x190ac8eb88cf8e5d221b7e1c4700b3d9941573c28079e39b54acfd2167ee15ef, validator: 8, prepare_slot: 46, service: beacon
Dec 06 21:03:22.001 INFO Synced                                  slot: 45, block: 0x190a…15ef, epoch: 1, finalized_epoch: 0, finalized_root: 0x4b04…4842, exec_hash: 0x4ad3…a554 (verified), peers: 2, service: slot_notifier
Dec 06 21:03:23.006 INFO Prepared beacon proposer                parent_root: 0x190ac8eb88cf8e5d221b7e1c4700b3d9941573c28079e39b54acfd2167ee15ef, validator: 1, prepare_slot: 47, service: beacon
Dec 06 21:03:23.007 ERRO No valid eth1_data votes, `votes_to_consider` empty, outcome: casting `state.eth1_data` as eth1 vote, genesis_time: 1733518911, earliest_block_timestamp: 1733518891, lowest_block_number: 0, service: deposit_contract_rpc
Dec 06 21:03:23.007 INFO Requesting blinded header from connected builder, parent_hash: 0x4ad3d99ff3f68520186eef5b1ad86f52d46a581f58100c3bb2aa06a5023aa554, pubkey: 0xb72cb106b7bc1ecae219e0ae1830a509ed18a042b56a2779f4033419de69ba8ae8017090caed1f5377bfa68506157360, slot: Slot(46), service: exec
Dec 06 21:03:23.009 INFO Requested blinded execution payload     parent_hash: 0x4ad3d99ff3f68520186eef5b1ad86f52d46a581f58100c3bb2aa06a5023aa554, local_response_ms: 0, local_fee_recipient: 0x8943545177806ed17b9f23f0a21ee5948ecaa776, relay_response_ms: 2, relay_fee_recipient: empty response, service: exec
Dec 06 21:03:23.009 INFO Builder did not return a payload        parent_hash: 0x4ad3d99ff3f68520186eef5b1ad86f52d46a581f58100c3bb2aa06a5023aa554, local_block_hash: 0x0e577d87246a12795a48f8a16b8d5bc934e20e7b6fd5b523199235493ff98a05, info: falling back to local execution client, service: exec
Dec 06 21:03:23.099 INFO Signed block published to network via HTTP API, publish_delay_ms: 1, slot: 46
Dec 06 21:03:23.109 INFO Valid block from HTTP API               slot: 46, proposer_index: 8, root: 0x5700…e678, block_delay: 98.483331ms
Dec 06 21:03:23.112 INFO Prepared beacon proposer                parent_root: 0x570050be782f62d5bfab9799d0cacc3b7588abb64b74ad1f797e863b0d10e678, validator: 1, prepare_slot: 47, service: beacon
Dec 06 21:03:24.000 INFO Synced                                  slot: 46, block: 0x5700…e678, epoch: 1, finalized_epoch: 0, finalized_root: 0x4b04…4842, exec_hash: 0x0e57…8a05 (verified), peers: 2, service: slot_notifier
Dec 06 21:03:25.002 INFO Prepared beacon proposer                parent_root: 0x570050be782f62d5bfab9799d0cacc3b7588abb64b74ad1f797e863b0d10e678, validator: 60, prepare_slot: 48, service: beacon
Dec 06 21:03:25.005 ERRO No valid eth1_data votes, `votes_to_consider` empty, outcome: casting `state.eth1_data` as eth1 vote, genesis_time: 1733518911, earliest_block_timestamp: 1733518891, lowest_block_number: 0, service: deposit_contract_rpc
Dec 06 21:03:25.005 INFO Requesting blinded header from connected builder, parent_hash: 0x0e577d87246a12795a48f8a16b8d5bc934e20e7b6fd5b523199235493ff98a05, pubkey: 0x8aa5bbee21e98c7b9e7a4c8ea45aa99f89e22992fa4fc2d73869d77da4cc8a05b25b61931ff521986677dd7f7159e8e6, slot: Slot(47), service: exec
Dec 06 21:03:25.010 INFO Requested blinded execution payload     parent_hash: 0x0e577d87246a12795a48f8a16b8d5bc934e20e7b6fd5b523199235493ff98a05, local_response_ms: 4, local_fee_recipient: 0x8943545177806ed17b9f23f0a21ee5948ecaa776, relay_response_ms: 4, relay_fee_recipient: empty response, service: exec
Dec 06 21:03:25.010 INFO Builder did not return a payload        parent_hash: 0x0e577d87246a12795a48f8a16b8d5bc934e20e7b6fd5b523199235493ff98a05, local_block_hash: 0x6acbaa9b5dd689792f19e886f0d3310de9e8e1204279a98115a85fdfcbd8ae80, info: falling back to local execution client, service: exec
Dec 06 21:03:25.104 INFO Signed block published to network via HTTP API, publish_delay_ms: 2, slot: 47
Dec 06 21:03:25.141 INFO Valid block from HTTP API               slot: 47, proposer_index: 1, root: 0x58d8…7fad, block_delay: 102.393105ms
Dec 06 21:03:25.146 INFO Prepared beacon proposer                parent_root: 0x58d84ceef725aa905e921625a0e232399824972fd74b46be0ffdeb14b65e7fad, validator: 60, prepare_slot: 48, service: beacon
Dec 06 21:03:26.001 INFO Synced                                  slot: 47, block: 0x58d8…7fad, epoch: 1, finalized_epoch: 0, finalized_root: 0x4b04…4842, exec_hash: 0x6acb…ae80 (verified), peers: 2, service: slot_notifier
Dec 06 21:03:27.004 ERRO No valid eth1_data votes, `votes_to_consider` empty, outcome: casting `state.eth1_data` as eth1 vote, genesis_time: 1733518911, earliest_block_timestamp: 1733518891, lowest_block_number: 0, service: deposit_contract_rpc
Dec 06 21:03:27.004 INFO Requesting blinded header from connected builder, parent_hash: 0x6acbaa9b5dd689792f19e886f0d3310de9e8e1204279a98115a85fdfcbd8ae80, pubkey: 0x8fda66b8607af873f4c2c8218dd3ffc7940d411047eb199b5cd010156af4845d21dd2e65b0e44cfffb5e78271e9bb29d, slot: Slot(48), service: exec
Dec 06 21:03:27.010 INFO Requested blinded execution payload     parent_hash: 0x6acbaa9b5dd689792f19e886f0d3310de9e8e1204279a98115a85fdfcbd8ae80, local_response_ms: 1, local_fee_recipient: 0x8943545177806ed17b9f23f0a21ee5948ecaa776, relay_response_ms: 5, relay_fee_recipient: empty response, service: exec
Dec 06 21:03:27.010 INFO Builder did not return a payload        parent_hash: 0x6acbaa9b5dd689792f19e886f0d3310de9e8e1204279a98115a85fdfcbd8ae80, local_block_hash: 0x3c6335a85b48cf7f485413d306cabb4958522bbdcb6729104aa028ed213db385, info: falling back to local execution client, service: exec
Dec 06 21:03:27.102 INFO Signed block published to network via HTTP API, publish_delay_ms: 1, slot: 48
Dec 06 21:03:27.111 INFO Valid block from HTTP API               slot: 48, proposer_index: 60, root: 0x2492…2f8e, block_delay: 100.922557ms
Dec 06 21:03:28.000 INFO Synced                                  slot: 48, block: 0x2492…2f8e, epoch: 1, finalized_epoch: 0, finalized_root: 0x4b04…4842, exec_hash: 0x3c63…b385 (verified), peers: 2, service: slot_notifier
Dec 06 21:03:29.004 INFO Prepared beacon proposer                parent_root: 0x2492359752bacb6bd290974ebddcb37574d9dc0bd5a509b6f2093dd1b4362f8e, validator: 44, prepare_slot: 50, service: beacon
Dec 06 21:03:29.038 INFO New block received                      root: 0x16d6368e13948b35d69b033b8a3323c8ac3f7f587b4fd2856b586f203d4b7e46, slot: 49
Dec 06 21:03:29.050 INFO Prepared beacon proposer                parent_root: 0x16d6368e13948b35d69b033b8a3323c8ac3f7f587b4fd2856b586f203d4b7e46, validator: 44, prepare_slot: 50, service: beacon
Dec 06 21:03:30.000 INFO Synced                                  slot: 49, block: 0x16d6…7e46, epoch: 1, finalized_epoch: 0, finalized_root: 0x4b04…4842, exec_hash: 0xbb3e…014c (verified), peers: 2, service: slot_notifier
Dec 06 21:03:31.003 ERRO No valid eth1_data votes, `votes_to_consider` empty, outcome: casting `state.eth1_data` as eth1 vote, genesis_time: 1733518911, earliest_block_timestamp: 1733518891, lowest_block_number: 0, service: deposit_contract_rpc
Dec 06 21:03:31.004 INFO Requesting blinded header from connected builder, parent_hash: 0xbb3e7b8446c407c1ff248131cc4969f90410897986044986027c54e7a3ce014c, pubkey: 0xa8fa3584a92b079c8c73ed1553e5e161a0b21325fc2fc4e24a892354a899c7fc0bfb436a97a7ed1fc71bccda438ea715, slot: Slot(50), service: exec
Dec 06 21:03:31.009 INFO Requested blinded execution payload     parent_hash: 0xbb3e7b8446c407c1ff248131cc4969f90410897986044986027c54e7a3ce014c, local_response_ms: 2, local_fee_recipient: 0x8943545177806ed17b9f23f0a21ee5948ecaa776, relay_response_ms: 5, relay_fee_recipient: empty response, service: exec
Dec 06 21:03:31.009 INFO Builder did not return a payload        parent_hash: 0xbb3e7b8446c407c1ff248131cc4969f90410897986044986027c54e7a3ce014c, local_block_hash: 0xc9ca8a78d54c0455da275d8b84d1f77b81a255468307b9c0b78291f09d61af33, info: falling back to local execution client, service: exec
Dec 06 21:03:31.093 INFO Signed block published to network via HTTP API, publish_delay_ms: 1, slot: 50
Dec 06 21:03:31.100 INFO Valid block from HTTP API               slot: 50, proposer_index: 44, root: 0xb341…a684, block_delay: 92.307262ms
Dec 06 21:03:32.000 INFO Synced                                  slot: 50, block: 0xb341…a684, epoch: 1, finalized_epoch: 0, finalized_root: 0x4b04…4842, exec_hash: 0xc9ca…af33 (verified), peers: 2, service: slot_notifier
Dec 06 21:03:33.002 INFO Prepared beacon proposer                parent_root: 0xb341ffba52d51f0ff2a6d544ac498f738aaec5a728a956539f66b6f594a5a684, validator: 5, prepare_slot: 52, service: beacon
Dec 06 21:03:33.038 INFO New block received                      root: 0x55e46c3ac20b84ee690b96c8377fe82bd266fed954e5db91cca94f4d8bdb3e97, slot: 51
Dec 06 21:03:33.051 INFO Prepared beacon proposer                parent_root: 0x55e46c3ac20b84ee690b96c8377fe82bd266fed954e5db91cca94f4d8bdb3e97, validator: 5, prepare_slot: 52, service: beacon
Dec 06 21:03:34.000 INFO Synced                                  slot: 51, block: 0x55e4…3e97, epoch: 1, finalized_epoch: 0, finalized_root: 0x4b04…4842, exec_hash: 0x8419…7eb5 (verified), peers: 2, service: slot_notifier
Dec 06 21:03:35.004 ERRO No valid eth1_data votes, `votes_to_consider` empty, outcome: casting `state.eth1_data` as eth1 vote, genesis_time: 1733518911, earliest_block_timestamp: 1733518891, lowest_block_number: 0, service: deposit_contract_rpc
Dec 06 21:03:35.004 INFO Requesting blinded header from connected builder, parent_hash: 0x8419d68d6e58ea64d5cd9f3540db6bb05106a5966a7e8c2bd78168e9bb8e7eb5, pubkey: 0xa54fe5c26059ed60b4f0b66ef7b0bf167580504525f83c169507dc812816df41b1da6128341c23977300dffd32a32f41, slot: Slot(52), service: exec
Dec 06 21:03:35.008 INFO Requested blinded execution payload     parent_hash: 0x8419d68d6e58ea64d5cd9f3540db6bb05106a5966a7e8c2bd78168e9bb8e7eb5, local_response_ms: 1, local_fee_recipient: 0x8943545177806ed17b9f23f0a21ee5948ecaa776, relay_response_ms: 3, relay_fee_recipient: empty response, service: exec
Dec 06 21:03:35.008 INFO Builder did not return a payload        parent_hash: 0x8419d68d6e58ea64d5cd9f3540db6bb05106a5966a7e8c2bd78168e9bb8e7eb5, local_block_hash: 0x5765feba3f41e1c30383899bb5b8e1ed8d080f60d21331dd378625b32a0d4d2a, info: falling back to local execution client, service: exec
Dec 06 21:03:35.095 INFO Signed block published to network via HTTP API, publish_delay_ms: 1, slot: 52
Dec 06 21:03:35.105 INFO Valid block from HTTP API               slot: 52, proposer_index: 5, root: 0x2d35…e3d5, block_delay: 94.463352ms
Dec 06 21:03:36.000 INFO Synced                                  slot: 52, block: 0x2d35…e3d5, epoch: 1, finalized_epoch: 0, finalized_root: 0x4b04…4842, exec_hash: 0x5765…4d2a (verified), peers: 2, service: slot_notifier
Dec 06 21:03:37.120 INFO New block received                      root: 0x17b49befd2c99b6173624d0ce4afd0eb92810bb0764da373b492b869f74471d2, slot: 53
Dec 06 21:03:38.000 INFO Synced                                  slot: 53, block: 0x17b4…71d2, epoch: 1, finalized_epoch: 0, finalized_root: 0x4b04…4842, exec_hash: 0x2c51…99f4 (verified), peers: 2, service: slot_notifier
Dec 06 21:03:39.112 INFO New block received                      root: 0xbc686df608fde187c4d2742842640c4a5ae106ddb1619858e25f6955a7a8c7c9, slot: 54
Dec 06 21:03:40.000 INFO Synced                                  slot: 54, block: 0xbc68…c7c9, epoch: 1, finalized_epoch: 0, finalized_root: 0x4b04…4842, exec_hash: 0x0f0b…18e5 (verified), peers: 2, service: slot_notifier
Dec 06 21:03:41.002 INFO Prepared beacon proposer                parent_root: 0xbc686df608fde187c4d2742842640c4a5ae106ddb1619858e25f6955a7a8c7c9, validator: 15, prepare_slot: 56, service: beacon
Dec 06 21:03:41.038 INFO New block received                      root: 0x1020c679ec0f8b61a4aa8473fd1ec851b5a1e59d9dbbedd7b22d23fe44d3d3d3, slot: 55
Dec 06 21:03:41.068 INFO Prepared beacon proposer                parent_root: 0x1020c679ec0f8b61a4aa8473fd1ec851b5a1e59d9dbbedd7b22d23fe44d3d3d3, validator: 15, prepare_slot: 56, service: beacon
Dec 06 21:03:42.000 INFO Synced                                  slot: 55, block: 0x1020…d3d3, epoch: 1, finalized_epoch: 0, finalized_root: 0x4b04…4842, exec_hash: 0x0782…82c1 (verified), peers: 2, service: slot_notifier
Dec 06 21:03:43.002 INFO Prepared beacon proposer                parent_root: 0x1020c679ec0f8b61a4aa8473fd1ec851b5a1e59d9dbbedd7b22d23fe44d3d3d3, validator: 47, prepare_slot: 57, service: beacon
Dec 06 21:03:43.002 ERRO No valid eth1_data votes, `votes_to_consider` empty, outcome: casting `state.eth1_data` as eth1 vote, genesis_time: 1733518911, earliest_block_timestamp: 1733518891, lowest_block_number: 0, service: deposit_contract_rpc
Dec 06 21:03:43.002 INFO Requesting blinded header from connected builder, parent_hash: 0x07824c5c1b911205c7db037ad07061fb6748c30d5f7518e55ec1a996417482c1, pubkey: 0xafa10af166a0dbf3a25ff86cd6f8e44cccc818c5e70cd70e4e98e226b158f3563450b3fb184d2649adbb11e53080d1ca, slot: Slot(56), service: exec
Dec 06 21:03:43.004 INFO Requested blinded execution payload     parent_hash: 0x07824c5c1b911205c7db037ad07061fb6748c30d5f7518e55ec1a996417482c1, local_response_ms: 0, local_fee_recipient: 0x8943545177806ed17b9f23f0a21ee5948ecaa776, relay_response_ms: 2, relay_fee_recipient: empty response, service: exec
Dec 06 21:03:43.004 INFO Builder did not return a payload        parent_hash: 0x07824c5c1b911205c7db037ad07061fb6748c30d5f7518e55ec1a996417482c1, local_block_hash: 0x90ad9275269598e1ec8d93a9eb586321d04e87eefef44c1947c9b38af306b005, info: falling back to local execution client, service: exec
Dec 06 21:03:43.022 INFO Signed block published to network via HTTP API, publish_delay_ms: 1, slot: 56
Dec 06 21:03:43.030 INFO Valid block from HTTP API               slot: 56, proposer_index: 15, root: 0x4963…acfb, block_delay: 21.10112ms
Dec 06 21:03:43.032 INFO Prepared beacon proposer                parent_root: 0x4963a330ae723578336b7db0523de1e8d4711254ebb32dfc976fee45bff1acfb, validator: 47, prepare_slot: 57, service: beacon
Dec 06 21:03:44.000 INFO Synced                                  slot: 56, block: 0x4963…acfb, epoch: 1, finalized_epoch: 0, finalized_root: 0x4b04…4842, exec_hash: 0x90ad…b005 (verified), peers: 2, service: slot_notifier
Dec 06 21:03:45.001 ERRO No valid eth1_data votes, `votes_to_consider` empty, outcome: casting `state.eth1_data` as eth1 vote, genesis_time: 1733518911, earliest_block_timestamp: 1733518891, lowest_block_number: 0, service: deposit_contract_rpc
Dec 06 21:03:45.001 INFO Requesting blinded header from connected builder, parent_hash: 0x90ad9275269598e1ec8d93a9eb586321d04e87eefef44c1947c9b38af306b005, pubkey: 0xa62c0205fb22df8535c0b70076486e69dfa908feddae79e4a94a9d47b97ed190d228e1c6217e84a59882bb992dacae30, slot: Slot(57), service: exec
Dec 06 21:03:45.003 INFO Requested blinded execution payload     parent_hash: 0x90ad9275269598e1ec8d93a9eb586321d04e87eefef44c1947c9b38af306b005, local_response_ms: 0, local_fee_recipient: 0x8943545177806ed17b9f23f0a21ee5948ecaa776, relay_response_ms: 1, relay_fee_recipient: empty response, service: exec
Dec 06 21:03:45.003 INFO Builder did not return a payload        parent_hash: 0x90ad9275269598e1ec8d93a9eb586321d04e87eefef44c1947c9b38af306b005, local_block_hash: 0x79de4dae211d2b1594b7ce43bd41dfda753f4b6d96452fb6c6b2aea8c5949b21, info: falling back to local execution client, service: exec
Dec 06 21:03:45.020 INFO Signed block published to network via HTTP API, publish_delay_ms: 1, slot: 57
Dec 06 21:03:45.027 INFO Valid block from HTTP API               slot: 57, proposer_index: 47, root: 0xe254…2b61, block_delay: 19.479238ms
Dec 06 21:03:46.000 INFO Synced                                  slot: 57, block: 0xe254…2b61, epoch: 1, finalized_epoch: 0, finalized_root: 0x4b04…4842, exec_hash: 0x79de…9b21 (verified), peers: 2, service: slot_notifier
Dec 06 21:03:47.024 INFO New block received                      root: 0xf2819b6acda063d96a067c249990e7238cf609272dca7c4243662671109fc274, slot: 58
Dec 06 21:03:48.000 INFO Synced                                  slot: 58, block: 0xf281…c274, epoch: 1, finalized_epoch: 0, finalized_root: 0x4b04…4842, exec_hash: 0x4b81…15a3 (verified), peers: 2, service: slot_notifier
Dec 06 21:03:49.029 INFO New block received                      root: 0xf9ec327d7228dd3ed65426363871bc97daf035d33aae42dfc04930cbcd612736, slot: 59
Dec 06 21:03:50.000 INFO Synced                                  slot: 59, block: 0xf9ec…2736, epoch: 1, finalized_epoch: 0, finalized_root: 0x4b04…4842, exec_hash: 0xfb9b…0b52 (verified), peers: 2, service: slot_notifier
Dec 06 21:03:51.001 INFO Prepared beacon proposer                parent_root: 0xf9ec327d7228dd3ed65426363871bc97daf035d33aae42dfc04930cbcd612736, validator: 33, prepare_slot: 61, service: beacon
Dec 06 21:03:51.029 INFO New block received                      root: 0x6267a28ec1c2ecc8ed01090fc4d85361e69a558aea06db2d582979bb0e95ff97, slot: 60
Dec 06 21:03:51.037 INFO Prepared beacon proposer                parent_root: 0x6267a28ec1c2ecc8ed01090fc4d85361e69a558aea06db2d582979bb0e95ff97, validator: 33, prepare_slot: 61, service: beacon
Dec 06 21:03:52.000 INFO Synced                                  slot: 60, block: 0x6267…ff97, epoch: 1, finalized_epoch: 0, finalized_root: 0x4b04…4842, exec_hash: 0xdb1b…8e70 (verified), peers: 2, service: slot_notifier
Dec 06 21:03:53.002 INFO Prepared beacon proposer                parent_root: 0x6267a28ec1c2ecc8ed01090fc4d85361e69a558aea06db2d582979bb0e95ff97, validator: 4, prepare_slot: 62, service: beacon
Dec 06 21:03:53.004 ERRO No valid eth1_data votes, `votes_to_consider` empty, outcome: casting `state.eth1_data` as eth1 vote, genesis_time: 1733518911, earliest_block_timestamp: 1733518891, lowest_block_number: 0, service: deposit_contract_rpc
Dec 06 21:03:53.004 INFO Requesting blinded header from connected builder, parent_hash: 0xdb1bb9e913d72107feef6be2917d87d4c04f04350bc09081d2564d8ccf338e70, pubkey: 0x8dfa86c051edd28c3554a30e40531c898e5936ad3002711616ddd1b27054bc39caedd505a200c3d23a1c3f6b26c50ae9, slot: Slot(61), service: exec
Dec 06 21:03:53.010 INFO Requested blinded execution payload     parent_hash: 0xdb1bb9e913d72107feef6be2917d87d4c04f04350bc09081d2564d8ccf338e70, local_response_ms: 1, local_fee_recipient: 0x8943545177806ed17b9f23f0a21ee5948ecaa776, relay_response_ms: 5, relay_fee_recipient: empty response, service: exec
Dec 06 21:03:53.010 INFO Builder did not return a payload        parent_hash: 0xdb1bb9e913d72107feef6be2917d87d4c04f04350bc09081d2564d8ccf338e70, local_block_hash: 0x47f3b4df9b4db0bd90a2e31ea904cae67803cde60fc314e7f95d3714b596802b, info: falling back to local execution client, service: exec
Dec 06 21:03:53.097 INFO Signed block published to network via HTTP API, publish_delay_ms: 1, slot: 61
Dec 06 21:03:53.108 INFO Valid block from HTTP API               slot: 61, proposer_index: 33, root: 0xadda…6ee1, block_delay: 96.034856ms
Dec 06 21:03:53.111 INFO Prepared beacon proposer                parent_root: 0xadda98325367dd957f12c58ca3637796f4175bca3c5bb21514b074c2c4c16ee1, validator: 4, prepare_slot: 62, service: beacon
Dec 06 21:03:54.000 INFO Synced                                  slot: 61, block: 0xadda…6ee1, epoch: 1, finalized_epoch: 0, finalized_root: 0x4b04…4842, exec_hash: 0x47f3…802b (verified), peers: 2, service: slot_notifier
Dec 06 21:03:55.004 ERRO No valid eth1_data votes, `votes_to_consider` empty, outcome: casting `state.eth1_data` as eth1 vote, genesis_time: 1733518911, earliest_block_timestamp: 1733518891, lowest_block_number: 0, service: deposit_contract_rpc
Dec 06 21:03:55.005 INFO Requesting blinded header from connected builder, parent_hash: 0x47f3b4df9b4db0bd90a2e31ea904cae67803cde60fc314e7f95d3714b596802b, pubkey: 0xac69ae9e6c385a368df71d11ac68f45f05e005306df3c2bf98ed3577708256bd97f8c09d3f72115444077a9bb711d8d1, slot: Slot(62), service: exec
Dec 06 21:03:55.009 INFO Requested blinded execution payload     parent_hash: 0x47f3b4df9b4db0bd90a2e31ea904cae67803cde60fc314e7f95d3714b596802b, local_response_ms: 2, local_fee_recipient: 0x8943545177806ed17b9f23f0a21ee5948ecaa776, relay_response_ms: 4, relay_fee_recipient: empty response, service: exec
Dec 06 21:03:55.009 INFO Builder did not return a payload        parent_hash: 0x47f3b4df9b4db0bd90a2e31ea904cae67803cde60fc314e7f95d3714b596802b, local_block_hash: 0xce4fc6be9451a86e645b53086cbae41e38dd02578e41abc4317c6553faebd564, info: falling back to local execution client, service: exec
Dec 06 21:03:55.103 INFO Signed block published to network via HTTP API, publish_delay_ms: 1, slot: 62
Dec 06 21:03:55.129 INFO Valid block from HTTP API               slot: 62, proposer_index: 4, root: 0xd6a4…66aa, block_delay: 101.926421ms
Dec 06 21:03:56.000 INFO Synced                                  slot: 62, block: 0xd6a4…66aa, epoch: 1, finalized_epoch: 0, finalized_root: 0x4b04…4842, exec_hash: 0xce4f…d564 (verified), peers: 2, service: slot_notifier
Dec 06 21:03:57.106 INFO New block received                      root: 0xe241731f92c118c59d772b072f704abb10fc39cc69f64b0e4e17e88ddc02be98, slot: 63
Dec 06 21:03:58.000 INFO Synced                                  slot: 63, block: 0xe241…be98, epoch: 1, finalized_epoch: 0, finalized_root: 0x4b04…4842, exec_hash: 0x5bfa…0d75 (verified), peers: 2, service: slot_notifier
Dec 06 21:03:59.009 INFO Prepared beacon proposer                parent_root: 0xe241731f92c118c59d772b072f704abb10fc39cc69f64b0e4e17e88ddc02be98, validator: 25, prepare_slot: 65, service: beacon
Dec 06 21:03:59.009 INFO Forwarding register validator request to connected builder, count: 64
Dec 06 21:03:59.151 INFO Signed block published to network via HTTP API, publish_delay_ms: 13, slot: 64
Dec 06 21:03:59.218 INFO Valid block from HTTP API               slot: 64, proposer_index: 66, root: 0x8524…94ee, block_delay: 138.892128ms
Dec 06 21:03:59.232 INFO Prepared beacon proposer                parent_root: 0x8524596e4eca04a0791cbe644a6d0132146faee5e2d6a8c638f3b57044c494ee, validator: 25, prepare_slot: 65, service: beacon
Dec 06 21:04:00.001 INFO Synced                                  slot: 64, block: 0x8524…94ee, epoch: 2, finalized_epoch: 0, finalized_root: 0x4b04…4842, exec_hash: 0xed08…d554 (verified), peers: 2, service: slot_notifier
Dec 06 21:04:01.004 ERRO No valid eth1_data votes, `votes_to_consider` empty, outcome: casting `state.eth1_data` as eth1 vote, genesis_time: 1733518911, earliest_block_timestamp: 1733518891, lowest_block_number: 0, service: deposit_contract_rpc
Dec 06 21:04:01.005 INFO Requesting blinded header from connected builder, parent_hash: 0xed08923d45eda4ec040c468de0c955c6f0ad33c4a7ec0bd3e7845f08ecefd554, pubkey: 0x8de5a6200cebb09b2198e69fed84bcd512ec5cf317c5f1ee99aad03d2a9a8564bf3807c08da2664222268d59c34a06e4, slot: Slot(65), service: exec
Dec 06 21:04:01.010 INFO Requested blinded execution payload     parent_hash: 0xed08923d45eda4ec040c468de0c955c6f0ad33c4a7ec0bd3e7845f08ecefd554, local_response_ms: 1, local_fee_recipient: 0x8943545177806ed17b9f23f0a21ee5948ecaa776, relay_response_ms: 5, relay_fee_recipient: empty response, service: exec
Dec 06 21:04:01.010 INFO Builder did not return a payload        parent_hash: 0xed08923d45eda4ec040c468de0c955c6f0ad33c4a7ec0bd3e7845f08ecefd554, local_block_hash: 0x256bb14cb668ffdc8e521cbddd4e0b88897a147d6b8d39c96d30508cc5083858, info: falling back to local execution client, service: exec
Dec 06 21:04:01.102 INFO Signed block published to network via HTTP API, publish_delay_ms: 1, slot: 65
Dec 06 21:04:01.113 INFO Valid block from HTTP API               slot: 65, proposer_index: 25, root: 0xab8d…d0c6, block_delay: 100.838834ms
Dec 06 21:04:02.000 INFO Synced                                  slot: 65, block: 0xab8d…d0c6, epoch: 2, finalized_epoch: 0, finalized_root: 0x4b04…4842, exec_hash: 0x256b…3858 (verified), peers: 2, service: slot_notifier
Dec 06 21:04:03.002 INFO Prepared beacon proposer                parent_root: 0xab8da9529364c3568d0e3104a4d8011ebaf62537d21ecb8395f68a022188d0c6, validator: 30, prepare_slot: 67, service: beacon
Dec 06 21:04:03.106 INFO New block received                      root: 0xfc9db247e8910e07fdc61e2cc07bd2182e9ee50087bffc6a9d9168c6f3fd3445, slot: 66
Dec 06 21:04:03.119 INFO Prepared beacon proposer                parent_root: 0xfc9db247e8910e07fdc61e2cc07bd2182e9ee50087bffc6a9d9168c6f3fd3445, validator: 30, prepare_slot: 67, service: beacon
Dec 06 21:04:04.000 INFO Synced                                  slot: 66, block: 0xfc9d…3445, epoch: 2, finalized_epoch: 0, finalized_root: 0x4b04…4842, exec_hash: 0x57d7…a533 (verified), peers: 2, service: slot_notifier
Dec 06 21:04:05.004 ERRO No valid eth1_data votes, `votes_to_consider` empty, outcome: casting `state.eth1_data` as eth1 vote, genesis_time: 1733518911, earliest_block_timestamp: 1733518891, lowest_block_number: 0, service: deposit_contract_rpc
Dec 06 21:04:05.005 INFO Requesting blinded header from connected builder, parent_hash: 0x57d73417d50ac2f4ed4546c2d4029d57bdab2a3857479532e8d427d20fbca533, pubkey: 0x81ea9f74ef7d935b807474e38954ae3934856219a23e074954b2e860c5a3c400f9aedb42cd27cb4ceb697ca36d1e58cb, slot: Slot(67), service: exec
Dec 06 21:04:05.009 INFO Requested blinded execution payload     parent_hash: 0x57d73417d50ac2f4ed4546c2d4029d57bdab2a3857479532e8d427d20fbca533, local_response_ms: 2, local_fee_recipient: 0x8943545177806ed17b9f23f0a21ee5948ecaa776, relay_response_ms: 4, relay_fee_recipient: empty response, service: exec
Dec 06 21:04:05.009 INFO Builder did not return a payload        parent_hash: 0x57d73417d50ac2f4ed4546c2d4029d57bdab2a3857479532e8d427d20fbca533, local_block_hash: 0x2fb6592fd073eda6a4d59b541faece62a081e898518d5fa36c59972f171aa4d1, info: falling back to local execution client, service: exec
Dec 06 21:04:05.097 INFO Signed block published to network via HTTP API, publish_delay_ms: 1, slot: 67
Dec 06 21:04:05.107 INFO Valid block from HTTP API               slot: 67, proposer_index: 30, root: 0xe927…d2f5, block_delay: 95.60643ms
Dec 06 21:04:06.000 INFO Synced                                  slot: 67, block: 0xe927…d2f5, epoch: 2, finalized_epoch: 0, finalized_root: 0x4b04…4842, exec_hash: 0x2fb6…a4d1 (verified), peers: 2, service: slot_notifier
Dec 06 21:04:07.003 INFO Prepared beacon proposer                parent_root: 0xe9277849760651e493199be1db6e5c9dab3c9373c91a8d220560854cc2d2d2f5, validator: 45, prepare_slot: 69, service: beacon
Dec 06 21:04:07.110 INFO New block received                      root: 0x147c34974b841d0e7bc5893ac96751526e4f6b5a5075cc95d581233ae1a0845a, slot: 68
Dec 06 21:04:07.124 INFO Prepared beacon proposer                parent_root: 0x147c34974b841d0e7bc5893ac96751526e4f6b5a5075cc95d581233ae1a0845a, validator: 45, prepare_slot: 69, service: beacon
Dec 06 21:04:08.000 INFO Synced                                  slot: 68, block: 0x147c…845a, epoch: 2, finalized_epoch: 0, finalized_root: 0x4b04…4842, exec_hash: 0x2aec…2b00 (verified), peers: 2, service: slot_notifier
Dec 06 21:04:09.004 INFO Prepared beacon proposer                parent_root: 0x147c34974b841d0e7bc5893ac96751526e4f6b5a5075cc95d581233ae1a0845a, validator: 36, prepare_slot: 70, service: beacon
Dec 06 21:04:09.006 ERRO No valid eth1_data votes, `votes_to_consider` empty, outcome: casting `state.eth1_data` as eth1 vote, genesis_time: 1733518911, earliest_block_timestamp: 1733518891, lowest_block_number: 0, service: deposit_contract_rpc
Dec 06 21:04:09.006 INFO Requesting blinded header from connected builder, parent_hash: 0x2aecd95772f6db14bd62c21a54cf33771e093ff827fdc9e6ae790000b4ef2b00, pubkey: 0x9918433b8f0bc5e126da3fdef8d7b71456492dae6d2d07f2e10c7a7f852046f84ed0ce6d3bfec42200670db27dcf3037, slot: Slot(69), service: exec
Dec 06 21:04:09.009 INFO Requested blinded execution payload     parent_hash: 0x2aecd95772f6db14bd62c21a54cf33771e093ff827fdc9e6ae790000b4ef2b00, local_response_ms: 1, local_fee_recipient: 0x8943545177806ed17b9f23f0a21ee5948ecaa776, relay_response_ms: 3, relay_fee_recipient: empty response, service: exec
Dec 06 21:04:09.010 INFO Builder did not return a payload        parent_hash: 0x2aecd95772f6db14bd62c21a54cf33771e093ff827fdc9e6ae790000b4ef2b00, local_block_hash: 0xceea98b573d28d1ea658398cea7328c08d9953abcb1370dc9a8a75c612f0e647, info: falling back to local execution client, service: exec
Dec 06 21:04:09.098 INFO Signed block published to network via HTTP API, publish_delay_ms: 1, slot: 69
Dec 06 21:04:09.106 INFO Valid block from HTTP API               slot: 69, proposer_index: 45, root: 0xfb93…8eb4, block_delay: 96.710161ms
Dec 06 21:04:09.109 INFO Prepared beacon proposer                parent_root: 0xfb934003324ee0edbf2443285d7cc3bb13d7562fb198fd4f621856e9db818eb4, validator: 36, prepare_slot: 70, service: beacon
Dec 06 21:04:10.000 INFO Synced                                  slot: 69, block: 0xfb93…8eb4, epoch: 2, finalized_epoch: 0, finalized_root: 0x4b04…4842, exec_hash: 0xceea…e647 (verified), peers: 2, service: slot_notifier
Dec 06 21:04:11.003 ERRO No valid eth1_data votes, `votes_to_consider` empty, outcome: casting `state.eth1_data` as eth1 vote, genesis_time: 1733518911, earliest_block_timestamp: 1733518891, lowest_block_number: 0, service: deposit_contract_rpc
Dec 06 21:04:11.004 INFO Requesting blinded header from connected builder, parent_hash: 0xceea98b573d28d1ea658398cea7328c08d9953abcb1370dc9a8a75c612f0e647, pubkey: 0xa759f6bcca8f35fcaadc406cc4b828c016c0ed23882987a79f52f2933b5cedefe24e31df6fd0d38e8a802dbafd750d01, slot: Slot(70), service: exec
Dec 06 21:04:11.029 INFO Requested blinded execution payload     parent_hash: 0xceea98b573d28d1ea658398cea7328c08d9953abcb1370dc9a8a75c612f0e647, local_response_ms: 1, local_fee_recipient: 0x8943545177806ed17b9f23f0a21ee5948ecaa776, relay_response_ms: 25, relay_fee_recipient: 0x8943545177806ed17b9f23f0a21ee5948ecaa776, service: exec
Dec 06 21:04:11.029 INFO Received local and builder payloads     parent_hash: 0xceea98b573d28d1ea658398cea7328c08d9953abcb1370dc9a8a75c612f0e647, local_block_hash: 0xa5e997abf21a9d492a55f25c390ce7adfd5c67a6a6ba1ae92cd07fbe3689b823, relay_block_hash: 0x5aa50404f5123fb519e39d2bff1662bd6efa68bdc7c72569f13adf9e8a8448a2, service: exec
Dec 06 21:04:11.031 INFO Relay block is more profitable than local block, builder_boost_factor: None, boosted_relay_value: 5442817646700000, relay_value: 5442817646700000, local_block_value: 0, service: exec
Dec 06 21:04:12.000 INFO Synced                                  slot: 70, block:    …  empty, epoch: 2, finalized_epoch: 0, finalized_root: 0x4b04…4842, exec_hash: 0xceea…e647 (verified), peers: 2, service: slot_notifier
Dec 06 21:04:12.126 ERRO Attestation queue full                  queue_len: 4, msg: the system has insufficient resources for load, service: bproc
Dec 06 21:04:12.158 INFO Builder successfully revealed payload   parent_hash: 0xceea98b573d28d1ea658398cea7328c08d9953abcb1370dc9a8a75c612f0e647, block_hash: 0x5aa50404f5123fb519e39d2bff1662bd6efa68bdc7c72569f13adf9e8a8448a2, fee_recipient: 0x8943545177806ed17b9f23f0a21ee5948ecaa776, block_root: 0x460311d4e44c8926f07114b0ad5e69a1d39cd6dd65addb0ee8c2394954d0d865, relay_response_ms: 1056, service: exec
Dec 06 21:04:12.159 INFO Successfully published a block to the builder network, block_hash: 0x5aa50404f5123fb519e39d2bff1662bd6efa68bdc7c72569f13adf9e8a8448a2
Dec 06 21:04:12.161 INFO Signed block published to network via HTTP API, publish_delay_ms: 1, slot: 70
Dec 06 21:04:12.186 INFO Valid block from HTTP API               slot: 70, proposer_index: 36, root: 0x4603…d865, block_delay: 1.159025299s
Dec 06 21:04:12.193 WARN Error processing HTTP API request       method: POST, path: /eth/v2/beacon/blocks, status: 202 Accepted, elapsed: 1.075087697s
Dec 06 21:04:13.228 INFO Signed block published to network via HTTP API, publish_delay_ms: 11, slot: 71
Dec 06 21:04:13.261 INFO Valid block from HTTP API               slot: 71, proposer_index: 95, root: 0x43e0…93b3, block_delay: 216.531039ms
Dec 06 21:04:14.000 INFO Synced                                  slot: 71, block: 0x43e0…93b3, epoch: 2, finalized_epoch: 0, finalized_root: 0x4b04…4842, exec_hash: 0xf60d…1c1e (verified), peers: 2, service: slot_notifier
Dec 06 21:04:15.114 INFO New block received                      root: 0x7138021e8c5a590e27585e058e734561f6a70fdb4aa1c0a842fa0a0257323495, slot: 72
Dec 06 21:04:16.000 INFO Synced                                  slot: 72, block: 0x7138…3495, epoch: 2, finalized_epoch: 0, finalized_root: 0x4b04…4842, exec_hash: 0x15c1…c81d (verified), peers: 2, service: slot_notifier
Dec 06 21:04:17.003 INFO Prepared beacon proposer                parent_root: 0x7138021e8c5a590e27585e058e734561f6a70fdb4aa1c0a842fa0a0257323495, validator: 45, prepare_slot: 74, service: beacon
Dec 06 21:04:17.106 INFO New block received                      root: 0x83db26c92dc32599b69be75de5b48253b304c4d9eb9c737bcaec29b4b66eff52, slot: 73
Dec 06 21:04:17.117 INFO Prepared beacon proposer                parent_root: 0x83db26c92dc32599b69be75de5b48253b304c4d9eb9c737bcaec29b4b66eff52, validator: 45, prepare_slot: 74, service: beacon
Dec 06 21:04:18.000 INFO Synced                                  slot: 73, block: 0x83db…ff52, epoch: 2, finalized_epoch: 0, finalized_root: 0x4b04…4842, exec_hash: 0x3390…0f8f (verified), peers: 2, service: slot_notifier
Dec 06 21:04:19.004 INFO Prepared beacon proposer                parent_root: 0x83db26c92dc32599b69be75de5b48253b304c4d9eb9c737bcaec29b4b66eff52, validator: 58, prepare_slot: 75, service: beacon
Dec 06 21:04:19.005 ERRO No valid eth1_data votes, `votes_to_consider` empty, outcome: casting `state.eth1_data` as eth1 vote, genesis_time: 1733518911, earliest_block_timestamp: 1733518891, lowest_block_number: 0, service: deposit_contract_rpc
Dec 06 21:04:19.005 INFO Requesting blinded header from connected builder, parent_hash: 0x33904fa8bd3f836562f59fff6c06d62067539803fb45053fcf666caca9cc0f8f, pubkey: 0x9918433b8f0bc5e126da3fdef8d7b71456492dae6d2d07f2e10c7a7f852046f84ed0ce6d3bfec42200670db27dcf3037, slot: Slot(74), service: exec
Dec 06 21:04:19.050 INFO Requested blinded execution payload     parent_hash: 0x33904fa8bd3f836562f59fff6c06d62067539803fb45053fcf666caca9cc0f8f, local_response_ms: 4, local_fee_recipient: 0x8943545177806ed17b9f23f0a21ee5948ecaa776, relay_response_ms: 45, relay_fee_recipient: 0x8943545177806ed17b9f23f0a21ee5948ecaa776, service: exec
Dec 06 21:04:19.050 INFO Received local and builder payloads     parent_hash: 0x33904fa8bd3f836562f59fff6c06d62067539803fb45053fcf666caca9cc0f8f, local_block_hash: 0xfaab2211fdc9bcafa74c7c7adc59799e4ff5bffc473dbaa6a2403f713fe60628, relay_block_hash: 0xfa791744f31c2e9294467f16ab3880726c56665ae3a13a3613a53572c1c36db9, service: exec
Dec 06 21:04:19.052 INFO Relay block is more profitable than local block, builder_boost_factor: None, boosted_relay_value: 7037342105958075, relay_value: 7037342105958075, local_block_value: 6501499828062075, service: exec
Dec 06 21:04:20.000 INFO Synced                                  slot: 74, block:    …  empty, epoch: 2, finalized_epoch: 0, finalized_root: 0x4b04…4842, exec_hash: 0x3390…0f8f (verified), peers: 2, service: slot_notifier
Dec 06 21:04:20.197 INFO Builder successfully revealed payload   parent_hash: 0x33904fa8bd3f836562f59fff6c06d62067539803fb45053fcf666caca9cc0f8f, block_hash: 0xfa791744f31c2e9294467f16ab3880726c56665ae3a13a3613a53572c1c36db9, fee_recipient: 0x8943545177806ed17b9f23f0a21ee5948ecaa776, block_root: 0x2efe5e8a6c0f57cea165a5f6fc8d74155a5090c1f8593080d07eb20317e54c7e, relay_response_ms: 1101, service: exec
Dec 06 21:04:20.197 INFO Successfully published a block to the builder network, block_hash: 0xfa791744f31c2e9294467f16ab3880726c56665ae3a13a3613a53572c1c36db9
Dec 06 21:04:20.199 INFO Signed block published to network via HTTP API, publish_delay_ms: 2, slot: 74
Dec 06 21:04:20.248 INFO Valid block from HTTP API               slot: 74, proposer_index: 45, root: 0x2efe…4c7e, block_delay: 1.197150771s
Dec 06 21:04:20.259 WARN Error processing HTTP API request       method: POST, path: /eth/v2/beacon/blocks, status: 202 Accepted, elapsed: 1.14190265s
Dec 06 21:04:20.334 INFO Prepared beacon proposer                parent_root: 0x2efe5e8a6c0f57cea165a5f6fc8d74155a5090c1f8593080d07eb20317e54c7e, validator: 58, prepare_slot: 75, service: beacon
Dec 06 21:04:21.004 INFO Prepared beacon proposer                parent_root: 0x2efe5e8a6c0f57cea165a5f6fc8d74155a5090c1f8593080d07eb20317e54c7e, validator: 8, prepare_slot: 76, service: beacon
Dec 06 21:04:21.005 ERRO No valid eth1_data votes, `votes_to_consider` empty, outcome: casting `state.eth1_data` as eth1 vote, genesis_time: 1733518911, earliest_block_timestamp: 1733518891, lowest_block_number: 0, service: deposit_contract_rpc
Dec 06 21:04:21.005 INFO Requesting blinded header from connected builder, parent_hash: 0xfa791744f31c2e9294467f16ab3880726c56665ae3a13a3613a53572c1c36db9, pubkey: 0x896a51e0b0de0f29029af38b796db1f1e6d0f9f9085ade40a313a60cb723fa3d58f6587175570086c4fbf0fe5331f1c8, slot: Slot(75), service: exec
Dec 06 21:04:21.020 INFO Requested blinded execution payload     parent_hash: 0xfa791744f31c2e9294467f16ab3880726c56665ae3a13a3613a53572c1c36db9, local_response_ms: 15, local_fee_recipient: 0x8943545177806ed17b9f23f0a21ee5948ecaa776, relay_response_ms: 4, relay_fee_recipient: empty response, service: exec
Dec 06 21:04:21.020 INFO Builder did not return a payload        parent_hash: 0xfa791744f31c2e9294467f16ab3880726c56665ae3a13a3613a53572c1c36db9, local_block_hash: 0x97645dc349ce87166e5f3ae357cc0e87d08869f088f9243656666fb114bcbb25, info: falling back to local execution client, service: exec
Dec 06 21:04:21.097 INFO Signed block published to network via HTTP API, publish_delay_ms: 1, slot: 75
Dec 06 21:04:21.107 INFO Valid block from HTTP API               slot: 75, proposer_index: 58, root: 0x494a…1235, block_delay: 96.46117ms
Dec 06 21:04:21.111 INFO Prepared beacon proposer                parent_root: 0x494a0a785244f57e017d98cae33bb55c6dfb4860dc533136f52b580d12de1235, validator: 8, prepare_slot: 76, service: beacon
Dec 06 21:04:22.000 INFO Synced                                  slot: 75, block: 0x494a…1235, epoch: 2, finalized_epoch: 0, finalized_root: 0x4b04…4842, exec_hash: 0x9764…bb25 (verified), peers: 2, service: slot_notifier
Dec 06 21:04:23.004 ERRO No valid eth1_data votes, `votes_to_consider` empty, outcome: casting `state.eth1_data` as eth1 vote, genesis_time: 1733518911, earliest_block_timestamp: 1733518891, lowest_block_number: 0, service: deposit_contract_rpc
Dec 06 21:04:23.004 INFO Requesting blinded header from connected builder, parent_hash: 0x97645dc349ce87166e5f3ae357cc0e87d08869f088f9243656666fb114bcbb25, pubkey: 0xb72cb106b7bc1ecae219e0ae1830a509ed18a042b56a2779f4033419de69ba8ae8017090caed1f5377bfa68506157360, slot: Slot(76), service: exec
Dec 06 21:04:23.009 INFO Requested blinded execution payload     parent_hash: 0x97645dc349ce87166e5f3ae357cc0e87d08869f088f9243656666fb114bcbb25, local_response_ms: 1, local_fee_recipient: 0x8943545177806ed17b9f23f0a21ee5948ecaa776, relay_response_ms: 4, relay_fee_recipient: empty response, service: exec
Dec 06 21:04:23.009 INFO Builder did not return a payload        parent_hash: 0x97645dc349ce87166e5f3ae357cc0e87d08869f088f9243656666fb114bcbb25, local_block_hash: 0xe261592a68257c05db93c1a431364a8fedb33b7477a376966dd60c9297ab9069, info: falling back to local execution client, service: exec
Dec 06 21:04:23.103 INFO Signed block published to network via HTTP API, publish_delay_ms: 1, slot: 76
Dec 06 21:04:23.112 INFO Valid block from HTTP API               slot: 76, proposer_index: 8, root: 0x33fd…132b, block_delay: 101.628627ms
Dec 06 21:04:24.000 INFO Synced                                  slot: 76, block: 0x33fd…132b, epoch: 2, finalized_epoch: 0, finalized_root: 0x4b04…4842, exec_hash: 0xe261…9069 (verified), peers: 2, service: slot_notifier
Dec 06 21:04:25.113 INFO New block received                      root: 0x1d15cd053cc4b2689b6c8b8f400f57e17497fde79706fb67f63a22ccc6d25b13, slot: 77
Dec 06 21:04:26.000 INFO Synced                                  slot: 77, block: 0x1d15…5b13, epoch: 2, finalized_epoch: 0, finalized_root: 0x4b04…4842, exec_hash: 0x011a…9c69 (verified), peers: 2, service: slot_notifier
Dec 06 21:04:27.006 INFO Prepared beacon proposer                parent_root: 0x1d15cd053cc4b2689b6c8b8f400f57e17497fde79706fb67f63a22ccc6d25b13, validator: 13, prepare_slot: 79, service: beacon
Dec 06 21:04:27.107 INFO New block received                      root: 0x97a035654285350635f0721431935f2b4c97be50f86982f02874cf868d2033c9, slot: 78
Dec 06 21:04:27.120 INFO Prepared beacon proposer                parent_root: 0x97a035654285350635f0721431935f2b4c97be50f86982f02874cf868d2033c9, validator: 13, prepare_slot: 79, service: beacon
Dec 06 21:04:28.000 INFO Synced                                  slot: 78, block: 0x97a0…33c9, epoch: 2, finalized_epoch: 0, finalized_root: 0x4b04…4842, exec_hash: 0xefbd…caa2 (verified), peers: 2, service: slot_notifier
Dec 06 21:04:29.002 INFO Prepared beacon proposer                parent_root: 0x97a035654285350635f0721431935f2b4c97be50f86982f02874cf868d2033c9, validator: 6, prepare_slot: 80, service: beacon
Dec 06 21:04:29.003 ERRO No valid eth1_data votes, `votes_to_consider` empty, outcome: casting `state.eth1_data` as eth1 vote, genesis_time: 1733518911, earliest_block_timestamp: 1733518891, lowest_block_number: 0, service: deposit_contract_rpc
Dec 06 21:04:29.003 INFO Requesting blinded header from connected builder, parent_hash: 0xefbdc6815448928d6f1e2defdc1d6f84241e45e4a22888c769e8c0662696caa2, pubkey: 0xa03c2a82374e04b2e0594c4ce14fb3f225b46f13188f0d8002a523c7dcfb939ae4856053c2c9c695374d7c3685df1ca5, slot: Slot(79), service: exec
Dec 06 21:04:29.062 INFO Requested blinded execution payload     parent_hash: 0xefbdc6815448928d6f1e2defdc1d6f84241e45e4a22888c769e8c0662696caa2, local_response_ms: 4, local_fee_recipient: 0x8943545177806ed17b9f23f0a21ee5948ecaa776, relay_response_ms: 58, relay_fee_recipient: 0x8943545177806ed17b9f23f0a21ee5948ecaa776, service: exec
Dec 06 21:04:29.062 INFO Received local and builder payloads     parent_hash: 0xefbdc6815448928d6f1e2defdc1d6f84241e45e4a22888c769e8c0662696caa2, local_block_hash: 0x07ed8616b7fec33cf77880c1e19258f89b011639ecb5f13bc62cd98251376407, relay_block_hash: 0x8eebbc6f83f8ea011d5b2e5ddea294504c2eb21661213b4c07d9f39aaf8fcd85, service: exec
Dec 06 21:04:29.063 INFO Relay block is more profitable than local block, builder_boost_factor: None, boosted_relay_value: 4232006166912000, relay_value: 4232006166912000, local_block_value: 3159447629184000, service: exec
Dec 06 21:04:30.000 INFO Synced                                  slot: 79, block:    …  empty, epoch: 2, finalized_epoch: 0, finalized_root: 0x4b04…4842, exec_hash: 0xefbd…caa2 (verified), peers: 2, service: slot_notifier
Dec 06 21:04:30.178 INFO Builder successfully revealed payload   parent_hash: 0xefbdc6815448928d6f1e2defdc1d6f84241e45e4a22888c769e8c0662696caa2, block_hash: 0x8eebbc6f83f8ea011d5b2e5ddea294504c2eb21661213b4c07d9f39aaf8fcd85, fee_recipient: 0x8943545177806ed17b9f23f0a21ee5948ecaa776, block_root: 0xe468f90644267e078401b60dbd8c6d3649eba87fa818d9c9982fe97e73c7c138, relay_response_ms: 1082, service: exec
Dec 06 21:04:30.178 INFO Successfully published a block to the builder network, block_hash: 0x8eebbc6f83f8ea011d5b2e5ddea294504c2eb21661213b4c07d9f39aaf8fcd85
Dec 06 21:04:30.180 INFO Signed block published to network via HTTP API, publish_delay_ms: 2, slot: 79
Dec 06 21:04:30.223 INFO Valid block from HTTP API               slot: 79, proposer_index: 13, root: 0xe468…c138, block_delay: 1.178296743s
Dec 06 21:04:30.234 WARN Error processing HTTP API request       method: POST, path: /eth/v2/beacon/blocks, status: 202 Accepted, elapsed: 1.117248295s
Dec 06 21:04:30.335 INFO Prepared beacon proposer                parent_root: 0xe468f90644267e078401b60dbd8c6d3649eba87fa818d9c9982fe97e73c7c138, validator: 6, prepare_slot: 80, service: beacon
Dec 06 21:04:31.005 ERRO No valid eth1_data votes, `votes_to_consider` empty, outcome: casting `state.eth1_data` as eth1 vote, genesis_time: 1733518911, earliest_block_timestamp: 1733518891, lowest_block_number: 0, service: deposit_contract_rpc
Dec 06 21:04:31.006 INFO Requesting blinded header from connected builder, parent_hash: 0x8eebbc6f83f8ea011d5b2e5ddea294504c2eb21661213b4c07d9f39aaf8fcd85, pubkey: 0xad9222dec71ff8ee6bc0426ffe7b5e66f96738225db281dd20027a1556d089fdebd040abfbc2041d6c1a0d8fdcfce183, slot: Slot(80), service: exec
Dec 06 21:04:31.008 INFO Requested blinded execution payload     parent_hash: 0x8eebbc6f83f8ea011d5b2e5ddea294504c2eb21661213b4c07d9f39aaf8fcd85, local_response_ms: 1, local_fee_recipient: 0x8943545177806ed17b9f23f0a21ee5948ecaa776, relay_response_ms: 2, relay_fee_recipient: empty response, service: exec
Dec 06 21:04:31.009 INFO Builder did not return a payload        parent_hash: 0x8eebbc6f83f8ea011d5b2e5ddea294504c2eb21661213b4c07d9f39aaf8fcd85, local_block_hash: 0x56a64c298d8dd02530a6626abd404037fbe7685bc67782024bb3f3880b5689a6, info: falling back to local execution client, service: exec
Dec 06 21:04:31.101 INFO Signed block published to network via HTTP API, publish_delay_ms: 1, slot: 80
Dec 06 21:04:31.113 INFO Valid block from HTTP API               slot: 80, proposer_index: 6, root: 0x49a1…edb4, block_delay: 100.204303ms
Dec 06 21:04:32.001 INFO Synced                                  slot: 80, block: 0x49a1…edb4, epoch: 2, finalized_epoch: 0, finalized_root: 0x4b04…4842, exec_hash: 0x56a6…89a6 (verified), peers: 2, service: slot_notifier
Dec 06 21:04:33.036 INFO New block received                      root: 0xb98b8c18c605534bac506c77b562e1ed467d1a1996657f398a521a126b6654ae, slot: 81
Dec 06 21:04:34.000 INFO Synced                                  slot: 81, block: 0xb98b…54ae, epoch: 2, finalized_epoch: 0, finalized_root: 0x4b04…4842, exec_hash: 0x09e7…7cf2 (verified), peers: 2, service: slot_notifier
Dec 06 21:04:35.131 INFO Signed block published to network via HTTP API, publish_delay_ms: 10, slot: 82
Dec 06 21:04:35.167 INFO Valid block from HTTP API               slot: 82, proposer_index: 99, root: 0xdedb…68f5, block_delay: 120.72791ms
Dec 06 21:04:36.000 INFO Synced                                  slot: 82, block: 0xdedb…68f5, epoch: 2, finalized_epoch: 0, finalized_root: 0x4b04…4842, exec_hash: 0x4768…9564 (verified), peers: 2, service: slot_notifier
Dec 06 21:04:37.114 INFO New block received                      root: 0xaf55ab0597dbc7494e44f037156b33a309cd85d1bd9505194cb4da523c266028, slot: 83
Dec 06 21:04:38.001 INFO Synced                                  slot: 83, block: 0xaf55…6028, epoch: 2, finalized_epoch: 0, finalized_root: 0x4b04…4842, exec_hash: 0x8692…1d16 (verified), peers: 2, service: slot_notifier
Dec 06 21:04:39.138 INFO Signed block published to network via HTTP API, publish_delay_ms: 12, slot: 84
Dec 06 21:04:39.170 INFO Valid block from HTTP API               slot: 84, proposer_index: 70, root: 0x4efc…19b6, block_delay: 126.703992ms
Dec 06 21:04:40.000 INFO Synced                                  slot: 84, block: 0x4efc…19b6, epoch: 2, finalized_epoch: 0, finalized_root: 0x4b04…4842, exec_hash: 0x6f38…ad60 (verified), peers: 2, service: slot_notifier
Dec 06 21:04:41.001 INFO Prepared beacon proposer                parent_root: 0x4efca249408132490b58534bc09018099e47e69d2420bd75d85fd9ae313019b6, validator: 35, prepare_slot: 86, service: beacon
Dec 06 21:04:41.030 INFO New block received                      root: 0x24cbfb61a5f154e12ec2372f760088856e27a7d00168cf4c789e15ae7ddf2e42, slot: 85
Dec 06 21:04:41.040 INFO Prepared beacon proposer                parent_root: 0x24cbfb61a5f154e12ec2372f760088856e27a7d00168cf4c789e15ae7ddf2e42, validator: 35, prepare_slot: 86, service: beacon
Dec 06 21:04:42.000 INFO Synced                                  slot: 85, block: 0x24cb…2e42, epoch: 2, finalized_epoch: 0, finalized_root: 0x4b04…4842, exec_hash: 0x1760…f1a1 (verified), peers: 2, service: slot_notifier
Dec 06 21:04:43.001 INFO Prepared beacon proposer                parent_root: 0x24cbfb61a5f154e12ec2372f760088856e27a7d00168cf4c789e15ae7ddf2e42, validator: 62, prepare_slot: 87, service: beacon
Dec 06 21:04:43.002 ERRO No valid eth1_data votes, `votes_to_consider` empty, outcome: casting `state.eth1_data` as eth1 vote, genesis_time: 1733518911, earliest_block_timestamp: 1733518891, lowest_block_number: 0, service: deposit_contract_rpc
Dec 06 21:04:43.002 INFO Requesting blinded header from connected builder, parent_hash: 0x1760b15ad98b877cd4e2197a738574f578939ef7284632d6db65792d20a9f1a1, pubkey: 0xa4ee6d37dc259cbb5237e4265429a9fd8ab5643af81628cc101e0d8b4a333ef2618a37df89ea3f92b5ea4333d8cda393, slot: Slot(86), service: exec
Dec 06 21:04:43.004 INFO Requested blinded execution payload     parent_hash: 0x1760b15ad98b877cd4e2197a738574f578939ef7284632d6db65792d20a9f1a1, local_response_ms: 0, local_fee_recipient: 0x8943545177806ed17b9f23f0a21ee5948ecaa776, relay_response_ms: 1, relay_fee_recipient: empty response, service: exec
Dec 06 21:04:43.004 INFO Builder did not return a payload        parent_hash: 0x1760b15ad98b877cd4e2197a738574f578939ef7284632d6db65792d20a9f1a1, local_block_hash: 0x8b0538b6ad3f983e27927b186efda72a6571083e5b87e8c14e80ee9a06c3c449, info: falling back to local execution client, service: exec
Dec 06 21:04:43.018 INFO Signed block published to network via HTTP API, publish_delay_ms: 1, slot: 86
Dec 06 21:04:43.024 INFO Valid block from HTTP API               slot: 86, proposer_index: 35, root: 0x5bfb…d702, block_delay: 16.578263ms
Dec 06 21:04:43.025 INFO Prepared beacon proposer                parent_root: 0x5bfb7859e5b09e8afa7b0be2b865f74370b787c8f750788696dbd5363fa1d702, validator: 62, prepare_slot: 87, service: beacon
Dec 06 21:04:44.000 INFO Synced                                  slot: 86, block: 0x5bfb…d702, epoch: 2, finalized_epoch: 0, finalized_root: 0x4b04…4842, exec_hash: 0x8b05…c449 (verified), peers: 2, service: slot_notifier
Dec 06 21:04:45.002 ERRO No valid eth1_data votes, `votes_to_consider` empty, outcome: casting `state.eth1_data` as eth1 vote, genesis_time: 1733518911, earliest_block_timestamp: 1733518891, lowest_block_number: 0, service: deposit_contract_rpc
Dec 06 21:04:45.002 INFO Requesting blinded header from connected builder, parent_hash: 0x8b0538b6ad3f983e27927b186efda72a6571083e5b87e8c14e80ee9a06c3c449, pubkey: 0x8c0d15baa72bfcd317e9b9402ca9bb6e7ae1db35ffce7faccae0bd19b3c8e5de7d5524aef0377770b3a90626627a9304, slot: Slot(87), service: exec
Dec 06 21:04:45.027 INFO Requested blinded execution payload     parent_hash: 0x8b0538b6ad3f983e27927b186efda72a6571083e5b87e8c14e80ee9a06c3c449, local_response_ms: 1, local_fee_recipient: 0x8943545177806ed17b9f23f0a21ee5948ecaa776, relay_response_ms: 24, relay_fee_recipient: 0x8943545177806ed17b9f23f0a21ee5948ecaa776, service: exec
Dec 06 21:04:45.027 INFO Received local and builder payloads     parent_hash: 0x8b0538b6ad3f983e27927b186efda72a6571083e5b87e8c14e80ee9a06c3c449, local_block_hash: 0xe62cbb88458b5335bdbd20a506669db009a9fe7e46cb0cd2d49b9c9808b0d520, relay_block_hash: 0xa99e4e47db40d98991ebf311705654c850200d0cfb745e3c99f661a61b9fcdec, service: exec
Dec 06 21:04:45.029 INFO Relay block is more profitable than local block, builder_boost_factor: None, boosted_relay_value: 2210344507044000, relay_value: 2210344507044000, local_block_value: 1137396265740000, service: exec
Dec 06 21:04:46.000 INFO Synced                                  slot: 87, block:    …  empty, epoch: 2, finalized_epoch: 0, finalized_root: 0x4b04…4842, exec_hash: 0x8b05…c449 (verified), peers: 2, service: slot_notifier
Dec 06 21:04:46.132 INFO Builder successfully revealed payload   parent_hash: 0x8b0538b6ad3f983e27927b186efda72a6571083e5b87e8c14e80ee9a06c3c449, block_hash: 0xa99e4e47db40d98991ebf311705654c850200d0cfb745e3c99f661a61b9fcdec, fee_recipient: 0x8943545177806ed17b9f23f0a21ee5948ecaa776, block_root: 0xc972298ddf1ae0d55b1052270f6a7ceb19f3291c2c8935133f588afb6ca395a5, relay_response_ms: 1038, service: exec
Dec 06 21:04:46.132 INFO Successfully published a block to the builder network, block_hash: 0xa99e4e47db40d98991ebf311705654c850200d0cfb745e3c99f661a61b9fcdec
Dec 06 21:04:46.134 INFO Signed block published to network via HTTP API, publish_delay_ms: 1, slot: 87
Dec 06 21:04:46.154 INFO Valid block from HTTP API               slot: 87, proposer_index: 62, root: 0xc972…95a5, block_delay: 1.132166402s
Dec 06 21:04:46.158 WARN Error processing HTTP API request       method: POST, path: /eth/v2/beacon/blocks, status: 202 Accepted, elapsed: 1.054715401s
Dec 06 21:04:47.113 INFO New block received                      root: 0x913ea32cefd164877ee3978a8099cfc1e06f3a49e1177f2736986761cdf8fb1e, slot: 88
Dec 06 21:04:48.000 INFO Synced                                  slot: 88, block: 0x913e…fb1e, epoch: 2, finalized_epoch: 0, finalized_root: 0x4b04…4842, exec_hash: 0x47ab…a196 (verified), peers: 2, service: slot_notifier
Dec 06 21:04:49.105 INFO New block received                      root: 0x1c1a04641f1082d1902a80ea5f818d5bba4a0e3584bbceafe2b8e3fedaaf91e7, slot: 89
Dec 06 21:04:50.000 INFO Synced                                  slot: 89, block: 0x1c1a…91e7, epoch: 2, finalized_epoch: 0, finalized_root: 0x4b04…4842, exec_hash: 0x2efe…b2c5 (verified), peers: 2, service: slot_notifier
Dec 06 21:04:51.105 INFO New block received                      root: 0xddc9647ebd641f7a2938740c71471ae80f744f5fd12aa942a3f7c3de2573e873, slot: 90
Dec 06 21:04:52.000 INFO Synced                                  slot: 90, block: 0xddc9…e873, epoch: 2, finalized_epoch: 0, finalized_root: 0x4b04…4842, exec_hash: 0x5d36…79e8 (verified), peers: 2, service: slot_notifier
Dec 06 21:04:53.001 INFO Prepared beacon proposer                parent_root: 0xddc9647ebd641f7a2938740c71471ae80f744f5fd12aa942a3f7c3de2573e873, validator: 26, prepare_slot: 92, service: beacon
Dec 06 21:04:53.070 INFO Signed block published to network via HTTP API, publish_delay_ms: 10, slot: 91
Dec 06 21:04:53.090 INFO Valid block from HTTP API               slot: 91, proposer_index: 91, root: 0xe6f6…c27b, block_delay: 59.84539ms
Dec 06 21:04:53.093 INFO Prepared beacon proposer                parent_root: 0xe6f6a0512c17b217e7235bd3f171e759b61077a06098034c22e3253c86cac27b, validator: 26, prepare_slot: 92, service: beacon
Dec 06 21:04:54.001 INFO Synced                                  slot: 91, block: 0xe6f6…c27b, epoch: 2, finalized_epoch: 0, finalized_root: 0x4b04…4842, exec_hash: 0x703d…8fa1 (verified), peers: 2, service: slot_notifier
Dec 06 21:04:55.004 ERRO No valid eth1_data votes, `votes_to_consider` empty, outcome: casting `state.eth1_data` as eth1 vote, genesis_time: 1733518911, earliest_block_timestamp: 1733518891, lowest_block_number: 0, service: deposit_contract_rpc
Dec 06 21:04:55.004 INFO Requesting blinded header from connected builder, parent_hash: 0x703d363afa4b05304d79949db52fcd4e3bd238198c1b9b2613aaea730bf48fa1, pubkey: 0xa1d9840eda3036fbf63eeea40146e4548553e6e1b2a653ab349b376f31b367c40d71fb59ff8e94b91daa99c262ec8b52, slot: Slot(92), service: exec
Dec 06 21:04:55.008 INFO Requested blinded execution payload     parent_hash: 0x703d363afa4b05304d79949db52fcd4e3bd238198c1b9b2613aaea730bf48fa1, local_response_ms: 0, local_fee_recipient: 0x8943545177806ed17b9f23f0a21ee5948ecaa776, relay_response_ms: 4, relay_fee_recipient: empty response, service: exec
Dec 06 21:04:55.008 INFO Builder did not return a payload        parent_hash: 0x703d363afa4b05304d79949db52fcd4e3bd238198c1b9b2613aaea730bf48fa1, local_block_hash: 0xa9f7ce779e9b69e7cfd1470a5882ae462af911f7fe43fa517d6251707f2071fe, info: falling back to local execution client, service: exec
Dec 06 21:04:55.094 INFO Signed block published to network via HTTP API, publish_delay_ms: 1, slot: 92
Dec 06 21:04:55.102 INFO Valid block from HTTP API               slot: 92, proposer_index: 26, root: 0xd038…d872, block_delay: 92.678002ms
Dec 06 21:04:56.000 INFO Synced                                  slot: 92, block: 0xd038…d872, epoch: 2, finalized_epoch: 0, finalized_root: 0x4b04…4842, exec_hash: 0xa9f7…71fe (verified), peers: 2, service: slot_notifier
Dec 06 21:04:57.037 INFO New block received                      root: 0x6cf83c469c5a9a2ced6f5148237035c6bd70157dd48c4d4d8d650f4cf3a899ad, slot: 93
Dec 06 21:04:58.001 INFO Synced                                  slot: 93, block: 0x6cf8…99ad, epoch: 2, finalized_epoch: 0, finalized_root: 0x4b04…4842, exec_hash: 0xe5ac…6a1f (verified), peers: 2, service: slot_notifier
Dec 06 21:04:59.002 INFO Prepared beacon proposer                parent_root: 0x6cf83c469c5a9a2ced6f5148237035c6bd70157dd48c4d4d8d650f4cf3a899ad, validator: 24, prepare_slot: 95, service: beacon
Dec 06 21:04:59.057 INFO Signed block published to network via HTTP API, publish_delay_ms: 5, slot: 94
Dec 06 21:04:59.069 INFO Valid block from HTTP API               slot: 94, proposer_index: 74, root: 0x47ec…6dc5, block_delay: 52.506842ms
Dec 06 21:04:59.072 INFO Prepared beacon proposer                parent_root: 0x47ec0406f9ba811523fc2244ea8019733d1ecb0f79de70321277b13255bb6dc5, validator: 24, prepare_slot: 95, service: beacon
Dec 06 21:05:00.001 INFO Synced                                  slot: 94, block: 0x47ec…6dc5, epoch: 2, finalized_epoch: 0, finalized_root: 0x4b04…4842, exec_hash: 0xb2e9…6c3e (verified), peers: 2, service: slot_notifier
Dec 06 21:05:01.002 ERRO No valid eth1_data votes, `votes_to_consider` empty, outcome: casting `state.eth1_data` as eth1 vote, genesis_time: 1733518911, earliest_block_timestamp: 1733518891, lowest_block_number: 0, service: deposit_contract_rpc
Dec 06 21:05:01.002 INFO Requesting blinded header from connected builder, parent_hash: 0xb2e9669ac86a1ec406fde30131c8af74d27a4ff17fd4d1ba0327f93f48c96c3e, pubkey: 0xae5302796cfeca685eaf37ffd5baeb32121f2f07415bee26cc0051ee513ff3932d2c365e3d9f87b0949a5980445cb64c, slot: Slot(95), service: exec
Dec 06 21:05:01.004 INFO Requested blinded execution payload     parent_hash: 0xb2e9669ac86a1ec406fde30131c8af74d27a4ff17fd4d1ba0327f93f48c96c3e, local_response_ms: 0, local_fee_recipient: 0x8943545177806ed17b9f23f0a21ee5948ecaa776, relay_response_ms: 1, relay_fee_recipient: empty response, service: exec
Dec 06 21:05:01.004 INFO Builder did not return a payload        parent_hash: 0xb2e9669ac86a1ec406fde30131c8af74d27a4ff17fd4d1ba0327f93f48c96c3e, local_block_hash: 0xafc7cc61daca94e30ddac1eeb2bb0ab7f3d51c49d0f177d9d6e4831081f2f81e, info: falling back to local execution client, service: exec
Dec 06 21:05:01.020 INFO Signed block published to network via HTTP API, publish_delay_ms: 1, slot: 95
Dec 06 21:05:01.027 INFO Valid block from HTTP API               slot: 95, proposer_index: 24, root: 0xf0ee…5d5f, block_delay: 19.356949ms
Dec 06 21:05:02.000 INFO Synced                                  slot: 95, block: 0xf0ee…5d5f, epoch: 2, finalized_epoch: 0, finalized_root: 0x4b04…4842, exec_hash: 0xafc7…f81e (verified), peers: 2, service: slot_notifier
Dec 06 21:05:03.007 INFO Prepared beacon proposer                parent_root: 0xf0ee93a807dc1ade458a76a641411a5dc6a98e186efe28dc21a73626d83c5d5f, validator: 7, prepare_slot: 97, service: beacon
Dec 06 21:05:03.008 INFO Forwarding register validator request to connected builder, count: 64
Dec 06 21:05:03.128 INFO Signed block published to network via HTTP API, publish_delay_ms: 9, slot: 96
Dec 06 21:05:03.204 INFO Valid block from HTTP API               slot: 96, proposer_index: 70, root: 0xaad2…523d, block_delay: 118.953116ms
Dec 06 21:05:03.211 INFO Prepared beacon proposer                parent_root: 0xaad203aa854cfd073072e555cc6478cc4c2b20cf6da5a58b064e8427a142523d, validator: 7, prepare_slot: 97, service: beacon
Dec 06 21:05:04.000 INFO Synced                                  slot: 96, block: 0xaad2…523d, epoch: 3, finalized_epoch: 0, finalized_root: 0x4b04…4842, exec_hash: 0xd443…e447 (verified), peers: 2, service: slot_notifier
