Dec 06 21:01:12.591 INFO Logging to file                         path: "/data/lighthouse/beacon-data/beacon/logs/beacon.log"
Dec 06 21:01:12.603 INFO Lighthouse started                      version: Lighthouse/v5.3.0-2e0eb6d
Dec 06 21:01:12.603 INFO Configured for network                  name: custom (/network-configs/network-configs)
Dec 06 21:01:12.603 INFO Data directory initialised              datadir: /data/lighthouse/beacon-data
Dec 06 21:01:12.604 WARN Discv5 packet filter is disabled
Dec 06 21:01:12.604 WARN Ignoring --http-allow-sync-stalled      info: this flag is deprecated and will be removed
Dec 06 21:01:12.612 INFO Deposit contract                        address: 0x4242424242424242424242424242424242424242, deploy_block: 0
Dec 06 21:01:12.637 INFO Blob DB initialized                     oldest_blob_slot: Some(Slot(0)), path: "/data/lighthouse/beacon-data/beacon/blobs_db", service: freezer_db
Dec 06 21:01:12.662 INFO Using external block builder            local_user_agent: Lighthouse/v5.3.0-2e0eb6d, builder_url: "http://mev-boost-2-lighthouse-geth:18550/", service: exec
Dec 06 21:01:12.663 INFO Starting from known genesis state       service: beacon
Dec 06 21:01:12.810 INFO Block production enabled                method: json rpc via http, endpoint: Auth { endpoint: "http://172.16.4.12:8551/", jwt_path: "/jwt/jwtsecret", jwt_id: None, jwt_version: None }
Dec 06 21:01:12.831 INFO Beacon chain initialized                head_slot: 0, head_block: 0x4b04…4842, head_state: 0x45e5…63c3, service: beacon
Dec 06 21:01:12.831 INFO Timer service started                   service: node_timer
Dec 06 21:01:12.833 INFO ENR Initialised                         quic6: None, quic4: Some(9001), udp6: None, tcp6: None, tcp4: Some(9000), udp4: Some(9000), ip4: Some(172.16.4.15), id: 0xe486..7301, seq: 1, enr: enr:-MS4QOykAmR-fJttdrY5lrwduGvGqzeNsM4QmPjHnKUtRWsCAGHSo4YPuC4QgejfCdM6jsAB1IS-2yCULwV8cAdXjysBh2F0dG5ldHOIAAAAAAAAAACEZXRoMpDYTi7gUAAAOP__________gmlkgnY0gmlwhKwQBA-EcXVpY4IjKYlzZWNwMjU2azGhAz2WIHXc3qRxei6ir1lO3iP6_k9WXxnLuQXcVZJusveKiHN5bmNuZXRzAIN0Y3CCIyiDdWRwgiMo, service: libp2p
Dec 06 21:01:12.833 ERRO Could not add peer to the local routing table, error: ENR banned by table filter, addr: enr:-MS4QP3tc-SuJ1Lhc-EV3UMhA-YlssDz_1o0wBB3gXTpomTmb92HBQHM9GJkItKQFYLy2t8jXPPe8WK2MI99fjfhPXUBh2F0dG5ldHOIAAAAAAAAAACEZXRoMpDYTi7gUAAAOP__________gmlkgnY0gmlwhKwQBA6EcXVpY4IjKYlzZWNwMjU2azGhAsj75BbwGfOqzQQGjIJDYfchHVyirLq_TwvRdakYEyoEiHN5bmNuZXRzAIN0Y3CCIyiDdWRwgiMo, service: libp2p
Dec 06 21:01:12.835 INFO Libp2p Starting                         bandwidth_config: 3-Average, peer_id: 16Uiu2HAmGoPzZ22wJeCE6KBBVARS4siauwW2wVwo2z7TzMVEjwof, service: libp2p
Dec 06 21:01:12.835 INFO Listening established                   address: /ip4/0.0.0.0/tcp/9000/p2p/16Uiu2HAmGoPzZ22wJeCE6KBBVARS4siauwW2wVwo2z7TzMVEjwof, service: libp2p
Dec 06 21:01:12.836 INFO Listening established                   address: /ip4/0.0.0.0/udp/9001/quic-v1/p2p/16Uiu2HAmGoPzZ22wJeCE6KBBVARS4siauwW2wVwo2z7TzMVEjwof, service: libp2p
Dec 06 21:01:12.836 INFO Subscribing to all subnets              service: attestation_service
Dec 06 21:01:12.859 INFO HTTP API started                        listen_address: 0.0.0.0:4000
Dec 06 21:01:12.860 INFO Metrics HTTP server started             listen_address: 0.0.0.0:5054
Dec 06 21:01:12.860 INFO UPnP Attempting to initialise routes
Dec 06 21:01:12.861 INFO Waiting for genesis                     wait_time: 0 mins, peers: 0, service: slot_notifier
Dec 06 21:01:12.861 WARN Syncing deposit contract block cache    est_blocks_remaining: initializing deposits, service: slot_notifier
Dec 06 21:01:12.861 WARN Not ready Bellatrix                     info: The execution endpoint is connected and configured, however it is not yet synced, service: slot_notifier
Dec 06 21:01:12.867 WARN Execution engine call failed            error: Json(Error("missing field `totalDifficulty`", line: 0, column: 0)), service: exec
Dec 06 21:01:12.867 ERRO Unable to check genesis execution payload, error: ExecutionLayerGetBlockByNumberFailed(EngineError(Api { error: Json(Error("missing field `totalDifficulty`", line: 0, column: 0)) })), service: slot_notifier
Dec 06 21:01:12.871 INFO Sync state updated                      new_state: Synced, old_state: Stalled, service: sync
Dec 06 21:01:12.885 INFO Subscribed to topics                    topics: ["/eth2/d84e2ee0/blob_sidecar_0/ssz_snappy", "/eth2/d84e2ee0/blob_sidecar_1/ssz_snappy", "/eth2/d84e2ee0/blob_sidecar_2/ssz_snappy", "/eth2/d84e2ee0/blob_sidecar_3/ssz_snappy", "/eth2/d84e2ee0/blob_sidecar_4/ssz_snappy", "/eth2/d84e2ee0/blob_sidecar_5/ssz_snappy", "/eth2/d84e2ee0/bls_to_execution_change/ssz_snappy", "/eth2/d84e2ee0/sync_committee_contribution_and_proof/ssz_snappy", "/eth2/d84e2ee0/beacon_block/ssz_snappy", "/eth2/d84e2ee0/beacon_aggregate_and_proof/ssz_snappy", "/eth2/d84e2ee0/voluntary_exit/ssz_snappy", "/eth2/d84e2ee0/proposer_slashing/ssz_snappy", "/eth2/d84e2ee0/attester_slashing/ssz_snappy", "/eth2/d84e2ee0/beacon_attestation_0/ssz_snappy", "/eth2/d84e2ee0/beacon_attestation_1/ssz_snappy", "/eth2/d84e2ee0/beacon_attestation_2/ssz_snappy", "/eth2/d84e2ee0/beacon_attestation_3/ssz_snappy", "/eth2/d84e2ee0/beacon_attestation_4/ssz_snappy", "/eth2/d84e2ee0/beacon_attestation_5/ssz_snappy", "/eth2/d84e2ee0/beacon_attestation_6/ssz_snappy", "/eth2/d84e2ee0/beacon_attestation_7/ssz_snappy", "/eth2/d84e2ee0/beacon_attestation_8/ssz_snappy", "/eth2/d84e2ee0/beacon_attestation_9/ssz_snappy", "/eth2/d84e2ee0/beacon_attestation_10/ssz_snappy", "/eth2/d84e2ee0/beacon_attestation_11/ssz_snappy", "/eth2/d84e2ee0/beacon_attestation_12/ssz_snappy", "/eth2/d84e2ee0/beacon_attestation_13/ssz_snappy", "/eth2/d84e2ee0/beacon_attestation_14/ssz_snappy", "/eth2/d84e2ee0/beacon_attestation_15/ssz_snappy", "/eth2/d84e2ee0/beacon_attestation_16/ssz_snappy", "/eth2/d84e2ee0/beacon_attestation_17/ssz_snappy", "/eth2/d84e2ee0/beacon_attestation_18/ssz_snappy", "/eth2/d84e2ee0/beacon_attestation_19/ssz_snappy", "/eth2/d84e2ee0/beacon_attestation_20/ssz_snappy", "/eth2/d84e2ee0/beacon_attestation_21/ssz_snappy", "/eth2/d84e2ee0/beacon_attestation_22/ssz_snappy", "/eth2/d84e2ee0/beacon_attestation_23/ssz_snappy", "/eth2/d84e2ee0/beacon_attestation_24/ssz_snappy", "/eth2/d84e2ee0/beacon_attestation_25/ssz_snappy", "/eth2/d84e2ee0/beacon_attestation_26/ssz_snappy", "/eth2/d84e2ee0/beacon_attestation_27/ssz_snappy", "/eth2/d84e2ee0/beacon_attestation_28/ssz_snappy", "/eth2/d84e2ee0/beacon_attestation_29/ssz_snappy", "/eth2/d84e2ee0/beacon_attestation_30/ssz_snappy", "/eth2/d84e2ee0/beacon_attestation_31/ssz_snappy", "/eth2/d84e2ee0/beacon_attestation_32/ssz_snappy", "/eth2/d84e2ee0/beacon_attestation_33/ssz_snappy", "/eth2/d84e2ee0/beacon_attestation_34/ssz_snappy", "/eth2/d84e2ee0/beacon_attestation_35/ssz_snappy", "/eth2/d84e2ee0/beacon_attestation_36/ssz_snappy", "/eth2/d84e2ee0/beacon_attestation_37/ssz_snappy", "/eth2/d84e2ee0/beacon_attestation_38/ssz_snappy", "/eth2/d84e2ee0/beacon_attestation_39/ssz_snappy", "/eth2/d84e2ee0/beacon_attestation_40/ssz_snappy", "/eth2/d84e2ee0/beacon_attestation_41/ssz_snappy", "/eth2/d84e2ee0/beacon_attestation_42/ssz_snappy", "/eth2/d84e2ee0/beacon_attestation_43/ssz_snappy", "/eth2/d84e2ee0/beacon_attestation_44/ssz_snappy", "/eth2/d84e2ee0/beacon_attestation_45/ssz_snappy", "/eth2/d84e2ee0/beacon_attestation_46/ssz_snappy", "/eth2/d84e2ee0/beacon_attestation_47/ssz_snappy", "/eth2/d84e2ee0/beacon_attestation_48/ssz_snappy", "/eth2/d84e2ee0/beacon_attestation_49/ssz_snappy", "/eth2/d84e2ee0/beacon_attestation_50/ssz_snappy", "/eth2/d84e2ee0/beacon_attestation_51/ssz_snappy", "/eth2/d84e2ee0/beacon_attestation_52/ssz_snappy", "/eth2/d84e2ee0/beacon_attestation_53/ssz_snappy", "/eth2/d84e2ee0/beacon_attestation_54/ssz_snappy", "/eth2/d84e2ee0/beacon_attestation_55/ssz_snappy", "/eth2/d84e2ee0/beacon_attestation_56/ssz_snappy", "/eth2/d84e2ee0/beacon_attestation_57/ssz_snappy", "/eth2/d84e2ee0/beacon_attestation_58/ssz_snappy", "/eth2/d84e2ee0/beacon_attestation_59/ssz_snappy", "/eth2/d84e2ee0/beacon_attestation_60/ssz_snappy", "/eth2/d84e2ee0/beacon_attestation_61/ssz_snappy", "/eth2/d84e2ee0/beacon_attestation_62/ssz_snappy", "/eth2/d84e2ee0/beacon_attestation_63/ssz_snappy", "/eth2/d84e2ee0/sync_committee_0/ssz_snappy", "/eth2/d84e2ee0/sync_committee_1/ssz_snappy", "/eth2/d84e2ee0/sync_committee_2/ssz_snappy", "/eth2/d84e2ee0/sync_committee_3/ssz_snappy"], service: network
Dec 06 21:01:14.868 INFO Waiting for genesis                     wait_time: 0 mins, peers: 1, service: slot_notifier
Dec 06 21:01:14.868 WARN Not ready Bellatrix                     info: The execution endpoint is connected and configured, however it is not yet synced, service: slot_notifier
Dec 06 21:01:14.870 WARN Execution engine call failed            error: Json(Error("missing field `totalDifficulty`", line: 0, column: 0)), service: exec
Dec 06 21:01:14.870 ERRO Unable to check genesis execution payload, error: ExecutionLayerGetBlockByNumberFailed(EngineError(Api { error: Json(Error("missing field `totalDifficulty`", line: 0, column: 0)) })), service: slot_notifier
Dec 06 21:01:16.871 INFO Waiting for genesis                     wait_time: 0 mins, peers: 2, service: slot_notifier
Dec 06 21:01:16.871 WARN Not ready Bellatrix                     info: The execution endpoint is connected and configured, however it is not yet synced, service: slot_notifier
Dec 06 21:01:16.872 WARN Execution engine call failed            error: Json(Error("missing field `totalDifficulty`", line: 0, column: 0)), service: exec
Dec 06 21:01:16.872 ERRO Unable to check genesis execution payload, error: ExecutionLayerGetBlockByNumberFailed(EngineError(Api { error: Json(Error("missing field `totalDifficulty`", line: 0, column: 0)) })), service: slot_notifier
Dec 06 21:01:18.873 INFO Waiting for genesis                     wait_time: 0 mins, peers: 2, service: slot_notifier
Dec 06 21:01:18.873 WARN Not ready Bellatrix                     info: The execution endpoint is connected and configured, however it is not yet synced, service: slot_notifier
Dec 06 21:01:18.875 WARN Execution engine call failed            error: Json(Error("missing field `totalDifficulty`", line: 0, column: 0)), service: exec
Dec 06 21:01:18.875 ERRO Unable to check genesis execution payload, error: ExecutionLayerGetBlockByNumberFailed(EngineError(Api { error: Json(Error("missing field `totalDifficulty`", line: 0, column: 0)) })), service: slot_notifier
Dec 06 21:01:20.876 INFO Waiting for genesis                     wait_time: 0 mins, peers: 2, service: slot_notifier
Dec 06 21:01:20.877 WARN Not ready Bellatrix                     info: The execution endpoint is connected and configured, however it is not yet synced, service: slot_notifier
Dec 06 21:01:20.878 WARN Execution engine call failed            error: Json(Error("missing field `totalDifficulty`", line: 0, column: 0)), service: exec
Dec 06 21:01:20.878 ERRO Unable to check genesis execution payload, error: ExecutionLayerGetBlockByNumberFailed(EngineError(Api { error: Json(Error("missing field `totalDifficulty`", line: 0, column: 0)) })), service: slot_notifier
Dec 06 21:01:22.864 INFO UPnP not available                      service: libp2p
Dec 06 21:01:22.864 INFO Could not UPnP map Discovery port       error: Gateway does not support UPnP
Dec 06 21:01:22.880 INFO Waiting for genesis                     wait_time: 0 mins, peers: 2, service: slot_notifier
Dec 06 21:01:22.880 WARN Not ready Bellatrix                     info: The execution endpoint is connected and configured, however it is not yet synced, service: slot_notifier
Dec 06 21:01:22.882 WARN Execution engine call failed            error: Json(Error("missing field `totalDifficulty`", line: 0, column: 0)), service: exec
Dec 06 21:01:22.882 ERRO Unable to check genesis execution payload, error: ExecutionLayerGetBlockByNumberFailed(EngineError(Api { error: Json(Error("missing field `totalDifficulty`", line: 0, column: 0)) })), service: slot_notifier
Dec 06 21:01:24.883 INFO Waiting for genesis                     wait_time: 0 mins, peers: 2, service: slot_notifier
Dec 06 21:01:24.883 WARN Not ready Bellatrix                     info: The execution endpoint is connected and configured, however it is not yet synced, service: slot_notifier
Dec 06 21:01:24.886 WARN Execution engine call failed            error: Json(Error("missing field `totalDifficulty`", line: 0, column: 0)), service: exec
Dec 06 21:01:24.886 ERRO Unable to check genesis execution payload, error: ExecutionLayerGetBlockByNumberFailed(EngineError(Api { error: Json(Error("missing field `totalDifficulty`", line: 0, column: 0)) })), service: slot_notifier
Dec 06 21:01:26.888 INFO Waiting for genesis                     wait_time: 0 mins, peers: 2, service: slot_notifier
Dec 06 21:01:26.888 WARN Not ready Bellatrix                     info: The execution endpoint is connected and configured, however it is not yet synced, service: slot_notifier
Dec 06 21:01:26.890 WARN Execution engine call failed            error: Json(Error("missing field `totalDifficulty`", line: 0, column: 0)), service: exec
Dec 06 21:01:26.890 ERRO Unable to check genesis execution payload, error: ExecutionLayerGetBlockByNumberFailed(EngineError(Api { error: Json(Error("missing field `totalDifficulty`", line: 0, column: 0)) })), service: slot_notifier
Dec 06 21:01:28.891 INFO Waiting for genesis                     wait_time: 0 mins, peers: 2, service: slot_notifier
Dec 06 21:01:28.891 WARN Not ready Bellatrix                     info: The execution endpoint is connected and configured, however it is not yet synced, service: slot_notifier
Dec 06 21:01:28.891 WARN Execution engine call failed            error: Json(Error("missing field `totalDifficulty`", line: 0, column: 0)), service: exec
Dec 06 21:01:28.891 ERRO Unable to check genesis execution payload, error: ExecutionLayerGetBlockByNumberFailed(EngineError(Api { error: Json(Error("missing field `totalDifficulty`", line: 0, column: 0)) })), service: slot_notifier
Dec 06 21:01:30.893 INFO Waiting for genesis                     wait_time: 0 mins, peers: 2, service: slot_notifier
Dec 06 21:01:30.893 WARN Not ready Bellatrix                     info: The execution endpoint is connected and configured, however it is not yet synced, service: slot_notifier
Dec 06 21:01:30.895 WARN Execution engine call failed            error: Json(Error("missing field `totalDifficulty`", line: 0, column: 0)), service: exec
Dec 06 21:01:30.895 ERRO Unable to check genesis execution payload, error: ExecutionLayerGetBlockByNumberFailed(EngineError(Api { error: Json(Error("missing field `totalDifficulty`", line: 0, column: 0)) })), service: slot_notifier
Dec 06 21:01:32.897 INFO Waiting for genesis                     wait_time: 0 mins, peers: 2, service: slot_notifier
Dec 06 21:01:32.897 WARN Not ready Bellatrix                     info: The execution endpoint is connected and configured, however it is not yet synced, service: slot_notifier
Dec 06 21:01:32.899 WARN Execution engine call failed            error: Json(Error("missing field `totalDifficulty`", line: 0, column: 0)), service: exec
Dec 06 21:01:32.899 ERRO Unable to check genesis execution payload, error: ExecutionLayerGetBlockByNumberFailed(EngineError(Api { error: Json(Error("missing field `totalDifficulty`", line: 0, column: 0)) })), service: slot_notifier
Dec 06 21:01:34.900 INFO Waiting for genesis                     wait_time: 0 mins, peers: 2, service: slot_notifier
Dec 06 21:01:34.900 WARN Not ready Bellatrix                     info: The execution endpoint is connected and configured, however it is not yet synced, service: slot_notifier
Dec 06 21:01:34.902 WARN Execution engine call failed            error: Json(Error("missing field `totalDifficulty`", line: 0, column: 0)), service: exec
Dec 06 21:01:34.902 ERRO Unable to check genesis execution payload, error: ExecutionLayerGetBlockByNumberFailed(EngineError(Api { error: Json(Error("missing field `totalDifficulty`", line: 0, column: 0)) })), service: slot_notifier
Dec 06 21:01:36.903 INFO Waiting for genesis                     wait_time: 0 mins, peers: 2, service: slot_notifier
Dec 06 21:01:36.903 WARN Not ready Bellatrix                     info: The execution endpoint is connected and configured, however it is not yet synced, service: slot_notifier
Dec 06 21:01:36.905 WARN Execution engine call failed            error: Json(Error("missing field `totalDifficulty`", line: 0, column: 0)), service: exec
Dec 06 21:01:36.905 ERRO Unable to check genesis execution payload, error: ExecutionLayerGetBlockByNumberFailed(EngineError(Api { error: Json(Error("missing field `totalDifficulty`", line: 0, column: 0)) })), service: slot_notifier
Dec 06 21:01:38.906 INFO Waiting for genesis                     wait_time: 0 mins, peers: 2, service: slot_notifier
Dec 06 21:01:38.906 WARN Not ready Bellatrix                     info: The execution endpoint is connected and configured, however it is not yet synced, service: slot_notifier
Dec 06 21:01:38.907 WARN Execution engine call failed            error: Json(Error("missing field `totalDifficulty`", line: 0, column: 0)), service: exec
Dec 06 21:01:38.907 ERRO Unable to check genesis execution payload, error: ExecutionLayerGetBlockByNumberFailed(EngineError(Api { error: Json(Error("missing field `totalDifficulty`", line: 0, column: 0)) })), service: slot_notifier
Dec 06 21:01:40.908 INFO Waiting for genesis                     wait_time: 0 mins, peers: 2, service: slot_notifier
Dec 06 21:01:40.908 WARN Not ready Bellatrix                     info: The execution endpoint is connected and configured, however it is not yet synced, service: slot_notifier
Dec 06 21:01:40.908 WARN Execution engine call failed            error: Json(Error("missing field `totalDifficulty`", line: 0, column: 0)), service: exec
Dec 06 21:01:40.908 ERRO Unable to check genesis execution payload, error: ExecutionLayerGetBlockByNumberFailed(EngineError(Api { error: Json(Error("missing field `totalDifficulty`", line: 0, column: 0)) })), service: slot_notifier
Dec 06 21:01:42.909 INFO Waiting for genesis                     wait_time: 0 mins, peers: 2, service: slot_notifier
Dec 06 21:01:42.909 WARN Not ready Bellatrix                     info: The execution endpoint is connected and configured, however it is not yet synced, service: slot_notifier
Dec 06 21:01:42.910 WARN Execution engine call failed            error: Json(Error("missing field `totalDifficulty`", line: 0, column: 0)), service: exec
Dec 06 21:01:42.910 ERRO Unable to check genesis execution payload, error: ExecutionLayerGetBlockByNumberFailed(EngineError(Api { error: Json(Error("missing field `totalDifficulty`", line: 0, column: 0)) })), service: slot_notifier
Dec 06 21:01:44.911 INFO Waiting for genesis                     wait_time: 0 mins, peers: 2, service: slot_notifier
Dec 06 21:01:44.911 WARN Not ready Bellatrix                     info: The execution endpoint is connected and configured, however it is not yet synced, service: slot_notifier
Dec 06 21:01:44.911 WARN Execution engine call failed            error: Json(Error("missing field `totalDifficulty`", line: 0, column: 0)), service: exec
Dec 06 21:01:44.911 ERRO Unable to check genesis execution payload, error: ExecutionLayerGetBlockByNumberFailed(EngineError(Api { error: Json(Error("missing field `totalDifficulty`", line: 0, column: 0)) })), service: slot_notifier
Dec 06 21:01:46.912 INFO Waiting for genesis                     wait_time: 0 mins, peers: 2, service: slot_notifier
Dec 06 21:01:46.912 WARN Not ready Bellatrix                     info: The execution endpoint is connected and configured, however it is not yet synced, service: slot_notifier
Dec 06 21:01:46.912 WARN Execution engine call failed            error: Json(Error("missing field `totalDifficulty`", line: 0, column: 0)), service: exec
Dec 06 21:01:46.912 ERRO Unable to check genesis execution payload, error: ExecutionLayerGetBlockByNumberFailed(EngineError(Api { error: Json(Error("missing field `totalDifficulty`", line: 0, column: 0)) })), service: slot_notifier
Dec 06 21:01:48.913 INFO Waiting for genesis                     wait_time: 0 mins, peers: 2, service: slot_notifier
Dec 06 21:01:48.913 WARN Not ready Bellatrix                     info: The execution endpoint is connected and configured, however it is not yet synced, service: slot_notifier
Dec 06 21:01:48.914 WARN Execution engine call failed            error: Json(Error("missing field `totalDifficulty`", line: 0, column: 0)), service: exec
Dec 06 21:01:48.914 ERRO Unable to check genesis execution payload, error: ExecutionLayerGetBlockByNumberFailed(EngineError(Api { error: Json(Error("missing field `totalDifficulty`", line: 0, column: 0)) })), service: slot_notifier
Dec 06 21:01:50.500 WARN Unable to determine slot in state advance timer, error: UnableToReadSlot, service: state_advance
Dec 06 21:01:52.000 INFO Synced                                  slot: 0, block: 0x4b04…4842, epoch: 0, finalized_epoch: 0, finalized_root: 0x4b04…4842, exec_hash: n/a, peers: 2, service: slot_notifier
Dec 06 21:01:52.001 WARN Not ready Bellatrix                     info: The execution endpoint is connected and configured, however it is not yet synced, service: slot_notifier
Dec 06 21:01:53.005 INFO Prepared beacon proposer                parent_root: 0x4b0410f9b5e5d0038dedf093f689733736625fb9ff21f529faa6baaf0d274842, validator: 117, prepare_slot: 2, service: beacon
Dec 06 21:01:53.008 ERRO No valid eth1_data votes, `votes_to_consider` empty, outcome: casting `state.eth1_data` as eth1 vote, genesis_time: 1733518911, earliest_block_timestamp: 1733518891, lowest_block_number: 0, service: deposit_contract_rpc
Dec 06 21:01:53.009 WARN Producing block with no sync contributions, slot: 1, service: beacon
Dec 06 21:01:53.100 INFO Signed block published to network via HTTP API, publish_delay_ms: 1, slot: 1
Dec 06 21:01:53.110 INFO Valid block from HTTP API               slot: 1, proposer_index: 67, root: 0xf13b…704e, block_delay: 98.866585ms
Dec 06 21:01:53.114 INFO Prepared beacon proposer                parent_root: 0xf13b760cf0f66f3fdf4b7f5d6efff4b3eb215f8c7e243ea163074a02acdb704e, validator: 117, prepare_slot: 2, service: beacon
Dec 06 21:01:53.114 INFO Execution engine online                 service: exec
Dec 06 21:01:53.114 INFO Issuing forkchoiceUpdated               forkchoice_state: ForkchoiceState { head_block_hash: 0xa3a0173e3d9fa69d29b1818bb80085d50a8a9e1988a10064126f3030129317f6, safe_block_hash: 0x0000000000000000000000000000000000000000000000000000000000000000, finalized_block_hash: 0x0000000000000000000000000000000000000000000000000000000000000000 }, service: exec
Dec 06 21:01:53.490 INFO Forwarding register validator request to connected builder, count: 64
Dec 06 21:01:53.509 WARN Relay error when registering validator(s), error: HttpClient(url: http://mev-boost-2-lighthouse-geth:18550/, kind: request, detail: error trying to connect: dns error: failed to lookup address information: Name or service not known), num_registrations: 64
Dec 06 21:01:53.509 WARN Error processing HTTP API request       method: POST, path: /eth/v1/validator/register_validator, status: 500 Internal Server Error, elapsed: 21.910048ms
Dec 06 21:01:54.000 INFO Synced                                  slot: 1, block: 0xf13b…704e, epoch: 0, finalized_epoch: 0, finalized_root: 0x4b04…4842, exec_hash: 0xa3a0…17f6 (verified), peers: 2, service: slot_notifier
Dec 06 21:01:55.005 INFO Prepared beacon proposer                parent_root: 0xf13b760cf0f66f3fdf4b7f5d6efff4b3eb215f8c7e243ea163074a02acdb704e, validator: 83, prepare_slot: 3, service: beacon
Dec 06 21:01:55.088 ERRO No valid eth1_data votes, `votes_to_consider` empty, outcome: casting `state.eth1_data` as eth1 vote, genesis_time: 1733518911, earliest_block_timestamp: 1733518891, lowest_block_number: 0, service: deposit_contract_rpc
Dec 06 21:01:55.088 INFO Requesting blinded header from connected builder, parent_hash: 0xa3a0173e3d9fa69d29b1818bb80085d50a8a9e1988a10064126f3030129317f6, pubkey: 0x8d9dc5d04f5b105ddd3e84529e16f33748969fea81729ea7dc087fee8f1e3e2faeaaee3ca7ee5dc264a22cbe0ff809b3, slot: Slot(2), service: exec
Dec 06 21:01:55.089 WARN Producing block with no sync contributions, slot: 2, service: beacon
Dec 06 21:01:55.107 INFO Requested blinded execution payload     parent_hash: 0xa3a0173e3d9fa69d29b1818bb80085d50a8a9e1988a10064126f3030129317f6, local_response_ms: 1, local_fee_recipient: 0x8943545177806ed17b9f23f0a21ee5948ecaa776, relay_response_ms: 18, relay_fee_recipient: request failed, service: exec
Dec 06 21:01:55.107 WARN Builder error when requesting payload   parent_hash: 0xa3a0173e3d9fa69d29b1818bb80085d50a8a9e1988a10064126f3030129317f6, local_block_hash: 0x4b6a37a91b5e2ad80c9787f08ef52774041b74098c835b7c34be5539fdea9a90, relay_error: HttpClient(url: http://mev-boost-2-lighthouse-geth:18550/, kind: request, detail: error trying to connect: dns error: failed to lookup address information: Name or service not known), info: falling back to local execution client, service: exec
Dec 06 21:01:55.193 INFO Signed block published to network via HTTP API, publish_delay_ms: 0, slot: 2
Dec 06 21:01:55.197 INFO Valid block from HTTP API               slot: 2, proposer_index: 117, root: 0x9d93…27b2, block_delay: 192.788043ms
Dec 06 21:01:55.198 INFO Prepared beacon proposer                parent_root: 0x9d9372a17dc8bd06b1bb5075264dbbeb3123176e6be375a0b86cf2b1102727b2, validator: 83, prepare_slot: 3, service: beacon
Dec 06 21:01:56.000 INFO Synced                                  slot: 2, block: 0x9d93…27b2, epoch: 0, finalized_epoch: 0, finalized_root: 0x4b04…4842, exec_hash: 0x4b6a…9a90 (verified), peers: 2, service: slot_notifier
Dec 06 21:01:57.089 ERRO No valid eth1_data votes, `votes_to_consider` empty, outcome: casting `state.eth1_data` as eth1 vote, genesis_time: 1733518911, earliest_block_timestamp: 1733518891, lowest_block_number: 0, service: deposit_contract_rpc
Dec 06 21:01:57.089 INFO Requesting blinded header from connected builder, parent_hash: 0x4b6a37a91b5e2ad80c9787f08ef52774041b74098c835b7c34be5539fdea9a90, pubkey: 0x98213294b82bc66ee39e95a678472fb41df846ec2863c5be53e1fd56b6ff0fe1bfd5b2bd8c534dd97acbe597ad119cc7, slot: Slot(3), service: exec
Dec 06 21:01:57.111 INFO Requested blinded execution payload     parent_hash: 0x4b6a37a91b5e2ad80c9787f08ef52774041b74098c835b7c34be5539fdea9a90, local_response_ms: 1, local_fee_recipient: 0x8943545177806ed17b9f23f0a21ee5948ecaa776, relay_response_ms: 22, relay_fee_recipient: request failed, service: exec
Dec 06 21:01:57.111 WARN Builder error when requesting payload   parent_hash: 0x4b6a37a91b5e2ad80c9787f08ef52774041b74098c835b7c34be5539fdea9a90, local_block_hash: 0x205c449a3bf27af346bff2459ee18176ed4a04a4aebd56424b050c6c5f9321d8, relay_error: HttpClient(url: http://mev-boost-2-lighthouse-geth:18550/, kind: request, detail: error trying to connect: dns error: failed to lookup address information: Name or service not known), info: falling back to local execution client, service: exec
Dec 06 21:01:57.197 INFO Signed block published to network via HTTP API, publish_delay_ms: 1, slot: 3
Dec 06 21:01:57.208 INFO Valid block from HTTP API               slot: 3, proposer_index: 83, root: 0xc22b…ba38, block_delay: 196.000986ms
Dec 06 21:01:58.000 INFO Synced                                  slot: 3, block: 0xc22b…ba38, epoch: 0, finalized_epoch: 0, finalized_root: 0x4b04…4842, exec_hash: 0x205c…21d8 (verified), peers: 2, service: slot_notifier
Dec 06 21:01:59.214 INFO New block received                      root: 0x8a821b85ffcffd179cd216c20071253560350eadc1b4fe7c2723de59de5aa738, slot: 4
Dec 06 21:02:00.001 INFO Synced                                  slot: 4, block: 0x8a82…a738, epoch: 0, finalized_epoch: 0, finalized_root: 0x4b04…4842, exec_hash: 0xace1…8ecd (verified), peers: 2, service: slot_notifier
Dec 06 21:02:01.086 INFO Prepared beacon proposer                parent_root: 0x8a821b85ffcffd179cd216c20071253560350eadc1b4fe7c2723de59de5aa738, validator: 118, prepare_slot: 6, service: beacon
Dec 06 21:02:01.206 INFO New block received                      root: 0xb83282898f937ef96c52464a846dfac3139e11c1f8928756a1b8f3305afa1913, slot: 5
Dec 06 21:02:01.218 INFO Prepared beacon proposer                parent_root: 0xb83282898f937ef96c52464a846dfac3139e11c1f8928756a1b8f3305afa1913, validator: 118, prepare_slot: 6, service: beacon
Dec 06 21:02:02.001 INFO Synced                                  slot: 5, block: 0xb832…1913, epoch: 0, finalized_epoch: 0, finalized_root: 0x4b04…4842, exec_hash: 0xeff1…f43a (verified), peers: 2, service: slot_notifier
Dec 06 21:02:03.087 ERRO No valid eth1_data votes, `votes_to_consider` empty, outcome: casting `state.eth1_data` as eth1 vote, genesis_time: 1733518911, earliest_block_timestamp: 1733518891, lowest_block_number: 0, service: deposit_contract_rpc
Dec 06 21:02:03.087 INFO Requesting blinded header from connected builder, parent_hash: 0xeff1fdcab3c2ea2bca1aac2d1e6c693e28210c7329f2ece2455531b51345f43a, pubkey: 0xb8f404f4d6965ff42eb6b325a85570ad85c4e8bfa9953d10eda05dc5db0070b8b43242eef8c2fbbe3a549149419a6428, slot: Slot(6), service: exec
Dec 06 21:02:03.107 INFO Requested blinded execution payload     parent_hash: 0xeff1fdcab3c2ea2bca1aac2d1e6c693e28210c7329f2ece2455531b51345f43a, local_response_ms: 1, local_fee_recipient: 0x8943545177806ed17b9f23f0a21ee5948ecaa776, relay_response_ms: 19, relay_fee_recipient: request failed, service: exec
Dec 06 21:02:03.107 WARN Builder error when requesting payload   parent_hash: 0xeff1fdcab3c2ea2bca1aac2d1e6c693e28210c7329f2ece2455531b51345f43a, local_block_hash: 0x996bc4dee136c861c6bb73df1f5e7d463b0d69cce910da1cb70035df9fb366a5, relay_error: HttpClient(url: http://mev-boost-2-lighthouse-geth:18550/, kind: request, detail: error trying to connect: dns error: failed to lookup address information: Name or service not known), info: falling back to local execution client, service: exec
Dec 06 21:02:03.198 INFO Signed block published to network via HTTP API, publish_delay_ms: 1, slot: 6
Dec 06 21:02:03.208 INFO Valid block from HTTP API               slot: 6, proposer_index: 118, root: 0x5fba…cb12, block_delay: 197.607483ms
Dec 06 21:02:04.000 INFO Synced                                  slot: 6, block: 0x5fba…cb12, epoch: 0, finalized_epoch: 0, finalized_root: 0x4b04…4842, exec_hash: 0x996b…66a5 (verified), peers: 2, service: slot_notifier
Dec 06 21:02:05.215 INFO New block received                      root: 0x49ccd216e168eaa493da92fbe7c5d394a833a44394135fde511afe2da411e9d4, slot: 7
Dec 06 21:02:06.000 INFO Synced                                  slot: 7, block: 0x49cc…e9d4, epoch: 0, finalized_epoch: 0, finalized_root: 0x4b04…4842, exec_hash: 0x5974…8539 (verified), peers: 2, service: slot_notifier
Dec 06 21:02:07.085 INFO Prepared beacon proposer                parent_root: 0x49ccd216e168eaa493da92fbe7c5d394a833a44394135fde511afe2da411e9d4, validator: 76, prepare_slot: 9, service: beacon
Dec 06 21:02:07.206 INFO New block received                      root: 0x3320f10ade29e3a17dad4df9e3eb931f67314ce4275d7e3443b8ba9f10144134, slot: 8
Dec 06 21:02:07.218 INFO Prepared beacon proposer                parent_root: 0x3320f10ade29e3a17dad4df9e3eb931f67314ce4275d7e3443b8ba9f10144134, validator: 76, prepare_slot: 9, service: beacon
Dec 06 21:02:08.000 INFO Synced                                  slot: 8, block: 0x3320…4134, epoch: 0, finalized_epoch: 0, finalized_root: 0x4b04…4842, exec_hash: 0x53b3…5748 (verified), peers: 2, service: slot_notifier
Dec 06 21:02:09.087 INFO Prepared beacon proposer                parent_root: 0x3320f10ade29e3a17dad4df9e3eb931f67314ce4275d7e3443b8ba9f10144134, validator: 123, prepare_slot: 10, service: beacon
Dec 06 21:02:09.089 ERRO No valid eth1_data votes, `votes_to_consider` empty, outcome: casting `state.eth1_data` as eth1 vote, genesis_time: 1733518911, earliest_block_timestamp: 1733518891, lowest_block_number: 0, service: deposit_contract_rpc
Dec 06 21:02:09.090 INFO Requesting blinded header from connected builder, parent_hash: 0x53b32c12480b18ad8ad20adc737b5d08e321bd0ca451ff5b5849282c70f85748, pubkey: 0x91da49dbfb1a4a339ee8e1b902bf18302c3ca948da1dacfecfe9934d231013544dbd97689c2996f22b456f7e408a138c, slot: Slot(9), service: exec
Dec 06 21:02:09.110 INFO Requested blinded execution payload     parent_hash: 0x53b32c12480b18ad8ad20adc737b5d08e321bd0ca451ff5b5849282c70f85748, local_response_ms: 1, local_fee_recipient: 0x8943545177806ed17b9f23f0a21ee5948ecaa776, relay_response_ms: 19, relay_fee_recipient: request failed, service: exec
Dec 06 21:02:09.110 WARN Builder error when requesting payload   parent_hash: 0x53b32c12480b18ad8ad20adc737b5d08e321bd0ca451ff5b5849282c70f85748, local_block_hash: 0x2d1fd34562fd2d78b1f36f86db4d8302eeb6a0238bd95a435c26f535ca252954, relay_error: HttpClient(url: http://mev-boost-2-lighthouse-geth:18550/, kind: request, detail: error trying to connect: dns error: failed to lookup address information: Name or service not known), info: falling back to local execution client, service: exec
Dec 06 21:02:09.197 INFO Signed block published to network via HTTP API, publish_delay_ms: 1, slot: 9
Dec 06 21:02:09.207 INFO Valid block from HTTP API               slot: 9, proposer_index: 76, root: 0xeea4…9d3d, block_delay: 196.569037ms
Dec 06 21:02:09.211 INFO Prepared beacon proposer                parent_root: 0xeea483ced857aac2fb3c7b6f5d9031676ace3bdc8effd9e0828b58b814349d3d, validator: 123, prepare_slot: 10, service: beacon
Dec 06 21:02:10.000 INFO Synced                                  slot: 9, block: 0xeea4…9d3d, epoch: 0, finalized_epoch: 0, finalized_root: 0x4b04…4842, exec_hash: 0x2d1f…2954 (verified), peers: 2, service: slot_notifier
Dec 06 21:02:11.004 INFO Prepared beacon proposer                parent_root: 0xeea483ced857aac2fb3c7b6f5d9031676ace3bdc8effd9e0828b58b814349d3d, validator: 122, prepare_slot: 11, service: beacon
Dec 06 21:02:11.088 ERRO No valid eth1_data votes, `votes_to_consider` empty, outcome: casting `state.eth1_data` as eth1 vote, genesis_time: 1733518911, earliest_block_timestamp: 1733518891, lowest_block_number: 0, service: deposit_contract_rpc
Dec 06 21:02:11.089 INFO Requesting blinded header from connected builder, parent_hash: 0x2d1fd34562fd2d78b1f36f86db4d8302eeb6a0238bd95a435c26f535ca252954, pubkey: 0xb967afc934f2efd001a6901490e770602f80df9ec0eb3293490ed8c55e14d08f5bebb7bd183f485de29a8423d859a501, slot: Slot(10), service: exec
Dec 06 21:02:11.108 INFO Requested blinded execution payload     parent_hash: 0x2d1fd34562fd2d78b1f36f86db4d8302eeb6a0238bd95a435c26f535ca252954, local_response_ms: 1, local_fee_recipient: 0x8943545177806ed17b9f23f0a21ee5948ecaa776, relay_response_ms: 18, relay_fee_recipient: request failed, service: exec
Dec 06 21:02:11.108 WARN Builder error when requesting payload   parent_hash: 0x2d1fd34562fd2d78b1f36f86db4d8302eeb6a0238bd95a435c26f535ca252954, local_block_hash: 0x4c8549ab266915dd78286efdfa63b17df861bbceaf38bcb708020dc5575182cb, relay_error: HttpClient(url: http://mev-boost-2-lighthouse-geth:18550/, kind: request, detail: error trying to connect: dns error: failed to lookup address information: Name or service not known), info: falling back to local execution client, service: exec
Dec 06 21:02:11.196 INFO Signed block published to network via HTTP API, publish_delay_ms: 1, slot: 10
Dec 06 21:02:11.208 INFO Valid block from HTTP API               slot: 10, proposer_index: 123, root: 0x1686…45ef, block_delay: 195.328046ms
Dec 06 21:02:11.212 INFO Prepared beacon proposer                parent_root: 0x1686b0c83b4e351de31a30e72115a9636b3aecdfd2a137643487ab0f3b3845ef, validator: 122, prepare_slot: 11, service: beacon
Dec 06 21:02:12.000 INFO Synced                                  slot: 10, block: 0x1686…45ef, epoch: 0, finalized_epoch: 0, finalized_root: 0x4b04…4842, exec_hash: 0x4c85…82cb (verified), peers: 2, service: slot_notifier
Dec 06 21:02:13.087 ERRO No valid eth1_data votes, `votes_to_consider` empty, outcome: casting `state.eth1_data` as eth1 vote, genesis_time: 1733518911, earliest_block_timestamp: 1733518891, lowest_block_number: 0, service: deposit_contract_rpc
Dec 06 21:02:13.088 INFO Requesting blinded header from connected builder, parent_hash: 0x4c8549ab266915dd78286efdfa63b17df861bbceaf38bcb708020dc5575182cb, pubkey: 0xaa8ec705d7394909c67619fe6ba077508290a2756f0bd39b46f53950da8965c8a2fe8d1f2ce19bca22a8aeb9efbdbff6, slot: Slot(11), service: exec
Dec 06 21:02:13.107 INFO Requested blinded execution payload     parent_hash: 0x4c8549ab266915dd78286efdfa63b17df861bbceaf38bcb708020dc5575182cb, local_response_ms: 6, local_fee_recipient: 0x8943545177806ed17b9f23f0a21ee5948ecaa776, relay_response_ms: 19, relay_fee_recipient: request failed, service: exec
Dec 06 21:02:13.107 WARN Builder error when requesting payload   parent_hash: 0x4c8549ab266915dd78286efdfa63b17df861bbceaf38bcb708020dc5575182cb, local_block_hash: 0x1a50564875328a8d628010566a49b24de90926b3a724ebbcc0d950c97b6ac48d, relay_error: HttpClient(url: http://mev-boost-2-lighthouse-geth:18550/, kind: request, detail: error trying to connect: dns error: failed to lookup address information: Name or service not known), info: falling back to local execution client, service: exec
Dec 06 21:02:13.204 INFO Signed block published to network via HTTP API, publish_delay_ms: 2, slot: 11
Dec 06 21:02:13.234 INFO Valid block from HTTP API               slot: 11, proposer_index: 122, root: 0x8ae9…b4ee, block_delay: 201.669213ms
Dec 06 21:02:14.000 INFO Synced                                  slot: 11, block: 0x8ae9…b4ee, epoch: 0, finalized_epoch: 0, finalized_root: 0x4b04…4842, exec_hash: 0x1a50…c48d (verified), peers: 2, service: slot_notifier
Dec 06 21:02:15.206 INFO New block received                      root: 0x6f08869aa7ea61dff067b455b9a07e8a6cee4bfc3125f32d126e1f229984e6a8, slot: 12
Dec 06 21:02:16.000 INFO Synced                                  slot: 12, block: 0x6f08…e6a8, epoch: 0, finalized_epoch: 0, finalized_root: 0x4b04…4842, exec_hash: 0x59c9…5263 (verified), peers: 2, service: slot_notifier
Dec 06 21:02:17.207 INFO New block received                      root: 0x0e0015fc338341313a51a86edfb0b627bf5b10e9620b2e811e029b569237ad07, slot: 13
Dec 06 21:02:18.000 INFO Synced                                  slot: 13, block: 0x0e00…ad07, epoch: 0, finalized_epoch: 0, finalized_root: 0x4b04…4842, exec_hash: 0x83a9…0777 (verified), peers: 2, service: slot_notifier
Dec 06 21:02:19.001 INFO Prepared beacon proposer                parent_root: 0x0e0015fc338341313a51a86edfb0b627bf5b10e9620b2e811e029b569237ad07, validator: 123, prepare_slot: 15, service: beacon
Dec 06 21:02:19.206 INFO New block received                      root: 0xf9c558f6ee7f48de36b6f2eb30bd35dc9a7f4f2856df9782627b9bb9796138bf, slot: 14
Dec 06 21:02:19.229 INFO Prepared beacon proposer                parent_root: 0xf9c558f6ee7f48de36b6f2eb30bd35dc9a7f4f2856df9782627b9bb9796138bf, validator: 123, prepare_slot: 15, service: beacon
Dec 06 21:02:20.000 INFO Synced                                  slot: 14, block: 0xf9c5…38bf, epoch: 0, finalized_epoch: 0, finalized_root: 0x4b04…4842, exec_hash: 0x4dae…3e19 (verified), peers: 2, service: slot_notifier
Dec 06 21:02:21.002 INFO Prepared beacon proposer                parent_root: 0xf9c558f6ee7f48de36b6f2eb30bd35dc9a7f4f2856df9782627b9bb9796138bf, validator: 119, prepare_slot: 16, service: beacon
Dec 06 21:02:21.085 ERRO No valid eth1_data votes, `votes_to_consider` empty, outcome: casting `state.eth1_data` as eth1 vote, genesis_time: 1733518911, earliest_block_timestamp: 1733518891, lowest_block_number: 0, service: deposit_contract_rpc
Dec 06 21:02:21.085 INFO Requesting blinded header from connected builder, parent_hash: 0x4daef5fc70f4f00c3a8479caddebe48fea42bcaca280c791ba278dda49d23e19, pubkey: 0xb967afc934f2efd001a6901490e770602f80df9ec0eb3293490ed8c55e14d08f5bebb7bd183f485de29a8423d859a501, slot: Slot(15), service: exec
Dec 06 21:02:21.088 INFO Requested blinded execution payload     parent_hash: 0x4daef5fc70f4f00c3a8479caddebe48fea42bcaca280c791ba278dda49d23e19, local_response_ms: 2, local_fee_recipient: 0x8943545177806ed17b9f23f0a21ee5948ecaa776, relay_response_ms: 2, relay_fee_recipient: empty response, service: exec
Dec 06 21:02:21.088 INFO Builder did not return a payload        parent_hash: 0x4daef5fc70f4f00c3a8479caddebe48fea42bcaca280c791ba278dda49d23e19, local_block_hash: 0x2ba069d952a3be07d97aa8a12daf7dea7bb02be60494fdeca0cc794395b15f26, info: falling back to local execution client, service: exec
Dec 06 21:02:21.197 INFO Signed block published to network via HTTP API, publish_delay_ms: 3, slot: 15
Dec 06 21:02:21.233 INFO Valid block from HTTP API               slot: 15, proposer_index: 123, root: 0xd783…8073, block_delay: 194.443381ms
Dec 06 21:02:21.237 INFO Prepared beacon proposer                parent_root: 0xd783c6e85ab2ca82b388d4ed26282f3d60a04d37234dd53eb7570e4c97cc8073, validator: 119, prepare_slot: 16, service: beacon
Dec 06 21:02:22.000 INFO Synced                                  slot: 15, block: 0xd783…8073, epoch: 0, finalized_epoch: 0, finalized_root: 0x4b04…4842, exec_hash: 0x2ba0…5f26 (verified), peers: 2, service: slot_notifier
Dec 06 21:02:23.086 INFO Prepared beacon proposer                parent_root: 0xd783c6e85ab2ca82b388d4ed26282f3d60a04d37234dd53eb7570e4c97cc8073, validator: 90, prepare_slot: 17, service: beacon
Dec 06 21:02:23.086 ERRO No valid eth1_data votes, `votes_to_consider` empty, outcome: casting `state.eth1_data` as eth1 vote, genesis_time: 1733518911, earliest_block_timestamp: 1733518891, lowest_block_number: 0, service: deposit_contract_rpc
Dec 06 21:02:23.086 INFO Requesting blinded header from connected builder, parent_hash: 0x2ba069d952a3be07d97aa8a12daf7dea7bb02be60494fdeca0cc794395b15f26, pubkey: 0xa8494e9a4ca0b6fb595347fda04978eb76c0520b07b760ebce609c5051d6a7e2b01dc68f2b2eab6aca5a8fdbbdcd9346, slot: Slot(16), service: exec
Dec 06 21:02:23.088 INFO Requested blinded execution payload     parent_hash: 0x2ba069d952a3be07d97aa8a12daf7dea7bb02be60494fdeca0cc794395b15f26, local_response_ms: 2, local_fee_recipient: 0x8943545177806ed17b9f23f0a21ee5948ecaa776, relay_response_ms: 2, relay_fee_recipient: empty response, service: exec
Dec 06 21:02:23.088 INFO Builder did not return a payload        parent_hash: 0x2ba069d952a3be07d97aa8a12daf7dea7bb02be60494fdeca0cc794395b15f26, local_block_hash: 0x84560d94bc056d9e51090446957f0746084d005d8eecd417ca550325758553bd, info: falling back to local execution client, service: exec
Dec 06 21:02:23.192 INFO Signed block published to network via HTTP API, publish_delay_ms: 1, slot: 16
Dec 06 21:02:23.209 INFO Valid block from HTTP API               slot: 16, proposer_index: 119, root: 0x5905…ef96, block_delay: 191.467754ms
Dec 06 21:02:23.212 INFO Prepared beacon proposer                parent_root: 0x5905ad1d21c1bd83f742a035ed2bab6dbd983f6625ef3bbb1730cec0411eef96, validator: 90, prepare_slot: 17, service: beacon
Dec 06 21:02:24.000 INFO Synced                                  slot: 16, block: 0x5905…ef96, epoch: 0, finalized_epoch: 0, finalized_root: 0x4b04…4842, exec_hash: 0x8456…53bd (verified), peers: 2, service: slot_notifier
Dec 06 21:02:25.084 ERRO No valid eth1_data votes, `votes_to_consider` empty, outcome: casting `state.eth1_data` as eth1 vote, genesis_time: 1733518911, earliest_block_timestamp: 1733518891, lowest_block_number: 0, service: deposit_contract_rpc
Dec 06 21:02:25.084 INFO Requesting blinded header from connected builder, parent_hash: 0x84560d94bc056d9e51090446957f0746084d005d8eecd417ca550325758553bd, pubkey: 0xb6cd22959866607d91e13122bd34b050a7da426dad5e9779bcbb99e4a2e7bd5d18ce39f266bc61ef7524a2e2adfaf765, slot: Slot(17), service: exec
Dec 06 21:02:25.086 INFO Requested blinded execution payload     parent_hash: 0x84560d94bc056d9e51090446957f0746084d005d8eecd417ca550325758553bd, local_response_ms: 0, local_fee_recipient: 0x8943545177806ed17b9f23f0a21ee5948ecaa776, relay_response_ms: 1, relay_fee_recipient: empty response, service: exec
Dec 06 21:02:25.086 INFO Builder did not return a payload        parent_hash: 0x84560d94bc056d9e51090446957f0746084d005d8eecd417ca550325758553bd, local_block_hash: 0x57ff198b168086efe6662f1e1fdc5271a1899efd0ce51e7b697a2e3074ed8b18, info: falling back to local execution client, service: exec
Dec 06 21:02:25.192 INFO Signed block published to network via HTTP API, publish_delay_ms: 1, slot: 17
Dec 06 21:02:25.200 INFO Valid block from HTTP API               slot: 17, proposer_index: 90, root: 0xc155…5ddf, block_delay: 191.051659ms
Dec 06 21:02:26.000 INFO Synced                                  slot: 17, block: 0xc155…5ddf, epoch: 0, finalized_epoch: 0, finalized_root: 0x4b04…4842, exec_hash: 0x57ff…8b18 (verified), peers: 2, service: slot_notifier
Dec 06 21:02:27.002 INFO Prepared beacon proposer                parent_root: 0xc15512b06e30bc0143ae4763751221de0e6dbebdd0ef2239b279bc882bb95ddf, validator: 66, prepare_slot: 19, service: beacon
Dec 06 21:02:27.204 INFO New block received                      root: 0xcf41a8664267f61547ef35f13bc018e8ca5d68ff708798b5a98794b08413b371, slot: 18
Dec 06 21:02:27.214 INFO Prepared beacon proposer                parent_root: 0xcf41a8664267f61547ef35f13bc018e8ca5d68ff708798b5a98794b08413b371, validator: 66, prepare_slot: 19, service: beacon
Dec 06 21:02:28.000 INFO Synced                                  slot: 18, block: 0xcf41…b371, epoch: 0, finalized_epoch: 0, finalized_root: 0x4b04…4842, exec_hash: 0xe970…a5d8 (verified), peers: 2, service: slot_notifier
Dec 06 21:02:29.085 INFO Prepared beacon proposer                parent_root: 0xcf41a8664267f61547ef35f13bc018e8ca5d68ff708798b5a98794b08413b371, validator: 73, prepare_slot: 20, service: beacon
Dec 06 21:02:29.085 ERRO No valid eth1_data votes, `votes_to_consider` empty, outcome: casting `state.eth1_data` as eth1 vote, genesis_time: 1733518911, earliest_block_timestamp: 1733518891, lowest_block_number: 0, service: deposit_contract_rpc
Dec 06 21:02:29.085 INFO Requesting blinded header from connected builder, parent_hash: 0xe970ef73d5bcab302ef106f2dd50e048f3a6c1e76b5e0e23dfcb7aa1386ba5d8, pubkey: 0xac30aacd9e91cb0727c34ca6b40fbfd4d255b998471e25c443cf6cf777d6bb823a58e162958f32c3c5ca80453387a5d2, slot: Slot(19), service: exec
Dec 06 21:02:29.087 INFO Requested blinded execution payload     parent_hash: 0xe970ef73d5bcab302ef106f2dd50e048f3a6c1e76b5e0e23dfcb7aa1386ba5d8, local_response_ms: 0, local_fee_recipient: 0x8943545177806ed17b9f23f0a21ee5948ecaa776, relay_response_ms: 1, relay_fee_recipient: empty response, service: exec
Dec 06 21:02:29.087 INFO Builder did not return a payload        parent_hash: 0xe970ef73d5bcab302ef106f2dd50e048f3a6c1e76b5e0e23dfcb7aa1386ba5d8, local_block_hash: 0xed92c86dd5e83101712a66c9f091e64804a10805fe1738709ba1efcd48fd2a6e, info: falling back to local execution client, service: exec
Dec 06 21:02:29.193 INFO Signed block published to network via HTTP API, publish_delay_ms: 1, slot: 19
Dec 06 21:02:29.200 INFO Valid block from HTTP API               slot: 19, proposer_index: 66, root: 0x0b5b…8cf4, block_delay: 192.685021ms
Dec 06 21:02:29.202 INFO Prepared beacon proposer                parent_root: 0x0b5b4f9f8dae6933f804000668be5c02dd497f10f09fa3351c797d0013048cf4, validator: 73, prepare_slot: 20, service: beacon
Dec 06 21:02:30.000 INFO Synced                                  slot: 19, block: 0x0b5b…8cf4, epoch: 0, finalized_epoch: 0, finalized_root: 0x4b04…4842, exec_hash: 0xed92…2a6e (verified), peers: 2, service: slot_notifier
Dec 06 21:02:31.085 ERRO No valid eth1_data votes, `votes_to_consider` empty, outcome: casting `state.eth1_data` as eth1 vote, genesis_time: 1733518911, earliest_block_timestamp: 1733518891, lowest_block_number: 0, service: deposit_contract_rpc
Dec 06 21:02:31.085 INFO Requesting blinded header from connected builder, parent_hash: 0xed92c86dd5e83101712a66c9f091e64804a10805fe1738709ba1efcd48fd2a6e, pubkey: 0x95833097520df43a5cb013e97f80041a7a0b7d84a4ec79e2f16baeeb6edfbcf62ede97becfde73883831bb65e1415dc0, slot: Slot(20), service: exec
Dec 06 21:02:31.087 INFO Requested blinded execution payload     parent_hash: 0xed92c86dd5e83101712a66c9f091e64804a10805fe1738709ba1efcd48fd2a6e, local_response_ms: 0, local_fee_recipient: 0x8943545177806ed17b9f23f0a21ee5948ecaa776, relay_response_ms: 2, relay_fee_recipient: empty response, service: exec
Dec 06 21:02:31.087 INFO Builder did not return a payload        parent_hash: 0xed92c86dd5e83101712a66c9f091e64804a10805fe1738709ba1efcd48fd2a6e, local_block_hash: 0x5d9252932796dc40c592befa118a29866ddabbfab8122ce6e4b9cc04a0e25439, info: falling back to local execution client, service: exec
Dec 06 21:02:31.195 INFO Signed block published to network via HTTP API, publish_delay_ms: 1, slot: 20
Dec 06 21:02:31.203 INFO Valid block from HTTP API               slot: 20, proposer_index: 73, root: 0xad05…fa99, block_delay: 193.957923ms
Dec 06 21:02:32.000 INFO Synced                                  slot: 20, block: 0xad05…fa99, epoch: 0, finalized_epoch: 0, finalized_root: 0x4b04…4842, exec_hash: 0x5d92…5439 (verified), peers: 2, service: slot_notifier
Dec 06 21:02:33.002 INFO Prepared beacon proposer                parent_root: 0xad057709acf317ebebe1b13759d85b6b8edf08c4a59d22c123b7ff22e276fa99, validator: 99, prepare_slot: 22, service: beacon
Dec 06 21:02:33.202 INFO New block received                      root: 0xfe3ad275767b5232973cb20901796cddc1b85a78c0e7b46c258b6392703edf02, slot: 21
Dec 06 21:02:33.211 INFO Prepared beacon proposer                parent_root: 0xfe3ad275767b5232973cb20901796cddc1b85a78c0e7b46c258b6392703edf02, validator: 99, prepare_slot: 22, service: beacon
Dec 06 21:02:34.000 INFO Synced                                  slot: 21, block: 0xfe3a…df02, epoch: 0, finalized_epoch: 0, finalized_root: 0x4b04…4842, exec_hash: 0x9b38…c577 (verified), peers: 2, service: slot_notifier
Dec 06 21:02:35.085 ERRO No valid eth1_data votes, `votes_to_consider` empty, outcome: casting `state.eth1_data` as eth1 vote, genesis_time: 1733518911, earliest_block_timestamp: 1733518891, lowest_block_number: 0, service: deposit_contract_rpc
Dec 06 21:02:35.085 INFO Requesting blinded header from connected builder, parent_hash: 0x9b389bff26e891ca755f85cea7815905de6b3f7fe8422212389130d88d77c577, pubkey: 0x889fd954b35f31ea3f3eca4496ba13b9678a527e4d3137c8aea484b4d741886bdfff59f99a89721165f5ba7c9f5a366b, slot: Slot(22), service: exec
Dec 06 21:02:35.087 INFO Requested blinded execution payload     parent_hash: 0x9b389bff26e891ca755f85cea7815905de6b3f7fe8422212389130d88d77c577, local_response_ms: 0, local_fee_recipient: 0x8943545177806ed17b9f23f0a21ee5948ecaa776, relay_response_ms: 1, relay_fee_recipient: empty response, service: exec
Dec 06 21:02:35.087 INFO Builder did not return a payload        parent_hash: 0x9b389bff26e891ca755f85cea7815905de6b3f7fe8422212389130d88d77c577, local_block_hash: 0xafcfcf35fe5f52656ad535456f5ecb49ae54e143a5b23e7d3e828d5081d8be75, info: falling back to local execution client, service: exec
Dec 06 21:02:35.189 INFO Signed block published to network via HTTP API, publish_delay_ms: 2, slot: 22
Dec 06 21:02:35.197 INFO Valid block from HTTP API               slot: 22, proposer_index: 99, root: 0x4be5…307d, block_delay: 186.665909ms
Dec 06 21:02:36.000 INFO Synced                                  slot: 22, block: 0x4be5…307d, epoch: 0, finalized_epoch: 0, finalized_root: 0x4b04…4842, exec_hash: 0xafcf…be75 (verified), peers: 2, service: slot_notifier
Dec 06 21:02:37.214 INFO New block received                      root: 0xa0ad74e43d600dc13ca6b68043a25c60d9d3ec0d47e58521190cc85f3b0c02e6, slot: 23
Dec 06 21:02:38.000 INFO Synced                                  slot: 23, block: 0xa0ad…02e6, epoch: 0, finalized_epoch: 0, finalized_root: 0x4b04…4842, exec_hash: 0xb6ac…5727 (verified), peers: 2, service: slot_notifier
Dec 06 21:02:39.085 INFO Prepared beacon proposer                parent_root: 0xa0ad74e43d600dc13ca6b68043a25c60d9d3ec0d47e58521190cc85f3b0c02e6, validator: 99, prepare_slot: 25, service: beacon
Dec 06 21:02:39.204 INFO New block received                      root: 0x424a28825d7586cb569aa07c7e4346e27ae20c9f7fee207dcfb02e643b9d83c8, slot: 24
Dec 06 21:02:39.222 INFO Prepared beacon proposer                parent_root: 0x424a28825d7586cb569aa07c7e4346e27ae20c9f7fee207dcfb02e643b9d83c8, validator: 99, prepare_slot: 25, service: beacon
Dec 06 21:02:40.000 INFO Synced                                  slot: 24, block: 0x424a…83c8, epoch: 0, finalized_epoch: 0, finalized_root: 0x4b04…4842, exec_hash: 0x1ba8…b393 (verified), peers: 2, service: slot_notifier
Dec 06 21:02:41.085 ERRO No valid eth1_data votes, `votes_to_consider` empty, outcome: casting `state.eth1_data` as eth1 vote, genesis_time: 1733518911, earliest_block_timestamp: 1733518891, lowest_block_number: 0, service: deposit_contract_rpc
Dec 06 21:02:41.085 INFO Requesting blinded header from connected builder, parent_hash: 0x1ba86570fa8a468ee0ae0fe7f6b307b054cc28c6a9b1650d1555f068ef50b393, pubkey: 0x889fd954b35f31ea3f3eca4496ba13b9678a527e4d3137c8aea484b4d741886bdfff59f99a89721165f5ba7c9f5a366b, slot: Slot(25), service: exec
Dec 06 21:02:41.089 INFO Requested blinded execution payload     parent_hash: 0x1ba86570fa8a468ee0ae0fe7f6b307b054cc28c6a9b1650d1555f068ef50b393, local_response_ms: 2, local_fee_recipient: 0x8943545177806ed17b9f23f0a21ee5948ecaa776, relay_response_ms: 3, relay_fee_recipient: empty response, service: exec
Dec 06 21:02:41.089 INFO Builder did not return a payload        parent_hash: 0x1ba86570fa8a468ee0ae0fe7f6b307b054cc28c6a9b1650d1555f068ef50b393, local_block_hash: 0x98c7a51664c643ef151bb9ea0c48f0d4abf3ff618f2ac902c07872ea7f038e38, info: falling back to local execution client, service: exec
Dec 06 21:02:41.197 INFO Signed block published to network via HTTP API, publish_delay_ms: 2, slot: 25
Dec 06 21:02:41.224 INFO Valid block from HTTP API               slot: 25, proposer_index: 99, root: 0x9c39…d9e4, block_delay: 194.933944ms
Dec 06 21:02:42.000 INFO Synced                                  slot: 25, block: 0x9c39…d9e4, epoch: 0, finalized_epoch: 0, finalized_root: 0x4b04…4842, exec_hash: 0x98c7…8e38 (verified), peers: 2, service: slot_notifier
Dec 06 21:02:43.086 INFO Prepared beacon proposer                parent_root: 0x9c3905304c5e00b008b74f68162bb7980326b4589f4d329b562eda27cfa8d9e4, validator: 76, prepare_slot: 27, service: beacon
Dec 06 21:02:43.208 INFO New block received                      root: 0xe364e00d05762d929f80746e97a08f7024a5adda2d4649c2a31b174aa356fab9, slot: 26
Dec 06 21:02:43.225 INFO Prepared beacon proposer                parent_root: 0xe364e00d05762d929f80746e97a08f7024a5adda2d4649c2a31b174aa356fab9, validator: 76, prepare_slot: 27, service: beacon
Dec 06 21:02:44.000 INFO Synced                                  slot: 26, block: 0xe364…fab9, epoch: 0, finalized_epoch: 0, finalized_root: 0x4b04…4842, exec_hash: 0xadb1…5d62 (verified), peers: 2, service: slot_notifier
Dec 06 21:02:45.085 ERRO No valid eth1_data votes, `votes_to_consider` empty, outcome: casting `state.eth1_data` as eth1 vote, genesis_time: 1733518911, earliest_block_timestamp: 1733518891, lowest_block_number: 0, service: deposit_contract_rpc
Dec 06 21:02:45.085 INFO Requesting blinded header from connected builder, parent_hash: 0xadb1254c631f4dbb0724d6eaff245a846e00573b0af5187021906495d89d5d62, pubkey: 0x91da49dbfb1a4a339ee8e1b902bf18302c3ca948da1dacfecfe9934d231013544dbd97689c2996f22b456f7e408a138c, slot: Slot(27), service: exec
Dec 06 21:02:45.087 INFO Requested blinded execution payload     parent_hash: 0xadb1254c631f4dbb0724d6eaff245a846e00573b0af5187021906495d89d5d62, local_response_ms: 1, local_fee_recipient: 0x8943545177806ed17b9f23f0a21ee5948ecaa776, relay_response_ms: 2, relay_fee_recipient: empty response, service: exec
Dec 06 21:02:45.087 INFO Builder did not return a payload        parent_hash: 0xadb1254c631f4dbb0724d6eaff245a846e00573b0af5187021906495d89d5d62, local_block_hash: 0xde9b0aef77c89516b01cacd17594a4bfc9d77fcb56fba9ad25ad3a03b034011c, info: falling back to local execution client, service: exec
Dec 06 21:02:45.195 INFO Signed block published to network via HTTP API, publish_delay_ms: 2, slot: 27
Dec 06 21:02:45.202 INFO Valid block from HTTP API               slot: 27, proposer_index: 76, root: 0x8b8b…683d, block_delay: 192.850318ms
Dec 06 21:02:46.000 INFO Synced                                  slot: 27, block: 0x8b8b…683d, epoch: 0, finalized_epoch: 0, finalized_root: 0x4b04…4842, exec_hash: 0xde9b…011c (verified), peers: 2, service: slot_notifier
Dec 06 21:02:47.085 INFO Prepared beacon proposer                parent_root: 0x8b8b35efe5d029569fe24a92ee2f6f5c161599d784a5b8b49b1e41098815683d, validator: 109, prepare_slot: 29, service: beacon
Dec 06 21:02:47.202 INFO New block received                      root: 0x80fff2f70996b4759ed308b2d954d755a5b95ad8d917075ae9d04e50e7f5de35, slot: 28
Dec 06 21:02:47.207 INFO Prepared beacon proposer                parent_root: 0x80fff2f70996b4759ed308b2d954d755a5b95ad8d917075ae9d04e50e7f5de35, validator: 109, prepare_slot: 29, service: beacon
Dec 06 21:02:48.000 INFO Synced                                  slot: 28, block: 0x80ff…de35, epoch: 0, finalized_epoch: 0, finalized_root: 0x4b04…4842, exec_hash: 0xf47b…0544 (verified), peers: 2, service: slot_notifier
Dec 06 21:02:49.084 ERRO No valid eth1_data votes, `votes_to_consider` empty, outcome: casting `state.eth1_data` as eth1 vote, genesis_time: 1733518911, earliest_block_timestamp: 1733518891, lowest_block_number: 0, service: deposit_contract_rpc
Dec 06 21:02:49.084 INFO Requesting blinded header from connected builder, parent_hash: 0xf47be34f9534d82f4a22cfc7736510631c11cc4cb34c7c26444cac699cc00544, pubkey: 0xb4c9e24cb284d23c40bccfe377f9963dcdc1d22d5daf0766a6291354eb4ff3b4d1c21913dadae80fad218bc02778f5f2, slot: Slot(29), service: exec
Dec 06 21:02:49.086 INFO Requested blinded execution payload     parent_hash: 0xf47be34f9534d82f4a22cfc7736510631c11cc4cb34c7c26444cac699cc00544, local_response_ms: 1, local_fee_recipient: 0x8943545177806ed17b9f23f0a21ee5948ecaa776, relay_response_ms: 1, relay_fee_recipient: empty response, service: exec
Dec 06 21:02:49.086 INFO Builder did not return a payload        parent_hash: 0xf47be34f9534d82f4a22cfc7736510631c11cc4cb34c7c26444cac699cc00544, local_block_hash: 0x6b8d8aacc23e158149d4f26be07af107920d4aaef11ada1ad544dcb4f04cd19e, info: falling back to local execution client, service: exec
Dec 06 21:02:49.186 INFO Signed block published to network via HTTP API, publish_delay_ms: 0, slot: 29
Dec 06 21:02:49.192 INFO Valid block from HTTP API               slot: 29, proposer_index: 109, root: 0x0f3f…f114, block_delay: 185.518922ms
Dec 06 21:02:50.000 INFO Synced                                  slot: 29, block: 0x0f3f…f114, epoch: 0, finalized_epoch: 0, finalized_root: 0x4b04…4842, exec_hash: 0x6b8d…d19e (verified), peers: 2, service: slot_notifier
Dec 06 21:02:51.205 INFO New block received                      root: 0x5edb5b09f34d10844c8f1c5729bd4d6c3a010819236179beed1fbd3e1d49ec57, slot: 30
Dec 06 21:02:52.000 INFO Synced                                  slot: 30, block: 0x5edb…ec57, epoch: 0, finalized_epoch: 0, finalized_root: 0x4b04…4842, exec_hash: 0x568d…5786 (verified), peers: 2, service: slot_notifier
Dec 06 21:02:53.003 INFO Prepared beacon proposer                parent_root: 0x5edb5b09f34d10844c8f1c5729bd4d6c3a010819236179beed1fbd3e1d49ec57, validator: 93, prepare_slot: 32, service: beacon
Dec 06 21:02:53.101 INFO New block received                      root: 0x6ea60ad733761df2764691223fb36f432d0f6c2bd8cd1ea3bffb229b911185f8, slot: 31
Dec 06 21:02:53.129 INFO Prepared beacon proposer                parent_root: 0x6ea60ad733761df2764691223fb36f432d0f6c2bd8cd1ea3bffb229b911185f8, validator: 93, prepare_slot: 32, service: beacon
Dec 06 21:02:54.000 INFO Synced                                  slot: 31, block: 0x6ea6…85f8, epoch: 0, finalized_epoch: 0, finalized_root: 0x4b04…4842, exec_hash: 0x14fe…7599 (verified), peers: 2, service: slot_notifier
Dec 06 21:02:55.003 INFO Forwarding register validator request to connected builder, count: 64
Dec 06 21:02:55.006 ERRO No valid eth1_data votes, `votes_to_consider` empty, outcome: casting `state.eth1_data` as eth1 vote, genesis_time: 1733518911, earliest_block_timestamp: 1733518891, lowest_block_number: 0, service: deposit_contract_rpc
Dec 06 21:02:55.006 INFO Requesting blinded header from connected builder, parent_hash: 0x14fe3b01af30719b1203d6aa52c7e8f438711b2f293fd9d938752c7d7d6b7599, pubkey: 0x961a7d85c4e61428f07c4c4d41cc03115ec423bf40172b21f9db161edec282c950782ade73a6dfa915da1c39c716eb1f, slot: Slot(32), service: exec
Dec 06 21:02:55.007 INFO Requested blinded execution payload     parent_hash: 0x14fe3b01af30719b1203d6aa52c7e8f438711b2f293fd9d938752c7d7d6b7599, local_response_ms: 0, local_fee_recipient: 0x8943545177806ed17b9f23f0a21ee5948ecaa776, relay_response_ms: 1, relay_fee_recipient: empty response, service: exec
Dec 06 21:02:55.007 INFO Builder did not return a payload        parent_hash: 0x14fe3b01af30719b1203d6aa52c7e8f438711b2f293fd9d938752c7d7d6b7599, local_block_hash: 0x8a2e91eae0b3749af31a03873e45067ee70ac52679b19cd2e6d9318372cbc6e0, info: falling back to local execution client, service: exec
Dec 06 21:02:55.026 INFO Signed block published to network via HTTP API, publish_delay_ms: 1, slot: 32
Dec 06 21:02:55.045 INFO Valid block from HTTP API               slot: 32, proposer_index: 93, root: 0x9234…89e0, block_delay: 25.100682ms
Dec 06 21:02:56.000 INFO Synced                                  slot: 32, block: 0x9234…89e0, epoch: 1, finalized_epoch: 0, finalized_root: 0x4b04…4842, exec_hash: 0x8a2e…c6e0 (verified), peers: 2, service: slot_notifier
Dec 06 21:02:57.001 INFO Prepared beacon proposer                parent_root: 0x92345359a532f50417429f35173bf17446812fe290c0bc703cac99fd8c6289e0, validator: 91, prepare_slot: 34, service: beacon
Dec 06 21:02:57.109 INFO New block received                      root: 0xf448089c9161a5c21889bf5e0483be262c3286678ea440095e5ef9974d90e9df, slot: 33
Dec 06 21:02:57.129 INFO Prepared beacon proposer                parent_root: 0xf448089c9161a5c21889bf5e0483be262c3286678ea440095e5ef9974d90e9df, validator: 91, prepare_slot: 34, service: beacon
Dec 06 21:02:58.000 INFO Synced                                  slot: 33, block: 0xf448…e9df, epoch: 1, finalized_epoch: 0, finalized_root: 0x4b04…4842, exec_hash: 0x4211…ac43 (verified), peers: 2, service: slot_notifier
Dec 06 21:02:59.003 ERRO No valid eth1_data votes, `votes_to_consider` empty, outcome: casting `state.eth1_data` as eth1 vote, genesis_time: 1733518911, earliest_block_timestamp: 1733518891, lowest_block_number: 0, service: deposit_contract_rpc
Dec 06 21:02:59.003 INFO Requesting blinded header from connected builder, parent_hash: 0x421118a8802934044efe5e925ec33693fa2cfbd724b6e2347402c282c633ac43, pubkey: 0x8548d74ab33e8dd285e72b1ea3c15eb08b66d555493bcf39aa4355af06ccf0f4469e09f110544dc04b1f3d0e7880ac1d, slot: Slot(34), service: exec
Dec 06 21:02:59.004 INFO Requested blinded execution payload     parent_hash: 0x421118a8802934044efe5e925ec33693fa2cfbd724b6e2347402c282c633ac43, local_response_ms: 1, local_fee_recipient: 0x8943545177806ed17b9f23f0a21ee5948ecaa776, relay_response_ms: 1, relay_fee_recipient: empty response, service: exec
Dec 06 21:02:59.004 INFO Builder did not return a payload        parent_hash: 0x421118a8802934044efe5e925ec33693fa2cfbd724b6e2347402c282c633ac43, local_block_hash: 0xe75394e23cd427c9a2c30726502a547bceb0fb68465570fc25105110f1d3bfe3, info: falling back to local execution client, service: exec
Dec 06 21:02:59.020 INFO Signed block published to network via HTTP API, publish_delay_ms: 1, slot: 34
Dec 06 21:02:59.034 INFO Valid block from HTTP API               slot: 34, proposer_index: 91, root: 0x0f80…c557, block_delay: 19.319258ms
Dec 06 21:03:00.000 INFO Synced                                  slot: 34, block: 0x0f80…c557, epoch: 1, finalized_epoch: 0, finalized_root: 0x4b04…4842, exec_hash: 0xe753…bfe3 (verified), peers: 2, service: slot_notifier
Dec 06 21:03:01.002 INFO Prepared beacon proposer                parent_root: 0x0f809ab50a0c0720591fbdff05fbe50259383f9351ea3621b837c7349f03c557, validator: 127, prepare_slot: 36, service: beacon
Dec 06 21:03:01.034 INFO New block received                      root: 0x563878b3543ac154f72cc37863cf835af4cc13b481af87f7dab6b45c7db1e6c9, slot: 35
Dec 06 21:03:01.062 INFO Prepared beacon proposer                parent_root: 0x563878b3543ac154f72cc37863cf835af4cc13b481af87f7dab6b45c7db1e6c9, validator: 127, prepare_slot: 36, service: beacon
Dec 06 21:03:02.000 INFO Synced                                  slot: 35, block: 0x5638…e6c9, epoch: 1, finalized_epoch: 0, finalized_root: 0x4b04…4842, exec_hash: 0x457e…e211 (verified), peers: 2, service: slot_notifier
Dec 06 21:03:03.003 ERRO No valid eth1_data votes, `votes_to_consider` empty, outcome: casting `state.eth1_data` as eth1 vote, genesis_time: 1733518911, earliest_block_timestamp: 1733518891, lowest_block_number: 0, service: deposit_contract_rpc
Dec 06 21:03:03.003 INFO Requesting blinded header from connected builder, parent_hash: 0x457e46b61803b2803728053c6f6ce7583161d2845d98c247295529e64944e211, pubkey: 0xb9e03b94bb696b0e4c7939bce96d9e4fb1938074233d87b290b20cf66d3e48a7f3d852d89969f45c075e3dca91945832, slot: Slot(36), service: exec
Dec 06 21:03:03.005 INFO Requested blinded execution payload     parent_hash: 0x457e46b61803b2803728053c6f6ce7583161d2845d98c247295529e64944e211, local_response_ms: 1, local_fee_recipient: 0x8943545177806ed17b9f23f0a21ee5948ecaa776, relay_response_ms: 2, relay_fee_recipient: empty response, service: exec
Dec 06 21:03:03.005 INFO Builder did not return a payload        parent_hash: 0x457e46b61803b2803728053c6f6ce7583161d2845d98c247295529e64944e211, local_block_hash: 0x4b785ad51837e3891b9ffc22e26c8f4f2ceef524c12fd87d6809243f187c788e, info: falling back to local execution client, service: exec
Dec 06 21:03:03.097 INFO Signed block published to network via HTTP API, publish_delay_ms: 2, slot: 36
Dec 06 21:03:03.113 INFO Valid block from HTTP API               slot: 36, proposer_index: 127, root: 0x0809…62a6, block_delay: 95.65253ms
Dec 06 21:03:04.000 INFO Synced                                  slot: 36, block: 0x0809…62a6, epoch: 1, finalized_epoch: 0, finalized_root: 0x4b04…4842, exec_hash: 0x4b78…788e (verified), peers: 2, service: slot_notifier
Dec 06 21:03:05.024 INFO New block received                      root: 0xff25633cc1e6927bd2cbf8c67f47642b9ef4c4ddf69a06beff5a844ff8b12b76, slot: 37
Dec 06 21:03:06.000 INFO Synced                                  slot: 37, block: 0xff25…2b76, epoch: 1, finalized_epoch: 0, finalized_root: 0x4b04…4842, exec_hash: 0x9775…590c (verified), peers: 2, service: slot_notifier
Dec 06 21:03:07.002 INFO Prepared beacon proposer                parent_root: 0xff25633cc1e6927bd2cbf8c67f47642b9ef4c4ddf69a06beff5a844ff8b12b76, validator: 74, prepare_slot: 39, service: beacon
Dec 06 21:03:07.107 INFO New block received                      root: 0x2bbce89675925763bb0fc99d027ac68bae4c7434d29ff6fe7d4ad8da6cf7b606, slot: 38
Dec 06 21:03:07.127 INFO Prepared beacon proposer                parent_root: 0x2bbce89675925763bb0fc99d027ac68bae4c7434d29ff6fe7d4ad8da6cf7b606, validator: 74, prepare_slot: 39, service: beacon
Dec 06 21:03:08.000 INFO Synced                                  slot: 38, block: 0x2bbc…b606, epoch: 1, finalized_epoch: 0, finalized_root: 0x4b04…4842, exec_hash: 0x3960…a415 (verified), peers: 2, service: slot_notifier
Dec 06 21:03:09.003 INFO Prepared beacon proposer                parent_root: 0x2bbce89675925763bb0fc99d027ac68bae4c7434d29ff6fe7d4ad8da6cf7b606, validator: 104, prepare_slot: 40, service: beacon
Dec 06 21:03:09.004 ERRO No valid eth1_data votes, `votes_to_consider` empty, outcome: casting `state.eth1_data` as eth1 vote, genesis_time: 1733518911, earliest_block_timestamp: 1733518891, lowest_block_number: 0, service: deposit_contract_rpc
Dec 06 21:03:09.004 INFO Requesting blinded header from connected builder, parent_hash: 0x39601f6ef6ffc7a9909882fc21557a0003228f5832a4b42fa6b10bd371b2a415, pubkey: 0xaee3fbc60f939c125877a4f4529517edcf114fdb83715f9f4041eccebb91323ce8c4784ff87815c38752517b3d2e2725, slot: Slot(39), service: exec
Dec 06 21:03:09.008 INFO Requested blinded execution payload     parent_hash: 0x39601f6ef6ffc7a9909882fc21557a0003228f5832a4b42fa6b10bd371b2a415, local_response_ms: 2, local_fee_recipient: 0x8943545177806ed17b9f23f0a21ee5948ecaa776, relay_response_ms: 3, relay_fee_recipient: empty response, service: exec
Dec 06 21:03:09.008 INFO Builder did not return a payload        parent_hash: 0x39601f6ef6ffc7a9909882fc21557a0003228f5832a4b42fa6b10bd371b2a415, local_block_hash: 0x5a6df2871d819fa2b8ef5ab3c965c7f54239553f0eebfcc24ee256e652e43389, info: falling back to local execution client, service: exec
Dec 06 21:03:09.095 INFO Signed block published to network via HTTP API, publish_delay_ms: 2, slot: 39
Dec 06 21:03:09.120 INFO Valid block from HTTP API               slot: 39, proposer_index: 74, root: 0x0eec…54a2, block_delay: 93.099787ms
Dec 06 21:03:09.126 INFO Prepared beacon proposer                parent_root: 0x0eec699e66954244e4a9367924b2c44b52df53495b3b4b10f78ce73b3fb954a2, validator: 104, prepare_slot: 40, service: beacon
Dec 06 21:03:10.000 INFO Synced                                  slot: 39, block: 0x0eec…54a2, epoch: 1, finalized_epoch: 0, finalized_root: 0x4b04…4842, exec_hash: 0x5a6d…3389 (verified), peers: 2, service: slot_notifier
Dec 06 21:03:11.005 ERRO No valid eth1_data votes, `votes_to_consider` empty, outcome: casting `state.eth1_data` as eth1 vote, genesis_time: 1733518911, earliest_block_timestamp: 1733518891, lowest_block_number: 0, service: deposit_contract_rpc
Dec 06 21:03:11.005 INFO Requesting blinded header from connected builder, parent_hash: 0x5a6df2871d819fa2b8ef5ab3c965c7f54239553f0eebfcc24ee256e652e43389, pubkey: 0xb0d4372ed0f55fa767a5fefc734c155a33821ffb6e6be4f628955a6477cf1d4f12c1d0e82426a8ca14b9e92ef094472f, slot: Slot(40), service: exec
Dec 06 21:03:11.009 INFO Requested blinded execution payload     parent_hash: 0x5a6df2871d819fa2b8ef5ab3c965c7f54239553f0eebfcc24ee256e652e43389, local_response_ms: 2, local_fee_recipient: 0x8943545177806ed17b9f23f0a21ee5948ecaa776, relay_response_ms: 4, relay_fee_recipient: empty response, service: exec
Dec 06 21:03:11.009 INFO Builder did not return a payload        parent_hash: 0x5a6df2871d819fa2b8ef5ab3c965c7f54239553f0eebfcc24ee256e652e43389, local_block_hash: 0x404b45d2cfd6601b64a800ca46eba1c54159840b44dd158ad695996d972ac845, info: falling back to local execution client, service: exec
Dec 06 21:03:11.098 INFO Signed block published to network via HTTP API, publish_delay_ms: 1, slot: 40
Dec 06 21:03:11.108 INFO Valid block from HTTP API               slot: 40, proposer_index: 104, root: 0xdad9…3ff7, block_delay: 97.177155ms
Dec 06 21:03:12.000 INFO Synced                                  slot: 40, block: 0xdad9…3ff7, epoch: 1, finalized_epoch: 0, finalized_root: 0x4b04…4842, exec_hash: 0x404b…c845 (verified), peers: 2, service: slot_notifier
Dec 06 21:03:13.004 INFO Prepared beacon proposer                parent_root: 0xdad9b4c90e0b26d72c27e2b8475788e23e02508a9f32d57743eb08767c2d3ff7, validator: 84, prepare_slot: 42, service: beacon
Dec 06 21:03:13.107 INFO New block received                      root: 0x4cd42c64cf5a1bc616c0f74ac0dab9c21a6ca5cc30767c7e532367f2034d3356, slot: 41
Dec 06 21:03:13.119 INFO Prepared beacon proposer                parent_root: 0x4cd42c64cf5a1bc616c0f74ac0dab9c21a6ca5cc30767c7e532367f2034d3356, validator: 84, prepare_slot: 42, service: beacon
Dec 06 21:03:14.000 INFO Synced                                  slot: 41, block: 0x4cd4…3356, epoch: 1, finalized_epoch: 0, finalized_root: 0x4b04…4842, exec_hash: 0x0450…783a (verified), peers: 2, service: slot_notifier
Dec 06 21:03:15.005 INFO Prepared beacon proposer                parent_root: 0x4cd42c64cf5a1bc616c0f74ac0dab9c21a6ca5cc30767c7e532367f2034d3356, validator: 98, prepare_slot: 43, service: beacon
Dec 06 21:03:15.006 ERRO No valid eth1_data votes, `votes_to_consider` empty, outcome: casting `state.eth1_data` as eth1 vote, genesis_time: 1733518911, earliest_block_timestamp: 1733518891, lowest_block_number: 0, service: deposit_contract_rpc
Dec 06 21:03:15.006 INFO Requesting blinded header from connected builder, parent_hash: 0x045097f30470c4468281743303b47dbbdd1a90d2992ea9fbbd7dcaa7ca10783a, pubkey: 0xabd3280a86fbb8d736717d8bd950920873ff7bb8a68ac4d7c339bb3c783c6f4e6e29912f6a3528e04b13aef57d4290a1, slot: Slot(42), service: exec
Dec 06 21:03:15.013 INFO Requested blinded execution payload     parent_hash: 0x045097f30470c4468281743303b47dbbdd1a90d2992ea9fbbd7dcaa7ca10783a, local_response_ms: 2, local_fee_recipient: 0x8943545177806ed17b9f23f0a21ee5948ecaa776, relay_response_ms: 6, relay_fee_recipient: empty response, service: exec
Dec 06 21:03:15.013 INFO Builder did not return a payload        parent_hash: 0x045097f30470c4468281743303b47dbbdd1a90d2992ea9fbbd7dcaa7ca10783a, local_block_hash: 0x1f04f228ea7ec32c24ed7a75252a74cb0286a0bcbe0fd21fe41d8164e3d67aa6, info: falling back to local execution client, service: exec
Dec 06 21:03:15.098 INFO Signed block published to network via HTTP API, publish_delay_ms: 1, slot: 42
Dec 06 21:03:15.106 INFO Valid block from HTTP API               slot: 42, proposer_index: 84, root: 0x230d…afd6, block_delay: 97.312364ms
Dec 06 21:03:15.111 INFO Prepared beacon proposer                parent_root: 0x230d60407b968f44b0111b3edef3a3a4f491775366c69076dbc3267e9f7fafd6, validator: 98, prepare_slot: 43, service: beacon
Dec 06 21:03:16.000 INFO Synced                                  slot: 42, block: 0x230d…afd6, epoch: 1, finalized_epoch: 0, finalized_root: 0x4b04…4842, exec_hash: 0x1f04…7aa6 (verified), peers: 2, service: slot_notifier
Dec 06 21:03:17.004 INFO Prepared beacon proposer                parent_root: 0x230d60407b968f44b0111b3edef3a3a4f491775366c69076dbc3267e9f7fafd6, validator: 73, prepare_slot: 44, service: beacon
Dec 06 21:03:17.004 ERRO No valid eth1_data votes, `votes_to_consider` empty, outcome: casting `state.eth1_data` as eth1 vote, genesis_time: 1733518911, earliest_block_timestamp: 1733518891, lowest_block_number: 0, service: deposit_contract_rpc
Dec 06 21:03:17.005 INFO Requesting blinded header from connected builder, parent_hash: 0x1f04f228ea7ec32c24ed7a75252a74cb0286a0bcbe0fd21fe41d8164e3d67aa6, pubkey: 0xa9fdcd176de75a9a1ec07d553a267413ec5406ea5f46a65d924519da3fa4b3009e2bb350fed52a51bd8683fca5d6184a, slot: Slot(43), service: exec
Dec 06 21:03:17.008 INFO Requested blinded execution payload     parent_hash: 0x1f04f228ea7ec32c24ed7a75252a74cb0286a0bcbe0fd21fe41d8164e3d67aa6, local_response_ms: 1, local_fee_recipient: 0x8943545177806ed17b9f23f0a21ee5948ecaa776, relay_response_ms: 3, relay_fee_recipient: empty response, service: exec
Dec 06 21:03:17.008 INFO Builder did not return a payload        parent_hash: 0x1f04f228ea7ec32c24ed7a75252a74cb0286a0bcbe0fd21fe41d8164e3d67aa6, local_block_hash: 0x9087fabb82f1accc2e2ed4ee7f8efb34d347418f361907f2d0b3f75a3737f1e9, info: falling back to local execution client, service: exec
Dec 06 21:03:17.097 INFO Signed block published to network via HTTP API, publish_delay_ms: 1, slot: 43
Dec 06 21:03:17.121 INFO Valid block from HTTP API               slot: 43, proposer_index: 98, root: 0x3654…2b2d, block_delay: 95.873397ms
Dec 06 21:03:17.124 INFO Prepared beacon proposer                parent_root: 0x36546cbc1804570bd38664174c014154d199f15a3bf7fa728cf4def1e4e92b2d, validator: 73, prepare_slot: 44, service: beacon
Dec 06 21:03:18.000 INFO Synced                                  slot: 43, block: 0x3654…2b2d, epoch: 1, finalized_epoch: 0, finalized_root: 0x4b04…4842, exec_hash: 0x9087…f1e9 (verified), peers: 2, service: slot_notifier
Dec 06 21:03:19.002 ERRO No valid eth1_data votes, `votes_to_consider` empty, outcome: casting `state.eth1_data` as eth1 vote, genesis_time: 1733518911, earliest_block_timestamp: 1733518891, lowest_block_number: 0, service: deposit_contract_rpc
Dec 06 21:03:19.003 INFO Requesting blinded header from connected builder, parent_hash: 0x9087fabb82f1accc2e2ed4ee7f8efb34d347418f361907f2d0b3f75a3737f1e9, pubkey: 0x95833097520df43a5cb013e97f80041a7a0b7d84a4ec79e2f16baeeb6edfbcf62ede97becfde73883831bb65e1415dc0, slot: Slot(44), service: exec
Dec 06 21:03:19.004 INFO Requested blinded execution payload     parent_hash: 0x9087fabb82f1accc2e2ed4ee7f8efb34d347418f361907f2d0b3f75a3737f1e9, local_response_ms: 1, local_fee_recipient: 0x8943545177806ed17b9f23f0a21ee5948ecaa776, relay_response_ms: 1, relay_fee_recipient: empty response, service: exec
Dec 06 21:03:19.004 INFO Builder did not return a payload        parent_hash: 0x9087fabb82f1accc2e2ed4ee7f8efb34d347418f361907f2d0b3f75a3737f1e9, local_block_hash: 0x9160794b98ff87944448d3e95a8ae7774ba5562f9d20701f38b6cf0527369c51, info: falling back to local execution client, service: exec
Dec 06 21:03:19.022 INFO Signed block published to network via HTTP API, publish_delay_ms: 1, slot: 44
Dec 06 21:03:19.050 INFO Valid block from HTTP API               slot: 44, proposer_index: 73, root: 0x13c0…c55c, block_delay: 20.296681ms
Dec 06 21:03:20.000 INFO Synced                                  slot: 44, block: 0x13c0…c55c, epoch: 1, finalized_epoch: 0, finalized_root: 0x4b04…4842, exec_hash: 0x9160…9c51 (verified), peers: 2, service: slot_notifier
Dec 06 21:03:21.119 INFO New block received                      root: 0x190ac8eb88cf8e5d221b7e1c4700b3d9941573c28079e39b54acfd2167ee15ef, slot: 45
Dec 06 21:03:22.000 INFO Synced                                  slot: 45, block: 0x190a…15ef, epoch: 1, finalized_epoch: 0, finalized_root: 0x4b04…4842, exec_hash: 0x4ad3…a554 (verified), peers: 2, service: slot_notifier
Dec 06 21:03:23.111 INFO New block received                      root: 0x570050be782f62d5bfab9799d0cacc3b7588abb64b74ad1f797e863b0d10e678, slot: 46
Dec 06 21:03:24.000 INFO Synced                                  slot: 46, block: 0x5700…e678, epoch: 1, finalized_epoch: 0, finalized_root: 0x4b04…4842, exec_hash: 0x0e57…8a05 (verified), peers: 2, service: slot_notifier
Dec 06 21:03:25.117 INFO New block received                      root: 0x58d84ceef725aa905e921625a0e232399824972fd74b46be0ffdeb14b65e7fad, slot: 47
Dec 06 21:03:26.000 INFO Synced                                  slot: 47, block: 0x58d8…7fad, epoch: 1, finalized_epoch: 0, finalized_root: 0x4b04…4842, exec_hash: 0x6acb…ae80 (verified), peers: 2, service: slot_notifier
Dec 06 21:03:27.002 INFO Prepared beacon proposer                parent_root: 0x58d84ceef725aa905e921625a0e232399824972fd74b46be0ffdeb14b65e7fad, validator: 126, prepare_slot: 49, service: beacon
Dec 06 21:03:27.113 INFO New block received                      root: 0x2492359752bacb6bd290974ebddcb37574d9dc0bd5a509b6f2093dd1b4362f8e, slot: 48
Dec 06 21:03:27.124 INFO Prepared beacon proposer                parent_root: 0x2492359752bacb6bd290974ebddcb37574d9dc0bd5a509b6f2093dd1b4362f8e, validator: 126, prepare_slot: 49, service: beacon
Dec 06 21:03:28.000 INFO Synced                                  slot: 48, block: 0x2492…2f8e, epoch: 1, finalized_epoch: 0, finalized_root: 0x4b04…4842, exec_hash: 0x3c63…b385 (verified), peers: 2, service: slot_notifier
Dec 06 21:03:29.004 ERRO No valid eth1_data votes, `votes_to_consider` empty, outcome: casting `state.eth1_data` as eth1 vote, genesis_time: 1733518911, earliest_block_timestamp: 1733518891, lowest_block_number: 0, service: deposit_contract_rpc
Dec 06 21:03:29.004 INFO Requesting blinded header from connected builder, parent_hash: 0x3c6335a85b48cf7f485413d306cabb4958522bbdcb6729104aa028ed213db385, pubkey: 0x81093820fe0770a18a816945494db8fd957f10f7693da18f782e0968ef28ea8f23afefb0dc203925262352925f2739df, slot: Slot(49), service: exec
Dec 06 21:03:29.008 INFO Requested blinded execution payload     parent_hash: 0x3c6335a85b48cf7f485413d306cabb4958522bbdcb6729104aa028ed213db385, local_response_ms: 1, local_fee_recipient: 0x8943545177806ed17b9f23f0a21ee5948ecaa776, relay_response_ms: 3, relay_fee_recipient: empty response, service: exec
Dec 06 21:03:29.008 INFO Builder did not return a payload        parent_hash: 0x3c6335a85b48cf7f485413d306cabb4958522bbdcb6729104aa028ed213db385, local_block_hash: 0xbb3e7b8446c407c1ff248131cc4969f90410897986044986027c54e7a3ce014c, info: falling back to local execution client, service: exec
Dec 06 21:03:29.029 INFO Signed block published to network via HTTP API, publish_delay_ms: 1, slot: 49
Dec 06 21:03:29.038 INFO Valid block from HTTP API               slot: 49, proposer_index: 126, root: 0x16d6…7e46, block_delay: 27.72771ms
Dec 06 21:03:30.000 INFO Synced                                  slot: 49, block: 0x16d6…7e46, epoch: 1, finalized_epoch: 0, finalized_root: 0x4b04…4842, exec_hash: 0xbb3e…014c (verified), peers: 2, service: slot_notifier
Dec 06 21:03:31.004 INFO Prepared beacon proposer                parent_root: 0x16d6368e13948b35d69b033b8a3323c8ac3f7f587b4fd2856b586f203d4b7e46, validator: 96, prepare_slot: 51, service: beacon
Dec 06 21:03:31.101 INFO New block received                      root: 0xb341ffba52d51f0ff2a6d544ac498f738aaec5a728a956539f66b6f594a5a684, slot: 50
Dec 06 21:03:31.109 INFO Prepared beacon proposer                parent_root: 0xb341ffba52d51f0ff2a6d544ac498f738aaec5a728a956539f66b6f594a5a684, validator: 96, prepare_slot: 51, service: beacon
Dec 06 21:03:32.004 INFO Synced                                  slot: 50, block: 0xb341…a684, epoch: 1, finalized_epoch: 0, finalized_root: 0x4b04…4842, exec_hash: 0xc9ca…af33 (verified), peers: 2, service: slot_notifier
Dec 06 21:03:33.003 ERRO No valid eth1_data votes, `votes_to_consider` empty, outcome: casting `state.eth1_data` as eth1 vote, genesis_time: 1733518911, earliest_block_timestamp: 1733518891, lowest_block_number: 0, service: deposit_contract_rpc
Dec 06 21:03:33.003 INFO Requesting blinded header from connected builder, parent_hash: 0xc9ca8a78d54c0455da275d8b84d1f77b81a255468307b9c0b78291f09d61af33, pubkey: 0xb165f7ea9728a1e55dcebc59c89321586290bb3c6aad2114217e81990104863b779ffac9728ed736b6069a36a26aad47, slot: Slot(51), service: exec
Dec 06 21:03:33.008 INFO Requested blinded execution payload     parent_hash: 0xc9ca8a78d54c0455da275d8b84d1f77b81a255468307b9c0b78291f09d61af33, local_response_ms: 1, local_fee_recipient: 0x8943545177806ed17b9f23f0a21ee5948ecaa776, relay_response_ms: 4, relay_fee_recipient: empty response, service: exec
Dec 06 21:03:33.008 INFO Builder did not return a payload        parent_hash: 0xc9ca8a78d54c0455da275d8b84d1f77b81a255468307b9c0b78291f09d61af33, local_block_hash: 0x8419d68d6e58ea64d5cd9f3540db6bb05106a5966a7e8c2bd78168e9bb8e7eb5, info: falling back to local execution client, service: exec
Dec 06 21:03:33.028 INFO Signed block published to network via HTTP API, publish_delay_ms: 1, slot: 51
Dec 06 21:03:33.037 INFO Valid block from HTTP API               slot: 51, proposer_index: 96, root: 0x55e4…3e97, block_delay: 27.202884ms
Dec 06 21:03:34.000 INFO Synced                                  slot: 51, block: 0x55e4…3e97, epoch: 1, finalized_epoch: 0, finalized_root: 0x4b04…4842, exec_hash: 0x8419…7eb5 (verified), peers: 2, service: slot_notifier
Dec 06 21:03:35.004 INFO Prepared beacon proposer                parent_root: 0x55e46c3ac20b84ee690b96c8377fe82bd266fed954e5db91cca94f4d8bdb3e97, validator: 100, prepare_slot: 53, service: beacon
Dec 06 21:03:35.105 INFO New block received                      root: 0x2d353c6e3cc3a71be0a283d48101bb8fa91b75f428a646305dce8aa07284e3d5, slot: 52
Dec 06 21:03:35.114 INFO Prepared beacon proposer                parent_root: 0x2d353c6e3cc3a71be0a283d48101bb8fa91b75f428a646305dce8aa07284e3d5, validator: 100, prepare_slot: 53, service: beacon
Dec 06 21:03:36.000 INFO Synced                                  slot: 52, block: 0x2d35…e3d5, epoch: 1, finalized_epoch: 0, finalized_root: 0x4b04…4842, exec_hash: 0x5765…4d2a (verified), peers: 2, service: slot_notifier
Dec 06 21:03:37.003 INFO Prepared beacon proposer                parent_root: 0x2d353c6e3cc3a71be0a283d48101bb8fa91b75f428a646305dce8aa07284e3d5, validator: 95, prepare_slot: 54, service: beacon
Dec 06 21:03:37.004 ERRO No valid eth1_data votes, `votes_to_consider` empty, outcome: casting `state.eth1_data` as eth1 vote, genesis_time: 1733518911, earliest_block_timestamp: 1733518891, lowest_block_number: 0, service: deposit_contract_rpc
Dec 06 21:03:37.004 INFO Requesting blinded header from connected builder, parent_hash: 0x5765feba3f41e1c30383899bb5b8e1ed8d080f60d21331dd378625b32a0d4d2a, pubkey: 0xb4147399957d387dd0ad99bc9fbd7ddd3ad85809c9658d121879099c602db62c4a4ce4d122915b6d8135bbd16c13ffbc, slot: Slot(53), service: exec
Dec 06 21:03:37.009 INFO Requested blinded execution payload     parent_hash: 0x5765feba3f41e1c30383899bb5b8e1ed8d080f60d21331dd378625b32a0d4d2a, local_response_ms: 3, local_fee_recipient: 0x8943545177806ed17b9f23f0a21ee5948ecaa776, relay_response_ms: 5, relay_fee_recipient: empty response, service: exec
Dec 06 21:03:37.010 INFO Builder did not return a payload        parent_hash: 0x5765feba3f41e1c30383899bb5b8e1ed8d080f60d21331dd378625b32a0d4d2a, local_block_hash: 0x2c51bb7b92a8fc4bc5a731d5de04acf6239e8ba47b6d2bfb5a330bff26d999f4, info: falling back to local execution client, service: exec
Dec 06 21:03:37.105 INFO Signed block published to network via HTTP API, publish_delay_ms: 2, slot: 53
Dec 06 21:03:37.142 INFO Valid block from HTTP API               slot: 53, proposer_index: 100, root: 0x17b4…71d2, block_delay: 102.84ms
Dec 06 21:03:37.145 INFO Prepared beacon proposer                parent_root: 0x17b49befd2c99b6173624d0ce4afd0eb92810bb0764da373b492b869f74471d2, validator: 95, prepare_slot: 54, service: beacon
Dec 06 21:03:38.000 INFO Synced                                  slot: 53, block: 0x17b4…71d2, epoch: 1, finalized_epoch: 0, finalized_root: 0x4b04…4842, exec_hash: 0x2c51…99f4 (verified), peers: 2, service: slot_notifier
Dec 06 21:03:39.002 INFO Prepared beacon proposer                parent_root: 0x17b49befd2c99b6173624d0ce4afd0eb92810bb0764da373b492b869f74471d2, validator: 93, prepare_slot: 55, service: beacon
Dec 06 21:03:39.003 ERRO No valid eth1_data votes, `votes_to_consider` empty, outcome: casting `state.eth1_data` as eth1 vote, genesis_time: 1733518911, earliest_block_timestamp: 1733518891, lowest_block_number: 0, service: deposit_contract_rpc
Dec 06 21:03:39.003 INFO Requesting blinded header from connected builder, parent_hash: 0x2c51bb7b92a8fc4bc5a731d5de04acf6239e8ba47b6d2bfb5a330bff26d999f4, pubkey: 0x986a201d308cce68d381d103680725fbce0fd9f618de12d371fd5c909049ba3081de693de9e0560364c201505b2fabaa, slot: Slot(54), service: exec
Dec 06 21:03:39.006 INFO Requested blinded execution payload     parent_hash: 0x2c51bb7b92a8fc4bc5a731d5de04acf6239e8ba47b6d2bfb5a330bff26d999f4, local_response_ms: 3, local_fee_recipient: 0x8943545177806ed17b9f23f0a21ee5948ecaa776, relay_response_ms: 1, relay_fee_recipient: empty response, service: exec
Dec 06 21:03:39.006 INFO Builder did not return a payload        parent_hash: 0x2c51bb7b92a8fc4bc5a731d5de04acf6239e8ba47b6d2bfb5a330bff26d999f4, local_block_hash: 0x0f0b80020d8c577fdfa26e61c2956e69b9261e72e0baf32a9f793aa4dd0318e5, info: falling back to local execution client, service: exec
Dec 06 21:03:39.101 INFO Signed block published to network via HTTP API, publish_delay_ms: 3, slot: 54
Dec 06 21:03:39.126 INFO Valid block from HTTP API               slot: 54, proposer_index: 95, root: 0xbc68…c7c9, block_delay: 98.3892ms
Dec 06 21:03:39.134 INFO Prepared beacon proposer                parent_root: 0xbc686df608fde187c4d2742842640c4a5ae106ddb1619858e25f6955a7a8c7c9, validator: 93, prepare_slot: 55, service: beacon
Dec 06 21:03:40.000 INFO Synced                                  slot: 54, block: 0xbc68…c7c9, epoch: 1, finalized_epoch: 0, finalized_root: 0x4b04…4842, exec_hash: 0x0f0b…18e5 (verified), peers: 2, service: slot_notifier
Dec 06 21:03:41.002 ERRO No valid eth1_data votes, `votes_to_consider` empty, outcome: casting `state.eth1_data` as eth1 vote, genesis_time: 1733518911, earliest_block_timestamp: 1733518891, lowest_block_number: 0, service: deposit_contract_rpc
Dec 06 21:03:41.002 INFO Requesting blinded header from connected builder, parent_hash: 0x0f0b80020d8c577fdfa26e61c2956e69b9261e72e0baf32a9f793aa4dd0318e5, pubkey: 0x961a7d85c4e61428f07c4c4d41cc03115ec423bf40172b21f9db161edec282c950782ade73a6dfa915da1c39c716eb1f, slot: Slot(55), service: exec
Dec 06 21:03:41.004 INFO Requested blinded execution payload     parent_hash: 0x0f0b80020d8c577fdfa26e61c2956e69b9261e72e0baf32a9f793aa4dd0318e5, local_response_ms: 2, local_fee_recipient: 0x8943545177806ed17b9f23f0a21ee5948ecaa776, relay_response_ms: 2, relay_fee_recipient: empty response, service: exec
Dec 06 21:03:41.004 INFO Builder did not return a payload        parent_hash: 0x0f0b80020d8c577fdfa26e61c2956e69b9261e72e0baf32a9f793aa4dd0318e5, local_block_hash: 0x07824c5c1b911205c7db037ad07061fb6748c30d5f7518e55ec1a996417482c1, info: falling back to local execution client, service: exec
Dec 06 21:03:41.025 INFO Signed block published to network via HTTP API, publish_delay_ms: 2, slot: 55
Dec 06 21:03:41.060 INFO Valid block from HTTP API               slot: 55, proposer_index: 93, root: 0x1020…d3d3, block_delay: 23.809654ms
Dec 06 21:03:42.000 INFO Synced                                  slot: 55, block: 0x1020…d3d3, epoch: 1, finalized_epoch: 0, finalized_root: 0x4b04…4842, exec_hash: 0x0782…82c1 (verified), peers: 2, service: slot_notifier
Dec 06 21:03:43.032 INFO New block received                      root: 0x4963a330ae723578336b7db0523de1e8d4711254ebb32dfc976fee45bff1acfb, slot: 56
Dec 06 21:03:44.000 INFO Synced                                  slot: 56, block: 0x4963…acfb, epoch: 1, finalized_epoch: 0, finalized_root: 0x4b04…4842, exec_hash: 0x90ad…b005 (verified), peers: 2, service: slot_notifier
Dec 06 21:03:45.002 INFO Prepared beacon proposer                parent_root: 0x4963a330ae723578336b7db0523de1e8d4711254ebb32dfc976fee45bff1acfb, validator: 108, prepare_slot: 58, service: beacon
Dec 06 21:03:45.029 INFO New block received                      root: 0xe254aaa15040ba50af52d9024cc1d0e74d56eac9b61699ca2077590b2a1e2b61, slot: 57
Dec 06 21:03:45.039 INFO Prepared beacon proposer                parent_root: 0xe254aaa15040ba50af52d9024cc1d0e74d56eac9b61699ca2077590b2a1e2b61, validator: 108, prepare_slot: 58, service: beacon
Dec 06 21:03:46.000 INFO Synced                                  slot: 57, block: 0xe254…2b61, epoch: 1, finalized_epoch: 0, finalized_root: 0x4b04…4842, exec_hash: 0x79de…9b21 (verified), peers: 2, service: slot_notifier
Dec 06 21:03:47.001 INFO Prepared beacon proposer                parent_root: 0xe254aaa15040ba50af52d9024cc1d0e74d56eac9b61699ca2077590b2a1e2b61, validator: 106, prepare_slot: 59, service: beacon
Dec 06 21:03:47.002 ERRO No valid eth1_data votes, `votes_to_consider` empty, outcome: casting `state.eth1_data` as eth1 vote, genesis_time: 1733518911, earliest_block_timestamp: 1733518891, lowest_block_number: 0, service: deposit_contract_rpc
Dec 06 21:03:47.002 INFO Requesting blinded header from connected builder, parent_hash: 0x79de4dae211d2b1594b7ce43bd41dfda753f4b6d96452fb6c6b2aea8c5949b21, pubkey: 0xb1f2588848bded71a0ad83d124b5ff2d1ab964068e4eab97edc678eddc9aaa6175b51f561c4ec96c818ad5f6c59aa936, slot: Slot(58), service: exec
Dec 06 21:03:47.003 INFO Requested blinded execution payload     parent_hash: 0x79de4dae211d2b1594b7ce43bd41dfda753f4b6d96452fb6c6b2aea8c5949b21, local_response_ms: 0, local_fee_recipient: 0x8943545177806ed17b9f23f0a21ee5948ecaa776, relay_response_ms: 1, relay_fee_recipient: empty response, service: exec
Dec 06 21:03:47.004 INFO Builder did not return a payload        parent_hash: 0x79de4dae211d2b1594b7ce43bd41dfda753f4b6d96452fb6c6b2aea8c5949b21, local_block_hash: 0x4b81ef8e022ee53a9c7a5a83bece35e770a20860925eeaddda6769c2efa315a3, info: falling back to local execution client, service: exec
Dec 06 21:03:47.015 INFO Signed block published to network via HTTP API, publish_delay_ms: 1, slot: 58
Dec 06 21:03:47.022 INFO Valid block from HTTP API               slot: 58, proposer_index: 108, root: 0xf281…c274, block_delay: 14.24757ms
Dec 06 21:03:47.024 INFO Prepared beacon proposer                parent_root: 0xf2819b6acda063d96a067c249990e7238cf609272dca7c4243662671109fc274, validator: 106, prepare_slot: 59, service: beacon
Dec 06 21:03:48.000 INFO Synced                                  slot: 58, block: 0xf281…c274, epoch: 1, finalized_epoch: 0, finalized_root: 0x4b04…4842, exec_hash: 0x4b81…15a3 (verified), peers: 2, service: slot_notifier
Dec 06 21:03:48.034 ERRO Attestation queue full                  queue_len: 4, msg: the system has insufficient resources for load, service: bproc
Dec 06 21:03:49.001 INFO Prepared beacon proposer                parent_root: 0xf2819b6acda063d96a067c249990e7238cf609272dca7c4243662671109fc274, validator: 93, prepare_slot: 60, service: beacon
Dec 06 21:03:49.002 ERRO No valid eth1_data votes, `votes_to_consider` empty, outcome: casting `state.eth1_data` as eth1 vote, genesis_time: 1733518911, earliest_block_timestamp: 1733518891, lowest_block_number: 0, service: deposit_contract_rpc
Dec 06 21:03:49.002 INFO Requesting blinded header from connected builder, parent_hash: 0x4b81ef8e022ee53a9c7a5a83bece35e770a20860925eeaddda6769c2efa315a3, pubkey: 0x867e89563df1501ac7dc5a369e6713cebab2aa1b676ea6d97fcb62802488866ae1223b4ed6c00718ee895d7e8e650cac, slot: Slot(59), service: exec
Dec 06 21:03:49.004 INFO Requested blinded execution payload     parent_hash: 0x4b81ef8e022ee53a9c7a5a83bece35e770a20860925eeaddda6769c2efa315a3, local_response_ms: 0, local_fee_recipient: 0x8943545177806ed17b9f23f0a21ee5948ecaa776, relay_response_ms: 1, relay_fee_recipient: empty response, service: exec
Dec 06 21:03:49.004 INFO Builder did not return a payload        parent_hash: 0x4b81ef8e022ee53a9c7a5a83bece35e770a20860925eeaddda6769c2efa315a3, local_block_hash: 0xfb9b10c21cdb8b2bb7a491f40c3e7b3340b783562affe133ca3c8b53e9440b52, info: falling back to local execution client, service: exec
Dec 06 21:03:49.018 INFO Signed block published to network via HTTP API, publish_delay_ms: 1, slot: 59
Dec 06 21:03:49.027 INFO Valid block from HTTP API               slot: 59, proposer_index: 106, root: 0xf9ec…2736, block_delay: 17.233505ms
Dec 06 21:03:49.029 INFO Prepared beacon proposer                parent_root: 0xf9ec327d7228dd3ed65426363871bc97daf035d33aae42dfc04930cbcd612736, validator: 93, prepare_slot: 60, service: beacon
Dec 06 21:03:50.000 INFO Synced                                  slot: 59, block: 0xf9ec…2736, epoch: 1, finalized_epoch: 0, finalized_root: 0x4b04…4842, exec_hash: 0xfb9b…0b52 (verified), peers: 2, service: slot_notifier
Dec 06 21:03:51.002 ERRO No valid eth1_data votes, `votes_to_consider` empty, outcome: casting `state.eth1_data` as eth1 vote, genesis_time: 1733518911, earliest_block_timestamp: 1733518891, lowest_block_number: 0, service: deposit_contract_rpc
Dec 06 21:03:51.002 INFO Requesting blinded header from connected builder, parent_hash: 0xfb9b10c21cdb8b2bb7a491f40c3e7b3340b783562affe133ca3c8b53e9440b52, pubkey: 0x961a7d85c4e61428f07c4c4d41cc03115ec423bf40172b21f9db161edec282c950782ade73a6dfa915da1c39c716eb1f, slot: Slot(60), service: exec
Dec 06 21:03:51.004 INFO Requested blinded execution payload     parent_hash: 0xfb9b10c21cdb8b2bb7a491f40c3e7b3340b783562affe133ca3c8b53e9440b52, local_response_ms: 0, local_fee_recipient: 0x8943545177806ed17b9f23f0a21ee5948ecaa776, relay_response_ms: 1, relay_fee_recipient: empty response, service: exec
Dec 06 21:03:51.004 INFO Builder did not return a payload        parent_hash: 0xfb9b10c21cdb8b2bb7a491f40c3e7b3340b783562affe133ca3c8b53e9440b52, local_block_hash: 0xdb1bb9e913d72107feef6be2917d87d4c04f04350bc09081d2564d8ccf338e70, info: falling back to local execution client, service: exec
Dec 06 21:03:51.021 INFO Signed block published to network via HTTP API, publish_delay_ms: 1, slot: 60
Dec 06 21:03:51.027 INFO Valid block from HTTP API               slot: 60, proposer_index: 93, root: 0x6267…ff97, block_delay: 19.011685ms
Dec 06 21:03:52.000 INFO Synced                                  slot: 60, block: 0x6267…ff97, epoch: 1, finalized_epoch: 0, finalized_root: 0x4b04…4842, exec_hash: 0xdb1b…8e70 (verified), peers: 2, service: slot_notifier
Dec 06 21:03:53.107 INFO New block received                      root: 0xadda98325367dd957f12c58ca3637796f4175bca3c5bb21514b074c2c4c16ee1, slot: 61
Dec 06 21:03:54.000 INFO Synced                                  slot: 61, block: 0xadda…6ee1, epoch: 1, finalized_epoch: 0, finalized_root: 0x4b04…4842, exec_hash: 0x47f3…802b (verified), peers: 2, service: slot_notifier
Dec 06 21:03:55.002 INFO Prepared beacon proposer                parent_root: 0xadda98325367dd957f12c58ca3637796f4175bca3c5bb21514b074c2c4c16ee1, validator: 108, prepare_slot: 63, service: beacon
Dec 06 21:03:55.117 INFO New block received                      root: 0xd6a47c4872c607926c25c5e572422ab3115306d25dc0f07552fb518ef62666aa, slot: 62
Dec 06 21:03:55.154 INFO Prepared beacon proposer                parent_root: 0xd6a47c4872c607926c25c5e572422ab3115306d25dc0f07552fb518ef62666aa, validator: 108, prepare_slot: 63, service: beacon
Dec 06 21:03:56.000 INFO Synced                                  slot: 62, block: 0xd6a4…66aa, epoch: 1, finalized_epoch: 0, finalized_root: 0x4b04…4842, exec_hash: 0xce4f…d564 (verified), peers: 2, service: slot_notifier
Dec 06 21:03:57.005 INFO Prepared beacon proposer                parent_root: 0xd6a47c4872c607926c25c5e572422ab3115306d25dc0f07552fb518ef62666aa, validator: 66, prepare_slot: 64, service: beacon
Dec 06 21:03:57.008 ERRO No valid eth1_data votes, `votes_to_consider` empty, outcome: casting `state.eth1_data` as eth1 vote, genesis_time: 1733518911, earliest_block_timestamp: 1733518891, lowest_block_number: 0, service: deposit_contract_rpc
Dec 06 21:03:57.008 INFO Requesting blinded header from connected builder, parent_hash: 0xce4fc6be9451a86e645b53086cbae41e38dd02578e41abc4317c6553faebd564, pubkey: 0xb1f2588848bded71a0ad83d124b5ff2d1ab964068e4eab97edc678eddc9aaa6175b51f561c4ec96c818ad5f6c59aa936, slot: Slot(63), service: exec
Dec 06 21:03:57.012 INFO Requested blinded execution payload     parent_hash: 0xce4fc6be9451a86e645b53086cbae41e38dd02578e41abc4317c6553faebd564, local_response_ms: 3, local_fee_recipient: 0x8943545177806ed17b9f23f0a21ee5948ecaa776, relay_response_ms: 4, relay_fee_recipient: empty response, service: exec
Dec 06 21:03:57.012 INFO Builder did not return a payload        parent_hash: 0xce4fc6be9451a86e645b53086cbae41e38dd02578e41abc4317c6553faebd564, local_block_hash: 0x5bfa9c9e0a150e261eb201cbea17ea1a3df7d72f359496a7f847fd802cde0d75, info: falling back to local execution client, service: exec
Dec 06 21:03:57.096 INFO Signed block published to network via HTTP API, publish_delay_ms: 1, slot: 63
Dec 06 21:03:57.151 INFO Valid block from HTTP API               slot: 63, proposer_index: 108, root: 0xe241…be98, block_delay: 95.165011ms
Dec 06 21:03:57.163 INFO Prepared beacon proposer                parent_root: 0xe241731f92c118c59d772b072f704abb10fc39cc69f64b0e4e17e88ddc02be98, validator: 66, prepare_slot: 64, service: beacon
Dec 06 21:03:58.000 INFO Synced                                  slot: 63, block: 0xe241…be98, epoch: 1, finalized_epoch: 0, finalized_root: 0x4b04…4842, exec_hash: 0x5bfa…0d75 (verified), peers: 2, service: slot_notifier
Dec 06 21:03:59.005 INFO Forwarding register validator request to connected builder, count: 64
Dec 06 21:03:59.012 ERRO No valid eth1_data votes, `votes_to_consider` empty, outcome: casting `state.eth1_data` as eth1 vote, genesis_time: 1733518911, earliest_block_timestamp: 1733518891, lowest_block_number: 0, service: deposit_contract_rpc
Dec 06 21:03:59.012 INFO Requesting blinded header from connected builder, parent_hash: 0x5bfa9c9e0a150e261eb201cbea17ea1a3df7d72f359496a7f847fd802cde0d75, pubkey: 0xac30aacd9e91cb0727c34ca6b40fbfd4d255b998471e25c443cf6cf777d6bb823a58e162958f32c3c5ca80453387a5d2, slot: Slot(64), service: exec
Dec 06 21:03:59.086 INFO Requested blinded execution payload     parent_hash: 0x5bfa9c9e0a150e261eb201cbea17ea1a3df7d72f359496a7f847fd802cde0d75, local_response_ms: 5, local_fee_recipient: 0x8943545177806ed17b9f23f0a21ee5948ecaa776, relay_response_ms: 74, relay_fee_recipient: 0x8943545177806ed17b9f23f0a21ee5948ecaa776, service: exec
Dec 06 21:03:59.086 INFO Received local and builder payloads     parent_hash: 0x5bfa9c9e0a150e261eb201cbea17ea1a3df7d72f359496a7f847fd802cde0d75, local_block_hash: 0x58ea98d862b6c613ae4c3d765450cb39a1fe88ae369e69a589597e35fd66d89a, relay_block_hash: 0xed08923d45eda4ec040c468de0c955c6f0ad33c4a7ec0bd3e7845f08ecefd554, service: exec
Dec 06 21:03:59.087 INFO Relay block is more profitable than local block, builder_boost_factor: None, boosted_relay_value: 11650660656865810, relay_value: 11650660656865810, local_block_value: 5593664084214230, service: exec
Dec 06 21:04:00.000 INFO Synced                                  slot: 64, block:    …  empty, epoch: 2, finalized_epoch: 0, finalized_root: 0x4b04…4842, exec_hash: 0x5bfa…0d75 (verified), peers: 2, service: slot_notifier
Dec 06 21:04:00.249 INFO Builder successfully revealed payload   parent_hash: 0x5bfa9c9e0a150e261eb201cbea17ea1a3df7d72f359496a7f847fd802cde0d75, block_hash: 0xed08923d45eda4ec040c468de0c955c6f0ad33c4a7ec0bd3e7845f08ecefd554, fee_recipient: 0x8943545177806ed17b9f23f0a21ee5948ecaa776, block_root: 0x8524596e4eca04a0791cbe644a6d0132146faee5e2d6a8c638f3b57044c494ee, relay_response_ms: 1142, service: exec
Dec 06 21:04:00.249 INFO Successfully published a block to the builder network, block_hash: 0xed08923d45eda4ec040c468de0c955c6f0ad33c4a7ec0bd3e7845f08ecefd554
Dec 06 21:04:00.252 INFO Signed block published to network via HTTP API, publish_delay_ms: 2, slot: 64
Dec 06 21:04:00.308 INFO Valid block from HTTP API               slot: 64, proposer_index: 66, root: 0x8524…94ee, block_delay: 1.249641408s
Dec 06 21:04:00.316 WARN Error processing HTTP API request       method: POST, path: /eth/v2/beacon/blocks, status: 202 Accepted, elapsed: 1.180663632s
Dec 06 21:04:01.003 INFO Prepared beacon proposer                parent_root: 0x8524596e4eca04a0791cbe644a6d0132146faee5e2d6a8c638f3b57044c494ee, validator: 84, prepare_slot: 66, service: beacon
Dec 06 21:04:01.113 INFO New block received                      root: 0xab8da9529364c3568d0e3104a4d8011ebaf62537d21ecb8395f68a022188d0c6, slot: 65
Dec 06 21:04:01.126 INFO Prepared beacon proposer                parent_root: 0xab8da9529364c3568d0e3104a4d8011ebaf62537d21ecb8395f68a022188d0c6, validator: 84, prepare_slot: 66, service: beacon
Dec 06 21:04:02.000 INFO Synced                                  slot: 65, block: 0xab8d…d0c6, epoch: 2, finalized_epoch: 0, finalized_root: 0x4b04…4842, exec_hash: 0x256b…3858 (verified), peers: 2, service: slot_notifier
Dec 06 21:04:03.004 ERRO No valid eth1_data votes, `votes_to_consider` empty, outcome: casting `state.eth1_data` as eth1 vote, genesis_time: 1733518911, earliest_block_timestamp: 1733518891, lowest_block_number: 0, service: deposit_contract_rpc
Dec 06 21:04:03.004 INFO Requesting blinded header from connected builder, parent_hash: 0x256bb14cb668ffdc8e521cbddd4e0b88897a147d6b8d39c96d30508cc5083858, pubkey: 0xabd3280a86fbb8d736717d8bd950920873ff7bb8a68ac4d7c339bb3c783c6f4e6e29912f6a3528e04b13aef57d4290a1, slot: Slot(66), service: exec
Dec 06 21:04:03.008 INFO Requested blinded execution payload     parent_hash: 0x256bb14cb668ffdc8e521cbddd4e0b88897a147d6b8d39c96d30508cc5083858, local_response_ms: 1, local_fee_recipient: 0x8943545177806ed17b9f23f0a21ee5948ecaa776, relay_response_ms: 4, relay_fee_recipient: empty response, service: exec
Dec 06 21:04:03.008 INFO Builder did not return a payload        parent_hash: 0x256bb14cb668ffdc8e521cbddd4e0b88897a147d6b8d39c96d30508cc5083858, local_block_hash: 0x57d73417d50ac2f4ed4546c2d4029d57bdab2a3857479532e8d427d20fbca533, info: falling back to local execution client, service: exec
Dec 06 21:04:03.097 INFO Signed block published to network via HTTP API, publish_delay_ms: 1, slot: 66
Dec 06 21:04:03.105 INFO Valid block from HTTP API               slot: 66, proposer_index: 84, root: 0xfc9d…3445, block_delay: 95.909743ms
Dec 06 21:04:04.000 INFO Synced                                  slot: 66, block: 0xfc9d…3445, epoch: 2, finalized_epoch: 0, finalized_root: 0x4b04…4842, exec_hash: 0x57d7…a533 (verified), peers: 2, service: slot_notifier
Dec 06 21:04:05.003 INFO Prepared beacon proposer                parent_root: 0xfc9db247e8910e07fdc61e2cc07bd2182e9ee50087bffc6a9d9168c6f3fd3445, validator: 117, prepare_slot: 68, service: beacon
Dec 06 21:04:05.108 INFO New block received                      root: 0xe9277849760651e493199be1db6e5c9dab3c9373c91a8d220560854cc2d2d2f5, slot: 67
Dec 06 21:04:05.122 INFO Prepared beacon proposer                parent_root: 0xe9277849760651e493199be1db6e5c9dab3c9373c91a8d220560854cc2d2d2f5, validator: 117, prepare_slot: 68, service: beacon
Dec 06 21:04:06.000 INFO Synced                                  slot: 67, block: 0xe927…d2f5, epoch: 2, finalized_epoch: 0, finalized_root: 0x4b04…4842, exec_hash: 0x2fb6…a4d1 (verified), peers: 2, service: slot_notifier
Dec 06 21:04:07.004 ERRO No valid eth1_data votes, `votes_to_consider` empty, outcome: casting `state.eth1_data` as eth1 vote, genesis_time: 1733518911, earliest_block_timestamp: 1733518891, lowest_block_number: 0, service: deposit_contract_rpc
Dec 06 21:04:07.004 INFO Requesting blinded header from connected builder, parent_hash: 0x2fb6592fd073eda6a4d59b541faece62a081e898518d5fa36c59972f171aa4d1, pubkey: 0x8d9dc5d04f5b105ddd3e84529e16f33748969fea81729ea7dc087fee8f1e3e2faeaaee3ca7ee5dc264a22cbe0ff809b3, slot: Slot(68), service: exec
Dec 06 21:04:07.008 INFO Requested blinded execution payload     parent_hash: 0x2fb6592fd073eda6a4d59b541faece62a081e898518d5fa36c59972f171aa4d1, local_response_ms: 1, local_fee_recipient: 0x8943545177806ed17b9f23f0a21ee5948ecaa776, relay_response_ms: 4, relay_fee_recipient: empty response, service: exec
Dec 06 21:04:07.008 INFO Builder did not return a payload        parent_hash: 0x2fb6592fd073eda6a4d59b541faece62a081e898518d5fa36c59972f171aa4d1, local_block_hash: 0x2aecd95772f6db14bd62c21a54cf33771e093ff827fdc9e6ae790000b4ef2b00, info: falling back to local execution client, service: exec
Dec 06 21:04:07.099 INFO Signed block published to network via HTTP API, publish_delay_ms: 1, slot: 68
Dec 06 21:04:07.109 INFO Valid block from HTTP API               slot: 68, proposer_index: 117, root: 0x147c…845a, block_delay: 97.191772ms
Dec 06 21:04:08.000 INFO Synced                                  slot: 68, block: 0x147c…845a, epoch: 2, finalized_epoch: 0, finalized_root: 0x4b04…4842, exec_hash: 0x2aec…2b00 (verified), peers: 2, service: slot_notifier
Dec 06 21:04:09.107 INFO New block received                      root: 0xfb934003324ee0edbf2443285d7cc3bb13d7562fb198fd4f621856e9db818eb4, slot: 69
Dec 06 21:04:10.000 INFO Synced                                  slot: 69, block: 0xfb93…8eb4, epoch: 2, finalized_epoch: 0, finalized_root: 0x4b04…4842, exec_hash: 0xceea…e647 (verified), peers: 2, service: slot_notifier
Dec 06 21:04:11.002 INFO Prepared beacon proposer                parent_root: 0xfb934003324ee0edbf2443285d7cc3bb13d7562fb198fd4f621856e9db818eb4, validator: 95, prepare_slot: 71, service: beacon
Dec 06 21:04:11.126 INFO Signed block published to network via HTTP API, publish_delay_ms: 6, slot: 70
Dec 06 21:04:11.146 INFO Valid block from HTTP API               slot: 70, proposer_index: 36, root: 0x4603…d865, block_delay: 119.379833ms
Dec 06 21:04:11.150 INFO Prepared beacon proposer                parent_root: 0x460311d4e44c8926f07114b0ad5e69a1d39cd6dd65addb0ee8c2394954d0d865, validator: 95, prepare_slot: 71, service: beacon
Dec 06 21:04:12.000 INFO Synced                                  slot: 70, block: 0x4603…d865, epoch: 2, finalized_epoch: 0, finalized_root: 0x4b04…4842, exec_hash: 0x5aa5…48a2 (verified), peers: 2, service: slot_notifier
Dec 06 21:04:13.003 INFO Prepared beacon proposer                parent_root: 0x460311d4e44c8926f07114b0ad5e69a1d39cd6dd65addb0ee8c2394954d0d865, validator: 108, prepare_slot: 72, service: beacon
Dec 06 21:04:13.006 ERRO No valid eth1_data votes, `votes_to_consider` empty, outcome: casting `state.eth1_data` as eth1 vote, genesis_time: 1733518911, earliest_block_timestamp: 1733518891, lowest_block_number: 0, service: deposit_contract_rpc
Dec 06 21:04:13.006 INFO Requesting blinded header from connected builder, parent_hash: 0x5aa50404f5123fb519e39d2bff1662bd6efa68bdc7c72569f13adf9e8a8448a2, pubkey: 0x986a201d308cce68d381d103680725fbce0fd9f618de12d371fd5c909049ba3081de693de9e0560364c201505b2fabaa, slot: Slot(71), service: exec
Dec 06 21:04:13.092 INFO Requested blinded execution payload     parent_hash: 0x5aa50404f5123fb519e39d2bff1662bd6efa68bdc7c72569f13adf9e8a8448a2, local_response_ms: 4, local_fee_recipient: 0x8943545177806ed17b9f23f0a21ee5948ecaa776, relay_response_ms: 85, relay_fee_recipient: 0x8943545177806ed17b9f23f0a21ee5948ecaa776, service: exec
Dec 06 21:04:13.093 INFO Received local and builder payloads     parent_hash: 0x5aa50404f5123fb519e39d2bff1662bd6efa68bdc7c72569f13adf9e8a8448a2, local_block_hash: 0xe5cbf745aaaa2c421be3e20b10902924e86f380c9708e66f180ac1b8e737741f, relay_block_hash: 0xf60dc993dfb7cef00c41db0bafe1fcb6b6a74a6fc71f3ab936d6a97931651c1e, service: exec
Dec 06 21:04:13.093 INFO Relay block is more profitable than local block, builder_boost_factor: None, boosted_relay_value: 5484104678319000, relay_value: 5484104678319000, local_block_value: 2875139930292000, service: exec
Dec 06 21:04:14.000 INFO Synced                                  slot: 71, block:    …  empty, epoch: 2, finalized_epoch: 0, finalized_root: 0x4b04…4842, exec_hash: 0x5aa5…48a2 (verified), peers: 2, service: slot_notifier
Dec 06 21:04:14.276 INFO Builder successfully revealed payload   parent_hash: 0x5aa50404f5123fb519e39d2bff1662bd6efa68bdc7c72569f13adf9e8a8448a2, block_hash: 0xf60dc993dfb7cef00c41db0bafe1fcb6b6a74a6fc71f3ab936d6a97931651c1e, fee_recipient: 0x8943545177806ed17b9f23f0a21ee5948ecaa776, block_root: 0x43e0cf572f5d3a7e7f01e2d74be09b169094204cbed08df558a06fd81b5693b3, relay_response_ms: 1083, service: exec
Dec 06 21:04:14.277 INFO Successfully published a block to the builder network, block_hash: 0xf60dc993dfb7cef00c41db0bafe1fcb6b6a74a6fc71f3ab936d6a97931651c1e
Dec 06 21:04:14.278 INFO Signed block published to network via HTTP API, publish_delay_ms: 1, slot: 71
Dec 06 21:04:14.330 INFO Valid block from HTTP API               slot: 71, proposer_index: 95, root: 0x43e0…93b3, block_delay: 1.276955229s
Dec 06 21:04:14.359 WARN Error processing HTTP API request       method: POST, path: /eth/v2/beacon/blocks, status: 202 Accepted, elapsed: 1.145684068s
Dec 06 21:04:14.918 INFO Prepared beacon proposer                parent_root: 0x43e0cf572f5d3a7e7f01e2d74be09b169094204cbed08df558a06fd81b5693b3, validator: 108, prepare_slot: 72, service: beacon
Dec 06 21:04:15.005 INFO Prepared beacon proposer                parent_root: 0x43e0cf572f5d3a7e7f01e2d74be09b169094204cbed08df558a06fd81b5693b3, validator: 67, prepare_slot: 73, service: beacon
Dec 06 21:04:15.005 ERRO No valid eth1_data votes, `votes_to_consider` empty, outcome: casting `state.eth1_data` as eth1 vote, genesis_time: 1733518911, earliest_block_timestamp: 1733518891, lowest_block_number: 0, service: deposit_contract_rpc
Dec 06 21:04:15.005 INFO Requesting blinded header from connected builder, parent_hash: 0xf60dc993dfb7cef00c41db0bafe1fcb6b6a74a6fc71f3ab936d6a97931651c1e, pubkey: 0xb1f2588848bded71a0ad83d124b5ff2d1ab964068e4eab97edc678eddc9aaa6175b51f561c4ec96c818ad5f6c59aa936, slot: Slot(72), service: exec
Dec 06 21:04:15.010 INFO Requested blinded execution payload     parent_hash: 0xf60dc993dfb7cef00c41db0bafe1fcb6b6a74a6fc71f3ab936d6a97931651c1e, local_response_ms: 3, local_fee_recipient: 0x8943545177806ed17b9f23f0a21ee5948ecaa776, relay_response_ms: 5, relay_fee_recipient: empty response, service: exec
Dec 06 21:04:15.010 INFO Builder did not return a payload        parent_hash: 0xf60dc993dfb7cef00c41db0bafe1fcb6b6a74a6fc71f3ab936d6a97931651c1e, local_block_hash: 0x15c16b2a9f6895023c005236df04d6b9860bea2e4826ed6167bb670f9c62c81d, info: falling back to local execution client, service: exec
Dec 06 21:04:15.100 INFO Signed block published to network via HTTP API, publish_delay_ms: 1, slot: 72
Dec 06 21:04:15.130 INFO Valid block from HTTP API               slot: 72, proposer_index: 108, root: 0x7138…3495, block_delay: 98.961345ms
Dec 06 21:04:15.135 INFO Prepared beacon proposer                parent_root: 0x7138021e8c5a590e27585e058e734561f6a70fdb4aa1c0a842fa0a0257323495, validator: 67, prepare_slot: 73, service: beacon
Dec 06 21:04:16.000 INFO Synced                                  slot: 72, block: 0x7138…3495, epoch: 2, finalized_epoch: 0, finalized_root: 0x4b04…4842, exec_hash: 0x15c1…c81d (verified), peers: 2, service: slot_notifier
Dec 06 21:04:17.004 ERRO No valid eth1_data votes, `votes_to_consider` empty, outcome: casting `state.eth1_data` as eth1 vote, genesis_time: 1733518911, earliest_block_timestamp: 1733518891, lowest_block_number: 0, service: deposit_contract_rpc
Dec 06 21:04:17.004 INFO Requesting blinded header from connected builder, parent_hash: 0x15c16b2a9f6895023c005236df04d6b9860bea2e4826ed6167bb670f9c62c81d, pubkey: 0xb43ccb05317c2b666470ab251e987d6bf31f5ead6b5edac5fe007dd334ae6ce1a92e24c19e5ab387cd8fa253b63bb78c, slot: Slot(73), service: exec
Dec 06 21:04:17.010 INFO Requested blinded execution payload     parent_hash: 0x15c16b2a9f6895023c005236df04d6b9860bea2e4826ed6167bb670f9c62c81d, local_response_ms: 1, local_fee_recipient: 0x8943545177806ed17b9f23f0a21ee5948ecaa776, relay_response_ms: 5, relay_fee_recipient: empty response, service: exec
Dec 06 21:04:17.010 INFO Builder did not return a payload        parent_hash: 0x15c16b2a9f6895023c005236df04d6b9860bea2e4826ed6167bb670f9c62c81d, local_block_hash: 0x33904fa8bd3f836562f59fff6c06d62067539803fb45053fcf666caca9cc0f8f, info: falling back to local execution client, service: exec
Dec 06 21:04:17.096 INFO Signed block published to network via HTTP API, publish_delay_ms: 1, slot: 73
Dec 06 21:04:17.107 INFO Valid block from HTTP API               slot: 73, proposer_index: 67, root: 0x83db…ff52, block_delay: 95.179125ms
Dec 06 21:04:18.000 INFO Synced                                  slot: 73, block: 0x83db…ff52, epoch: 2, finalized_epoch: 0, finalized_root: 0x4b04…4842, exec_hash: 0x3390…0f8f (verified), peers: 2, service: slot_notifier
Dec 06 21:04:19.129 INFO Signed block published to network via HTTP API, publish_delay_ms: 11, slot: 74
Dec 06 21:04:19.167 INFO Valid block from HTTP API               slot: 74, proposer_index: 45, root: 0x2efe…4c7e, block_delay: 117.672663ms
Dec 06 21:04:20.000 INFO Synced                                  slot: 74, block: 0x2efe…4c7e, epoch: 2, finalized_epoch: 0, finalized_root: 0x4b04…4842, exec_hash: 0xfa79…6db9 (verified), peers: 2, service: slot_notifier
Dec 06 21:04:21.108 INFO New block received                      root: 0x494a0a785244f57e017d98cae33bb55c6dfb4860dc533136f52b580d12de1235, slot: 75
Dec 06 21:04:22.000 INFO Synced                                  slot: 75, block: 0x494a…1235, epoch: 2, finalized_epoch: 0, finalized_root: 0x4b04…4842, exec_hash: 0x9764…bb25 (verified), peers: 2, service: slot_notifier
Dec 06 21:04:23.005 INFO Prepared beacon proposer                parent_root: 0x494a0a785244f57e017d98cae33bb55c6dfb4860dc533136f52b580d12de1235, validator: 84, prepare_slot: 77, service: beacon
Dec 06 21:04:23.114 INFO New block received                      root: 0x33fd1f47797ee3915f1798c332bd130e4c741749e6a75f63d6cd4187f5ca132b, slot: 76
Dec 06 21:04:23.128 INFO Prepared beacon proposer                parent_root: 0x33fd1f47797ee3915f1798c332bd130e4c741749e6a75f63d6cd4187f5ca132b, validator: 84, prepare_slot: 77, service: beacon
Dec 06 21:04:24.000 INFO Synced                                  slot: 76, block: 0x33fd…132b, epoch: 2, finalized_epoch: 0, finalized_root: 0x4b04…4842, exec_hash: 0xe261…9069 (verified), peers: 2, service: slot_notifier
Dec 06 21:04:25.003 INFO Prepared beacon proposer                parent_root: 0x33fd1f47797ee3915f1798c332bd130e4c741749e6a75f63d6cd4187f5ca132b, validator: 117, prepare_slot: 78, service: beacon
Dec 06 21:04:25.003 ERRO No valid eth1_data votes, `votes_to_consider` empty, outcome: casting `state.eth1_data` as eth1 vote, genesis_time: 1733518911, earliest_block_timestamp: 1733518891, lowest_block_number: 0, service: deposit_contract_rpc
Dec 06 21:04:25.003 INFO Requesting blinded header from connected builder, parent_hash: 0xe261592a68257c05db93c1a431364a8fedb33b7477a376966dd60c9297ab9069, pubkey: 0xabd3280a86fbb8d736717d8bd950920873ff7bb8a68ac4d7c339bb3c783c6f4e6e29912f6a3528e04b13aef57d4290a1, slot: Slot(77), service: exec
Dec 06 21:04:25.009 INFO Requested blinded execution payload     parent_hash: 0xe261592a68257c05db93c1a431364a8fedb33b7477a376966dd60c9297ab9069, local_response_ms: 1, local_fee_recipient: 0x8943545177806ed17b9f23f0a21ee5948ecaa776, relay_response_ms: 5, relay_fee_recipient: empty response, service: exec
Dec 06 21:04:25.010 INFO Builder did not return a payload        parent_hash: 0xe261592a68257c05db93c1a431364a8fedb33b7477a376966dd60c9297ab9069, local_block_hash: 0x011a63908a8cab4280ff2d006147164646fb8d75c58c1445cca3735a29b49c69, info: falling back to local execution client, service: exec
Dec 06 21:04:25.099 INFO Signed block published to network via HTTP API, publish_delay_ms: 1, slot: 77
Dec 06 21:04:25.113 INFO Valid block from HTTP API               slot: 77, proposer_index: 84, root: 0x1d15…5b13, block_delay: 98.359148ms
Dec 06 21:04:25.116 INFO Prepared beacon proposer                parent_root: 0x1d15cd053cc4b2689b6c8b8f400f57e17497fde79706fb67f63a22ccc6d25b13, validator: 117, prepare_slot: 78, service: beacon
Dec 06 21:04:26.000 INFO Synced                                  slot: 77, block: 0x1d15…5b13, epoch: 2, finalized_epoch: 0, finalized_root: 0x4b04…4842, exec_hash: 0x011a…9c69 (verified), peers: 2, service: slot_notifier
Dec 06 21:04:27.005 ERRO No valid eth1_data votes, `votes_to_consider` empty, outcome: casting `state.eth1_data` as eth1 vote, genesis_time: 1733518911, earliest_block_timestamp: 1733518891, lowest_block_number: 0, service: deposit_contract_rpc
Dec 06 21:04:27.005 INFO Requesting blinded header from connected builder, parent_hash: 0x011a63908a8cab4280ff2d006147164646fb8d75c58c1445cca3735a29b49c69, pubkey: 0x8d9dc5d04f5b105ddd3e84529e16f33748969fea81729ea7dc087fee8f1e3e2faeaaee3ca7ee5dc264a22cbe0ff809b3, slot: Slot(78), service: exec
Dec 06 21:04:27.008 INFO Requested blinded execution payload     parent_hash: 0x011a63908a8cab4280ff2d006147164646fb8d75c58c1445cca3735a29b49c69, local_response_ms: 0, local_fee_recipient: 0x8943545177806ed17b9f23f0a21ee5948ecaa776, relay_response_ms: 2, relay_fee_recipient: empty response, service: exec
Dec 06 21:04:27.008 INFO Builder did not return a payload        parent_hash: 0x011a63908a8cab4280ff2d006147164646fb8d75c58c1445cca3735a29b49c69, local_block_hash: 0xefbdc6815448928d6f1e2defdc1d6f84241e45e4a22888c769e8c0662696caa2, info: falling back to local execution client, service: exec
Dec 06 21:04:27.096 INFO Signed block published to network via HTTP API, publish_delay_ms: 1, slot: 78
Dec 06 21:04:27.107 INFO Valid block from HTTP API               slot: 78, proposer_index: 117, root: 0x97a0…33c9, block_delay: 94.470896ms
Dec 06 21:04:28.000 INFO Synced                                  slot: 78, block: 0x97a0…33c9, epoch: 2, finalized_epoch: 0, finalized_root: 0x4b04…4842, exec_hash: 0xefbd…caa2 (verified), peers: 2, service: slot_notifier
Dec 06 21:04:29.129 INFO Signed block published to network via HTTP API, publish_delay_ms: 11, slot: 79
Dec 06 21:04:29.165 INFO Valid block from HTTP API               slot: 79, proposer_index: 13, root: 0xe468…c138, block_delay: 118.464555ms
Dec 06 21:04:30.000 INFO Synced                                  slot: 79, block: 0xe468…c138, epoch: 2, finalized_epoch: 0, finalized_root: 0x4b04…4842, exec_hash: 0x8eeb…cd85 (verified), peers: 2, service: slot_notifier
Dec 06 21:04:31.003 INFO Prepared beacon proposer                parent_root: 0xe468f90644267e078401b60dbd8c6d3649eba87fa818d9c9982fe97e73c7c138, validator: 65, prepare_slot: 81, service: beacon
Dec 06 21:04:31.113 INFO New block received                      root: 0x49a1f3784d5353c608bd7dbb2a714de02abec00d48e1a75b6ea2019ecc7bedb4, slot: 80
Dec 06 21:04:31.128 INFO Prepared beacon proposer                parent_root: 0x49a1f3784d5353c608bd7dbb2a714de02abec00d48e1a75b6ea2019ecc7bedb4, validator: 65, prepare_slot: 81, service: beacon
Dec 06 21:04:32.000 INFO Synced                                  slot: 80, block: 0x49a1…edb4, epoch: 2, finalized_epoch: 0, finalized_root: 0x4b04…4842, exec_hash: 0x56a6…89a6 (verified), peers: 2, service: slot_notifier
Dec 06 21:04:33.001 INFO Prepared beacon proposer                parent_root: 0x49a1f3784d5353c608bd7dbb2a714de02abec00d48e1a75b6ea2019ecc7bedb4, validator: 99, prepare_slot: 82, service: beacon
Dec 06 21:04:33.002 ERRO No valid eth1_data votes, `votes_to_consider` empty, outcome: casting `state.eth1_data` as eth1 vote, genesis_time: 1733518911, earliest_block_timestamp: 1733518891, lowest_block_number: 0, service: deposit_contract_rpc
Dec 06 21:04:33.002 INFO Requesting blinded header from connected builder, parent_hash: 0x56a64c298d8dd02530a6626abd404037fbe7685bc67782024bb3f3880b5689a6, pubkey: 0xb97ecbcfe8c52b9bcdca9e75da13c5650b751b037c570934ea6b6441ff32de6566c50dafc0557e63105b2ee7e8cbb39e, slot: Slot(81), service: exec
Dec 06 21:04:33.004 INFO Requested blinded execution payload     parent_hash: 0x56a64c298d8dd02530a6626abd404037fbe7685bc67782024bb3f3880b5689a6, local_response_ms: 0, local_fee_recipient: 0x8943545177806ed17b9f23f0a21ee5948ecaa776, relay_response_ms: 2, relay_fee_recipient: empty response, service: exec
Dec 06 21:04:33.004 INFO Builder did not return a payload        parent_hash: 0x56a64c298d8dd02530a6626abd404037fbe7685bc67782024bb3f3880b5689a6, local_block_hash: 0x09e7eda88fcbddfdf574b8fa37770b48f0a797ddc4cab547687ee7b0992c7cf2, info: falling back to local execution client, service: exec
Dec 06 21:04:33.021 INFO Signed block published to network via HTTP API, publish_delay_ms: 1, slot: 81
Dec 06 21:04:33.035 INFO Valid block from HTTP API               slot: 81, proposer_index: 65, root: 0xb98b…54ae, block_delay: 19.714863ms
Dec 06 21:04:33.037 INFO Prepared beacon proposer                parent_root: 0xb98b8c18c605534bac506c77b562e1ed467d1a1996657f398a521a126b6654ae, validator: 99, prepare_slot: 82, service: beacon
Dec 06 21:04:34.000 INFO Synced                                  slot: 81, block: 0xb98b…54ae, epoch: 2, finalized_epoch: 0, finalized_root: 0x4b04…4842, exec_hash: 0x09e7…7cf2 (verified), peers: 2, service: slot_notifier
Dec 06 21:04:35.003 INFO Prepared beacon proposer                parent_root: 0xb98b8c18c605534bac506c77b562e1ed467d1a1996657f398a521a126b6654ae, validator: 119, prepare_slot: 83, service: beacon
Dec 06 21:04:35.004 ERRO No valid eth1_data votes, `votes_to_consider` empty, outcome: casting `state.eth1_data` as eth1 vote, genesis_time: 1733518911, earliest_block_timestamp: 1733518891, lowest_block_number: 0, service: deposit_contract_rpc
Dec 06 21:04:35.005 INFO Requesting blinded header from connected builder, parent_hash: 0x09e7eda88fcbddfdf574b8fa37770b48f0a797ddc4cab547687ee7b0992c7cf2, pubkey: 0x889fd954b35f31ea3f3eca4496ba13b9678a527e4d3137c8aea484b4d741886bdfff59f99a89721165f5ba7c9f5a366b, slot: Slot(82), service: exec
Dec 06 21:04:35.062 INFO Requested blinded execution payload     parent_hash: 0x09e7eda88fcbddfdf574b8fa37770b48f0a797ddc4cab547687ee7b0992c7cf2, local_response_ms: 1, local_fee_recipient: 0x8943545177806ed17b9f23f0a21ee5948ecaa776, relay_response_ms: 57, relay_fee_recipient: 0x8943545177806ed17b9f23f0a21ee5948ecaa776, service: exec
Dec 06 21:04:35.062 INFO Received local and builder payloads     parent_hash: 0x09e7eda88fcbddfdf574b8fa37770b48f0a797ddc4cab547687ee7b0992c7cf2, local_block_hash: 0x8f920d7cd278f46025b29978096f708427c2dd37612190888f613b8c1cf1576c, relay_block_hash: 0x47682b78425db415c109f9e80c51c7a5abd3ae2c73029d5ee8ecb9ec16e39564, service: exec
Dec 06 21:04:35.063 INFO Relay block is more profitable than local block, builder_boost_factor: None, boosted_relay_value: 3348610607619000, relay_value: 3348610607619000, local_block_value: 2369575796175000, service: exec
Dec 06 21:04:36.000 INFO Synced                                  slot: 82, block:    …  empty, epoch: 2, finalized_epoch: 0, finalized_root: 0x4b04…4842, exec_hash: 0x09e7…7cf2 (verified), peers: 2, service: slot_notifier
Dec 06 21:04:36.181 INFO Builder successfully revealed payload   parent_hash: 0x09e7eda88fcbddfdf574b8fa37770b48f0a797ddc4cab547687ee7b0992c7cf2, block_hash: 0x47682b78425db415c109f9e80c51c7a5abd3ae2c73029d5ee8ecb9ec16e39564, fee_recipient: 0x8943545177806ed17b9f23f0a21ee5948ecaa776, block_root: 0xdedb37d8f56f31d86c7b1e9744ca6d712d235ccfb11aaaada7133fea806668f5, relay_response_ms: 1081, service: exec
Dec 06 21:04:36.181 INFO Successfully published a block to the builder network, block_hash: 0x47682b78425db415c109f9e80c51c7a5abd3ae2c73029d5ee8ecb9ec16e39564
Dec 06 21:04:36.183 INFO Signed block published to network via HTTP API, publish_delay_ms: 2, slot: 82
Dec 06 21:04:36.205 INFO Valid block from HTTP API               slot: 82, proposer_index: 99, root: 0xdedb…68f5, block_delay: 1.181290862s
Dec 06 21:04:36.209 WARN Error processing HTTP API request       method: POST, path: /eth/v2/beacon/blocks, status: 202 Accepted, elapsed: 1.089564567s
Dec 06 21:04:36.335 INFO Prepared beacon proposer                parent_root: 0xdedb37d8f56f31d86c7b1e9744ca6d712d235ccfb11aaaada7133fea806668f5, validator: 119, prepare_slot: 83, service: beacon
Dec 06 21:04:37.002 INFO Prepared beacon proposer                parent_root: 0xdedb37d8f56f31d86c7b1e9744ca6d712d235ccfb11aaaada7133fea806668f5, validator: 70, prepare_slot: 84, service: beacon
Dec 06 21:04:37.004 ERRO No valid eth1_data votes, `votes_to_consider` empty, outcome: casting `state.eth1_data` as eth1 vote, genesis_time: 1733518911, earliest_block_timestamp: 1733518891, lowest_block_number: 0, service: deposit_contract_rpc
Dec 06 21:04:37.004 INFO Requesting blinded header from connected builder, parent_hash: 0x47682b78425db415c109f9e80c51c7a5abd3ae2c73029d5ee8ecb9ec16e39564, pubkey: 0xa8494e9a4ca0b6fb595347fda04978eb76c0520b07b760ebce609c5051d6a7e2b01dc68f2b2eab6aca5a8fdbbdcd9346, slot: Slot(83), service: exec
Dec 06 21:04:37.010 INFO Requested blinded execution payload     parent_hash: 0x47682b78425db415c109f9e80c51c7a5abd3ae2c73029d5ee8ecb9ec16e39564, local_response_ms: 2, local_fee_recipient: 0x8943545177806ed17b9f23f0a21ee5948ecaa776, relay_response_ms: 6, relay_fee_recipient: empty response, service: exec
Dec 06 21:04:37.011 INFO Builder did not return a payload        parent_hash: 0x47682b78425db415c109f9e80c51c7a5abd3ae2c73029d5ee8ecb9ec16e39564, local_block_hash: 0x8692623d199dbfc0b9dc4f200e290465b5eba46c1d456db8b88e71f52f891d16, info: falling back to local execution client, service: exec
Dec 06 21:04:37.102 INFO Signed block published to network via HTTP API, publish_delay_ms: 1, slot: 83
Dec 06 21:04:37.119 INFO Valid block from HTTP API               slot: 83, proposer_index: 119, root: 0xaf55…6028, block_delay: 101.402645ms
Dec 06 21:04:37.121 INFO Prepared beacon proposer                parent_root: 0xaf55ab0597dbc7494e44f037156b33a309cd85d1bd9505194cb4da523c266028, validator: 70, prepare_slot: 84, service: beacon
Dec 06 21:04:38.000 INFO Synced                                  slot: 83, block: 0xaf55…6028, epoch: 2, finalized_epoch: 0, finalized_root: 0x4b04…4842, exec_hash: 0x8692…1d16 (verified), peers: 2, service: slot_notifier
Dec 06 21:04:39.005 INFO Prepared beacon proposer                parent_root: 0xaf55ab0597dbc7494e44f037156b33a309cd85d1bd9505194cb4da523c266028, validator: 107, prepare_slot: 85, service: beacon
Dec 06 21:04:39.005 ERRO No valid eth1_data votes, `votes_to_consider` empty, outcome: casting `state.eth1_data` as eth1 vote, genesis_time: 1733518911, earliest_block_timestamp: 1733518891, lowest_block_number: 0, service: deposit_contract_rpc
Dec 06 21:04:39.005 INFO Requesting blinded header from connected builder, parent_hash: 0x8692623d199dbfc0b9dc4f200e290465b5eba46c1d456db8b88e71f52f891d16, pubkey: 0xb8c6663371dc37bf083134dea26a20115ccc52b7c15a662bcfa33435e4ade14c6bc9714a5cdee492530accf8a327b2aa, slot: Slot(84), service: exec
Dec 06 21:04:39.058 INFO Requested blinded execution payload     parent_hash: 0x8692623d199dbfc0b9dc4f200e290465b5eba46c1d456db8b88e71f52f891d16, local_response_ms: 2, local_fee_recipient: 0x8943545177806ed17b9f23f0a21ee5948ecaa776, relay_response_ms: 52, relay_fee_recipient: 0x8943545177806ed17b9f23f0a21ee5948ecaa776, service: exec
Dec 06 21:04:39.058 INFO Received local and builder payloads     parent_hash: 0x8692623d199dbfc0b9dc4f200e290465b5eba46c1d456db8b88e71f52f891d16, local_block_hash: 0x04c11729290c78dbdfebc764fa9a99e644e0822325e301e738fe7e2868a21153, relay_block_hash: 0x6f38827505cf8948e55183f4b0a9e150cf9d3bb28a9fc7ba698ae374f5b3ad60, service: exec
Dec 06 21:04:39.059 INFO Relay block is more profitable than local block, builder_boost_factor: None, boosted_relay_value: 6797294421190106, relay_value: 6797294421190106, local_block_value: 4069032633418836, service: exec
Dec 06 21:04:40.000 INFO Synced                                  slot: 84, block:    …  empty, epoch: 2, finalized_epoch: 0, finalized_root: 0x4b04…4842, exec_hash: 0x8692…1d16 (verified), peers: 2, service: slot_notifier
Dec 06 21:04:40.193 INFO Builder successfully revealed payload   parent_hash: 0x8692623d199dbfc0b9dc4f200e290465b5eba46c1d456db8b88e71f52f891d16, block_hash: 0x6f38827505cf8948e55183f4b0a9e150cf9d3bb28a9fc7ba698ae374f5b3ad60, fee_recipient: 0x8943545177806ed17b9f23f0a21ee5948ecaa776, block_root: 0x4efca249408132490b58534bc09018099e47e69d2420bd75d85fd9ae313019b6, relay_response_ms: 1096, service: exec
Dec 06 21:04:40.194 INFO Successfully published a block to the builder network, block_hash: 0x6f38827505cf8948e55183f4b0a9e150cf9d3bb28a9fc7ba698ae374f5b3ad60
Dec 06 21:04:40.197 INFO Signed block published to network via HTTP API, publish_delay_ms: 3, slot: 84
Dec 06 21:04:40.226 INFO Valid block from HTTP API               slot: 84, proposer_index: 70, root: 0x4efc…19b6, block_delay: 1.193979974s
Dec 06 21:04:40.233 WARN Error processing HTTP API request       method: POST, path: /eth/v2/beacon/blocks, status: 202 Accepted, elapsed: 1.10884467s
Dec 06 21:04:40.334 INFO Prepared beacon proposer                parent_root: 0x4efca249408132490b58534bc09018099e47e69d2420bd75d85fd9ae313019b6, validator: 107, prepare_slot: 85, service: beacon
Dec 06 21:04:41.004 ERRO No valid eth1_data votes, `votes_to_consider` empty, outcome: casting `state.eth1_data` as eth1 vote, genesis_time: 1733518911, earliest_block_timestamp: 1733518891, lowest_block_number: 0, service: deposit_contract_rpc
Dec 06 21:04:41.004 INFO Requesting blinded header from connected builder, parent_hash: 0x6f38827505cf8948e55183f4b0a9e150cf9d3bb28a9fc7ba698ae374f5b3ad60, pubkey: 0xb4cb3c19c6974ff1ff486b97cfc43eccba5e61e288ff008349cc99d1adb317ad2e9e28adafc48057322998eef132ab26, slot: Slot(85), service: exec
Dec 06 21:04:41.005 INFO Requested blinded execution payload     parent_hash: 0x6f38827505cf8948e55183f4b0a9e150cf9d3bb28a9fc7ba698ae374f5b3ad60, local_response_ms: 0, local_fee_recipient: 0x8943545177806ed17b9f23f0a21ee5948ecaa776, relay_response_ms: 1, relay_fee_recipient: empty response, service: exec
Dec 06 21:04:41.005 INFO Builder did not return a payload        parent_hash: 0x6f38827505cf8948e55183f4b0a9e150cf9d3bb28a9fc7ba698ae374f5b3ad60, local_block_hash: 0x1760b15ad98b877cd4e2197a738574f578939ef7284632d6db65792d20a9f1a1, info: falling back to local execution client, service: exec
Dec 06 21:04:41.022 INFO Signed block published to network via HTTP API, publish_delay_ms: 1, slot: 85
Dec 06 21:04:41.029 INFO Valid block from HTTP API               slot: 85, proposer_index: 107, root: 0x24cb…2e42, block_delay: 20.766632ms
Dec 06 21:04:42.000 INFO Synced                                  slot: 85, block: 0x24cb…2e42, epoch: 2, finalized_epoch: 0, finalized_root: 0x4b04…4842, exec_hash: 0x1760…f1a1 (verified), peers: 2, service: slot_notifier
Dec 06 21:04:43.026 INFO New block received                      root: 0x5bfb7859e5b09e8afa7b0be2b865f74370b787c8f750788696dbd5363fa1d702, slot: 86
Dec 06 21:04:44.000 INFO Synced                                  slot: 86, block: 0x5bfb…d702, epoch: 2, finalized_epoch: 0, finalized_root: 0x4b04…4842, exec_hash: 0x8b05…c449 (verified), peers: 2, service: slot_notifier
Dec 06 21:04:45.001 INFO Prepared beacon proposer                parent_root: 0x5bfb7859e5b09e8afa7b0be2b865f74370b787c8f750788696dbd5363fa1d702, validator: 103, prepare_slot: 88, service: beacon
Dec 06 21:04:45.113 INFO Signed block published to network via HTTP API, publish_delay_ms: 7, slot: 87
Dec 06 21:04:45.126 INFO Valid block from HTTP API               slot: 87, proposer_index: 62, root: 0xc972…95a5, block_delay: 105.540077ms
Dec 06 21:04:45.127 INFO Prepared beacon proposer                parent_root: 0xc972298ddf1ae0d55b1052270f6a7ceb19f3291c2c8935133f588afb6ca395a5, validator: 103, prepare_slot: 88, service: beacon
Dec 06 21:04:46.000 INFO Synced                                  slot: 87, block: 0xc972…95a5, epoch: 2, finalized_epoch: 0, finalized_root: 0x4b04…4842, exec_hash: 0xa99e…cdec (verified), peers: 2, service: slot_notifier
Dec 06 21:04:47.001 INFO Prepared beacon proposer                parent_root: 0xc972298ddf1ae0d55b1052270f6a7ceb19f3291c2c8935133f588afb6ca395a5, validator: 85, prepare_slot: 89, service: beacon
Dec 06 21:04:47.003 ERRO No valid eth1_data votes, `votes_to_consider` empty, outcome: casting `state.eth1_data` as eth1 vote, genesis_time: 1733518911, earliest_block_timestamp: 1733518891, lowest_block_number: 0, service: deposit_contract_rpc
Dec 06 21:04:47.003 INFO Requesting blinded header from connected builder, parent_hash: 0xa99e4e47db40d98991ebf311705654c850200d0cfb745e3c99f661a61b9fcdec, pubkey: 0xac97a570a795d24af13ef32709d71a37c0fb90a49581e735d635721581c5553c10eb15f43531121b6026f55d603d73f7, slot: Slot(88), service: exec
Dec 06 21:04:47.006 INFO Requested blinded execution payload     parent_hash: 0xa99e4e47db40d98991ebf311705654c850200d0cfb745e3c99f661a61b9fcdec, local_response_ms: 1, local_fee_recipient: 0x8943545177806ed17b9f23f0a21ee5948ecaa776, relay_response_ms: 3, relay_fee_recipient: empty response, service: exec
Dec 06 21:04:47.006 INFO Builder did not return a payload        parent_hash: 0xa99e4e47db40d98991ebf311705654c850200d0cfb745e3c99f661a61b9fcdec, local_block_hash: 0x47abb625558377038b174c2d629c6b08fc8df03258fa753de8188a06cd95a196, info: falling back to local execution client, service: exec
Dec 06 21:04:47.104 INFO Signed block published to network via HTTP API, publish_delay_ms: 2, slot: 88
Dec 06 21:04:47.120 INFO Valid block from HTTP API               slot: 88, proposer_index: 103, root: 0x913e…fb1e, block_delay: 102.687917ms
Dec 06 21:04:47.122 INFO Prepared beacon proposer                parent_root: 0x913ea32cefd164877ee3978a8099cfc1e06f3a49e1177f2736986761cdf8fb1e, validator: 85, prepare_slot: 89, service: beacon
Dec 06 21:04:48.000 INFO Synced                                  slot: 88, block: 0x913e…fb1e, epoch: 2, finalized_epoch: 0, finalized_root: 0x4b04…4842, exec_hash: 0x47ab…a196 (verified), peers: 2, service: slot_notifier
Dec 06 21:04:49.001 INFO Prepared beacon proposer                parent_root: 0x913ea32cefd164877ee3978a8099cfc1e06f3a49e1177f2736986761cdf8fb1e, validator: 79, prepare_slot: 90, service: beacon
Dec 06 21:04:49.003 ERRO No valid eth1_data votes, `votes_to_consider` empty, outcome: casting `state.eth1_data` as eth1 vote, genesis_time: 1733518911, earliest_block_timestamp: 1733518891, lowest_block_number: 0, service: deposit_contract_rpc
Dec 06 21:04:49.003 INFO Requesting blinded header from connected builder, parent_hash: 0x47abb625558377038b174c2d629c6b08fc8df03258fa753de8188a06cd95a196, pubkey: 0xb0b263c298eb4d09de14dd71005fc683c4405efdb230c6661b9697d3a0978e5ed7736e76729b2233341e75ea46ecff1f, slot: Slot(89), service: exec
Dec 06 21:04:49.004 INFO Requested blinded execution payload     parent_hash: 0x47abb625558377038b174c2d629c6b08fc8df03258fa753de8188a06cd95a196, local_response_ms: 0, local_fee_recipient: 0x8943545177806ed17b9f23f0a21ee5948ecaa776, relay_response_ms: 1, relay_fee_recipient: empty response, service: exec
Dec 06 21:04:49.004 INFO Builder did not return a payload        parent_hash: 0x47abb625558377038b174c2d629c6b08fc8df03258fa753de8188a06cd95a196, local_block_hash: 0x2efe643512fa061521b1ec9a86951c4797ed63e12539eff282f543d76cacb2c5, info: falling back to local execution client, service: exec
Dec 06 21:04:49.096 INFO Signed block published to network via HTTP API, publish_delay_ms: 1, slot: 89
Dec 06 21:04:49.103 INFO Valid block from HTTP API               slot: 89, proposer_index: 85, root: 0x1c1a…91e7, block_delay: 95.020706ms
Dec 06 21:04:49.106 INFO Prepared beacon proposer                parent_root: 0x1c1a04641f1082d1902a80ea5f818d5bba4a0e3584bbceafe2b8e3fedaaf91e7, validator: 79, prepare_slot: 90, service: beacon
Dec 06 21:04:50.000 INFO Synced                                  slot: 89, block: 0x1c1a…91e7, epoch: 2, finalized_epoch: 0, finalized_root: 0x4b04…4842, exec_hash: 0x2efe…b2c5 (verified), peers: 2, service: slot_notifier
Dec 06 21:04:51.001 INFO Prepared beacon proposer                parent_root: 0x1c1a04641f1082d1902a80ea5f818d5bba4a0e3584bbceafe2b8e3fedaaf91e7, validator: 91, prepare_slot: 91, service: beacon
Dec 06 21:04:51.002 ERRO No valid eth1_data votes, `votes_to_consider` empty, outcome: casting `state.eth1_data` as eth1 vote, genesis_time: 1733518911, earliest_block_timestamp: 1733518891, lowest_block_number: 0, service: deposit_contract_rpc
Dec 06 21:04:51.003 INFO Requesting blinded header from connected builder, parent_hash: 0x2efe643512fa061521b1ec9a86951c4797ed63e12539eff282f543d76cacb2c5, pubkey: 0xb320e188ef282109ba8dc3d2573f9edc33831c1025a29844c86e7fc60a25627e507964725ec8dbeccfcbaa12e7fb5e1a, slot: Slot(90), service: exec
Dec 06 21:04:51.004 INFO Requested blinded execution payload     parent_hash: 0x2efe643512fa061521b1ec9a86951c4797ed63e12539eff282f543d76cacb2c5, local_response_ms: 0, local_fee_recipient: 0x8943545177806ed17b9f23f0a21ee5948ecaa776, relay_response_ms: 1, relay_fee_recipient: empty response, service: exec
Dec 06 21:04:51.004 INFO Builder did not return a payload        parent_hash: 0x2efe643512fa061521b1ec9a86951c4797ed63e12539eff282f543d76cacb2c5, local_block_hash: 0x5d366579a0a7847a924f86f15bab8ef76a536b09781e9cd7f57a90f9be9b79e8, info: falling back to local execution client, service: exec
Dec 06 21:04:51.097 INFO Signed block published to network via HTTP API, publish_delay_ms: 1, slot: 90
Dec 06 21:04:51.103 INFO Valid block from HTTP API               slot: 90, proposer_index: 79, root: 0xddc9…e873, block_delay: 96.343273ms
Dec 06 21:04:51.105 INFO Prepared beacon proposer                parent_root: 0xddc9647ebd641f7a2938740c71471ae80f744f5fd12aa942a3f7c3de2573e873, validator: 91, prepare_slot: 91, service: beacon
Dec 06 21:04:51.792 ERRO Attestation queue full                  queue_len: 4, msg: the system has insufficient resources for load, service: bproc
Dec 06 21:04:52.000 INFO Synced                                  slot: 90, block: 0xddc9…e873, epoch: 2, finalized_epoch: 0, finalized_root: 0x4b04…4842, exec_hash: 0x5d36…79e8 (verified), peers: 2, service: slot_notifier
Dec 06 21:04:53.002 ERRO No valid eth1_data votes, `votes_to_consider` empty, outcome: casting `state.eth1_data` as eth1 vote, genesis_time: 1733518911, earliest_block_timestamp: 1733518891, lowest_block_number: 0, service: deposit_contract_rpc
Dec 06 21:04:53.002 INFO Requesting blinded header from connected builder, parent_hash: 0x5d366579a0a7847a924f86f15bab8ef76a536b09781e9cd7f57a90f9be9b79e8, pubkey: 0x8548d74ab33e8dd285e72b1ea3c15eb08b66d555493bcf39aa4355af06ccf0f4469e09f110544dc04b1f3d0e7880ac1d, slot: Slot(91), service: exec
Dec 06 21:04:53.033 INFO Requested blinded execution payload     parent_hash: 0x5d366579a0a7847a924f86f15bab8ef76a536b09781e9cd7f57a90f9be9b79e8, local_response_ms: 2, local_fee_recipient: 0x8943545177806ed17b9f23f0a21ee5948ecaa776, relay_response_ms: 31, relay_fee_recipient: 0x8943545177806ed17b9f23f0a21ee5948ecaa776, service: exec
Dec 06 21:04:53.033 INFO Received local and builder payloads     parent_hash: 0x5d366579a0a7847a924f86f15bab8ef76a536b09781e9cd7f57a90f9be9b79e8, local_block_hash: 0xa2653b18b6578c4b59fb4f2236473b00160c2961a5d091621cc87f15eb8edd58, relay_block_hash: 0x703d363afa4b05304d79949db52fcd4e3bd238198c1b9b2613aaea730bf48fa1, service: exec
Dec 06 21:04:53.035 INFO Relay block is more profitable than local block, builder_boost_factor: None, boosted_relay_value: 3727351745832000, relay_value: 3727351745832000, local_block_value: 1895658625980000, service: exec
Dec 06 21:04:54.000 INFO Synced                                  slot: 91, block:    …  empty, epoch: 2, finalized_epoch: 0, finalized_root: 0x4b04…4842, exec_hash: 0x5d36…79e8 (verified), peers: 2, service: slot_notifier
Dec 06 21:04:54.100 INFO Builder successfully revealed payload   parent_hash: 0x5d366579a0a7847a924f86f15bab8ef76a536b09781e9cd7f57a90f9be9b79e8, block_hash: 0x703d363afa4b05304d79949db52fcd4e3bd238198c1b9b2613aaea730bf48fa1, fee_recipient: 0x8943545177806ed17b9f23f0a21ee5948ecaa776, block_root: 0xe6f6a0512c17b217e7235bd3f171e759b61077a06098034c22e3253c86cac27b, relay_response_ms: 1054, service: exec
Dec 06 21:04:54.100 INFO Successfully published a block to the builder network, block_hash: 0x703d363afa4b05304d79949db52fcd4e3bd238198c1b9b2613aaea730bf48fa1
Dec 06 21:04:54.102 INFO Signed block published to network via HTTP API, publish_delay_ms: 1, slot: 91
Dec 06 21:04:54.125 INFO Valid block from HTTP API               slot: 91, proposer_index: 91, root: 0xe6f6…c27b, block_delay: 1.100102459s
Dec 06 21:04:54.130 WARN Error processing HTTP API request       method: POST, path: /eth/v2/beacon/blocks, status: 202 Accepted, elapsed: 1.072257227s
Dec 06 21:04:55.002 INFO Prepared beacon proposer                parent_root: 0xe6f6a0512c17b217e7235bd3f171e759b61077a06098034c22e3253c86cac27b, validator: 108, prepare_slot: 93, service: beacon
Dec 06 21:04:55.101 INFO New block received                      root: 0xd03892b97d12f28274f257c15f1d45b7d626f94be4e5358c23ec14c2dbbbd872, slot: 92
Dec 06 21:04:55.112 INFO Prepared beacon proposer                parent_root: 0xd03892b97d12f28274f257c15f1d45b7d626f94be4e5358c23ec14c2dbbbd872, validator: 108, prepare_slot: 93, service: beacon
Dec 06 21:04:56.000 INFO Synced                                  slot: 92, block: 0xd038…d872, epoch: 2, finalized_epoch: 0, finalized_root: 0x4b04…4842, exec_hash: 0xa9f7…71fe (verified), peers: 2, service: slot_notifier
Dec 06 21:04:57.001 INFO Prepared beacon proposer                parent_root: 0xd03892b97d12f28274f257c15f1d45b7d626f94be4e5358c23ec14c2dbbbd872, validator: 74, prepare_slot: 94, service: beacon
Dec 06 21:04:57.002 ERRO No valid eth1_data votes, `votes_to_consider` empty, outcome: casting `state.eth1_data` as eth1 vote, genesis_time: 1733518911, earliest_block_timestamp: 1733518891, lowest_block_number: 0, service: deposit_contract_rpc
Dec 06 21:04:57.002 INFO Requesting blinded header from connected builder, parent_hash: 0xa9f7ce779e9b69e7cfd1470a5882ae462af911f7fe43fa517d6251707f2071fe, pubkey: 0xb1f2588848bded71a0ad83d124b5ff2d1ab964068e4eab97edc678eddc9aaa6175b51f561c4ec96c818ad5f6c59aa936, slot: Slot(93), service: exec
Dec 06 21:04:57.005 INFO Requested blinded execution payload     parent_hash: 0xa9f7ce779e9b69e7cfd1470a5882ae462af911f7fe43fa517d6251707f2071fe, local_response_ms: 2, local_fee_recipient: 0x8943545177806ed17b9f23f0a21ee5948ecaa776, relay_response_ms: 2, relay_fee_recipient: empty response, service: exec
Dec 06 21:04:57.005 INFO Builder did not return a payload        parent_hash: 0xa9f7ce779e9b69e7cfd1470a5882ae462af911f7fe43fa517d6251707f2071fe, local_block_hash: 0xe5ac1475393d5cb2793b4f672d04d8094e1d9971e0cf9fdf3be6fac6314a6a1f, info: falling back to local execution client, service: exec
Dec 06 21:04:57.025 INFO Signed block published to network via HTTP API, publish_delay_ms: 2, slot: 93
Dec 06 21:04:57.049 INFO Valid block from HTTP API               slot: 93, proposer_index: 108, root: 0x6cf8…99ad, block_delay: 23.337765ms
Dec 06 21:04:57.053 INFO Prepared beacon proposer                parent_root: 0x6cf83c469c5a9a2ced6f5148237035c6bd70157dd48c4d4d8d650f4cf3a899ad, validator: 74, prepare_slot: 94, service: beacon
Dec 06 21:04:58.000 INFO Synced                                  slot: 93, block: 0x6cf8…99ad, epoch: 2, finalized_epoch: 0, finalized_root: 0x4b04…4842, exec_hash: 0xe5ac…6a1f (verified), peers: 2, service: slot_notifier
Dec 06 21:04:59.003 ERRO No valid eth1_data votes, `votes_to_consider` empty, outcome: casting `state.eth1_data` as eth1 vote, genesis_time: 1733518911, earliest_block_timestamp: 1733518891, lowest_block_number: 0, service: deposit_contract_rpc
Dec 06 21:04:59.003 INFO Requesting blinded header from connected builder, parent_hash: 0xe5ac1475393d5cb2793b4f672d04d8094e1d9971e0cf9fdf3be6fac6314a6a1f, pubkey: 0xaee3fbc60f939c125877a4f4529517edcf114fdb83715f9f4041eccebb91323ce8c4784ff87815c38752517b3d2e2725, slot: Slot(94), service: exec
Dec 06 21:04:59.027 INFO Requested blinded execution payload     parent_hash: 0xe5ac1475393d5cb2793b4f672d04d8094e1d9971e0cf9fdf3be6fac6314a6a1f, local_response_ms: 1, local_fee_recipient: 0x8943545177806ed17b9f23f0a21ee5948ecaa776, relay_response_ms: 24, relay_fee_recipient: 0x8943545177806ed17b9f23f0a21ee5948ecaa776, service: exec
Dec 06 21:04:59.027 INFO Received local and builder payloads     parent_hash: 0xe5ac1475393d5cb2793b4f672d04d8094e1d9971e0cf9fdf3be6fac6314a6a1f, local_block_hash: 0xd6c7ec0f7ceff9f6c9fc0178e94f2c467ebf4bf1dde0c12ad910cc5685253c1f, relay_block_hash: 0xb2e9669ac86a1ec406fde30131c8af74d27a4ff17fd4d1ba0327f93f48c96c3e, service: exec
Dec 06 21:04:59.028 INFO Relay block is more profitable than local block, builder_boost_factor: None, boosted_relay_value: 3272278467655609, relay_value: 3272278467655609, local_block_value: 2735563701931609, service: exec
Dec 06 21:05:00.000 INFO Synced                                  slot: 94, block:    …  empty, epoch: 2, finalized_epoch: 0, finalized_root: 0x4b04…4842, exec_hash: 0xe5ac…6a1f (verified), peers: 2, service: slot_notifier
Dec 06 21:05:00.078 INFO Builder successfully revealed payload   parent_hash: 0xe5ac1475393d5cb2793b4f672d04d8094e1d9971e0cf9fdf3be6fac6314a6a1f, block_hash: 0xb2e9669ac86a1ec406fde30131c8af74d27a4ff17fd4d1ba0327f93f48c96c3e, fee_recipient: 0x8943545177806ed17b9f23f0a21ee5948ecaa776, block_root: 0x47ec0406f9ba811523fc2244ea8019733d1ecb0f79de70321277b13255bb6dc5, relay_response_ms: 1036, service: exec
Dec 06 21:05:00.078 INFO Successfully published a block to the builder network, block_hash: 0xb2e9669ac86a1ec406fde30131c8af74d27a4ff17fd4d1ba0327f93f48c96c3e
Dec 06 21:05:00.080 INFO Signed block published to network via HTTP API, publish_delay_ms: 1, slot: 94
Dec 06 21:05:00.099 INFO Valid block from HTTP API               slot: 94, proposer_index: 74, root: 0x47ec…6dc5, block_delay: 1.07829342s
Dec 06 21:05:00.108 WARN Error processing HTTP API request       method: POST, path: /eth/v2/beacon/blocks, status: 202 Accepted, elapsed: 1.0575239s
Dec 06 21:05:01.003 INFO Prepared beacon proposer                parent_root: 0x47ec0406f9ba811523fc2244ea8019733d1ecb0f79de70321277b13255bb6dc5, validator: 70, prepare_slot: 96, service: beacon
Dec 06 21:05:01.029 INFO New block received                      root: 0xf0ee93a807dc1ade458a76a641411a5dc6a98e186efe28dc21a73626d83c5d5f, slot: 95
Dec 06 21:05:01.039 INFO Prepared beacon proposer                parent_root: 0xf0ee93a807dc1ade458a76a641411a5dc6a98e186efe28dc21a73626d83c5d5f, validator: 70, prepare_slot: 96, service: beacon
Dec 06 21:05:02.000 INFO Synced                                  slot: 95, block: 0xf0ee…5d5f, epoch: 2, finalized_epoch: 0, finalized_root: 0x4b04…4842, exec_hash: 0xafc7…f81e (verified), peers: 2, service: slot_notifier
Dec 06 21:05:03.008 INFO Forwarding register validator request to connected builder, count: 64
Dec 06 21:05:03.009 ERRO No valid eth1_data votes, `votes_to_consider` empty, outcome: casting `state.eth1_data` as eth1 vote, genesis_time: 1733518911, earliest_block_timestamp: 1733518891, lowest_block_number: 0, service: deposit_contract_rpc
Dec 06 21:05:03.009 INFO Requesting blinded header from connected builder, parent_hash: 0xafc7cc61daca94e30ddac1eeb2bb0ab7f3d51c49d0f177d9d6e4831081f2f81e, pubkey: 0xb8c6663371dc37bf083134dea26a20115ccc52b7c15a662bcfa33435e4ade14c6bc9714a5cdee492530accf8a327b2aa, slot: Slot(96), service: exec
Dec 06 21:05:03.044 INFO Requested blinded execution payload     parent_hash: 0xafc7cc61daca94e30ddac1eeb2bb0ab7f3d51c49d0f177d9d6e4831081f2f81e, local_response_ms: 3, local_fee_recipient: 0x8943545177806ed17b9f23f0a21ee5948ecaa776, relay_response_ms: 35, relay_fee_recipient: 0x8943545177806ed17b9f23f0a21ee5948ecaa776, service: exec
Dec 06 21:05:03.044 INFO Received local and builder payloads     parent_hash: 0xafc7cc61daca94e30ddac1eeb2bb0ab7f3d51c49d0f177d9d6e4831081f2f81e, local_block_hash: 0xb3b42480b318af2b0d9f73be9f1673bc5986b1fc0d7b6545834196da71659906, relay_block_hash: 0xd44353d6383e1daf85588aaf3de78ed7e626a6fcb8e856fda00713a8445fe447, service: exec
Dec 06 21:05:03.045 INFO Relay block is more profitable than local block, builder_boost_factor: None, boosted_relay_value: 3696152755677000, relay_value: 3696152755677000, local_block_value: 3159437938692000, service: exec
Dec 06 21:05:04.000 INFO Synced                                  slot: 96, block:    …  empty, epoch: 3, finalized_epoch: 0, finalized_root: 0x4b04…4842, exec_hash: 0xafc7…f81e (verified), peers: 2, service: slot_notifier
