ERROR[12-06|21:01:57.961] could not update validators map          err="Get \"http://mev-relay-api:9062/relay/v1/builder/validators\": dial tcp: lookup mev-relay-api on 127.0.0.11:53: no such host"
ERROR[12-06|21:01:58.917] error with builder processing on payload attribute latestSlot=4 processedSlot=4 headHash=0x205c449a3bf27af346bff2459ee18176ed4a04a4aebd56424b050c6c5f9321d8 error="could not get validator while submitting block for slot 4 - validator not found"
INFO [12-06|21:01:58.917] requesting                               currentSlot=4
ERROR[12-06|21:01:58.939] could not get validators map from relay, retrying err="Get \"http://mev-relay-api:9062/relay/v1/builder/validators\": dial tcp: lookup mev-relay-api on 127.0.0.11:53: no such host"
INFO [12-06|21:01:59.003] Block finalized and assembled            height=4 blockProfit=0 txs=0 bundles=0 okSbundles=0 totalSbundles=0 gasUsed=0 time="344.478µs"
INFO [12-06|21:01:59.004] Block finalized and assembled            height=4 blockProfit=0 txs=0 bundles=0 okSbundles=0 totalSbundles=0 gasUsed=0 time="896.069µs"
INFO [12-06|21:01:59.004] Updated payload                          id=0x03f0cfef9dab67ed number=4 hash=24a2d4..21a5d2 txs=0 withdrawals=0 gas=0 fees=0 root=2a7fa1..c3bfed elapsed=1.051ms
ERROR[12-06|21:01:59.005] error with builder processing on payload attribute latestSlot=5 processedSlot=5 headHash=0x205c449a3bf27af346bff2459ee18176ed4a04a4aebd56424b050c6c5f9321d8 error="could not get validator while submitting block for slot 5 - validator not found"
ERROR[12-06|21:01:59.005] could not update validators map          err="sync is ongoing"
INFO [12-06|21:01:59.248] Imported new potential chain segment     number=4 hash=ace110..c68ecd blocks=1 txs=21 mgas=12.721 elapsed=19.639ms    mgasps=647.722 snapdiffs=4.02KiB triedirty=26.09KiB
INFO [12-06|21:01:59.261] Chain head was updated                   number=4 hash=ace110..c68ecd root=14ad90..d72408 elapsed=3.965133ms
ERROR[12-06|21:01:59.265] Nil finalized block cannot evict old blobs
ERROR[12-06|21:01:59.267] error with builder processing on payload attribute latestSlot=5 processedSlot=5 headHash=0xace1108c13523dff17240fd588d0f373edc4df7d45c5ef9ebc2d4ad274c68ecd error="could not get validator while submitting block for slot 5 - validator not found"
ERROR[12-06|21:01:59.267] could not update validators map          err="sync is ongoing"
INFO [12-06|21:01:59.268] Block finalized and assembled            height=5 blockProfit=0 txs=0  bundles=0 okSbundles=0 totalSbundles=0 gasUsed=0 time="524.841µs"
INFO [12-06|21:01:59.269] Block finalized and assembled            height=5 blockProfit=0 txs=0  bundles=0 okSbundles=0 totalSbundles=0 gasUsed=0 time="533.571µs"
INFO [12-06|21:01:59.269] Updated payload                          id=0x031a737e29d1a2fe number=5 hash=8d692e..f37405 txs=0  withdrawals=0 gas=0 fees=0 root=60ff8a..2235b6 elapsed="591.792µs"
INFO [12-06|21:01:59.714] Looking for peers                        peercount=2 tried=41 static=0
ERROR[12-06|21:01:59.961] could not get validators map from relay  err="Get \"http://mev-relay-api:9062/relay/v1/builder/validators\": dial tcp: lookup mev-relay-api on 127.0.0.11:53: no such host"
ERROR[12-06|21:01:59.961] could not update validators map          err="Get \"http://mev-relay-api:9062/relay/v1/builder/validators\": dial tcp: lookup mev-relay-api on 127.0.0.11:53: no such host"
ERROR[12-06|21:02:00.919] error with builder processing on payload attribute latestSlot=5 processedSlot=5 headHash=0xace1108c13523dff17240fd588d0f373edc4df7d45c5ef9ebc2d4ad274c68ecd error="could not get validator while submitting block for slot 5 - validator not found"
INFO [12-06|21:02:00.919] requesting                               currentSlot=5
ERROR[12-06|21:02:00.939] could not get validators map from relay, retrying err="Get \"http://mev-relay-api:9062/relay/v1/builder/validators\": dial tcp: lookup mev-relay-api on 127.0.0.11:53: no such host"
INFO [12-06|21:02:01.004] Block finalized and assembled            height=5 blockProfit=0 txs=0  bundles=0 okSbundles=0 totalSbundles=0 gasUsed=0 time="672.874µs"
INFO [12-06|21:02:01.004] Block finalized and assembled            height=5 blockProfit=0 txs=0  bundles=0 okSbundles=0 totalSbundles=0 gasUsed=0 time="364.737µs"
INFO [12-06|21:02:01.004] Updated payload                          id=0x0310aca118501e3b number=5 hash=45bc80..54c6e9 txs=0  withdrawals=0 gas=0 fees=0 root=7517b7..4d0546 elapsed="393.568µs"
ERROR[12-06|21:02:01.004] error with builder processing on payload attribute latestSlot=6 processedSlot=6 headHash=0xace1108c13523dff17240fd588d0f373edc4df7d45c5ef9ebc2d4ad274c68ecd error="could not get validator while submitting block for slot 6 - validator not found"
ERROR[12-06|21:02:01.004] could not update validators map          err="sync is ongoing"
INFO [12-06|21:02:01.217] Imported new potential chain segment     number=5 hash=eff1fd..45f43a blocks=1 txs=0  mgas=0.000  elapsed=3.978ms     mgasps=0.000   snapdiffs=4.25KiB triedirty=29.17KiB
INFO [12-06|21:02:01.224] Chain head was updated                   number=5 hash=eff1fd..45f43a root=60ff8a..2235b6 elapsed=2.514812ms
ERROR[12-06|21:02:01.225] Nil finalized block cannot evict old blobs
INFO [12-06|21:02:01.226] Block finalized and assembled            height=6 blockProfit=0 txs=0  bundles=0 okSbundles=0 totalSbundles=0 gasUsed=0 time="400.309µs"
INFO [12-06|21:02:01.226] Block finalized and assembled            height=6 blockProfit=0 txs=0  bundles=0 okSbundles=0 totalSbundles=0 gasUsed=0 time="368.608µs"
INFO [12-06|21:02:01.226] Updated payload                          id=0x03380768b02cf47d number=6 hash=924852..9c80bb txs=0  withdrawals=0 gas=0 fees=0 root=6036dc..9d6d63 elapsed="406.529µs"
ERROR[12-06|21:02:01.227] error with builder processing on payload attribute latestSlot=6 processedSlot=6 headHash=0xeff1fdcab3c2ea2bca1aac2d1e6c693e28210c7329f2ece2455531b51345f43a error="could not get validator while submitting block for slot 6 - validator not found"
ERROR[12-06|21:02:01.227] could not update validators map          err="sync is ongoing"
ERROR[12-06|21:02:01.960] could not get validators map from relay  err="Get \"http://mev-relay-api:9062/relay/v1/builder/validators\": dial tcp: lookup mev-relay-api on 127.0.0.11:53: no such host"
ERROR[12-06|21:02:01.960] could not update validators map          err="Get \"http://mev-relay-api:9062/relay/v1/builder/validators\": dial tcp: lookup mev-relay-api on 127.0.0.11:53: no such host"
ERROR[12-06|21:02:02.919] error with builder processing on payload attribute latestSlot=6 processedSlot=6 headHash=0xeff1fdcab3c2ea2bca1aac2d1e6c693e28210c7329f2ece2455531b51345f43a error="could not get validator while submitting block for slot 6 - validator not found"
INFO [12-06|21:02:02.919] requesting                               currentSlot=6
ERROR[12-06|21:02:02.936] could not get validators map from relay, retrying err="Get \"http://mev-relay-api:9062/relay/v1/builder/validators\": dial tcp: lookup mev-relay-api on 127.0.0.11:53: no such host"
INFO [12-06|21:02:03.004] Block finalized and assembled            height=6 blockProfit=0 txs=0  bundles=0 okSbundles=0 totalSbundles=0 gasUsed=0 time="549.982µs"
INFO [12-06|21:02:03.004] Block finalized and assembled            height=6 blockProfit=0 txs=0  bundles=0 okSbundles=0 totalSbundles=0 gasUsed=0 time="304.027µs"
INFO [12-06|21:02:03.004] Updated payload                          id=0x03f4bded41c6ad27 number=6 hash=460c49..9c31bf txs=0  withdrawals=0 gas=0 fees=0 root=56cffe..7a0446 elapsed="338.987µs"
ERROR[12-06|21:02:03.004] error with builder processing on payload attribute latestSlot=7 processedSlot=7 headHash=0xeff1fdcab3c2ea2bca1aac2d1e6c693e28210c7329f2ece2455531b51345f43a error="could not get validator while submitting block for slot 7 - validator not found"
ERROR[12-06|21:02:03.004] could not update validators map          err="sync is ongoing"
INFO [12-06|21:02:03.220] Imported new potential chain segment     number=6 hash=996bc4..b366a5 blocks=1 txs=0  mgas=0.000  elapsed=3.445ms     mgasps=0.000   snapdiffs=4.48KiB triedirty=31.87KiB
INFO [12-06|21:02:03.227] Chain head was updated                   number=6 hash=996bc4..b366a5 root=6036dc..9d6d63 elapsed=1.88558ms
ERROR[12-06|21:02:03.229] Nil finalized block cannot evict old blobs
INFO [12-06|21:02:03.230] Block finalized and assembled            height=7 blockProfit=0 txs=0  bundles=0 okSbundles=0 totalSbundles=0 gasUsed=0 time="370.137µs"
INFO [12-06|21:02:03.231] Block finalized and assembled            height=7 blockProfit=0 txs=0  bundles=0 okSbundles=0 totalSbundles=0 gasUsed=0 time="557.251µs"
INFO [12-06|21:02:03.231] Updated payload                          id=0x03aba4c570c66599 number=7 hash=86a86d..40957e txs=0  withdrawals=0 gas=0 fees=0 root=50cf56..341aa8 elapsed="611.162µs"
ERROR[12-06|21:02:03.232] error with builder processing on payload attribute latestSlot=7 processedSlot=7 headHash=0x996bc4dee136c861c6bb73df1f5e7d463b0d69cce910da1cb70035df9fb366a5 error="could not get validator while submitting block for slot 7 - validator not found"
ERROR[12-06|21:02:03.232] could not update validators map          err="sync is ongoing"
ERROR[12-06|21:02:04.073] could not get validators map from relay  err="Get \"http://mev-relay-api:9062/relay/v1/builder/validators\": dial tcp 172.16.4.25:9062: connect: connection refused"
ERROR[12-06|21:02:04.073] could not update validators map          err="Get \"http://mev-relay-api:9062/relay/v1/builder/validators\": dial tcp 172.16.4.25:9062: connect: connection refused"
ERROR[12-06|21:02:04.918] error with builder processing on payload attribute latestSlot=7 processedSlot=7 headHash=0x996bc4dee136c861c6bb73df1f5e7d463b0d69cce910da1cb70035df9fb366a5 error="could not get validator while submitting block for slot 7 - validator not found"
INFO [12-06|21:02:04.918] requesting                               currentSlot=7
ERROR[12-06|21:02:04.921] could not get validators map from relay, retrying err="could not unmarshal response : unexpected end of JSON input"
INFO [12-06|21:02:05.003] Block finalized and assembled            height=7 blockProfit=0 txs=0  bundles=0 okSbundles=0 totalSbundles=0 gasUsed=0 time="594.322µs"
INFO [12-06|21:02:05.005] Block finalized and assembled            height=7 blockProfit=0 txs=0  bundles=0 okSbundles=0 totalSbundles=0 gasUsed=0 time=1.049782ms
INFO [12-06|21:02:05.005] Updated payload                          id=0x0300c2196d6da21f number=7 hash=e5ad11..2059a1 txs=0  withdrawals=0 gas=0 fees=0 root=c4c6ae..1692ce elapsed=1.381ms
ERROR[12-06|21:02:05.005] error with builder processing on payload attribute latestSlot=8 processedSlot=8 headHash=0x996bc4dee136c861c6bb73df1f5e7d463b0d69cce910da1cb70035df9fb366a5 error="could not get validator while submitting block for slot 8 - validator not found"
ERROR[12-06|21:02:05.005] could not update validators map          err="sync is ongoing"
INFO [12-06|21:02:05.222] Imported new potential chain segment     number=7 hash=5974b6..688539 blocks=1 txs=0  mgas=0.000  elapsed=2.730ms     mgasps=0.000   snapdiffs=4.71KiB triedirty=34.21KiB
INFO [12-06|21:02:05.228] Chain head was updated                   number=7 hash=5974b6..688539 root=50cf56..341aa8 elapsed=2.82676ms
ERROR[12-06|21:02:05.229] Nil finalized block cannot evict old blobs
ERROR[12-06|21:02:05.229] error with builder processing on payload attribute latestSlot=8 processedSlot=8 headHash=0x5974b6627a8ab59ae1c1a9f7e612c502a3ce034c48415125d7a54be4fc688539 error="could not get validator while submitting block for slot 8 - validator not found"
ERROR[12-06|21:02:05.230] could not update validators map          err="sync is ongoing"
INFO [12-06|21:02:05.231] Block finalized and assembled            height=8 blockProfit=0 txs=0  bundles=0 okSbundles=0 totalSbundles=0 gasUsed=0 time="527.231µs"
INFO [12-06|21:02:05.231] Block finalized and assembled            height=8 blockProfit=0 txs=0  bundles=0 okSbundles=0 totalSbundles=0 gasUsed=0 time="379.208µs"
INFO [12-06|21:02:05.231] Updated payload                          id=0x0341088fa0d7a803 number=8 hash=4f6d73..a535c4 txs=0  withdrawals=0 gas=0 fees=0 root=642618..10892a elapsed="418.829µs"
ERROR[12-06|21:02:05.923] could not get validators map from relay  err="could not unmarshal response : unexpected end of JSON input"
ERROR[12-06|21:02:05.923] could not update validators map          err="could not unmarshal response : unexpected end of JSON input"
ERROR[12-06|21:02:06.919] error with builder processing on payload attribute latestSlot=8 processedSlot=8 headHash=0x5974b6627a8ab59ae1c1a9f7e612c502a3ce034c48415125d7a54be4fc688539 error="could not get validator while submitting block for slot 8 - validator not found"
INFO [12-06|21:02:06.919] requesting                               currentSlot=8
ERROR[12-06|21:02:06.920] could not get validators map from relay, retrying err="could not unmarshal response : unexpected end of JSON input"
INFO [12-06|21:02:07.002] Block finalized and assembled            height=8 blockProfit=0 txs=0  bundles=0 okSbundles=0 totalSbundles=0 gasUsed=0 time="240.246µs"
INFO [12-06|21:02:07.002] Block finalized and assembled            height=8 blockProfit=0 txs=0  bundles=0 okSbundles=0 totalSbundles=0 gasUsed=0 time="191.054µs"
INFO [12-06|21:02:07.002] Updated payload                          id=0x03427508528eb4df number=8 hash=4565da..a374ec txs=0  withdrawals=0 gas=0 fees=0 root=f7d642..8549f9 elapsed="212.365µs"
ERROR[12-06|21:02:07.002] error with builder processing on payload attribute latestSlot=9 processedSlot=9 headHash=0x5974b6627a8ab59ae1c1a9f7e612c502a3ce034c48415125d7a54be4fc688539 error="could not get validator while submitting block for slot 9 - validator not found"
ERROR[12-06|21:02:07.002] could not update validators map          err="sync is ongoing"
INFO [12-06|21:02:07.214] Imported new potential chain segment     number=8 hash=53b32c..f85748 blocks=1 txs=0  mgas=0.000  elapsed=2.579ms     mgasps=0.000   snapdiffs=4.94KiB triedirty=37.22KiB
INFO [12-06|21:02:07.220] Chain head was updated                   number=8 hash=53b32c..f85748 root=642618..10892a elapsed=2.197207ms
ERROR[12-06|21:02:07.221] Nil finalized block cannot evict old blobs
INFO [12-06|21:02:07.224] Block finalized and assembled            height=9 blockProfit=0 txs=0  bundles=0 okSbundles=0 totalSbundles=0 gasUsed=0 time="670.154µs"
INFO [12-06|21:02:07.225] Block finalized and assembled            height=9 blockProfit=0 txs=0  bundles=0 okSbundles=0 totalSbundles=0 gasUsed=0 time="313.377µs"
INFO [12-06|21:02:07.225] Updated payload                          id=0x03a916114ee7555a number=9 hash=b809a3..1bcbad txs=0  withdrawals=0 gas=0 fees=0 root=831bf4..95031f elapsed="367.118µs"
ERROR[12-06|21:02:07.225] error with builder processing on payload attribute latestSlot=9 processedSlot=9 headHash=0x53b32c12480b18ad8ad20adc737b5d08e321bd0ca451ff5b5849282c70f85748 error="could not get validator while submitting block for slot 9 - validator not found"
ERROR[12-06|21:02:07.225] could not update validators map          err="sync is ongoing"
INFO [12-06|21:02:07.921] Updated validators                       count=0 slot=8
ERROR[12-06|21:02:08.918] error with builder processing on payload attribute latestSlot=9 processedSlot=9 headHash=0x53b32c12480b18ad8ad20adc737b5d08e321bd0ca451ff5b5849282c70f85748 error="could not get validator while submitting block for slot 9 - validator not found"
INFO [12-06|21:02:09.004] Block finalized and assembled            height=9 blockProfit=0 txs=0  bundles=0 okSbundles=0 totalSbundles=0 gasUsed=0 time="870.758µs"
INFO [12-06|21:02:09.005] Block finalized and assembled            height=9 blockProfit=0 txs=0  bundles=0 okSbundles=0 totalSbundles=0 gasUsed=0 time="441.629µs"
INFO [12-06|21:02:09.005] Updated payload                          id=0x03f70b23063414ab number=9 hash=5811b8..9fbb57 txs=0  withdrawals=0 gas=0 fees=0 root=98e494..ada7c8 elapsed="496.24µs"
ERROR[12-06|21:02:09.005] error with builder processing on payload attribute latestSlot=10 processedSlot=10 headHash=0x53b32c12480b18ad8ad20adc737b5d08e321bd0ca451ff5b5849282c70f85748 error="could not get validator while submitting block for slot 10 - validator not found"
INFO [12-06|21:02:09.218] Imported new potential chain segment     number=9 hash=2d1fd3..252954 blocks=1 txs=0  mgas=0.000  elapsed=3.721ms     mgasps=0.000   snapdiffs=5.17KiB triedirty=39.99KiB
INFO [12-06|21:02:09.225] Chain head was updated                   number=9 hash=2d1fd3..252954 root=831bf4..95031f elapsed=2.556564ms
ERROR[12-06|21:02:09.226] Nil finalized block cannot evict old blobs
INFO [12-06|21:02:09.228] Block finalized and assembled            height=10 blockProfit=0 txs=0  bundles=0 okSbundles=0 totalSbundles=0 gasUsed=0 time="226.085µs"
INFO [12-06|21:02:09.228] Block finalized and assembled            height=10 blockProfit=0 txs=0  bundles=0 okSbundles=0 totalSbundles=0 gasUsed=0 time="217.465µs"
INFO [12-06|21:02:09.228] Updated payload                          id=0x03997b27a9ffb3b2 number=10 hash=8a9415..fbcb82 txs=0  withdrawals=0 gas=0 fees=0 root=0199ba..f58ee4 elapsed="237.565µs"
ERROR[12-06|21:02:09.228] error with builder processing on payload attribute latestSlot=10 processedSlot=10 headHash=0x2d1fd34562fd2d78b1f36f86db4d8302eeb6a0238bd95a435c26f535ca252954 error="could not get validator while submitting block for slot 10 - validator not found"
ERROR[12-06|21:02:10.920] error with builder processing on payload attribute latestSlot=10 processedSlot=10 headHash=0x2d1fd34562fd2d78b1f36f86db4d8302eeb6a0238bd95a435c26f535ca252954 error="could not get validator while submitting block for slot 10 - validator not found"
INFO [12-06|21:02:11.003] Block finalized and assembled            height=10 blockProfit=0 txs=0  bundles=0 okSbundles=0 totalSbundles=0 gasUsed=0 time="685.924µs"
ERROR[12-06|21:02:11.006] error with builder processing on payload attribute latestSlot=11 processedSlot=11 headHash=0x2d1fd34562fd2d78b1f36f86db4d8302eeb6a0238bd95a435c26f535ca252954 error="could not get validator while submitting block for slot 11 - validator not found"
INFO [12-06|21:02:11.006] Block finalized and assembled            height=10 blockProfit=0.001183005357 txs=3  bundles=0 okSbundles=0 totalSbundles=0 gasUsed=258,866 time=2.37267ms
INFO [12-06|21:02:11.006] Updated payload                          id=0x03150283b44068ad number=10 hash=ea6d8d..0312ee txs=3  withdrawals=0 gas=258,866 fees=0.001183005357 root=28b7f5..df86e2 elapsed=2.430ms
INFO [12-06|21:02:11.219] Imported new potential chain segment     number=10 hash=4c8549..5182cb blocks=1 txs=1  mgas=0.141  elapsed=5.230ms     mgasps=27.020  snapdiffs=6.13KiB triedirty=49.40KiB
INFO [12-06|21:02:11.227] Chain head was updated                   number=10 hash=4c8549..5182cb root=a1826a..0d3f2d elapsed=2.031662ms
ERROR[12-06|21:02:11.229] Nil finalized block cannot evict old blobs
INFO [12-06|21:02:11.231] Block finalized and assembled            height=11 blockProfit=0              txs=0  bundles=0 okSbundles=0 totalSbundles=0 gasUsed=0       time="408.468µs"
ERROR[12-06|21:02:11.233] error with builder processing on payload attribute latestSlot=11 processedSlot=11 headHash=0x4c8549ab266915dd78286efdfa63b17df861bbceaf38bcb708020dc5575182cb error="could not get validator while submitting block for slot 11 - validator not found"
INFO [12-06|21:02:11.234] Block finalized and assembled            height=11 blockProfit=0.0005300520865 txs=2  bundles=0 okSbundles=0 totalSbundles=0 gasUsed=128,119 time=2.642385ms
INFO [12-06|21:02:11.234] Updated payload                          id=0x039408c5d92fe96b number=11 hash=704993..85e897 txs=2  withdrawals=0 gas=128,119 fees=0.0005300520865 root=2d002d..2fb27e elapsed=2.732ms
ERROR[12-06|21:02:12.920] error with builder processing on payload attribute latestSlot=11 processedSlot=11 headHash=0x4c8549ab266915dd78286efdfa63b17df861bbceaf38bcb708020dc5575182cb error="could not get validator while submitting block for slot 11 - validator not found"
INFO [12-06|21:02:13.003] Block finalized and assembled            height=11 blockProfit=0               txs=0  bundles=0 okSbundles=0 totalSbundles=0 gasUsed=0       time="588.392µs"
INFO [12-06|21:02:13.007] Block finalized and assembled            height=11 blockProfit=0.01984822509   txs=23 bundles=0 okSbundles=0 totalSbundles=0 gasUsed=12,849,229 time=3.145136ms
INFO [12-06|21:02:13.007] Updated payload                          id=0x03e1748979f23e76 number=11 hash=e10564..bb1e6e txs=23 withdrawals=0 gas=12,849,229 fees=0.01984822509   root=89a284..11c647 elapsed=3.350ms
ERROR[12-06|21:02:13.007] error with builder processing on payload attribute latestSlot=12 processedSlot=12 headHash=0x4c8549ab266915dd78286efdfa63b17df861bbceaf38bcb708020dc5575182cb error="could not get validator while submitting block for slot 12 - validator not found"
INFO [12-06|21:02:13.259] Imported new potential chain segment     number=11 hash=1a5056..6ac48d blocks=1 txs=22 mgas=12.828 elapsed=18.849ms    mgasps=680.567 snapdiffs=10.14KiB triedirty=72.93KiB
INFO [12-06|21:02:13.272] Chain head was updated                   number=11 hash=1a5056..6ac48d root=76afd7..8b9dc6 elapsed=3.85457ms
ERROR[12-06|21:02:13.275] Nil finalized block cannot evict old blobs
ERROR[12-06|21:02:13.276] error with builder processing on payload attribute latestSlot=12 processedSlot=12 headHash=0x1a50564875328a8d628010566a49b24de90926b3a724ebbcc0d950c97b6ac48d error="could not get validator while submitting block for slot 12 - validator not found"
INFO [12-06|21:02:13.276] Block finalized and assembled            height=12 blockProfit=0               txs=0  bundles=0 okSbundles=0 totalSbundles=0 gasUsed=0          time="270.606µs"
INFO [12-06|21:02:13.277] Block finalized and assembled            height=12 blockProfit=0               txs=0  bundles=0 okSbundles=0 totalSbundles=0 gasUsed=0          time="276.746µs"
INFO [12-06|21:02:13.277] Updated payload                          id=0x0344d2116c962979 number=12 hash=587464..b58048 txs=0  withdrawals=0 gas=0          fees=0               root=597b59..bb7625 elapsed="301.196µs"
ERROR[12-06|21:02:14.918] error with builder processing on payload attribute latestSlot=12 processedSlot=12 headHash=0x1a50564875328a8d628010566a49b24de90926b3a724ebbcc0d950c97b6ac48d error="could not get validator while submitting block for slot 12 - validator not found"
INFO [12-06|21:02:15.003] Block finalized and assembled            height=12 blockProfit=0               txs=0  bundles=0 okSbundles=0 totalSbundles=0 gasUsed=0          time="577.752µs"
INFO [12-06|21:02:15.004] Block finalized and assembled            height=12 blockProfit=0               txs=0  bundles=0 okSbundles=0 totalSbundles=0 gasUsed=0          time="310.957µs"
INFO [12-06|21:02:15.004] Updated payload                          id=0x039e8b9077ab3e3a number=12 hash=41044f..3c4d54 txs=0  withdrawals=0 gas=0          fees=0               root=f065fd..04cf48 elapsed="333.727µs"
ERROR[12-06|21:02:15.004] error with builder processing on payload attribute latestSlot=13 processedSlot=13 headHash=0x1a50564875328a8d628010566a49b24de90926b3a724ebbcc0d950c97b6ac48d error="could not get validator while submitting block for slot 13 - validator not found"
INFO [12-06|21:02:15.215] Imported new potential chain segment     number=12 hash=59c97e..1e5263 blocks=1 txs=0  mgas=0.000  elapsed=2.692ms     mgasps=0.000   snapdiffs=10.37KiB triedirty=75.68KiB
INFO [12-06|21:02:15.220] Chain head was updated                   number=12 hash=59c97e..1e5263 root=597b59..bb7625 elapsed=1.758647ms
ERROR[12-06|21:02:15.221] Nil finalized block cannot evict old blobs
INFO [12-06|21:02:15.222] Block finalized and assembled            height=13 blockProfit=0               txs=0  bundles=0 okSbundles=0 totalSbundles=0 gasUsed=0          time="274.815µs"
INFO [12-06|21:02:15.222] Block finalized and assembled            height=13 blockProfit=0               txs=0  bundles=0 okSbundles=0 totalSbundles=0 gasUsed=0          time="321.756µs"
INFO [12-06|21:02:15.222] Updated payload                          id=0x034ed76dcaa77b8d number=13 hash=8fffb2..232343 txs=0  withdrawals=0 gas=0          fees=0               root=dea92a..b95ec7 elapsed="345.238µs"
ERROR[12-06|21:02:15.222] error with builder processing on payload attribute latestSlot=13 processedSlot=13 headHash=0x59c97ed840276da3b65b5d942ff28710258417deb1b709b84385ab914b1e5263 error="could not get validator while submitting block for slot 13 - validator not found"
ERROR[12-06|21:02:16.919] error with builder processing on payload attribute latestSlot=13 processedSlot=13 headHash=0x59c97ed840276da3b65b5d942ff28710258417deb1b709b84385ab914b1e5263 error="could not get validator while submitting block for slot 13 - validator not found"
INFO [12-06|21:02:17.003] Block finalized and assembled            height=13 blockProfit=0               txs=0  bundles=0 okSbundles=0 totalSbundles=0 gasUsed=0          time="345.457µs"
INFO [12-06|21:02:17.010] Block finalized and assembled            height=13 blockProfit=0.003214559596  txs=101 bundles=0 okSbundles=0 totalSbundles=0 gasUsed=2,121,000  time=7.082818ms
INFO [12-06|21:02:17.010] Updated payload                          id=0x03af04f7b1778ebe number=13 hash=6013b7..dbd6ed txs=101 withdrawals=0 gas=2,121,000  fees=0.003214559596  root=7bf777..1bf6c1 elapsed=7.131ms
ERROR[12-06|21:02:17.011] error with builder processing on payload attribute latestSlot=14 processedSlot=14 headHash=0x59c97ed840276da3b65b5d942ff28710258417deb1b709b84385ab914b1e5263 error="could not get validator while submitting block for slot 14 - validator not found"
INFO [12-06|21:02:17.237] Imported new potential chain segment     number=13 hash=83a980..de0777 blocks=1 txs=74  mgas=1.554  elapsed=16.140ms    mgasps=96.279  snapdiffs=13.87KiB triedirty=124.45KiB
INFO [12-06|21:02:17.248] Chain head was updated                   number=13 hash=83a980..de0777 root=15e882..c6e85a elapsed=5.828101ms
INFO [12-06|21:02:17.252] Block finalized and assembled            height=14 blockProfit=0               txs=0   bundles=0 okSbundles=0 totalSbundles=0 gasUsed=0          time="351.047µs"
ERROR[12-06|21:02:17.253] error with builder processing on payload attribute latestSlot=14 processedSlot=14 headHash=0x83a98013692d2e6dbee8144e8622a6bbb6ced07b4cddfec979f44286fede0777 error="could not get validator while submitting block for slot 14 - validator not found"
ERROR[12-06|21:02:17.263] Nil finalized block cannot evict old blobs
INFO [12-06|21:02:17.267] Block finalized and assembled            height=14 blockProfit=0.0008465766461 txs=27  bundles=0 okSbundles=0 totalSbundles=0 gasUsed=567,000    time=14.596555ms
INFO [12-06|21:02:17.267] Updated payload                          id=0x03cd4f58908aaa7f number=14 hash=3d0c38..39d975 txs=27  withdrawals=0 gas=567,000    fees=0.0008465766461 root=eb07a9..b25c0d elapsed=14.853ms
ERROR[12-06|21:02:18.917] error with builder processing on payload attribute latestSlot=14 processedSlot=14 headHash=0x83a98013692d2e6dbee8144e8622a6bbb6ced07b4cddfec979f44286fede0777 error="could not get validator while submitting block for slot 14 - validator not found"
INFO [12-06|21:02:19.002] Block finalized and assembled            height=14 blockProfit=0               txs=0   bundles=0 okSbundles=0 totalSbundles=0 gasUsed=0          time="240.275µs"
ERROR[12-06|21:02:19.009] error with builder processing on payload attribute latestSlot=15 processedSlot=15 headHash=0x83a98013692d2e6dbee8144e8622a6bbb6ced07b4cddfec979f44286fede0777 error="could not get validator while submitting block for slot 15 - validator not found"
INFO [12-06|21:02:19.010] Block finalized and assembled            height=14 blockProfit=0.003537336361  txs=111 bundles=0 okSbundles=0 totalSbundles=0 gasUsed=2,331,000  time=8.079229ms
INFO [12-06|21:02:19.011] Updated payload                          id=0x0326b712e4a1168d number=14 hash=ad5b2a..c90bc2 txs=111 withdrawals=0 gas=2,331,000  fees=0.003537336361  root=9b3929..6fb7d2 elapsed=8.730ms
INFO [12-06|21:02:19.227] Imported new potential chain segment     number=14 hash=4daef5..d23e19 blocks=1 txs=64  mgas=1.344  elapsed=12.877ms    mgasps=104.364 snapdiffs=17.04KiB triedirty=165.26KiB
INFO [12-06|21:02:19.232] Chain head was updated                   number=14 hash=4daef5..d23e19 root=6244ce..af8a73 elapsed=1.840189ms
INFO [12-06|21:02:19.235] Block finalized and assembled            height=15 blockProfit=0               txs=0   bundles=0 okSbundles=0 totalSbundles=0 gasUsed=0          time="162.943µs"
ERROR[12-06|21:02:19.235] error with builder processing on payload attribute latestSlot=15 processedSlot=15 headHash=0x4daef5fc70f4f00c3a8479caddebe48fea42bcaca280c791ba278dda49d23e19 error="could not get validator while submitting block for slot 15 - validator not found"
ERROR[12-06|21:02:19.243] Nil finalized block cannot evict old blobs
INFO [12-06|21:02:19.245] Block finalized and assembled            height=15 blockProfit=0.002012167825  txs=63  bundles=0 okSbundles=0 totalSbundles=0 gasUsed=1,323,000  time=10.792225ms
INFO [12-06|21:02:19.246] Updated payload                          id=0x03d01c6f88a4d5dc number=15 hash=04245a..031aa9 txs=63  withdrawals=0 gas=1,323,000  fees=0.002012167825  root=839512..8867c0 elapsed=10.822ms
INFO [12-06|21:02:20.287] Looking for peers                        peercount=2 tried=61 static=0
ERROR[12-06|21:02:20.918] error with builder processing on payload attribute latestSlot=15 processedSlot=15 headHash=0x4daef5fc70f4f00c3a8479caddebe48fea42bcaca280c791ba278dda49d23e19 error="could not get validator while submitting block for slot 15 - validator not found"
INFO [12-06|21:02:21.002] Block finalized and assembled            height=15 blockProfit=0               txs=0   bundles=0 okSbundles=0 totalSbundles=0 gasUsed=0          time="327.727µs"
ERROR[12-06|21:02:21.013] error with builder processing on payload attribute latestSlot=16 processedSlot=16 headHash=0x4daef5fc70f4f00c3a8479caddebe48fea42bcaca280c791ba278dda49d23e19 error="could not get validator while submitting block for slot 16 - validator not found"
INFO [12-06|21:02:21.015] Block finalized and assembled            height=15 blockProfit=0.00871944785   txs=163 bundles=0 okSbundles=0 totalSbundles=0 gasUsed=5,749,090  time=12.074853ms
INFO [12-06|21:02:21.015] Updated payload                          id=0x032014e41dc86042 number=15 hash=07e382..65bcef txs=163 withdrawals=0 gas=5,749,090  fees=0.00871944785   root=12cc22..9e6c5d elapsed=12.620ms
INFO [12-06|21:02:21.243] Imported new potential chain segment     number=15 hash=2ba069..b15f26 blocks=1 txs=124 mgas=3.992  elapsed=15.443ms    mgasps=258.469 snapdiffs=22.00KiB triedirty=222.35KiB
INFO [12-06|21:02:21.252] Chain head was updated                   number=15 hash=2ba069..b15f26 root=ae9bad..4e7334 elapsed=4.246158ms
ERROR[12-06|21:02:21.265] Nil finalized block cannot evict old blobs
ERROR[12-06|21:02:21.265] error with builder processing on payload attribute latestSlot=16 processedSlot=16 headHash=0x2ba069d952a3be07d97aa8a12daf7dea7bb02be60494fdeca0cc794395b15f26 error="could not get validator while submitting block for slot 16 - validator not found"
INFO [12-06|21:02:21.265] Block finalized and assembled            height=16 blockProfit=0               txs=0   bundles=0 okSbundles=0 totalSbundles=0 gasUsed=0          time="171.044µs"
INFO [12-06|21:02:21.267] Block finalized and assembled            height=16 blockProfit=0.002639952697  txs=39  bundles=0 okSbundles=0 totalSbundles=0 gasUsed=1,757,304  time=1.649804ms
INFO [12-06|21:02:21.267] Updated payload                          id=0x030bc7b56e38b6c7 number=16 hash=47c661..dff0bd txs=39  withdrawals=0 gas=1,757,304  fees=0.002639952697  root=af5dba..5bcd0c elapsed=1.665ms
ERROR[12-06|21:02:22.918] error with builder processing on payload attribute latestSlot=16 processedSlot=16 headHash=0x2ba069d952a3be07d97aa8a12daf7dea7bb02be60494fdeca0cc794395b15f26 error="could not get validator while submitting block for slot 16 - validator not found"
INFO [12-06|21:02:23.002] Block finalized and assembled            height=16 blockProfit=0               txs=0   bundles=0 okSbundles=0 totalSbundles=0 gasUsed=0          time="290.726µs"
INFO [12-06|21:02:23.004] Block finalized and assembled            height=16 blockProfit=0.002639952697  txs=39  bundles=0 okSbundles=0 totalSbundles=0 gasUsed=1,757,304  time=2.647115ms
INFO [12-06|21:02:23.004] Updated payload                          id=0x035a3cd46b2aa15b number=16 hash=4d0ac2..6a3238 txs=39  withdrawals=0 gas=1,757,304  fees=0.002639952697  root=6e7ca3..4281f7 elapsed=2.670ms
ERROR[12-06|21:02:23.005] error with builder processing on payload attribute latestSlot=17 processedSlot=17 headHash=0x2ba069d952a3be07d97aa8a12daf7dea7bb02be60494fdeca0cc794395b15f26 error="could not get validator while submitting block for slot 17 - validator not found"
INFO [12-06|21:02:23.218] Imported new potential chain segment     number=16 hash=84560d..8553bd blocks=1 txs=38  mgas=1.736  elapsed=8.914ms     mgasps=194.769 snapdiffs=24.27KiB triedirty=256.42KiB
INFO [12-06|21:02:23.224] Chain head was updated                   number=16 hash=84560d..8553bd root=6f3a69..610a97 elapsed=3.351561ms
ERROR[12-06|21:02:23.228] Nil finalized block cannot evict old blobs
ERROR[12-06|21:02:23.229] error with builder processing on payload attribute latestSlot=17 processedSlot=17 headHash=0x84560d94bc056d9e51090446957f0746084d005d8eecd417ca550325758553bd error="could not get validator while submitting block for slot 17 - validator not found"
INFO [12-06|21:02:23.229] Block finalized and assembled            height=17 blockProfit=0               txs=0   bundles=0 okSbundles=0 totalSbundles=0 gasUsed=0          time="158.163µs"
INFO [12-06|21:02:23.229] Block finalized and assembled            height=17 blockProfit=0               txs=0   bundles=0 okSbundles=0 totalSbundles=0 gasUsed=0          time="191.124µs"
INFO [12-06|21:02:23.229] Updated payload                          id=0x03421acefc521091 number=17 hash=2ffd5f..7680c8 txs=0   withdrawals=0 gas=0          fees=0               root=f5c5ff..fd049b elapsed="208.164µs"
ERROR[12-06|21:02:24.918] error with builder processing on payload attribute latestSlot=17 processedSlot=17 headHash=0x84560d94bc056d9e51090446957f0746084d005d8eecd417ca550325758553bd error="could not get validator while submitting block for slot 17 - validator not found"
INFO [12-06|21:02:25.001] Block finalized and assembled            height=17 blockProfit=0               txs=0   bundles=0 okSbundles=0 totalSbundles=0 gasUsed=0          time="413.079µs"
INFO [12-06|21:02:25.002] Block finalized and assembled            height=17 blockProfit=0               txs=0   bundles=0 okSbundles=0 totalSbundles=0 gasUsed=0          time="358.737µs"
INFO [12-06|21:02:25.002] Updated payload                          id=0x031c518569febacf number=17 hash=e2f78f..113792 txs=0   withdrawals=0 gas=0          fees=0               root=e5fdba..8eb727 elapsed="390.598µs"
ERROR[12-06|21:02:25.002] error with builder processing on payload attribute latestSlot=18 processedSlot=18 headHash=0x84560d94bc056d9e51090446957f0746084d005d8eecd417ca550325758553bd error="could not get validator while submitting block for slot 18 - validator not found"
INFO [12-06|21:02:25.209] Imported new potential chain segment     number=17 hash=57ff19..ed8b18 blocks=1 txs=0   mgas=0.000  elapsed=1.878ms     mgasps=0.000   snapdiffs=24.50KiB triedirty=259.98KiB
INFO [12-06|21:02:25.212] Chain head was updated                   number=17 hash=57ff19..ed8b18 root=f5c5ff..fd049b elapsed=1.347348ms
ERROR[12-06|21:02:25.213] Nil finalized block cannot evict old blobs
INFO [12-06|21:02:25.213] Block finalized and assembled            height=18 blockProfit=0               txs=0   bundles=0 okSbundles=0 totalSbundles=0 gasUsed=0          time="155.903µs"
INFO [12-06|21:02:25.213] Block finalized and assembled            height=18 blockProfit=0               txs=0   bundles=0 okSbundles=0 totalSbundles=0 gasUsed=0          time="189.474µs"
INFO [12-06|21:02:25.213] Updated payload                          id=0x03482c275855b914 number=18 hash=09d2fe..a830a4 txs=0   withdrawals=0 gas=0          fees=0               root=079b84..a48fbf elapsed="205.534µs"
ERROR[12-06|21:02:25.213] error with builder processing on payload attribute latestSlot=18 processedSlot=18 headHash=0x57ff198b168086efe6662f1e1fdc5271a1899efd0ce51e7b697a2e3074ed8b18 error="could not get validator while submitting block for slot 18 - validator not found"
ERROR[12-06|21:02:26.918] error with builder processing on payload attribute latestSlot=18 processedSlot=18 headHash=0x57ff198b168086efe6662f1e1fdc5271a1899efd0ce51e7b697a2e3074ed8b18 error="could not get validator while submitting block for slot 18 - validator not found"
INFO [12-06|21:02:27.002] Block finalized and assembled            height=18 blockProfit=0               txs=0   bundles=0 okSbundles=0 totalSbundles=0 gasUsed=0          time="294.176µs"
INFO [12-06|21:02:27.002] Block finalized and assembled            height=18 blockProfit=0               txs=0   bundles=0 okSbundles=0 totalSbundles=0 gasUsed=0          time="262.755µs"
INFO [12-06|21:02:27.002] Updated payload                          id=0x03a469c575428015 number=18 hash=a6a9fd..cb4023 txs=0   withdrawals=0 gas=0          fees=0               root=6ea52d..c6e8a3 elapsed="287.266µs"
ERROR[12-06|21:02:27.002] error with builder processing on payload attribute latestSlot=19 processedSlot=19 headHash=0x57ff198b168086efe6662f1e1fdc5271a1899efd0ce51e7b697a2e3074ed8b18 error="could not get validator while submitting block for slot 19 - validator not found"
INFO [12-06|21:02:27.212] Imported new potential chain segment     number=18 hash=e970ef..6ba5d8 blocks=1 txs=0   mgas=0.000  elapsed=1.890ms     mgasps=0.000   snapdiffs=24.73KiB triedirty=263.33KiB
INFO [12-06|21:02:27.215] Chain head was updated                   number=18 hash=e970ef..6ba5d8 root=079b84..a48fbf elapsed=1.48934ms
ERROR[12-06|21:02:27.215] Nil finalized block cannot evict old blobs
INFO [12-06|21:02:27.215] Block finalized and assembled            height=19 blockProfit=0               txs=0   bundles=0 okSbundles=0 totalSbundles=0 gasUsed=0          time="232.054µs"
INFO [12-06|21:02:27.216] Block finalized and assembled            height=19 blockProfit=0               txs=0   bundles=0 okSbundles=0 totalSbundles=0 gasUsed=0          time="302.366µs"
INFO [12-06|21:02:27.216] Updated payload                          id=0x03513b7c60e8e02d number=19 hash=b32cb9..eb5d18 txs=0   withdrawals=0 gas=0          fees=0               root=57d000..f99173 elapsed="328.547µs"
ERROR[12-06|21:02:27.216] error with builder processing on payload attribute latestSlot=19 processedSlot=19 headHash=0xe970ef73d5bcab302ef106f2dd50e048f3a6c1e76b5e0e23dfcb7aa1386ba5d8 error="could not get validator while submitting block for slot 19 - validator not found"
ERROR[12-06|21:02:28.918] error with builder processing on payload attribute latestSlot=19 processedSlot=19 headHash=0xe970ef73d5bcab302ef106f2dd50e048f3a6c1e76b5e0e23dfcb7aa1386ba5d8 error="could not get validator while submitting block for slot 19 - validator not found"
INFO [12-06|21:02:29.002] Block finalized and assembled            height=19 blockProfit=0               txs=0   bundles=0 okSbundles=0 totalSbundles=0 gasUsed=0          time="216.884µs"
INFO [12-06|21:02:29.002] Block finalized and assembled            height=19 blockProfit=0               txs=0   bundles=0 okSbundles=0 totalSbundles=0 gasUsed=0          time="144.673µs"
INFO [12-06|21:02:29.002] Updated payload                          id=0x03961b88bb859362 number=19 hash=a6e566..c6d332 txs=0   withdrawals=0 gas=0          fees=0               root=f3ec58..4e5e3b elapsed="156.773µs"
ERROR[12-06|21:02:29.002] error with builder processing on payload attribute latestSlot=20 processedSlot=20 headHash=0xe970ef73d5bcab302ef106f2dd50e048f3a6c1e76b5e0e23dfcb7aa1386ba5d8 error="could not get validator while submitting block for slot 20 - validator not found"
INFO [12-06|21:02:29.207] Imported new potential chain segment     number=19 hash=ed92c8..fd2a6e blocks=1 txs=0   mgas=0.000  elapsed=2.058ms     mgasps=0.000   snapdiffs=24.96KiB triedirty=267.05KiB
INFO [12-06|21:02:29.211] Chain head was updated                   number=19 hash=ed92c8..fd2a6e root=57d000..f99173 elapsed=1.539381ms
ERROR[12-06|21:02:29.211] Nil finalized block cannot evict old blobs
INFO [12-06|21:02:29.212] Block finalized and assembled            height=20 blockProfit=0               txs=0   bundles=0 okSbundles=0 totalSbundles=0 gasUsed=0          time="298.486µs"
INFO [12-06|21:02:29.212] Block finalized and assembled            height=20 blockProfit=0               txs=0   bundles=0 okSbundles=0 totalSbundles=0 gasUsed=0          time="288.776µs"
INFO [12-06|21:02:29.212] Updated payload                          id=0x0372f1496d008fc2 number=20 hash=66ef49..24c691 txs=0   withdrawals=0 gas=0          fees=0               root=814834..6ac8e5 elapsed="315.676µs"
ERROR[12-06|21:02:29.212] error with builder processing on payload attribute latestSlot=20 processedSlot=20 headHash=0xed92c86dd5e83101712a66c9f091e64804a10805fe1738709ba1efcd48fd2a6e error="could not get validator while submitting block for slot 20 - validator not found"
INFO [12-06|21:02:30.388] Looking for peers                        peercount=2 tried=61 static=0
ERROR[12-06|21:02:30.918] error with builder processing on payload attribute latestSlot=20 processedSlot=20 headHash=0xed92c86dd5e83101712a66c9f091e64804a10805fe1738709ba1efcd48fd2a6e error="could not get validator while submitting block for slot 20 - validator not found"
INFO [12-06|21:02:31.002] Block finalized and assembled            height=20 blockProfit=0               txs=0   bundles=0 okSbundles=0 totalSbundles=0 gasUsed=0          time="293.796µs"
INFO [12-06|21:02:31.002] Block finalized and assembled            height=20 blockProfit=0               txs=0   bundles=0 okSbundles=0 totalSbundles=0 gasUsed=0          time="256.046µs"
INFO [12-06|21:02:31.002] Updated payload                          id=0x0381df93c0f3a0b7 number=20 hash=ca598b..f3a757 txs=0   withdrawals=0 gas=0          fees=0               root=43ac8a..fb54ef elapsed="278.116µs"
ERROR[12-06|21:02:31.002] error with builder processing on payload attribute latestSlot=21 processedSlot=21 headHash=0xed92c86dd5e83101712a66c9f091e64804a10805fe1738709ba1efcd48fd2a6e error="could not get validator while submitting block for slot 21 - validator not found"
INFO [12-06|21:02:31.213] Imported new potential chain segment     number=20 hash=5d9252..e25439 blocks=1 txs=0   mgas=0.000  elapsed=1.919ms     mgasps=0.000   snapdiffs=25.19KiB triedirty=270.43KiB
INFO [12-06|21:02:31.216] Chain head was updated                   number=20 hash=5d9252..e25439 root=814834..6ac8e5 elapsed=1.728967ms
ERROR[12-06|21:02:31.216] Nil finalized block cannot evict old blobs
INFO [12-06|21:02:31.217] Block finalized and assembled            height=21 blockProfit=0               txs=0   bundles=0 okSbundles=0 totalSbundles=0 gasUsed=0          time="282.085µs"
INFO [12-06|21:02:31.217] Block finalized and assembled            height=21 blockProfit=0               txs=0   bundles=0 okSbundles=0 totalSbundles=0 gasUsed=0          time="278.246µs"
INFO [12-06|21:02:31.217] Updated payload                          id=0x03f43eaf488e1558 number=21 hash=e61542..fe8138 txs=0   withdrawals=0 gas=0          fees=0               root=44f220..ebe426 elapsed="304.516µs"
ERROR[12-06|21:02:31.217] error with builder processing on payload attribute latestSlot=21 processedSlot=21 headHash=0x5d9252932796dc40c592befa118a29866ddabbfab8122ce6e4b9cc04a0e25439 error="could not get validator while submitting block for slot 21 - validator not found"
ERROR[12-06|21:02:32.918] error with builder processing on payload attribute latestSlot=21 processedSlot=21 headHash=0x5d9252932796dc40c592befa118a29866ddabbfab8122ce6e4b9cc04a0e25439 error="could not get validator while submitting block for slot 21 - validator not found"
INFO [12-06|21:02:33.002] Block finalized and assembled            height=21 blockProfit=0               txs=0   bundles=0 okSbundles=0 totalSbundles=0 gasUsed=0          time="292.916µs"
INFO [12-06|21:02:33.002] Block finalized and assembled            height=21 blockProfit=0               txs=0   bundles=0 okSbundles=0 totalSbundles=0 gasUsed=0          time="208.175µs"
INFO [12-06|21:02:33.002] Updated payload                          id=0x038552fca5bdc10b number=21 hash=07fd3e..8b1bf3 txs=0   withdrawals=0 gas=0          fees=0               root=884b59..7b0fdc elapsed="226.795µs"
ERROR[12-06|21:02:33.003] error with builder processing on payload attribute latestSlot=22 processedSlot=22 headHash=0x5d9252932796dc40c592befa118a29866ddabbfab8122ce6e4b9cc04a0e25439 error="could not get validator while submitting block for slot 22 - validator not found"
INFO [12-06|21:02:33.211] Imported new potential chain segment     number=21 hash=9b389b..77c577 blocks=1 txs=0   mgas=0.000  elapsed=2.287ms     mgasps=0.000   snapdiffs=25.42KiB triedirty=273.70KiB
INFO [12-06|21:02:33.214] Chain head was updated                   number=21 hash=9b389b..77c577 root=44f220..ebe426 elapsed=1.674954ms
ERROR[12-06|21:02:33.215] Nil finalized block cannot evict old blobs
INFO [12-06|21:02:33.216] Block finalized and assembled            height=22 blockProfit=0               txs=0   bundles=0 okSbundles=0 totalSbundles=0 gasUsed=0          time="727.295µs"
ERROR[12-06|21:02:33.216] error with builder processing on payload attribute latestSlot=22 processedSlot=22 headHash=0x9b389bff26e891ca755f85cea7815905de6b3f7fe8422212389130d88d77c577 error="could not get validator while submitting block for slot 22 - validator not found"
INFO [12-06|21:02:33.216] Block finalized and assembled            height=22 blockProfit=0               txs=0   bundles=0 okSbundles=0 totalSbundles=0 gasUsed=0          time="333.127µs"
INFO [12-06|21:02:33.216] Updated payload                          id=0x038ab4e0918e1e6b number=22 hash=671b9d..74474a txs=0   withdrawals=0 gas=0          fees=0               root=0339e0..904afb elapsed="356.648µs"
ERROR[12-06|21:02:34.918] error with builder processing on payload attribute latestSlot=22 processedSlot=22 headHash=0x9b389bff26e891ca755f85cea7815905de6b3f7fe8422212389130d88d77c577 error="could not get validator while submitting block for slot 22 - validator not found"
INFO [12-06|21:02:35.002] Block finalized and assembled            height=22 blockProfit=0               txs=0   bundles=0 okSbundles=0 totalSbundles=0 gasUsed=0          time="251.686µs"
ERROR[12-06|21:02:35.004] error with builder processing on payload attribute latestSlot=23 processedSlot=23 headHash=0x9b389bff26e891ca755f85cea7815905de6b3f7fe8422212389130d88d77c577 error="could not get validator while submitting block for slot 23 - validator not found"
INFO [12-06|21:02:35.005] Block finalized and assembled            height=22 blockProfit=0.001077201488  txs=35  bundles=0 okSbundles=0 totalSbundles=0 gasUsed=735,000    time=2.658315ms
INFO [12-06|21:02:35.005] Updated payload                          id=0x0320e99d58fa95de number=22 hash=012d55..4176af txs=35  withdrawals=0 gas=735,000    fees=0.001077201488  root=182fe1..f49950 elapsed=2.706ms
INFO [12-06|21:02:35.207] Imported new potential chain segment     number=22 hash=afcfcf..d8be75 blocks=1 txs=0   mgas=0.000  elapsed=2.190ms     mgasps=0.000   snapdiffs=25.65KiB triedirty=277.03KiB
INFO [12-06|21:02:35.210] Chain head was updated                   number=22 hash=afcfcf..d8be75 root=0339e0..904afb elapsed=1.667415ms
ERROR[12-06|21:02:35.211] Nil finalized block cannot evict old blobs
INFO [12-06|21:02:35.212] Block finalized and assembled            height=23 blockProfit=0               txs=0   bundles=0 okSbundles=0 totalSbundles=0 gasUsed=0          time="130.952µs"
INFO [12-06|21:02:35.214] Block finalized and assembled            height=23 blockProfit=0.001627056785  txs=52  bundles=0 okSbundles=0 totalSbundles=0 gasUsed=1,092,000  time=1.783947ms
INFO [12-06|21:02:35.214] Updated payload                          id=0x0326ecf041a33c56 number=23 hash=486750..106d83 txs=52  withdrawals=0 gas=1,092,000  fees=0.001627056785  root=122dc5..312179 elapsed=1.801ms
ERROR[12-06|21:02:35.214] error with builder processing on payload attribute latestSlot=23 processedSlot=23 headHash=0xafcfcf35fe5f52656ad535456f5ecb49ae54e143a5b23e7d3e828d5081d8be75 error="could not get validator while submitting block for slot 23 - validator not found"
ERROR[12-06|21:02:36.918] error with builder processing on payload attribute latestSlot=23 processedSlot=23 headHash=0xafcfcf35fe5f52656ad535456f5ecb49ae54e143a5b23e7d3e828d5081d8be75 error="could not get validator while submitting block for slot 23 - validator not found"
INFO [12-06|21:02:37.002] Block finalized and assembled            height=23 blockProfit=0               txs=0   bundles=0 okSbundles=0 totalSbundles=0 gasUsed=0          time="329.647µs"
INFO [12-06|21:02:37.011] Block finalized and assembled            height=23 blockProfit=0.006350501935  txs=201 bundles=0 okSbundles=0 totalSbundles=0 gasUsed=4,221,000  time=9.153911ms
INFO [12-06|21:02:37.011] Updated payload                          id=0x039da5901ff7121f number=23 hash=6e3548..19073f txs=201 withdrawals=0 gas=4,221,000  fees=0.006350501935  root=35a0d0..beac14 elapsed=9.191ms
ERROR[12-06|21:02:37.011] error with builder processing on payload attribute latestSlot=24 processedSlot=24 headHash=0xafcfcf35fe5f52656ad535456f5ecb49ae54e143a5b23e7d3e828d5081d8be75 error="could not get validator while submitting block for slot 24 - validator not found"
INFO [12-06|21:02:37.245] Imported new potential chain segment     number=23 hash=b6acd6..795727 blocks=1 txs=162 mgas=3.402  elapsed=17.443ms    mgasps=195.024 snapdiffs=30.42KiB triedirty=330.25KiB
INFO [12-06|21:02:37.252] Chain head was updated                   number=23 hash=b6acd6..795727 root=7d018c..0e1b9a elapsed=2.109695ms
ERROR[12-06|21:02:37.265] Nil finalized block cannot evict old blobs
INFO [12-06|21:02:37.265] Block finalized and assembled            height=24 blockProfit=0               txs=0   bundles=0 okSbundles=0 totalSbundles=0 gasUsed=0          time="133.543µs"
INFO [12-06|21:02:37.267] Block finalized and assembled            height=24 blockProfit=0.001208263337  txs=39  bundles=0 okSbundles=0 totalSbundles=0 gasUsed=819,000    time=1.523091ms
ERROR[12-06|21:02:37.267] error with builder processing on payload attribute latestSlot=24 processedSlot=24 headHash=0xb6acd67c40ff0cb2a9d757f1ca026a0f8336b5cefd97685ed7eaeb3ffd795727 error="could not get validator while submitting block for slot 24 - validator not found"
INFO [12-06|21:02:37.267] Updated payload                          id=0x0394c37ecc86a207 number=24 hash=ecf8aa..a48b86 txs=39  withdrawals=0 gas=819,000    fees=0.001208263337  root=9030c0..1af056 elapsed=1.590ms
ERROR[12-06|21:02:38.917] error with builder processing on payload attribute latestSlot=24 processedSlot=24 headHash=0xb6acd67c40ff0cb2a9d757f1ca026a0f8336b5cefd97685ed7eaeb3ffd795727 error="could not get validator while submitting block for slot 24 - validator not found"
INFO [12-06|21:02:39.002] Block finalized and assembled            height=24 blockProfit=0               txs=0   bundles=0 okSbundles=0 totalSbundles=0 gasUsed=0          time="291.377µs"
ERROR[12-06|21:02:39.004] error with builder processing on payload attribute latestSlot=25 processedSlot=25 headHash=0xb6acd67c40ff0cb2a9d757f1ca026a0f8336b5cefd97685ed7eaeb3ffd795727 error="could not get validator while submitting block for slot 25 - validator not found"
INFO [12-06|21:02:39.005] Block finalized and assembled            height=24 blockProfit=0.001208263337  txs=39  bundles=0 okSbundles=0 totalSbundles=0 gasUsed=819,000    time=2.576414ms
INFO [12-06|21:02:39.005] Updated payload                          id=0x03c309602773064d number=24 hash=8c6d15..31de53 txs=39  withdrawals=0 gas=819,000    fees=0.001208263337  root=718b72..a99249 elapsed=2.609ms
INFO [12-06|21:02:39.218] Imported new potential chain segment     number=24 hash=1ba865..50b393 blocks=1 txs=38  mgas=0.798  elapsed=6.309ms     mgasps=126.467 snapdiffs=32.42KiB triedirty=357.47KiB
INFO [12-06|21:02:39.223] Chain head was updated                   number=24 hash=1ba865..50b393 root=4b88a1..9aa353 elapsed=2.016322ms
INFO [12-06|21:02:39.224] Block finalized and assembled            height=25 blockProfit=0               txs=0   bundles=0 okSbundles=0 totalSbundles=0 gasUsed=0          time="302.176µs"
ERROR[12-06|21:02:39.225] error with builder processing on payload attribute latestSlot=25 processedSlot=25 headHash=0x1ba86570fa8a468ee0ae0fe7f6b307b054cc28c6a9b1650d1555f068ef50b393 error="could not get validator while submitting block for slot 25 - validator not found"
ERROR[12-06|21:02:39.229] Nil finalized block cannot evict old blobs
INFO [12-06|21:02:39.229] Block finalized and assembled            height=25 blockProfit=0               txs=0   bundles=0 okSbundles=0 totalSbundles=0 gasUsed=0          time=4.649548ms
INFO [12-06|21:02:39.229] Updated payload                          id=0x03f6e5c8a0ba2c84 number=25 hash=a2fa17..d0d5da txs=0   withdrawals=0 gas=0          fees=0               root=6ad84c..94ac67 elapsed=4.682ms
INFO [12-06|21:02:40.415] Looking for peers                        peercount=2 tried=22 static=0
ERROR[12-06|21:02:40.918] error with builder processing on payload attribute latestSlot=25 processedSlot=25 headHash=0x1ba86570fa8a468ee0ae0fe7f6b307b054cc28c6a9b1650d1555f068ef50b393 error="could not get validator while submitting block for slot 25 - validator not found"
INFO [12-06|21:02:41.002] Block finalized and assembled            height=25 blockProfit=0               txs=0   bundles=0 okSbundles=0 totalSbundles=0 gasUsed=0          time="305.027µs"
INFO [12-06|21:02:41.009] Block finalized and assembled            height=25 blockProfit=0.006227197631  txs=101 bundles=0 okSbundles=0 totalSbundles=0 gasUsed=4,159,926  time=6.502037ms
INFO [12-06|21:02:41.009] Updated payload                          id=0x038a595aa6d4a339 number=25 hash=8dea49..5afaef txs=101 withdrawals=0 gas=4,159,926  fees=0.006227197631  root=21e877..1f7db0 elapsed=6.535ms
ERROR[12-06|21:02:41.009] error with builder processing on payload attribute latestSlot=26 processedSlot=26 headHash=0x1ba86570fa8a468ee0ae0fe7f6b307b054cc28c6a9b1650d1555f068ef50b393 error="could not get validator while submitting block for slot 26 - validator not found"
INFO [12-06|21:02:41.231] Imported new potential chain segment     number=25 hash=98c7a5..038e38 blocks=1 txs=76  mgas=3.110  elapsed=12.742ms    mgasps=244.093 snapdiffs=36.47KiB triedirty=408.84KiB
INFO [12-06|21:02:41.239] Chain head was updated                   number=25 hash=98c7a5..038e38 root=6a9182..dc1f3b elapsed=5.471505ms
ERROR[12-06|21:02:41.251] Nil finalized block cannot evict old blobs
INFO [12-06|21:02:41.252] Block finalized and assembled            height=26 blockProfit=0               txs=0   bundles=0 okSbundles=0 totalSbundles=0 gasUsed=0          time="446.729µs"
ERROR[12-06|21:02:41.252] error with builder processing on payload attribute latestSlot=26 processedSlot=26 headHash=0x98c7a51664c643ef151bb9ea0c48f0d4abf3ff618f2ac902c07872ea7f038e38 error="could not get validator while submitting block for slot 26 - validator not found"
INFO [12-06|21:02:41.255] Block finalized and assembled            height=26 blockProfit=0.001550578894  txs=25  bundles=0 okSbundles=0 totalSbundles=0 gasUsed=1,049,573  time=2.884279ms
INFO [12-06|21:02:41.256] Updated payload                          id=0x0319bed722d11631 number=26 hash=e1885a..00488b txs=25  withdrawals=0 gas=1,049,573  fees=0.001550578894  root=4f7abd..526a2b elapsed=4.087ms
ERROR[12-06|21:02:42.918] error with builder processing on payload attribute latestSlot=26 processedSlot=26 headHash=0x98c7a51664c643ef151bb9ea0c48f0d4abf3ff618f2ac902c07872ea7f038e38 error="could not get validator while submitting block for slot 26 - validator not found"
INFO [12-06|21:02:43.002] Block finalized and assembled            height=26 blockProfit=0               txs=0   bundles=0 okSbundles=0 totalSbundles=0 gasUsed=0          time="291.806µs"
INFO [12-06|21:02:43.004] Block finalized and assembled            height=26 blockProfit=0.001550578894  txs=25  bundles=0 okSbundles=0 totalSbundles=0 gasUsed=1,049,573  time=1.92191ms
INFO [12-06|21:02:43.004] Updated payload                          id=0x033bedb6d210fc5f number=26 hash=3c7b4a..a4b2e1 txs=25  withdrawals=0 gas=1,049,573  fees=0.001550578894  root=587a0b..d72db9 elapsed=1.947ms
ERROR[12-06|21:02:43.004] error with builder processing on payload attribute latestSlot=27 processedSlot=27 headHash=0x98c7a51664c643ef151bb9ea0c48f0d4abf3ff618f2ac902c07872ea7f038e38 error="could not get validator while submitting block for slot 27 - validator not found"
INFO [12-06|21:02:43.224] Imported new potential chain segment     number=26 hash=adb125..9d5d62 blocks=1 txs=24  mgas=1.029  elapsed=6.878ms     mgasps=149.538 snapdiffs=38.17KiB triedirty=434.46KiB
INFO [12-06|21:02:43.230] Chain head was updated                   number=26 hash=adb125..9d5d62 root=b8a3a2..fbec2a elapsed=4.078735ms
INFO [12-06|21:02:43.232] Block finalized and assembled            height=27 blockProfit=0               txs=0   bundles=0 okSbundles=0 totalSbundles=0 gasUsed=0          time="241.345µs"
ERROR[12-06|21:02:43.232] error with builder processing on payload attribute latestSlot=27 processedSlot=27 headHash=0xadb1254c631f4dbb0724d6eaff245a846e00573b0af5187021906495d89d5d62 error="could not get validator while submitting block for slot 27 - validator not found"
ERROR[12-06|21:02:43.236] Nil finalized block cannot evict old blobs
INFO [12-06|21:02:43.236] Block finalized and assembled            height=27 blockProfit=0               txs=0   bundles=0 okSbundles=0 totalSbundles=0 gasUsed=0          time=4.082146ms
INFO [12-06|21:02:43.236] Updated payload                          id=0x031dd6173f280d2b number=27 hash=219eb1..77a418 txs=0   withdrawals=0 gas=0          fees=0               root=5812f1..52abda elapsed=4.113ms
ERROR[12-06|21:02:44.918] error with builder processing on payload attribute latestSlot=27 processedSlot=27 headHash=0xadb1254c631f4dbb0724d6eaff245a846e00573b0af5187021906495d89d5d62 error="could not get validator while submitting block for slot 27 - validator not found"
INFO [12-06|21:02:45.002] Block finalized and assembled            height=27 blockProfit=0               txs=0   bundles=0 okSbundles=0 totalSbundles=0 gasUsed=0          time="357.938µs"
INFO [12-06|21:02:45.002] Block finalized and assembled            height=27 blockProfit=0               txs=0   bundles=0 okSbundles=0 totalSbundles=0 gasUsed=0          time="271.255µs"
INFO [12-06|21:02:45.002] Updated payload                          id=0x03ddd3835dbe9674 number=27 hash=cc73b3..f27c1b txs=0   withdrawals=0 gas=0          fees=0               root=2495a8..8a05ca elapsed="295.486µs"
ERROR[12-06|21:02:45.002] error with builder processing on payload attribute latestSlot=28 processedSlot=28 headHash=0xadb1254c631f4dbb0724d6eaff245a846e00573b0af5187021906495d89d5d62 error="could not get validator while submitting block for slot 28 - validator not found"
INFO [12-06|21:02:45.209] Imported new potential chain segment     number=27 hash=de9b0a..34011c blocks=1 txs=0   mgas=0.000  elapsed=2.046ms     mgasps=0.000   snapdiffs=38.40KiB triedirty=437.79KiB
INFO [12-06|21:02:45.213] Chain head was updated                   number=27 hash=de9b0a..34011c root=5812f1..52abda elapsed=1.587263ms
ERROR[12-06|21:02:45.213] Nil finalized block cannot evict old blobs
INFO [12-06|21:02:45.214] Block finalized and assembled            height=28 blockProfit=0               txs=0   bundles=0 okSbundles=0 totalSbundles=0 gasUsed=0          time="267.946µs"
INFO [12-06|21:02:45.214] Block finalized and assembled            height=28 blockProfit=0               txs=0   bundles=0 okSbundles=0 totalSbundles=0 gasUsed=0          time="276.085µs"
INFO [12-06|21:02:45.214] Updated payload                          id=0x031b3225a0e388cf number=28 hash=0824ef..40fffb txs=0   withdrawals=0 gas=0          fees=0               root=4b519d..5e04bf elapsed="300.147µs"
ERROR[12-06|21:02:45.214] error with builder processing on payload attribute latestSlot=28 processedSlot=28 headHash=0xde9b0aef77c89516b01cacd17594a4bfc9d77fcb56fba9ad25ad3a03b034011c error="could not get validator while submitting block for slot 28 - validator not found"
ERROR[12-06|21:02:46.918] error with builder processing on payload attribute latestSlot=28 processedSlot=28 headHash=0xde9b0aef77c89516b01cacd17594a4bfc9d77fcb56fba9ad25ad3a03b034011c error="could not get validator while submitting block for slot 28 - validator not found"
INFO [12-06|21:02:47.002] Block finalized and assembled            height=28 blockProfit=0               txs=0   bundles=0 okSbundles=0 totalSbundles=0 gasUsed=0          time="298.716µs"
INFO [12-06|21:02:47.003] Block finalized and assembled            height=28 blockProfit=0               txs=0   bundles=0 okSbundles=0 totalSbundles=0 gasUsed=0          time="244.405µs"
INFO [12-06|21:02:47.003] Updated payload                          id=0x038775071fe19946 number=28 hash=25c7cc..f76332 txs=0   withdrawals=0 gas=0          fees=0               root=fcaab6..1e78ed elapsed="263.886µs"
ERROR[12-06|21:02:47.003] error with builder processing on payload attribute latestSlot=29 processedSlot=29 headHash=0xde9b0aef77c89516b01cacd17594a4bfc9d77fcb56fba9ad25ad3a03b034011c error="could not get validator while submitting block for slot 29 - validator not found"
INFO [12-06|21:02:47.209] Imported new potential chain segment     number=28 hash=f47be3..c00544 blocks=1 txs=0   mgas=0.000  elapsed=1.929ms     mgasps=0.000   snapdiffs=38.63KiB triedirty=441.91KiB
INFO [12-06|21:02:47.213] Chain head was updated                   number=28 hash=f47be3..c00544 root=4b519d..5e04bf elapsed=1.579533ms
ERROR[12-06|21:02:47.213] Nil finalized block cannot evict old blobs
INFO [12-06|21:02:47.214] Block finalized and assembled            height=29 blockProfit=0               txs=0   bundles=0 okSbundles=0 totalSbundles=0 gasUsed=0          time="204.894µs"
INFO [12-06|21:02:47.214] Block finalized and assembled            height=29 blockProfit=0               txs=0   bundles=0 okSbundles=0 totalSbundles=0 gasUsed=0          time="233.005µs"
INFO [12-06|21:02:47.214] Updated payload                          id=0x03651a2ffb67460d number=29 hash=69605c..b14623 txs=0   withdrawals=0 gas=0          fees=0               root=b3796b..8321f7 elapsed="252.946µs"
ERROR[12-06|21:02:47.214] error with builder processing on payload attribute latestSlot=29 processedSlot=29 headHash=0xf47be34f9534d82f4a22cfc7736510631c11cc4cb34c7c26444cac699cc00544 error="could not get validator while submitting block for slot 29 - validator not found"
ERROR[12-06|21:02:48.918] error with builder processing on payload attribute latestSlot=29 processedSlot=29 headHash=0xf47be34f9534d82f4a22cfc7736510631c11cc4cb34c7c26444cac699cc00544 error="could not get validator while submitting block for slot 29 - validator not found"
INFO [12-06|21:02:49.002] Block finalized and assembled            height=29 blockProfit=0               txs=0   bundles=0 okSbundles=0 totalSbundles=0 gasUsed=0          time="209.774µs"
INFO [12-06|21:02:49.002] Block finalized and assembled            height=29 blockProfit=0               txs=0   bundles=0 okSbundles=0 totalSbundles=0 gasUsed=0          time="142.003µs"
INFO [12-06|21:02:49.002] Updated payload                          id=0x039d5af4148f5df4 number=29 hash=e348bb..df376d txs=0   withdrawals=0 gas=0          fees=0               root=b2b55c..081f3d elapsed="154.223µs"
ERROR[12-06|21:02:49.002] error with builder processing on payload attribute latestSlot=30 processedSlot=30 headHash=0xf47be34f9534d82f4a22cfc7736510631c11cc4cb34c7c26444cac699cc00544 error="could not get validator while submitting block for slot 30 - validator not found"
INFO [12-06|21:02:49.201] Imported new potential chain segment     number=29 hash=6b8d8a..4cd19e blocks=1 txs=0   mgas=0.000  elapsed=2.127ms     mgasps=0.000   snapdiffs=38.86KiB triedirty=445.32KiB
INFO [12-06|21:02:49.205] Chain head was updated                   number=29 hash=6b8d8a..4cd19e root=b3796b..8321f7 elapsed=1.606544ms
ERROR[12-06|21:02:49.205] Nil finalized block cannot evict old blobs
INFO [12-06|21:02:49.206] Block finalized and assembled            height=30 blockProfit=0               txs=0   bundles=0 okSbundles=0 totalSbundles=0 gasUsed=0          time="198.934µs"
INFO [12-06|21:02:49.206] Block finalized and assembled            height=30 blockProfit=0               txs=0   bundles=0 okSbundles=0 totalSbundles=0 gasUsed=0          time="189.534µs"
INFO [12-06|21:02:49.206] Updated payload                          id=0x03e25cd64c1c236f number=30 hash=01f124..2e33d6 txs=0   withdrawals=0 gas=0          fees=0               root=45c409..0fec28 elapsed="206.084µs"
ERROR[12-06|21:02:49.206] error with builder processing on payload attribute latestSlot=30 processedSlot=30 headHash=0x6b8d8aacc23e158149d4f26be07af107920d4aaef11ada1ad544dcb4f04cd19e error="could not get validator while submitting block for slot 30 - validator not found"
ERROR[12-06|21:02:50.918] error with builder processing on payload attribute latestSlot=30 processedSlot=30 headHash=0x6b8d8aacc23e158149d4f26be07af107920d4aaef11ada1ad544dcb4f04cd19e error="could not get validator while submitting block for slot 30 - validator not found"
INFO [12-06|21:02:51.002] Block finalized and assembled            height=30 blockProfit=0               txs=0   bundles=0 okSbundles=0 totalSbundles=0 gasUsed=0          time="226.744µs"
INFO [12-06|21:02:51.005] Block finalized and assembled            height=30 blockProfit=0.001894584458  txs=61  bundles=0 okSbundles=0 totalSbundles=0 gasUsed=1,281,000  time=2.901471ms
INFO [12-06|21:02:51.005] Updated payload                          id=0x03554b468475a0ff number=30 hash=6970ad..afc54e txs=61  withdrawals=0 gas=1,281,000  fees=0.001894584458  root=a65d8f..552226 elapsed=2.924ms
ERROR[12-06|21:02:51.005] error with builder processing on payload attribute latestSlot=31 processedSlot=31 headHash=0x6b8d8aacc23e158149d4f26be07af107920d4aaef11ada1ad544dcb4f04cd19e error="could not get validator while submitting block for slot 31 - validator not found"
INFO [12-06|21:02:51.006] Looking for peers                        peercount=2 tried=37 static=0
INFO [12-06|21:02:51.213] Imported new potential chain segment     number=30 hash=568da8..f85786 blocks=1 txs=3   mgas=0.063  elapsed=2.271ms     mgasps=27.736  snapdiffs=39.32KiB triedirty=452.74KiB
INFO [12-06|21:02:51.216] Chain head was updated                   number=30 hash=568da8..f85786 root=98c847..16030c elapsed=1.691966ms
ERROR[12-06|21:02:51.225] Nil finalized block cannot evict old blobs
ERROR[12-06|21:02:51.226] error with builder processing on payload attribute latestSlot=31 processedSlot=31 headHash=0x568da83b877f5f73617a2c79e6e205fc72fd9829dc3b6e7bfa7015a6a7f85786 error="could not get validator while submitting block for slot 31 - validator not found"
INFO [12-06|21:02:51.226] Block finalized and assembled            height=31 blockProfit=0               txs=0   bundles=0 okSbundles=0 totalSbundles=0 gasUsed=0          time="230.825µs"
INFO [12-06|21:02:51.231] Block finalized and assembled            height=31 blockProfit=0.00237401949   txs=76  bundles=0 okSbundles=0 totalSbundles=0 gasUsed=1,596,000  time=5.399302ms
INFO [12-06|21:02:51.232] Updated payload                          id=0x03c1aa4f718a7ef5 number=31 hash=75b169..82e905 txs=76  withdrawals=0 gas=1,596,000  fees=0.00237401949   root=6840eb..60efa5 elapsed=5.696ms
ERROR[12-06|21:02:52.918] error with builder processing on payload attribute latestSlot=31 processedSlot=31 headHash=0x568da83b877f5f73617a2c79e6e205fc72fd9829dc3b6e7bfa7015a6a7f85786 error="could not get validator while submitting block for slot 31 - validator not found"
INFO [12-06|21:02:53.003] Block finalized and assembled            height=31 blockProfit=0               txs=0   bundles=0 okSbundles=0 totalSbundles=0 gasUsed=0          time="324.387µs"
INFO [12-06|21:02:53.009] Block finalized and assembled            height=31 blockProfit=0.00306867645   txs=98  bundles=0 okSbundles=0 totalSbundles=0 gasUsed=2,058,000  time=5.403934ms
INFO [12-06|21:02:53.009] Updated payload                          id=0x03860d1213f83fcc number=31 hash=98f0cd..606187 txs=98  withdrawals=0 gas=2,058,000  fees=0.00306867645   root=d5d2a1..6b9f30 elapsed=5.440ms
ERROR[12-06|21:02:53.009] error with builder processing on payload attribute latestSlot=32 processedSlot=32 headHash=0x568da83b877f5f73617a2c79e6e205fc72fd9829dc3b6e7bfa7015a6a7f85786 error="could not get validator while submitting block for slot 32 - validator not found"
INFO [12-06|21:02:53.009] requesting                               currentSlot=32
INFO [12-06|21:02:53.010] Updated validators                       count=0 slot=32
INFO [12-06|21:02:53.124] Imported new potential chain segment     number=31 hash=14fe3b..6b7599 blocks=1 txs=97  mgas=2.037  elapsed=14.544ms    mgasps=140.050 snapdiffs=43.91KiB triedirty=506.47KiB
INFO [12-06|21:02:53.130] Chain head was updated                   number=31 hash=14fe3b..6b7599 root=96bcd0..0dd5b8 elapsed=1.87927ms
ERROR[12-06|21:02:53.138] Nil finalized block cannot evict old blobs
INFO [12-06|21:02:53.138] Block finalized and assembled            height=32 blockProfit=0               txs=0   bundles=0 okSbundles=0 totalSbundles=0 gasUsed=0          time="131.593µs"
INFO [12-06|21:02:53.138] Block finalized and assembled            height=32 blockProfit=0               txs=0   bundles=0 okSbundles=0 totalSbundles=0 gasUsed=0          time="129.622µs"
INFO [12-06|21:02:53.138] Updated payload                          id=0x0309c14e0ed5645d number=32 hash=712118..abe9ae txs=0   withdrawals=0 gas=0          fees=0               root=f9a569..34ddb6 elapsed="141.013µs"
ERROR[12-06|21:02:53.138] error with builder processing on payload attribute latestSlot=32 processedSlot=32 headHash=0x14fe3b01af30719b1203d6aa52c7e8f438711b2f293fd9d938752c7d7d6b7599 error="could not get validator while submitting block for slot 32 - validator not found"
ERROR[12-06|21:02:54.918] error with builder processing on payload attribute latestSlot=32 processedSlot=32 headHash=0x14fe3b01af30719b1203d6aa52c7e8f438711b2f293fd9d938752c7d7d6b7599 error="could not get validator while submitting block for slot 32 - validator not found"
INFO [12-06|21:02:55.002] Block finalized and assembled            height=32 blockProfit=0               txs=0   bundles=0 okSbundles=0 totalSbundles=0 gasUsed=0          time="333.567µs"
INFO [12-06|21:02:55.003] Block finalized and assembled            height=32 blockProfit=0               txs=0   bundles=0 okSbundles=0 totalSbundles=0 gasUsed=0          time="284.276µs"
INFO [12-06|21:02:55.003] Updated payload                          id=0x0373279a1a0edcdd number=32 hash=b88fa7..4c2831 txs=0   withdrawals=0 gas=0          fees=0               root=2b6fb5..eadf1f elapsed="313.966µs"
ERROR[12-06|21:02:55.003] error with builder processing on payload attribute latestSlot=33 processedSlot=33 headHash=0x14fe3b01af30719b1203d6aa52c7e8f438711b2f293fd9d938752c7d7d6b7599 error="could not get validator while submitting block for slot 33 - validator not found"
INFO [12-06|21:02:55.046] Imported new potential chain segment     number=32 hash=8a2e91..cbc6e0 blocks=1 txs=0   mgas=0.000  elapsed=4.550ms     mgasps=0.000   snapdiffs=44.14KiB triedirty=509.81KiB
INFO [12-06|21:02:55.063] Chain head was updated                   number=32 hash=8a2e91..cbc6e0 root=f9a569..34ddb6 elapsed=1.690834ms
ERROR[12-06|21:02:55.063] Nil finalized block cannot evict old blobs
INFO [12-06|21:02:55.064] Block finalized and assembled            height=33 blockProfit=0               txs=0   bundles=0 okSbundles=0 totalSbundles=0 gasUsed=0          time="279.566µs"
INFO [12-06|21:02:55.064] Block finalized and assembled            height=33 blockProfit=0               txs=0   bundles=0 okSbundles=0 totalSbundles=0 gasUsed=0          time="320.567µs"
INFO [12-06|21:02:55.064] Updated payload                          id=0x039e9666fee124ae number=33 hash=fd2148..fb4c6a txs=0   withdrawals=0 gas=0          fees=0               root=d209e1..9b1335 elapsed="350.107µs"
ERROR[12-06|21:02:55.064] error with builder processing on payload attribute latestSlot=33 processedSlot=33 headHash=0x8a2e91eae0b3749af31a03873e45067ee70ac52679b19cd2e6d9318372cbc6e0 error="could not get validator while submitting block for slot 33 - validator not found"
ERROR[12-06|21:02:56.918] error with builder processing on payload attribute latestSlot=33 processedSlot=33 headHash=0x8a2e91eae0b3749af31a03873e45067ee70ac52679b19cd2e6d9318372cbc6e0 error="could not get validator while submitting block for slot 33 - validator not found"
INFO [12-06|21:02:57.002] Block finalized and assembled            height=33 blockProfit=0               txs=0   bundles=0 okSbundles=0 totalSbundles=0 gasUsed=0          time="255.215µs"
ERROR[12-06|21:02:57.005] error with builder processing on payload attribute latestSlot=34 processedSlot=34 headHash=0x8a2e91eae0b3749af31a03873e45067ee70ac52679b19cd2e6d9318372cbc6e0 error="could not get validator while submitting block for slot 34 - validator not found"
INFO [12-06|21:02:57.007] Block finalized and assembled            height=33 blockProfit=0.003155514711  txs=101 bundles=0 okSbundles=0 totalSbundles=0 gasUsed=2,121,000  time=5.210499ms
INFO [12-06|21:02:57.007] Updated payload                          id=0x03ea575142605f7a number=33 hash=a9db8f..a1ce33 txs=101 withdrawals=0 gas=2,121,000  fees=0.003155514711  root=aaec20..1a12ae elapsed=5.243ms
INFO [12-06|21:02:57.131] Imported new potential chain segment     number=33 hash=421118..33ac43 blocks=1 txs=70  mgas=1.470  elapsed=11.144ms    mgasps=131.900 snapdiffs=47.54KiB triedirty=554.14KiB
INFO [12-06|21:02:57.136] Chain head was updated                   number=33 hash=421118..33ac43 root=71e8d1..a6a974 elapsed=2.704627ms
INFO [12-06|21:02:57.139] Block finalized and assembled            height=34 blockProfit=0               txs=0   bundles=0 okSbundles=0 totalSbundles=0 gasUsed=0          time="629.953µs"
ERROR[12-06|21:02:57.140] error with builder processing on payload attribute latestSlot=34 processedSlot=34 headHash=0x421118a8802934044efe5e925ec33693fa2cfbd724b6e2347402c282c633ac43 error="could not get validator while submitting block for slot 34 - validator not found"
ERROR[12-06|21:02:57.149] Nil finalized block cannot evict old blobs
INFO [12-06|21:02:57.150] Block finalized and assembled            height=34 blockProfit=0.0009477891514 txs=31  bundles=0 okSbundles=0 totalSbundles=0 gasUsed=651,000    time=11.034831ms
INFO [12-06|21:02:57.150] Updated payload                          id=0x0351a818195798c0 number=34 hash=3a4f13..42a40a txs=31  withdrawals=0 gas=651,000    fees=0.0009477891514 root=84e766..cab488 elapsed=11.061ms
ERROR[12-06|21:02:58.918] error with builder processing on payload attribute latestSlot=34 processedSlot=34 headHash=0x421118a8802934044efe5e925ec33693fa2cfbd724b6e2347402c282c633ac43 error="could not get validator while submitting block for slot 34 - validator not found"
INFO [12-06|21:02:59.002] Block finalized and assembled            height=34 blockProfit=0               txs=0   bundles=0 okSbundles=0 totalSbundles=0 gasUsed=0          time="290.036µs"
INFO [12-06|21:02:59.003] Block finalized and assembled            height=34 blockProfit=0.0009477891514 txs=31  bundles=0 okSbundles=0 totalSbundles=0 gasUsed=651,000    time=1.315917ms
INFO [12-06|21:02:59.003] Updated payload                          id=0x03eb7f66953f42f5 number=34 hash=766fb4..aeb942 txs=31  withdrawals=0 gas=651,000    fees=0.0009477891514 root=fe4468..c784f2 elapsed=1.332ms
ERROR[12-06|21:02:59.003] error with builder processing on payload attribute latestSlot=35 processedSlot=35 headHash=0x421118a8802934044efe5e925ec33693fa2cfbd724b6e2347402c282c633ac43 error="could not get validator while submitting block for slot 35 - validator not found"
INFO [12-06|21:02:59.044] Imported new potential chain segment     number=34 hash=e75394..d3bfe3 blocks=1 txs=30  mgas=0.630  elapsed=5.687ms     mgasps=110.771 snapdiffs=49.19KiB triedirty=577.85KiB
INFO [12-06|21:02:59.049] Chain head was updated                   number=34 hash=e75394..d3bfe3 root=292a49..dfb74f elapsed=2.132925ms
INFO [12-06|21:02:59.051] Block finalized and assembled            height=35 blockProfit=0               txs=0   bundles=0 okSbundles=0 totalSbundles=0 gasUsed=0          time="453.979µs"
ERROR[12-06|21:02:59.052] error with builder processing on payload attribute latestSlot=35 processedSlot=35 headHash=0xe75394e23cd427c9a2c30726502a547bceb0fb68465570fc25105110f1d3bfe3 error="could not get validator while submitting block for slot 35 - validator not found"
ERROR[12-06|21:02:59.056] Nil finalized block cannot evict old blobs
INFO [12-06|21:02:59.056] Block finalized and assembled            height=35 blockProfit=0               txs=0   bundles=0 okSbundles=0 totalSbundles=0 gasUsed=0          time=5.055196ms
INFO [12-06|21:02:59.056] Updated payload                          id=0x03113c982709ad25 number=35 hash=c2ab80..6aa026 txs=0   withdrawals=0 gas=0          fees=0               root=dfb112..640be8 elapsed=5.085ms
ERROR[12-06|21:03:00.918] error with builder processing on payload attribute latestSlot=35 processedSlot=35 headHash=0xe75394e23cd427c9a2c30726502a547bceb0fb68465570fc25105110f1d3bfe3 error="could not get validator while submitting block for slot 35 - validator not found"
INFO [12-06|21:03:01.001] Block finalized and assembled            height=35 blockProfit=0               txs=0   bundles=0 okSbundles=0 totalSbundles=0 gasUsed=0          time="237.995µs"
INFO [12-06|21:03:01.009] Block finalized and assembled            height=35 blockProfit=0.007463618157  txs=102 bundles=0 okSbundles=0 totalSbundles=0 gasUsed=4,980,425  time=8.000848ms
INFO [12-06|21:03:01.009] Updated payload                          id=0x03b1409ac7c0da2b number=35 hash=f6728a..6fe53f txs=102 withdrawals=0 gas=4,980,425  fees=0.007463618157  root=32f4f7..cb3fd0 elapsed=8.034ms
ERROR[12-06|21:03:01.010] error with builder processing on payload attribute latestSlot=36 processedSlot=36 headHash=0xe75394e23cd427c9a2c30726502a547bceb0fb68465570fc25105110f1d3bfe3 error="could not get validator while submitting block for slot 36 - validator not found"
INFO [12-06|21:03:01.050] Imported new potential chain segment     number=35 hash=457e46..44e211 blocks=1 txs=60  mgas=3.006  elapsed=8.772ms     mgasps=342.718 snapdiffs=53.02KiB triedirty=632.35KiB
INFO [12-06|21:03:01.059] Chain head was updated                   number=35 hash=457e46..44e211 root=2546a6..80ffca elapsed=5.722359ms
ERROR[12-06|21:03:01.067] Nil finalized block cannot evict old blobs
ERROR[12-06|21:03:01.067] error with builder processing on payload attribute latestSlot=36 processedSlot=36 headHash=0x457e46b61803b2803728053c6f6ce7583161d2845d98c247295529e64944e211 error="could not get validator while submitting block for slot 36 - validator not found"
INFO [12-06|21:03:01.067] Block finalized and assembled            height=36 blockProfit=0               txs=0   bundles=0 okSbundles=0 totalSbundles=0 gasUsed=0          time="118.092µs"
INFO [12-06|21:03:01.069] Block finalized and assembled            height=36 blockProfit=0.002940068614  txs=42  bundles=0 okSbundles=0 totalSbundles=0 gasUsed=1,973,952  time=1.851108ms
INFO [12-06|21:03:01.069] Updated payload                          id=0x0337fb65a5dc9316 number=36 hash=8208ee..4dacfb txs=42  withdrawals=0 gas=1,973,952  fees=0.002940068614  root=e70093..de6e80 elapsed=1.867ms
INFO [12-06|21:03:01.095] Looking for peers                        peercount=2 tried=20 static=0
ERROR[12-06|21:03:02.917] error with builder processing on payload attribute latestSlot=36 processedSlot=36 headHash=0x457e46b61803b2803728053c6f6ce7583161d2845d98c247295529e64944e211 error="could not get validator while submitting block for slot 36 - validator not found"
INFO [12-06|21:03:03.002] Block finalized and assembled            height=36 blockProfit=0               txs=0   bundles=0 okSbundles=0 totalSbundles=0 gasUsed=0          time="409.059µs"
ERROR[12-06|21:03:03.005] error with builder processing on payload attribute latestSlot=37 processedSlot=37 headHash=0x457e46b61803b2803728053c6f6ce7583161d2845d98c247295529e64944e211 error="could not get validator while submitting block for slot 37 - validator not found"
INFO [12-06|21:03:03.006] Block finalized and assembled            height=36 blockProfit=0.002940068614  txs=42  bundles=0 okSbundles=0 totalSbundles=0 gasUsed=1,973,952  time=4.203707ms
INFO [12-06|21:03:03.006] Updated payload                          id=0x03197999ed5b8ec0 number=36 hash=178e39..80456c txs=42  withdrawals=0 gas=1,973,952  fees=0.002940068614  root=47ee09..45e0e2 elapsed=4.231ms
INFO [12-06|21:03:03.124] Imported new potential chain segment     number=36 hash=4b785a..7c788e blocks=1 txs=41  mgas=1.953  elapsed=9.179ms     mgasps=212.754 snapdiffs=55.54KiB triedirty=670.08KiB
INFO [12-06|21:03:03.131] Chain head was updated                   number=36 hash=4b785a..7c788e root=bb48ca..3f5481 elapsed=4.843481ms
INFO [12-06|21:03:03.133] Block finalized and assembled            height=37 blockProfit=0               txs=0   bundles=0 okSbundles=0 totalSbundles=0 gasUsed=0          time="253.185µs"
ERROR[12-06|21:03:03.134] error with builder processing on payload attribute latestSlot=37 processedSlot=37 headHash=0x4b785ad51837e3891b9ffc22e26c8f4f2ceef524c12fd87d6809243f187c788e error="could not get validator while submitting block for slot 37 - validator not found"
ERROR[12-06|21:03:03.138] Nil finalized block cannot evict old blobs
INFO [12-06|21:03:03.138] Block finalized and assembled            height=37 blockProfit=0               txs=0   bundles=0 okSbundles=0 totalSbundles=0 gasUsed=0          time=4.597406ms
INFO [12-06|21:03:03.138] Updated payload                          id=0x03161037ab2ee333 number=37 hash=5e7a6b..2453c4 txs=0   withdrawals=0 gas=0          fees=0               root=11527a..3336ec elapsed=4.623ms
ERROR[12-06|21:03:04.920] error with builder processing on payload attribute latestSlot=37 processedSlot=37 headHash=0x4b785ad51837e3891b9ffc22e26c8f4f2ceef524c12fd87d6809243f187c788e error="could not get validator while submitting block for slot 37 - validator not found"
INFO [12-06|21:03:05.002] Block finalized and assembled            height=37 blockProfit=0               txs=0   bundles=0 okSbundles=0 totalSbundles=0 gasUsed=0          time="201.824µs"
INFO [12-06|21:03:05.003] Block finalized and assembled            height=37 blockProfit=0               txs=0   bundles=0 okSbundles=0 totalSbundles=0 gasUsed=0          time="147.774µs"
INFO [12-06|21:03:05.003] Updated payload                          id=0x03b250c6e087dd0d number=37 hash=9de74c..f5b822 txs=0   withdrawals=0 gas=0          fees=0               root=21f8bf..2169ee elapsed="159.844µs"
ERROR[12-06|21:03:05.003] error with builder processing on payload attribute latestSlot=38 processedSlot=38 headHash=0x4b785ad51837e3891b9ffc22e26c8f4f2ceef524c12fd87d6809243f187c788e error="could not get validator while submitting block for slot 38 - validator not found"
INFO [12-06|21:03:05.032] Imported new potential chain segment     number=37 hash=97751c..86590c blocks=1 txs=0   mgas=0.000  elapsed=2.205ms     mgasps=0.000   snapdiffs=55.77KiB triedirty=673.47KiB
INFO [12-06|21:03:05.035] Chain head was updated                   number=37 hash=97751c..86590c root=11527a..3336ec elapsed=1.618695ms
ERROR[12-06|21:03:05.036] Nil finalized block cannot evict old blobs
INFO [12-06|21:03:05.036] Block finalized and assembled            height=38 blockProfit=0               txs=0   bundles=0 okSbundles=0 totalSbundles=0 gasUsed=0          time="230.275µs"
INFO [12-06|21:03:05.037] Block finalized and assembled            height=38 blockProfit=0               txs=0   bundles=0 okSbundles=0 totalSbundles=0 gasUsed=0          time="238.425µs"
INFO [12-06|21:03:05.037] Updated payload                          id=0x03b68c50d080d14f number=38 hash=b27e62..7b74cc txs=0   withdrawals=0 gas=0          fees=0               root=21792c..d60fdd elapsed="260.066µs"
ERROR[12-06|21:03:05.037] error with builder processing on payload attribute latestSlot=38 processedSlot=38 headHash=0x97751c233086555e2b6e61f421ae485578faddd65861e4fa708d22754886590c error="could not get validator while submitting block for slot 38 - validator not found"
ERROR[12-06|21:03:06.919] error with builder processing on payload attribute latestSlot=38 processedSlot=38 headHash=0x97751c233086555e2b6e61f421ae485578faddd65861e4fa708d22754886590c error="could not get validator while submitting block for slot 38 - validator not found"
ERROR[12-06|21:03:07.003] error with builder processing on payload attribute latestSlot=39 processedSlot=39 headHash=0x97751c233086555e2b6e61f421ae485578faddd65861e4fa708d22754886590c error="could not get validator while submitting block for slot 39 - validator not found"
INFO [12-06|21:03:07.005] Block finalized and assembled            height=38 blockProfit=0               txs=0   bundles=0 okSbundles=0 totalSbundles=0 gasUsed=0          time="916.419µs"
INFO [12-06|21:03:07.011] Block finalized and assembled            height=38 blockProfit=0.00205430092   txs=66  bundles=0 okSbundles=0 totalSbundles=0 gasUsed=1,386,000  time=5.284511ms
INFO [12-06|21:03:07.011] Updated payload                          id=0x0365dd257b6fa4e4 number=38 hash=66f326..c661bc txs=66  withdrawals=0 gas=1,386,000  fees=0.00205430092   root=9354f5..81717a elapsed=5.376ms
INFO [12-06|21:03:07.124] Imported new potential chain segment     number=38 hash=39601f..b2a415 blocks=1 txs=22  mgas=0.462  elapsed=10.100ms    mgasps=45.740  snapdiffs=57.07KiB triedirty=694.32KiB
INFO [12-06|21:03:07.132] Chain head was updated                   number=38 hash=39601f..b2a415 root=c0a730..f962a8 elapsed=3.534563ms
ERROR[12-06|21:03:07.139] Nil finalized block cannot evict old blobs
INFO [12-06|21:03:07.141] Block finalized and assembled            height=39 blockProfit=0               txs=0   bundles=0 okSbundles=0 totalSbundles=0 gasUsed=0          time="541.392µs"
INFO [12-06|21:03:07.146] Block finalized and assembled            height=39 blockProfit=0.001581592176  txs=51  bundles=0 okSbundles=0 totalSbundles=0 gasUsed=1,071,000  time=4.223388ms
INFO [12-06|21:03:07.146] Updated payload                          id=0x035ebccbb0070164 number=39 hash=a5b3c6..c279aa txs=51  withdrawals=0 gas=1,071,000  fees=0.001581592176  root=3c7f75..52e49b elapsed=4.397ms
ERROR[12-06|21:03:07.147] error with builder processing on payload attribute latestSlot=39 processedSlot=39 headHash=0x39601f6ef6ffc7a9909882fc21557a0003228f5832a4b42fa6b10bd371b2a415 error="could not get validator while submitting block for slot 39 - validator not found"
ERROR[12-06|21:03:08.919] error with builder processing on payload attribute latestSlot=39 processedSlot=39 headHash=0x39601f6ef6ffc7a9909882fc21557a0003228f5832a4b42fa6b10bd371b2a415 error="could not get validator while submitting block for slot 39 - validator not found"
ERROR[12-06|21:03:09.003] error with builder processing on payload attribute latestSlot=40 processedSlot=40 headHash=0x39601f6ef6ffc7a9909882fc21557a0003228f5832a4b42fa6b10bd371b2a415 error="could not get validator while submitting block for slot 40 - validator not found"
INFO [12-06|21:03:09.004] Block finalized and assembled            height=39 blockProfit=0               txs=0   bundles=0 okSbundles=0 totalSbundles=0 gasUsed=0          time="396.468µs"
INFO [12-06|21:03:09.010] Block finalized and assembled            height=39 blockProfit=0.00246647722   txs=79  bundles=0 okSbundles=0 totalSbundles=0 gasUsed=1,659,000  time=5.867704ms
INFO [12-06|21:03:09.010] Updated payload                          id=0x03a9714f7dd0fc3a number=39 hash=76816b..f8523f txs=79  withdrawals=0 gas=1,659,000  fees=0.00246647722   root=90302f..7426e4 elapsed=6.000ms
INFO [12-06|21:03:09.139] Imported new potential chain segment     number=39 hash=5a6df2..e43389 blocks=1 txs=78  mgas=1.638  elapsed=20.003ms    mgasps=81.885  snapdiffs=60.82KiB triedirty=741.70KiB
INFO [12-06|21:03:09.149] Chain head was updated                   number=39 hash=5a6df2..e43389 root=43eb68..4a6d93 elapsed=2.484791ms
INFO [12-06|21:03:09.154] Block finalized and assembled            height=40 blockProfit=0               txs=0   bundles=0 okSbundles=0 totalSbundles=0 gasUsed=0          time="224.895µs"
ERROR[12-06|21:03:09.156] error with builder processing on payload attribute latestSlot=40 processedSlot=40 headHash=0x5a6df2871d819fa2b8ef5ab3c965c7f54239553f0eebfcc24ee256e652e43389 error="could not get validator while submitting block for slot 40 - validator not found"
ERROR[12-06|21:03:09.161] Nil finalized block cannot evict old blobs
INFO [12-06|21:03:09.161] Block finalized and assembled            height=40 blockProfit=0               txs=0   bundles=0 okSbundles=0 totalSbundles=0 gasUsed=0          time=7.11998ms
INFO [12-06|21:03:09.162] Updated payload                          id=0x03e9d54ed74712a4 number=40 hash=178912..ef6920 txs=0   withdrawals=0 gas=0          fees=0               root=1716a1..e9d226 elapsed=7.167ms
ERROR[12-06|21:03:10.918] error with builder processing on payload attribute latestSlot=40 processedSlot=40 headHash=0x5a6df2871d819fa2b8ef5ab3c965c7f54239553f0eebfcc24ee256e652e43389 error="could not get validator while submitting block for slot 40 - validator not found"
INFO [12-06|21:03:11.004] Block finalized and assembled            height=40 blockProfit=0               txs=0   bundles=0 okSbundles=0 totalSbundles=0 gasUsed=0          time="897.349µs"
INFO [12-06|21:03:11.005] Block finalized and assembled            height=40 blockProfit=0               txs=0   bundles=0 okSbundles=0 totalSbundles=0 gasUsed=0          time="657.364µs"
INFO [12-06|21:03:11.005] Updated payload                          id=0x0313d73a19f9f39d number=40 hash=9846c8..a36dff txs=0   withdrawals=0 gas=0          fees=0               root=97e577..475f5f elapsed="707.585µs"
ERROR[12-06|21:03:11.006] error with builder processing on payload attribute latestSlot=41 processedSlot=41 headHash=0x5a6df2871d819fa2b8ef5ab3c965c7f54239553f0eebfcc24ee256e652e43389 error="could not get validator while submitting block for slot 41 - validator not found"
INFO [12-06|21:03:11.119] Imported new potential chain segment     number=40 hash=404b45..2ac845 blocks=1 txs=0   mgas=0.000  elapsed=3.632ms     mgasps=0.000   snapdiffs=61.05KiB triedirty=745.37KiB
INFO [12-06|21:03:11.126] Chain head was updated                   number=40 hash=404b45..2ac845 root=1716a1..e9d226 elapsed=2.208167ms
ERROR[12-06|21:03:11.127] Nil finalized block cannot evict old blobs
INFO [12-06|21:03:11.129] Block finalized and assembled            height=41 blockProfit=0               txs=0   bundles=0 okSbundles=0 totalSbundles=0 gasUsed=0          time="547.901µs"
INFO [12-06|21:03:11.130] Block finalized and assembled            height=41 blockProfit=0               txs=0   bundles=0 okSbundles=0 totalSbundles=0 gasUsed=0          time="987.14µs"
INFO [12-06|21:03:11.131] Updated payload                          id=0x0340148d391c06ad number=41 hash=37e2c9..389d15 txs=0   withdrawals=0 gas=0          fees=0               root=42f234..6cd97e elapsed=1.214ms
ERROR[12-06|21:03:11.131] error with builder processing on payload attribute latestSlot=41 processedSlot=41 headHash=0x404b45d2cfd6601b64a800ca46eba1c54159840b44dd158ad695996d972ac845 error="could not get validator while submitting block for slot 41 - validator not found"
INFO [12-06|21:03:11.142] Looking for peers                        peercount=2 tried=45 static=0
ERROR[12-06|21:03:12.920] error with builder processing on payload attribute latestSlot=41 processedSlot=41 headHash=0x404b45d2cfd6601b64a800ca46eba1c54159840b44dd158ad695996d972ac845 error="could not get validator while submitting block for slot 41 - validator not found"
INFO [12-06|21:03:13.003] Block finalized and assembled            height=41 blockProfit=0               txs=0   bundles=0 okSbundles=0 totalSbundles=0 gasUsed=0          time="252.185µs"
INFO [12-06|21:03:13.004] Block finalized and assembled            height=41 blockProfit=0               txs=0   bundles=0 okSbundles=0 totalSbundles=0 gasUsed=0          time="197.354µs"
INFO [12-06|21:03:13.004] Updated payload                          id=0x0316f3803353fae5 number=41 hash=796b92..2339eb txs=0   withdrawals=0 gas=0          fees=0               root=8f4e9e..551122 elapsed="212.694µs"
ERROR[12-06|21:03:13.004] error with builder processing on payload attribute latestSlot=42 processedSlot=42 headHash=0x404b45d2cfd6601b64a800ca46eba1c54159840b44dd158ad695996d972ac845 error="could not get validator while submitting block for slot 42 - validator not found"
INFO [12-06|21:03:13.119] Imported new potential chain segment     number=41 hash=045097..10783a blocks=1 txs=0   mgas=0.000  elapsed=4.330ms     mgasps=0.000   snapdiffs=61.28KiB triedirty=748.67KiB
INFO [12-06|21:03:13.123] Chain head was updated                   number=41 hash=045097..10783a root=42f234..6cd97e elapsed=2.051803ms
ERROR[12-06|21:03:13.124] Nil finalized block cannot evict old blobs
INFO [12-06|21:03:13.127] Block finalized and assembled            height=42 blockProfit=0               txs=0   bundles=0 okSbundles=0 totalSbundles=0 gasUsed=0          time="800.417µs"
INFO [12-06|21:03:13.127] Block finalized and assembled            height=42 blockProfit=0               txs=0   bundles=0 okSbundles=0 totalSbundles=0 gasUsed=0          time="205.585µs"
INFO [12-06|21:03:13.127] Updated payload                          id=0x03ccd0179123b54e number=42 hash=d6a70b..a0f990 txs=0   withdrawals=0 gas=0          fees=0               root=78d4d2..9f3056 elapsed="220.565µs"
ERROR[12-06|21:03:13.127] error with builder processing on payload attribute latestSlot=42 processedSlot=42 headHash=0x045097f30470c4468281743303b47dbbdd1a90d2992ea9fbbd7dcaa7ca10783a error="could not get validator while submitting block for slot 42 - validator not found"
ERROR[12-06|21:03:14.919] error with builder processing on payload attribute latestSlot=42 processedSlot=42 headHash=0x045097f30470c4468281743303b47dbbdd1a90d2992ea9fbbd7dcaa7ca10783a error="could not get validator while submitting block for slot 42 - validator not found"
INFO [12-06|21:03:15.004] Block finalized and assembled            height=42 blockProfit=0               txs=0   bundles=0 okSbundles=0 totalSbundles=0 gasUsed=0          time="732.735µs"
INFO [12-06|21:03:15.004] Block finalized and assembled            height=42 blockProfit=0               txs=0   bundles=0 okSbundles=0 totalSbundles=0 gasUsed=0          time="403.828µs"
INFO [12-06|21:03:15.004] Updated payload                          id=0x039205c505abd66f number=42 hash=45c0d5..045d4d txs=0   withdrawals=0 gas=0          fees=0               root=ff162a..1a164f elapsed="439.649µs"
ERROR[12-06|21:03:15.005] error with builder processing on payload attribute latestSlot=43 processedSlot=43 headHash=0x045097f30470c4468281743303b47dbbdd1a90d2992ea9fbbd7dcaa7ca10783a error="could not get validator while submitting block for slot 43 - validator not found"
INFO [12-06|21:03:15.117] Imported new potential chain segment     number=42 hash=1f04f2..d67aa6 blocks=1 txs=0   mgas=0.000  elapsed=3.712ms     mgasps=0.000   snapdiffs=61.51KiB triedirty=752.61KiB
INFO [12-06|21:03:15.124] Chain head was updated                   number=42 hash=1f04f2..d67aa6 root=78d4d2..9f3056 elapsed=2.212176ms
ERROR[12-06|21:03:15.125] Nil finalized block cannot evict old blobs
INFO [12-06|21:03:15.127] Block finalized and assembled            height=43 blockProfit=0               txs=0   bundles=0 okSbundles=0 totalSbundles=0 gasUsed=0          time="550.411µs"
INFO [12-06|21:03:15.128] Block finalized and assembled            height=43 blockProfit=0               txs=0   bundles=0 okSbundles=0 totalSbundles=0 gasUsed=0          time="804.066µs"
INFO [12-06|21:03:15.128] Updated payload                          id=0x033448d42d1a31cf number=43 hash=ec14c4..299472 txs=0   withdrawals=0 gas=0          fees=0               root=945b83..1d42af elapsed="963.45µs"
ERROR[12-06|21:03:15.128] error with builder processing on payload attribute latestSlot=43 processedSlot=43 headHash=0x1f04f228ea7ec32c24ed7a75252a74cb0286a0bcbe0fd21fe41d8164e3d67aa6 error="could not get validator while submitting block for slot 43 - validator not found"
ERROR[12-06|21:03:16.920] error with builder processing on payload attribute latestSlot=43 processedSlot=43 headHash=0x1f04f228ea7ec32c24ed7a75252a74cb0286a0bcbe0fd21fe41d8164e3d67aa6 error="could not get validator while submitting block for slot 43 - validator not found"
INFO [12-06|21:03:17.004] Block finalized and assembled            height=43 blockProfit=0               txs=0   bundles=0 okSbundles=0 totalSbundles=0 gasUsed=0          time="276.685µs"
INFO [12-06|21:03:17.013] Block finalized and assembled            height=43 blockProfit=0.003001172215  txs=96  bundles=0 okSbundles=0 totalSbundles=0 gasUsed=2,016,000  time=8.569969ms
INFO [12-06|21:03:17.013] Updated payload                          id=0x03c2ad1ea8c97d3c number=43 hash=f2422c..74a5df txs=96  withdrawals=0 gas=2,016,000  fees=0.003001172215  root=c31086..21653c elapsed=8.805ms
ERROR[12-06|21:03:17.013] error with builder processing on payload attribute latestSlot=44 processedSlot=44 headHash=0x1f04f228ea7ec32c24ed7a75252a74cb0286a0bcbe0fd21fe41d8164e3d67aa6 error="could not get validator while submitting block for slot 44 - validator not found"
INFO [12-06|21:03:17.134] Imported new potential chain segment     number=43 hash=9087fa..37f1e9 blocks=1 txs=52  mgas=1.092  elapsed=14.531ms    mgasps=75.148  snapdiffs=64.13KiB triedirty=789.69KiB
INFO [12-06|21:03:17.142] Chain head was updated                   number=43 hash=9087fa..37f1e9 root=505bb7..b00682 elapsed=2.88436ms
ERROR[12-06|21:03:17.151] Nil finalized block cannot evict old blobs
INFO [12-06|21:03:17.154] Block finalized and assembled            height=44 blockProfit=0               txs=0   bundles=0 okSbundles=0 totalSbundles=0 gasUsed=0          time="249.276µs"
INFO [12-06|21:03:17.160] Block finalized and assembled            height=44 blockProfit=0.001516999308  txs=49  bundles=0 okSbundles=0 totalSbundles=0 gasUsed=1,029,000  time=5.70179ms
INFO [12-06|21:03:17.161] Updated payload                          id=0x03f9cd86629dc0a5 number=44 hash=f1618d..b2cc5b txs=49  withdrawals=0 gas=1,029,000  fees=0.001516999308  root=08200e..c46113 elapsed=5.885ms
ERROR[12-06|21:03:17.161] error with builder processing on payload attribute latestSlot=44 processedSlot=44 headHash=0x9087fabb82f1accc2e2ed4ee7f8efb34d347418f361907f2d0b3f75a3737f1e9 error="could not get validator while submitting block for slot 44 - validator not found"
ERROR[12-06|21:03:18.920] error with builder processing on payload attribute latestSlot=44 processedSlot=44 headHash=0x9087fabb82f1accc2e2ed4ee7f8efb34d347418f361907f2d0b3f75a3737f1e9 error="could not get validator while submitting block for slot 44 - validator not found"
INFO [12-06|21:03:19.002] Block finalized and assembled            height=44 blockProfit=0               txs=0   bundles=0 okSbundles=0 totalSbundles=0 gasUsed=0          time="241.615µs"
INFO [12-06|21:03:19.005] Block finalized and assembled            height=44 blockProfit=0.001516999308  txs=49  bundles=0 okSbundles=0 totalSbundles=0 gasUsed=1,029,000  time=2.567544ms
INFO [12-06|21:03:19.005] Updated payload                          id=0x0389affc99fd46b8 number=44 hash=e44854..87de4b txs=49  withdrawals=0 gas=1,029,000  fees=0.001516999308  root=eb332d..d0e595 elapsed=2.593ms
ERROR[12-06|21:03:19.005] error with builder processing on payload attribute latestSlot=45 processedSlot=45 headHash=0x9087fabb82f1accc2e2ed4ee7f8efb34d347418f361907f2d0b3f75a3737f1e9 error="could not get validator while submitting block for slot 45 - validator not found"
INFO [12-06|21:03:19.062] Imported new potential chain segment     number=44 hash=916079..369c51 blocks=1 txs=48  mgas=1.008  elapsed=13.161ms    mgasps=76.587  snapdiffs=66.56KiB triedirty=822.40KiB
INFO [12-06|21:03:19.069] Chain head was updated                   number=44 hash=916079..369c51 root=32a7ca..63efb5 elapsed=2.100983ms
ERROR[12-06|21:03:19.076] Nil finalized block cannot evict old blobs
ERROR[12-06|21:03:19.076] error with builder processing on payload attribute latestSlot=45 processedSlot=45 headHash=0x9160794b98ff87944448d3e95a8ae7774ba5562f9d20701f38b6cf0527369c51 error="could not get validator while submitting block for slot 45 - validator not found"
INFO [12-06|21:03:19.078] Block finalized and assembled            height=45 blockProfit=0               txs=0   bundles=0 okSbundles=0 totalSbundles=0 gasUsed=0          time="710.805µs"
INFO [12-06|21:03:19.079] Block finalized and assembled            height=45 blockProfit=0               txs=0   bundles=0 okSbundles=0 totalSbundles=0 gasUsed=0          time="477.78µs"
INFO [12-06|21:03:19.079] Updated payload                          id=0x0341c9c6690d625f number=45 hash=da2405..28477c txs=0   withdrawals=0 gas=0          fees=0               root=fdd90b..3318eb elapsed="515.43µs"
ERROR[12-06|21:03:20.919] error with builder processing on payload attribute latestSlot=45 processedSlot=45 headHash=0x9160794b98ff87944448d3e95a8ae7774ba5562f9d20701f38b6cf0527369c51 error="could not get validator while submitting block for slot 45 - validator not found"
INFO [12-06|21:03:21.004] Block finalized and assembled            height=45 blockProfit=0               txs=0   bundles=0 okSbundles=0 totalSbundles=0 gasUsed=0          time="650.654µs"
ERROR[12-06|21:03:21.021] error with builder processing on payload attribute latestSlot=46 processedSlot=46 headHash=0x9160794b98ff87944448d3e95a8ae7774ba5562f9d20701f38b6cf0527369c51 error="could not get validator while submitting block for slot 46 - validator not found"
INFO [12-06|21:03:21.024] Block finalized and assembled            height=45 blockProfit=0.006016136283  txs=98  bundles=0 okSbundles=0 totalSbundles=0 gasUsed=4,021,381  time=19.588089ms
INFO [12-06|21:03:21.024] Updated payload                          id=0x033f56a2ae6fbabc number=45 hash=eaffaf..a94867 txs=98  withdrawals=0 gas=4,021,381  fees=0.006016136283  root=2d1492..19c5b2 elapsed=19.659ms
INFO [12-06|21:03:21.152] Imported new potential chain segment     number=45 hash=4ad3d9..3aa554 blocks=1 txs=97  mgas=4.000  elapsed=19.307ms    mgasps=207.188 snapdiffs=70.38KiB triedirty=874.76KiB
INFO [12-06|21:03:21.166] Chain head was updated                   number=45 hash=4ad3d9..3aa554 root=5659a4..065463 elapsed=7.408285ms
INFO [12-06|21:03:21.172] Block finalized and assembled            height=46 blockProfit=0               txs=0   bundles=0 okSbundles=0 totalSbundles=0 gasUsed=0          time="770.716µs"
ERROR[12-06|21:03:21.178] error with builder processing on payload attribute latestSlot=46 processedSlot=46 headHash=0x4ad3d99ff3f68520186eef5b1ad86f52d46a581f58100c3bb2aa06a5023aa554 error="could not get validator while submitting block for slot 46 - validator not found"
ERROR[12-06|21:03:21.183] Nil finalized block cannot evict old blobs
INFO [12-06|21:03:21.184] Block finalized and assembled            height=46 blockProfit=0               txs=0   bundles=0 okSbundles=0 totalSbundles=0 gasUsed=0          time=11.961169ms
INFO [12-06|21:03:21.184] Updated payload                          id=0x03c96ec976eb55b2 number=46 hash=eb1199..2361a5 txs=0   withdrawals=0 gas=0          fees=0               root=eb03be..8b8d9d elapsed=12.069ms
INFO [12-06|21:03:21.461] Looking for peers                        peercount=2 tried=41 static=0
ERROR[12-06|21:03:22.919] error with builder processing on payload attribute latestSlot=46 processedSlot=46 headHash=0x4ad3d99ff3f68520186eef5b1ad86f52d46a581f58100c3bb2aa06a5023aa554 error="could not get validator while submitting block for slot 46 - validator not found"
INFO [12-06|21:03:23.004] Block finalized and assembled            height=46 blockProfit=0               txs=0   bundles=0 okSbundles=0 totalSbundles=0 gasUsed=0          time="609.553µs"
INFO [12-06|21:03:23.007] Block finalized and assembled            height=46 blockProfit=0.001200512144  txs=39  bundles=0 okSbundles=0 totalSbundles=0 gasUsed=819,000    time=3.506394ms
INFO [12-06|21:03:23.007] Updated payload                          id=0x034abfceac6e3c2c number=46 hash=3471e4..f82dad txs=39  withdrawals=0 gas=819,000    fees=0.001200512144  root=956ba3..469f31 elapsed=3.566ms
ERROR[12-06|21:03:23.008] error with builder processing on payload attribute latestSlot=47 processedSlot=47 headHash=0x4ad3d99ff3f68520186eef5b1ad86f52d46a581f58100c3bb2aa06a5023aa554 error="could not get validator while submitting block for slot 47 - validator not found"
INFO [12-06|21:03:23.121] Imported new potential chain segment     number=46 hash=0e577d..f98a05 blocks=1 txs=0   mgas=0.000  elapsed=3.822ms     mgasps=0.000   snapdiffs=70.61KiB triedirty=878.16KiB
INFO [12-06|21:03:23.129] Chain head was updated                   number=46 hash=0e577d..f98a05 root=eb03be..8b8d9d elapsed=2.374889ms
ERROR[12-06|21:03:23.135] Nil finalized block cannot evict old blobs
INFO [12-06|21:03:23.135] Block finalized and assembled            height=47 blockProfit=0               txs=0   bundles=0 okSbundles=0 totalSbundles=0 gasUsed=0          time="221.655µs"
INFO [12-06|21:03:23.141] Block finalized and assembled            height=47 blockProfit=0.001485374248  txs=48  bundles=0 okSbundles=0 totalSbundles=0 gasUsed=1,008,000  time=5.341771ms
INFO [12-06|21:03:23.141] Updated payload                          id=0x03cdc23b41adbb75 number=47 hash=7d3579..b31379 txs=48  withdrawals=0 gas=1,008,000  fees=0.001485374248  root=17cae3..a6fc81 elapsed=5.572ms
ERROR[12-06|21:03:23.142] error with builder processing on payload attribute latestSlot=47 processedSlot=47 headHash=0x0e577d87246a12795a48f8a16b8d5bc934e20e7b6fd5b523199235493ff98a05 error="could not get validator while submitting block for slot 47 - validator not found"
ERROR[12-06|21:03:24.920] error with builder processing on payload attribute latestSlot=47 processedSlot=47 headHash=0x0e577d87246a12795a48f8a16b8d5bc934e20e7b6fd5b523199235493ff98a05 error="could not get validator while submitting block for slot 47 - validator not found"
INFO [12-06|21:03:25.004] Block finalized and assembled            height=47 blockProfit=0               txs=0   bundles=0 okSbundles=0 totalSbundles=0 gasUsed=0          time=1.038922ms
INFO [12-06|21:03:25.013] Block finalized and assembled            height=47 blockProfit=0.003160030696  txs=101 bundles=0 okSbundles=0 totalSbundles=0 gasUsed=2,121,000  time=8.527698ms
INFO [12-06|21:03:25.013] Updated payload                          id=0x03e43fce006d51ac number=47 hash=777386..322ca1 txs=101 withdrawals=0 gas=2,121,000  fees=0.003160030696  root=0be8f8..05ec22 elapsed=8.763ms
ERROR[12-06|21:03:25.013] error with builder processing on payload attribute latestSlot=48 processedSlot=48 headHash=0x0e577d87246a12795a48f8a16b8d5bc934e20e7b6fd5b523199235493ff98a05 error="could not get validator while submitting block for slot 48 - validator not found"
INFO [12-06|21:03:25.154] Imported new potential chain segment     number=47 hash=6acbaa..d8ae80 blocks=1 txs=100 mgas=2.100  elapsed=25.196ms    mgasps=83.343  snapdiffs=75.33KiB triedirty=933.88KiB
INFO [12-06|21:03:25.165] Chain head was updated                   number=47 hash=6acbaa..d8ae80 root=fe5cf6..e2e5cb elapsed=2.594034ms
ERROR[12-06|21:03:25.177] error with builder processing on payload attribute latestSlot=48 processedSlot=48 headHash=0x6acbaa9b5dd689792f19e886f0d3310de9e8e1204279a98115a85fdfcbd8ae80 error="could not get validator while submitting block for slot 48 - validator not found"
ERROR[12-06|21:03:25.178] Nil finalized block cannot evict old blobs
INFO [12-06|21:03:25.178] Block finalized and assembled            height=48 blockProfit=0               txs=0   bundles=0 okSbundles=0 totalSbundles=0 gasUsed=0          time="482.02µs"
INFO [12-06|21:03:25.179] Block finalized and assembled            height=48 blockProfit=0               txs=0   bundles=0 okSbundles=0 totalSbundles=0 gasUsed=0          time="242.875µs"
INFO [12-06|21:03:25.179] Updated payload                          id=0x03d0dec4bf55bd82 number=48 hash=586471..850399 txs=0   withdrawals=0 gas=0          fees=0               root=be25d8..8aa95b elapsed="256.946µs"
ERROR[12-06|21:03:26.921] error with builder processing on payload attribute latestSlot=48 processedSlot=48 headHash=0x6acbaa9b5dd689792f19e886f0d3310de9e8e1204279a98115a85fdfcbd8ae80 error="could not get validator while submitting block for slot 48 - validator not found"
INFO [12-06|21:03:27.003] Block finalized and assembled            height=48 blockProfit=0               txs=0   bundles=0 okSbundles=0 totalSbundles=0 gasUsed=0          time="345.437µs"
INFO [12-06|21:03:27.004] Block finalized and assembled            height=48 blockProfit=0               txs=0   bundles=0 okSbundles=0 totalSbundles=0 gasUsed=0          time="264.156µs"
INFO [12-06|21:03:27.004] Updated payload                          id=0x03b71d210e5f96a4 number=48 hash=c7693e..3b738c txs=0   withdrawals=0 gas=0          fees=0               root=156a6c..d58613 elapsed="278.736µs"
ERROR[12-06|21:03:27.004] error with builder processing on payload attribute latestSlot=49 processedSlot=49 headHash=0x6acbaa9b5dd689792f19e886f0d3310de9e8e1204279a98115a85fdfcbd8ae80 error="could not get validator while submitting block for slot 49 - validator not found"
INFO [12-06|21:03:27.123] Imported new potential chain segment     number=48 hash=3c6335..3db385 blocks=1 txs=0   mgas=0.000  elapsed=3.213ms     mgasps=0.000   snapdiffs=75.56KiB triedirty=937.30KiB
INFO [12-06|21:03:27.131] Chain head was updated                   number=48 hash=3c6335..3db385 root=be25d8..8aa95b elapsed=2.191915ms
ERROR[12-06|21:03:27.132] Nil finalized block cannot evict old blobs
INFO [12-06|21:03:27.135] Block finalized and assembled            height=49 blockProfit=0               txs=0   bundles=0 okSbundles=0 totalSbundles=0 gasUsed=0          time="610.063µs"
INFO [12-06|21:03:27.137] Block finalized and assembled            height=49 blockProfit=0               txs=0   bundles=0 okSbundles=0 totalSbundles=0 gasUsed=0          time=1.321578ms
INFO [12-06|21:03:27.137] Updated payload                          id=0x03de67d966b312b7 number=49 hash=925bf9..daa5c7 txs=0   withdrawals=0 gas=0          fees=0               root=f4c957..f090c1 elapsed=1.594ms
ERROR[12-06|21:03:27.137] error with builder processing on payload attribute latestSlot=49 processedSlot=49 headHash=0x3c6335a85b48cf7f485413d306cabb4958522bbdcb6729104aa028ed213db385 error="could not get validator while submitting block for slot 49 - validator not found"
ERROR[12-06|21:03:28.918] error with builder processing on payload attribute latestSlot=49 processedSlot=49 headHash=0x3c6335a85b48cf7f485413d306cabb4958522bbdcb6729104aa028ed213db385 error="could not get validator while submitting block for slot 49 - validator not found"
INFO [12-06|21:03:29.003] Block finalized and assembled            height=49 blockProfit=0               txs=0   bundles=0 okSbundles=0 totalSbundles=0 gasUsed=0          time="342.317µs"
INFO [12-06|21:03:29.004] Block finalized and assembled            height=49 blockProfit=0               txs=0   bundles=0 okSbundles=0 totalSbundles=0 gasUsed=0          time="381.058µs"
INFO [12-06|21:03:29.004] Updated payload                          id=0x03e9a9413610bb59 number=49 hash=3c7092..b5d8ae txs=0   withdrawals=0 gas=0          fees=0               root=269e52..af85a5 elapsed="412.289µs"
ERROR[12-06|21:03:29.004] error with builder processing on payload attribute latestSlot=50 processedSlot=50 headHash=0x3c6335a85b48cf7f485413d306cabb4958522bbdcb6729104aa028ed213db385 error="could not get validator while submitting block for slot 50 - validator not found"
INFO [12-06|21:03:29.050] Imported new potential chain segment     number=49 hash=bb3e7b..ce014c blocks=1 txs=0   mgas=0.000  elapsed=3.159ms     mgasps=0.000   snapdiffs=75.79KiB triedirty=941.21KiB
INFO [12-06|21:03:29.055] Chain head was updated                   number=49 hash=bb3e7b..ce014c root=f4c957..f090c1 elapsed=2.020653ms
ERROR[12-06|21:03:29.057] Nil finalized block cannot evict old blobs
INFO [12-06|21:03:29.058] Block finalized and assembled            height=50 blockProfit=0               txs=0   bundles=0 okSbundles=0 totalSbundles=0 gasUsed=0          time="314.616µs"
INFO [12-06|21:03:29.058] Block finalized and assembled            height=50 blockProfit=0               txs=0   bundles=0 okSbundles=0 totalSbundles=0 gasUsed=0          time="254.625µs"
INFO [12-06|21:03:29.058] Updated payload                          id=0x03f67bcaed5394d0 number=50 hash=c2d6d1..b7d48f txs=0   withdrawals=0 gas=0          fees=0               root=c5f4a5..ca239e elapsed="274.086µs"
ERROR[12-06|21:03:29.058] error with builder processing on payload attribute latestSlot=50 processedSlot=50 headHash=0xbb3e7b8446c407c1ff248131cc4969f90410897986044986027c54e7a3ce014c error="could not get validator while submitting block for slot 50 - validator not found"
ERROR[12-06|21:03:30.920] error with builder processing on payload attribute latestSlot=50 processedSlot=50 headHash=0xbb3e7b8446c407c1ff248131cc4969f90410897986044986027c54e7a3ce014c error="could not get validator while submitting block for slot 50 - validator not found"
INFO [12-06|21:03:31.004] Block finalized and assembled            height=50 blockProfit=0               txs=0   bundles=0 okSbundles=0 totalSbundles=0 gasUsed=0          time="954.79µs"
INFO [12-06|21:03:31.006] Block finalized and assembled            height=50 blockProfit=0               txs=0   bundles=0 okSbundles=0 totalSbundles=0 gasUsed=0          time=1.349769ms
INFO [12-06|21:03:31.006] Updated payload                          id=0x0341a5142ae6aa15 number=50 hash=8e36e9..7307fb txs=0   withdrawals=0 gas=0          fees=0               root=ab8bdb..6c97f3 elapsed=1.550ms
ERROR[12-06|21:03:31.006] error with builder processing on payload attribute latestSlot=51 processedSlot=51 headHash=0xbb3e7b8446c407c1ff248131cc4969f90410897986044986027c54e7a3ce014c error="could not get validator while submitting block for slot 51 - validator not found"
INFO [12-06|21:03:31.108] Imported new potential chain segment     number=50 hash=c9ca8a..61af33 blocks=1 txs=0   mgas=0.000  elapsed=1.819ms     mgasps=0.000   snapdiffs=76.02KiB triedirty=944.63KiB
INFO [12-06|21:03:31.114] Chain head was updated                   number=50 hash=c9ca8a..61af33 root=c5f4a5..ca239e elapsed=2.568844ms
ERROR[12-06|21:03:31.116] Nil finalized block cannot evict old blobs
INFO [12-06|21:03:31.119] Block finalized and assembled            height=51 blockProfit=0               txs=0   bundles=0 okSbundles=0 totalSbundles=0 gasUsed=0          time="900.819µs"
INFO [12-06|21:03:31.120] Block finalized and assembled            height=51 blockProfit=0               txs=0   bundles=0 okSbundles=0 totalSbundles=0 gasUsed=0          time=1.088692ms
INFO [12-06|21:03:31.121] Updated payload                          id=0x0323721e59a21dfe number=51 hash=39bbe9..cff1fc txs=0   withdrawals=0 gas=0          fees=0               root=949867..bf6e69 elapsed=1.228ms
ERROR[12-06|21:03:31.121] error with builder processing on payload attribute latestSlot=51 processedSlot=51 headHash=0xc9ca8a78d54c0455da275d8b84d1f77b81a255468307b9c0b78291f09d61af33 error="could not get validator while submitting block for slot 51 - validator not found"
INFO [12-06|21:03:31.475] Looking for peers                        peercount=2 tried=37 static=0
ERROR[12-06|21:03:32.918] error with builder processing on payload attribute latestSlot=51 processedSlot=51 headHash=0xc9ca8a78d54c0455da275d8b84d1f77b81a255468307b9c0b78291f09d61af33 error="could not get validator while submitting block for slot 51 - validator not found"
INFO [12-06|21:03:33.002] Block finalized and assembled            height=51 blockProfit=0               txs=0   bundles=0 okSbundles=0 totalSbundles=0 gasUsed=0          time="246.475µs"
INFO [12-06|21:03:33.003] Block finalized and assembled            height=51 blockProfit=0               txs=0   bundles=0 okSbundles=0 totalSbundles=0 gasUsed=0          time="508.431µs"
INFO [12-06|21:03:33.003] Updated payload                          id=0x030f6c356902d1ad number=51 hash=fee477..0427ac txs=0   withdrawals=0 gas=0          fees=0               root=309485..f43da3 elapsed="572.142µs"
ERROR[12-06|21:03:33.003] error with builder processing on payload attribute latestSlot=52 processedSlot=52 headHash=0xc9ca8a78d54c0455da275d8b84d1f77b81a255468307b9c0b78291f09d61af33 error="could not get validator while submitting block for slot 52 - validator not found"
INFO [12-06|21:03:33.048] Imported new potential chain segment     number=51 hash=8419d6..8e7eb5 blocks=1 txs=0   mgas=0.000  elapsed=3.995ms     mgasps=0.000   snapdiffs=76.25KiB triedirty=948.12KiB
INFO [12-06|21:03:33.055] Chain head was updated                   number=51 hash=8419d6..8e7eb5 root=949867..bf6e69 elapsed=2.013952ms
ERROR[12-06|21:03:33.056] Nil finalized block cannot evict old blobs
INFO [12-06|21:03:33.058] Block finalized and assembled            height=52 blockProfit=0               txs=0   bundles=0 okSbundles=0 totalSbundles=0 gasUsed=0          time="533.181µs"
INFO [12-06|21:03:33.059] Block finalized and assembled            height=52 blockProfit=0               txs=0   bundles=0 okSbundles=0 totalSbundles=0 gasUsed=0          time="918.259µs"
INFO [12-06|21:03:33.060] Updated payload                          id=0x0366a5396bf82b8c number=52 hash=c48ca7..00bc74 txs=0   withdrawals=0 gas=0          fees=0               root=e593ce..156b30 elapsed=1.110ms
ERROR[12-06|21:03:33.060] error with builder processing on payload attribute latestSlot=52 processedSlot=52 headHash=0x8419d68d6e58ea64d5cd9f3540db6bb05106a5966a7e8c2bd78168e9bb8e7eb5 error="could not get validator while submitting block for slot 52 - validator not found"
ERROR[12-06|21:03:34.921] error with builder processing on payload attribute latestSlot=52 processedSlot=52 headHash=0x8419d68d6e58ea64d5cd9f3540db6bb05106a5966a7e8c2bd78168e9bb8e7eb5 error="could not get validator while submitting block for slot 52 - validator not found"
INFO [12-06|21:03:35.004] Block finalized and assembled            height=52 blockProfit=0               txs=0   bundles=0 okSbundles=0 totalSbundles=0 gasUsed=0          time="398.368µs"
INFO [12-06|21:03:35.014] Block finalized and assembled            height=52 blockProfit=0.001706264198  txs=55  bundles=0 okSbundles=0 totalSbundles=0 gasUsed=1,155,000  time=9.604261ms
INFO [12-06|21:03:35.018] Updated payload                          id=0x033d6103718aab8e number=52 hash=031e53..357113 txs=55  withdrawals=0 gas=1,155,000  fees=0.001706264198  root=754aac..3716ef elapsed=13.821ms
ERROR[12-06|21:03:35.020] error with builder processing on payload attribute latestSlot=53 processedSlot=53 headHash=0x8419d68d6e58ea64d5cd9f3540db6bb05106a5966a7e8c2bd78168e9bb8e7eb5 error="could not get validator while submitting block for slot 53 - validator not found"
INFO [12-06|21:03:35.113] Imported new potential chain segment     number=52 hash=5765fe..0d4d2a blocks=1 txs=12  mgas=0.252  elapsed=3.767ms     mgasps=66.883  snapdiffs=77.11KiB triedirty=963.94KiB
INFO [12-06|21:03:35.116] Chain head was updated                   number=52 hash=5765fe..0d4d2a root=1a499f..340f43 elapsed=1.545142ms
INFO [12-06|21:03:35.119] Block finalized and assembled            height=53 blockProfit=0               txs=0   bundles=0 okSbundles=0 totalSbundles=0 gasUsed=0          time="201.695µs"
ERROR[12-06|21:03:35.120] Nil finalized block cannot evict old blobs
INFO [12-06|21:03:35.123] Block finalized and assembled            height=53 blockProfit=0.001548516083  txs=50  bundles=0 okSbundles=0 totalSbundles=0 gasUsed=1,050,000  time=3.374521ms
INFO [12-06|21:03:35.123] Updated payload                          id=0x03ae1b1b92a5374b number=53 hash=9ea1a4..f2c3f7 txs=50  withdrawals=0 gas=1,050,000  fees=0.001548516083  root=9ee852..744c1f elapsed=3.398ms
ERROR[12-06|21:03:35.123] error with builder processing on payload attribute latestSlot=53 processedSlot=53 headHash=0x5765feba3f41e1c30383899bb5b8e1ed8d080f60d21331dd378625b32a0d4d2a error="could not get validator while submitting block for slot 53 - validator not found"
ERROR[12-06|21:03:36.918] error with builder processing on payload attribute latestSlot=53 processedSlot=53 headHash=0x5765feba3f41e1c30383899bb5b8e1ed8d080f60d21331dd378625b32a0d4d2a error="could not get validator while submitting block for slot 53 - validator not found"
INFO [12-06|21:03:37.003] Block finalized and assembled            height=53 blockProfit=0               txs=0   bundles=0 okSbundles=0 totalSbundles=0 gasUsed=0          time="501.411µs"
INFO [12-06|21:03:37.011] Block finalized and assembled            height=53 blockProfit=0.002780815324  txs=89  bundles=0 okSbundles=0 totalSbundles=0 gasUsed=1,869,000  time=6.844353ms
INFO [12-06|21:03:37.011] Updated payload                          id=0x031b4e96ae461f8e number=53 hash=f6276b..a3362f txs=89  withdrawals=0 gas=1,869,000  fees=0.002780815324  root=f7b5f4..1bee4a elapsed=6.895ms
ERROR[12-06|21:03:37.011] error with builder processing on payload attribute latestSlot=54 processedSlot=54 headHash=0x5765feba3f41e1c30383899bb5b8e1ed8d080f60d21331dd378625b32a0d4d2a error="could not get validator while submitting block for slot 54 - validator not found"
INFO [12-06|21:03:37.155] Imported new potential chain segment     number=53 hash=2c51bb..d999f4 blocks=1 txs=88  mgas=1.848  elapsed=23.754ms    mgasps=77.795  snapdiffs=81.31KiB triedirty=1016.27KiB
INFO [12-06|21:03:37.163] Chain head was updated                   number=53 hash=2c51bb..d999f4 root=84fb1d..b55497 elapsed=2.684717ms
INFO [12-06|21:03:37.169] Block finalized and assembled            height=54 blockProfit=0               txs=0   bundles=0 okSbundles=0 totalSbundles=0 gasUsed=0          time=1.272117ms
ERROR[12-06|21:03:37.174] error with builder processing on payload attribute latestSlot=54 processedSlot=54 headHash=0x2c51bb7b92a8fc4bc5a731d5de04acf6239e8ba47b6d2bfb5a330bff26d999f4 error="could not get validator while submitting block for slot 54 - validator not found"
ERROR[12-06|21:03:37.178] Nil finalized block cannot evict old blobs
INFO [12-06|21:03:37.178] Block finalized and assembled            height=54 blockProfit=0               txs=0   bundles=0 okSbundles=0 totalSbundles=0 gasUsed=0          time=8.854006ms
INFO [12-06|21:03:37.178] Updated payload                          id=0x0371da12af6f3a76 number=54 hash=563e4d..c9e56a txs=0   withdrawals=0 gas=0          fees=0               root=532a3c..ce3f02 elapsed=8.903ms
ERROR[12-06|21:03:38.918] error with builder processing on payload attribute latestSlot=54 processedSlot=54 headHash=0x2c51bb7b92a8fc4bc5a731d5de04acf6239e8ba47b6d2bfb5a330bff26d999f4 error="could not get validator while submitting block for slot 54 - validator not found"
INFO [12-06|21:03:39.002] Block finalized and assembled            height=54 blockProfit=0               txs=0   bundles=0 okSbundles=0 totalSbundles=0 gasUsed=0          time="309.077µs"
INFO [12-06|21:03:39.010] Block finalized and assembled            height=54 blockProfit=0.008650706169  txs=137 bundles=0 okSbundles=0 totalSbundles=0 gasUsed=5,770,781  time=8.242483ms
INFO [12-06|21:03:39.011] Updated payload                          id=0x035232d47d1cdccb number=54 hash=b17581..d160ad txs=137 withdrawals=0 gas=5,770,781  fees=0.008650706169  root=0456e5..bbbfaa elapsed=8.930ms
ERROR[12-06|21:03:39.012] error with builder processing on payload attribute latestSlot=55 processedSlot=55 headHash=0x2c51bb7b92a8fc4bc5a731d5de04acf6239e8ba47b6d2bfb5a330bff26d999f4 error="could not get validator while submitting block for slot 55 - validator not found"
INFO [12-06|21:03:39.133] Imported new potential chain segment     number=54 hash=0f0b80..0318e5 blocks=1 txs=71  mgas=3.290  elapsed=12.559ms    mgasps=261.984 snapdiffs=85.44KiB triedirty=1.05MiB
INFO [12-06|21:03:39.145] Chain head was updated                   number=54 hash=0f0b80..0318e5 root=026b8e..920d5c elapsed=9.009497ms
ERROR[12-06|21:03:39.156] Nil finalized block cannot evict old blobs
INFO [12-06|21:03:39.156] Block finalized and assembled            height=55 blockProfit=0               txs=0   bundles=0 okSbundles=0 totalSbundles=0 gasUsed=0          time="174.943µs"
INFO [12-06|21:03:39.159] Block finalized and assembled            height=55 blockProfit=0.004048156559  txs=77  bundles=0 okSbundles=0 totalSbundles=0 gasUsed=2,711,411  time=2.686677ms
INFO [12-06|21:03:39.159] Updated payload                          id=0x036b830b3eef4c7b number=55 hash=acb164..dbc75a txs=77  withdrawals=0 gas=2,711,411  fees=0.004048156559  root=5da01d..7d80f3 elapsed=2.703ms
ERROR[12-06|21:03:39.159] error with builder processing on payload attribute latestSlot=55 processedSlot=55 headHash=0x0f0b80020d8c577fdfa26e61c2956e69b9261e72e0baf32a9f793aa4dd0318e5 error="could not get validator while submitting block for slot 55 - validator not found"
ERROR[12-06|21:03:40.918] error with builder processing on payload attribute latestSlot=55 processedSlot=55 headHash=0x0f0b80020d8c577fdfa26e61c2956e69b9261e72e0baf32a9f793aa4dd0318e5 error="could not get validator while submitting block for slot 55 - validator not found"
INFO [12-06|21:03:41.002] Block finalized and assembled            height=55 blockProfit=0               txs=0   bundles=0 okSbundles=0 totalSbundles=0 gasUsed=0          time="377.548µs"
INFO [12-06|21:03:41.011] Block finalized and assembled            height=55 blockProfit=0.005785907296  txs=132 bundles=0 okSbundles=0 totalSbundles=0 gasUsed=3,866,411  time=9.197422ms
INFO [12-06|21:03:41.011] Updated payload                          id=0x03758101ebe7343a number=55 hash=856e0b..010062 txs=132 withdrawals=0 gas=3,866,411  fees=0.005785907296  root=38aa0d..dd8955 elapsed=9.235ms
ERROR[12-06|21:03:41.011] error with builder processing on payload attribute latestSlot=56 processedSlot=56 headHash=0x0f0b80020d8c577fdfa26e61c2956e69b9261e72e0baf32a9f793aa4dd0318e5 error="could not get validator while submitting block for slot 56 - validator not found"
INFO [12-06|21:03:41.066] Imported new potential chain segment     number=55 hash=07824c..7482c1 blocks=1 txs=131 mgas=3.845  elapsed=15.768ms    mgasps=243.861 snapdiffs=90.63KiB triedirty=1.11MiB
INFO [12-06|21:03:41.076] Chain head was updated                   number=55 hash=07824c..7482c1 root=3fc7ca..63c621 elapsed=4.28059ms
ERROR[12-06|21:03:41.088] Nil finalized block cannot evict old blobs
ERROR[12-06|21:03:41.088] error with builder processing on payload attribute latestSlot=56 processedSlot=56 headHash=0x07824c5c1b911205c7db037ad07061fb6748c30d5f7518e55ec1a996417482c1 error="could not get validator while submitting block for slot 56 - validator not found"
INFO [12-06|21:03:41.089] Block finalized and assembled            height=56 blockProfit=0               txs=0   bundles=0 okSbundles=0 totalSbundles=0 gasUsed=0          time="196.414µs"
INFO [12-06|21:03:41.089] Block finalized and assembled            height=56 blockProfit=0               txs=0   bundles=0 okSbundles=0 totalSbundles=0 gasUsed=0          time="222.655µs"
INFO [12-06|21:03:41.089] Updated payload                          id=0x032e09d46e5c87bb number=56 hash=09906b..dd423b txs=0   withdrawals=0 gas=0          fees=0               root=b0a892..3977ab elapsed="238.885µs"
INFO [12-06|21:03:41.566] Looking for peers                        peercount=2 tried=42 static=0
ERROR[12-06|21:03:42.918] error with builder processing on payload attribute latestSlot=56 processedSlot=56 headHash=0x07824c5c1b911205c7db037ad07061fb6748c30d5f7518e55ec1a996417482c1 error="could not get validator while submitting block for slot 56 - validator not found"
INFO [12-06|21:03:43.002] Block finalized and assembled            height=56 blockProfit=0               txs=0   bundles=0 okSbundles=0 totalSbundles=0 gasUsed=0          time="304.216µs"
INFO [12-06|21:03:43.002] Block finalized and assembled            height=56 blockProfit=0               txs=0   bundles=0 okSbundles=0 totalSbundles=0 gasUsed=0          time="370.658µs"
INFO [12-06|21:03:43.002] Updated payload                          id=0x03bec198bc3a376c number=56 hash=45c84a..2f1079 txs=0   withdrawals=0 gas=0          fees=0               root=b85727..faeabc elapsed="406.659µs"
ERROR[12-06|21:03:43.002] error with builder processing on payload attribute latestSlot=57 processedSlot=57 headHash=0x07824c5c1b911205c7db037ad07061fb6748c30d5f7518e55ec1a996417482c1 error="could not get validator while submitting block for slot 57 - validator not found"
INFO [12-06|21:03:43.042] Imported new potential chain segment     number=56 hash=90ad92..06b005 blocks=1 txs=0   mgas=0.000  elapsed=2.533ms     mgasps=0.000   snapdiffs=90.86KiB triedirty=1.12MiB
INFO [12-06|21:03:43.046] Chain head was updated                   number=56 hash=90ad92..06b005 root=b0a892..3977ab elapsed=2.200476ms
ERROR[12-06|21:03:43.046] Nil finalized block cannot evict old blobs
INFO [12-06|21:03:43.046] Block finalized and assembled            height=57 blockProfit=0               txs=0   bundles=0 okSbundles=0 totalSbundles=0 gasUsed=0          time="207.915µs"
INFO [12-06|21:03:43.047] Block finalized and assembled            height=57 blockProfit=0               txs=0   bundles=0 okSbundles=0 totalSbundles=0 gasUsed=0          time="174.654µs"
INFO [12-06|21:03:43.047] Updated payload                          id=0x03726b04ff9c0354 number=57 hash=dcec67..3a1e88 txs=0   withdrawals=0 gas=0          fees=0               root=0e8d5a..d99ff6 elapsed="189.574µs"
ERROR[12-06|21:03:43.047] error with builder processing on payload attribute latestSlot=57 processedSlot=57 headHash=0x90ad9275269598e1ec8d93a9eb586321d04e87eefef44c1947c9b38af306b005 error="could not get validator while submitting block for slot 57 - validator not found"
ERROR[12-06|21:03:44.918] error with builder processing on payload attribute latestSlot=57 processedSlot=57 headHash=0x90ad9275269598e1ec8d93a9eb586321d04e87eefef44c1947c9b38af306b005 error="could not get validator while submitting block for slot 57 - validator not found"
INFO [12-06|21:03:45.002] Block finalized and assembled            height=57 blockProfit=0               txs=0   bundles=0 okSbundles=0 totalSbundles=0 gasUsed=0          time="326.036µs"
INFO [12-06|21:03:45.002] Block finalized and assembled            height=57 blockProfit=0               txs=0   bundles=0 okSbundles=0 totalSbundles=0 gasUsed=0          time="182.294µs"
INFO [12-06|21:03:45.002] Updated payload                          id=0x033820bfdcff71b3 number=57 hash=0597f2..c1f9b2 txs=0   withdrawals=0 gas=0          fees=0               root=7aa35d..b9b513 elapsed="196.124µs"
ERROR[12-06|21:03:45.002] error with builder processing on payload attribute latestSlot=58 processedSlot=58 headHash=0x90ad9275269598e1ec8d93a9eb586321d04e87eefef44c1947c9b38af306b005 error="could not get validator while submitting block for slot 58 - validator not found"
INFO [12-06|21:03:45.038] Imported new potential chain segment     number=57 hash=79de4d..949b21 blocks=1 txs=0   mgas=0.000  elapsed=2.098ms     mgasps=0.000   snapdiffs=91.09KiB triedirty=1.12MiB
INFO [12-06|21:03:45.042] Chain head was updated                   number=57 hash=79de4d..949b21 root=0e8d5a..d99ff6 elapsed=1.90123ms
ERROR[12-06|21:03:45.043] Nil finalized block cannot evict old blobs
INFO [12-06|21:03:45.043] Block finalized and assembled            height=58 blockProfit=0               txs=0   bundles=0 okSbundles=0 totalSbundles=0 gasUsed=0          time="264.386µs"
INFO [12-06|21:03:45.044] Block finalized and assembled            height=58 blockProfit=0               txs=0   bundles=0 okSbundles=0 totalSbundles=0 gasUsed=0          time="299.936µs"
INFO [12-06|21:03:45.044] Updated payload                          id=0x037df96247097553 number=58 hash=135514..c0752e txs=0   withdrawals=0 gas=0          fees=0               root=c60558..57aed4 elapsed="328.787µs"
ERROR[12-06|21:03:45.044] error with builder processing on payload attribute latestSlot=58 processedSlot=58 headHash=0x79de4dae211d2b1594b7ce43bd41dfda753f4b6d96452fb6c6b2aea8c5949b21 error="could not get validator while submitting block for slot 58 - validator not found"
ERROR[12-06|21:03:46.918] error with builder processing on payload attribute latestSlot=58 processedSlot=58 headHash=0x79de4dae211d2b1594b7ce43bd41dfda753f4b6d96452fb6c6b2aea8c5949b21 error="could not get validator while submitting block for slot 58 - validator not found"
INFO [12-06|21:03:47.002] Block finalized and assembled            height=58 blockProfit=0               txs=0   bundles=0 okSbundles=0 totalSbundles=0 gasUsed=0          time="357.138µs"
INFO [12-06|21:03:47.002] Block finalized and assembled            height=58 blockProfit=0               txs=0   bundles=0 okSbundles=0 totalSbundles=0 gasUsed=0          time="266.746µs"
INFO [12-06|21:03:47.002] Updated payload                          id=0x032842de46a723b7 number=58 hash=cbb66a..d18788 txs=0   withdrawals=0 gas=0          fees=0               root=167546..fa996e elapsed="289.156µs"
ERROR[12-06|21:03:47.002] error with builder processing on payload attribute latestSlot=59 processedSlot=59 headHash=0x79de4dae211d2b1594b7ce43bd41dfda753f4b6d96452fb6c6b2aea8c5949b21 error="could not get validator while submitting block for slot 59 - validator not found"
INFO [12-06|21:03:47.033] Imported new potential chain segment     number=58 hash=4b81ef..a315a3 blocks=1 txs=0   mgas=0.000  elapsed=1.878ms     mgasps=0.000   snapdiffs=91.32KiB triedirty=1.12MiB
INFO [12-06|21:03:47.036] Chain head was updated                   number=58 hash=4b81ef..a315a3 root=c60558..57aed4 elapsed=1.329667ms
ERROR[12-06|21:03:47.037] Nil finalized block cannot evict old blobs
ERROR[12-06|21:03:47.037] error with builder processing on payload attribute latestSlot=59 processedSlot=59 headHash=0x4b81ef8e022ee53a9c7a5a83bece35e770a20860925eeaddda6769c2efa315a3 error="could not get validator while submitting block for slot 59 - validator not found"
INFO [12-06|21:03:47.038] Block finalized and assembled            height=59 blockProfit=0               txs=0   bundles=0 okSbundles=0 totalSbundles=0 gasUsed=0          time="230.505µs"
INFO [12-06|21:03:47.038] Block finalized and assembled            height=59 blockProfit=0               txs=0   bundles=0 okSbundles=0 totalSbundles=0 gasUsed=0          time="317.567µs"
INFO [12-06|21:03:47.038] Updated payload                          id=0x03b9a2f2cb811db6 number=59 hash=74d007..92adfb txs=0   withdrawals=0 gas=0          fees=0               root=a6ee5a..08e94c elapsed="348.387µs"
ERROR[12-06|21:03:48.918] error with builder processing on payload attribute latestSlot=59 processedSlot=59 headHash=0x4b81ef8e022ee53a9c7a5a83bece35e770a20860925eeaddda6769c2efa315a3 error="could not get validator while submitting block for slot 59 - validator not found"
INFO [12-06|21:03:49.002] Block finalized and assembled            height=59 blockProfit=0               txs=0   bundles=0 okSbundles=0 totalSbundles=0 gasUsed=0          time="261.686µs"
INFO [12-06|21:03:49.002] Block finalized and assembled            height=59 blockProfit=0               txs=0   bundles=0 okSbundles=0 totalSbundles=0 gasUsed=0          time="269.746µs"
INFO [12-06|21:03:49.002] Updated payload                          id=0x03e65969a7087587 number=59 hash=2173e6..b7941d txs=0   withdrawals=0 gas=0          fees=0               root=173ed6..81b659 elapsed="288.666µs"
ERROR[12-06|21:03:49.002] error with builder processing on payload attribute latestSlot=60 processedSlot=60 headHash=0x4b81ef8e022ee53a9c7a5a83bece35e770a20860925eeaddda6769c2efa315a3 error="could not get validator while submitting block for slot 60 - validator not found"
INFO [12-06|21:03:49.037] Imported new potential chain segment     number=59 hash=fb9b10..440b52 blocks=1 txs=0   mgas=0.000  elapsed=1.764ms     mgasps=0.000   snapdiffs=91.55KiB triedirty=1.13MiB
INFO [12-06|21:03:49.040] Chain head was updated                   number=59 hash=fb9b10..440b52 root=a6ee5a..08e94c elapsed=1.328548ms
ERROR[12-06|21:03:49.040] Nil finalized block cannot evict old blobs
INFO [12-06|21:03:49.041] Block finalized and assembled            height=60 blockProfit=0               txs=0   bundles=0 okSbundles=0 totalSbundles=0 gasUsed=0          time="170.663µs"
INFO [12-06|21:03:49.041] Block finalized and assembled            height=60 blockProfit=0               txs=0   bundles=0 okSbundles=0 totalSbundles=0 gasUsed=0          time="207.285µs"
INFO [12-06|21:03:49.041] Updated payload                          id=0x0337afb492e07289 number=60 hash=f458be..872fd9 txs=0   withdrawals=0 gas=0          fees=0               root=f447e9..789ef3 elapsed="224.115µs"
ERROR[12-06|21:03:49.041] error with builder processing on payload attribute latestSlot=60 processedSlot=60 headHash=0xfb9b10c21cdb8b2bb7a491f40c3e7b3340b783562affe133ca3c8b53e9440b52 error="could not get validator while submitting block for slot 60 - validator not found"
ERROR[12-06|21:03:50.918] error with builder processing on payload attribute latestSlot=60 processedSlot=60 headHash=0xfb9b10c21cdb8b2bb7a491f40c3e7b3340b783562affe133ca3c8b53e9440b52 error="could not get validator while submitting block for slot 60 - validator not found"
INFO [12-06|21:03:51.002] Block finalized and assembled            height=60 blockProfit=0               txs=0   bundles=0 okSbundles=0 totalSbundles=0 gasUsed=0          time="342.547µs"
INFO [12-06|21:03:51.003] Block finalized and assembled            height=60 blockProfit=0               txs=0   bundles=0 okSbundles=0 totalSbundles=0 gasUsed=0          time="327.647µs"
INFO [12-06|21:03:51.003] Updated payload                          id=0x035135c725c16971 number=60 hash=399f34..3c3cd0 txs=0   withdrawals=0 gas=0          fees=0               root=f7f4e9..c6c2d9 elapsed="355.378µs"
ERROR[12-06|21:03:51.003] error with builder processing on payload attribute latestSlot=61 processedSlot=61 headHash=0xfb9b10c21cdb8b2bb7a491f40c3e7b3340b783562affe133ca3c8b53e9440b52 error="could not get validator while submitting block for slot 61 - validator not found"
INFO [12-06|21:03:51.038] Imported new potential chain segment     number=60 hash=db1bb9..338e70 blocks=1 txs=0   mgas=0.000  elapsed=1.910ms     mgasps=0.000   snapdiffs=91.78KiB triedirty=1.13MiB
INFO [12-06|21:03:51.041] Chain head was updated                   number=60 hash=db1bb9..338e70 root=f447e9..789ef3 elapsed=1.504941ms
ERROR[12-06|21:03:51.041] Nil finalized block cannot evict old blobs
INFO [12-06|21:03:51.042] Block finalized and assembled            height=61 blockProfit=0               txs=0   bundles=0 okSbundles=0 totalSbundles=0 gasUsed=0          time="170.694µs"
INFO [12-06|21:03:51.042] Block finalized and assembled            height=61 blockProfit=0               txs=0   bundles=0 okSbundles=0 totalSbundles=0 gasUsed=0          time="190.514µs"
INFO [12-06|21:03:51.042] Updated payload                          id=0x031f67aaa15b97be number=61 hash=734616..b981f5 txs=0   withdrawals=0 gas=0          fees=0               root=8de41e..173c10 elapsed="207.935µs"
ERROR[12-06|21:03:51.042] error with builder processing on payload attribute latestSlot=61 processedSlot=61 headHash=0xdb1bb9e913d72107feef6be2917d87d4c04f04350bc09081d2564d8ccf338e70 error="could not get validator while submitting block for slot 61 - validator not found"
INFO [12-06|21:03:51.595] Looking for peers                        peercount=2 tried=41 static=0
ERROR[12-06|21:03:52.920] error with builder processing on payload attribute latestSlot=61 processedSlot=61 headHash=0xdb1bb9e913d72107feef6be2917d87d4c04f04350bc09081d2564d8ccf338e70 error="could not get validator while submitting block for slot 61 - validator not found"
ERROR[12-06|21:03:53.002] error with builder processing on payload attribute latestSlot=62 processedSlot=62 headHash=0xdb1bb9e913d72107feef6be2917d87d4c04f04350bc09081d2564d8ccf338e70 error="could not get validator while submitting block for slot 62 - validator not found"
INFO [12-06|21:03:53.003] Block finalized and assembled            height=61 blockProfit=0               txs=0   bundles=0 okSbundles=0 totalSbundles=0 gasUsed=0          time="585.812µs"
INFO [12-06|21:03:53.004] Block finalized and assembled            height=61 blockProfit=0               txs=0   bundles=0 okSbundles=0 totalSbundles=0 gasUsed=0          time="624.003µs"
INFO [12-06|21:03:53.005] Updated payload                          id=0x03ed00bde608a97b number=61 hash=7f23c2..c9a063 txs=0   withdrawals=0 gas=0          fees=0               root=e48783..a9792d elapsed="682.115µs"
INFO [12-06|21:03:53.117] Imported new potential chain segment     number=61 hash=47f3b4..96802b blocks=1 txs=0   mgas=0.000  elapsed=3.418ms     mgasps=0.000   snapdiffs=92.01KiB triedirty=1.13MiB
INFO [12-06|21:03:53.124] Chain head was updated                   number=61 hash=47f3b4..96802b root=8de41e..173c10 elapsed=2.36576ms
ERROR[12-06|21:03:53.126] Nil finalized block cannot evict old blobs
INFO [12-06|21:03:53.127] Block finalized and assembled            height=62 blockProfit=0               txs=0   bundles=0 okSbundles=0 totalSbundles=0 gasUsed=0          time="425.039µs"
INFO [12-06|21:03:53.128] Block finalized and assembled            height=62 blockProfit=0               txs=0   bundles=0 okSbundles=0 totalSbundles=0 gasUsed=0          time="571.082µs"
INFO [12-06|21:03:53.128] Updated payload                          id=0x0345fb647b806b02 number=62 hash=7dce68..1030a6 txs=0   withdrawals=0 gas=0          fees=0               root=195503..cdc90e elapsed="639.973µs"
ERROR[12-06|21:03:53.129] error with builder processing on payload attribute latestSlot=62 processedSlot=62 headHash=0x47f3b4df9b4db0bd90a2e31ea904cae67803cde60fc314e7f95d3714b596802b error="could not get validator while submitting block for slot 62 - validator not found"
ERROR[12-06|21:03:54.918] error with builder processing on payload attribute latestSlot=62 processedSlot=62 headHash=0x47f3b4df9b4db0bd90a2e31ea904cae67803cde60fc314e7f95d3714b596802b error="could not get validator while submitting block for slot 62 - validator not found"
INFO [12-06|21:03:55.004] Block finalized and assembled            height=62 blockProfit=0               txs=0   bundles=0 okSbundles=0 totalSbundles=0 gasUsed=0          time="910.109µs"
INFO [12-06|21:03:55.016] Block finalized and assembled            height=62 blockProfit=0.00429679977   txs=137 bundles=0 okSbundles=0 totalSbundles=0 gasUsed=2,877,000  time=12.094751ms
INFO [12-06|21:03:55.016] Updated payload                          id=0x036deb7ecd3cd29f number=62 hash=d92d6c..fde43b txs=137 withdrawals=0 gas=2,877,000  fees=0.00429679977   root=03b32a..9f1d2c elapsed=12.211ms
ERROR[12-06|21:03:55.016] error with builder processing on payload attribute latestSlot=63 processedSlot=63 headHash=0x47f3b4df9b4db0bd90a2e31ea904cae67803cde60fc314e7f95d3714b596802b error="could not get validator while submitting block for slot 63 - validator not found"
INFO [12-06|21:03:55.140] Imported new potential chain segment     number=62 hash=ce4fc6..ebd564 blocks=1 txs=52  mgas=1.092  elapsed=15.310ms    mgasps=71.324  snapdiffs=94.59KiB triedirty=1.17MiB
INFO [12-06|21:03:55.148] Chain head was updated                   number=62 hash=ce4fc6..ebd564 root=058bbe..3b8cd6 elapsed=3.835939ms
ERROR[12-06|21:03:55.159] Nil finalized block cannot evict old blobs
ERROR[12-06|21:03:55.160] error with builder processing on payload attribute latestSlot=63 processedSlot=63 headHash=0xce4fc6be9451a86e645b53086cbae41e38dd02578e41abc4317c6553faebd564 error="could not get validator while submitting block for slot 63 - validator not found"
INFO [12-06|21:03:55.161] Block finalized and assembled            height=63 blockProfit=0               txs=0   bundles=0 okSbundles=0 totalSbundles=0 gasUsed=0          time="674.074µs"
INFO [12-06|21:03:55.168] Block finalized and assembled            height=63 blockProfit=0.003159538582  txs=101 bundles=0 okSbundles=0 totalSbundles=0 gasUsed=2,121,000  time=6.304462ms
INFO [12-06|21:03:55.168] Updated payload                          id=0x035b28a4ec2c6dbd number=63 hash=80e950..5aa302 txs=101 withdrawals=0 gas=2,121,000  fees=0.003159538582  root=24f5eb..755b2b elapsed=6.395ms
ERROR[12-06|21:03:56.919] error with builder processing on payload attribute latestSlot=63 processedSlot=63 headHash=0xce4fc6be9451a86e645b53086cbae41e38dd02578e41abc4317c6553faebd564 error="could not get validator while submitting block for slot 63 - validator not found"
INFO [12-06|21:03:57.007] Block finalized and assembled            height=63 blockProfit=0               txs=0   bundles=0 okSbundles=0 totalSbundles=0 gasUsed=0          time="820.127µs"
INFO [12-06|21:03:57.017] Block finalized and assembled            height=63 blockProfit=0.00467604467   txs=149 bundles=0 okSbundles=0 totalSbundles=0 gasUsed=3,129,000  time=9.348585ms
INFO [12-06|21:03:57.017] Updated payload                          id=0x03e8df7b4b6dcba5 number=63 hash=f7df4f..5987d8 txs=149 withdrawals=0 gas=3,129,000  fees=0.00467604467   root=5adc79..411343 elapsed=9.438ms
ERROR[12-06|21:03:57.017] error with builder processing on payload attribute latestSlot=64 processedSlot=64 headHash=0xce4fc6be9451a86e645b53086cbae41e38dd02578e41abc4317c6553faebd564 error="could not get validator while submitting block for slot 64 - validator not found"
INFO [12-06|21:03:57.017] requesting                               currentSlot=64
INFO [12-06|21:03:57.024] Updated validators                       count=64 slot=64
INFO [12-06|21:03:57.181] Imported new potential chain segment     number=63 hash=5bfa9c..de0d75 blocks=1 txs=148 mgas=3.108  elapsed=56.645ms    mgasps=54.867  snapdiffs=99.27KiB triedirty=1.23MiB
INFO [12-06|21:03:57.194] Chain head was updated                   number=63 hash=5bfa9c..de0d75 root=c9f6d8..a63c9f elapsed=4.863431ms
INFO [12-06|21:03:57.201] Block finalized and assembled            height=64 blockProfit=0               txs=0   bundles=0 okSbundles=0 totalSbundles=0 gasUsed=0          time=1.313558ms
ERROR[12-06|21:03:57.218] Nil finalized block cannot evict old blobs
INFO [12-06|21:03:57.219] Block finalized and assembled            height=64 blockProfit=0               txs=0   bundles=0 okSbundles=0 totalSbundles=0 gasUsed=0          time=17.479616ms
INFO [12-06|21:03:57.219] Updated payload                          id=0x0396a168ea283201 number=64 hash=5fce28..e909b8 txs=0   withdrawals=0 gas=0          fees=0               root=59de31..9db0f4 elapsed=17.644ms
INFO [12-06|21:03:57.707] Block finalized and assembled            height=64 blockProfit=0               txs=0   bundles=0 okSbundles=0 totalSbundles=0 gasUsed=0          time="985.8µs"
INFO [12-06|21:03:57.710] Block finalized and assembled            height=64 blockProfit=0.0009101933509 txs=15  bundles=0 okSbundles=0 totalSbundles=0 gasUsed=625,980    time=3.403191ms
INFO [12-06|21:03:57.711] Updated payload                          id=0x008ec89d310fddbc number=64 hash=1cd05c..b6a643 txs=15  withdrawals=0 gas=625,980    fees=0.0009101933509 root=942877..2f2b79 elapsed=3.492ms
INFO [12-06|21:03:57.712] submitting block to remote relay         endpoint=http://mev-relay-api:9062
INFO [12-06|21:03:57.713] successfully relayed block data to consumer
INFO [12-06|21:03:57.722] json-rpc validation v3 called!
INFO [12-06|21:03:57.722] blobs bundle                             blobs=0 commits=0 proofs=0
INFO [12-06|21:03:57.723] validateBlock method called!
INFO [12-06|21:03:57.725] validated block                          hash=1cd05c..b6a643 number=64 parentHash=5bfa9c..de0d75
INFO [12-06|21:03:57.726] validated blobs bundle                   blobs=0 commits=0 proofs=0
INFO [12-06|21:03:57.734] submitted block                          version=deneb slot=64 value=910193350859400 parent=0x5bfa9c9e0a150e261eb201cbea17ea1a3df7d72f359496a7f847fd802cde0d75 hash=1cd05c..b6a643 #commitedBundles=0
INFO [12-06|21:03:58.206] Block finalized and assembled            height=64 blockProfit=0               txs=0   bundles=0 okSbundles=0 totalSbundles=0 gasUsed=0          time="733.036µs"
INFO [12-06|21:03:58.213] Block finalized and assembled            height=64 blockProfit=0.004340340096  txs=61  bundles=0 okSbundles=0 totalSbundles=0 gasUsed=2,905,908  time=6.73147ms
INFO [12-06|21:03:58.213] Updated payload                          id=0x008ec89d310fddbc number=64 hash=cef838..b0265b txs=61  withdrawals=0 gas=2,905,908  fees=0.004340340096  root=cec560..5f22c6 elapsed=6.868ms
INFO [12-06|21:03:58.214] submitting block to remote relay         endpoint=http://mev-relay-api:9062
INFO [12-06|21:03:58.215] successfully relayed block data to consumer
INFO [12-06|21:03:58.224] json-rpc validation v3 called!
INFO [12-06|21:03:58.224] blobs bundle                             blobs=0 commits=0 proofs=0
INFO [12-06|21:03:58.224] validateBlock method called!
INFO [12-06|21:03:58.233] validated block                          hash=cef838..b0265b number=64 parentHash=5bfa9c..de0d75
INFO [12-06|21:03:58.233] validated blobs bundle                   blobs=0 commits=0 proofs=0
INFO [12-06|21:03:58.246] submitted block                          version=deneb slot=64 value=4340340096184935 parent=0x5bfa9c9e0a150e261eb201cbea17ea1a3df7d72f359496a7f847fd802cde0d75 hash=cef838..b0265b #commitedBundles=0
INFO [12-06|21:03:58.706] Block finalized and assembled            height=64 blockProfit=0               txs=0   bundles=0 okSbundles=0 totalSbundles=0 gasUsed=0          time="268.646µs"
INFO [12-06|21:03:58.709] Block finalized and assembled            height=64 blockProfit=0.006367000657  txs=88  bundles=0 okSbundles=0 totalSbundles=0 gasUsed=4,252,975  time=3.439231ms
INFO [12-06|21:03:58.709] Updated payload                          id=0x008ec89d310fddbc number=64 hash=fdf1c1..772a39 txs=88  withdrawals=0 gas=4,252,975  fees=0.006367000657  root=ca6024..adc647 elapsed=3.456ms
INFO [12-06|21:03:58.710] submitting block to remote relay         endpoint=http://mev-relay-api:9062
INFO [12-06|21:03:58.711] successfully relayed block data to consumer
INFO [12-06|21:03:58.717] json-rpc validation v3 called!
INFO [12-06|21:03:58.717] blobs bundle                             blobs=0 commits=0 proofs=0
INFO [12-06|21:03:58.717] validateBlock method called!
INFO [12-06|21:03:58.726] validated block                          hash=fdf1c1..772a39 number=64 parentHash=5bfa9c..de0d75
INFO [12-06|21:03:58.726] validated blobs bundle                   blobs=0 commits=0 proofs=0
INFO [12-06|21:03:58.739] submitted block                          version=deneb slot=64 value=6367000656865810 parent=0x5bfa9c9e0a150e261eb201cbea17ea1a3df7d72f359496a7f847fd802cde0d75 hash=fdf1c1..772a39 #commitedBundles=0
INFO [12-06|21:03:59.004] Block finalized and assembled            height=64 blockProfit=0               txs=0   bundles=0 okSbundles=0 totalSbundles=0 gasUsed=0          time="695.215µs"
INFO [12-06|21:03:59.014] Block finalized and assembled            height=64 blockProfit=0.006367000657  txs=88  bundles=0 okSbundles=0 totalSbundles=0 gasUsed=4,252,975  time=9.174862ms
INFO [12-06|21:03:59.014] Updated payload                          id=0x03b2981325f1fb75 number=64 hash=07b57c..a617e6 txs=88  withdrawals=0 gas=4,252,975  fees=0.006367000657  root=b2cf4b..6ca39a elapsed=9.255ms
INFO [12-06|21:03:59.021] VaPrBl: ValidateProfBlock called!
INFO [12-06|21:03:59.021] > VaPrBl: profBlock details              profBlock="&{header:0xc000f39b80 uncles:[] transactions:[0xc002b15b60 0xc002b15c20 0xc002b15ce0 0xc002b15da0 0xc002b15e00 0xc002b15ec0 0xc002b15f20 0xc002de6000 0xc002de6060 0xc002de6120 0xc002de61e0 0xc002de62a0 0xc002de6360 0xc002de63c0 0xc002de6480 0xc002de64e0 0xc002de65a0 0xc002de6660 0xc002de66c0 0xc002de6720 0xc002de6780 0xc002de6840 0xc002de6900 0xc002de69c0 0xc002de6a80 0xc002de6b40 0xc002de6c00 0xc002de6cc0 0xc002de6d80 0xc002de6e40 0xc002de6ea0 0xc002de6f00 0xc002de6f60 0xc002de6fc0 0xc002de7020 0xc002de7080 0xc002de7140 0xc002de71a0 0xc002de7200 0xc002de7260 0xc002de72c0 0xc002de7380 0xc002de73e0 0xc002de7440 0xc002de74a0 0xc002de7560 0xc002de7620 0xc002de76e0 0xc002de77a0 0xc002de7800 0xc002de7860 0xc002de78c0 0xc002de7920 0xc002de7980 0xc002de79e0 0xc002de7a40 0xc002de7aa0 0xc002de7b00 0xc002de7bc0 0xc002de7c20 0xc002de7c80 0xc002de7ce0 0xc002de7d40 0xc002de7da0 0xc002de7e00 0xc002de7ec0 0xc002de7f20 0xc002de7f80 0xc002e14000 0xc002e14060 0xc002e140c0 0xc002e14120 0xc002e141e0 0xc002e14240 0xc002e142a0 0xc002e14300 0xc002e14360 0xc002e143c0 0xc002e14420 0xc002e14480 0xc002e144e0 0xc002e14540 0xc002e145a0 0xc002e14600 0xc002e14660 0xc002e146c0 0xc002e14720 0xc002e14780 0xc002e147e0 0xc002e14840 0xc002e148a0 0xc002e14900 0xc002e14960 0xc002e149c0 0xc002e14a20 0xc002e14a80 0xc002e14ae0 0xc002e14b40] withdrawals:[] hash:{v:<nil>} size:{v:24408} ReceivedAt:0001-01-01 00:00:00 +0000 UTC ReceivedFrom:<nil>}"
INFO [12-06|21:03:59.021] > VaPrBl: proposerFeeRecipient           proposerFeeRecipient=0x8943545177806ED17B9F23F0a21ee5948eCaa776
INFO [12-06|21:03:59.021] > VaPrBl: registeredGasLimit             registeredGasLimit=26611454
INFO [12-06|21:03:59.021] > VaPrBl: SimulateProfBlock params       block=d1e52b..c4708f blockNumber=64 feeRecipient=0x8943545177806ED17B9F23F0a21ee5948eCaa776 registeredGasLimit=26,611,454 vmconfig="{Tracer:<nil> NoBaseFee:false EnablePreimageRecording:false ExtraEips:[]}" useBalanceDiff=true excludeWithdrawals=true
INFO [12-06|21:03:59.021] Starting SimulateProfBlock               blockNumber=64 blockHash=d1e52b..c4708f feeRecipient=0x8943545177806ED17B9F23F0a21ee5948eCaa776 registeredGasLimit=26,611,454
INFO [12-06|21:03:59.021] Found parent block                       parentNumber=63 parentHash=5bfa9c..de0d75 parentRoot=c9f6d8..a63c9f
INFO [12-06|21:03:59.040] SimulateProfBlock - Used Gas             usedGas=5,309,707 registeredGasLimit=26,611,454
INFO [12-06|21:03:59.043] validated prof block                     number=64 parentHash=5bfa9c..de0d75
INFO [12-06|21:03:59.179] Imported new potential chain segment     number=64 hash=ed0892..efd554 blocks=1 txs=98  mgas=5.310  elapsed=21.813ms    mgasps=243.412 snapdiffs=104.11KiB triedirty=1.29MiB
INFO [12-06|21:03:59.247] Chain head was updated                   number=64 hash=ed0892..efd554 root=b8b664..27ffc1 elapsed=11.085112ms
INFO [12-06|21:03:59.252] Block finalized and assembled            height=65 blockProfit=0               txs=0   bundles=0 okSbundles=0 totalSbundles=0 gasUsed=0          time=1.248046ms
ERROR[12-06|21:03:59.267] Nil finalized block cannot evict old blobs
INFO [12-06|21:03:59.268] Block finalized and assembled            height=65 blockProfit=0               txs=0   bundles=0 okSbundles=0 totalSbundles=0 gasUsed=0          time=14.999803ms
INFO [12-06|21:03:59.268] Updated payload                          id=0x035c9c016c7d8ac3 number=65 hash=165f6e..58c9d5 txs=0   withdrawals=0 gas=0          fees=0               root=58a768..7a8fbf elapsed=15.162ms
INFO [12-06|21:03:59.757] Block finalized and assembled            height=65 blockProfit=0               txs=0   bundles=0 okSbundles=0 totalSbundles=0 gasUsed=0          time="967.42µs"
INFO [12-06|21:03:59.758] Block finalized and assembled            height=65 blockProfit=0               txs=0   bundles=0 okSbundles=0 totalSbundles=0 gasUsed=0          time="300.357µs"
INFO [12-06|21:03:59.758] Updated payload                          id=0x009c13468ddd3823 number=65 hash=165f6e..58c9d5 txs=0   withdrawals=0 gas=0          fees=0               root=58a768..7a8fbf elapsed="353.018µs"
INFO [12-06|21:03:59.759] submitting block to remote relay         endpoint=http://mev-relay-api:9062
INFO [12-06|21:03:59.759] successfully relayed block data to consumer
INFO [12-06|21:03:59.761] submitted block                          version=deneb slot=65 value=0                parent=0xed08923d45eda4ec040c468de0c955c6f0ad33c4a7ec0bd3e7845f08ecefd554 hash=165f6e..58c9d5 #commitedBundles=0
INFO [12-06|21:04:00.257] Block finalized and assembled            height=65 blockProfit=0               txs=0   bundles=0 okSbundles=0 totalSbundles=0 gasUsed=0          time="384.259µs"
INFO [12-06|21:04:00.257] Block finalized and assembled            height=65 blockProfit=0               txs=0   bundles=0 okSbundles=0 totalSbundles=0 gasUsed=0          time="285.846µs"
INFO [12-06|21:04:00.257] Updated payload                          id=0x009c13468ddd3823 number=65 hash=165f6e..58c9d5 txs=0   withdrawals=0 gas=0          fees=0               root=58a768..7a8fbf elapsed="314.647µs"
INFO [12-06|21:04:00.756] Block finalized and assembled            height=65 blockProfit=0               txs=0   bundles=0 okSbundles=0 totalSbundles=0 gasUsed=0          time="452.38µs"
INFO [12-06|21:04:00.756] Block finalized and assembled            height=65 blockProfit=0               txs=0   bundles=0 okSbundles=0 totalSbundles=0 gasUsed=0          time="303.366µs"
INFO [12-06|21:04:00.756] Updated payload                          id=0x009c13468ddd3823 number=65 hash=165f6e..58c9d5 txs=0   withdrawals=0 gas=0          fees=0               root=58a768..7a8fbf elapsed="325.087µs"
INFO [12-06|21:04:01.002] Block finalized and assembled            height=65 blockProfit=0               txs=0   bundles=0 okSbundles=0 totalSbundles=0 gasUsed=0          time="297.387µs"
INFO [12-06|21:04:01.003] Block finalized and assembled            height=65 blockProfit=0               txs=0   bundles=0 okSbundles=0 totalSbundles=0 gasUsed=0          time="197.604µs"
INFO [12-06|21:04:01.003] Updated payload                          id=0x038e166472395c32 number=65 hash=1f72b4..d7f290 txs=0   withdrawals=0 gas=0          fees=0               root=22f71a..b3585e elapsed="213.895µs"
INFO [12-06|21:04:01.123] Imported new potential chain segment     number=65 hash=256bb1..083858 blocks=1 txs=0   mgas=0.000  elapsed=3.813ms     mgasps=0.000   snapdiffs=104.34KiB triedirty=1.29MiB
INFO [12-06|21:04:01.130] Chain head was updated                   number=65 hash=256bb1..083858 root=58a768..7a8fbf elapsed=1.837999ms
ERROR[12-06|21:04:01.131] Nil finalized block cannot evict old blobs
INFO [12-06|21:04:01.134] Block finalized and assembled            height=66 blockProfit=0               txs=0   bundles=0 okSbundles=0 totalSbundles=0 gasUsed=0          time="809.146µs"
INFO [12-06|21:04:01.135] Block finalized and assembled            height=66 blockProfit=0               txs=0   bundles=0 okSbundles=0 totalSbundles=0 gasUsed=0          time="660.643µs"
INFO [12-06|21:04:01.135] Updated payload                          id=0x0376c9db990abc8a number=66 hash=1637e3..4bdaea txs=0   withdrawals=0 gas=0          fees=0               root=bd0648..cffc8d elapsed="721.075µs"
INFO [12-06|21:04:01.634] Block finalized and assembled            height=66 blockProfit=0               txs=0   bundles=0 okSbundles=0 totalSbundles=0 gasUsed=0          time="646.654µs"
INFO [12-06|21:04:01.634] Block finalized and assembled            height=66 blockProfit=0               txs=0   bundles=0 okSbundles=0 totalSbundles=0 gasUsed=0          time="373.358µs"
INFO [12-06|21:04:01.634] Updated payload                          id=0x0049c6aec39434e0 number=66 hash=1637e3..4bdaea txs=0   withdrawals=0 gas=0          fees=0               root=bd0648..cffc8d elapsed="399.758µs"
INFO [12-06|21:04:01.635] submitting block to remote relay         endpoint=http://mev-relay-api:9062
INFO [12-06|21:04:01.636] successfully relayed block data to consumer
INFO [12-06|21:04:01.637] submitted block                          version=deneb slot=66 value=0                parent=0x256bb14cb668ffdc8e521cbddd4e0b88897a147d6b8d39c96d30508cc5083858 hash=1637e3..4bdaea #commitedBundles=0
INFO [12-06|21:04:01.966] Looking for peers                        peercount=2 tried=39 static=0
INFO [12-06|21:04:02.134] Block finalized and assembled            height=66 blockProfit=0               txs=0   bundles=0 okSbundles=0 totalSbundles=0 gasUsed=0          time="713.095µs"
INFO [12-06|21:04:02.134] Block finalized and assembled            height=66 blockProfit=0               txs=0   bundles=0 okSbundles=0 totalSbundles=0 gasUsed=0          time="468.569µs"
INFO [12-06|21:04:02.134] Updated payload                          id=0x0049c6aec39434e0 number=66 hash=1637e3..4bdaea txs=0   withdrawals=0 gas=0          fees=0               root=bd0648..cffc8d elapsed="524.722µs"
INFO [12-06|21:04:02.633] Block finalized and assembled            height=66 blockProfit=0               txs=0   bundles=0 okSbundles=0 totalSbundles=0 gasUsed=0          time="544.581µs"
INFO [12-06|21:04:02.634] Block finalized and assembled            height=66 blockProfit=0               txs=0   bundles=0 okSbundles=0 totalSbundles=0 gasUsed=0          time="541.731µs"
INFO [12-06|21:04:02.634] Updated payload                          id=0x0049c6aec39434e0 number=66 hash=1637e3..4bdaea txs=0   withdrawals=0 gas=0          fees=0               root=bd0648..cffc8d elapsed="577.152µs"
INFO [12-06|21:04:03.003] Block finalized and assembled            height=66 blockProfit=0               txs=0   bundles=0 okSbundles=0 totalSbundles=0 gasUsed=0          time="656.634µs"
INFO [12-06|21:04:03.004] Block finalized and assembled            height=66 blockProfit=0               txs=0   bundles=0 okSbundles=0 totalSbundles=0 gasUsed=0          time="184.224µs"
INFO [12-06|21:04:03.004] Updated payload                          id=0x03630376a0044cee number=66 hash=6fe42b..2940ac txs=0   withdrawals=0 gas=0          fees=0               root=a7cd61..a0552a elapsed="197.374µs"
INFO [12-06|21:04:03.115] Imported new potential chain segment     number=66 hash=57d734..bca533 blocks=1 txs=0   mgas=0.000  elapsed=3.129ms     mgasps=0.000   snapdiffs=104.57KiB triedirty=1.29MiB
INFO [12-06|21:04:03.123] Chain head was updated                   number=66 hash=57d734..bca533 root=bd0648..cffc8d elapsed=2.910622ms
ERROR[12-06|21:04:03.124] Nil finalized block cannot evict old blobs
INFO [12-06|21:04:03.125] Block finalized and assembled            height=67 blockProfit=0               txs=0   bundles=0 okSbundles=0 totalSbundles=0 gasUsed=0          time="358.238µs"
INFO [12-06|21:04:03.126] Block finalized and assembled            height=67 blockProfit=0               txs=0   bundles=0 okSbundles=0 totalSbundles=0 gasUsed=0          time="444.319µs"
INFO [12-06|21:04:03.126] Updated payload                          id=0x03fd479690580d8b number=67 hash=98fc7a..494e1c txs=0   withdrawals=0 gas=0          fees=0               root=6ad557..85658f elapsed="485.42µs"
INFO [12-06|21:04:03.628] Block finalized and assembled            height=67 blockProfit=0               txs=0   bundles=0 okSbundles=0 totalSbundles=0 gasUsed=0          time="746.075µs"
INFO [12-06|21:04:03.629] Block finalized and assembled            height=67 blockProfit=0               txs=0   bundles=0 okSbundles=0 totalSbundles=0 gasUsed=0          time="610.193µs"
INFO [12-06|21:04:03.629] Updated payload                          id=0x0083a3e63673caf5 number=67 hash=98fc7a..494e1c txs=0   withdrawals=0 gas=0          fees=0               root=6ad557..85658f elapsed="661.474µs"
INFO [12-06|21:04:03.630] submitting block to remote relay         endpoint=http://mev-relay-api:9062
INFO [12-06|21:04:03.631] successfully relayed block data to consumer
INFO [12-06|21:04:03.633] submitted block                          version=deneb slot=67 value=0                parent=0x57d73417d50ac2f4ed4546c2d4029d57bdab2a3857479532e8d427d20fbca533 hash=98fc7a..494e1c #commitedBundles=0
INFO [12-06|21:04:04.128] Block finalized and assembled            height=67 blockProfit=0               txs=0   bundles=0 okSbundles=0 totalSbundles=0 gasUsed=0          time="678.095µs"
INFO [12-06|21:04:04.128] Block finalized and assembled            height=67 blockProfit=0               txs=0   bundles=0 okSbundles=0 totalSbundles=0 gasUsed=0          time="162.573µs"
INFO [12-06|21:04:04.128] Updated payload                          id=0x0083a3e63673caf5 number=67 hash=98fc7a..494e1c txs=0   withdrawals=0 gas=0          fees=0               root=6ad557..85658f elapsed="175.753µs"
INFO [12-06|21:04:04.628] Block finalized and assembled            height=67 blockProfit=0               txs=0   bundles=0 okSbundles=0 totalSbundles=0 gasUsed=0          time=1.203336ms
INFO [12-06|21:04:04.629] Block finalized and assembled            height=67 blockProfit=0               txs=0   bundles=0 okSbundles=0 totalSbundles=0 gasUsed=0          time="754.526µs"
INFO [12-06|21:04:04.629] Updated payload                          id=0x0083a3e63673caf5 number=67 hash=98fc7a..494e1c txs=0   withdrawals=0 gas=0          fees=0               root=6ad557..85658f elapsed="835.817µs"
INFO [12-06|21:04:05.003] Block finalized and assembled            height=67 blockProfit=0               txs=0   bundles=0 okSbundles=0 totalSbundles=0 gasUsed=0          time="444.449µs"
INFO [12-06|21:04:05.005] Block finalized and assembled            height=67 blockProfit=0               txs=0   bundles=0 okSbundles=0 totalSbundles=0 gasUsed=0          time=1.003351ms
INFO [12-06|21:04:05.005] Updated payload                          id=0x0357eaa53c0322ee number=67 hash=17df4b..796667 txs=0   withdrawals=0 gas=0          fees=0               root=e4db49..49ffb0 elapsed=1.164ms
INFO [12-06|21:04:05.117] Imported new potential chain segment     number=67 hash=2fb659..1aa4d1 blocks=1 txs=0   mgas=0.000  elapsed=3.174ms     mgasps=0.000   snapdiffs=104.80KiB triedirty=1.30MiB
INFO [12-06|21:04:05.125] Chain head was updated                   number=67 hash=2fb659..1aa4d1 root=6ad557..85658f elapsed=2.825729ms
ERROR[12-06|21:04:05.127] Nil finalized block cannot evict old blobs
INFO [12-06|21:04:05.129] Block finalized and assembled            height=68 blockProfit=0               txs=0   bundles=0 okSbundles=0 totalSbundles=0 gasUsed=0          time="444.13µs"
INFO [12-06|21:04:05.129] Block finalized and assembled            height=68 blockProfit=0               txs=0   bundles=0 okSbundles=0 totalSbundles=0 gasUsed=0          time="405.549µs"
INFO [12-06|21:04:05.129] Updated payload                          id=0x0344014bec99f2d0 number=68 hash=aed809..3e0f9f txs=0   withdrawals=0 gas=0          fees=0               root=4efdfe..87c8bf elapsed="466.35µs"
INFO [12-06|21:04:05.631] Block finalized and assembled            height=68 blockProfit=0               txs=0   bundles=0 okSbundles=0 totalSbundles=0 gasUsed=0          time="463.35µs"
INFO [12-06|21:04:05.631] Block finalized and assembled            height=68 blockProfit=0               txs=0   bundles=0 okSbundles=0 totalSbundles=0 gasUsed=0          time="344.937µs"
INFO [12-06|21:04:05.631] Updated payload                          id=0x00e46f0d4af1bb51 number=68 hash=aed809..3e0f9f txs=0   withdrawals=0 gas=0          fees=0               root=4efdfe..87c8bf elapsed="406.519µs"
INFO [12-06|21:04:05.632] submitting block to remote relay         endpoint=http://mev-relay-api:9062
INFO [12-06|21:04:05.633] successfully relayed block data to consumer
INFO [12-06|21:04:05.635] submitted block                          version=deneb slot=68 value=0                parent=0x2fb6592fd073eda6a4d59b541faece62a081e898518d5fa36c59972f171aa4d1 hash=aed809..3e0f9f #commitedBundles=0
INFO [12-06|21:04:06.131] Block finalized and assembled            height=68 blockProfit=0               txs=0   bundles=0 okSbundles=0 totalSbundles=0 gasUsed=0          time="937.739µs"
INFO [12-06|21:04:06.132] Block finalized and assembled            height=68 blockProfit=0               txs=0   bundles=0 okSbundles=0 totalSbundles=0 gasUsed=0          time="451.32µs"
INFO [12-06|21:04:06.132] Updated payload                          id=0x00e46f0d4af1bb51 number=68 hash=aed809..3e0f9f txs=0   withdrawals=0 gas=0          fees=0               root=4efdfe..87c8bf elapsed="504.441µs"
INFO [12-06|21:04:06.631] Block finalized and assembled            height=68 blockProfit=0               txs=0   bundles=0 okSbundles=0 totalSbundles=0 gasUsed=0          time="998.521µs"
INFO [12-06|21:04:06.632] Block finalized and assembled            height=68 blockProfit=0               txs=0   bundles=0 okSbundles=0 totalSbundles=0 gasUsed=0          time="702.035µs"
INFO [12-06|21:04:06.632] Updated payload                          id=0x00e46f0d4af1bb51 number=68 hash=aed809..3e0f9f txs=0   withdrawals=0 gas=0          fees=0               root=4efdfe..87c8bf elapsed="763.186µs"
INFO [12-06|21:04:07.003] Block finalized and assembled            height=68 blockProfit=0               txs=0   bundles=0 okSbundles=0 totalSbundles=0 gasUsed=0          time="387.078µs"
INFO [12-06|21:04:07.004] Block finalized and assembled            height=68 blockProfit=0               txs=0   bundles=0 okSbundles=0 totalSbundles=0 gasUsed=0          time="312.207µs"
INFO [12-06|21:04:07.004] Updated payload                          id=0x0354495b8af8f3d4 number=68 hash=c2d054..d7c468 txs=0   withdrawals=0 gas=0          fees=0               root=d7bc23..f8f03e elapsed="342.247µs"
INFO [12-06|21:04:07.120] Imported new potential chain segment     number=68 hash=2aecd9..ef2b00 blocks=1 txs=0   mgas=0.000  elapsed=4.217ms     mgasps=0.000   snapdiffs=105.03KiB triedirty=1.30MiB
INFO [12-06|21:04:07.128] Chain head was updated                   number=68 hash=2aecd9..ef2b00 root=4efdfe..87c8bf elapsed=2.89439ms
ERROR[12-06|21:04:07.130] Nil finalized block cannot evict old blobs
INFO [12-06|21:04:07.131] Block finalized and assembled            height=69 blockProfit=0               txs=0   bundles=0 okSbundles=0 totalSbundles=0 gasUsed=0          time="330.967µs"
INFO [12-06|21:04:07.132] Block finalized and assembled            height=69 blockProfit=0               txs=0   bundles=0 okSbundles=0 totalSbundles=0 gasUsed=0          time="675.214µs"
INFO [12-06|21:04:07.132] Updated payload                          id=0x03d66041523d2527 number=69 hash=a14feb..7f3308 txs=0   withdrawals=0 gas=0          fees=0               root=1662a5..9a4842 elapsed="816.417µs"
INFO [12-06|21:04:07.633] Block finalized and assembled            height=69 blockProfit=0               txs=0   bundles=0 okSbundles=0 totalSbundles=0 gasUsed=0          time="562.912µs"
INFO [12-06|21:04:07.634] Block finalized and assembled            height=69 blockProfit=0               txs=0   bundles=0 okSbundles=0 totalSbundles=0 gasUsed=0          time="388.348µs"
INFO [12-06|21:04:07.634] Updated payload                          id=0x006a2f2594f488ea number=69 hash=a14feb..7f3308 txs=0   withdrawals=0 gas=0          fees=0               root=1662a5..9a4842 elapsed="432.329µs"
INFO [12-06|21:04:07.635] submitting block to remote relay         endpoint=http://mev-relay-api:9062
INFO [12-06|21:04:07.636] successfully relayed block data to consumer
INFO [12-06|21:04:07.638] submitted block                          version=deneb slot=69 value=0                parent=0x2aecd95772f6db14bd62c21a54cf33771e093ff827fdc9e6ae790000b4ef2b00 hash=a14feb..7f3308 #commitedBundles=0
INFO [12-06|21:04:08.134] Block finalized and assembled            height=69 blockProfit=0               txs=0   bundles=0 okSbundles=0 totalSbundles=0 gasUsed=0          time="347.107µs"
INFO [12-06|21:04:08.134] Block finalized and assembled            height=69 blockProfit=0               txs=0   bundles=0 okSbundles=0 totalSbundles=0 gasUsed=0          time="273.976µs"
INFO [12-06|21:04:08.134] Updated payload                          id=0x006a2f2594f488ea number=69 hash=a14feb..7f3308 txs=0   withdrawals=0 gas=0          fees=0               root=1662a5..9a4842 elapsed="298.107µs"
INFO [12-06|21:04:08.634] Block finalized and assembled            height=69 blockProfit=0               txs=0   bundles=0 okSbundles=0 totalSbundles=0 gasUsed=0          time="750.836µs"
INFO [12-06|21:04:08.635] Block finalized and assembled            height=69 blockProfit=0               txs=0   bundles=0 okSbundles=0 totalSbundles=0 gasUsed=0          time="974.91µs"
INFO [12-06|21:04:08.635] Updated payload                          id=0x006a2f2594f488ea number=69 hash=a14feb..7f3308 txs=0   withdrawals=0 gas=0          fees=0               root=1662a5..9a4842 elapsed=1.104ms
INFO [12-06|21:04:09.005] Block finalized and assembled            height=69 blockProfit=0               txs=0   bundles=0 okSbundles=0 totalSbundles=0 gasUsed=0          time="788.986µs"
INFO [12-06|21:04:09.006] Block finalized and assembled            height=69 blockProfit=0               txs=0   bundles=0 okSbundles=0 totalSbundles=0 gasUsed=0          time="318.497µs"
INFO [12-06|21:04:09.006] Updated payload                          id=0x03300d7581556555 number=69 hash=0e1cb3..9e5597 txs=0   withdrawals=0 gas=0          fees=0               root=681ea4..46e55b elapsed="481.86µs"
INFO [12-06|21:04:09.116] Imported new potential chain segment     number=69 hash=ceea98..f0e647 blocks=1 txs=0   mgas=0.000  elapsed=3.030ms     mgasps=0.000   snapdiffs=105.26KiB triedirty=1.31MiB
INFO [12-06|21:04:09.119] Chain head was updated                   number=69 hash=ceea98..f0e647 root=1662a5..9a4842 elapsed=1.695116ms
ERROR[12-06|21:04:09.119] Nil finalized block cannot evict old blobs
INFO [12-06|21:04:09.120] Block finalized and assembled            height=70 blockProfit=0               txs=0   bundles=0 okSbundles=0 totalSbundles=0 gasUsed=0          time="158.874µs"
INFO [12-06|21:04:09.120] Block finalized and assembled            height=70 blockProfit=0               txs=0   bundles=0 okSbundles=0 totalSbundles=0 gasUsed=0          time="132.053µs"
INFO [12-06|21:04:09.120] Updated payload                          id=0x03e6345ea5a36e76 number=70 hash=e27f37..b196c6 txs=0   withdrawals=0 gas=0          fees=0               root=17192f..333419 elapsed="145.103µs"
INFO [12-06|21:04:09.621] Block finalized and assembled            height=70 blockProfit=0               txs=0   bundles=0 okSbundles=0 totalSbundles=0 gasUsed=0          time="360.808µs"
INFO [12-06|21:04:09.622] Block finalized and assembled            height=70 blockProfit=0               txs=0   bundles=0 okSbundles=0 totalSbundles=0 gasUsed=0          time="444.49µs"
INFO [12-06|21:04:09.622] Updated payload                          id=0x00034417a22ad12d number=70 hash=e27f37..b196c6 txs=0   withdrawals=0 gas=0          fees=0               root=17192f..333419 elapsed="486.021µs"
INFO [12-06|21:04:09.623] submitting block to remote relay         endpoint=http://mev-relay-api:9062
INFO [12-06|21:04:09.624] successfully relayed block data to consumer
INFO [12-06|21:04:09.625] submitted block                          version=deneb slot=70 value=0                parent=0xceea98b573d28d1ea658398cea7328c08d9953abcb1370dc9a8a75c612f0e647 hash=e27f37..b196c6 #commitedBundles=0
INFO [12-06|21:04:10.121] Block finalized and assembled            height=70 blockProfit=0               txs=0   bundles=0 okSbundles=0 totalSbundles=0 gasUsed=0          time="376.337µs"
INFO [12-06|21:04:10.122] Block finalized and assembled            height=70 blockProfit=0               txs=0   bundles=0 okSbundles=0 totalSbundles=0 gasUsed=0          time="419.158µs"
INFO [12-06|21:04:10.122] Updated payload                          id=0x00034417a22ad12d number=70 hash=e27f37..b196c6 txs=0   withdrawals=0 gas=0          fees=0               root=17192f..333419 elapsed="460.949µs"
INFO [12-06|21:04:10.621] Block finalized and assembled            height=70 blockProfit=0               txs=0   bundles=0 okSbundles=0 totalSbundles=0 gasUsed=0          time="613.303µs"
INFO [12-06|21:04:10.623] Block finalized and assembled            height=70 blockProfit=0.0005055076467 txs=17  bundles=0 okSbundles=0 totalSbundles=0 gasUsed=357,000    time=2.139434ms
INFO [12-06|21:04:10.623] Updated payload                          id=0x00034417a22ad12d number=70 hash=555819..592d0a txs=17  withdrawals=0 gas=357,000    fees=0.0005055076467 root=8e4ea9..446156 elapsed=2.244ms
INFO [12-06|21:04:10.625] submitting block to remote relay         endpoint=http://mev-relay-api:9062
INFO [12-06|21:04:10.626] successfully relayed block data to consumer
INFO [12-06|21:04:10.632] json-rpc validation v3 called!
INFO [12-06|21:04:10.632] blobs bundle                             blobs=0 commits=0 proofs=0
INFO [12-06|21:04:10.632] validateBlock method called!
INFO [12-06|21:04:10.636] validated block                          hash=555819..592d0a number=70 parentHash=ceea98..f0e647
INFO [12-06|21:04:10.636] validated blobs bundle                   blobs=0 commits=0 proofs=0
INFO [12-06|21:04:10.654] submitted block                          version=deneb slot=70 value=505507646700000  parent=0xceea98b573d28d1ea658398cea7328c08d9953abcb1370dc9a8a75c612f0e647 hash=555819..592d0a #commitedBundles=0
INFO [12-06|21:04:11.004] Block finalized and assembled            height=70 blockProfit=0               txs=0   bundles=0 okSbundles=0 totalSbundles=0 gasUsed=0          time="814.987µs"
INFO [12-06|21:04:11.009] Block finalized and assembled            height=70 blockProfit=0.00123218117   txs=40  bundles=0 okSbundles=0 totalSbundles=0 gasUsed=840,000    time=4.199197ms
INFO [12-06|21:04:11.009] Updated payload                          id=0x03b864100ebbcb32 number=70 hash=048482..5e8c94 txs=40  withdrawals=0 gas=840,000    fees=0.00123218117   root=ee7986..17f99f elapsed=4.422ms
INFO [12-06|21:04:11.011] VaPrBl: ValidateProfBlock called!
INFO [12-06|21:04:11.011] > VaPrBl: profBlock details              profBlock="&{header:0xc0026cc280 uncles:[] transactions:[0xc0026f43c0 0xc0026f4480 0xc0026f4540 0xc0026f4600 0xc0026f46c0 0xc0026f4780 0xc0026f4840 0xc0026f4900 0xc0026f49c0 0xc0026f4a80 0xc0026f4b40 0xc0026f4c00 0xc0026f4cc0 0xc0026f4d80 0xc0026f4e40 0xc0026f4f00 0xc0026f4fc0 0xc0026f5020 0xc0026f5080 0xc0026f50e0 0xc0026f5140 0xc0026f51a0 0xc0026f5200 0xc0026f5260 0xc0026f52c0 0xc0026f5320 0xc0026f5380] withdrawals:[] hash:{v:<nil>} size:{v:6366} ReceivedAt:0001-01-01 00:00:00 +0000 UTC ReceivedFrom:<nil>}"
INFO [12-06|21:04:11.011] > VaPrBl: proposerFeeRecipient           proposerFeeRecipient=0x8943545177806ED17B9F23F0a21ee5948eCaa776
INFO [12-06|21:04:11.011] > VaPrBl: registeredGasLimit             registeredGasLimit=26767752
INFO [12-06|21:04:11.011] > VaPrBl: SimulateProfBlock params       block=a3dd4b..b23809 blockNumber=70 feeRecipient=0x8943545177806ED17B9F23F0a21ee5948eCaa776 registeredGasLimit=26,767,752 vmconfig="{Tracer:<nil> NoBaseFee:false EnablePreimageRecording:false ExtraEips:[]}" useBalanceDiff=true excludeWithdrawals=true
INFO [12-06|21:04:11.011] Starting SimulateProfBlock               blockNumber=70 blockHash=a3dd4b..b23809 feeRecipient=0x8943545177806ED17B9F23F0a21ee5948eCaa776 registeredGasLimit=26,767,752
INFO [12-06|21:04:11.011] Found parent block                       parentNumber=69 parentHash=ceea98..f0e647 parentRoot=1662a5..9a4842
INFO [12-06|21:04:11.019] SimulateProfBlock - Used Gas             usedGas=1,344,462 registeredGasLimit=26,767,752
INFO [12-06|21:04:11.020] validated prof block                     number=70 parentHash=ceea98..f0e647
INFO [12-06|21:04:11.140] Imported new potential chain segment     number=70 hash=5aa504..8448a2 blocks=1 txs=27  mgas=1.344  elapsed=11.092ms    mgasps=121.208 snapdiffs=107.32KiB triedirty=1.33MiB
INFO [12-06|21:04:11.148] Chain head was updated                   number=70 hash=5aa504..8448a2 root=6d79f1..fac98a elapsed=2.745928ms
INFO [12-06|21:04:11.154] Block finalized and assembled            height=71 blockProfit=0               txs=0   bundles=0 okSbundles=0 totalSbundles=0 gasUsed=0          time="380.578µs"
ERROR[12-06|21:04:11.156] Nil finalized block cannot evict old blobs
INFO [12-06|21:04:11.159] Block finalized and assembled            height=71 blockProfit=0.001011035876  txs=33  bundles=0 okSbundles=0 totalSbundles=0 gasUsed=693,000    time=4.79435ms
INFO [12-06|21:04:11.159] Updated payload                          id=0x033acf7c3240ab3f number=71 hash=e94115..8cc3fa txs=33  withdrawals=0 gas=693,000    fees=0.001011035876  root=524965..ce5952 elapsed=4.902ms
INFO [12-06|21:04:11.655] Block finalized and assembled            height=71 blockProfit=0               txs=0   bundles=0 okSbundles=0 totalSbundles=0 gasUsed=0          time="665.254µs"
INFO [12-06|21:04:11.659] Block finalized and assembled            height=71 blockProfit=0.00189569566   txs=61  bundles=0 okSbundles=0 totalSbundles=0 gasUsed=1,281,000  time=4.29992ms
INFO [12-06|21:04:11.659] Updated payload                          id=0x003b345d86825c36 number=71 hash=1598af..c3ed65 txs=61  withdrawals=0 gas=1,281,000  fees=0.00189569566   root=972fed..4b3d63 elapsed=4.348ms
INFO [12-06|21:04:11.660] submitting block to remote relay         endpoint=http://mev-relay-api:9062
INFO [12-06|21:04:11.660] successfully relayed block data to consumer
INFO [12-06|21:04:11.664] json-rpc validation v3 called!
INFO [12-06|21:04:11.664] blobs bundle                             blobs=0 commits=0 proofs=0
INFO [12-06|21:04:11.665] validateBlock method called!
INFO [12-06|21:04:11.671] validated block                          hash=1598af..c3ed65 number=71 parentHash=5aa504..8448a2
INFO [12-06|21:04:11.671] validated blobs bundle                   blobs=0 commits=0 proofs=0
INFO [12-06|21:04:11.680] submitted block                          version=deneb slot=71 value=1895695660047000 parent=0x5aa50404f5123fb519e39d2bff1662bd6efa68bdc7c72569f13adf9e8a8448a2 hash=1598af..c3ed65 #commitedBundles=0
INFO [12-06|21:04:12.153] Block finalized and assembled            height=71 blockProfit=0               txs=0   bundles=0 okSbundles=0 totalSbundles=0 gasUsed=0          time="463.05µs"
INFO [12-06|21:04:12.161] Block finalized and assembled            height=71 blockProfit=0.002653975475  txs=85  bundles=0 okSbundles=0 totalSbundles=0 gasUsed=1,785,000  time=7.845254ms
INFO [12-06|21:04:12.162] Updated payload                          id=0x003b345d86825c36 number=71 hash=3e56fb..852492 txs=85  withdrawals=0 gas=1,785,000  fees=0.002653975475  root=8b8e76..f4ca63 elapsed=8.068ms
INFO [12-06|21:04:12.163] submitting block to remote relay         endpoint=http://mev-relay-api:9062
INFO [12-06|21:04:12.164] successfully relayed block data to consumer
INFO [12-06|21:04:12.174] json-rpc validation v3 called!
INFO [12-06|21:04:12.174] blobs bundle                             blobs=0 commits=0 proofs=0
INFO [12-06|21:04:12.174] validateBlock method called!
INFO [12-06|21:04:12.190] validated block                          hash=3e56fb..852492 number=71 parentHash=5aa504..8448a2
INFO [12-06|21:04:12.191] validated blobs bundle                   blobs=0 commits=0 proofs=0
INFO [12-06|21:04:12.205] submitted block                          version=deneb slot=71 value=2653975475319000 parent=0x5aa50404f5123fb519e39d2bff1662bd6efa68bdc7c72569f13adf9e8a8448a2 hash=3e56fb..852492 #commitedBundles=0
INFO [12-06|21:04:12.571] Looking for peers                        peercount=2 tried=74 static=0
INFO [12-06|21:04:12.655] Block finalized and assembled            height=71 blockProfit=0               txs=0   bundles=0 okSbundles=0 totalSbundles=0 gasUsed=0          time=1.074872ms
INFO [12-06|21:04:12.663] Block finalized and assembled            height=71 blockProfit=0.003443834678  txs=110 bundles=0 okSbundles=0 totalSbundles=0 gasUsed=2,310,000  time=8.152971ms
INFO [12-06|21:04:12.663] Updated payload                          id=0x003b345d86825c36 number=71 hash=a18a28..2204bb txs=110 withdrawals=0 gas=2,310,000  fees=0.003443834678  root=dc11c2..c74ff2 elapsed=8.298ms
INFO [12-06|21:04:12.665] submitting block to remote relay         endpoint=http://mev-relay-api:9062
INFO [12-06|21:04:12.666] successfully relayed block data to consumer
INFO [12-06|21:04:12.677] json-rpc validation v3 called!
INFO [12-06|21:04:12.677] blobs bundle                             blobs=0 commits=0 proofs=0
INFO [12-06|21:04:12.677] validateBlock method called!
INFO [12-06|21:04:12.701] validated block                          hash=a18a28..2204bb number=71 parentHash=5aa504..8448a2
INFO [12-06|21:04:12.701] validated blobs bundle                   blobs=0 commits=0 proofs=0
INFO [12-06|21:04:12.720] submitted block                          version=deneb slot=71 value=3443834678319000 parent=0x5aa50404f5123fb519e39d2bff1662bd6efa68bdc7c72569f13adf9e8a8448a2 hash=a18a28..2204bb #commitedBundles=0
INFO [12-06|21:04:13.004] Block finalized and assembled            height=71 blockProfit=0               txs=0   bundles=0 okSbundles=0 totalSbundles=0 gasUsed=0          time=1.085442ms
INFO [12-06|21:04:13.018] Block finalized and assembled            height=71 blockProfit=0.004107316409  txs=131 bundles=0 okSbundles=0 totalSbundles=0 gasUsed=2,751,000  time=13.763217ms
INFO [12-06|21:04:13.018] Updated payload                          id=0x038d3c00da3146ac number=71 hash=45be0a..2ca17d txs=131 withdrawals=0 gas=2,751,000  fees=0.004107316409  root=b31ae8..555497 elapsed=14.146ms
INFO [12-06|21:04:13.023] VaPrBl: ValidateProfBlock called!
INFO [12-06|21:04:13.024] > VaPrBl: profBlock details              profBlock="&{header:0xc001c81680 uncles:[] transactions:[0xc001fd9680 0xc001fd9740 0xc001fd9800 0xc001fd98c0 0xc001fd9980 0xc001fd9a40 0xc001fd9b00 0xc001fd9bc0 0xc001fd9c80 0xc001fd9d40 0xc001fd9e00 0xc001fd9f20 0xc002136000 0xc0021360c0 0xc002136180 0xc002136240 0xc002136300 0xc0021363c0 0xc002136480 0xc002136540 0xc002136600 0xc002136720 0xc0021367e0 0xc0021368a0 0xc002136960 0xc002136a20 0xc002136ae0 0xc002136ba0 0xc002136c60 0xc002136d20 0xc002136de0 0xc002136ea0 0xc0021370e0 0xc002137620 0xc0021379e0 0xc002137da0 0xc001d9a180 0xc001d9a6c0 0xc001d9a900 0xc001d9b140 0xc001d9bec0 0xc000788540 0xc0007888a0 0xc0007893e0 0xc000c17560 0xc001106180 0xc00011f6e0 0xc0002f7c80 0xc000932420 0xc000933380 0xc000af4720 0xc000af4b40 0xc000af4c00 0xc000af5020 0xc000af54a0 0xc000af5560 0xc000af5e60 0xc001a4c0c0 0xc001a4c2a0 0xc001a4c360 0xc001a4c480 0xc001a4c6c0 0xc001a4c780 0xc001a4c840 0xc001a4cd80 0xc001a4cf00 0xc001a4cfc0 0xc001a4d200 0xc001a4d380 0xc001a4d440 0xc001a4d500 0xc001a4d5c0 0xc001a4d740 0xc001a4d800 0xc001a4d920 0xc001a4d9e0 0xc001a4db60 0xc001a4dc20 0xc001a4dce0 0xc001a4dda0 0xc001be6120 0xc001be64e0 0xc001be65a0 0xc001be6840 0xc001be69c0 0xc001be6a80 0xc001be6d20 0xc001be6f00 0xc001e7faa0 0xc001e7fe60 0xc001e7ff20 0xc001efe180 0xc001efe2a0 0xc001efe4e0 0xc001efe600 0xc001efe7e0 0xc001efe960 0xc001efea20 0xc001efeae0 0xc001efeba0 0xc001efed20 0xc001efede0 0xc001efeea0 0xc001efef60 0xc001eff0e0 0xc001eff1a0 0xc001eff260 0xc001eff320 0xc001eff4a0 0xc001eff560 0xc001eff5c0 0xc001eff620 0xc001eff680 0xc001eff6e0] withdrawals:[] hash:{v:<nil>} size:{v:14658} ReceivedAt:0001-01-01 00:00:00 +0000 UTC ReceivedFrom:<nil>}"
INFO [12-06|21:04:13.024] > VaPrBl: proposerFeeRecipient           proposerFeeRecipient=0x8943545177806ED17B9F23F0a21ee5948eCaa776
INFO [12-06|21:04:13.024] > VaPrBl: registeredGasLimit             registeredGasLimit=26793891
INFO [12-06|21:04:13.024] > VaPrBl: SimulateProfBlock params       block=b4fd1e..57ef52 blockNumber=71 feeRecipient=0x8943545177806ED17B9F23F0a21ee5948eCaa776 registeredGasLimit=26,793,891 vmconfig="{Tracer:<nil> NoBaseFee:false EnablePreimageRecording:false ExtraEips:[]}" useBalanceDiff=true excludeWithdrawals=true
INFO [12-06|21:04:13.024] Starting SimulateProfBlock               blockNumber=71 blockHash=b4fd1e..57ef52 feeRecipient=0x8943545177806ED17B9F23F0a21ee5948eCaa776 registeredGasLimit=26,793,891
INFO [12-06|21:04:13.024] Found parent block                       parentNumber=70 parentHash=5aa504..8448a2 parentRoot=6d79f1..fac98a
INFO [12-06|21:04:13.047] SimulateProfBlock - Used Gas             usedGas=2,718,054 registeredGasLimit=26,793,891
INFO [12-06|21:04:13.059] validated prof block                     number=71 parentHash=5aa504..8448a2
INFO [12-06|21:04:13.266] Imported new potential chain segment     number=71 hash=f60dc9..651c1e blocks=1 txs=114 mgas=2.718  elapsed=34.145ms    mgasps=79.602  snapdiffs=113.11KiB triedirty=1.40MiB
INFO [12-06|21:04:13.270] Chain head was updated                   number=71 hash=f60dc9..651c1e root=2501be..75c75f elapsed=1.646504ms
ERROR[12-06|21:04:13.279] Nil finalized block cannot evict old blobs
INFO [12-06|21:04:13.280] Block finalized and assembled            height=72 blockProfit=0               txs=0   bundles=0 okSbundles=0 totalSbundles=0 gasUsed=0          time="130.153µs"
INFO [12-06|21:04:13.281] Block finalized and assembled            height=72 blockProfit=0.001232191443  txs=40  bundles=0 okSbundles=0 totalSbundles=0 gasUsed=840,000    time=1.41369ms
INFO [12-06|21:04:13.281] Updated payload                          id=0x03a3f8f8d26848ce number=72 hash=d3e09f..34c250 txs=40  withdrawals=0 gas=840,000    fees=0.001232191443  root=ba27b5..d9a30b elapsed=1.428ms
INFO [12-06|21:04:13.781] Block finalized and assembled            height=72 blockProfit=0               txs=0   bundles=0 okSbundles=0 totalSbundles=0 gasUsed=0          time="545.981µs"
INFO [12-06|21:04:13.799] Block finalized and assembled            height=72 blockProfit=0.002243207866  txs=72  bundles=0 okSbundles=0 totalSbundles=0 gasUsed=1,512,000  time=17.931245ms
INFO [12-06|21:04:13.800] Updated payload                          id=0x0034b6d6c5c64551 number=72 hash=4a367b..53b91c txs=72  withdrawals=0 gas=1,512,000  fees=0.002243207866  root=d5daa2..34361d elapsed=19.037ms
INFO [12-06|21:04:13.801] submitting block to remote relay         endpoint=http://mev-relay-api:9062
INFO [12-06|21:04:13.804] successfully relayed block data to consumer
INFO [12-06|21:04:13.814] json-rpc validation v3 called!
INFO [12-06|21:04:13.814] blobs bundle                             blobs=0 commits=0 proofs=0
INFO [12-06|21:04:13.815] validateBlock method called!
INFO [12-06|21:04:13.828] validated block                          hash=4a367b..53b91c number=72 parentHash=f60dc9..651c1e
INFO [12-06|21:04:13.828] validated blobs bundle                   blobs=0 commits=0 proofs=0
INFO [12-06|21:04:13.846] submitted block                          version=deneb slot=72 value=2243207866452000 parent=0xf60dc993dfb7cef00c41db0bafe1fcb6b6a74a6fc71f3ab936d6a97931651c1e hash=4a367b..53b91c #commitedBundles=0
INFO [12-06|21:04:14.281] Block finalized and assembled            height=72 blockProfit=0               txs=0   bundles=0 okSbundles=0 totalSbundles=0 gasUsed=0          time="662.594µs"
INFO [12-06|21:04:14.287] Block finalized and assembled            height=72 blockProfit=0.002369584919  txs=76  bundles=0 okSbundles=0 totalSbundles=0 gasUsed=1,596,000  time=6.398423ms
INFO [12-06|21:04:14.287] Updated payload                          id=0x0034b6d6c5c64551 number=72 hash=3f4e33..104101 txs=76  withdrawals=0 gas=1,596,000  fees=0.002369584919  root=acf2d5..806375 elapsed=6.557ms
INFO [12-06|21:04:14.289] submitting block to remote relay         endpoint=http://mev-relay-api:9062
INFO [12-06|21:04:14.290] successfully relayed block data to consumer
INFO [12-06|21:04:14.299] json-rpc validation v3 called!
INFO [12-06|21:04:14.299] blobs bundle                             blobs=0 commits=0 proofs=0
INFO [12-06|21:04:14.299] validateBlock method called!
INFO [12-06|21:04:14.314] validated block                          hash=3f4e33..104101 number=72 parentHash=f60dc9..651c1e
INFO [12-06|21:04:14.314] validated blobs bundle                   blobs=0 commits=0 proofs=0
INFO [12-06|21:04:14.332] submitted block                          version=deneb slot=72 value=2369584919352000 parent=0xf60dc993dfb7cef00c41db0bafe1fcb6b6a74a6fc71f3ab936d6a97931651c1e hash=3f4e33..104101 #commitedBundles=0
INFO [12-06|21:04:14.781] Block finalized and assembled            height=72 blockProfit=0               txs=0   bundles=0 okSbundles=0 totalSbundles=0 gasUsed=0          time="734.875µs"
INFO [12-06|21:04:14.787] Block finalized and assembled            height=72 blockProfit=0.002369584919  txs=76  bundles=0 okSbundles=0 totalSbundles=0 gasUsed=1,596,000  time=5.975345ms
INFO [12-06|21:04:14.787] Updated payload                          id=0x0034b6d6c5c64551 number=72 hash=3f4e33..104101 txs=76  withdrawals=0 gas=1,596,000  fees=0.002369584919  root=acf2d5..806375 elapsed=6.138ms
INFO [12-06|21:04:15.002] Block finalized and assembled            height=72 blockProfit=0               txs=0   bundles=0 okSbundles=0 totalSbundles=0 gasUsed=0          time="280.266µs"
INFO [12-06|21:04:15.009] Block finalized and assembled            height=72 blockProfit=0.002369584919  txs=76  bundles=0 okSbundles=0 totalSbundles=0 gasUsed=1,596,000  time=6.976206ms
INFO [12-06|21:04:15.009] Updated payload                          id=0x03a3d06977ed465e number=72 hash=d968f7..652afb txs=76  withdrawals=0 gas=1,596,000  fees=0.002369584919  root=e7ab31..a4e17a elapsed=7.130ms
INFO [12-06|21:04:15.144] Imported new potential chain segment     number=72 hash=15c16b..62c81d blocks=1 txs=75  mgas=1.575  elapsed=20.239ms    mgasps=77.818  snapdiffs=116.73KiB triedirty=1.44MiB
INFO [12-06|21:04:15.154] Chain head was updated                   number=72 hash=15c16b..62c81d root=096ffb..9faef6 elapsed=2.127995ms
INFO [12-06|21:04:15.157] Block finalized and assembled            height=73 blockProfit=0               txs=0   bundles=0 okSbundles=0 totalSbundles=0 gasUsed=0          time="771.986µs"
ERROR[12-06|21:04:15.166] Nil finalized block cannot evict old blobs
INFO [12-06|21:04:15.166] Block finalized and assembled            height=73 blockProfit=0               txs=0   bundles=0 okSbundles=0 totalSbundles=0 gasUsed=0          time=8.387915ms
INFO [12-06|21:04:15.166] Updated payload                          id=0x035be08f8ec321f6 number=73 hash=378ab6..c0563a txs=0   withdrawals=0 gas=0          fees=0               root=b78c85..92d481 elapsed=8.434ms
INFO [12-06|21:04:15.663] Block finalized and assembled            height=73 blockProfit=0               txs=0   bundles=0 okSbundles=0 totalSbundles=0 gasUsed=0          time="508.631µs"
INFO [12-06|21:04:15.664] Block finalized and assembled            height=73 blockProfit=0               txs=0   bundles=0 okSbundles=0 totalSbundles=0 gasUsed=0          time="294.996µs"
INFO [12-06|21:04:15.664] Updated payload                          id=0x00c01ab67ad570f0 number=73 hash=378ab6..c0563a txs=0   withdrawals=0 gas=0          fees=0               root=b78c85..92d481 elapsed="331.287µs"
INFO [12-06|21:04:15.665] submitting block to remote relay         endpoint=http://mev-relay-api:9062
INFO [12-06|21:04:15.665] successfully relayed block data to consumer
INFO [12-06|21:04:15.667] submitted block                          version=deneb slot=73 value=0                parent=0x15c16b2a9f6895023c005236df04d6b9860bea2e4826ed6167bb670f9c62c81d hash=378ab6..c0563a #commitedBundles=0
INFO [12-06|21:04:16.163] Block finalized and assembled            height=73 blockProfit=0               txs=0   bundles=0 okSbundles=0 totalSbundles=0 gasUsed=0          time="321.717µs"
INFO [12-06|21:04:16.163] Block finalized and assembled            height=73 blockProfit=8.336813301e-05 txs=2   bundles=0 okSbundles=0 totalSbundles=0 gasUsed=76415      time="665.494µs"
INFO [12-06|21:04:16.163] Updated payload                          id=0x00c01ab67ad570f0 number=73 hash=9f83c1..8f06e7 txs=2   withdrawals=0 gas=76415      fees=8.336813301e-05 root=2329a1..c52b4b elapsed="692.084µs"
INFO [12-06|21:04:16.164] submitting block to remote relay         endpoint=http://mev-relay-api:9062
INFO [12-06|21:04:16.165] successfully relayed block data to consumer
INFO [12-06|21:04:16.172] json-rpc validation v3 called!
INFO [12-06|21:04:16.172] blobs bundle                             blobs=0 commits=0 proofs=0
INFO [12-06|21:04:16.172] validateBlock method called!
INFO [12-06|21:04:16.174] validated block                          hash=9f83c1..8f06e7 number=73 parentHash=15c16b..62c81d
INFO [12-06|21:04:16.175] validated blobs bundle                   blobs=0 commits=0 proofs=0
INFO [12-06|21:04:16.183] submitted block                          version=deneb slot=73 value=83368133007220   parent=0x15c16b2a9f6895023c005236df04d6b9860bea2e4826ed6167bb670f9c62c81d hash=9f83c1..8f06e7 #commitedBundles=0
INFO [12-06|21:04:16.663] Block finalized and assembled            height=73 blockProfit=0               txs=0   bundles=0 okSbundles=0 totalSbundles=0 gasUsed=0          time="627.713µs"
INFO [12-06|21:04:16.668] Block finalized and assembled            height=73 blockProfit=0.00239596722   txs=40  bundles=0 okSbundles=0 totalSbundles=0 gasUsed=1,613,553  time=4.606277ms
INFO [12-06|21:04:16.668] Updated payload                          id=0x00c01ab67ad570f0 number=73 hash=c64809..6d2aee txs=40  withdrawals=0 gas=1,613,553  fees=0.00239596722   root=cfe55e..3400b1 elapsed=4.837ms
INFO [12-06|21:04:16.669] submitting block to remote relay         endpoint=http://mev-relay-api:9062
INFO [12-06|21:04:16.670] successfully relayed block data to consumer
INFO [12-06|21:04:16.680] json-rpc validation v3 called!
INFO [12-06|21:04:16.680] blobs bundle                             blobs=0 commits=0 proofs=0
INFO [12-06|21:04:16.680] validateBlock method called!
INFO [12-06|21:04:16.690] validated block                          hash=c64809..6d2aee number=73 parentHash=15c16b..62c81d
INFO [12-06|21:04:16.690] validated blobs bundle                   blobs=0 commits=0 proofs=0
INFO [12-06|21:04:16.711] submitted block                          version=deneb slot=73 value=2395967219952896 parent=0x15c16b2a9f6895023c005236df04d6b9860bea2e4826ed6167bb670f9c62c81d hash=c64809..6d2aee #commitedBundles=0
INFO [12-06|21:04:17.004] Block finalized and assembled            height=73 blockProfit=0               txs=0   bundles=0 okSbundles=0 totalSbundles=0 gasUsed=0          time="309.376µs"
INFO [12-06|21:04:17.012] Block finalized and assembled            height=73 blockProfit=0.005783599606  txs=87  bundles=0 okSbundles=0 totalSbundles=0 gasUsed=3,865,250  time=8.454867ms
INFO [12-06|21:04:17.012] Updated payload                          id=0x03049b840782b9e2 number=73 hash=08df02..c3e51f txs=87  withdrawals=0 gas=3,865,250  fees=0.005783599606  root=103103..66b0d8 elapsed=8.526ms
INFO [12-06|21:04:17.115] Imported new potential chain segment     number=73 hash=33904f..cc0f8f blocks=1 txs=3   mgas=0.134  elapsed=2.347ms     mgasps=56.991  snapdiffs=117.22KiB triedirty=1.45MiB
INFO [12-06|21:04:17.119] Chain head was updated                   number=73 hash=33904f..cc0f8f root=d07dd4..cea851 elapsed=1.856939ms
ERROR[12-06|21:04:17.125] Nil finalized block cannot evict old blobs
INFO [12-06|21:04:17.125] Block finalized and assembled            height=74 blockProfit=0               txs=0   bundles=0 okSbundles=0 totalSbundles=0 gasUsed=0          time="177.854µs"
INFO [12-06|21:04:17.130] Block finalized and assembled            height=74 blockProfit=0.006501497106  txs=96  bundles=0 okSbundles=0 totalSbundles=0 gasUsed=4,342,395  time=4.594056ms
INFO [12-06|21:04:17.130] Updated payload                          id=0x03bbc7a74a03a367 number=74 hash=d13db7..2caf34 txs=96  withdrawals=0 gas=4,342,395  fees=0.006501497106  root=9b46e8..186e7b elapsed=4.611ms
INFO [12-06|21:04:17.632] Block finalized and assembled            height=74 blockProfit=0               txs=0   bundles=0 okSbundles=0 totalSbundles=0 gasUsed=0          time="972.461µs"
INFO [12-06|21:04:17.645] Block finalized and assembled            height=74 blockProfit=0.006501497106  txs=96  bundles=0 okSbundles=0 totalSbundles=0 gasUsed=4,342,395  time=12.732395ms
INFO [12-06|21:04:17.645] Updated payload                          id=0x00f51bb2da425fbc number=74 hash=d13db7..2caf34 txs=96  withdrawals=0 gas=4,342,395  fees=0.006501497106  root=9b46e8..186e7b elapsed=13.036ms
INFO [12-06|21:04:17.647] submitting block to remote relay         endpoint=http://mev-relay-api:9062
INFO [12-06|21:04:17.649] successfully relayed block data to consumer
INFO [12-06|21:04:17.661] json-rpc validation v3 called!
INFO [12-06|21:04:17.661] blobs bundle                             blobs=0 commits=0 proofs=0
INFO [12-06|21:04:17.662] validateBlock method called!
INFO [12-06|21:04:17.678] validated block                          hash=d13db7..2caf34 number=74 parentHash=33904f..cc0f8f
INFO [12-06|21:04:17.678] validated blobs bundle                   blobs=0 commits=0 proofs=0
INFO [12-06|21:04:17.694] submitted block                          version=deneb slot=74 value=6501497105958075 parent=0x33904fa8bd3f836562f59fff6c06d62067539803fb45053fcf666caca9cc0f8f hash=d13db7..2caf34 #commitedBundles=0
INFO [12-06|21:04:18.132] Block finalized and assembled            height=74 blockProfit=0               txs=0   bundles=0 okSbundles=0 totalSbundles=0 gasUsed=0          time=1.028252ms
INFO [12-06|21:04:18.143] Block finalized and assembled            height=74 blockProfit=0.006501497106  txs=96  bundles=0 okSbundles=0 totalSbundles=0 gasUsed=4,342,395  time=10.398686ms
INFO [12-06|21:04:18.143] Updated payload                          id=0x00f51bb2da425fbc number=74 hash=d13db7..2caf34 txs=96  withdrawals=0 gas=4,342,395  fees=0.006501497106  root=9b46e8..186e7b elapsed=10.802ms
INFO [12-06|21:04:18.632] Block finalized and assembled            height=74 blockProfit=0               txs=0   bundles=0 okSbundles=0 totalSbundles=0 gasUsed=0          time="829.457µs"
INFO [12-06|21:04:18.643] Block finalized and assembled            height=74 blockProfit=0.006501497106  txs=96  bundles=0 okSbundles=0 totalSbundles=0 gasUsed=4,342,395  time=10.751285ms
INFO [12-06|21:04:18.643] Updated payload                          id=0x00f51bb2da425fbc number=74 hash=d13db7..2caf34 txs=96  withdrawals=0 gas=4,342,395  fees=0.006501497106  root=9b46e8..186e7b elapsed=10.986ms
INFO [12-06|21:04:19.004] Block finalized and assembled            height=74 blockProfit=0               txs=0   bundles=0 okSbundles=0 totalSbundles=0 gasUsed=0          time="650.764µs"
INFO [12-06|21:04:19.013] Block finalized and assembled            height=74 blockProfit=0.006501497106  txs=96  bundles=0 okSbundles=0 totalSbundles=0 gasUsed=4,342,395  time=8.484467ms
INFO [12-06|21:04:19.013] Updated payload                          id=0x0304b2c614f463ec number=74 hash=522601..20c2a2 txs=96  withdrawals=0 gas=4,342,395  fees=0.006501497106  root=737936..3c627d elapsed=8.663ms
INFO [12-06|21:04:19.014] VaPrBl: ValidateProfBlock called!
INFO [12-06|21:04:19.015] > VaPrBl: profBlock details              profBlock="&{header:0xc000555680 uncles:[] transactions:[0xc001b35020 0xc001b35140 0xc001b351a0 0xc001b35260 0xc001b353e0 0xc001b35500 0xc001b355c0 0xc001b357a0 0xc001b35920 0xc001b35980 0xc001b359e0 0xc001fa1500 0xc001fa15c0 0xc001fa1620 0xc001e37ec0 0xc001e37f20 0xc00289c000 0xc00289c0c0 0xc00289c2a0 0xc00289c300 0xc00289c3c0 0xc00289c480 0xc00289c600 0xc00289c6c0 0xc00289c780 0xc00289c7e0 0xc001338cc0 0xc0013a6ea0 0xc0013a7260 0xc0013a7620 0xc0013a79e0 0xc0013a7da0 0xc0013a7e00 0xc0013a7f20 0xc00154a1e0 0xc00154a360 0xc00154a3c0 0xc00154a540 0xc00154a840 0xc00154a900 0xc00154a960 0xc00154acc0 0xc00154ad20 0xc00154b080 0xc00154b140 0xc00154b920 0xc00154b980 0xc00154bc20 0xc00154bf20 0xc001aba180 0xc001aba4e0 0xc001aba540 0xc001aba6c0 0xc001aba8a0 0xc001abac60 0xc001abacc0 0xc001abb020 0xc001abb080 0xc001abb380 0xc001abb3e0 0xc001abb620 0xc001abb7a0 0xc001abb800 0xc001abbaa0 0xc001abbb60 0xc001abbbc0 0xc001abbf20 0xc001bee120 0xc001bee180 0xc001bee300 0xc001bee360 0xc001bee420 0xc001bee5a0 0xc001bee600 0xc001bee720 0xc001bee9c0 0xc001beea20 0xc001beea80 0xc001beeae0 0xc001beeb40 0xc001beee40 0xc001beeea0 0xc001bef200 0xc001bef5c0 0xc001bef620 0xc001bef980 0xc001bef9e0 0xc001befc20 0xc001befc80 0xc001befce0 0xc001befda0 0xc001d94240 0xc001d94480 0xc001d944e0 0xc001d94ba0 0xc001d94d80 0xc001d94de0] withdrawals:[] hash:{v:<nil>} size:{v:22809} ReceivedAt:0001-01-01 00:00:00 +0000 UTC ReceivedFrom:<nil>}"
INFO [12-06|21:04:19.015] > VaPrBl: proposerFeeRecipient           proposerFeeRecipient=0x8943545177806ED17B9F23F0a21ee5948eCaa776
INFO [12-06|21:04:19.015] > VaPrBl: registeredGasLimit             registeredGasLimit=26872461
INFO [12-06|21:04:19.015] > VaPrBl: SimulateProfBlock params       block=296989..1aaeca blockNumber=74 feeRecipient=0x8943545177806ED17B9F23F0a21ee5948eCaa776 registeredGasLimit=26,872,461 vmconfig="{Tracer:<nil> NoBaseFee:false EnablePreimageRecording:false ExtraEips:[]}" useBalanceDiff=true excludeWithdrawals=true
INFO [12-06|21:04:19.015] Starting SimulateProfBlock               blockNumber=74 blockHash=296989..1aaeca feeRecipient=0x8943545177806ED17B9F23F0a21ee5948eCaa776 registeredGasLimit=26,872,461
INFO [12-06|21:04:19.015] Found parent block                       parentNumber=73 parentHash=33904f..cc0f8f parentRoot=d07dd4..cea851
INFO [12-06|21:04:19.027] SimulateProfBlock - Used Gas             usedGas=4,449,564 registeredGasLimit=26,872,461
INFO [12-06|21:04:19.028] validated prof block                     number=74 parentHash=33904f..cc0f8f
INFO [12-06|21:04:19.162] Imported new potential chain segment     number=74 hash=fa7917..c36db9 blocks=1 txs=97  mgas=4.450  elapsed=26.752ms    mgasps=166.322 snapdiffs=122.21KiB triedirty=1.52MiB
INFO [12-06|21:04:19.181] Chain head was updated                   number=74 hash=fa7917..c36db9 root=a7c220..422330 elapsed=10.872107ms
ERROR[12-06|21:04:19.197] Nil finalized block cannot evict old blobs
INFO [12-06|21:04:19.199] Block finalized and assembled            height=75 blockProfit=0               txs=0   bundles=0 okSbundles=0 totalSbundles=0 gasUsed=0          time=1.027711ms
INFO [12-06|21:04:19.200] Block finalized and assembled            height=75 blockProfit=0               txs=0   bundles=0 okSbundles=0 totalSbundles=0 gasUsed=0          time="670.664µs"
INFO [12-06|21:04:19.200] Updated payload                          id=0x03533ae813d0cbd0 number=75 hash=61494f..ed8948 txs=0   withdrawals=0 gas=0          fees=0               root=702e68..374376 elapsed="744.595µs"
INFO [12-06|21:04:19.700] Block finalized and assembled            height=75 blockProfit=0               txs=0   bundles=0 okSbundles=0 totalSbundles=0 gasUsed=0          time=1.049312ms
INFO [12-06|21:04:19.701] Block finalized and assembled            height=75 blockProfit=0               txs=0   bundles=0 okSbundles=0 totalSbundles=0 gasUsed=0          time=1.082682ms
INFO [12-06|21:04:19.701] Updated payload                          id=0x00446fdd1c99e06b number=75 hash=61494f..ed8948 txs=0   withdrawals=0 gas=0          fees=0               root=702e68..374376 elapsed=1.155ms
INFO [12-06|21:04:19.702] submitting block to remote relay         endpoint=http://mev-relay-api:9062
INFO [12-06|21:04:19.702] successfully relayed block data to consumer
INFO [12-06|21:04:19.703] submitted block                          version=deneb slot=75 value=0                parent=0xfa791744f31c2e9294467f16ab3880726c56665ae3a13a3613a53572c1c36db9 hash=61494f..ed8948 #commitedBundles=0
INFO [12-06|21:04:20.200] Block finalized and assembled            height=75 blockProfit=0               txs=0   bundles=0 okSbundles=0 totalSbundles=0 gasUsed=0          time="909.329µs"
INFO [12-06|21:04:20.201] Block finalized and assembled            height=75 blockProfit=0               txs=0   bundles=0 okSbundles=0 totalSbundles=0 gasUsed=0          time="589.892µs"
INFO [12-06|21:04:20.201] Updated payload                          id=0x00446fdd1c99e06b number=75 hash=61494f..ed8948 txs=0   withdrawals=0 gas=0          fees=0               root=702e68..374376 elapsed="615.583µs"
INFO [12-06|21:04:20.700] Block finalized and assembled            height=75 blockProfit=0               txs=0   bundles=0 okSbundles=0 totalSbundles=0 gasUsed=0          time="856.068µs"
INFO [12-06|21:04:20.701] Block finalized and assembled            height=75 blockProfit=0               txs=0   bundles=0 okSbundles=0 totalSbundles=0 gasUsed=0          time="460.69µs"
INFO [12-06|21:04:20.701] Updated payload                          id=0x00446fdd1c99e06b number=75 hash=61494f..ed8948 txs=0   withdrawals=0 gas=0          fees=0               root=702e68..374376 elapsed="478.94µs"
INFO [12-06|21:04:21.004] Block finalized and assembled            height=75 blockProfit=0               txs=0   bundles=0 okSbundles=0 totalSbundles=0 gasUsed=0          time="445.3µs"
INFO [12-06|21:04:21.005] Block finalized and assembled            height=75 blockProfit=0               txs=0   bundles=0 okSbundles=0 totalSbundles=0 gasUsed=0          time="530.761µs"
INFO [12-06|21:04:21.005] Updated payload                          id=0x03677a12d2c4c1c3 number=75 hash=51e29b..43c73a txs=0   withdrawals=0 gas=0          fees=0               root=fc40d2..344770 elapsed="549.132µs"
INFO [12-06|21:04:21.118] Imported new potential chain segment     number=75 hash=97645d..bcbb25 blocks=1 txs=0   mgas=0.000  elapsed=3.823ms     mgasps=0.000   snapdiffs=122.44KiB triedirty=1.52MiB
INFO [12-06|21:04:21.127] Chain head was updated                   number=75 hash=97645d..bcbb25 root=702e68..374376 elapsed=2.134305ms
ERROR[12-06|21:04:21.127] Nil finalized block cannot evict old blobs
INFO [12-06|21:04:21.128] Block finalized and assembled            height=76 blockProfit=0               txs=0   bundles=0 okSbundles=0 totalSbundles=0 gasUsed=0          time="388.868µs"
INFO [12-06|21:04:21.129] Block finalized and assembled            height=76 blockProfit=0               txs=0   bundles=0 okSbundles=0 totalSbundles=0 gasUsed=0          time="508.92µs"
INFO [12-06|21:04:21.129] Updated payload                          id=0x030c9d502e944bae number=76 hash=7a9b5a..e2a72f txs=0   withdrawals=0 gas=0          fees=0               root=0c15bb..2e5980 elapsed="568.021µs"
INFO [12-06|21:04:21.631] Block finalized and assembled            height=76 blockProfit=0               txs=0   bundles=0 okSbundles=0 totalSbundles=0 gasUsed=0          time="816.478µs"
INFO [12-06|21:04:21.632] Block finalized and assembled            height=76 blockProfit=0               txs=0   bundles=0 okSbundles=0 totalSbundles=0 gasUsed=0          time="595.113µs"
INFO [12-06|21:04:21.632] Updated payload                          id=0x0023807dede9b5b7 number=76 hash=7a9b5a..e2a72f txs=0   withdrawals=0 gas=0          fees=0               root=0c15bb..2e5980 elapsed="647.594µs"
INFO [12-06|21:04:21.633] submitting block to remote relay         endpoint=http://mev-relay-api:9062
INFO [12-06|21:04:21.634] successfully relayed block data to consumer
INFO [12-06|21:04:21.635] submitted block                          version=deneb slot=76 value=0                parent=0x97645dc349ce87166e5f3ae357cc0e87d08869f088f9243656666fb114bcbb25 hash=7a9b5a..e2a72f #commitedBundles=0
INFO [12-06|21:04:22.131] Block finalized and assembled            height=76 blockProfit=0               txs=0   bundles=0 okSbundles=0 totalSbundles=0 gasUsed=0          time=1.106803ms
INFO [12-06|21:04:22.132] Block finalized and assembled            height=76 blockProfit=0               txs=0   bundles=0 okSbundles=0 totalSbundles=0 gasUsed=0          time="763.386µs"
INFO [12-06|21:04:22.132] Updated payload                          id=0x0023807dede9b5b7 number=76 hash=7a9b5a..e2a72f txs=0   withdrawals=0 gas=0          fees=0               root=0c15bb..2e5980 elapsed="856.788µs"
INFO [12-06|21:04:22.623] Looking for peers                        peercount=2 tried=25 static=0
INFO [12-06|21:04:22.631] Block finalized and assembled            height=76 blockProfit=0               txs=0   bundles=0 okSbundles=0 totalSbundles=0 gasUsed=0          time="706.635µs"
INFO [12-06|21:04:22.632] Block finalized and assembled            height=76 blockProfit=0               txs=0   bundles=0 okSbundles=0 totalSbundles=0 gasUsed=0          time="621.224µs"
INFO [12-06|21:04:22.632] Updated payload                          id=0x0023807dede9b5b7 number=76 hash=7a9b5a..e2a72f txs=0   withdrawals=0 gas=0          fees=0               root=0c15bb..2e5980 elapsed="683.405µs"
INFO [12-06|21:04:23.004] Block finalized and assembled            height=76 blockProfit=0               txs=0   bundles=0 okSbundles=0 totalSbundles=0 gasUsed=0          time="754.965µs"
INFO [12-06|21:04:23.004] Block finalized and assembled            height=76 blockProfit=0               txs=0   bundles=0 okSbundles=0 totalSbundles=0 gasUsed=0          time="201.804µs"
INFO [12-06|21:04:23.005] Updated payload                          id=0x03fde73162f73833 number=76 hash=de464b..2cebbe txs=0   withdrawals=0 gas=0          fees=0               root=862092..beefef elapsed="223.905µs"
INFO [12-06|21:04:23.123] Imported new potential chain segment     number=76 hash=e26159..ab9069 blocks=1 txs=0   mgas=0.000  elapsed=3.804ms     mgasps=0.000   snapdiffs=122.67KiB triedirty=1.53MiB
INFO [12-06|21:04:23.130] Chain head was updated                   number=76 hash=e26159..ab9069 root=0c15bb..2e5980 elapsed=2.191245ms
ERROR[12-06|21:04:23.131] Nil finalized block cannot evict old blobs
INFO [12-06|21:04:23.133] Block finalized and assembled            height=77 blockProfit=0               txs=0   bundles=0 okSbundles=0 totalSbundles=0 gasUsed=0          time="533.902µs"
INFO [12-06|21:04:23.134] Block finalized and assembled            height=77 blockProfit=0               txs=0   bundles=0 okSbundles=0 totalSbundles=0 gasUsed=0          time="346.807µs"
INFO [12-06|21:04:23.134] Updated payload                          id=0x03a29cd940b0138b number=77 hash=42b944..ce76be txs=0   withdrawals=0 gas=0          fees=0               root=8b4851..e0ccb6 elapsed="366.817µs"
INFO [12-06|21:04:23.636] Block finalized and assembled            height=77 blockProfit=0               txs=0   bundles=0 okSbundles=0 totalSbundles=0 gasUsed=0          time=1.220305ms
INFO [12-06|21:04:23.637] Block finalized and assembled            height=77 blockProfit=0               txs=0   bundles=0 okSbundles=0 totalSbundles=0 gasUsed=0          time="624.123µs"
INFO [12-06|21:04:23.637] Updated payload                          id=0x003afc4ec3abe18f number=77 hash=42b944..ce76be txs=0   withdrawals=0 gas=0          fees=0               root=8b4851..e0ccb6 elapsed="698.435µs"
INFO [12-06|21:04:23.638] submitting block to remote relay         endpoint=http://mev-relay-api:9062
INFO [12-06|21:04:23.639] successfully relayed block data to consumer
INFO [12-06|21:04:23.640] submitted block                          version=deneb slot=77 value=0                parent=0xe261592a68257c05db93c1a431364a8fedb33b7477a376966dd60c9297ab9069 hash=42b944..ce76be #commitedBundles=0
INFO [12-06|21:04:24.135] Block finalized and assembled            height=77 blockProfit=0               txs=0   bundles=0 okSbundles=0 totalSbundles=0 gasUsed=0          time="797.376µs"
INFO [12-06|21:04:24.136] Block finalized and assembled            height=77 blockProfit=0               txs=0   bundles=0 okSbundles=0 totalSbundles=0 gasUsed=0          time="515.431µs"
INFO [12-06|21:04:24.136] Updated payload                          id=0x003afc4ec3abe18f number=77 hash=42b944..ce76be txs=0   withdrawals=0 gas=0          fees=0               root=8b4851..e0ccb6 elapsed="571.432µs"
INFO [12-06|21:04:24.635] Block finalized and assembled            height=77 blockProfit=0               txs=0   bundles=0 okSbundles=0 totalSbundles=0 gasUsed=0          time="996.911µs"
INFO [12-06|21:04:24.637] Block finalized and assembled            height=77 blockProfit=0               txs=0   bundles=0 okSbundles=0 totalSbundles=0 gasUsed=0          time=1.535062ms
INFO [12-06|21:04:24.637] Updated payload                          id=0x003afc4ec3abe18f number=77 hash=42b944..ce76be txs=0   withdrawals=0 gas=0          fees=0               root=8b4851..e0ccb6 elapsed=1.576ms
INFO [12-06|21:04:25.003] Block finalized and assembled            height=77 blockProfit=0               txs=0   bundles=0 okSbundles=0 totalSbundles=0 gasUsed=0          time="516.38µs"
INFO [12-06|21:04:25.004] Block finalized and assembled            height=77 blockProfit=0               txs=0   bundles=0 okSbundles=0 totalSbundles=0 gasUsed=0          time="220.344µs"
INFO [12-06|21:04:25.004] Updated payload                          id=0x0325ae1cb4505598 number=77 hash=84ba7f..b45c19 txs=0   withdrawals=0 gas=0          fees=0               root=2b7cb9..944f91 elapsed="243.495µs"
INFO [12-06|21:04:25.125] Imported new potential chain segment     number=77 hash=011a63..b49c69 blocks=1 txs=0   mgas=0.000  elapsed=5.033ms     mgasps=0.000   snapdiffs=122.91KiB triedirty=1.53MiB
INFO [12-06|21:04:25.132] Chain head was updated                   number=77 hash=011a63..b49c69 root=8b4851..e0ccb6 elapsed=2.256727ms
ERROR[12-06|21:04:25.134] Nil finalized block cannot evict old blobs
INFO [12-06|21:04:25.135] Block finalized and assembled            height=78 blockProfit=0               txs=0   bundles=0 okSbundles=0 totalSbundles=0 gasUsed=0          time="277.706µs"
INFO [12-06|21:04:25.135] Block finalized and assembled            height=78 blockProfit=0               txs=0   bundles=0 okSbundles=0 totalSbundles=0 gasUsed=0          time="250.685µs"
INFO [12-06|21:04:25.135] Updated payload                          id=0x03a2300b3e8f90ee number=78 hash=0ae857..d4a9b4 txs=0   withdrawals=0 gas=0          fees=0               root=f366ae..6693ca elapsed="271.565µs"
INFO [12-06|21:04:25.637] Block finalized and assembled            height=78 blockProfit=0               txs=0   bundles=0 okSbundles=0 totalSbundles=0 gasUsed=0          time="810.177µs"
INFO [12-06|21:04:25.638] Block finalized and assembled            height=78 blockProfit=0               txs=0   bundles=0 okSbundles=0 totalSbundles=0 gasUsed=0          time="712.685µs"
INFO [12-06|21:04:25.638] Updated payload                          id=0x00fa237e729ebdc6 number=78 hash=0ae857..d4a9b4 txs=0   withdrawals=0 gas=0          fees=0               root=f366ae..6693ca elapsed="758.396µs"
INFO [12-06|21:04:25.639] submitting block to remote relay         endpoint=http://mev-relay-api:9062
INFO [12-06|21:04:25.640] successfully relayed block data to consumer
INFO [12-06|21:04:25.640] submitted block                          version=deneb slot=78 value=0                parent=0x011a63908a8cab4280ff2d006147164646fb8d75c58c1445cca3735a29b49c69 hash=0ae857..d4a9b4 #commitedBundles=0
INFO [12-06|21:04:26.137] Block finalized and assembled            height=78 blockProfit=0               txs=0   bundles=0 okSbundles=0 totalSbundles=0 gasUsed=0          time="766.286µs"
INFO [12-06|21:04:26.137] Block finalized and assembled            height=78 blockProfit=0               txs=0   bundles=0 okSbundles=0 totalSbundles=0 gasUsed=0          time="590.923µs"
INFO [12-06|21:04:26.137] Updated payload                          id=0x00fa237e729ebdc6 number=78 hash=0ae857..d4a9b4 txs=0   withdrawals=0 gas=0          fees=0               root=f366ae..6693ca elapsed="646.724µs"
INFO [12-06|21:04:26.637] Block finalized and assembled            height=78 blockProfit=0               txs=0   bundles=0 okSbundles=0 totalSbundles=0 gasUsed=0          time="230.624µs"
INFO [12-06|21:04:26.637] Block finalized and assembled            height=78 blockProfit=0               txs=0   bundles=0 okSbundles=0 totalSbundles=0 gasUsed=0          time="159.424µs"
INFO [12-06|21:04:26.637] Updated payload                          id=0x00fa237e729ebdc6 number=78 hash=0ae857..d4a9b4 txs=0   withdrawals=0 gas=0          fees=0               root=f366ae..6693ca elapsed="171.174µs"
INFO [12-06|21:04:27.004] Block finalized and assembled            height=78 blockProfit=0               txs=0   bundles=0 okSbundles=0 totalSbundles=0 gasUsed=0          time="540.272µs"
INFO [12-06|21:04:27.007] Block finalized and assembled            height=78 blockProfit=0.0006318871146 txs=21  bundles=0 okSbundles=0 totalSbundles=0 gasUsed=441,000    time=1.514202ms
INFO [12-06|21:04:27.007] Updated payload                          id=0x0311f81a03de78b2 number=78 hash=b82305..4b3047 txs=21  withdrawals=0 gas=441,000    fees=0.0006318871146 root=d44ee6..cc22f1 elapsed=1.653ms
INFO [12-06|21:04:27.119] Imported new potential chain segment     number=78 hash=efbdc6..96caa2 blocks=1 txs=0   mgas=0.000  elapsed=3.990ms     mgasps=0.000   snapdiffs=123.14KiB triedirty=1.53MiB
INFO [12-06|21:04:27.127] Chain head was updated                   number=78 hash=efbdc6..96caa2 root=f366ae..6693ca elapsed=2.475813ms
ERROR[12-06|21:04:27.131] Nil finalized block cannot evict old blobs
INFO [12-06|21:04:27.133] Block finalized and assembled            height=79 blockProfit=0               txs=0   bundles=0 okSbundles=0 totalSbundles=0 gasUsed=0          time="639.093µs"
INFO [12-06|21:04:27.137] Block finalized and assembled            height=79 blockProfit=0.0008846486867 txs=29  bundles=0 okSbundles=0 totalSbundles=0 gasUsed=609,000    time=3.710737ms
INFO [12-06|21:04:27.137] Updated payload                          id=0x03f368db04182d3c number=79 hash=6bc3d6..ce380b txs=29  withdrawals=0 gas=609,000    fees=0.0008846486867 root=644a4e..8551e4 elapsed=3.839ms
INFO [12-06|21:04:27.640] Block finalized and assembled            height=79 blockProfit=0               txs=0   bundles=0 okSbundles=0 totalSbundles=0 gasUsed=0          time="541.762µs"
INFO [12-06|21:04:27.645] Block finalized and assembled            height=79 blockProfit=0.001958858608  txs=63  bundles=0 okSbundles=0 totalSbundles=0 gasUsed=1,323,000  time=5.241599ms
INFO [12-06|21:04:27.645] Updated payload                          id=0x0069a8bfd540a9a1 number=79 hash=b66b54..741e7f txs=63  withdrawals=0 gas=1,323,000  fees=0.001958858608  root=6640ca..a40ccd elapsed=5.369ms
INFO [12-06|21:04:27.646] submitting block to remote relay         endpoint=http://mev-relay-api:9062
INFO [12-06|21:04:27.647] successfully relayed block data to consumer
INFO [12-06|21:04:27.655] json-rpc validation v3 called!
INFO [12-06|21:04:27.655] blobs bundle                             blobs=0 commits=0 proofs=0
INFO [12-06|21:04:27.656] validateBlock method called!
INFO [12-06|21:04:27.672] validated block                          hash=b66b54..741e7f number=79 parentHash=efbdc6..96caa2
INFO [12-06|21:04:27.672] validated blobs bundle                   blobs=0 commits=0 proofs=0
INFO [12-06|21:04:27.687] submitted block                          version=deneb slot=79 value=1958858607888000 parent=0xefbdc6815448928d6f1e2defdc1d6f84241e45e4a22888c769e8c0662696caa2 hash=b66b54..741e7f #commitedBundles=0
INFO [12-06|21:04:28.139] Block finalized and assembled            height=79 blockProfit=0               txs=0   bundles=0 okSbundles=0 totalSbundles=0 gasUsed=0          time="549.462µs"
INFO [12-06|21:04:28.146] Block finalized and assembled            height=79 blockProfit=0.00296987971   txs=95  bundles=0 okSbundles=0 totalSbundles=0 gasUsed=1,995,000  time=7.310703ms
INFO [12-06|21:04:28.147] Updated payload                          id=0x0069a8bfd540a9a1 number=79 hash=87dfc6..d8df53 txs=95  withdrawals=0 gas=1,995,000  fees=0.00296987971   root=23d0d3..8c3c9e elapsed=7.455ms
INFO [12-06|21:04:28.148] submitting block to remote relay         endpoint=http://mev-relay-api:9062
INFO [12-06|21:04:28.149] successfully relayed block data to consumer
INFO [12-06|21:04:28.158] json-rpc validation v3 called!
INFO [12-06|21:04:28.158] blobs bundle                             blobs=0 commits=0 proofs=0
INFO [12-06|21:04:28.158] validateBlock method called!
INFO [12-06|21:04:28.174] validated block                          hash=87dfc6..d8df53 number=79 parentHash=efbdc6..96caa2
INFO [12-06|21:04:28.174] validated blobs bundle                   blobs=0 commits=0 proofs=0
INFO [12-06|21:04:28.187] submitted block                          version=deneb slot=79 value=2969879710224000 parent=0xefbdc6815448928d6f1e2defdc1d6f84241e45e4a22888c769e8c0662696caa2 hash=87dfc6..d8df53 #commitedBundles=0
INFO [12-06|21:04:28.640] Block finalized and assembled            height=79 blockProfit=0               txs=0   bundles=0 okSbundles=0 totalSbundles=0 gasUsed=0          time="802.147µs"
INFO [12-06|21:04:28.658] Block finalized and assembled            height=79 blockProfit=0.003159446167  txs=101 bundles=0 okSbundles=0 totalSbundles=0 gasUsed=2,121,000  time=17.747291ms
INFO [12-06|21:04:28.659] Updated payload                          id=0x0069a8bfd540a9a1 number=79 hash=72cb94..6313f1 txs=101 withdrawals=0 gas=2,121,000  fees=0.003159446167  root=338254..900aa2 elapsed=19.070ms
INFO [12-06|21:04:28.660] submitting block to remote relay         endpoint=http://mev-relay-api:9062
INFO [12-06|21:04:28.661] successfully relayed block data to consumer
INFO [12-06|21:04:28.672] json-rpc validation v3 called!
INFO [12-06|21:04:28.672] blobs bundle                             blobs=0 commits=0 proofs=0
INFO [12-06|21:04:28.672] validateBlock method called!
INFO [12-06|21:04:28.685] validated block                          hash=72cb94..6313f1 number=79 parentHash=efbdc6..96caa2
INFO [12-06|21:04:28.686] validated blobs bundle                   blobs=0 commits=0 proofs=0
INFO [12-06|21:04:28.704] submitted block                          version=deneb slot=79 value=3159446166912000 parent=0xefbdc6815448928d6f1e2defdc1d6f84241e45e4a22888c769e8c0662696caa2 hash=72cb94..6313f1 #commitedBundles=0
INFO [12-06|21:04:29.003] Block finalized and assembled            height=79 blockProfit=0               txs=0   bundles=0 okSbundles=0 totalSbundles=0 gasUsed=0          time="614.953µs"
INFO [12-06|21:04:29.013] Block finalized and assembled            height=79 blockProfit=0.003159446167  txs=101 bundles=0 okSbundles=0 totalSbundles=0 gasUsed=2,121,000  time=10.456239ms
INFO [12-06|21:04:29.014] Updated payload                          id=0x03f3c78f51f7e309 number=79 hash=81bf85..dba8d9 txs=101 withdrawals=0 gas=2,121,000  fees=0.003159446167  root=8d4f8e..c78f67 elapsed=10.578ms
INFO [12-06|21:04:29.015] VaPrBl: ValidateProfBlock called!
INFO [12-06|21:04:29.015] > VaPrBl: profBlock details              profBlock="&{header:0xc0015a9400 uncles:[] transactions:[0xc002cd6660 0xc002cd6720 0xc002cd67e0 0xc002cd69c0 0xc002cd6a80 0xc002cd6b40 0xc002cd6c00 0xc002cd6cc0 0xc002cd6d80 0xc002cd6f00 0xc002cd6fc0 0xc002cd7080 0xc002cd7140 0xc002cd7260 0xc002cd7320 0xc002cd73e0 0xc002cd7620 0xc002cd76e0 0xc002cd77a0 0xc002cd78c0 0xc002cd79e0 0xc002cd7aa0 0xc002cd7b60 0xc002cd7c20 0xc002cd7ce0 0xc002cd7da0 0xc002cd7e60 0xc002cd7f20 0xc001eac000 0xc001eac0c0 0xc001eac180 0xc001eac240 0xc001eac360 0xc001eac420 0xc001eac4e0 0xc001eac5a0 0xc001eac660 0xc001eac720 0xc001eac8a0 0xc001eac960 0xc001eaca20 0xc001eacae0 0xc001eacc60 0xc001eacd20 0xc001eacde0 0xc001eacea0 0xc001ead020 0xc001ead0e0 0xc001ead1a0 0xc001ead260 0xc001ead3e0 0xc001ead4a0 0xc001ead560 0xc001ead620 0xc001ead6e0 0xc001ead860 0xc001ead920 0xc001ead9e0 0xc001eadaa0 0xc001eadb60 0xc001eadc20 0xc001eadce0 0xc001eadda0 0xc001eadf20 0xc001ef8000 0xc001ef80c0 0xc001ef81e0 0xc001ef8360 0xc001ef8420 0xc001ef84e0 0xc001ef85a0 0xc001ef86c0 0xc001ef8840 0xc001ef8900 0xc001ef89c0 0xc001ef8a80 0xc001ef8c00 0xc001ef8cc0 0xc001ef8d80 0xc001ef8e40 0xc001ef9080 0xc001ef9140 0xc001ef9200 0xc001ef92c0 0xc001ef94a0 0xc001ef9560 0xc001ef9620 0xc001ef96e0 0xc001ef97a0 0xc001ef9920 0xc001ef99e0 0xc001ef9aa0 0xc001ef9b60 0xc001ef9c80 0xc001ef9e00 0xc001ef9ec0 0xc001ef9f80 0xc001f7a060 0xc001f7a1e0 0xc001f7a2a0 0xc001f7a360 0xc001f7a3c0 0xc001f7a420] withdrawals:[] hash:{v:<nil>} size:{v:12894} ReceivedAt:0001-01-01 00:00:00 +0000 UTC ReceivedFrom:<nil>}"
INFO [12-06|21:04:29.016] > VaPrBl: proposerFeeRecipient           proposerFeeRecipient=0x8943545177806ED17B9F23F0a21ee5948eCaa776
INFO [12-06|21:04:29.016] > VaPrBl: registeredGasLimit             registeredGasLimit=27003923
INFO [12-06|21:04:29.016] > VaPrBl: SimulateProfBlock params       block=ddbd7c..06c461 blockNumber=79 feeRecipient=0x8943545177806ED17B9F23F0a21ee5948eCaa776 registeredGasLimit=27,003,923 vmconfig="{Tracer:<nil> NoBaseFee:false EnablePreimageRecording:false ExtraEips:[]}" useBalanceDiff=true excludeWithdrawals=true
INFO [12-06|21:04:29.016] Starting SimulateProfBlock               blockNumber=79 blockHash=ddbd7c..06c461 feeRecipient=0x8943545177806ED17B9F23F0a21ee5948eCaa776 registeredGasLimit=27,003,923
INFO [12-06|21:04:29.016] Found parent block                       parentNumber=78 parentHash=efbdc6..96caa2 parentRoot=f366ae..6693ca
INFO [12-06|21:04:29.027] SimulateProfBlock - Used Gas             usedGas=2,335,512 registeredGasLimit=27,003,923
INFO [12-06|21:04:29.030] validated prof block                     number=79 parentHash=efbdc6..96caa2
INFO [12-06|21:04:29.155] Imported new potential chain segment     number=79 hash=8eebbc..8fcd85 blocks=1 txs=103 mgas=2.336  elapsed=22.022ms    mgasps=106.053 snapdiffs=128.88KiB triedirty=1.60MiB
INFO [12-06|21:04:29.165] Chain head was updated                   number=79 hash=8eebbc..8fcd85 root=4328e3..d4d4a0 elapsed=2.620324ms
INFO [12-06|21:04:29.167] Block finalized and assembled            height=80 blockProfit=0               txs=0   bundles=0 okSbundles=0 totalSbundles=0 gasUsed=0          time="413.499µs"
ERROR[12-06|21:04:29.174] Nil finalized block cannot evict old blobs
INFO [12-06|21:04:29.174] Block finalized and assembled            height=80 blockProfit=0               txs=0   bundles=0 okSbundles=0 totalSbundles=0 gasUsed=0          time=7.624829ms
INFO [12-06|21:04:29.174] Updated payload                          id=0x036608e8c532c9d0 number=80 hash=b76271..1f3d05 txs=0   withdrawals=0 gas=0          fees=0               root=c6dde6..b91099 elapsed=7.645ms
INFO [12-06|21:04:29.668] Block finalized and assembled            height=80 blockProfit=0               txs=0   bundles=0 okSbundles=0 totalSbundles=0 gasUsed=0          time="886.548µs"
INFO [12-06|21:04:29.669] Block finalized and assembled            height=80 blockProfit=0               txs=0   bundles=0 okSbundles=0 totalSbundles=0 gasUsed=0          time="561.501µs"
INFO [12-06|21:04:29.669] Updated payload                          id=0x0090d2b5194c9c4d number=80 hash=b76271..1f3d05 txs=0   withdrawals=0 gas=0          fees=0               root=c6dde6..b91099 elapsed="624.884µs"
INFO [12-06|21:04:29.670] submitting block to remote relay         endpoint=http://mev-relay-api:9062
INFO [12-06|21:04:29.671] successfully relayed block data to consumer
INFO [12-06|21:04:29.673] submitted block                          version=deneb slot=80 value=0                parent=0x8eebbc6f83f8ea011d5b2e5ddea294504c2eb21661213b4c07d9f39aaf8fcd85 hash=b76271..1f3d05 #commitedBundles=0
INFO [12-06|21:04:30.168] Block finalized and assembled            height=80 blockProfit=0               txs=0   bundles=0 okSbundles=0 totalSbundles=0 gasUsed=0          time="426.219µs"
INFO [12-06|21:04:30.169] Block finalized and assembled            height=80 blockProfit=0               txs=0   bundles=0 okSbundles=0 totalSbundles=0 gasUsed=0          time="449.21µs"
INFO [12-06|21:04:30.169] Updated payload                          id=0x0090d2b5194c9c4d number=80 hash=b76271..1f3d05 txs=0   withdrawals=0 gas=0          fees=0               root=c6dde6..b91099 elapsed="535.621µs"
INFO [12-06|21:04:30.669] Block finalized and assembled            height=80 blockProfit=0               txs=0   bundles=0 okSbundles=0 totalSbundles=0 gasUsed=0          time="838.128µs"
INFO [12-06|21:04:30.670] Block finalized and assembled            height=80 blockProfit=0               txs=0   bundles=0 okSbundles=0 totalSbundles=0 gasUsed=0          time="657.883µs"
INFO [12-06|21:04:30.670] Updated payload                          id=0x0090d2b5194c9c4d number=80 hash=b76271..1f3d05 txs=0   withdrawals=0 gas=0          fees=0               root=c6dde6..b91099 elapsed="722.525µs"
INFO [12-06|21:04:31.003] Block finalized and assembled            height=80 blockProfit=0               txs=0   bundles=0 okSbundles=0 totalSbundles=0 gasUsed=0          time="345.088µs"
INFO [12-06|21:04:31.003] Block finalized and assembled            height=80 blockProfit=0               txs=0   bundles=0 okSbundles=0 totalSbundles=0 gasUsed=0          time="265.455µs"
INFO [12-06|21:04:31.003] Updated payload                          id=0x0387e692e1588394 number=80 hash=555a08..68f737 txs=0   withdrawals=0 gas=0          fees=0               root=04225a..3e9fd8 elapsed="310.336µs"
INFO [12-06|21:04:31.122] Imported new potential chain segment     number=80 hash=56a64c..5689a6 blocks=1 txs=0   mgas=0.000  elapsed=3.559ms     mgasps=0.000   snapdiffs=129.11KiB triedirty=1.60MiB
INFO [12-06|21:04:31.129] Chain head was updated                   number=80 hash=56a64c..5689a6 root=c6dde6..b91099 elapsed=1.89564ms
ERROR[12-06|21:04:31.130] Nil finalized block cannot evict old blobs
INFO [12-06|21:04:31.131] Block finalized and assembled            height=81 blockProfit=0               txs=0   bundles=0 okSbundles=0 totalSbundles=0 gasUsed=0          time="462.48µs"
INFO [12-06|21:04:31.133] Block finalized and assembled            height=81 blockProfit=0               txs=0   bundles=0 okSbundles=0 totalSbundles=0 gasUsed=0          time="556.211µs"
INFO [12-06|21:04:31.133] Updated payload                          id=0x032e96c9ea2e1a33 number=81 hash=58f87b..e8758a txs=0   withdrawals=0 gas=0          fees=0               root=568d65..57dd52 elapsed="638.554µs"
INFO [12-06|21:04:31.634] Block finalized and assembled            height=81 blockProfit=0               txs=0   bundles=0 okSbundles=0 totalSbundles=0 gasUsed=0          time="761.036µs"
INFO [12-06|21:04:31.635] Block finalized and assembled            height=81 blockProfit=0               txs=0   bundles=0 okSbundles=0 totalSbundles=0 gasUsed=0          time="614.143µs"
INFO [12-06|21:04:31.635] Updated payload                          id=0x00e4dc84b44478bc number=81 hash=58f87b..e8758a txs=0   withdrawals=0 gas=0          fees=0               root=568d65..57dd52 elapsed="669.404µs"
INFO [12-06|21:04:31.636] submitting block to remote relay         endpoint=http://mev-relay-api:9062
INFO [12-06|21:04:31.637] successfully relayed block data to consumer
INFO [12-06|21:04:31.638] submitted block                          version=deneb slot=81 value=0                parent=0x56a64c298d8dd02530a6626abd404037fbe7685bc67782024bb3f3880b5689a6 hash=58f87b..e8758a #commitedBundles=0
INFO [12-06|21:04:32.134] Block finalized and assembled            height=81 blockProfit=0               txs=0   bundles=0 okSbundles=0 totalSbundles=0 gasUsed=0          time="866.188µs"
INFO [12-06|21:04:32.134] Block finalized and assembled            height=81 blockProfit=0               txs=0   bundles=0 okSbundles=0 totalSbundles=0 gasUsed=0          time="529.161µs"
INFO [12-06|21:04:32.135] Updated payload                          id=0x00e4dc84b44478bc number=81 hash=58f87b..e8758a txs=0   withdrawals=0 gas=0          fees=0               root=568d65..57dd52 elapsed="572.292µs"
INFO [12-06|21:04:32.634] Block finalized and assembled            height=81 blockProfit=0               txs=0   bundles=0 okSbundles=0 totalSbundles=0 gasUsed=0          time="728.065µs"
INFO [12-06|21:04:32.635] Block finalized and assembled            height=81 blockProfit=0               txs=0   bundles=0 okSbundles=0 totalSbundles=0 gasUsed=0          time="563.952µs"
INFO [12-06|21:04:32.635] Updated payload                          id=0x00e4dc84b44478bc number=81 hash=58f87b..e8758a txs=0   withdrawals=0 gas=0          fees=0               root=568d65..57dd52 elapsed="612.183µs"
INFO [12-06|21:04:32.782] Looking for peers                        peercount=2 tried=47 static=0
INFO [12-06|21:04:33.002] Block finalized and assembled            height=81 blockProfit=0               txs=0   bundles=0 okSbundles=0 totalSbundles=0 gasUsed=0          time="242.835µs"
INFO [12-06|21:04:33.003] Block finalized and assembled            height=81 blockProfit=0               txs=0   bundles=0 okSbundles=0 totalSbundles=0 gasUsed=0          time="151.763µs"
INFO [12-06|21:04:33.003] Updated payload                          id=0x03ab95e973b64345 number=81 hash=08005a..ab75ff txs=0   withdrawals=0 gas=0          fees=0               root=bd399d..2e7cc4 elapsed="163.834µs"
INFO [12-06|21:04:33.046] Imported new potential chain segment     number=81 hash=09e7ed..2c7cf2 blocks=1 txs=0   mgas=0.000  elapsed=3.173ms     mgasps=0.000   snapdiffs=129.34KiB triedirty=1.60MiB
INFO [12-06|21:04:33.053] Chain head was updated                   number=81 hash=09e7ed..2c7cf2 root=568d65..57dd52 elapsed=2.045403ms
ERROR[12-06|21:04:33.054] Nil finalized block cannot evict old blobs
INFO [12-06|21:04:33.056] Block finalized and assembled            height=82 blockProfit=0               txs=0   bundles=0 okSbundles=0 totalSbundles=0 gasUsed=0          time="480.23µs"
INFO [12-06|21:04:33.057] Block finalized and assembled            height=82 blockProfit=0               txs=0   bundles=0 okSbundles=0 totalSbundles=0 gasUsed=0          time=1.083943ms
INFO [12-06|21:04:33.058] Updated payload                          id=0x031f88416eae4cbc number=82 hash=3236bb..6d2519 txs=0   withdrawals=0 gas=0          fees=0               root=da40fa..82b23a elapsed=1.259ms
INFO [12-06|21:04:33.559] Block finalized and assembled            height=82 blockProfit=0               txs=0   bundles=0 okSbundles=0 totalSbundles=0 gasUsed=0          time="907.149µs"
INFO [12-06|21:04:33.564] Block finalized and assembled            height=82 blockProfit=0.0008530462828 txs=28  bundles=0 okSbundles=0 totalSbundles=0 gasUsed=588,000    time=3.852032ms
INFO [12-06|21:04:33.564] Updated payload                          id=0x003d15c4de40e04d number=82 hash=5aa45a..b84a92 txs=28  withdrawals=0 gas=588,000    fees=0.0008530462828 root=e698de..1ac54b elapsed=3.928ms
INFO [12-06|21:04:33.565] submitting block to remote relay         endpoint=http://mev-relay-api:9062
INFO [12-06|21:04:33.566] successfully relayed block data to consumer
INFO [12-06|21:04:33.572] json-rpc validation v3 called!
INFO [12-06|21:04:33.572] blobs bundle                             blobs=0 commits=0 proofs=0
INFO [12-06|21:04:33.572] validateBlock method called!
INFO [12-06|21:04:33.578] validated block                          hash=5aa45a..b84a92 number=82 parentHash=09e7ed..2c7cf2
INFO [12-06|21:04:33.579] validated blobs bundle                   blobs=0 commits=0 proofs=0
INFO [12-06|21:04:33.596] submitted block                          version=deneb slot=82 value=853046282781000  parent=0x09e7eda88fcbddfdf574b8fa37770b48f0a797ddc4cab547687ee7b0992c7cf2 hash=5aa45a..b84a92 #commitedBundles=0
INFO [12-06|21:04:34.059] Block finalized and assembled            height=82 blockProfit=0               txs=0   bundles=0 okSbundles=0 totalSbundles=0 gasUsed=0          time="432.279µs"
INFO [12-06|21:04:34.064] Block finalized and assembled            height=82 blockProfit=0.001832470945  txs=59  bundles=0 okSbundles=0 totalSbundles=0 gasUsed=1,239,000  time=4.694109ms
INFO [12-06|21:04:34.064] Updated payload                          id=0x003d15c4de40e04d number=82 hash=8d0f51..0dc6a5 txs=59  withdrawals=0 gas=1,239,000  fees=0.001832470945  root=8280d3..20a5e3 elapsed=4.792ms
INFO [12-06|21:04:34.065] submitting block to remote relay         endpoint=http://mev-relay-api:9062
INFO [12-06|21:04:34.066] successfully relayed block data to consumer
INFO [12-06|21:04:34.074] json-rpc validation v3 called!
INFO [12-06|21:04:34.074] blobs bundle                             blobs=0 commits=0 proofs=0
INFO [12-06|21:04:34.074] validateBlock method called!
INFO [12-06|21:04:34.087] validated block                          hash=8d0f51..0dc6a5 number=82 parentHash=09e7ed..2c7cf2
INFO [12-06|21:04:34.087] validated blobs bundle                   blobs=0 commits=0 proofs=0
INFO [12-06|21:04:34.101] submitted block                          version=deneb slot=82 value=1832470945200000 parent=0x09e7eda88fcbddfdf574b8fa37770b48f0a797ddc4cab547687ee7b0992c7cf2 hash=8d0f51..0dc6a5 #commitedBundles=0
INFO [12-06|21:04:34.559] Block finalized and assembled            height=82 blockProfit=0               txs=0   bundles=0 okSbundles=0 totalSbundles=0 gasUsed=0          time="576.912µs"
INFO [12-06|21:04:34.566] Block finalized and assembled            height=82 blockProfit=0.002811895608  txs=90  bundles=0 okSbundles=0 totalSbundles=0 gasUsed=1,890,000  time=7.039186ms
INFO [12-06|21:04:34.566] Updated payload                          id=0x003d15c4de40e04d number=82 hash=219d97..21665e txs=90  withdrawals=0 gas=1,890,000  fees=0.002811895608  root=b1711b..71f156 elapsed=7.214ms
INFO [12-06|21:04:34.568] submitting block to remote relay         endpoint=http://mev-relay-api:9062
INFO [12-06|21:04:34.569] successfully relayed block data to consumer
INFO [12-06|21:04:34.576] json-rpc validation v3 called!
INFO [12-06|21:04:34.576] blobs bundle                             blobs=0 commits=0 proofs=0
INFO [12-06|21:04:34.577] validateBlock method called!
INFO [12-06|21:04:34.589] validated block                          hash=219d97..21665e number=82 parentHash=09e7ed..2c7cf2
INFO [12-06|21:04:34.589] validated blobs bundle                   blobs=0 commits=0 proofs=0
INFO [12-06|21:04:34.603] submitted block                          version=deneb slot=82 value=2811895607619000 parent=0x09e7eda88fcbddfdf574b8fa37770b48f0a797ddc4cab547687ee7b0992c7cf2 hash=219d97..21665e #commitedBundles=0
INFO [12-06|21:04:35.003] Block finalized and assembled            height=82 blockProfit=0               txs=0   bundles=0 okSbundles=0 totalSbundles=0 gasUsed=0          time="268.656µs"
INFO [12-06|21:04:35.012] Block finalized and assembled            height=82 blockProfit=0.003159433391  txs=101 bundles=0 okSbundles=0 totalSbundles=0 gasUsed=2,121,000  time=8.930596ms
INFO [12-06|21:04:35.012] Updated payload                          id=0x0318dfda107c8cf1 number=82 hash=990c21..176427 txs=101 withdrawals=0 gas=2,121,000  fees=0.003159433391  root=780654..19413d elapsed=8.988ms
INFO [12-06|21:04:35.014] VaPrBl: ValidateProfBlock called!
INFO [12-06|21:04:35.015] > VaPrBl: profBlock details              profBlock="&{header:0xc001350780 uncles:[] transactions:[0xc0020c2600 0xc0020c26c0 0xc0020c2780 0xc0020c2840 0xc0020c2900 0xc0020c29c0 0xc0020c2a80 0xc0020c2b40 0xc0020c2c60 0xc0020c2de0 0xc0020c2ea0 0xc0020c2f60 0xc0020c3020 0xc0020c31a0 0xc0020c3260 0xc0020c3320 0xc0020c33e0 0xc0020c3560 0xc0020c3620 0xc0020c36e0 0xc0020c37a0 0xc0020c3920 0xc0020c39e0 0xc0020c3aa0 0xc0020c3b60 0xc0020c3ce0 0xc0020c3da0 0xc0020c3e60 0xc0020c3f20 0xc002b140c0 0xc002b14180 0xc002b14240 0xc002b14300 0xc002b143c0 0xc002b14480 0xc002b14600 0xc002b146c0 0xc002b14780 0xc002b14840 0xc002b14900 0xc002b149c0 0xc002b14a80 0xc002b14b40 0xc002b14c00 0xc002b14cc0 0xc002b14ea0 0xc002b14f60 0xc002b15020 0xc002b150e0 0xc002b151a0 0xc002b15260 0xc002b15320 0xc002b153e0 0xc002b154a0 0xc002b15560 0xc002b15620 0xc002b156e0 0xc002b157a0 0xc002b15860 0xc002b15980 0xc002b15a40 0xc002b15b00 0xc002b15bc0 0xc002b15c80 0xc002b15d40 0xc002b15e00 0xc002b15ec0 0xc002b15f80 0xc0030a8060 0xc0030a8120 0xc0030a81e0 0xc0030a82a0 0xc0030a8360 0xc0030a8420 0xc0030a84e0 0xc0030a85a0 0xc0030a8660 0xc0030a8720 0xc0030a87e0 0xc0030a88a0 0xc0030a8960 0xc0030a8a20 0xc0030a8b40 0xc0030a8c00 0xc0030a8cc0 0xc0030a8d80 0xc001fd8ba0 0xc001fd8c60 0xc001fd8de0 0xc001fd8ea0 0xc001fd8f00] withdrawals:[] hash:{v:<nil>} size:{v:11168} ReceivedAt:0001-01-01 00:00:00 +0000 UTC ReceivedFrom:<nil>}"
INFO [12-06|21:04:35.015] > VaPrBl: proposerFeeRecipient           proposerFeeRecipient=0x8943545177806ED17B9F23F0a21ee5948eCaa776
INFO [12-06|21:04:35.015] > VaPrBl: registeredGasLimit             registeredGasLimit=27083109
INFO [12-06|21:04:35.015] > VaPrBl: SimulateProfBlock params       block=c32644..bfa338 blockNumber=82 feeRecipient=0x8943545177806ED17B9F23F0a21ee5948eCaa776 registeredGasLimit=27,083,109 vmconfig="{Tracer:<nil> NoBaseFee:false EnablePreimageRecording:false ExtraEips:[]}" useBalanceDiff=true excludeWithdrawals=true
INFO [12-06|21:04:35.015] Starting SimulateProfBlock               blockNumber=82 blockHash=c32644..bfa338 feeRecipient=0x8943545177806ED17B9F23F0a21ee5948eCaa776 registeredGasLimit=27,083,109
INFO [12-06|21:04:35.015] Found parent block                       parentNumber=81 parentHash=09e7ed..2c7cf2 parentRoot=568d65..57dd52
INFO [12-06|21:04:35.033] SimulateProfBlock - Used Gas             usedGas=1,997,343 registeredGasLimit=27,083,109
INFO [12-06|21:04:35.036] validated prof block                     number=82 parentHash=09e7ed..2c7cf2
INFO [12-06|21:04:35.166] Imported new potential chain segment     number=82 hash=47682b..e39564 blocks=1 txs=91  mgas=1.997  elapsed=30.856ms    mgasps=64.729  snapdiffs=134.26KiB triedirty=1.66MiB
INFO [12-06|21:04:35.176] Chain head was updated                   number=82 hash=47682b..e39564 root=5f0503..fe65c2 elapsed=3.239927ms
INFO [12-06|21:04:35.181] Block finalized and assembled            height=83 blockProfit=0               txs=0   bundles=0 okSbundles=0 totalSbundles=0 gasUsed=0          time=1.316697ms
ERROR[12-06|21:04:35.196] Nil finalized block cannot evict old blobs
INFO [12-06|21:04:35.198] Block finalized and assembled            height=83 blockProfit=0.000347538063  txs=12  bundles=0 okSbundles=0 totalSbundles=0 gasUsed=252,000    time=15.799209ms
INFO [12-06|21:04:35.198] Updated payload                          id=0x03ee0577fdf58a58 number=83 hash=c1315e..b52a6f txs=12  withdrawals=0 gas=252,000    fees=0.000347538063  root=cadcd2..941f66 elapsed=15.853ms
INFO [12-06|21:04:35.690] Block finalized and assembled            height=83 blockProfit=0               txs=0   bundles=0 okSbundles=0 totalSbundles=0 gasUsed=0          time=1.116943ms
INFO [12-06|21:04:35.693] Block finalized and assembled            height=83 blockProfit=0.000347538063  txs=12  bundles=0 okSbundles=0 totalSbundles=0 gasUsed=252,000    time=2.628704ms
INFO [12-06|21:04:35.693] Updated payload                          id=0x0077417940a2b70d number=83 hash=c1315e..b52a6f txs=12  withdrawals=0 gas=252,000    fees=0.000347538063  root=cadcd2..941f66 elapsed=2.734ms
INFO [12-06|21:04:35.694] submitting block to remote relay         endpoint=http://mev-relay-api:9062
INFO [12-06|21:04:35.695] successfully relayed block data to consumer
INFO [12-06|21:04:35.702] json-rpc validation v3 called!
INFO [12-06|21:04:35.702] blobs bundle                             blobs=0 commits=0 proofs=0
INFO [12-06|21:04:35.702] validateBlock method called!
INFO [12-06|21:04:35.707] validated block                          hash=c1315e..b52a6f number=83 parentHash=47682b..e39564
INFO [12-06|21:04:35.707] validated blobs bundle                   blobs=0 commits=0 proofs=0
INFO [12-06|21:04:35.718] submitted block                          version=deneb slot=83 value=347538063033000  parent=0x47682b78425db415c109f9e80c51c7a5abd3ae2c73029d5ee8ecb9ec16e39564 hash=c1315e..b52a6f #commitedBundles=0
INFO [12-06|21:04:36.188] Block finalized and assembled            height=83 blockProfit=0               txs=0   bundles=0 okSbundles=0 totalSbundles=0 gasUsed=0          time="246.365µs"
INFO [12-06|21:04:36.189] Block finalized and assembled            height=83 blockProfit=0.000347538063  txs=12  bundles=0 okSbundles=0 totalSbundles=0 gasUsed=252,000    time="735.285µs"
INFO [12-06|21:04:36.189] Updated payload                          id=0x0077417940a2b70d number=83 hash=c1315e..b52a6f txs=12  withdrawals=0 gas=252,000    fees=0.000347538063  root=cadcd2..941f66 elapsed="751.426µs"
INFO [12-06|21:04:36.690] Block finalized and assembled            height=83 blockProfit=0               txs=0   bundles=0 okSbundles=0 totalSbundles=0 gasUsed=0          time="599.712µs"
INFO [12-06|21:04:36.692] Block finalized and assembled            height=83 blockProfit=0.000347538063  txs=12  bundles=0 okSbundles=0 totalSbundles=0 gasUsed=252,000    time=2.528633ms
INFO [12-06|21:04:36.693] Updated payload                          id=0x0077417940a2b70d number=83 hash=c1315e..b52a6f txs=12  withdrawals=0 gas=252,000    fees=0.000347538063  root=cadcd2..941f66 elapsed=2.716ms
INFO [12-06|21:04:37.003] Block finalized and assembled            height=83 blockProfit=0               txs=0   bundles=0 okSbundles=0 totalSbundles=0 gasUsed=0          time="359.788µs"
INFO [12-06|21:04:37.004] Block finalized and assembled            height=83 blockProfit=0.000347538063  txs=12  bundles=0 okSbundles=0 totalSbundles=0 gasUsed=252,000    time=1.273846ms
INFO [12-06|21:04:37.004] Updated payload                          id=0x03c48f0cc518576b number=83 hash=2fffec..62d322 txs=12  withdrawals=0 gas=252,000    fees=0.000347538063  root=efda09..546255 elapsed=1.350ms
INFO [12-06|21:04:37.124] Imported new potential chain segment     number=83 hash=869262..891d16 blocks=1 txs=11  mgas=0.231  elapsed=3.456ms     mgasps=66.825  snapdiffs=135.07KiB triedirty=1.68MiB
INFO [12-06|21:04:37.127] Chain head was updated                   number=83 hash=869262..891d16 root=5d6f5c..d6ac78 elapsed=1.632815ms
ERROR[12-06|21:04:37.128] Nil finalized block cannot evict old blobs
INFO [12-06|21:04:37.129] Block finalized and assembled            height=84 blockProfit=0               txs=0   bundles=0 okSbundles=0 totalSbundles=0 gasUsed=0          time="113.652µs"
INFO [12-06|21:04:37.129] Block finalized and assembled            height=84 blockProfit=0               txs=0   bundles=0 okSbundles=0 totalSbundles=0 gasUsed=0          time="139.143µs"
INFO [12-06|21:04:37.129] Updated payload                          id=0x0313b29a8b7a436c number=84 hash=af02ad..97fed9 txs=0   withdrawals=0 gas=0          fees=0               root=da0963..6e8274 elapsed="153.183µs"
INFO [12-06|21:04:37.630] Block finalized and assembled            height=84 blockProfit=0               txs=0   bundles=0 okSbundles=0 totalSbundles=0 gasUsed=0          time="786.056µs"
INFO [12-06|21:04:37.631] Block finalized and assembled            height=84 blockProfit=0               txs=0   bundles=0 okSbundles=0 totalSbundles=0 gasUsed=0          time="594.642µs"
INFO [12-06|21:04:37.631] Updated payload                          id=0x007d108374763404 number=84 hash=af02ad..97fed9 txs=0   withdrawals=0 gas=0          fees=0               root=da0963..6e8274 elapsed="652.543µs"
INFO [12-06|21:04:37.632] submitting block to remote relay         endpoint=http://mev-relay-api:9062
INFO [12-06|21:04:37.633] successfully relayed block data to consumer
INFO [12-06|21:04:37.634] submitted block                          version=deneb slot=84 value=0                parent=0x8692623d199dbfc0b9dc4f200e290465b5eba46c1d456db8b88e71f52f891d16 hash=af02ad..97fed9 #commitedBundles=0
INFO [12-06|21:04:38.131] Block finalized and assembled            height=84 blockProfit=0               txs=0   bundles=0 okSbundles=0 totalSbundles=0 gasUsed=0          time=1.242476ms
INFO [12-06|21:04:38.142] Block finalized and assembled            height=84 blockProfit=0.003427319494  txs=50  bundles=0 okSbundles=0 totalSbundles=0 gasUsed=2,299,056  time=7.739072ms
INFO [12-06|21:04:38.143] Updated payload                          id=0x007d108374763404 number=84 hash=71dfc5..a9be2c txs=50  withdrawals=0 gas=2,299,056  fees=0.003427319494  root=baca4d..ff8442 elapsed=10.008ms
INFO [12-06|21:04:38.144] submitting block to remote relay         endpoint=http://mev-relay-api:9062
INFO [12-06|21:04:38.146] successfully relayed block data to consumer
INFO [12-06|21:04:38.155] json-rpc validation v3 called!
INFO [12-06|21:04:38.156] blobs bundle                             blobs=0 commits=0 proofs=0
INFO [12-06|21:04:38.156] validateBlock method called!
INFO [12-06|21:04:38.169] validated block                          hash=71dfc5..a9be2c number=84 parentHash=869262..891d16
INFO [12-06|21:04:38.169] validated blobs bundle                   blobs=0 commits=0 proofs=0
INFO [12-06|21:04:38.182] submitted block                          version=deneb slot=84 value=3427319493843843 parent=0x8692623d199dbfc0b9dc4f200e290465b5eba46c1d456db8b88e71f52f891d16 hash=71dfc5..a9be2c #commitedBundles=0
INFO [12-06|21:04:38.630] Block finalized and assembled            height=84 blockProfit=0               txs=0   bundles=0 okSbundles=0 totalSbundles=0 gasUsed=0          time="402.108µs"
INFO [12-06|21:04:38.638] Block finalized and assembled            height=84 blockProfit=0.006261449421  txs=95  bundles=0 okSbundles=0 totalSbundles=0 gasUsed=4,182,835  time=8.292513ms
INFO [12-06|21:04:38.638] Updated payload                          id=0x007d108374763404 number=84 hash=1b5a0b..cf8569 txs=95  withdrawals=0 gas=4,182,835  fees=0.006261449421  root=8f7ad0..71bed7 elapsed=8.457ms
INFO [12-06|21:04:38.640] submitting block to remote relay         endpoint=http://mev-relay-api:9062
INFO [12-06|21:04:38.641] successfully relayed block data to consumer
INFO [12-06|21:04:38.652] json-rpc validation v3 called!
INFO [12-06|21:04:38.652] blobs bundle                             blobs=0 commits=0 proofs=0
INFO [12-06|21:04:38.653] validateBlock method called!
INFO [12-06|21:04:38.669] validated block                          hash=1b5a0b..cf8569 number=84 parentHash=869262..891d16
INFO [12-06|21:04:38.670] validated blobs bundle                   blobs=0 commits=0 proofs=0
INFO [12-06|21:04:38.688] submitted block                          version=deneb slot=84 value=6261449421190106 parent=0x8692623d199dbfc0b9dc4f200e290465b5eba46c1d456db8b88e71f52f891d16 hash=1b5a0b..cf8569 #commitedBundles=0
INFO [12-06|21:04:39.005] Block finalized and assembled            height=84 blockProfit=0               txs=0   bundles=0 okSbundles=0 totalSbundles=0 gasUsed=0          time="545.541µs"
INFO [12-06|21:04:39.012] Block finalized and assembled            height=84 blockProfit=0.006261449421  txs=95  bundles=0 okSbundles=0 totalSbundles=0 gasUsed=4,182,835  time=7.484057ms
INFO [12-06|21:04:39.013] Updated payload                          id=0x03059d1242c88d66 number=84 hash=b7e061..e37f94 txs=95  withdrawals=0 gas=4,182,835  fees=0.006261449421  root=e89ad2..f041f9 elapsed=7.643ms
INFO [12-06|21:04:39.014] VaPrBl: ValidateProfBlock called!
INFO [12-06|21:04:39.014] > VaPrBl: profBlock details              profBlock="&{header:0xc002f24780 uncles:[] transactions:[0xc001f7bf80 0xc001e18000 0xc001e183c0 0xc001e18780 0xc001e187e0 0xc001e18b40 0xc0020c2000 0xc0020c2060 0xc0020c2120 0xc0020c2180 0xc0020c2240 0xc0020c22a0 0xc0020c2300 0xc0020c2360 0xc0020c2420 0xc0020c2480 0xc0020c2540 0xc0020c2600 0xc0020c2660 0xc0020c2720 0xc0020c27e0 0xc0020c2840 0xc0020c2900 0xc0020c29c0 0xc0020c2a80 0xc0020c2ae0 0xc0020c2b40 0xc0020c2c00 0xc0020c2d80 0xc0020c2e40 0xc0020c2f00 0xc0020c2f60 0xc0020c2fc0 0xc0020c3140 0xc0020c31a0 0xc0020c3200 0xc0020c3260 0xc0020c32c0 0xc0020c3320 0xc0020c3380 0xc0020c33e0 0xc0020c3560 0xc0020c3620 0xc0020c36e0 0xc0020c37a0 0xc0020c3920 0xc0020c3980 0xc0020c3a40 0xc0020c3aa0 0xc0020c3b60 0xc0020c3ce0 0xc0020c3d40 0xc0020c3e00 0xc0020c3ec0 0xc0020c3f20 0xc002b140c0 0xc002b14120 0xc002b141e0 0xc002b142a0 0xc002b14300 0xc002b14360 0xc002b14420 0xc002b145a0 0xc002b14660 0xc002b14720 0xc002b14780 0xc002b14840 0xc002b148a0 0xc002b14900 0xc002b14960 0xc002b14a20 0xc002b14a80 0xc002b14ae0 0xc002b14b40 0xc002b14ba0 0xc002b14c60 0xc002b14cc0 0xc002b14d80 0xc002b14ea0 0xc002b14f00 0xc002b14f60 0xc002b15020 0xc002b15080 0xc002b150e0 0xc002b15140 0xc002b151a0 0xc002b15200 0xc002b15260 0xc002b152c0 0xc002b15320 0xc002b15380 0xc002b153e0 0xc002b15440 0xc002b154a0 0xc002b15500 0xc002b15560] withdrawals:[] hash:{v:<nil>} size:{v:22628} ReceivedAt:0001-01-01 00:00:00 +0000 UTC ReceivedFrom:<nil>}"
INFO [12-06|21:04:39.014] > VaPrBl: proposerFeeRecipient           proposerFeeRecipient=0x8943545177806ED17B9F23F0a21ee5948eCaa776
INFO [12-06|21:04:39.014] > VaPrBl: registeredGasLimit             registeredGasLimit=27136029
INFO [12-06|21:04:39.014] > VaPrBl: SimulateProfBlock params       block=5fd72c..5e45b7 blockNumber=84 feeRecipient=0x8943545177806ED17B9F23F0a21ee5948eCaa776 registeredGasLimit=27,136,029 vmconfig="{Tracer:<nil> NoBaseFee:false EnablePreimageRecording:false ExtraEips:[]}" useBalanceDiff=true excludeWithdrawals=true
INFO [12-06|21:04:39.014] Starting SimulateProfBlock               blockNumber=84 blockHash=5fd72c..5e45b7 feeRecipient=0x8943545177806ED17B9F23F0a21ee5948eCaa776 registeredGasLimit=27,136,029
INFO [12-06|21:04:39.014] Found parent block                       parentNumber=83 parentHash=869262..891d16 parentRoot=5d6f5c..d6ac78
INFO [12-06|21:04:39.028] SimulateProfBlock - Used Gas             usedGas=4,290,004 registeredGasLimit=27,136,029
INFO [12-06|21:04:39.032] validated prof block                     number=84 parentHash=869262..891d16
INFO [12-06|21:04:39.168] Imported new potential chain segment     number=84 hash=6f3882..b3ad60 blocks=1 txs=96  mgas=4.290  elapsed=23.279ms    mgasps=184.281 snapdiffs=139.70KiB triedirty=1.74MiB
INFO [12-06|21:04:39.183] Chain head was updated                   number=84 hash=6f3882..b3ad60 root=b7da9c..231f4f elapsed=7.747542ms
ERROR[12-06|21:04:39.194] Nil finalized block cannot evict old blobs
INFO [12-06|21:04:39.196] Block finalized and assembled            height=85 blockProfit=0               txs=0   bundles=0 okSbundles=0 totalSbundles=0 gasUsed=0          time="401.338µs"
INFO [12-06|21:04:39.196] Block finalized and assembled            height=85 blockProfit=0               txs=0   bundles=0 okSbundles=0 totalSbundles=0 gasUsed=0          time="258.645µs"
INFO [12-06|21:04:39.196] Updated payload                          id=0x03569b816a6f66e6 number=85 hash=94987a..bdeccc txs=0   withdrawals=0 gas=0          fees=0               root=756003..8214af elapsed="272.846µs"
INFO [12-06|21:04:39.695] Block finalized and assembled            height=85 blockProfit=0               txs=0   bundles=0 okSbundles=0 totalSbundles=0 gasUsed=0          time="248.785µs"
INFO [12-06|21:04:39.696] Block finalized and assembled            height=85 blockProfit=0               txs=0   bundles=0 okSbundles=0 totalSbundles=0 gasUsed=0          time="186.444µs"
INFO [12-06|21:04:39.696] Updated payload                          id=0x00284c5280548c3a number=85 hash=94987a..bdeccc txs=0   withdrawals=0 gas=0          fees=0               root=756003..8214af elapsed="200.664µs"
INFO [12-06|21:04:39.696] submitting block to remote relay         endpoint=http://mev-relay-api:9062
INFO [12-06|21:04:39.696] successfully relayed block data to consumer
INFO [12-06|21:04:39.697] submitted block                          version=deneb slot=85 value=0                parent=0x6f38827505cf8948e55183f4b0a9e150cf9d3bb28a9fc7ba698ae374f5b3ad60 hash=94987a..bdeccc #commitedBundles=0
INFO [12-06|21:04:40.196] Block finalized and assembled            height=85 blockProfit=0               txs=0   bundles=0 okSbundles=0 totalSbundles=0 gasUsed=0          time="387.028µs"
INFO [12-06|21:04:40.196] Block finalized and assembled            height=85 blockProfit=0               txs=0   bundles=0 okSbundles=0 totalSbundles=0 gasUsed=0          time="364.017µs"
INFO [12-06|21:04:40.197] Updated payload                          id=0x00284c5280548c3a number=85 hash=94987a..bdeccc txs=0   withdrawals=0 gas=0          fees=0               root=756003..8214af elapsed="391.768µs"
INFO [12-06|21:04:40.696] Block finalized and assembled            height=85 blockProfit=0               txs=0   bundles=0 okSbundles=0 totalSbundles=0 gasUsed=0          time="296.036µs"
INFO [12-06|21:04:40.696] Block finalized and assembled            height=85 blockProfit=0               txs=0   bundles=0 okSbundles=0 totalSbundles=0 gasUsed=0          time="248.805µs"
INFO [12-06|21:04:40.696] Updated payload                          id=0x00284c5280548c3a number=85 hash=94987a..bdeccc txs=0   withdrawals=0 gas=0          fees=0               root=756003..8214af elapsed="269.065µs"
INFO [12-06|21:04:41.002] Block finalized and assembled            height=85 blockProfit=0               txs=0   bundles=0 okSbundles=0 totalSbundles=0 gasUsed=0          time="411.589µs"
INFO [12-06|21:04:41.002] Block finalized and assembled            height=85 blockProfit=0               txs=0   bundles=0 okSbundles=0 totalSbundles=0 gasUsed=0          time="419.229µs"
INFO [12-06|21:04:41.002] Updated payload                          id=0x03bd77d032e517c8 number=85 hash=0427f7..218941 txs=0   withdrawals=0 gas=0          fees=0               root=653a85..b0ffb0 elapsed="455.75µs"
INFO [12-06|21:04:41.039] Imported new potential chain segment     number=85 hash=1760b1..a9f1a1 blocks=1 txs=0   mgas=0.000  elapsed=1.998ms     mgasps=0.000   snapdiffs=139.93KiB triedirty=1.74MiB
INFO [12-06|21:04:41.043] Chain head was updated                   number=85 hash=1760b1..a9f1a1 root=756003..8214af elapsed=1.300478ms
ERROR[12-06|21:04:41.043] Nil finalized block cannot evict old blobs
INFO [12-06|21:04:41.043] Block finalized and assembled            height=86 blockProfit=0               txs=0   bundles=0 okSbundles=0 totalSbundles=0 gasUsed=0          time="221.465µs"
INFO [12-06|21:04:41.044] Block finalized and assembled            height=86 blockProfit=0               txs=0   bundles=0 okSbundles=0 totalSbundles=0 gasUsed=0          time="244.375µs"
INFO [12-06|21:04:41.044] Updated payload                          id=0x039bf86a84dcc787 number=86 hash=553526..16f3bb txs=0   withdrawals=0 gas=0          fees=0               root=a43ed9..0c4fa5 elapsed="267.645µs"
INFO [12-06|21:04:41.545] Block finalized and assembled            height=86 blockProfit=0               txs=0   bundles=0 okSbundles=0 totalSbundles=0 gasUsed=0          time="355.458µs"
INFO [12-06|21:04:41.545] Block finalized and assembled            height=86 blockProfit=0               txs=0   bundles=0 okSbundles=0 totalSbundles=0 gasUsed=0          time="291.926µs"
INFO [12-06|21:04:41.545] Updated payload                          id=0x00e2f3776eb99d57 number=86 hash=553526..16f3bb txs=0   withdrawals=0 gas=0          fees=0               root=a43ed9..0c4fa5 elapsed="315.767µs"
INFO [12-06|21:04:41.546] submitting block to remote relay         endpoint=http://mev-relay-api:9062
INFO [12-06|21:04:41.547] successfully relayed block data to consumer
INFO [12-06|21:04:41.547] submitted block                          version=deneb slot=86 value=0                parent=0x1760b15ad98b877cd4e2197a738574f578939ef7284632d6db65792d20a9f1a1 hash=553526..16f3bb #commitedBundles=0
INFO [12-06|21:04:42.045] Block finalized and assembled            height=86 blockProfit=0               txs=0   bundles=0 okSbundles=0 totalSbundles=0 gasUsed=0          time="293.576µs"
INFO [12-06|21:04:42.045] Block finalized and assembled            height=86 blockProfit=0               txs=0   bundles=0 okSbundles=0 totalSbundles=0 gasUsed=0          time="275.145µs"
INFO [12-06|21:04:42.045] Updated payload                          id=0x00e2f3776eb99d57 number=86 hash=553526..16f3bb txs=0   withdrawals=0 gas=0          fees=0               root=a43ed9..0c4fa5 elapsed="298.356µs"
INFO [12-06|21:04:42.545] Block finalized and assembled            height=86 blockProfit=0               txs=0   bundles=0 okSbundles=0 totalSbundles=0 gasUsed=0          time="342.058µs"
INFO [12-06|21:04:42.546] Block finalized and assembled            height=86 blockProfit=0               txs=0   bundles=0 okSbundles=0 totalSbundles=0 gasUsed=0          time="285.586µs"
INFO [12-06|21:04:42.546] Updated payload                          id=0x00e2f3776eb99d57 number=86 hash=553526..16f3bb txs=0   withdrawals=0 gas=0          fees=0               root=a43ed9..0c4fa5 elapsed="309.696µs"
INFO [12-06|21:04:42.804] Looking for peers                        peercount=2 tried=40 static=0
INFO [12-06|21:04:43.002] Block finalized and assembled            height=86 blockProfit=0               txs=0   bundles=0 okSbundles=0 totalSbundles=0 gasUsed=0          time="326.787µs"
INFO [12-06|21:04:43.002] Block finalized and assembled            height=86 blockProfit=0               txs=0   bundles=0 okSbundles=0 totalSbundles=0 gasUsed=0          time="273.215µs"
INFO [12-06|21:04:43.002] Updated payload                          id=0x0306fb13b4720889 number=86 hash=33a931..57fe24 txs=0   withdrawals=0 gas=0          fees=0               root=dd1ffe..0561e2 elapsed="302.587µs"
INFO [12-06|21:04:43.033] Imported new potential chain segment     number=86 hash=8b0538..c3c449 blocks=1 txs=0   mgas=0.000  elapsed=1.994ms     mgasps=0.000   snapdiffs=140.16KiB triedirty=1.75MiB
INFO [12-06|21:04:43.037] Chain head was updated                   number=86 hash=8b0538..c3c449 root=a43ed9..0c4fa5 elapsed=1.620454ms
ERROR[12-06|21:04:43.038] Nil finalized block cannot evict old blobs
INFO [12-06|21:04:43.038] Block finalized and assembled            height=87 blockProfit=0               txs=0   bundles=0 okSbundles=0 totalSbundles=0 gasUsed=0          time="218.984µs"
INFO [12-06|21:04:43.038] Block finalized and assembled            height=87 blockProfit=0               txs=0   bundles=0 okSbundles=0 totalSbundles=0 gasUsed=0          time="190.204µs"
INFO [12-06|21:04:43.038] Updated payload                          id=0x035da85d7ae6820e number=87 hash=e1a0d3..8021ec txs=0   withdrawals=0 gas=0          fees=0               root=bc2fce..2c81c7 elapsed="207.615µs"
INFO [12-06|21:04:43.539] Block finalized and assembled            height=87 blockProfit=0               txs=0   bundles=0 okSbundles=0 totalSbundles=0 gasUsed=0          time="270.336µs"
INFO [12-06|21:04:43.540] Block finalized and assembled            height=87 blockProfit=0               txs=0   bundles=0 okSbundles=0 totalSbundles=0 gasUsed=0          time="254.625µs"
INFO [12-06|21:04:43.540] Updated payload                          id=0x0049ef0b79df8ed0 number=87 hash=e1a0d3..8021ec txs=0   withdrawals=0 gas=0          fees=0               root=bc2fce..2c81c7 elapsed="276.026µs"
INFO [12-06|21:04:43.541] submitting block to remote relay         endpoint=http://mev-relay-api:9062
INFO [12-06|21:04:43.541] successfully relayed block data to consumer
INFO [12-06|21:04:43.542] submitted block                          version=deneb slot=87 value=0                parent=0x8b0538b6ad3f983e27927b186efda72a6571083e5b87e8c14e80ee9a06c3c449 hash=e1a0d3..8021ec #commitedBundles=0
INFO [12-06|21:04:44.040] Block finalized and assembled            height=87 blockProfit=0               txs=0   bundles=0 okSbundles=0 totalSbundles=0 gasUsed=0          time="250.435µs"
INFO [12-06|21:04:44.041] Block finalized and assembled            height=87 blockProfit=0.000347537197  txs=12  bundles=0 okSbundles=0 totalSbundles=0 gasUsed=252,000    time=1.264246ms
INFO [12-06|21:04:44.041] Updated payload                          id=0x0049ef0b79df8ed0 number=87 hash=88d2c4..07356f txs=12  withdrawals=0 gas=252,000    fees=0.000347537197  root=b30741..2f7122 elapsed=1.297ms
INFO [12-06|21:04:44.042] submitting block to remote relay         endpoint=http://mev-relay-api:9062
INFO [12-06|21:04:44.042] successfully relayed block data to consumer
INFO [12-06|21:04:44.047] json-rpc validation v3 called!
INFO [12-06|21:04:44.047] blobs bundle                             blobs=0 commits=0 proofs=0
INFO [12-06|21:04:44.047] validateBlock method called!
INFO [12-06|21:04:44.050] validated block                          hash=88d2c4..07356f number=87 parentHash=8b0538..c3c449
INFO [12-06|21:04:44.050] validated blobs bundle                   blobs=0 commits=0 proofs=0
INFO [12-06|21:04:44.059] submitted block                          version=deneb slot=87 value=347537197014000  parent=0x8b0538b6ad3f983e27927b186efda72a6571083e5b87e8c14e80ee9a06c3c449 hash=88d2c4..07356f #commitedBundles=0
INFO [12-06|21:04:44.540] Block finalized and assembled            height=87 blockProfit=0               txs=0   bundles=0 okSbundles=0 totalSbundles=0 gasUsed=0          time="272.996µs"
INFO [12-06|21:04:44.544] Block finalized and assembled            height=87 blockProfit=0.001674499507  txs=54  bundles=0 okSbundles=0 totalSbundles=0 gasUsed=1,134,000  time=3.987954ms
INFO [12-06|21:04:44.544] Updated payload                          id=0x0049ef0b79df8ed0 number=87 hash=9c5944..eb7aea txs=54  withdrawals=0 gas=1,134,000  fees=0.001674499507  root=1b8563..8498ed elapsed=4.021ms
INFO [12-06|21:04:44.545] submitting block to remote relay         endpoint=http://mev-relay-api:9062
INFO [12-06|21:04:44.545] successfully relayed block data to consumer
INFO [12-06|21:04:44.551] json-rpc validation v3 called!
INFO [12-06|21:04:44.551] blobs bundle                             blobs=0 commits=0 proofs=0
INFO [12-06|21:04:44.552] validateBlock method called!
INFO [12-06|21:04:44.564] validated block                          hash=9c5944..eb7aea number=87 parentHash=8b0538..c3c449
INFO [12-06|21:04:44.564] validated blobs bundle                   blobs=0 commits=0 proofs=0
INFO [12-06|21:04:44.574] submitted block                          version=deneb slot=87 value=1674499507044000 parent=0x8b0538b6ad3f983e27927b186efda72a6571083e5b87e8c14e80ee9a06c3c449 hash=9c5944..eb7aea #commitedBundles=0
INFO [12-06|21:04:45.002] Block finalized and assembled            height=87 blockProfit=0               txs=0   bundles=0 okSbundles=0 totalSbundles=0 gasUsed=0          time="277.436µs"
INFO [12-06|21:04:45.008] Block finalized and assembled            height=87 blockProfit=0.002906678795  txs=93  bundles=0 okSbundles=0 totalSbundles=0 gasUsed=1,953,000  time=5.433173ms
INFO [12-06|21:04:45.008] Updated payload                          id=0x03edef9543202cec number=87 hash=ae0287..890b3f txs=93  withdrawals=0 gas=1,953,000  fees=0.002906678795  root=2fffc0..2b9c87 elapsed=5.467ms
INFO [12-06|21:04:45.009] VaPrBl: ValidateProfBlock called!
INFO [12-06|21:04:45.009] > VaPrBl: profBlock details              profBlock="&{header:0xc002528780 uncles:[] transactions:[0xc002b151a0 0xc002b15260 0xc002b15320 0xc002b153e0 0xc002b154a0 0xc002b15560 0xc002b15620 0xc002b156e0 0xc002b157a0 0xc002b15860 0xc002b15980 0xc002b15a40 0xc002b15b00 0xc002b15bc0 0xc002b15c80 0xc002b15d40 0xc002b15e00 0xc002b15ec0 0xc002b15f80 0xc0030a8060 0xc0030a8120 0xc0030a81e0 0xc0030a82a0 0xc0030a8360 0xc0030a8420 0xc0030a84e0 0xc0030a85a0 0xc0030a8660 0xc0030a8720 0xc0030a87e0 0xc0030a88a0 0xc0030a8960 0xc0030a8a20 0xc0030a8b40 0xc0030a8c00 0xc0030a8cc0 0xc0030a8d80 0xc0030a9800 0xc0030a9aa0 0xc0030a9ec0 0xc001fd81e0 0xc001fd85a0 0xc001fd8960 0xc001fd8c00 0xc001fd8cc0 0xc001fd8d80 0xc001fd8e40 0xc001fd8f00 0xc001fd8fc0 0xc001fd9080 0xc001fd9140 0xc001fd9200 0xc001fd92c0 0xc001fd9380 0xc001fd93e0] withdrawals:[] hash:{v:<nil>} size:{v:7155} ReceivedAt:0001-01-01 00:00:00 +0000 UTC ReceivedFrom:<nil>}"
INFO [12-06|21:04:45.009] > VaPrBl: proposerFeeRecipient           proposerFeeRecipient=0x8943545177806ED17B9F23F0a21ee5948eCaa776
INFO [12-06|21:04:45.009] > VaPrBl: registeredGasLimit             registeredGasLimit=27215602
INFO [12-06|21:04:45.009] > VaPrBl: SimulateProfBlock params       block=8067cf..f8b921 blockNumber=87 feeRecipient=0x8943545177806ED17B9F23F0a21ee5948eCaa776 registeredGasLimit=27,215,602 vmconfig="{Tracer:<nil> NoBaseFee:false EnablePreimageRecording:false ExtraEips:[]}" useBalanceDiff=true excludeWithdrawals=true
INFO [12-06|21:04:45.009] Starting SimulateProfBlock               blockNumber=87 blockHash=8067cf..f8b921 feeRecipient=0x8943545177806ED17B9F23F0a21ee5948eCaa776 registeredGasLimit=27,215,602
INFO [12-06|21:04:45.009] Found parent block                       parentNumber=86 parentHash=8b0538..c3c449 parentRoot=a43ed9..0c4fa5
INFO [12-06|21:04:45.014] SimulateProfBlock - Used Gas             usedGas=1,241,169 registeredGasLimit=27,215,602
INFO [12-06|21:04:45.014] validated prof block                     number=87 parentHash=8b0538..c3c449
INFO [12-06|21:04:45.126] Imported new potential chain segment     number=87 hash=a99e4e..9fcdec blocks=1 txs=55  mgas=1.241  elapsed=11.662ms    mgasps=106.420 snapdiffs=143.50KiB triedirty=1.79MiB
INFO [12-06|21:04:45.131] Chain head was updated                   number=87 hash=a99e4e..9fcdec root=dabbd9..ceb40a elapsed=2.34788ms
INFO [12-06|21:04:45.135] Block finalized and assembled            height=88 blockProfit=0               txs=0   bundles=0 okSbundles=0 totalSbundles=0 gasUsed=0          time="110.173µs"
ERROR[12-06|21:04:45.140] Nil finalized block cannot evict old blobs
INFO [12-06|21:04:45.143] Block finalized and assembled            height=88 blockProfit=0.001484936466  txs=48  bundles=0 okSbundles=0 totalSbundles=0 gasUsed=1,008,000  time=7.971647ms
INFO [12-06|21:04:45.143] Updated payload                          id=0x035652755a777218 number=88 hash=f6365a..637ae9 txs=48  withdrawals=0 gas=1,008,000  fees=0.001484936466  root=f95808..df7ecf elapsed=7.996ms
INFO [12-06|21:04:45.638] Block finalized and assembled            height=88 blockProfit=0               txs=0   bundles=0 okSbundles=0 totalSbundles=0 gasUsed=0          time="288.806µs"
INFO [12-06|21:04:45.641] Block finalized and assembled            height=88 blockProfit=0.001484936466  txs=48  bundles=0 okSbundles=0 totalSbundles=0 gasUsed=1,008,000  time=3.083554ms
INFO [12-06|21:04:45.641] Updated payload                          id=0x004fdb85546a8e56 number=88 hash=f6365a..637ae9 txs=48  withdrawals=0 gas=1,008,000  fees=0.001484936466  root=f95808..df7ecf elapsed=3.116ms
INFO [12-06|21:04:45.643] submitting block to remote relay         endpoint=http://mev-relay-api:9062
INFO [12-06|21:04:45.643] successfully relayed block data to consumer
INFO [12-06|21:04:45.649] json-rpc validation v3 called!
INFO [12-06|21:04:45.649] blobs bundle                             blobs=0 commits=0 proofs=0
INFO [12-06|21:04:45.649] validateBlock method called!
INFO [12-06|21:04:45.656] validated block                          hash=f6365a..637ae9 number=88 parentHash=a99e4e..9fcdec
INFO [12-06|21:04:45.656] validated blobs bundle                   blobs=0 commits=0 proofs=0
INFO [12-06|21:04:45.666] submitted block                          version=deneb slot=88 value=1484936465586000 parent=0xa99e4e47db40d98991ebf311705654c850200d0cfb745e3c99f661a61b9fcdec hash=f6365a..637ae9 #commitedBundles=0
INFO [12-06|21:04:46.138] Block finalized and assembled            height=88 blockProfit=0               txs=0   bundles=0 okSbundles=0 totalSbundles=0 gasUsed=0          time="381.298µs"
INFO [12-06|21:04:46.141] Block finalized and assembled            height=88 blockProfit=0.001484936466  txs=48  bundles=0 okSbundles=0 totalSbundles=0 gasUsed=1,008,000  time=3.078644ms
INFO [12-06|21:04:46.141] Updated payload                          id=0x004fdb85546a8e56 number=88 hash=f6365a..637ae9 txs=48  withdrawals=0 gas=1,008,000  fees=0.001484936466  root=f95808..df7ecf elapsed=3.104ms
INFO [12-06|21:04:46.638] Block finalized and assembled            height=88 blockProfit=0               txs=0   bundles=0 okSbundles=0 totalSbundles=0 gasUsed=0          time="341.247µs"
INFO [12-06|21:04:46.641] Block finalized and assembled            height=88 blockProfit=0.001484936466  txs=48  bundles=0 okSbundles=0 totalSbundles=0 gasUsed=1,008,000  time=3.025053ms
INFO [12-06|21:04:46.641] Updated payload                          id=0x004fdb85546a8e56 number=88 hash=f6365a..637ae9 txs=48  withdrawals=0 gas=1,008,000  fees=0.001484936466  root=f95808..df7ecf elapsed=3.056ms
INFO [12-06|21:04:47.002] Block finalized and assembled            height=88 blockProfit=0               txs=0   bundles=0 okSbundles=0 totalSbundles=0 gasUsed=0          time="245.395µs"
INFO [12-06|21:04:47.005] Block finalized and assembled            height=88 blockProfit=0.001484936466  txs=48  bundles=0 okSbundles=0 totalSbundles=0 gasUsed=1,008,000  time=2.961852ms
INFO [12-06|21:04:47.005] Updated payload                          id=0x034a74f8ad55bbdd number=88 hash=e734c6..0c0eca txs=48  withdrawals=0 gas=1,008,000  fees=0.001484936466  root=0b574a..70bbb3 elapsed=2.986ms
INFO [12-06|21:04:47.133] Imported new potential chain segment     number=88 hash=47abb6..95a196 blocks=1 txs=47  mgas=0.987  elapsed=9.504ms     mgasps=103.842 snapdiffs=145.89KiB triedirty=1.82MiB
INFO [12-06|21:04:47.138] Chain head was updated                   number=88 hash=47abb6..95a196 root=0247b1..786b68 elapsed=1.88515ms
INFO [12-06|21:04:47.139] Block finalized and assembled            height=89 blockProfit=0               txs=0   bundles=0 okSbundles=0 totalSbundles=0 gasUsed=0          time="136.703µs"
ERROR[12-06|21:04:47.142] Nil finalized block cannot evict old blobs
INFO [12-06|21:04:47.142] Block finalized and assembled            height=89 blockProfit=0               txs=0   bundles=0 okSbundles=0 totalSbundles=0 gasUsed=0          time=3.129725ms
INFO [12-06|21:04:47.142] Updated payload                          id=0x036cb9eec79f48f9 number=89 hash=ff99bc..07c826 txs=0   withdrawals=0 gas=0          fees=0               root=c22d26..a6c0a8 elapsed=3.140ms
INFO [12-06|21:04:47.644] Block finalized and assembled            height=89 blockProfit=0               txs=0   bundles=0 okSbundles=0 totalSbundles=0 gasUsed=0          time="281.106µs"
INFO [12-06|21:04:47.644] Block finalized and assembled            height=89 blockProfit=0               txs=0   bundles=0 okSbundles=0 totalSbundles=0 gasUsed=0          time="249.356µs"
INFO [12-06|21:04:47.644] Updated payload                          id=0x0090ef5bd9f8d18b number=89 hash=ff99bc..07c826 txs=0   withdrawals=0 gas=0          fees=0               root=c22d26..a6c0a8 elapsed="270.366µs"
INFO [12-06|21:04:47.645] submitting block to remote relay         endpoint=http://mev-relay-api:9062
INFO [12-06|21:04:47.645] successfully relayed block data to consumer
INFO [12-06|21:04:47.646] submitted block                          version=deneb slot=89 value=0                parent=0x47abb625558377038b174c2d629c6b08fc8df03258fa753de8188a06cd95a196 hash=ff99bc..07c826 #commitedBundles=0
INFO [12-06|21:04:48.143] Block finalized and assembled            height=89 blockProfit=0               txs=0   bundles=0 okSbundles=0 totalSbundles=0 gasUsed=0          time="293.996µs"
INFO [12-06|21:04:48.143] Block finalized and assembled            height=89 blockProfit=0               txs=0   bundles=0 okSbundles=0 totalSbundles=0 gasUsed=0          time="235.995µs"
INFO [12-06|21:04:48.143] Updated payload                          id=0x0090ef5bd9f8d18b number=89 hash=ff99bc..07c826 txs=0   withdrawals=0 gas=0          fees=0               root=c22d26..a6c0a8 elapsed="255.505µs"
INFO [12-06|21:04:48.644] Block finalized and assembled            height=89 blockProfit=0               txs=0   bundles=0 okSbundles=0 totalSbundles=0 gasUsed=0          time="309.706µs"
INFO [12-06|21:04:48.644] Block finalized and assembled            height=89 blockProfit=0               txs=0   bundles=0 okSbundles=0 totalSbundles=0 gasUsed=0          time="305.106µs"
INFO [12-06|21:04:48.644] Updated payload                          id=0x0090ef5bd9f8d18b number=89 hash=ff99bc..07c826 txs=0   withdrawals=0 gas=0          fees=0               root=c22d26..a6c0a8 elapsed="330.046µs"
INFO [12-06|21:04:49.002] Block finalized and assembled            height=89 blockProfit=0               txs=0   bundles=0 okSbundles=0 totalSbundles=0 gasUsed=0          time="339.107µs"
INFO [12-06|21:04:49.003] Block finalized and assembled            height=89 blockProfit=0               txs=0   bundles=0 okSbundles=0 totalSbundles=0 gasUsed=0          time="289.216µs"
INFO [12-06|21:04:49.003] Updated payload                          id=0x03f09c816374deaa number=89 hash=66cb95..a55391 txs=0   withdrawals=0 gas=0          fees=0               root=d874fe..cf45fe elapsed="316.226µs"
INFO [12-06|21:04:49.112] Imported new potential chain segment     number=89 hash=2efe64..acb2c5 blocks=1 txs=0   mgas=0.000  elapsed=2.359ms     mgasps=0.000   snapdiffs=146.12KiB triedirty=1.83MiB
INFO [12-06|21:04:49.117] Chain head was updated                   number=89 hash=2efe64..acb2c5 root=c22d26..a6c0a8 elapsed=2.767097ms
ERROR[12-06|21:04:49.118] Nil finalized block cannot evict old blobs
INFO [12-06|21:04:49.118] Block finalized and assembled            height=90 blockProfit=0               txs=0   bundles=0 okSbundles=0 totalSbundles=0 gasUsed=0          time="255.285µs"
INFO [12-06|21:04:49.119] Block finalized and assembled            height=90 blockProfit=0               txs=0   bundles=0 okSbundles=0 totalSbundles=0 gasUsed=0          time="822.647µs"
INFO [12-06|21:04:49.119] Updated payload                          id=0x0377577cb1b1b15e number=90 hash=aa31a1..cbe132 txs=0   withdrawals=0 gas=0          fees=0               root=6183a8..f07e82 elapsed="847.207µs"
INFO [12-06|21:04:49.618] Block finalized and assembled            height=90 blockProfit=0               txs=0   bundles=0 okSbundles=0 totalSbundles=0 gasUsed=0          time="257.905µs"
INFO [12-06|21:04:49.619] Block finalized and assembled            height=90 blockProfit=0               txs=0   bundles=0 okSbundles=0 totalSbundles=0 gasUsed=0          time="231.905µs"
INFO [12-06|21:04:49.619] Updated payload                          id=0x00343943870a290a number=90 hash=aa31a1..cbe132 txs=0   withdrawals=0 gas=0          fees=0               root=6183a8..f07e82 elapsed="256.176µs"
INFO [12-06|21:04:49.620] submitting block to remote relay         endpoint=http://mev-relay-api:9062
INFO [12-06|21:04:49.620] successfully relayed block data to consumer
INFO [12-06|21:04:49.621] submitted block                          version=deneb slot=90 value=0                parent=0x2efe643512fa061521b1ec9a86951c4797ed63e12539eff282f543d76cacb2c5 hash=aa31a1..cbe132 #commitedBundles=0
INFO [12-06|21:04:50.119] Block finalized and assembled            height=90 blockProfit=0               txs=0   bundles=0 okSbundles=0 totalSbundles=0 gasUsed=0          time="326.547µs"
INFO [12-06|21:04:50.119] Block finalized and assembled            height=90 blockProfit=0               txs=0   bundles=0 okSbundles=0 totalSbundles=0 gasUsed=0          time="286.816µs"
INFO [12-06|21:04:50.120] Updated payload                          id=0x00343943870a290a number=90 hash=aa31a1..cbe132 txs=0   withdrawals=0 gas=0          fees=0               root=6183a8..f07e82 elapsed="310.706µs"
INFO [12-06|21:04:50.619] Block finalized and assembled            height=90 blockProfit=0               txs=0   bundles=0 okSbundles=0 totalSbundles=0 gasUsed=0          time="328.537µs"
INFO [12-06|21:04:50.619] Block finalized and assembled            height=90 blockProfit=0               txs=0   bundles=0 okSbundles=0 totalSbundles=0 gasUsed=0          time="277.305µs"
INFO [12-06|21:04:50.619] Updated payload                          id=0x00343943870a290a number=90 hash=aa31a1..cbe132 txs=0   withdrawals=0 gas=0          fees=0               root=6183a8..f07e82 elapsed="303.466µs"
INFO [12-06|21:04:51.002] Block finalized and assembled            height=90 blockProfit=0               txs=0   bundles=0 okSbundles=0 totalSbundles=0 gasUsed=0          time="353.547µs"
INFO [12-06|21:04:51.003] Block finalized and assembled            height=90 blockProfit=0               txs=0   bundles=0 okSbundles=0 totalSbundles=0 gasUsed=0          time="350.197µs"
INFO [12-06|21:04:51.003] Updated payload                          id=0x037938b6f25904b1 number=90 hash=c86681..40f50a txs=0   withdrawals=0 gas=0          fees=0               root=94428b..c85605 elapsed="384.378µs"
INFO [12-06|21:04:51.114] Imported new potential chain segment     number=90 hash=5d3665..9b79e8 blocks=1 txs=0   mgas=0.000  elapsed=2.231ms     mgasps=0.000   snapdiffs=146.35KiB triedirty=1.83MiB
INFO [12-06|21:04:51.117] Chain head was updated                   number=90 hash=5d3665..9b79e8 root=6183a8..f07e82 elapsed=1.755357ms
ERROR[12-06|21:04:51.117] Nil finalized block cannot evict old blobs
INFO [12-06|21:04:51.118] Block finalized and assembled            height=91 blockProfit=0               txs=0   bundles=0 okSbundles=0 totalSbundles=0 gasUsed=0          time="250.736µs"
INFO [12-06|21:04:51.118] Block finalized and assembled            height=91 blockProfit=0               txs=0   bundles=0 okSbundles=0 totalSbundles=0 gasUsed=0          time="280.736µs"
INFO [12-06|21:04:51.118] Updated payload                          id=0x0329a7df69d88ecb number=91 hash=94d33f..f8bcb1 txs=0   withdrawals=0 gas=0          fees=0               root=c136e7..2698a5 elapsed="305.996µs"
INFO [12-06|21:04:51.619] Block finalized and assembled            height=91 blockProfit=0               txs=0   bundles=0 okSbundles=0 totalSbundles=0 gasUsed=0          time="266.916µs"
INFO [12-06|21:04:51.620] Block finalized and assembled            height=91 blockProfit=0               txs=0   bundles=0 okSbundles=0 totalSbundles=0 gasUsed=0          time="243.545µs"
INFO [12-06|21:04:51.620] Updated payload                          id=0x00b7dd702f2318c0 number=91 hash=94d33f..f8bcb1 txs=0   withdrawals=0 gas=0          fees=0               root=c136e7..2698a5 elapsed="264.665µs"
INFO [12-06|21:04:51.621] submitting block to remote relay         endpoint=http://mev-relay-api:9062
INFO [12-06|21:04:51.621] successfully relayed block data to consumer
INFO [12-06|21:04:51.622] submitted block                          version=deneb slot=91 value=0                parent=0x5d366579a0a7847a924f86f15bab8ef76a536b09781e9cd7f57a90f9be9b79e8 hash=94d33f..f8bcb1 #commitedBundles=0
INFO [12-06|21:04:52.119] Block finalized and assembled            height=91 blockProfit=0               txs=0   bundles=0 okSbundles=0 totalSbundles=0 gasUsed=0          time="232.415µs"
INFO [12-06|21:04:52.122] Block finalized and assembled            height=91 blockProfit=0.001295366397  txs=42  bundles=0 okSbundles=0 totalSbundles=0 gasUsed=882,000    time=2.37559ms
INFO [12-06|21:04:52.122] Updated payload                          id=0x00b7dd702f2318c0 number=91 hash=13881a..d9ad20 txs=42  withdrawals=0 gas=882,000    fees=0.001295366397  root=475e5b..9c9241 elapsed=2.401ms
INFO [12-06|21:04:52.123] submitting block to remote relay         endpoint=http://mev-relay-api:9062
INFO [12-06|21:04:52.123] successfully relayed block data to consumer
INFO [12-06|21:04:52.128] json-rpc validation v3 called!
INFO [12-06|21:04:52.128] blobs bundle                             blobs=0 commits=0 proofs=0
INFO [12-06|21:04:52.128] validateBlock method called!
INFO [12-06|21:04:52.132] validated block                          hash=13881a..d9ad20 number=91 parentHash=5d3665..9b79e8
INFO [12-06|21:04:52.132] validated blobs bundle                   blobs=0 commits=0 proofs=0
INFO [12-06|21:04:52.139] submitted block                          version=deneb slot=91 value=1295366397213000 parent=0x5d366579a0a7847a924f86f15bab8ef76a536b09781e9cd7f57a90f9be9b79e8 hash=13881a..d9ad20 #commitedBundles=0
INFO [12-06|21:04:52.619] Block finalized and assembled            height=91 blockProfit=0               txs=0   bundles=0 okSbundles=0 totalSbundles=0 gasUsed=0          time="217.284µs"
INFO [12-06|21:04:52.626] Block finalized and assembled            height=91 blockProfit=0.002653921746  txs=85  bundles=0 okSbundles=0 totalSbundles=0 gasUsed=1,785,000  time=6.000506ms
INFO [12-06|21:04:52.626] Updated payload                          id=0x00b7dd702f2318c0 number=91 hash=d7a691..febffc txs=85  withdrawals=0 gas=1,785,000  fees=0.002653921746  root=cc42a0..3bf183 elapsed=6.057ms
INFO [12-06|21:04:52.627] submitting block to remote relay         endpoint=http://mev-relay-api:9062
INFO [12-06|21:04:52.628] successfully relayed block data to consumer
INFO [12-06|21:04:52.635] json-rpc validation v3 called!
INFO [12-06|21:04:52.635] blobs bundle                             blobs=0 commits=0 proofs=0
INFO [12-06|21:04:52.636] validateBlock method called!
INFO [12-06|21:04:52.645] validated block                          hash=d7a691..febffc number=91 parentHash=5d3665..9b79e8
INFO [12-06|21:04:52.645] validated blobs bundle                   blobs=0 commits=0 proofs=0
INFO [12-06|21:04:52.655] submitted block                          version=deneb slot=91 value=2653921745832000 parent=0x5d366579a0a7847a924f86f15bab8ef76a536b09781e9cd7f57a90f9be9b79e8 hash=d7a691..febffc #commitedBundles=0
INFO [12-06|21:04:52.806] Looking for peers                        peercount=2 tried=35 static=0
INFO [12-06|21:04:53.002] Block finalized and assembled            height=91 blockProfit=0               txs=0   bundles=0 okSbundles=0 totalSbundles=0 gasUsed=0          time="260.715µs"
INFO [12-06|21:04:53.010] Block finalized and assembled            height=91 blockProfit=0.003159430713  txs=101 bundles=0 okSbundles=0 totalSbundles=0 gasUsed=2,121,000  time=7.18729ms
INFO [12-06|21:04:53.010] Updated payload                          id=0x03c3896a7a68b8e6 number=91 hash=a0064f..216073 txs=101 withdrawals=0 gas=2,121,000  fees=0.003159430713  root=c31fcc..3518fb elapsed=7.226ms
INFO [12-06|21:04:53.011] VaPrBl: ValidateProfBlock called!
INFO [12-06|21:04:53.011] > VaPrBl: profBlock details              profBlock="&{header:0xc001561400 uncles:[] transactions:[0xc002485f20 0xc00271c000 0xc00271c0c0 0xc00271c180 0xc00271c300 0xc00271c3c0 0xc00271c480 0xc00271c540 0xc00271c600 0xc00271c6c0 0xc00271c840 0xc00271c900 0xc00271c9c0 0xc00271ca80 0xc00271cb40 0xc00271cc00 0xc00271cd80 0xc00271ce40 0xc00271cf00 0xc00271cfc0 0xc00271d140 0xc00271d200 0xc00271d2c0 0xc00271d380 0xc00271d500 0xc00271d5c0 0xc00271d680 0xc00271d7a0 0xc00271d920 0xc00271d9e0 0xc00271daa0 0xc00271db60 0xc00271de60 0xc00271df20 0xc002818000 0xc0028180c0 0xc002818180 0xc002818240 0xc0028183c0 0xc002818480 0xc002818540 0xc002818600 0xc0028186c0 0xc002818780 0xc002818840 0xc0028189c0 0xc002818a80 0xc002818b40 0xc002818c00 0xc002818cc0 0xc002818e40 0xc002818f00 0xc002818fc0 0xc002819080 0xc002819200 0xc0028192c0 0xc002819380 0xc002819440 0xc002819500 0xc0028195c0 0xc002819680 0xc002819740 0xc002819800 0xc0028198c0 0xc002819980 0xc002819a40 0xc002819b00 0xc002819bc0 0xc002819c80 0xc002819d40 0xc002819e00 0xc002819f80 0xc0031bc060 0xc0031bc120 0xc0031bc1e0 0xc0031bc2a0 0xc0031bc360 0xc0031bc420 0xc0031bc4e0 0xc0031bc5a0 0xc0031bc660 0xc0031bc720 0xc0031bc7e0 0xc0031bc8a0 0xc0031bc960 0xc0031bc9c0 0xc0031bca20] withdrawals:[] hash:{v:<nil>} size:{v:10984} ReceivedAt:0001-01-01 00:00:00 +0000 UTC ReceivedFrom:<nil>}"
INFO [12-06|21:04:53.011] > VaPrBl: proposerFeeRecipient           proposerFeeRecipient=0x8943545177806ED17B9F23F0a21ee5948eCaa776
INFO [12-06|21:04:53.011] > VaPrBl: registeredGasLimit             registeredGasLimit=27322062
INFO [12-06|21:04:53.011] > VaPrBl: SimulateProfBlock params       block=d5a836..94db6b blockNumber=91 feeRecipient=0x8943545177806ED17B9F23F0a21ee5948eCaa776 registeredGasLimit=27,322,062 vmconfig="{Tracer:<nil> NoBaseFee:false EnablePreimageRecording:false ExtraEips:[]}" useBalanceDiff=true excludeWithdrawals=true
INFO [12-06|21:04:53.011] Starting SimulateProfBlock               blockNumber=91 blockHash=d5a836..94db6b feeRecipient=0x8943545177806ED17B9F23F0a21ee5948eCaa776 registeredGasLimit=27,322,062
INFO [12-06|21:04:53.011] Found parent block                       parentNumber=90 parentHash=5d3665..9b79e8 parentRoot=6183a8..f07e82
INFO [12-06|21:04:53.019] SimulateProfBlock - Used Gas             usedGas=1,999,686 registeredGasLimit=27,322,062
INFO [12-06|21:04:53.021] validated prof block                     number=91 parentHash=5d3665..9b79e8
INFO [12-06|21:04:53.085] Imported new potential chain segment     number=91 hash=703d36..f48fa1 blocks=1 txs=87  mgas=2.000  elapsed=12.209ms    mgasps=163.788 snapdiffs=151.40KiB triedirty=1.89MiB
INFO [12-06|21:04:53.091] Chain head was updated                   number=91 hash=703d36..f48fa1 root=85164a..b864ab elapsed=1.758718ms
ERROR[12-06|21:04:53.102] Nil finalized block cannot evict old blobs
INFO [12-06|21:04:53.104] Block finalized and assembled            height=92 blockProfit=0               txs=0   bundles=0 okSbundles=0 totalSbundles=0 gasUsed=0          time="193.604µs"
INFO [12-06|21:04:53.105] Block finalized and assembled            height=92 blockProfit=0.0005055092358 txs=17  bundles=0 okSbundles=0 totalSbundles=0 gasUsed=357,000    time=1.092342ms
INFO [12-06|21:04:53.106] Updated payload                          id=0x032753f0976120f6 number=92 hash=4b464f..ff0523 txs=17  withdrawals=0 gas=357,000    fees=0.0005055092358 root=271ca1..bd4d0f elapsed=1.887ms
INFO [12-06|21:04:53.605] Block finalized and assembled            height=92 blockProfit=0               txs=0   bundles=0 okSbundles=0 totalSbundles=0 gasUsed=0          time="361.558µs"
INFO [12-06|21:04:53.606] Block finalized and assembled            height=92 blockProfit=0.0005055092358 txs=17  bundles=0 okSbundles=0 totalSbundles=0 gasUsed=357,000    time=1.782017ms
INFO [12-06|21:04:53.607] Updated payload                          id=0x008f017ff3859cbe number=92 hash=4b464f..ff0523 txs=17  withdrawals=0 gas=357,000    fees=0.0005055092358 root=271ca1..bd4d0f elapsed=1.815ms
INFO [12-06|21:04:53.608] submitting block to remote relay         endpoint=http://mev-relay-api:9062
INFO [12-06|21:04:53.608] successfully relayed block data to consumer
INFO [12-06|21:04:53.614] json-rpc validation v3 called!
INFO [12-06|21:04:53.614] blobs bundle                             blobs=0 commits=0 proofs=0
INFO [12-06|21:04:53.614] validateBlock method called!
INFO [12-06|21:04:53.618] validated block                          hash=4b464f..ff0523 number=92 parentHash=703d36..f48fa1
INFO [12-06|21:04:53.618] validated blobs bundle                   blobs=0 commits=0 proofs=0
INFO [12-06|21:04:53.627] submitted block                          version=deneb slot=92 value=505509235791000  parent=0x703d363afa4b05304d79949db52fcd4e3bd238198c1b9b2613aaea730bf48fa1 hash=4b464f..ff0523 #commitedBundles=0
INFO [12-06|21:04:54.105] Block finalized and assembled            height=92 blockProfit=0               txs=0   bundles=0 okSbundles=0 totalSbundles=0 gasUsed=0          time="305.986µs"
INFO [12-06|21:04:54.106] Block finalized and assembled            height=92 blockProfit=0.0005055092358 txs=17  bundles=0 okSbundles=0 totalSbundles=0 gasUsed=357,000    time=1.033702ms
INFO [12-06|21:04:54.106] Updated payload                          id=0x008f017ff3859cbe number=92 hash=4b464f..ff0523 txs=17  withdrawals=0 gas=357,000    fees=0.0005055092358 root=271ca1..bd4d0f elapsed=1.050ms
INFO [12-06|21:04:54.604] Block finalized and assembled            height=92 blockProfit=0               txs=0   bundles=0 okSbundles=0 totalSbundles=0 gasUsed=0          time="208.204µs"
INFO [12-06|21:04:54.605] Block finalized and assembled            height=92 blockProfit=0.0005055092358 txs=17  bundles=0 okSbundles=0 totalSbundles=0 gasUsed=357,000    time="929.55µs"
INFO [12-06|21:04:54.605] Updated payload                          id=0x008f017ff3859cbe number=92 hash=4b464f..ff0523 txs=17  withdrawals=0 gas=357,000    fees=0.0005055092358 root=271ca1..bd4d0f elapsed="945.86µs"
INFO [12-06|21:04:55.002] Block finalized and assembled            height=92 blockProfit=0               txs=0   bundles=0 okSbundles=0 totalSbundles=0 gasUsed=0          time="340.077µs"
INFO [12-06|21:04:55.005] Block finalized and assembled            height=92 blockProfit=0.0005055092358 txs=17  bundles=0 okSbundles=0 totalSbundles=0 gasUsed=357,000    time=2.635315ms
INFO [12-06|21:04:55.005] Updated payload                          id=0x034573ce255379f3 number=92 hash=684860..a532e1 txs=17  withdrawals=0 gas=357,000    fees=0.0005055092358 root=8d04dd..e6fd17 elapsed=2.669ms
INFO [12-06|21:04:55.111] Imported new potential chain segment     number=92 hash=a9f7ce..2071fe blocks=1 txs=16  mgas=0.336  elapsed=4.989ms     mgasps=67.344  snapdiffs=152.43KiB triedirty=1.91MiB
INFO [12-06|21:04:55.115] Chain head was updated                   number=92 hash=a9f7ce..2071fe root=5ca497..fc2caf elapsed=1.565002ms
INFO [12-06|21:04:55.116] Block finalized and assembled            height=93 blockProfit=0               txs=0   bundles=0 okSbundles=0 totalSbundles=0 gasUsed=0          time="186.904µs"
ERROR[12-06|21:04:55.118] Nil finalized block cannot evict old blobs
INFO [12-06|21:04:55.118] Block finalized and assembled            height=93 blockProfit=0               txs=0   bundles=0 okSbundles=0 totalSbundles=0 gasUsed=0          time=2.246517ms
INFO [12-06|21:04:55.119] Updated payload                          id=0x03108d81e445cae7 number=93 hash=27f051..ac8148 txs=0   withdrawals=0 gas=0          fees=0               root=2ab67e..7f23f1 elapsed=2.275ms
INFO [12-06|21:04:55.618] Block finalized and assembled            height=93 blockProfit=0               txs=0   bundles=0 okSbundles=0 totalSbundles=0 gasUsed=0          time="164.164µs"
INFO [12-06|21:04:55.618] Block finalized and assembled            height=93 blockProfit=0               txs=0   bundles=0 okSbundles=0 totalSbundles=0 gasUsed=0          time="145.203µs"
INFO [12-06|21:04:55.618] Updated payload                          id=0x00cecf5e38d81e8f number=93 hash=27f051..ac8148 txs=0   withdrawals=0 gas=0          fees=0               root=2ab67e..7f23f1 elapsed="156.313µs"
INFO [12-06|21:04:55.619] submitting block to remote relay         endpoint=http://mev-relay-api:9062
INFO [12-06|21:04:55.619] successfully relayed block data to consumer
INFO [12-06|21:04:55.619] submitted block                          version=deneb slot=93 value=0                parent=0xa9f7ce779e9b69e7cfd1470a5882ae462af911f7fe43fa517d6251707f2071fe hash=27f051..ac8148 #commitedBundles=0
INFO [12-06|21:04:56.118] Block finalized and assembled            height=93 blockProfit=0               txs=0   bundles=0 okSbundles=0 totalSbundles=0 gasUsed=0          time="324.327µs"
INFO [12-06|21:04:56.119] Block finalized and assembled            height=93 blockProfit=0.0007714562652 txs=11  bundles=0 okSbundles=0 totalSbundles=0 gasUsed=533,768    time=1.300037ms
INFO [12-06|21:04:56.119] Updated payload                          id=0x00cecf5e38d81e8f number=93 hash=72c8fc..26a16d txs=11  withdrawals=0 gas=533,768    fees=0.0007714562652 root=9ed8ef..4e62cb elapsed=1.324ms
INFO [12-06|21:04:56.120] submitting block to remote relay         endpoint=http://mev-relay-api:9062
INFO [12-06|21:04:56.120] successfully relayed block data to consumer
INFO [12-06|21:04:56.124] json-rpc validation v3 called!
INFO [12-06|21:04:56.124] blobs bundle                             blobs=0 commits=0 proofs=0
INFO [12-06|21:04:56.124] validateBlock method called!
INFO [12-06|21:04:56.126] validated block                          hash=72c8fc..26a16d number=93 parentHash=a9f7ce..2071fe
INFO [12-06|21:04:56.126] validated blobs bundle                   blobs=0 commits=0 proofs=0
INFO [12-06|21:04:56.132] submitted block                          version=deneb slot=93 value=771456265218344  parent=0xa9f7ce779e9b69e7cfd1470a5882ae462af911f7fe43fa517d6251707f2071fe hash=72c8fc..26a16d #commitedBundles=0
INFO [12-06|21:04:56.618] Block finalized and assembled            height=93 blockProfit=0               txs=0   bundles=0 okSbundles=0 totalSbundles=0 gasUsed=0          time="212.665µs"
INFO [12-06|21:04:56.623] Block finalized and assembled            height=93 blockProfit=0.007435540579  txs=101 bundles=0 okSbundles=0 totalSbundles=0 gasUsed=4,963,221  time=5.681468ms
INFO [12-06|21:04:56.623] Updated payload                          id=0x00cecf5e38d81e8f number=93 hash=8c5ad7..1e9aff txs=101 withdrawals=0 gas=4,963,221  fees=0.007435540579  root=21db9f..0599e5 elapsed=5.724ms
INFO [12-06|21:04:56.625] submitting block to remote relay         endpoint=http://mev-relay-api:9062
INFO [12-06|21:04:56.626] successfully relayed block data to consumer
INFO [12-06|21:04:56.635] json-rpc validation v3 called!
INFO [12-06|21:04:56.635] blobs bundle                             blobs=0 commits=0 proofs=0
INFO [12-06|21:04:56.635] validateBlock method called!
INFO [12-06|21:04:56.649] validated block                          hash=8c5ad7..1e9aff number=93 parentHash=a9f7ce..2071fe
INFO [12-06|21:04:56.649] validated blobs bundle                   blobs=0 commits=0 proofs=0
INFO [12-06|21:04:56.659] submitted block                          version=deneb slot=93 value=7435540579123845 parent=0xa9f7ce779e9b69e7cfd1470a5882ae462af911f7fe43fa517d6251707f2071fe hash=8c5ad7..1e9aff #commitedBundles=0
INFO [12-06|21:04:57.001] Block finalized and assembled            height=93 blockProfit=0               txs=0   bundles=0 okSbundles=0 totalSbundles=0 gasUsed=0          time="256.435µs"
INFO [12-06|21:04:57.007] Block finalized and assembled            height=93 blockProfit=0.007435540579  txs=101 bundles=0 okSbundles=0 totalSbundles=0 gasUsed=4,963,221  time=5.76353ms
INFO [12-06|21:04:57.007] Updated payload                          id=0x03bbe54a32b530a8 number=93 hash=fed64f..2b9ec2 txs=101 withdrawals=0 gas=4,963,221  fees=0.007435540579  root=54dd78..9ca99e elapsed=5.793ms
INFO [12-06|21:04:57.060] Imported new potential chain segment     number=93 hash=e5ac14..4a6a1f blocks=1 txs=64  mgas=3.124  elapsed=11.784ms    mgasps=265.099 snapdiffs=156.25KiB triedirty=1.96MiB
INFO [12-06|21:04:57.069] Chain head was updated                   number=93 hash=e5ac14..4a6a1f root=daaf8f..543394 elapsed=5.886423ms
INFO [12-06|21:04:57.073] Block finalized and assembled            height=94 blockProfit=0               txs=0   bundles=0 okSbundles=0 totalSbundles=0 gasUsed=0          time="507.531µs"
ERROR[12-06|21:04:57.082] Nil finalized block cannot evict old blobs
INFO [12-06|21:04:57.085] Block finalized and assembled            height=94 blockProfit=0.002735563468  txs=37  bundles=0 okSbundles=0 totalSbundles=0 gasUsed=1,839,261  time=12.077542ms
INFO [12-06|21:04:57.085] Updated payload                          id=0x0370de53cc456222 number=94 hash=b779b2..9f3cb4 txs=37  withdrawals=0 gas=1,839,261  fees=0.002735563468  root=0966e7..591b8c elapsed=12.108ms
INFO [12-06|21:04:57.575] Block finalized and assembled            height=94 blockProfit=0               txs=0   bundles=0 okSbundles=0 totalSbundles=0 gasUsed=0          time="209.474µs"
INFO [12-06|21:04:57.577] Block finalized and assembled            height=94 blockProfit=0.002735563468  txs=37  bundles=0 okSbundles=0 totalSbundles=0 gasUsed=1,839,261  time=1.962201ms
INFO [12-06|21:04:57.577] Updated payload                          id=0x00607f156558a704 number=94 hash=b779b2..9f3cb4 txs=37  withdrawals=0 gas=1,839,261  fees=0.002735563468  root=0966e7..591b8c elapsed=1.978ms
INFO [12-06|21:04:57.578] submitting block to remote relay         endpoint=http://mev-relay-api:9062
INFO [12-06|21:04:57.578] successfully relayed block data to consumer
INFO [12-06|21:04:57.582] json-rpc validation v3 called!
INFO [12-06|21:04:57.582] blobs bundle                             blobs=0 commits=0 proofs=0
INFO [12-06|21:04:57.583] validateBlock method called!
INFO [12-06|21:04:57.587] validated block                          hash=b779b2..9f3cb4 number=94 parentHash=e5ac14..4a6a1f
INFO [12-06|21:04:57.587] validated blobs bundle                   blobs=0 commits=0 proofs=0
INFO [12-06|21:04:57.598] submitted block                          version=deneb slot=94 value=2735563467655609 parent=0xe5ac1475393d5cb2793b4f672d04d8094e1d9971e0cf9fdf3be6fac6314a6a1f hash=b779b2..9f3cb4 #commitedBundles=0
INFO [12-06|21:04:58.075] Block finalized and assembled            height=94 blockProfit=0               txs=0   bundles=0 okSbundles=0 totalSbundles=0 gasUsed=0          time="323.457µs"
INFO [12-06|21:04:58.079] Block finalized and assembled            height=94 blockProfit=0.002735563468  txs=37  bundles=0 okSbundles=0 totalSbundles=0 gasUsed=1,839,261  time=4.011933ms
INFO [12-06|21:04:58.079] Updated payload                          id=0x00607f156558a704 number=94 hash=b779b2..9f3cb4 txs=37  withdrawals=0 gas=1,839,261  fees=0.002735563468  root=0966e7..591b8c elapsed=4.047ms
INFO [12-06|21:04:58.575] Block finalized and assembled            height=94 blockProfit=0               txs=0   bundles=0 okSbundles=0 totalSbundles=0 gasUsed=0          time="280.905µs"
INFO [12-06|21:04:58.578] Block finalized and assembled            height=94 blockProfit=0.002735563468  txs=37  bundles=0 okSbundles=0 totalSbundles=0 gasUsed=1,839,261  time=3.189386ms
INFO [12-06|21:04:58.578] Updated payload                          id=0x00607f156558a704 number=94 hash=b779b2..9f3cb4 txs=37  withdrawals=0 gas=1,839,261  fees=0.002735563468  root=0966e7..591b8c elapsed=3.220ms
INFO [12-06|21:04:59.002] Block finalized and assembled            height=94 blockProfit=0               txs=0   bundles=0 okSbundles=0 totalSbundles=0 gasUsed=0          time="231.855µs"
INFO [12-06|21:04:59.007] Block finalized and assembled            height=94 blockProfit=0.002735563468  txs=37  bundles=0 okSbundles=0 totalSbundles=0 gasUsed=1,839,261  time=5.655518ms
INFO [12-06|21:04:59.010] Updated payload                          id=0x038e8b997ed18fd4 number=94 hash=472e81..064e2c txs=37  withdrawals=0 gas=1,839,261  fees=0.002735563468  root=659027..ee1b02 elapsed=7.876ms
INFO [12-06|21:04:59.010] VaPrBl: ValidateProfBlock called!
INFO [12-06|21:04:59.010] > VaPrBl: profBlock details              profBlock="&{header:0xc00393a280 uncles:[] transactions:[0xc003cdda40 0xc003cddb00 0xc003cddbc0 0xc003cddc20 0xc003cddc80 0xc003cddd40 0xc003cddda0 0xc003cdde00 0xc003cddec0 0xc003cddf20 0xc003e5c000 0xc003e5c0c0 0xc003e5c180 0xc003e5c1e0 0xc003e5c2a0 0xc003e5c300 0xc003e5c3c0 0xc003e5c420 0xc003e5c4e0 0xc003e5c5a0 0xc003e5c660 0xc003e5c720 0xc003e5c780 0xc003e5c7e0 0xc003e5c8a0 0xc003e5c900 0xc003e5c960 0xc003e5c9c0 0xc003e5ca20 0xc003e5ca80 0xc003e5cae0 0xc003e5cb40 0xc003e5cba0 0xc003e5cc00 0xc003e5cc60 0xc003e5ccc0 0xc003e5cd20 0xc003e5cd80] withdrawals:[] hash:{v:<nil>} size:{v:9281} ReceivedAt:0001-01-01 00:00:00 +0000 UTC ReceivedFrom:<nil>}"
INFO [12-06|21:04:59.010] > VaPrBl: proposerFeeRecipient           proposerFeeRecipient=0x8943545177806ED17B9F23F0a21ee5948eCaa776
INFO [12-06|21:04:59.010] > VaPrBl: registeredGasLimit             registeredGasLimit=27402180
INFO [12-06|21:04:59.010] > VaPrBl: SimulateProfBlock params       block=fb8be4..d3fecd blockNumber=94 feeRecipient=0x8943545177806ED17B9F23F0a21ee5948eCaa776 registeredGasLimit=27,402,180 vmconfig="{Tracer:<nil> NoBaseFee:false EnablePreimageRecording:false ExtraEips:[]}" useBalanceDiff=true excludeWithdrawals=true
INFO [12-06|21:04:59.010] Starting SimulateProfBlock               blockNumber=94 blockHash=fb8be4..d3fecd feeRecipient=0x8943545177806ED17B9F23F0a21ee5948eCaa776 registeredGasLimit=27,402,180
INFO [12-06|21:04:59.010] Found parent block                       parentNumber=93 parentHash=e5ac14..4a6a1f parentRoot=daaf8f..543394
INFO [12-06|21:04:59.015] SimulateProfBlock - Used Gas             usedGas=1,946,604 registeredGasLimit=27,402,180
INFO [12-06|21:04:59.017] validated prof block                     number=94 parentHash=e5ac14..4a6a1f
INFO [12-06|21:04:59.069] Imported new potential chain segment     number=94 hash=b2e966..c96c3e blocks=1 txs=38  mgas=1.947  elapsed=7.061ms     mgasps=275.666 snapdiffs=159.29KiB triedirty=2.00MiB
INFO [12-06|21:04:59.075] Chain head was updated                   number=94 hash=b2e966..c96c3e root=01c93d..5153a9 elapsed=3.551594ms
INFO [12-06|21:04:59.077] Block finalized and assembled            height=95 blockProfit=0               txs=0   bundles=0 okSbundles=0 totalSbundles=0 gasUsed=0          time="129.183µs"
ERROR[12-06|21:04:59.079] Nil finalized block cannot evict old blobs
INFO [12-06|21:04:59.079] Block finalized and assembled            height=95 blockProfit=0               txs=0   bundles=0 okSbundles=0 totalSbundles=0 gasUsed=0          time=2.210827ms
INFO [12-06|21:04:59.079] Updated payload                          id=0x0346e789a6f9be66 number=95 hash=c6a008..0eced0 txs=0   withdrawals=0 gas=0          fees=0               root=518b68..df0043 elapsed=2.221ms
INFO [12-06|21:04:59.580] Block finalized and assembled            height=95 blockProfit=0               txs=0   bundles=0 okSbundles=0 totalSbundles=0 gasUsed=0          time="226.925µs"
INFO [12-06|21:04:59.580] Block finalized and assembled            height=95 blockProfit=0               txs=0   bundles=0 okSbundles=0 totalSbundles=0 gasUsed=0          time="208.804µs"
INFO [12-06|21:04:59.581] Updated payload                          id=0x00895f6bfb9af54f number=95 hash=c6a008..0eced0 txs=0   withdrawals=0 gas=0          fees=0               root=518b68..df0043 elapsed="224.724µs"
INFO [12-06|21:04:59.581] submitting block to remote relay         endpoint=http://mev-relay-api:9062
INFO [12-06|21:04:59.581] successfully relayed block data to consumer
INFO [12-06|21:04:59.582] submitted block                          version=deneb slot=95 value=0                parent=0xb2e9669ac86a1ec406fde30131c8af74d27a4ff17fd4d1ba0327f93f48c96c3e hash=c6a008..0eced0 #commitedBundles=0
INFO [12-06|21:05:00.080] Block finalized and assembled            height=95 blockProfit=0               txs=0   bundles=0 okSbundles=0 totalSbundles=0 gasUsed=0          time="212.865µs"
INFO [12-06|21:05:00.080] Block finalized and assembled            height=95 blockProfit=0               txs=0   bundles=0 okSbundles=0 totalSbundles=0 gasUsed=0          time="171.023µs"
INFO [12-06|21:05:00.080] Updated payload                          id=0x00895f6bfb9af54f number=95 hash=c6a008..0eced0 txs=0   withdrawals=0 gas=0          fees=0               root=518b68..df0043 elapsed="185.344µs"
INFO [12-06|21:05:00.580] Block finalized and assembled            height=95 blockProfit=0               txs=0   bundles=0 okSbundles=0 totalSbundles=0 gasUsed=0          time="316.936µs"
INFO [12-06|21:05:00.580] Block finalized and assembled            height=95 blockProfit=0               txs=0   bundles=0 okSbundles=0 totalSbundles=0 gasUsed=0          time="253.326µs"
INFO [12-06|21:05:00.580] Updated payload                          id=0x00895f6bfb9af54f number=95 hash=c6a008..0eced0 txs=0   withdrawals=0 gas=0          fees=0               root=518b68..df0043 elapsed="273.976µs"
INFO [12-06|21:05:01.003] Block finalized and assembled            height=95 blockProfit=0               txs=0   bundles=0 okSbundles=0 totalSbundles=0 gasUsed=0          time="184.894µs"
INFO [12-06|21:05:01.005] Block finalized and assembled            height=95 blockProfit=0.001105802708  txs=36  bundles=0 okSbundles=0 totalSbundles=0 gasUsed=756,000    time=1.529152ms
INFO [12-06|21:05:01.005] Updated payload                          id=0x03a18ac64211b63f number=95 hash=3dd74b..1dd7e0 txs=36  withdrawals=0 gas=756,000    fees=0.001105802708  root=d56094..745f4c elapsed=1.556ms
ERROR[12-06|21:05:01.005] error with builder processing on payload attribute latestSlot=96 processedSlot=96 headHash=0xb2e9669ac86a1ec406fde30131c8af74d27a4ff17fd4d1ba0327f93f48c96c3e error="could not get validator while submitting block for slot 96 - validator not found"
INFO [12-06|21:05:01.005] requesting                               currentSlot=96
INFO [12-06|21:05:01.006] Updated validators                       count=64 slot=96
INFO [12-06|21:05:01.037] Imported new potential chain segment     number=95 hash=afc7cc..f2f81e blocks=1 txs=0   mgas=0.000  elapsed=2.177ms     mgasps=0.000   snapdiffs=159.52KiB triedirty=2.01MiB
INFO [12-06|21:05:01.040] Chain head was updated                   number=95 hash=afc7cc..f2f81e root=518b68..df0043 elapsed=1.719896ms
ERROR[12-06|21:05:01.041] Nil finalized block cannot evict old blobs
INFO [12-06|21:05:01.042] Block finalized and assembled            height=96 blockProfit=0               txs=0   bundles=0 okSbundles=0 totalSbundles=0 gasUsed=0          time="167.694µs"
INFO [12-06|21:05:01.043] Block finalized and assembled            height=96 blockProfit=0.00120058681   txs=39  bundles=0 okSbundles=0 totalSbundles=0 gasUsed=819,000    time=1.513951ms
INFO [12-06|21:05:01.043] Updated payload                          id=0x0314cebc82ae1345 number=96 hash=858634..acf851 txs=39  withdrawals=0 gas=819,000    fees=0.00120058681   root=e6ed8d..ca9209 elapsed=1.530ms
INFO [12-06|21:05:01.542] Block finalized and assembled            height=96 blockProfit=0               txs=0   bundles=0 okSbundles=0 totalSbundles=0 gasUsed=0          time="268.075µs"
INFO [12-06|21:05:01.545] Block finalized and assembled            height=96 blockProfit=0.002527550354  txs=81  bundles=0 okSbundles=0 totalSbundles=0 gasUsed=1,701,000  time=3.117555ms
INFO [12-06|21:05:01.545] Updated payload                          id=0x00f4b5402d5b3b84 number=96 hash=14ca92..15d6fc txs=81  withdrawals=0 gas=1,701,000  fees=0.002527550354  root=8c4bad..e0749e elapsed=3.137ms
INFO [12-06|21:05:01.546] submitting block to remote relay         endpoint=http://mev-relay-api:9062
INFO [12-06|21:05:01.547] successfully relayed block data to consumer
INFO [12-06|21:05:01.553] json-rpc validation v3 called!
INFO [12-06|21:05:01.553] blobs bundle                             blobs=0 commits=0 proofs=0
INFO [12-06|21:05:01.553] validateBlock method called!
INFO [12-06|21:05:01.561] validated block                          hash=14ca92..15d6fc number=96 parentHash=afc7cc..f2f81e
INFO [12-06|21:05:01.561] validated blobs bundle                   blobs=0 commits=0 proofs=0
INFO [12-06|21:05:01.571] submitted block                          version=deneb slot=96 value=2527550353797000 parent=0xafc7cc61daca94e30ddac1eeb2bb0ab7f3d51c49d0f177d9d6e4831081f2f81e hash=14ca92..15d6fc #commitedBundles=0
INFO [12-06|21:05:02.043] Block finalized and assembled            height=96 blockProfit=0               txs=0   bundles=0 okSbundles=0 totalSbundles=0 gasUsed=0          time="224.655µs"
INFO [12-06|21:05:02.047] Block finalized and assembled            height=96 blockProfit=0.003159437756  txs=101 bundles=0 okSbundles=0 totalSbundles=0 gasUsed=2,121,000  time=4.702187ms
INFO [12-06|21:05:02.047] Updated payload                          id=0x00f4b5402d5b3b84 number=96 hash=5fe40e..038a4a txs=101 withdrawals=0 gas=2,121,000  fees=0.003159437756  root=36087d..a304a7 elapsed=4.725ms
INFO [12-06|21:05:02.048] submitting block to remote relay         endpoint=http://mev-relay-api:9062
INFO [12-06|21:05:02.049] successfully relayed block data to consumer
INFO [12-06|21:05:02.056] json-rpc validation v3 called!
INFO [12-06|21:05:02.056] blobs bundle                             blobs=0 commits=0 proofs=0
INFO [12-06|21:05:02.057] validateBlock method called!
INFO [12-06|21:05:02.067] validated block                          hash=5fe40e..038a4a number=96 parentHash=afc7cc..f2f81e
INFO [12-06|21:05:02.067] validated blobs bundle                   blobs=0 commits=0 proofs=0
INFO [12-06|21:05:02.078] submitted block                          version=deneb slot=96 value=3159437755677000 parent=0xafc7cc61daca94e30ddac1eeb2bb0ab7f3d51c49d0f177d9d6e4831081f2f81e hash=5fe40e..038a4a #commitedBundles=0
INFO [12-06|21:05:02.542] Block finalized and assembled            height=96 blockProfit=0               txs=0   bundles=0 okSbundles=0 totalSbundles=0 gasUsed=0          time="281.046µs"
INFO [12-06|21:05:02.551] Block finalized and assembled            height=96 blockProfit=0.003159437756  txs=101 bundles=0 okSbundles=0 totalSbundles=0 gasUsed=2,121,000  time=8.564589ms
INFO [12-06|21:05:02.551] Updated payload                          id=0x00f4b5402d5b3b84 number=96 hash=5fe40e..038a4a txs=101 withdrawals=0 gas=2,121,000  fees=0.003159437756  root=36087d..a304a7 elapsed=8.591ms
INFO [12-06|21:05:02.965] Looking for peers                        peercount=2 tried=17 static=0
INFO [12-06|21:05:03.005] Block finalized and assembled            height=96 blockProfit=0               txs=0   bundles=0 okSbundles=0 totalSbundles=0 gasUsed=0          time="655.604µs"
INFO [12-06|21:05:03.016] Block finalized and assembled            height=96 blockProfit=0.003159437756  txs=101 bundles=0 okSbundles=0 totalSbundles=0 gasUsed=2,121,000  time=10.232054ms
INFO [12-06|21:05:03.016] Updated payload                          id=0x0305f3c6e2a250c0 number=96 hash=813b4e..4394e7 txs=101 withdrawals=0 gas=2,121,000  fees=0.003159437756  root=be3f8e..269eac elapsed=10.298ms
INFO [12-06|21:05:03.017] VaPrBl: ValidateProfBlock called!
INFO [12-06|21:05:03.017] > VaPrBl: profBlock details              profBlock="&{header:0xc0039d8f00 uncles:[] transactions:[0xc002f415c0 0xc002f41680 0xc002f41740 0xc002f41800 0xc002f418c0 0xc002f41980 0xc002f41a40 0xc002f41b00 0xc002f41bc0 0xc002f41c80 0xc002f41d40 0xc002f41e00 0xc002f41ec0 0xc002f41f80 0xc002a1e060 0xc002a1ed20 0xc002a1fa40 0xc002328c00 0xc002329da0 0xc001aeac00 0xc0019d1c80 0xc002e14300 0xc002e14720 0xc002e14ae0 0xc002e14f00 0xc002e152c0 0xc002e15680 0xc00289c2a0 0xc002a40180 0xc002a404e0 0xc002a40b40 0xc002a40c00 0xc002a40cc0 0xc002a40d80 0xc002a40e40 0xc002a40f00 0xc002a41080 0xc002a41140 0xc002a41260 0xc002a41320 0xc002a414a0 0xc002a41560 0xc002a41620 0xc002a416e0 0xc002a41800 0xc002a41980 0xc002a41a40 0xc002a41b00 0xc002a41bc0 0xc002a41d40 0xc002a41e00 0xc002a41ec0 0xc002a41f80 0xc0036e4120 0xc0036e41e0 0xc0036e42a0 0xc0036e4360 0xc0036e44e0 0xc0036e45a0 0xc0036e46c0 0xc0036e4780 0xc0036e4840 0xc0036e4900 0xc0036e49c0 0xc0036e4c00 0xc0036e4cc0 0xc0036e4e40 0xc0036e4fc0 0xc0036e5080 0xc0036e5140 0xc0036e52c0 0xc0036e5380 0xc0036e5440 0xc0036e5500 0xc0036e57a0 0xc0036e5860 0xc0036e5920 0xc0036e59e0 0xc0036e5b60 0xc0036e5c80 0xc0036e5d40 0xc0036e5ec0 0xc0036e5f80 0xc0029fc180 0xc0029fc3c0 0xc0029fc480 0xc0029fc540 0xc0029fc6c0 0xc0029fc900 0xc0029fca80 0xc0029fcba0 0xc0029fcc60 0xc0029fcde0 0xc0029fdf80 0xc002f1e060 0xc002f1e120 0xc002f1e360 0xc002f1e420 0xc002f1e4e0 0xc002f1e5a0 0xc002f1e840 0xc002f1e8a0] withdrawals:[] hash:{v:<nil>} size:{v:12512} ReceivedAt:0001-01-01 00:00:00 +0000 UTC ReceivedFrom:<nil>}"
INFO [12-06|21:05:03.017] > VaPrBl: proposerFeeRecipient           proposerFeeRecipient=0x8943545177806ED17B9F23F0a21ee5948eCaa776
INFO [12-06|21:05:03.017] > VaPrBl: registeredGasLimit             registeredGasLimit=27455723
INFO [12-06|21:05:03.017] > VaPrBl: SimulateProfBlock params       block=b1a777..1dfa6b blockNumber=96 feeRecipient=0x8943545177806ED17B9F23F0a21ee5948eCaa776 registeredGasLimit=27,455,723 vmconfig="{Tracer:<nil> NoBaseFee:false EnablePreimageRecording:false ExtraEips:[]}" useBalanceDiff=true excludeWithdrawals=true
INFO [12-06|21:05:03.017] Starting SimulateProfBlock               blockNumber=96 blockHash=b1a777..1dfa6b feeRecipient=0x8943545177806ED17B9F23F0a21ee5948eCaa776 registeredGasLimit=27,455,723
INFO [12-06|21:05:03.017] Found parent block                       parentNumber=95 parentHash=afc7cc..f2f81e parentRoot=518b68..df0043
INFO [12-06|21:05:03.026] SimulateProfBlock - Used Gas             usedGas=2,228,343 registeredGasLimit=27,455,723
INFO [12-06|21:05:03.027] validated prof block                     number=96 parentHash=afc7cc..f2f81e
INFO [12-06|21:05:03.157] Imported new potential chain segment     number=96 hash=d44353..5fe447 blocks=1 txs=102 mgas=2.228  elapsed=23.820ms    mgasps=93.547  snapdiffs=164.93KiB triedirty=2.07MiB
INFO [12-06|21:05:03.225] Chain head was updated                   number=96 hash=d44353..5fe447 root=cb3bc1..c9932f elapsed=8.074529ms
INFO [12-06|21:05:03.228] Block finalized and assembled            height=97 blockProfit=0               txs=0   bundles=0 okSbundles=0 totalSbundles=0 gasUsed=0          time=1.126374ms
ERROR[12-06|21:05:03.241] Nil finalized block cannot evict old blobs
INFO [12-06|21:05:03.242] Block finalized and assembled            height=97 blockProfit=0               txs=0   bundles=0 okSbundles=0 totalSbundles=0 gasUsed=0          time=13.166775ms
INFO [12-06|21:05:03.242] Updated payload                          id=0x0375133ee056b853 number=97 hash=dcb344..ae5d4d txs=0   withdrawals=0 gas=0          fees=0               root=c7d8be..cd80d1 elapsed=13.287ms
INFO [12-06|21:05:03.737] Block finalized and assembled            height=97 blockProfit=0               txs=0   bundles=0 okSbundles=0 totalSbundles=0 gasUsed=0          time="818.497µs"
INFO [12-06|21:05:03.738] Block finalized and assembled            height=97 blockProfit=0               txs=0   bundles=0 okSbundles=0 totalSbundles=0 gasUsed=0          time="645.393µs"
INFO [12-06|21:05:03.738] Updated payload                          id=0x0004e11a0158c2e4 number=97 hash=dcb344..ae5d4d txs=0   withdrawals=0 gas=0          fees=0               root=c7d8be..cd80d1 elapsed="714.915µs"
INFO [12-06|21:05:03.739] submitting block to remote relay         endpoint=http://mev-relay-api:9062
INFO [12-06|21:05:03.739] successfully relayed block data to consumer
INFO [12-06|21:05:03.740] submitted block                          version=deneb slot=97 value=0                parent=0xd44353d6383e1daf85588aaf3de78ed7e626a6fcb8e856fda00713a8445fe447 hash=dcb344..ae5d4d #commitedBundles=0
