ENV: undefined
Connected to http://172.16.4.11:8545 with wallet 0x65D08a056c17Ae13370565B04cF77D2AfA1cB9FA
Wallet balance: 999997499.977536112066990288 ETH
Made it to the spam loop sending to prof
nonceOffset before: 0
Generating swaps with params: {
  targetBlockNumber: 13,
  txsPerBundle: 1,
  sendRoute: 3,
  txStrategy: 'univ2',
  profRpcUrl: 'http://172.16.4.27:80',
  nonceOffset: 0
}
Generating swaps with params: {}
Current nonce for 0x65D08a056c17Ae13370565B04cF77D2AfA1cB9FA: 18
Contract Addresses:
AtomicSwap: 0x71e67695DB8Bc44AA6BF2014142c42221967EE98
UniV2FactoryA: 0x85998F6C99833d1127301928248c97b6F168bDad
UniV2FactoryB: 0xf98265AeA01677961Bff51685B04eE3a6139206F
WETH: 0x24a9Da1457F96C2b167D49377A776d302A5C4dB3
DAI addresses: [ '0xAC29373CBe03C88Fb078488181F8a0650C58CA08' ]
[0x65D08a056c17Ae13370565B04cF77D2AfA1cB9FA] swapping 0.086989992301770592 WETH for DAI
Nonce calculation debug:
- currentNonce (from getTransactionCount): 18
- nonce.override: 0
- nonce.offset: undefined
- Final nonce value: 18
Sending bundle: [
  '0x02f90176833018241285012a05f2008512a05f2000830249f09471e67695db8bc44aa6bf2014142c42221967ee9880b901040cc7326300000000000000000000000000000000000000000000000000000000000000a000000000000000000000000000000000000000000000000001350cefe6293760000000000000000000000000f98265aea01677961bff51685b04ee3a6139206f00000000000000000000000065d08a056c17ae13370565b04cf77d2afa1cb9fa0000000000000000000000000000000000000000000000000000000000000000000000000000000000000000000000000000000000000000000000000000000200000000000000000000000024a9da1457f96c2b167d49377a776d302a5c4db3000000000000000000000000ac29373cbe03c88fb078488181f8a0650c58ca08c080a0367154da0d9c02cd6d290d65035a9275bce1ee77d777d8e3f01066d5ac72f07ba002496510c79fceece4fdd7c963d7fbd6ef452aa3f101b8e534ec4d4084ea86d5'
]
Sending bundle to Prof RPC: http://172.16.4.27:80
Request payload: {
  "jsonrpc": "2.0",
  "id": 1,
  "method": "eth_sendBundle",
  "params": [
    {
      "txs": [
        "0x02f90176833018241285012a05f2008512a05f2000830249f09471e67695db8bc44aa6bf2014142c42221967ee9880b901040cc7326300000000000000000000000000000000000000000000000000000000000000a000000000000000000000000000000000000000000000000001350cefe6293760000000000000000000000000f98265aea01677961bff51685b04ee3a6139206f00000000000000000000000065d08a056c17ae13370565b04cf77d2afa1cb9fa0000000000000000000000000000000000000000000000000000000000000000000000000000000000000000000000000000000000000000000000000000000200000000000000000000000024a9da1457f96c2b167d49377a776d302a5c4db3000000000000000000000000ac29373cbe03c88fb078488181f8a0650c58ca08c080a0367154da0d9c02cd6d290d65035a9275bce1ee77d777d8e3f01066d5ac72f07ba002496510c79fceece4fdd7c963d7fbd6ef452aa3f101b8e534ec4d4084ea86d5"
      ],
      "blockNumber": "0xd"
    }
  ]
}
Trying URL: http://172.16.4.27:80/sequencer/eth_sendBundle
Bundle sent successfully. Status: 202
nonceOffset: 1
nonceOffset before: 1
Generating swaps with params: {
  targetBlockNumber: 13,
  txsPerBundle: 1,
  sendRoute: 3,
  txStrategy: 'univ2',
  profRpcUrl: 'http://172.16.4.27:80',
  nonceOffset: 1
}
Generating swaps with params: {}
Current nonce for 0x65D08a056c17Ae13370565B04cF77D2AfA1cB9FA: 18
Contract Addresses:
AtomicSwap: 0x71e67695DB8Bc44AA6BF2014142c42221967EE98
UniV2FactoryA: 0x85998F6C99833d1127301928248c97b6F168bDad
UniV2FactoryB: 0xf98265AeA01677961Bff51685B04eE3a6139206F
WETH: 0x24a9Da1457F96C2b167D49377A776d302A5C4dB3
DAI addresses: [ '0xAC29373CBe03C88Fb078488181F8a0650C58CA08' ]
[0x65D08a056c17Ae13370565B04cF77D2AfA1cB9FA] swapping 0.438366718027734976 WETH for DAI
Nonce calculation debug:
- currentNonce (from getTransactionCount): 18
- nonce.override: 1
- nonce.offset: undefined
- Final nonce value: 19
Sending bundle: [
  '0x02f90176833018241385012a05f2008512a05f2000830249f09471e67695db8bc44aa6bf2014142c42221967ee9880b901040cc7326300000000000000000000000000000000000000000000000000000000000000a0000000000000000000000000000000000000000000000000061564351d659fc000000000000000000000000085998f6c99833d1127301928248c97b6f168bdad00000000000000000000000065d08a056c17ae13370565b04cf77d2afa1cb9fa0000000000000000000000000000000000000000000000000000000000000000000000000000000000000000000000000000000000000000000000000000000200000000000000000000000024a9da1457f96c2b167d49377a776d302a5c4db3000000000000000000000000ac29373cbe03c88fb078488181f8a0650c58ca08c080a0724f390fba30ac6dae6b15608ef6e9b2420243a9710400811d90298491ca19c6a0494af71ac8e4f9a1e71a9955169760336f40d2d7a695b89b09be0c95ba4da1db'
]
Sending bundle to Prof RPC: http://172.16.4.27:80
Request payload: {
  "jsonrpc": "2.0",
  "id": 1,
  "method": "eth_sendBundle",
  "params": [
    {
      "txs": [
        "0x02f90176833018241385012a05f2008512a05f2000830249f09471e67695db8bc44aa6bf2014142c42221967ee9880b901040cc7326300000000000000000000000000000000000000000000000000000000000000a0000000000000000000000000000000000000000000000000061564351d659fc000000000000000000000000085998f6c99833d1127301928248c97b6f168bdad00000000000000000000000065d08a056c17ae13370565b04cf77d2afa1cb9fa0000000000000000000000000000000000000000000000000000000000000000000000000000000000000000000000000000000000000000000000000000000200000000000000000000000024a9da1457f96c2b167d49377a776d302a5c4db3000000000000000000000000ac29373cbe03c88fb078488181f8a0650c58ca08c080a0724f390fba30ac6dae6b15608ef6e9b2420243a9710400811d90298491ca19c6a0494af71ac8e4f9a1e71a9955169760336f40d2d7a695b89b09be0c95ba4da1db"
      ],
      "blockNumber": "0xd"
    }
  ]
}
Trying URL: http://172.16.4.27:80/sequencer/eth_sendBundle
Bundle sent successfully. Status: 202
nonceOffset: 2
nonceOffset before: 2
Generating swaps with params: {
  targetBlockNumber: 13,
  txsPerBundle: 1,
  sendRoute: 3,
  txStrategy: 'univ2',
  profRpcUrl: 'http://172.16.4.27:80',
  nonceOffset: 2
}
Generating swaps with params: {}
Current nonce for 0x65D08a056c17Ae13370565B04cF77D2AfA1cB9FA: 18
Contract Addresses:
AtomicSwap: 0x71e67695DB8Bc44AA6BF2014142c42221967EE98
UniV2FactoryA: 0x85998F6C99833d1127301928248c97b6F168bDad
UniV2FactoryB: 0xf98265AeA01677961Bff51685B04eE3a6139206F
WETH: 0x24a9Da1457F96C2b167D49377A776d302A5C4dB3
DAI addresses: [ '0xAC29373CBe03C88Fb078488181F8a0650C58CA08' ]
[0x65D08a056c17Ae13370565B04cF77D2AfA1cB9FA] swapping 751.0 DAI for WETH
Nonce calculation debug:
- currentNonce (from getTransactionCount): 18
- nonce.override: 2
- nonce.offset: undefined
- Final nonce value: 20
Sending bundle: [
  '0x02f90176833018241485012a05f2008512a05f2000830249f09471e67695db8bc44aa6bf2014142c42221967ee9880b901040cc7326300000000000000000000000000000000000000000000000000000000000000a0000000000000000000000000000000000000000000000028b637f9080e5c000000000000000000000000000085998f6c99833d1127301928248c97b6f168bdad00000000000000000000000065d08a056c17ae13370565b04cf77d2afa1cb9fa00000000000000000000000000000000000000000000000000000000000000000000000000000000000000000000000000000000000000000000000000000002000000000000000000000000ac29373cbe03c88fb078488181f8a0650c58ca0800000000000000000000000024a9da1457f96c2b167d49377a776d302a5c4db3c001a083a81a8a19aa382754b524367d3fadc86116f031c9b332b6d5a007a895ba45fca07847221ec74f9e4446819fa029d62861d6fc7b378675577c6ba1f0591322de34'
]
Sending bundle to Prof RPC: http://172.16.4.27:80
Request payload: {
  "jsonrpc": "2.0",
  "id": 1,
  "method": "eth_sendBundle",
  "params": [
    {
      "txs": [
        "0x02f90176833018241485012a05f2008512a05f2000830249f09471e67695db8bc44aa6bf2014142c42221967ee9880b901040cc7326300000000000000000000000000000000000000000000000000000000000000a0000000000000000000000000000000000000000000000028b637f9080e5c000000000000000000000000000085998f6c99833d1127301928248c97b6f168bdad00000000000000000000000065d08a056c17ae13370565b04cf77d2afa1cb9fa00000000000000000000000000000000000000000000000000000000000000000000000000000000000000000000000000000000000000000000000000000002000000000000000000000000ac29373cbe03c88fb078488181f8a0650c58ca0800000000000000000000000024a9da1457f96c2b167d49377a776d302a5c4db3c001a083a81a8a19aa382754b524367d3fadc86116f031c9b332b6d5a007a895ba45fca07847221ec74f9e4446819fa029d62861d6fc7b378675577c6ba1f0591322de34"
      ],
      "blockNumber": "0xd"
    }
  ]
}
Trying URL: http://172.16.4.27:80/sequencer/eth_sendBundle
Bundle sent successfully. Status: 202
nonceOffset: 3
nonceOffset before: 3
Generating swaps with params: {
  targetBlockNumber: 13,
  txsPerBundle: 1,
  sendRoute: 3,
  txStrategy: 'univ2',
  profRpcUrl: 'http://172.16.4.27:80',
  nonceOffset: 3
}
Generating swaps with params: {}
Current nonce for 0x65D08a056c17Ae13370565B04cF77D2AfA1cB9FA: 18
Contract Addresses:
AtomicSwap: 0x71e67695DB8Bc44AA6BF2014142c42221967EE98
UniV2FactoryA: 0x85998F6C99833d1127301928248c97b6F168bDad
UniV2FactoryB: 0xf98265AeA01677961Bff51685B04eE3a6139206F
WETH: 0x24a9Da1457F96C2b167D49377A776d302A5C4dB3
DAI addresses: [ '0xAC29373CBe03C88Fb078488181F8a0650C58CA08' ]
[0x65D08a056c17Ae13370565B04cF77D2AfA1cB9FA] swapping 871.0 DAI for WETH
Nonce calculation debug:
- currentNonce (from getTransactionCount): 18
- nonce.override: 3
- nonce.offset: undefined
- Final nonce value: 21
Sending bundle: [
  '0x02f90176833018241585012a05f2008512a05f2000830249f09471e67695db8bc44aa6bf2014142c42221967ee9880b901040cc7326300000000000000000000000000000000000000000000000000000000000000a000000000000000000000000000000000000000000000002f378d9d3e853c000000000000000000000000000085998f6c99833d1127301928248c97b6f168bdad00000000000000000000000065d08a056c17ae13370565b04cf77d2afa1cb9fa00000000000000000000000000000000000000000000000000000000000000000000000000000000000000000000000000000000000000000000000000000002000000000000000000000000ac29373cbe03c88fb078488181f8a0650c58ca0800000000000000000000000024a9da1457f96c2b167d49377a776d302a5c4db3c080a092a3e424c9c51eea9a6b5c547ecd465054d441bf8e51ad2a1d17ddfdf31c10e7a00fff0ae8e5c0c0a937a7e8e62140a776398213543f08c95dd60c39430b4d2128'
]
Sending bundle to Prof RPC: http://172.16.4.27:80
Request payload: {
  "jsonrpc": "2.0",
  "id": 1,
  "method": "eth_sendBundle",
  "params": [
    {
      "txs": [
        "0x02f90176833018241585012a05f2008512a05f2000830249f09471e67695db8bc44aa6bf2014142c42221967ee9880b901040cc7326300000000000000000000000000000000000000000000000000000000000000a000000000000000000000000000000000000000000000002f378d9d3e853c000000000000000000000000000085998f6c99833d1127301928248c97b6f168bdad00000000000000000000000065d08a056c17ae13370565b04cf77d2afa1cb9fa00000000000000000000000000000000000000000000000000000000000000000000000000000000000000000000000000000000000000000000000000000002000000000000000000000000ac29373cbe03c88fb078488181f8a0650c58ca0800000000000000000000000024a9da1457f96c2b167d49377a776d302a5c4db3c080a092a3e424c9c51eea9a6b5c547ecd465054d441bf8e51ad2a1d17ddfdf31c10e7a00fff0ae8e5c0c0a937a7e8e62140a776398213543f08c95dd60c39430b4d2128"
      ],
      "blockNumber": "0xd"
    }
  ]
}
Trying URL: http://172.16.4.27:80/sequencer/eth_sendBundle
Bundle sent successfully. Status: 202
nonceOffset: 4
nonceOffset before: 4
Generating swaps with params: {
  targetBlockNumber: 13,
  txsPerBundle: 1,
  sendRoute: 3,
  txStrategy: 'univ2',
  profRpcUrl: 'http://172.16.4.27:80',
  nonceOffset: 4
}
Generating swaps with params: {}
Current nonce for 0x65D08a056c17Ae13370565B04cF77D2AfA1cB9FA: 18
Contract Addresses:
AtomicSwap: 0x71e67695DB8Bc44AA6BF2014142c42221967EE98
UniV2FactoryA: 0x85998F6C99833d1127301928248c97b6F168bDad
UniV2FactoryB: 0xf98265AeA01677961Bff51685B04eE3a6139206F
WETH: 0x24a9Da1457F96C2b167D49377A776d302A5C4dB3
DAI addresses: [ '0xAC29373CBe03C88Fb078488181F8a0650C58CA08' ]
[0x65D08a056c17Ae13370565B04cF77D2AfA1cB9FA] swapping 0.617873651771956856 WETH for DAI
Nonce calculation debug:
- currentNonce (from getTransactionCount): 18
- nonce.override: 4
- nonce.offset: undefined
- Final nonce value: 22
Sending bundle: [
  '0x02f90176833018241685012a05f2008512a05f2000830249f09471e67695db8bc44aa6bf2014142c42221967ee9880b901040cc7326300000000000000000000000000000000000000000000000000000000000000a0000000000000000000000000000000000000000000000000089320d009f0de7800000000000000000000000085998f6c99833d1127301928248c97b6f168bdad00000000000000000000000065d08a056c17ae13370565b04cf77d2afa1cb9fa0000000000000000000000000000000000000000000000000000000000000000000000000000000000000000000000000000000000000000000000000000000200000000000000000000000024a9da1457f96c2b167d49377a776d302a5c4db3000000000000000000000000ac29373cbe03c88fb078488181f8a0650c58ca08c001a088ec4b205fedd44684962d46a7c23dc290edfa24b12a0c18e184feb5e78c0d68a00e7acef5ad6be4c6c69d82be7de72c2754995de24eb63a49b3c48abca252cbc3'
]
Sending bundle to Prof RPC: http://172.16.4.27:80
Request payload: {
  "jsonrpc": "2.0",
  "id": 1,
  "method": "eth_sendBundle",
  "params": [
    {
      "txs": [
        "0x02f90176833018241685012a05f2008512a05f2000830249f09471e67695db8bc44aa6bf2014142c42221967ee9880b901040cc7326300000000000000000000000000000000000000000000000000000000000000a0000000000000000000000000000000000000000000000000089320d009f0de7800000000000000000000000085998f6c99833d1127301928248c97b6f168bdad00000000000000000000000065d08a056c17ae13370565b04cf77d2afa1cb9fa0000000000000000000000000000000000000000000000000000000000000000000000000000000000000000000000000000000000000000000000000000000200000000000000000000000024a9da1457f96c2b167d49377a776d302a5c4db3000000000000000000000000ac29373cbe03c88fb078488181f8a0650c58ca08c001a088ec4b205fedd44684962d46a7c23dc290edfa24b12a0c18e184feb5e78c0d68a00e7acef5ad6be4c6c69d82be7de72c2754995de24eb63a49b3c48abca252cbc3"
      ],
      "blockNumber": "0xd"
    }
  ]
}
Trying URL: http://172.16.4.27:80/sequencer/eth_sendBundle
Bundle sent successfully. Status: 202
nonceOffset: 5
nonceOffset before: 5
Generating swaps with params: {
  targetBlockNumber: 13,
  txsPerBundle: 1,
  sendRoute: 3,
  txStrategy: 'univ2',
  profRpcUrl: 'http://172.16.4.27:80',
  nonceOffset: 5
}
Generating swaps with params: {}
Current nonce for 0x65D08a056c17Ae13370565B04cF77D2AfA1cB9FA: 18
Contract Addresses:
AtomicSwap: 0x71e67695DB8Bc44AA6BF2014142c42221967EE98
UniV2FactoryA: 0x85998F6C99833d1127301928248c97b6F168bDad
UniV2FactoryB: 0xf98265AeA01677961Bff51685B04eE3a6139206F
WETH: 0x24a9Da1457F96C2b167D49377A776d302A5C4dB3
DAI addresses: [ '0xAC29373CBe03C88Fb078488181F8a0650C58CA08' ]
[0x65D08a056c17Ae13370565B04cF77D2AfA1cB9FA] swapping 0.837316885119506553 WETH for DAI
Nonce calculation debug:
- currentNonce (from getTransactionCount): 18
- nonce.override: 5
- nonce.offset: undefined
- Final nonce value: 23
Sending bundle: [
  '0x02f90176833018241785012a05f2008512a05f2000830249f09471e67695db8bc44aa6bf2014142c42221967ee9880b901040cc7326300000000000000000000000000000000000000000000000000000000000000a00000000000000000000000000000000000000000000000000b9ebf454dfc187900000000000000000000000085998f6c99833d1127301928248c97b6f168bdad00000000000000000000000065d08a056c17ae13370565b04cf77d2afa1cb9fa0000000000000000000000000000000000000000000000000000000000000000000000000000000000000000000000000000000000000000000000000000000200000000000000000000000024a9da1457f96c2b167d49377a776d302a5c4db3000000000000000000000000ac29373cbe03c88fb078488181f8a0650c58ca08c001a0da6249e506219762486e5617519ab2802d4ab4befb0b040cfff836e52c53f15aa001f62d6058ab3e2eec3a4e74441bd25ccbde6e9bd4a1598962bf1132c4ca0cf0'
]
Sending bundle to Prof RPC: http://172.16.4.27:80
Request payload: {
  "jsonrpc": "2.0",
  "id": 1,
  "method": "eth_sendBundle",
  "params": [
    {
      "txs": [
        "0x02f90176833018241785012a05f2008512a05f2000830249f09471e67695db8bc44aa6bf2014142c42221967ee9880b901040cc7326300000000000000000000000000000000000000000000000000000000000000a00000000000000000000000000000000000000000000000000b9ebf454dfc187900000000000000000000000085998f6c99833d1127301928248c97b6f168bdad00000000000000000000000065d08a056c17ae13370565b04cf77d2afa1cb9fa0000000000000000000000000000000000000000000000000000000000000000000000000000000000000000000000000000000000000000000000000000000200000000000000000000000024a9da1457f96c2b167d49377a776d302a5c4db3000000000000000000000000ac29373cbe03c88fb078488181f8a0650c58ca08c001a0da6249e506219762486e5617519ab2802d4ab4befb0b040cfff836e52c53f15aa001f62d6058ab3e2eec3a4e74441bd25ccbde6e9bd4a1598962bf1132c4ca0cf0"
      ],
      "blockNumber": "0xd"
    }
  ]
}
Trying URL: http://172.16.4.27:80/sequencer/eth_sendBundle
Bundle sent successfully. Status: 202
nonceOffset: 6
nonceOffset before: 6
Generating swaps with params: {
  targetBlockNumber: 13,
  txsPerBundle: 1,
  sendRoute: 3,
  txStrategy: 'univ2',
  profRpcUrl: 'http://172.16.4.27:80',
  nonceOffset: 6
}
Generating swaps with params: {}
Current nonce for 0x65D08a056c17Ae13370565B04cF77D2AfA1cB9FA: 18
Contract Addresses:
AtomicSwap: 0x71e67695DB8Bc44AA6BF2014142c42221967EE98
UniV2FactoryA: 0x85998F6C99833d1127301928248c97b6F168bDad
UniV2FactoryB: 0xf98265AeA01677961Bff51685B04eE3a6139206F
WETH: 0x24a9Da1457F96C2b167D49377A776d302A5C4dB3
DAI addresses: [ '0xAC29373CBe03C88Fb078488181F8a0650C58CA08' ]
[0x65D08a056c17Ae13370565B04cF77D2AfA1cB9FA] swapping 0.255581216320246343 WETH for DAI
Nonce calculation debug:
- currentNonce (from getTransactionCount): 18
- nonce.override: 6
- nonce.offset: undefined
- Final nonce value: 24
Sending bundle: [
  '0x02f90176833018241885012a05f2008512a05f2000830249f09471e67695db8bc44aa6bf2014142c42221967ee9880b901040cc7326300000000000000000000000000000000000000000000000000000000000000a0000000000000000000000000000000000000000000000000038c01c31a07d247000000000000000000000000f98265aea01677961bff51685b04ee3a6139206f00000000000000000000000065d08a056c17ae13370565b04cf77d2afa1cb9fa0000000000000000000000000000000000000000000000000000000000000000000000000000000000000000000000000000000000000000000000000000000200000000000000000000000024a9da1457f96c2b167d49377a776d302a5c4db3000000000000000000000000ac29373cbe03c88fb078488181f8a0650c58ca08c001a0a027a51242420849cd696789c7ee5b6b6c12e91d093ece27625b53085fc0f118a01595e52682bd0fa2e444bf9fc03d95cf68d4db6f3bd704ed112bc7783801903e'
]
Sending bundle to Prof RPC: http://172.16.4.27:80
Request payload: {
  "jsonrpc": "2.0",
  "id": 1,
  "method": "eth_sendBundle",
  "params": [
    {
      "txs": [
        "0x02f90176833018241885012a05f2008512a05f2000830249f09471e67695db8bc44aa6bf2014142c42221967ee9880b901040cc7326300000000000000000000000000000000000000000000000000000000000000a0000000000000000000000000000000000000000000000000038c01c31a07d247000000000000000000000000f98265aea01677961bff51685b04ee3a6139206f00000000000000000000000065d08a056c17ae13370565b04cf77d2afa1cb9fa0000000000000000000000000000000000000000000000000000000000000000000000000000000000000000000000000000000000000000000000000000000200000000000000000000000024a9da1457f96c2b167d49377a776d302a5c4db3000000000000000000000000ac29373cbe03c88fb078488181f8a0650c58ca08c001a0a027a51242420849cd696789c7ee5b6b6c12e91d093ece27625b53085fc0f118a01595e52682bd0fa2e444bf9fc03d95cf68d4db6f3bd704ed112bc7783801903e"
      ],
      "blockNumber": "0xd"
    }
  ]
}
Trying URL: http://172.16.4.27:80/sequencer/eth_sendBundle
Bundle sent successfully. Status: 202
nonceOffset: 7
nonceOffset before: 7
Generating swaps with params: {
  targetBlockNumber: 13,
  txsPerBundle: 1,
  sendRoute: 3,
  txStrategy: 'univ2',
  profRpcUrl: 'http://172.16.4.27:80',
  nonceOffset: 7
}
Generating swaps with params: {}
Current nonce for 0x65D08a056c17Ae13370565B04cF77D2AfA1cB9FA: 18
Contract Addresses:
AtomicSwap: 0x71e67695DB8Bc44AA6BF2014142c42221967EE98
UniV2FactoryA: 0x85998F6C99833d1127301928248c97b6F168bDad
UniV2FactoryB: 0xf98265AeA01677961Bff51685B04eE3a6139206F
WETH: 0x24a9Da1457F96C2b167D49377A776d302A5C4dB3
DAI addresses: [ '0xAC29373CBe03C88Fb078488181F8a0650C58CA08' ]
[0x65D08a056c17Ae13370565B04cF77D2AfA1cB9FA] swapping 0.808018504240555127 WETH for DAI
Nonce calculation debug:
- currentNonce (from getTransactionCount): 18
- nonce.override: 7
- nonce.offset: undefined
- Final nonce value: 25
Sending bundle: [
  '0x02f90176833018241985012a05f2008512a05f2000830249f09471e67695db8bc44aa6bf2014142c42221967ee9880b901040cc7326300000000000000000000000000000000000000000000000000000000000000a00000000000000000000000000000000000000000000000000b36a88c6d336477000000000000000000000000f98265aea01677961bff51685b04ee3a6139206f00000000000000000000000065d08a056c17ae13370565b04cf77d2afa1cb9fa0000000000000000000000000000000000000000000000000000000000000000000000000000000000000000000000000000000000000000000000000000000200000000000000000000000024a9da1457f96c2b167d49377a776d302a5c4db3000000000000000000000000ac29373cbe03c88fb078488181f8a0650c58ca08c001a01b426afd373c8aa1c1a18bf8b87f8584485edfab2a75e80d9e8820226408531da00e157d0b228b38274ab8612ee5203456bec2132d1bd7a8fc83291f6d8496f95e'
]
Sending bundle to Prof RPC: http://172.16.4.27:80
Request payload: {
  "jsonrpc": "2.0",
  "id": 1,
  "method": "eth_sendBundle",
  "params": [
    {
      "txs": [
        "0x02f90176833018241985012a05f2008512a05f2000830249f09471e67695db8bc44aa6bf2014142c42221967ee9880b901040cc7326300000000000000000000000000000000000000000000000000000000000000a00000000000000000000000000000000000000000000000000b36a88c6d336477000000000000000000000000f98265aea01677961bff51685b04ee3a6139206f00000000000000000000000065d08a056c17ae13370565b04cf77d2afa1cb9fa0000000000000000000000000000000000000000000000000000000000000000000000000000000000000000000000000000000000000000000000000000000200000000000000000000000024a9da1457f96c2b167d49377a776d302a5c4db3000000000000000000000000ac29373cbe03c88fb078488181f8a0650c58ca08c001a01b426afd373c8aa1c1a18bf8b87f8584485edfab2a75e80d9e8820226408531da00e157d0b228b38274ab8612ee5203456bec2132d1bd7a8fc83291f6d8496f95e"
      ],
      "blockNumber": "0xd"
    }
  ]
}
Trying URL: http://172.16.4.27:80/sequencer/eth_sendBundle
Bundle sent successfully. Status: 202
nonceOffset: 8
nonceOffset before: 8
Generating swaps with params: {
  targetBlockNumber: 13,
  txsPerBundle: 1,
  sendRoute: 3,
  txStrategy: 'univ2',
  profRpcUrl: 'http://172.16.4.27:80',
  nonceOffset: 8
}
Generating swaps with params: {}
Current nonce for 0x65D08a056c17Ae13370565B04cF77D2AfA1cB9FA: 18
Contract Addresses:
AtomicSwap: 0x71e67695DB8Bc44AA6BF2014142c42221967EE98
UniV2FactoryA: 0x85998F6C99833d1127301928248c97b6F168bDad
UniV2FactoryB: 0xf98265AeA01677961Bff51685B04eE3a6139206F
WETH: 0x24a9Da1457F96C2b167D49377A776d302A5C4dB3
DAI addresses: [ '0xAC29373CBe03C88Fb078488181F8a0650C58CA08' ]
[0x65D08a056c17Ae13370565B04cF77D2AfA1cB9FA] swapping 229.0 DAI for WETH
Nonce calculation debug:
- currentNonce (from getTransactionCount): 18
- nonce.override: 8
- nonce.offset: undefined
- Final nonce value: 26
Sending bundle: [
  '0x02f90176833018241a85012a05f2008512a05f2000830249f09471e67695db8bc44aa6bf2014142c42221967ee9880b901040cc7326300000000000000000000000000000000000000000000000000000000000000a000000000000000000000000000000000000000000000000c6a036eb4bc740000000000000000000000000000f98265aea01677961bff51685b04ee3a6139206f00000000000000000000000065d08a056c17ae13370565b04cf77d2afa1cb9fa00000000000000000000000000000000000000000000000000000000000000000000000000000000000000000000000000000000000000000000000000000002000000000000000000000000ac29373cbe03c88fb078488181f8a0650c58ca0800000000000000000000000024a9da1457f96c2b167d49377a776d302a5c4db3c001a0d686c60b35f2cb0f0a7e9a072a84e5e5ade521c9636bfc1f69729810d25e6656a01ac2e103535f208090fd1afa62ad0fee87f55e5e192d165b9c944e6d12d65014'
]
Sending bundle to Prof RPC: http://172.16.4.27:80
Request payload: {
  "jsonrpc": "2.0",
  "id": 1,
  "method": "eth_sendBundle",
  "params": [
    {
      "txs": [
        "0x02f90176833018241a85012a05f2008512a05f2000830249f09471e67695db8bc44aa6bf2014142c42221967ee9880b901040cc7326300000000000000000000000000000000000000000000000000000000000000a000000000000000000000000000000000000000000000000c6a036eb4bc740000000000000000000000000000f98265aea01677961bff51685b04ee3a6139206f00000000000000000000000065d08a056c17ae13370565b04cf77d2afa1cb9fa00000000000000000000000000000000000000000000000000000000000000000000000000000000000000000000000000000000000000000000000000000002000000000000000000000000ac29373cbe03c88fb078488181f8a0650c58ca0800000000000000000000000024a9da1457f96c2b167d49377a776d302a5c4db3c001a0d686c60b35f2cb0f0a7e9a072a84e5e5ade521c9636bfc1f69729810d25e6656a01ac2e103535f208090fd1afa62ad0fee87f55e5e192d165b9c944e6d12d65014"
      ],
      "blockNumber": "0xd"
    }
  ]
}
Trying URL: http://172.16.4.27:80/sequencer/eth_sendBundle
Bundle sent successfully. Status: 202
nonceOffset: 9
nonceOffset before: 9
Generating swaps with params: {
  targetBlockNumber: 13,
  txsPerBundle: 1,
  sendRoute: 3,
  txStrategy: 'univ2',
  profRpcUrl: 'http://172.16.4.27:80',
  nonceOffset: 9
}
Generating swaps with params: {}
Current nonce for 0x65D08a056c17Ae13370565B04cF77D2AfA1cB9FA: 18
Contract Addresses:
AtomicSwap: 0x71e67695DB8Bc44AA6BF2014142c42221967EE98
UniV2FactoryA: 0x85998F6C99833d1127301928248c97b6F168bDad
UniV2FactoryB: 0xf98265AeA01677961Bff51685B04eE3a6139206F
WETH: 0x24a9Da1457F96C2b167D49377A776d302A5C4dB3
DAI addresses: [ '0xAC29373CBe03C88Fb078488181F8a0650C58CA08' ]
[0x65D08a056c17Ae13370565B04cF77D2AfA1cB9FA] swapping 0.19014626635873749 WETH for DAI
Nonce calculation debug:
- currentNonce (from getTransactionCount): 18
- nonce.override: 9
- nonce.offset: undefined
- Final nonce value: 27
Sending bundle: [
  '0x02f90176833018241b85012a05f2008512a05f2000830249f09471e67695db8bc44aa6bf2014142c42221967ee9880b901040cc7326300000000000000000000000000000000000000000000000000000000000000a000000000000000000000000000000000000000000000000002a3890595adea5200000000000000000000000085998f6c99833d1127301928248c97b6f168bdad00000000000000000000000065d08a056c17ae13370565b04cf77d2afa1cb9fa0000000000000000000000000000000000000000000000000000000000000000000000000000000000000000000000000000000000000000000000000000000200000000000000000000000024a9da1457f96c2b167d49377a776d302a5c4db3000000000000000000000000ac29373cbe03c88fb078488181f8a0650c58ca08c080a046c1ff08907459846ae3c458885a205f72d11d9fa67730db8f8676814e1f6afba05aa5c2e99daffc8603a57d66df955ad039526cfd5352eef0265d354a9700fe24'
]
Sending bundle to Prof RPC: http://172.16.4.27:80
Request payload: {
  "jsonrpc": "2.0",
  "id": 1,
  "method": "eth_sendBundle",
  "params": [
    {
      "txs": [
        "0x02f90176833018241b85012a05f2008512a05f2000830249f09471e67695db8bc44aa6bf2014142c42221967ee9880b901040cc7326300000000000000000000000000000000000000000000000000000000000000a000000000000000000000000000000000000000000000000002a3890595adea5200000000000000000000000085998f6c99833d1127301928248c97b6f168bdad00000000000000000000000065d08a056c17ae13370565b04cf77d2afa1cb9fa0000000000000000000000000000000000000000000000000000000000000000000000000000000000000000000000000000000000000000000000000000000200000000000000000000000024a9da1457f96c2b167d49377a776d302a5c4db3000000000000000000000000ac29373cbe03c88fb078488181f8a0650c58ca08c080a046c1ff08907459846ae3c458885a205f72d11d9fa67730db8f8676814e1f6afba05aa5c2e99daffc8603a57d66df955ad039526cfd5352eef0265d354a9700fe24"
      ],
      "blockNumber": "0xd"
    }
  ]
}
Trying URL: http://172.16.4.27:80/sequencer/eth_sendBundle
Bundle sent successfully. Status: 202
nonceOffset: 10
nonceOffset before: 10
Generating swaps with params: {
  targetBlockNumber: 13,
  txsPerBundle: 1,
  sendRoute: 3,
  txStrategy: 'univ2',
  profRpcUrl: 'http://172.16.4.27:80',
  nonceOffset: 10
}
Generating swaps with params: {}
Current nonce for 0x65D08a056c17Ae13370565B04cF77D2AfA1cB9FA: 18
Contract Addresses:
AtomicSwap: 0x71e67695DB8Bc44AA6BF2014142c42221967EE98
UniV2FactoryA: 0x85998F6C99833d1127301928248c97b6F168bDad
UniV2FactoryB: 0xf98265AeA01677961Bff51685B04eE3a6139206F
WETH: 0x24a9Da1457F96C2b167D49377A776d302A5C4dB3
DAI addresses: [ '0xAC29373CBe03C88Fb078488181F8a0650C58CA08' ]
[0x65D08a056c17Ae13370565B04cF77D2AfA1cB9FA] swapping 265.0 DAI for WETH
Nonce calculation debug:
- currentNonce (from getTransactionCount): 18
- nonce.override: 10
- nonce.offset: undefined
- Final nonce value: 28
Sending bundle: [
  '0x02f90176833018241c85012a05f2008512a05f2000830249f09471e67695db8bc44aa6bf2014142c42221967ee9880b901040cc7326300000000000000000000000000000000000000000000000000000000000000a000000000000000000000000000000000000000000000000e5d9d1ff84684000000000000000000000000000085998f6c99833d1127301928248c97b6f168bdad00000000000000000000000065d08a056c17ae13370565b04cf77d2afa1cb9fa00000000000000000000000000000000000000000000000000000000000000000000000000000000000000000000000000000000000000000000000000000002000000000000000000000000ac29373cbe03c88fb078488181f8a0650c58ca0800000000000000000000000024a9da1457f96c2b167d49377a776d302a5c4db3c080a06af3a5b9a3bc2c7a1e234a4387b9fb575890e516eebd349a177d7e4504f49a02a021a6cf30c47cb5778f03d3331df59f6546c1b2af93f616113172d3d7854b7238'
]
Sending bundle to Prof RPC: http://172.16.4.27:80
Request payload: {
  "jsonrpc": "2.0",
  "id": 1,
  "method": "eth_sendBundle",
  "params": [
    {
      "txs": [
        "0x02f90176833018241c85012a05f2008512a05f2000830249f09471e67695db8bc44aa6bf2014142c42221967ee9880b901040cc7326300000000000000000000000000000000000000000000000000000000000000a000000000000000000000000000000000000000000000000e5d9d1ff84684000000000000000000000000000085998f6c99833d1127301928248c97b6f168bdad00000000000000000000000065d08a056c17ae13370565b04cf77d2afa1cb9fa00000000000000000000000000000000000000000000000000000000000000000000000000000000000000000000000000000000000000000000000000000002000000000000000000000000ac29373cbe03c88fb078488181f8a0650c58ca0800000000000000000000000024a9da1457f96c2b167d49377a776d302a5c4db3c080a06af3a5b9a3bc2c7a1e234a4387b9fb575890e516eebd349a177d7e4504f49a02a021a6cf30c47cb5778f03d3331df59f6546c1b2af93f616113172d3d7854b7238"
      ],
      "blockNumber": "0xd"
    }
  ]
}
Trying URL: http://172.16.4.27:80/sequencer/eth_sendBundle
Bundle sent successfully. Status: 202
nonceOffset: 11
nonceOffset before: 11
Generating swaps with params: {
  targetBlockNumber: 13,
  txsPerBundle: 1,
  sendRoute: 3,
  txStrategy: 'univ2',
  profRpcUrl: 'http://172.16.4.27:80',
  nonceOffset: 11
}
Generating swaps with params: {}
Current nonce for 0x65D08a056c17Ae13370565B04cF77D2AfA1cB9FA: 18
Contract Addresses:
AtomicSwap: 0x71e67695DB8Bc44AA6BF2014142c42221967EE98
UniV2FactoryA: 0x85998F6C99833d1127301928248c97b6F168bDad
UniV2FactoryB: 0xf98265AeA01677961Bff51685B04eE3a6139206F
WETH: 0x24a9Da1457F96C2b167D49377A776d302A5C4dB3
DAI addresses: [ '0xAC29373CBe03C88Fb078488181F8a0650C58CA08' ]
[0x65D08a056c17Ae13370565B04cF77D2AfA1cB9FA] swapping 296.0 DAI for WETH
Nonce calculation debug:
- currentNonce (from getTransactionCount): 18
- nonce.override: 11
- nonce.offset: undefined
- Final nonce value: 29
Sending bundle: [
  '0x02f90176833018241d85012a05f2008512a05f2000830249f09471e67695db8bc44aa6bf2014142c42221967ee9880b901040cc7326300000000000000000000000000000000000000000000000000000000000000a00000000000000000000000000000000000000000000000100bd33fb98ba00000000000000000000000000000f98265aea01677961bff51685b04ee3a6139206f00000000000000000000000065d08a056c17ae13370565b04cf77d2afa1cb9fa00000000000000000000000000000000000000000000000000000000000000000000000000000000000000000000000000000000000000000000000000000002000000000000000000000000ac29373cbe03c88fb078488181f8a0650c58ca0800000000000000000000000024a9da1457f96c2b167d49377a776d302a5c4db3c001a04995fb7629e7661af205bc8725743a8aaff4ac9bda88bcd09bbd362461b3d142a05cd6584dc6733896455859c8fe45f82643deee1b86f52311e2669e75e587e2a9'
]
Sending bundle to Prof RPC: http://172.16.4.27:80
Request payload: {
  "jsonrpc": "2.0",
  "id": 1,
  "method": "eth_sendBundle",
  "params": [
    {
      "txs": [
        "0x02f90176833018241d85012a05f2008512a05f2000830249f09471e67695db8bc44aa6bf2014142c42221967ee9880b901040cc7326300000000000000000000000000000000000000000000000000000000000000a00000000000000000000000000000000000000000000000100bd33fb98ba00000000000000000000000000000f98265aea01677961bff51685b04ee3a6139206f00000000000000000000000065d08a056c17ae13370565b04cf77d2afa1cb9fa00000000000000000000000000000000000000000000000000000000000000000000000000000000000000000000000000000000000000000000000000000002000000000000000000000000ac29373cbe03c88fb078488181f8a0650c58ca0800000000000000000000000024a9da1457f96c2b167d49377a776d302a5c4db3c001a04995fb7629e7661af205bc8725743a8aaff4ac9bda88bcd09bbd362461b3d142a05cd6584dc6733896455859c8fe45f82643deee1b86f52311e2669e75e587e2a9"
      ],
      "blockNumber": "0xd"
    }
  ]
}
Trying URL: http://172.16.4.27:80/sequencer/eth_sendBundle
Bundle sent successfully. Status: 202
nonceOffset: 12
nonceOffset before: 12
Generating swaps with params: {
  targetBlockNumber: 13,
  txsPerBundle: 1,
  sendRoute: 3,
  txStrategy: 'univ2',
  profRpcUrl: 'http://172.16.4.27:80',
  nonceOffset: 12
}
Generating swaps with params: {}
Current nonce for 0x65D08a056c17Ae13370565B04cF77D2AfA1cB9FA: 18
Contract Addresses:
AtomicSwap: 0x71e67695DB8Bc44AA6BF2014142c42221967EE98
UniV2FactoryA: 0x85998F6C99833d1127301928248c97b6F168bDad
UniV2FactoryB: 0xf98265AeA01677961Bff51685B04eE3a6139206F
WETH: 0x24a9Da1457F96C2b167D49377A776d302A5C4dB3
DAI addresses: [ '0xAC29373CBe03C88Fb078488181F8a0650C58CA08' ]
[0x65D08a056c17Ae13370565B04cF77D2AfA1cB9FA] swapping 120.0 DAI for WETH
Nonce calculation debug:
- currentNonce (from getTransactionCount): 18
- nonce.override: 12
- nonce.offset: undefined
- Final nonce value: 30
Sending bundle: [
  '0x02f90176833018241e85012a05f2008512a05f2000830249f09471e67695db8bc44aa6bf2014142c42221967ee9880b901040cc7326300000000000000000000000000000000000000000000000000000000000000a00000000000000000000000000000000000000000000000068155a43676e0000000000000000000000000000085998f6c99833d1127301928248c97b6f168bdad00000000000000000000000065d08a056c17ae13370565b04cf77d2afa1cb9fa00000000000000000000000000000000000000000000000000000000000000000000000000000000000000000000000000000000000000000000000000000002000000000000000000000000ac29373cbe03c88fb078488181f8a0650c58ca0800000000000000000000000024a9da1457f96c2b167d49377a776d302a5c4db3c080a014f8888320dfa398c453d71199d5625d640afff85c9d32dd69f4467d896d5f79a018421ecfc2b491a417c310e6adbafe9e579e9554134960ecb668f886231bd993'
]
Sending bundle to Prof RPC: http://172.16.4.27:80
Request payload: {
  "jsonrpc": "2.0",
  "id": 1,
  "method": "eth_sendBundle",
  "params": [
    {
      "txs": [
        "0x02f90176833018241e85012a05f2008512a05f2000830249f09471e67695db8bc44aa6bf2014142c42221967ee9880b901040cc7326300000000000000000000000000000000000000000000000000000000000000a00000000000000000000000000000000000000000000000068155a43676e0000000000000000000000000000085998f6c99833d1127301928248c97b6f168bdad00000000000000000000000065d08a056c17ae13370565b04cf77d2afa1cb9fa00000000000000000000000000000000000000000000000000000000000000000000000000000000000000000000000000000000000000000000000000000002000000000000000000000000ac29373cbe03c88fb078488181f8a0650c58ca0800000000000000000000000024a9da1457f96c2b167d49377a776d302a5c4db3c080a014f8888320dfa398c453d71199d5625d640afff85c9d32dd69f4467d896d5f79a018421ecfc2b491a417c310e6adbafe9e579e9554134960ecb668f886231bd993"
      ],
      "blockNumber": "0xd"
    }
  ]
}
Trying URL: http://172.16.4.27:80/sequencer/eth_sendBundle
Bundle sent successfully. Status: 202
nonceOffset: 13
nonceOffset before: 13
Generating swaps with params: {
  targetBlockNumber: 13,
  txsPerBundle: 1,
  sendRoute: 3,
  txStrategy: 'univ2',
  profRpcUrl: 'http://172.16.4.27:80',
  nonceOffset: 13
}
Generating swaps with params: {}
Current nonce for 0x65D08a056c17Ae13370565B04cF77D2AfA1cB9FA: 18
Contract Addresses:
AtomicSwap: 0x71e67695DB8Bc44AA6BF2014142c42221967EE98
UniV2FactoryA: 0x85998F6C99833d1127301928248c97b6F168bDad
UniV2FactoryB: 0xf98265AeA01677961Bff51685B04eE3a6139206F
WETH: 0x24a9Da1457F96C2b167D49377A776d302A5C4dB3
DAI addresses: [ '0xAC29373CBe03C88Fb078488181F8a0650C58CA08' ]
[0x65D08a056c17Ae13370565B04cF77D2AfA1cB9FA] swapping 516.0 DAI for WETH
Nonce calculation debug:
- currentNonce (from getTransactionCount): 18
- nonce.override: 13
- nonce.offset: undefined
- Final nonce value: 31
Sending bundle: [
  '0x02f90176833018241f85012a05f2008512a05f2000830249f09471e67695db8bc44aa6bf2014142c42221967ee9880b901040cc7326300000000000000000000000000000000000000000000000000000000000000a000000000000000000000000000000000000000000000001bf8f0421d6590000000000000000000000000000085998f6c99833d1127301928248c97b6f168bdad00000000000000000000000065d08a056c17ae13370565b04cf77d2afa1cb9fa00000000000000000000000000000000000000000000000000000000000000000000000000000000000000000000000000000000000000000000000000000002000000000000000000000000ac29373cbe03c88fb078488181f8a0650c58ca0800000000000000000000000024a9da1457f96c2b167d49377a776d302a5c4db3c080a08f101fec1168d7a5229b0ae3ea1289cd05bf63564117d7abb12f102be4ebcc22a0721c48c2158ec40bca79b64b6b6f142ce7c5bea9b2e90bca84c2345e2b9b4a57'
]
Sending bundle to Prof RPC: http://172.16.4.27:80
Request payload: {
  "jsonrpc": "2.0",
  "id": 1,
  "method": "eth_sendBundle",
  "params": [
    {
      "txs": [
        "0x02f90176833018241f85012a05f2008512a05f2000830249f09471e67695db8bc44aa6bf2014142c42221967ee9880b901040cc7326300000000000000000000000000000000000000000000000000000000000000a000000000000000000000000000000000000000000000001bf8f0421d6590000000000000000000000000000085998f6c99833d1127301928248c97b6f168bdad00000000000000000000000065d08a056c17ae13370565b04cf77d2afa1cb9fa00000000000000000000000000000000000000000000000000000000000000000000000000000000000000000000000000000000000000000000000000000002000000000000000000000000ac29373cbe03c88fb078488181f8a0650c58ca0800000000000000000000000024a9da1457f96c2b167d49377a776d302a5c4db3c080a08f101fec1168d7a5229b0ae3ea1289cd05bf63564117d7abb12f102be4ebcc22a0721c48c2158ec40bca79b64b6b6f142ce7c5bea9b2e90bca84c2345e2b9b4a57"
      ],
      "blockNumber": "0xd"
    }
  ]
}
Trying URL: http://172.16.4.27:80/sequencer/eth_sendBundle
Bundle sent successfully. Status: 202
nonceOffset: 14
nonceOffset before: 14
Generating swaps with params: {
  targetBlockNumber: 13,
  txsPerBundle: 1,
  sendRoute: 3,
  txStrategy: 'univ2',
  profRpcUrl: 'http://172.16.4.27:80',
  nonceOffset: 14
}
Generating swaps with params: {}
Current nonce for 0x65D08a056c17Ae13370565B04cF77D2AfA1cB9FA: 18
Contract Addresses:
AtomicSwap: 0x71e67695DB8Bc44AA6BF2014142c42221967EE98
UniV2FactoryA: 0x85998F6C99833d1127301928248c97b6F168bDad
UniV2FactoryB: 0xf98265AeA01677961Bff51685B04eE3a6139206F
WETH: 0x24a9Da1457F96C2b167D49377A776d302A5C4dB3
DAI addresses: [ '0xAC29373CBe03C88Fb078488181F8a0650C58CA08' ]
[0x65D08a056c17Ae13370565B04cF77D2AfA1cB9FA] swapping 0.309468822170900692 WETH for DAI
Nonce calculation debug:
- currentNonce (from getTransactionCount): 18
- nonce.override: 14
- nonce.offset: undefined
- Final nonce value: 32
Sending bundle: [
  '0x02f90175833018242085012a05f2008512a05f2000830249f09471e67695db8bc44aa6bf2014142c42221967ee9880b901040cc7326300000000000000000000000000000000000000000000000000000000000000a0000000000000000000000000000000000000000000000000044b74410e8e18d4000000000000000000000000f98265aea01677961bff51685b04ee3a6139206f00000000000000000000000065d08a056c17ae13370565b04cf77d2afa1cb9fa0000000000000000000000000000000000000000000000000000000000000000000000000000000000000000000000000000000000000000000000000000000200000000000000000000000024a9da1457f96c2b167d49377a776d302a5c4db3000000000000000000000000ac29373cbe03c88fb078488181f8a0650c58ca08c080a0f64643a0720a7b23a52d772d20dca8cac8ef08dbdeb1bd5d411c954d318ccbb79fa6766d9d12180b9c5c3193e9c045fc12bf45888df98e1edd8d23398dc30f92'
]
Sending bundle to Prof RPC: http://172.16.4.27:80
Request payload: {
  "jsonrpc": "2.0",
  "id": 1,
  "method": "eth_sendBundle",
  "params": [
    {
      "txs": [
        "0x02f90175833018242085012a05f2008512a05f2000830249f09471e67695db8bc44aa6bf2014142c42221967ee9880b901040cc7326300000000000000000000000000000000000000000000000000000000000000a0000000000000000000000000000000000000000000000000044b74410e8e18d4000000000000000000000000f98265aea01677961bff51685b04ee3a6139206f00000000000000000000000065d08a056c17ae13370565b04cf77d2afa1cb9fa0000000000000000000000000000000000000000000000000000000000000000000000000000000000000000000000000000000000000000000000000000000200000000000000000000000024a9da1457f96c2b167d49377a776d302a5c4db3000000000000000000000000ac29373cbe03c88fb078488181f8a0650c58ca08c080a0f64643a0720a7b23a52d772d20dca8cac8ef08dbdeb1bd5d411c954d318ccbb79fa6766d9d12180b9c5c3193e9c045fc12bf45888df98e1edd8d23398dc30f92"
      ],
      "blockNumber": "0xd"
    }
  ]
}
Trying URL: http://172.16.4.27:80/sequencer/eth_sendBundle
Bundle sent successfully. Status: 202
nonceOffset: 15
nonceOffset before: 15
Generating swaps with params: {
  targetBlockNumber: 13,
  txsPerBundle: 1,
  sendRoute: 3,
  txStrategy: 'univ2',
  profRpcUrl: 'http://172.16.4.27:80',
  nonceOffset: 15
}
Generating swaps with params: {}
Current nonce for 0x65D08a056c17Ae13370565B04cF77D2AfA1cB9FA: 18
Contract Addresses:
AtomicSwap: 0x71e67695DB8Bc44AA6BF2014142c42221967EE98
UniV2FactoryA: 0x85998F6C99833d1127301928248c97b6F168bDad
UniV2FactoryB: 0xf98265AeA01677961Bff51685B04eE3a6139206F
WETH: 0x24a9Da1457F96C2b167D49377A776d302A5C4dB3
DAI addresses: [ '0xAC29373CBe03C88Fb078488181F8a0650C58CA08' ]
[0x65D08a056c17Ae13370565B04cF77D2AfA1cB9FA] swapping 0.171670515781370284 WETH for DAI
Nonce calculation debug:
- currentNonce (from getTransactionCount): 18
- nonce.override: 15
- nonce.offset: undefined
- Final nonce value: 33
Sending bundle: [
  '0x02f90175833018242185012a05f2008512a05f2000830249f09471e67695db8bc44aa6bf2014142c42221967ee9880b901040cc7326300000000000000000000000000000000000000000000000000000000000000a00000000000000000000000000000000000000000000000000261e56caf8e81ac000000000000000000000000f98265aea01677961bff51685b04ee3a6139206f00000000000000000000000065d08a056c17ae13370565b04cf77d2afa1cb9fa0000000000000000000000000000000000000000000000000000000000000000000000000000000000000000000000000000000000000000000000000000000200000000000000000000000024a9da1457f96c2b167d49377a776d302a5c4db3000000000000000000000000ac29373cbe03c88fb078488181f8a0650c58ca08c0019f2e3c3455ae74ca3fda2d2a3c2976cbfbce15223a132e4084ba6eee65300689a01e305bbfa1e6cc37fd4cfadf9c760b864757b6dc14b85bde4428b3195b21edb6'
]
Sending bundle to Prof RPC: http://172.16.4.27:80
Request payload: {
  "jsonrpc": "2.0",
  "id": 1,
  "method": "eth_sendBundle",
  "params": [
    {
      "txs": [
        "0x02f90175833018242185012a05f2008512a05f2000830249f09471e67695db8bc44aa6bf2014142c42221967ee9880b901040cc7326300000000000000000000000000000000000000000000000000000000000000a00000000000000000000000000000000000000000000000000261e56caf8e81ac000000000000000000000000f98265aea01677961bff51685b04ee3a6139206f00000000000000000000000065d08a056c17ae13370565b04cf77d2afa1cb9fa0000000000000000000000000000000000000000000000000000000000000000000000000000000000000000000000000000000000000000000000000000000200000000000000000000000024a9da1457f96c2b167d49377a776d302a5c4db3000000000000000000000000ac29373cbe03c88fb078488181f8a0650c58ca08c0019f2e3c3455ae74ca3fda2d2a3c2976cbfbce15223a132e4084ba6eee65300689a01e305bbfa1e6cc37fd4cfadf9c760b864757b6dc14b85bde4428b3195b21edb6"
      ],
      "blockNumber": "0xd"
    }
  ]
}
Trying URL: http://172.16.4.27:80/sequencer/eth_sendBundle
Bundle sent successfully. Status: 202
nonceOffset: 16
nonceOffset before: 16
Generating swaps with params: {
  targetBlockNumber: 13,
  txsPerBundle: 1,
  sendRoute: 3,
  txStrategy: 'univ2',
  profRpcUrl: 'http://172.16.4.27:80',
  nonceOffset: 16
}
Generating swaps with params: {}
Current nonce for 0x65D08a056c17Ae13370565B04cF77D2AfA1cB9FA: 18
Contract Addresses:
AtomicSwap: 0x71e67695DB8Bc44AA6BF2014142c42221967EE98
UniV2FactoryA: 0x85998F6C99833d1127301928248c97b6F168bDad
UniV2FactoryB: 0xf98265AeA01677961Bff51685B04eE3a6139206F
WETH: 0x24a9Da1457F96C2b167D49377A776d302A5C4dB3
DAI addresses: [ '0xAC29373CBe03C88Fb078488181F8a0650C58CA08' ]
[0x65D08a056c17Ae13370565B04cF77D2AfA1cB9FA] swapping 417.0 DAI for WETH
Nonce calculation debug:
- currentNonce (from getTransactionCount): 18
- nonce.override: 16
- nonce.offset: undefined
- Final nonce value: 34
Sending bundle: [
  '0x02f90176833018242285012a05f2008512a05f2000830249f09471e67695db8bc44aa6bf2014142c42221967ee9880b901040cc7326300000000000000000000000000000000000000000000000000000000000000a00000000000000000000000000000000000000000000000169b099aa3a9e40000000000000000000000000000f98265aea01677961bff51685b04ee3a6139206f00000000000000000000000065d08a056c17ae13370565b04cf77d2afa1cb9fa00000000000000000000000000000000000000000000000000000000000000000000000000000000000000000000000000000000000000000000000000000002000000000000000000000000ac29373cbe03c88fb078488181f8a0650c58ca0800000000000000000000000024a9da1457f96c2b167d49377a776d302a5c4db3c080a063925437fbf38f72cd0b9191518f1c8f69f9ac659d890a129074c3211d809bdfa01c1fb51e0a7a2b89084476c5a74b0729efe72c8c3a65427ea0aace12c5360cf7'
]
Sending bundle to Prof RPC: http://172.16.4.27:80
Request payload: {
  "jsonrpc": "2.0",
  "id": 1,
  "method": "eth_sendBundle",
  "params": [
    {
      "txs": [
        "0x02f90176833018242285012a05f2008512a05f2000830249f09471e67695db8bc44aa6bf2014142c42221967ee9880b901040cc7326300000000000000000000000000000000000000000000000000000000000000a00000000000000000000000000000000000000000000000169b099aa3a9e40000000000000000000000000000f98265aea01677961bff51685b04ee3a6139206f00000000000000000000000065d08a056c17ae13370565b04cf77d2afa1cb9fa00000000000000000000000000000000000000000000000000000000000000000000000000000000000000000000000000000000000000000000000000000002000000000000000000000000ac29373cbe03c88fb078488181f8a0650c58ca0800000000000000000000000024a9da1457f96c2b167d49377a776d302a5c4db3c080a063925437fbf38f72cd0b9191518f1c8f69f9ac659d890a129074c3211d809bdfa01c1fb51e0a7a2b89084476c5a74b0729efe72c8c3a65427ea0aace12c5360cf7"
      ],
      "blockNumber": "0xd"
    }
  ]
}
Trying URL: http://172.16.4.27:80/sequencer/eth_sendBundle
Bundle sent successfully. Status: 202
nonceOffset: 17
nonceOffset before: 17
Generating swaps with params: {
  targetBlockNumber: 13,
  txsPerBundle: 1,
  sendRoute: 3,
  txStrategy: 'univ2',
  profRpcUrl: 'http://172.16.4.27:80',
  nonceOffset: 17
}
Generating swaps with params: {}
Current nonce for 0x65D08a056c17Ae13370565B04cF77D2AfA1cB9FA: 18
Contract Addresses:
AtomicSwap: 0x71e67695DB8Bc44AA6BF2014142c42221967EE98
UniV2FactoryA: 0x85998F6C99833d1127301928248c97b6F168bDad
UniV2FactoryB: 0xf98265AeA01677961Bff51685B04eE3a6139206F
WETH: 0x24a9Da1457F96C2b167D49377A776d302A5C4dB3
DAI addresses: [ '0xAC29373CBe03C88Fb078488181F8a0650C58CA08' ]
[0x65D08a056c17Ae13370565B04cF77D2AfA1cB9FA] swapping 1035.0 DAI for WETH
Nonce calculation debug:
- currentNonce (from getTransactionCount): 18
- nonce.override: 17
- nonce.offset: undefined
- Final nonce value: 35
Sending bundle: [
  '0x02f90176833018242385012a05f2008512a05f2000830249f09471e67695db8bc44aa6bf2014142c42221967ee9880b901040cc7326300000000000000000000000000000000000000000000000000000000000000a00000000000000000000000000000000000000000000000381b82a855c14c000000000000000000000000000085998f6c99833d1127301928248c97b6f168bdad00000000000000000000000065d08a056c17ae13370565b04cf77d2afa1cb9fa00000000000000000000000000000000000000000000000000000000000000000000000000000000000000000000000000000000000000000000000000000002000000000000000000000000ac29373cbe03c88fb078488181f8a0650c58ca0800000000000000000000000024a9da1457f96c2b167d49377a776d302a5c4db3c001a0e5a5d2662ae73dff7784460686a39844bf80346bb2ef24c3aa7ed06715b4bdcfa00856746af35635520ab77327c5e8154c65bfa784c0000cf48a249cfb3a62234e'
]
Sending bundle to Prof RPC: http://172.16.4.27:80
Request payload: {
  "jsonrpc": "2.0",
  "id": 1,
  "method": "eth_sendBundle",
  "params": [
    {
      "txs": [
        "0x02f90176833018242385012a05f2008512a05f2000830249f09471e67695db8bc44aa6bf2014142c42221967ee9880b901040cc7326300000000000000000000000000000000000000000000000000000000000000a00000000000000000000000000000000000000000000000381b82a855c14c000000000000000000000000000085998f6c99833d1127301928248c97b6f168bdad00000000000000000000000065d08a056c17ae13370565b04cf77d2afa1cb9fa00000000000000000000000000000000000000000000000000000000000000000000000000000000000000000000000000000000000000000000000000000002000000000000000000000000ac29373cbe03c88fb078488181f8a0650c58ca0800000000000000000000000024a9da1457f96c2b167d49377a776d302a5c4db3c001a0e5a5d2662ae73dff7784460686a39844bf80346bb2ef24c3aa7ed06715b4bdcfa00856746af35635520ab77327c5e8154c65bfa784c0000cf48a249cfb3a62234e"
      ],
      "blockNumber": "0xd"
    }
  ]
}
Trying URL: http://172.16.4.27:80/sequencer/eth_sendBundle
Bundle sent successfully. Status: 202
nonceOffset: 18
nonceOffset before: 18
Generating swaps with params: {
  targetBlockNumber: 13,
  txsPerBundle: 1,
  sendRoute: 3,
  txStrategy: 'univ2',
  profRpcUrl: 'http://172.16.4.27:80',
  nonceOffset: 18
}
Generating swaps with params: {}
Current nonce for 0x65D08a056c17Ae13370565B04cF77D2AfA1cB9FA: 18
Contract Addresses:
AtomicSwap: 0x71e67695DB8Bc44AA6BF2014142c42221967EE98
UniV2FactoryA: 0x85998F6C99833d1127301928248c97b6F168bDad
UniV2FactoryB: 0xf98265AeA01677961Bff51685B04eE3a6139206F
WETH: 0x24a9Da1457F96C2b167D49377A776d302A5C4dB3
DAI addresses: [ '0xAC29373CBe03C88Fb078488181F8a0650C58CA08' ]
[0x65D08a056c17Ae13370565B04cF77D2AfA1cB9FA] swapping 258.0 DAI for WETH
Nonce calculation debug:
- currentNonce (from getTransactionCount): 18
- nonce.override: 18
- nonce.offset: undefined
- Final nonce value: 36
Sending bundle: [
  '0x02f90176833018242485012a05f2008512a05f2000830249f09471e67695db8bc44aa6bf2014142c42221967ee9880b901040cc7326300000000000000000000000000000000000000000000000000000000000000a000000000000000000000000000000000000000000000000dfc78210eb2c80000000000000000000000000000f98265aea01677961bff51685b04ee3a6139206f00000000000000000000000065d08a056c17ae13370565b04cf77d2afa1cb9fa00000000000000000000000000000000000000000000000000000000000000000000000000000000000000000000000000000000000000000000000000000002000000000000000000000000ac29373cbe03c88fb078488181f8a0650c58ca0800000000000000000000000024a9da1457f96c2b167d49377a776d302a5c4db3c001a05e860ef6d37447668dd40244ab229d580890ad56ad0fd5598b6399b345013303a07196962e4e0ddbd3a0fa2b33cf00752aff451339cf8ca41731c4026a5331924d'
]
Sending bundle to Prof RPC: http://172.16.4.27:80
Request payload: {
  "jsonrpc": "2.0",
  "id": 1,
  "method": "eth_sendBundle",
  "params": [
    {
      "txs": [
        "0x02f90176833018242485012a05f2008512a05f2000830249f09471e67695db8bc44aa6bf2014142c42221967ee9880b901040cc7326300000000000000000000000000000000000000000000000000000000000000a000000000000000000000000000000000000000000000000dfc78210eb2c80000000000000000000000000000f98265aea01677961bff51685b04ee3a6139206f00000000000000000000000065d08a056c17ae13370565b04cf77d2afa1cb9fa00000000000000000000000000000000000000000000000000000000000000000000000000000000000000000000000000000000000000000000000000000002000000000000000000000000ac29373cbe03c88fb078488181f8a0650c58ca0800000000000000000000000024a9da1457f96c2b167d49377a776d302a5c4db3c001a05e860ef6d37447668dd40244ab229d580890ad56ad0fd5598b6399b345013303a07196962e4e0ddbd3a0fa2b33cf00752aff451339cf8ca41731c4026a5331924d"
      ],
      "blockNumber": "0xd"
    }
  ]
}
Trying URL: http://172.16.4.27:80/sequencer/eth_sendBundle
Bundle sent successfully. Status: 202
nonceOffset: 19
nonceOffset before: 19
Generating swaps with params: {
  targetBlockNumber: 13,
  txsPerBundle: 1,
  sendRoute: 3,
  txStrategy: 'univ2',
  profRpcUrl: 'http://172.16.4.27:80',
  nonceOffset: 19
}
Generating swaps with params: {}
Current nonce for 0x65D08a056c17Ae13370565B04cF77D2AfA1cB9FA: 18
Contract Addresses:
AtomicSwap: 0x71e67695DB8Bc44AA6BF2014142c42221967EE98
UniV2FactoryA: 0x85998F6C99833d1127301928248c97b6F168bDad
UniV2FactoryB: 0xf98265AeA01677961Bff51685B04eE3a6139206F
WETH: 0x24a9Da1457F96C2b167D49377A776d302A5C4dB3
DAI addresses: [ '0xAC29373CBe03C88Fb078488181F8a0650C58CA08' ]
[0x65D08a056c17Ae13370565B04cF77D2AfA1cB9FA] swapping 1067.0 DAI for WETH
Nonce calculation debug:
- currentNonce (from getTransactionCount): 18
- nonce.override: 19
- nonce.offset: undefined
- Final nonce value: 37
Sending bundle: [
  '0x02f90176833018242585012a05f2008512a05f2000830249f09471e67695db8bc44aa6bf2014142c42221967ee9880b901040cc7326300000000000000000000000000000000000000000000000000000000000000a0000000000000000000000000000000000000000000000039d7997ecaadcc000000000000000000000000000085998f6c99833d1127301928248c97b6f168bdad00000000000000000000000065d08a056c17ae13370565b04cf77d2afa1cb9fa00000000000000000000000000000000000000000000000000000000000000000000000000000000000000000000000000000000000000000000000000000002000000000000000000000000ac29373cbe03c88fb078488181f8a0650c58ca0800000000000000000000000024a9da1457f96c2b167d49377a776d302a5c4db3c080a0cb858b2024646bd030580cb6b239183a2aafc2b29b914da3b3b67806c18ea53aa00633b1de8cea8646d0f0c793d43ac67a14ce610a4fcdc98948ff6c06642b1e9c'
]
Sending bundle to Prof RPC: http://172.16.4.27:80
Request payload: {
  "jsonrpc": "2.0",
  "id": 1,
  "method": "eth_sendBundle",
  "params": [
    {
      "txs": [
        "0x02f90176833018242585012a05f2008512a05f2000830249f09471e67695db8bc44aa6bf2014142c42221967ee9880b901040cc7326300000000000000000000000000000000000000000000000000000000000000a0000000000000000000000000000000000000000000000039d7997ecaadcc000000000000000000000000000085998f6c99833d1127301928248c97b6f168bdad00000000000000000000000065d08a056c17ae13370565b04cf77d2afa1cb9fa00000000000000000000000000000000000000000000000000000000000000000000000000000000000000000000000000000000000000000000000000000002000000000000000000000000ac29373cbe03c88fb078488181f8a0650c58ca0800000000000000000000000024a9da1457f96c2b167d49377a776d302a5c4db3c080a0cb858b2024646bd030580cb6b239183a2aafc2b29b914da3b3b67806c18ea53aa00633b1de8cea8646d0f0c793d43ac67a14ce610a4fcdc98948ff6c06642b1e9c"
      ],
      "blockNumber": "0xd"
    }
  ]
}
Trying URL: http://172.16.4.27:80/sequencer/eth_sendBundle
Bundle sent successfully. Status: 202
nonceOffset: 20
nonceOffset before: 20
Generating swaps with params: {
  targetBlockNumber: 13,
  txsPerBundle: 1,
  sendRoute: 3,
  txStrategy: 'univ2',
  profRpcUrl: 'http://172.16.4.27:80',
  nonceOffset: 20
}
Generating swaps with params: {}
Current nonce for 0x65D08a056c17Ae13370565B04cF77D2AfA1cB9FA: 18
Contract Addresses:
AtomicSwap: 0x71e67695DB8Bc44AA6BF2014142c42221967EE98
UniV2FactoryA: 0x85998F6C99833d1127301928248c97b6F168bDad
UniV2FactoryB: 0xf98265AeA01677961Bff51685B04eE3a6139206F
WETH: 0x24a9Da1457F96C2b167D49377A776d302A5C4dB3
DAI addresses: [ '0xAC29373CBe03C88Fb078488181F8a0650C58CA08' ]
[0x65D08a056c17Ae13370565B04cF77D2AfA1cB9FA] swapping 799.0 DAI for WETH
Nonce calculation debug:
- currentNonce (from getTransactionCount): 18
- nonce.override: 20
- nonce.offset: undefined
- Final nonce value: 38
Sending bundle: [
  '0x02f90176833018242685012a05f2008512a05f2000830249f09471e67695db8bc44aa6bf2014142c42221967ee9880b901040cc7326300000000000000000000000000000000000000000000000000000000000000a000000000000000000000000000000000000000000000002b505a3ab7711c0000000000000000000000000000f98265aea01677961bff51685b04ee3a6139206f00000000000000000000000065d08a056c17ae13370565b04cf77d2afa1cb9fa00000000000000000000000000000000000000000000000000000000000000000000000000000000000000000000000000000000000000000000000000000002000000000000000000000000ac29373cbe03c88fb078488181f8a0650c58ca0800000000000000000000000024a9da1457f96c2b167d49377a776d302a5c4db3c080a0e6e8cfd413c2d384ef5a7148cc6a0a6f84841d47355b54ed93e0ff54a6cd1e2aa0657a9844ec621bbbedb22cdb1481f4cd3ca695cebec222a10e7f4b7946e79fc2'
]
Sending bundle to Prof RPC: http://172.16.4.27:80
Request payload: {
  "jsonrpc": "2.0",
  "id": 1,
  "method": "eth_sendBundle",
  "params": [
    {
      "txs": [
        "0x02f90176833018242685012a05f2008512a05f2000830249f09471e67695db8bc44aa6bf2014142c42221967ee9880b901040cc7326300000000000000000000000000000000000000000000000000000000000000a000000000000000000000000000000000000000000000002b505a3ab7711c0000000000000000000000000000f98265aea01677961bff51685b04ee3a6139206f00000000000000000000000065d08a056c17ae13370565b04cf77d2afa1cb9fa00000000000000000000000000000000000000000000000000000000000000000000000000000000000000000000000000000000000000000000000000000002000000000000000000000000ac29373cbe03c88fb078488181f8a0650c58ca0800000000000000000000000024a9da1457f96c2b167d49377a776d302a5c4db3c080a0e6e8cfd413c2d384ef5a7148cc6a0a6f84841d47355b54ed93e0ff54a6cd1e2aa0657a9844ec621bbbedb22cdb1481f4cd3ca695cebec222a10e7f4b7946e79fc2"
      ],
      "blockNumber": "0xd"
    }
  ]
}
Trying URL: http://172.16.4.27:80/sequencer/eth_sendBundle
Bundle sent successfully. Status: 202
nonceOffset: 21
nonceOffset before: 21
Generating swaps with params: {
  targetBlockNumber: 13,
  txsPerBundle: 1,
  sendRoute: 3,
  txStrategy: 'univ2',
  profRpcUrl: 'http://172.16.4.27:80',
  nonceOffset: 21
}
Generating swaps with params: {}
Current nonce for 0x65D08a056c17Ae13370565B04cF77D2AfA1cB9FA: 18
Contract Addresses:
AtomicSwap: 0x71e67695DB8Bc44AA6BF2014142c42221967EE98
UniV2FactoryA: 0x85998F6C99833d1127301928248c97b6F168bDad
UniV2FactoryB: 0xf98265AeA01677961Bff51685B04eE3a6139206F
WETH: 0x24a9Da1457F96C2b167D49377A776d302A5C4dB3
DAI addresses: [ '0xAC29373CBe03C88Fb078488181F8a0650C58CA08' ]
[0x65D08a056c17Ae13370565B04cF77D2AfA1cB9FA] swapping 0.402157164869029275 WETH for DAI
Nonce calculation debug:
- currentNonce (from getTransactionCount): 18
- nonce.override: 21
- nonce.offset: undefined
- Final nonce value: 39
Sending bundle: [
  '0x02f90176833018242785012a05f2008512a05f2000830249f09471e67695db8bc44aa6bf2014142c42221967ee9880b901040cc7326300000000000000000000000000000000000000000000000000000000000000a00000000000000000000000000000000000000000000000000594bfcf8be58d9b000000000000000000000000f98265aea01677961bff51685b04ee3a6139206f00000000000000000000000065d08a056c17ae13370565b04cf77d2afa1cb9fa0000000000000000000000000000000000000000000000000000000000000000000000000000000000000000000000000000000000000000000000000000000200000000000000000000000024a9da1457f96c2b167d49377a776d302a5c4db3000000000000000000000000ac29373cbe03c88fb078488181f8a0650c58ca08c001a07eb8793aa4a40922e34669224ebfe9ac1146f0fea544d289a991bb2bf988e0e8a054d9eb8a6a05b4c0f3827385fb38b00e244ab623dc89b5a93574fd5008a8f735'
]
Sending bundle to Prof RPC: http://172.16.4.27:80
Request payload: {
  "jsonrpc": "2.0",
  "id": 1,
  "method": "eth_sendBundle",
  "params": [
    {
      "txs": [
        "0x02f90176833018242785012a05f2008512a05f2000830249f09471e67695db8bc44aa6bf2014142c42221967ee9880b901040cc7326300000000000000000000000000000000000000000000000000000000000000a00000000000000000000000000000000000000000000000000594bfcf8be58d9b000000000000000000000000f98265aea01677961bff51685b04ee3a6139206f00000000000000000000000065d08a056c17ae13370565b04cf77d2afa1cb9fa0000000000000000000000000000000000000000000000000000000000000000000000000000000000000000000000000000000000000000000000000000000200000000000000000000000024a9da1457f96c2b167d49377a776d302a5c4db3000000000000000000000000ac29373cbe03c88fb078488181f8a0650c58ca08c001a07eb8793aa4a40922e34669224ebfe9ac1146f0fea544d289a991bb2bf988e0e8a054d9eb8a6a05b4c0f3827385fb38b00e244ab623dc89b5a93574fd5008a8f735"
      ],
      "blockNumber": "0xd"
    }
  ]
}
Trying URL: http://172.16.4.27:80/sequencer/eth_sendBundle
Bundle sent successfully. Status: 202
nonceOffset: 22
nonceOffset before: 22
Generating swaps with params: {
  targetBlockNumber: 13,
  txsPerBundle: 1,
  sendRoute: 3,
  txStrategy: 'univ2',
  profRpcUrl: 'http://172.16.4.27:80',
  nonceOffset: 22
}
Generating swaps with params: {}
Current nonce for 0x65D08a056c17Ae13370565B04cF77D2AfA1cB9FA: 18
Contract Addresses:
AtomicSwap: 0x71e67695DB8Bc44AA6BF2014142c42221967EE98
UniV2FactoryA: 0x85998F6C99833d1127301928248c97b6F168bDad
UniV2FactoryB: 0xf98265AeA01677961Bff51685B04eE3a6139206F
WETH: 0x24a9Da1457F96C2b167D49377A776d302A5C4dB3
DAI addresses: [ '0xAC29373CBe03C88Fb078488181F8a0650C58CA08' ]
[0x65D08a056c17Ae13370565B04cF77D2AfA1cB9FA] swapping 0.495377503852080123 WETH for DAI
Nonce calculation debug:
- currentNonce (from getTransactionCount): 18
- nonce.override: 22
- nonce.offset: undefined
- Final nonce value: 40
Sending bundle: [
  '0x02f90176833018242885012a05f2008512a05f2000830249f09471e67695db8bc44aa6bf2014142c42221967ee9880b901040cc7326300000000000000000000000000000000000000000000000000000000000000a000000000000000000000000000000000000000000000000006dfef3712d2abfb00000000000000000000000085998f6c99833d1127301928248c97b6f168bdad00000000000000000000000065d08a056c17ae13370565b04cf77d2afa1cb9fa0000000000000000000000000000000000000000000000000000000000000000000000000000000000000000000000000000000000000000000000000000000200000000000000000000000024a9da1457f96c2b167d49377a776d302a5c4db3000000000000000000000000ac29373cbe03c88fb078488181f8a0650c58ca08c080a051ddd5457ec1c2d306ecdf839a5b12d07e4186cad3564c628985d67d7189384ca019389fa69222cf8aad48a58601b0ff829c77ff6c10d86e47eeac43dbc1ec296c'
]
Sending bundle to Prof RPC: http://172.16.4.27:80
Request payload: {
  "jsonrpc": "2.0",
  "id": 1,
  "method": "eth_sendBundle",
  "params": [
    {
      "txs": [
        "0x02f90176833018242885012a05f2008512a05f2000830249f09471e67695db8bc44aa6bf2014142c42221967ee9880b901040cc7326300000000000000000000000000000000000000000000000000000000000000a000000000000000000000000000000000000000000000000006dfef3712d2abfb00000000000000000000000085998f6c99833d1127301928248c97b6f168bdad00000000000000000000000065d08a056c17ae13370565b04cf77d2afa1cb9fa0000000000000000000000000000000000000000000000000000000000000000000000000000000000000000000000000000000000000000000000000000000200000000000000000000000024a9da1457f96c2b167d49377a776d302a5c4db3000000000000000000000000ac29373cbe03c88fb078488181f8a0650c58ca08c080a051ddd5457ec1c2d306ecdf839a5b12d07e4186cad3564c628985d67d7189384ca019389fa69222cf8aad48a58601b0ff829c77ff6c10d86e47eeac43dbc1ec296c"
      ],
      "blockNumber": "0xd"
    }
  ]
}
Trying URL: http://172.16.4.27:80/sequencer/eth_sendBundle
Bundle sent successfully. Status: 202
nonceOffset: 23
nonceOffset before: 23
Generating swaps with params: {
  targetBlockNumber: 13,
  txsPerBundle: 1,
  sendRoute: 3,
  txStrategy: 'univ2',
  profRpcUrl: 'http://172.16.4.27:80',
  nonceOffset: 23
}
Generating swaps with params: {}
Current nonce for 0x65D08a056c17Ae13370565B04cF77D2AfA1cB9FA: 18
Contract Addresses:
AtomicSwap: 0x71e67695DB8Bc44AA6BF2014142c42221967EE98
UniV2FactoryA: 0x85998F6C99833d1127301928248c97b6F168bDad
UniV2FactoryB: 0xf98265AeA01677961Bff51685B04eE3a6139206F
WETH: 0x24a9Da1457F96C2b167D49377A776d302A5C4dB3
DAI addresses: [ '0xAC29373CBe03C88Fb078488181F8a0650C58CA08' ]
[0x65D08a056c17Ae13370565B04cF77D2AfA1cB9FA] swapping 0.207082371054657428 WETH for DAI
Nonce calculation debug:
- currentNonce (from getTransactionCount): 18
- nonce.override: 23
- nonce.offset: undefined
- Final nonce value: 41
Sending bundle: [
  '0x02f90176833018242985012a05f2008512a05f2000830249f09471e67695db8bc44aa6bf2014142c42221967ee9880b901040cc7326300000000000000000000000000000000000000000000000000000000000000a000000000000000000000000000000000000000000000000002dfb451bdf55f9400000000000000000000000085998f6c99833d1127301928248c97b6f168bdad00000000000000000000000065d08a056c17ae13370565b04cf77d2afa1cb9fa0000000000000000000000000000000000000000000000000000000000000000000000000000000000000000000000000000000000000000000000000000000200000000000000000000000024a9da1457f96c2b167d49377a776d302a5c4db3000000000000000000000000ac29373cbe03c88fb078488181f8a0650c58ca08c001a096449b4125869422e4000109f39ccb1dfedfeb737939f45608177aa0110b886ca028386a706e832230006b4c202d3c6cc201497cd3817ce647ba73aac564a7c3ea'
]
Sending bundle to Prof RPC: http://172.16.4.27:80
Request payload: {
  "jsonrpc": "2.0",
  "id": 1,
  "method": "eth_sendBundle",
  "params": [
    {
      "txs": [
        "0x02f90176833018242985012a05f2008512a05f2000830249f09471e67695db8bc44aa6bf2014142c42221967ee9880b901040cc7326300000000000000000000000000000000000000000000000000000000000000a000000000000000000000000000000000000000000000000002dfb451bdf55f9400000000000000000000000085998f6c99833d1127301928248c97b6f168bdad00000000000000000000000065d08a056c17ae13370565b04cf77d2afa1cb9fa0000000000000000000000000000000000000000000000000000000000000000000000000000000000000000000000000000000000000000000000000000000200000000000000000000000024a9da1457f96c2b167d49377a776d302a5c4db3000000000000000000000000ac29373cbe03c88fb078488181f8a0650c58ca08c001a096449b4125869422e4000109f39ccb1dfedfeb737939f45608177aa0110b886ca028386a706e832230006b4c202d3c6cc201497cd3817ce647ba73aac564a7c3ea"
      ],
      "blockNumber": "0xd"
    }
  ]
}
Trying URL: http://172.16.4.27:80/sequencer/eth_sendBundle
Bundle sent successfully. Status: 202
nonceOffset: 24
nonceOffset before: 24
Generating swaps with params: {
  targetBlockNumber: 13,
  txsPerBundle: 1,
  sendRoute: 3,
  txStrategy: 'univ2',
  profRpcUrl: 'http://172.16.4.27:80',
  nonceOffset: 24
}
Generating swaps with params: {}
Current nonce for 0x65D08a056c17Ae13370565B04cF77D2AfA1cB9FA: 18
Contract Addresses:
AtomicSwap: 0x71e67695DB8Bc44AA6BF2014142c42221967EE98
UniV2FactoryA: 0x85998F6C99833d1127301928248c97b6F168bDad
UniV2FactoryB: 0xf98265AeA01677961Bff51685B04eE3a6139206F
WETH: 0x24a9Da1457F96C2b167D49377A776d302A5C4dB3
DAI addresses: [ '0xAC29373CBe03C88Fb078488181F8a0650C58CA08' ]
[0x65D08a056c17Ae13370565B04cF77D2AfA1cB9FA] swapping 236.0 DAI for WETH
Nonce calculation debug:
- currentNonce (from getTransactionCount): 18
- nonce.override: 24
- nonce.offset: undefined
- Final nonce value: 42
Sending bundle: [
  '0x02f90176833018242a85012a05f2008512a05f2000830249f09471e67695db8bc44aa6bf2014142c42221967ee9880b901040cc7326300000000000000000000000000000000000000000000000000000000000000a000000000000000000000000000000000000000000000000ccb286d9e5030000000000000000000000000000085998f6c99833d1127301928248c97b6f168bdad00000000000000000000000065d08a056c17ae13370565b04cf77d2afa1cb9fa00000000000000000000000000000000000000000000000000000000000000000000000000000000000000000000000000000000000000000000000000000002000000000000000000000000ac29373cbe03c88fb078488181f8a0650c58ca0800000000000000000000000024a9da1457f96c2b167d49377a776d302a5c4db3c080a03d5b24d8c5747352ae87a5e71ffc5bb6a3ff0ffa3c61680a5e259f04a2007d16a07e2661e150069c9823b0e05236b6fa4b4418327336883eed541417842302cd4c'
]
Sending bundle to Prof RPC: http://172.16.4.27:80
Request payload: {
  "jsonrpc": "2.0",
  "id": 1,
  "method": "eth_sendBundle",
  "params": [
    {
      "txs": [
        "0x02f90176833018242a85012a05f2008512a05f2000830249f09471e67695db8bc44aa6bf2014142c42221967ee9880b901040cc7326300000000000000000000000000000000000000000000000000000000000000a000000000000000000000000000000000000000000000000ccb286d9e5030000000000000000000000000000085998f6c99833d1127301928248c97b6f168bdad00000000000000000000000065d08a056c17ae13370565b04cf77d2afa1cb9fa00000000000000000000000000000000000000000000000000000000000000000000000000000000000000000000000000000000000000000000000000000002000000000000000000000000ac29373cbe03c88fb078488181f8a0650c58ca0800000000000000000000000024a9da1457f96c2b167d49377a776d302a5c4db3c080a03d5b24d8c5747352ae87a5e71ffc5bb6a3ff0ffa3c61680a5e259f04a2007d16a07e2661e150069c9823b0e05236b6fa4b4418327336883eed541417842302cd4c"
      ],
      "blockNumber": "0xd"
    }
  ]
}
Trying URL: http://172.16.4.27:80/sequencer/eth_sendBundle
Bundle sent successfully. Status: 202
nonceOffset: 25
nonceOffset before: 25
Generating swaps with params: {
  targetBlockNumber: 13,
  txsPerBundle: 1,
  sendRoute: 3,
  txStrategy: 'univ2',
  profRpcUrl: 'http://172.16.4.27:80',
  nonceOffset: 25
}
Generating swaps with params: {}
Current nonce for 0x65D08a056c17Ae13370565B04cF77D2AfA1cB9FA: 18
Contract Addresses:
AtomicSwap: 0x71e67695DB8Bc44AA6BF2014142c42221967EE98
UniV2FactoryA: 0x85998F6C99833d1127301928248c97b6F168bDad
UniV2FactoryB: 0xf98265AeA01677961Bff51685B04eE3a6139206F
WETH: 0x24a9Da1457F96C2b167D49377A776d302A5C4dB3
DAI addresses: [ '0xAC29373CBe03C88Fb078488181F8a0650C58CA08' ]
[0x65D08a056c17Ae13370565B04cF77D2AfA1cB9FA] swapping 0.553158705701078582 WETH for DAI
Nonce calculation debug:
- currentNonce (from getTransactionCount): 18
- nonce.override: 25
- nonce.offset: undefined
- Final nonce value: 43
Sending bundle: [
  '0x02f90176833018242b85012a05f2008512a05f2000830249f09471e67695db8bc44aa6bf2014142c42221967ee9880b901040cc7326300000000000000000000000000000000000000000000000000000000000000a000000000000000000000000000000000000000000000000007ad36e97dba463600000000000000000000000085998f6c99833d1127301928248c97b6f168bdad00000000000000000000000065d08a056c17ae13370565b04cf77d2afa1cb9fa0000000000000000000000000000000000000000000000000000000000000000000000000000000000000000000000000000000000000000000000000000000200000000000000000000000024a9da1457f96c2b167d49377a776d302a5c4db3000000000000000000000000ac29373cbe03c88fb078488181f8a0650c58ca08c001a04627feb87476348f598c9132ae1df8b984157c45920ff1eb123ec528513abf87a01015ed8cc27c641bf401fcaeb4e6bfe717947839d467025ebd9c576dd2d3c4d3'
]
Sending bundle to Prof RPC: http://172.16.4.27:80
Request payload: {
  "jsonrpc": "2.0",
  "id": 1,
  "method": "eth_sendBundle",
  "params": [
    {
      "txs": [
        "0x02f90176833018242b85012a05f2008512a05f2000830249f09471e67695db8bc44aa6bf2014142c42221967ee9880b901040cc7326300000000000000000000000000000000000000000000000000000000000000a000000000000000000000000000000000000000000000000007ad36e97dba463600000000000000000000000085998f6c99833d1127301928248c97b6f168bdad00000000000000000000000065d08a056c17ae13370565b04cf77d2afa1cb9fa0000000000000000000000000000000000000000000000000000000000000000000000000000000000000000000000000000000000000000000000000000000200000000000000000000000024a9da1457f96c2b167d49377a776d302a5c4db3000000000000000000000000ac29373cbe03c88fb078488181f8a0650c58ca08c001a04627feb87476348f598c9132ae1df8b984157c45920ff1eb123ec528513abf87a01015ed8cc27c641bf401fcaeb4e6bfe717947839d467025ebd9c576dd2d3c4d3"
      ],
      "blockNumber": "0xd"
    }
  ]
}
Trying URL: http://172.16.4.27:80/sequencer/eth_sendBundle
Bundle sent successfully. Status: 202
nonceOffset: 26
nonceOffset before: 26
Generating swaps with params: {
  targetBlockNumber: 13,
  txsPerBundle: 1,
  sendRoute: 3,
  txStrategy: 'univ2',
  profRpcUrl: 'http://172.16.4.27:80',
  nonceOffset: 26
}
Generating swaps with params: {}
Current nonce for 0x65D08a056c17Ae13370565B04cF77D2AfA1cB9FA: 18
Contract Addresses:
AtomicSwap: 0x71e67695DB8Bc44AA6BF2014142c42221967EE98
UniV2FactoryA: 0x85998F6C99833d1127301928248c97b6F168bDad
UniV2FactoryB: 0xf98265AeA01677961Bff51685B04eE3a6139206F
WETH: 0x24a9Da1457F96C2b167D49377A776d302A5C4dB3
DAI addresses: [ '0xAC29373CBe03C88Fb078488181F8a0650C58CA08' ]
[0x65D08a056c17Ae13370565B04cF77D2AfA1cB9FA] swapping 1079.0 DAI for WETH
Nonce calculation debug:
- currentNonce (from getTransactionCount): 18
- nonce.override: 26
- nonce.offset: undefined
- Final nonce value: 44
Sending bundle: [
  '0x02f90176833018242c85012a05f2008512a05f2000830249f09471e67695db8bc44aa6bf2014142c42221967ee9880b901040cc7326300000000000000000000000000000000000000000000000000000000000000a000000000000000000000000000000000000000000000003a7e220f36867c0000000000000000000000000000f98265aea01677961bff51685b04ee3a6139206f00000000000000000000000065d08a056c17ae13370565b04cf77d2afa1cb9fa00000000000000000000000000000000000000000000000000000000000000000000000000000000000000000000000000000000000000000000000000000002000000000000000000000000ac29373cbe03c88fb078488181f8a0650c58ca0800000000000000000000000024a9da1457f96c2b167d49377a776d302a5c4db3c080a0786133fc5b1d39a3bb5ead35f18525f14c2315d1190246914d08bcc63bdb82c1a03ae72270121ed19e67f8b737ba0b58f860cfafa35d214535933d25f8d77e336d'
]
Sending bundle to Prof RPC: http://172.16.4.27:80
Request payload: {
  "jsonrpc": "2.0",
  "id": 1,
  "method": "eth_sendBundle",
  "params": [
    {
      "txs": [
        "0x02f90176833018242c85012a05f2008512a05f2000830249f09471e67695db8bc44aa6bf2014142c42221967ee9880b901040cc7326300000000000000000000000000000000000000000000000000000000000000a000000000000000000000000000000000000000000000003a7e220f36867c0000000000000000000000000000f98265aea01677961bff51685b04ee3a6139206f00000000000000000000000065d08a056c17ae13370565b04cf77d2afa1cb9fa00000000000000000000000000000000000000000000000000000000000000000000000000000000000000000000000000000000000000000000000000000002000000000000000000000000ac29373cbe03c88fb078488181f8a0650c58ca0800000000000000000000000024a9da1457f96c2b167d49377a776d302a5c4db3c080a0786133fc5b1d39a3bb5ead35f18525f14c2315d1190246914d08bcc63bdb82c1a03ae72270121ed19e67f8b737ba0b58f860cfafa35d214535933d25f8d77e336d"
      ],
      "blockNumber": "0xd"
    }
  ]
}
Trying URL: http://172.16.4.27:80/sequencer/eth_sendBundle
Bundle sent successfully. Status: 202
nonceOffset: 27
nonceOffset before: 27
Generating swaps with params: {
  targetBlockNumber: 13,
  txsPerBundle: 1,
  sendRoute: 3,
  txStrategy: 'univ2',
  profRpcUrl: 'http://172.16.4.27:80',
  nonceOffset: 27
}
Generating swaps with params: {}
Current nonce for 0x65D08a056c17Ae13370565B04cF77D2AfA1cB9FA: 18
Contract Addresses:
AtomicSwap: 0x71e67695DB8Bc44AA6BF2014142c42221967EE98
UniV2FactoryA: 0x85998F6C99833d1127301928248c97b6F168bDad
UniV2FactoryB: 0xf98265AeA01677961Bff51685B04eE3a6139206F
WETH: 0x24a9Da1457F96C2b167D49377A776d302A5C4dB3
DAI addresses: [ '0xAC29373CBe03C88Fb078488181F8a0650C58CA08' ]
[0x65D08a056c17Ae13370565B04cF77D2AfA1cB9FA] swapping 0.767334360554699537 WETH for DAI
Nonce calculation debug:
- currentNonce (from getTransactionCount): 18
- nonce.override: 27
- nonce.offset: undefined
- Final nonce value: 45
Sending bundle: [
  '0x02f90176833018242d85012a05f2008512a05f2000830249f09471e67695db8bc44aa6bf2014142c42221967ee9880b901040cc7326300000000000000000000000000000000000000000000000000000000000000a00000000000000000000000000000000000000000000000000aa61e8910d07b11000000000000000000000000f98265aea01677961bff51685b04ee3a6139206f00000000000000000000000065d08a056c17ae13370565b04cf77d2afa1cb9fa0000000000000000000000000000000000000000000000000000000000000000000000000000000000000000000000000000000000000000000000000000000200000000000000000000000024a9da1457f96c2b167d49377a776d302a5c4db3000000000000000000000000ac29373cbe03c88fb078488181f8a0650c58ca08c080a0ed49e50aca13d34a3a422c93d2ec0f5c49ce96b82ae4cb6e131aa06c0d1c0652a01b858d43c3cd07158db88e720ebd3a72816da3842ccdecda9ae9ec512a1bb435'
]
Sending bundle to Prof RPC: http://172.16.4.27:80
Request payload: {
  "jsonrpc": "2.0",
  "id": 1,
  "method": "eth_sendBundle",
  "params": [
    {
      "txs": [
        "0x02f90176833018242d85012a05f2008512a05f2000830249f09471e67695db8bc44aa6bf2014142c42221967ee9880b901040cc7326300000000000000000000000000000000000000000000000000000000000000a00000000000000000000000000000000000000000000000000aa61e8910d07b11000000000000000000000000f98265aea01677961bff51685b04ee3a6139206f00000000000000000000000065d08a056c17ae13370565b04cf77d2afa1cb9fa0000000000000000000000000000000000000000000000000000000000000000000000000000000000000000000000000000000000000000000000000000000200000000000000000000000024a9da1457f96c2b167d49377a776d302a5c4db3000000000000000000000000ac29373cbe03c88fb078488181f8a0650c58ca08c080a0ed49e50aca13d34a3a422c93d2ec0f5c49ce96b82ae4cb6e131aa06c0d1c0652a01b858d43c3cd07158db88e720ebd3a72816da3842ccdecda9ae9ec512a1bb435"
      ],
      "blockNumber": "0xd"
    }
  ]
}
Trying URL: http://172.16.4.27:80/sequencer/eth_sendBundle
Bundle sent successfully. Status: 202
nonceOffset: 28
nonceOffset before: 28
Generating swaps with params: {
  targetBlockNumber: 13,
  txsPerBundle: 1,
  sendRoute: 3,
  txStrategy: 'univ2',
  profRpcUrl: 'http://172.16.4.27:80',
  nonceOffset: 28
}
Generating swaps with params: {}
Current nonce for 0x65D08a056c17Ae13370565B04cF77D2AfA1cB9FA: 18
Contract Addresses:
AtomicSwap: 0x71e67695DB8Bc44AA6BF2014142c42221967EE98
UniV2FactoryA: 0x85998F6C99833d1127301928248c97b6F168bDad
UniV2FactoryB: 0xf98265AeA01677961Bff51685B04eE3a6139206F
WETH: 0x24a9Da1457F96C2b167D49377A776d302A5C4dB3
DAI addresses: [ '0xAC29373CBe03C88Fb078488181F8a0650C58CA08' ]
[0x65D08a056c17Ae13370565B04cF77D2AfA1cB9FA] swapping 649.0 DAI for WETH
Nonce calculation debug:
- currentNonce (from getTransactionCount): 18
- nonce.override: 28
- nonce.offset: undefined
- Final nonce value: 46
Sending bundle: [
  '0x02f90176833018242e85012a05f2008512a05f2000830249f09471e67695db8bc44aa6bf2014142c42221967ee9880b901040cc7326300000000000000000000000000000000000000000000000000000000000000a00000000000000000000000000000000000000000000000232eaf2d735c840000000000000000000000000000f98265aea01677961bff51685b04ee3a6139206f00000000000000000000000065d08a056c17ae13370565b04cf77d2afa1cb9fa00000000000000000000000000000000000000000000000000000000000000000000000000000000000000000000000000000000000000000000000000000002000000000000000000000000ac29373cbe03c88fb078488181f8a0650c58ca0800000000000000000000000024a9da1457f96c2b167d49377a776d302a5c4db3c001a0146b32f504ac12d82e89c351b086c601f839eddf6dbb5671f0c20d3a2eae9057a04e7936c11c1c50c7ed6542b19cb79abaa43807c4f7ff7092ebb1ac3de52cfbfc'
]
Sending bundle to Prof RPC: http://172.16.4.27:80
Request payload: {
  "jsonrpc": "2.0",
  "id": 1,
  "method": "eth_sendBundle",
  "params": [
    {
      "txs": [
        "0x02f90176833018242e85012a05f2008512a05f2000830249f09471e67695db8bc44aa6bf2014142c42221967ee9880b901040cc7326300000000000000000000000000000000000000000000000000000000000000a00000000000000000000000000000000000000000000000232eaf2d735c840000000000000000000000000000f98265aea01677961bff51685b04ee3a6139206f00000000000000000000000065d08a056c17ae13370565b04cf77d2afa1cb9fa00000000000000000000000000000000000000000000000000000000000000000000000000000000000000000000000000000000000000000000000000000002000000000000000000000000ac29373cbe03c88fb078488181f8a0650c58ca0800000000000000000000000024a9da1457f96c2b167d49377a776d302a5c4db3c001a0146b32f504ac12d82e89c351b086c601f839eddf6dbb5671f0c20d3a2eae9057a04e7936c11c1c50c7ed6542b19cb79abaa43807c4f7ff7092ebb1ac3de52cfbfc"
      ],
      "blockNumber": "0xd"
    }
  ]
}
Trying URL: http://172.16.4.27:80/sequencer/eth_sendBundle
Bundle sent successfully. Status: 202
nonceOffset: 29
nonceOffset before: 29
Generating swaps with params: {
  targetBlockNumber: 13,
  txsPerBundle: 1,
  sendRoute: 3,
  txStrategy: 'univ2',
  profRpcUrl: 'http://172.16.4.27:80',
  nonceOffset: 29
}
Generating swaps with params: {}
Current nonce for 0x65D08a056c17Ae13370565B04cF77D2AfA1cB9FA: 18
Contract Addresses:
AtomicSwap: 0x71e67695DB8Bc44AA6BF2014142c42221967EE98
UniV2FactoryA: 0x85998F6C99833d1127301928248c97b6F168bDad
UniV2FactoryB: 0xf98265AeA01677961Bff51685B04eE3a6139206F
WETH: 0x24a9Da1457F96C2b167D49377A776d302A5C4dB3
DAI addresses: [ '0xAC29373CBe03C88Fb078488181F8a0650C58CA08' ]
[0x65D08a056c17Ae13370565B04cF77D2AfA1cB9FA] swapping 326.0 DAI for WETH
Nonce calculation debug:
- currentNonce (from getTransactionCount): 18
- nonce.override: 29
- nonce.offset: undefined
- Final nonce value: 47
Sending bundle: [
  '0x02f90176833018242f85012a05f2008512a05f2000830249f09471e67695db8bc44aa6bf2014142c42221967ee9880b901040cc7326300000000000000000000000000000000000000000000000000000000000000a0000000000000000000000000000000000000000000000011ac28a8c729580000000000000000000000000000f98265aea01677961bff51685b04ee3a6139206f00000000000000000000000065d08a056c17ae13370565b04cf77d2afa1cb9fa00000000000000000000000000000000000000000000000000000000000000000000000000000000000000000000000000000000000000000000000000000002000000000000000000000000ac29373cbe03c88fb078488181f8a0650c58ca0800000000000000000000000024a9da1457f96c2b167d49377a776d302a5c4db3c080a030aa3f15ab13d568a646006deaf5360a1f9faf01480ec7fe9415adfffd7ffce1a0211f57c1ab83f74b18078a97927d32ec6b115f54fd5ed2801fb340ad7078d7b6'
]
Sending bundle to Prof RPC: http://172.16.4.27:80
Request payload: {
  "jsonrpc": "2.0",
  "id": 1,
  "method": "eth_sendBundle",
  "params": [
    {
      "txs": [
        "0x02f90176833018242f85012a05f2008512a05f2000830249f09471e67695db8bc44aa6bf2014142c42221967ee9880b901040cc7326300000000000000000000000000000000000000000000000000000000000000a0000000000000000000000000000000000000000000000011ac28a8c729580000000000000000000000000000f98265aea01677961bff51685b04ee3a6139206f00000000000000000000000065d08a056c17ae13370565b04cf77d2afa1cb9fa00000000000000000000000000000000000000000000000000000000000000000000000000000000000000000000000000000000000000000000000000000002000000000000000000000000ac29373cbe03c88fb078488181f8a0650c58ca0800000000000000000000000024a9da1457f96c2b167d49377a776d302a5c4db3c080a030aa3f15ab13d568a646006deaf5360a1f9faf01480ec7fe9415adfffd7ffce1a0211f57c1ab83f74b18078a97927d32ec6b115f54fd5ed2801fb340ad7078d7b6"
      ],
      "blockNumber": "0xd"
    }
  ]
}
Trying URL: http://172.16.4.27:80/sequencer/eth_sendBundle
Bundle sent successfully. Status: 202
nonceOffset: 30
nonceOffset before: 30
Generating swaps with params: {
  targetBlockNumber: 13,
  txsPerBundle: 1,
  sendRoute: 3,
  txStrategy: 'univ2',
  profRpcUrl: 'http://172.16.4.27:80',
  nonceOffset: 30
}
Generating swaps with params: {}
Current nonce for 0x65D08a056c17Ae13370565B04cF77D2AfA1cB9FA: 18
Contract Addresses:
AtomicSwap: 0x71e67695DB8Bc44AA6BF2014142c42221967EE98
UniV2FactoryA: 0x85998F6C99833d1127301928248c97b6F168bDad
UniV2FactoryB: 0xf98265AeA01677961Bff51685B04eE3a6139206F
WETH: 0x24a9Da1457F96C2b167D49377A776d302A5C4dB3
DAI addresses: [ '0xAC29373CBe03C88Fb078488181F8a0650C58CA08' ]
[0x65D08a056c17Ae13370565B04cF77D2AfA1cB9FA] swapping 0.251732101616628175 WETH for DAI
Nonce calculation debug:
- currentNonce (from getTransactionCount): 18
- nonce.override: 30
- nonce.offset: undefined
- Final nonce value: 48
Sending bundle: [
  '0x02f90176833018243085012a05f2008512a05f2000830249f09471e67695db8bc44aa6bf2014142c42221967ee9880b901040cc7326300000000000000000000000000000000000000000000000000000000000000a0000000000000000000000000000000000000000000000000037e55033f6bf1cf000000000000000000000000f98265aea01677961bff51685b04ee3a6139206f00000000000000000000000065d08a056c17ae13370565b04cf77d2afa1cb9fa0000000000000000000000000000000000000000000000000000000000000000000000000000000000000000000000000000000000000000000000000000000200000000000000000000000024a9da1457f96c2b167d49377a776d302a5c4db3000000000000000000000000ac29373cbe03c88fb078488181f8a0650c58ca08c080a0c22986d3b7d0dfa66e0e0600326f20d92c5e69e968efd44a0a125fadc6454ef9a066593e769f8c595ed1709c2fffa768716812fab06582fdc823c157c49a1cba50'
]
Sending bundle to Prof RPC: http://172.16.4.27:80
Request payload: {
  "jsonrpc": "2.0",
  "id": 1,
  "method": "eth_sendBundle",
  "params": [
    {
      "txs": [
        "0x02f90176833018243085012a05f2008512a05f2000830249f09471e67695db8bc44aa6bf2014142c42221967ee9880b901040cc7326300000000000000000000000000000000000000000000000000000000000000a0000000000000000000000000000000000000000000000000037e55033f6bf1cf000000000000000000000000f98265aea01677961bff51685b04ee3a6139206f00000000000000000000000065d08a056c17ae13370565b04cf77d2afa1cb9fa0000000000000000000000000000000000000000000000000000000000000000000000000000000000000000000000000000000000000000000000000000000200000000000000000000000024a9da1457f96c2b167d49377a776d302a5c4db3000000000000000000000000ac29373cbe03c88fb078488181f8a0650c58ca08c080a0c22986d3b7d0dfa66e0e0600326f20d92c5e69e968efd44a0a125fadc6454ef9a066593e769f8c595ed1709c2fffa768716812fab06582fdc823c157c49a1cba50"
      ],
      "blockNumber": "0xd"
    }
  ]
}
Trying URL: http://172.16.4.27:80/sequencer/eth_sendBundle
Bundle sent successfully. Status: 202
nonceOffset: 31
nonceOffset before: 31
Generating swaps with params: {
  targetBlockNumber: 13,
  txsPerBundle: 1,
  sendRoute: 3,
  txStrategy: 'univ2',
  profRpcUrl: 'http://172.16.4.27:80',
  nonceOffset: 31
}
Generating swaps with params: {}
Current nonce for 0x65D08a056c17Ae13370565B04cF77D2AfA1cB9FA: 18
Contract Addresses:
AtomicSwap: 0x71e67695DB8Bc44AA6BF2014142c42221967EE98
UniV2FactoryA: 0x85998F6C99833d1127301928248c97b6F168bDad
UniV2FactoryB: 0xf98265AeA01677961Bff51685B04eE3a6139206F
WETH: 0x24a9Da1457F96C2b167D49377A776d302A5C4dB3
DAI addresses: [ '0xAC29373CBe03C88Fb078488181F8a0650C58CA08' ]
[0x65D08a056c17Ae13370565B04cF77D2AfA1cB9FA] swapping 0.124711316397228637 WETH for DAI
Nonce calculation debug:
- currentNonce (from getTransactionCount): 18
- nonce.override: 31
- nonce.offset: undefined
- Final nonce value: 49
Sending bundle: [
  '0x02f90176833018243185012a05f2008512a05f2000830249f09471e67695db8bc44aa6bf2014142c42221967ee9880b901040cc7326300000000000000000000000000000000000000000000000000000000000000a000000000000000000000000000000000000000000000000001bb10481154025d00000000000000000000000085998f6c99833d1127301928248c97b6f168bdad00000000000000000000000065d08a056c17ae13370565b04cf77d2afa1cb9fa0000000000000000000000000000000000000000000000000000000000000000000000000000000000000000000000000000000000000000000000000000000200000000000000000000000024a9da1457f96c2b167d49377a776d302a5c4db3000000000000000000000000ac29373cbe03c88fb078488181f8a0650c58ca08c001a046607e25be38220248e03c569471a76d918fbf8612a163971b84414e61e6eee4a06aa67ad9ea96ae348e552a6fe3ca4af7885f15ed9c185cce99a4d215b826a727'
]
Sending bundle to Prof RPC: http://172.16.4.27:80
Request payload: {
  "jsonrpc": "2.0",
  "id": 1,
  "method": "eth_sendBundle",
  "params": [
    {
      "txs": [
        "0x02f90176833018243185012a05f2008512a05f2000830249f09471e67695db8bc44aa6bf2014142c42221967ee9880b901040cc7326300000000000000000000000000000000000000000000000000000000000000a000000000000000000000000000000000000000000000000001bb10481154025d00000000000000000000000085998f6c99833d1127301928248c97b6f168bdad00000000000000000000000065d08a056c17ae13370565b04cf77d2afa1cb9fa0000000000000000000000000000000000000000000000000000000000000000000000000000000000000000000000000000000000000000000000000000000200000000000000000000000024a9da1457f96c2b167d49377a776d302a5c4db3000000000000000000000000ac29373cbe03c88fb078488181f8a0650c58ca08c001a046607e25be38220248e03c569471a76d918fbf8612a163971b84414e61e6eee4a06aa67ad9ea96ae348e552a6fe3ca4af7885f15ed9c185cce99a4d215b826a727"
      ],
      "blockNumber": "0xd"
    }
  ]
}
Trying URL: http://172.16.4.27:80/sequencer/eth_sendBundle
Bundle sent successfully. Status: 202
nonceOffset: 32
nonceOffset before: 32
Generating swaps with params: {
  targetBlockNumber: 13,
  txsPerBundle: 1,
  sendRoute: 3,
  txStrategy: 'univ2',
  profRpcUrl: 'http://172.16.4.27:80',
  nonceOffset: 32
}
Generating swaps with params: {}
Current nonce for 0x65D08a056c17Ae13370565B04cF77D2AfA1cB9FA: 18
Contract Addresses:
AtomicSwap: 0x71e67695DB8Bc44AA6BF2014142c42221967EE98
UniV2FactoryA: 0x85998F6C99833d1127301928248c97b6F168bDad
UniV2FactoryB: 0xf98265AeA01677961Bff51685B04eE3a6139206F
WETH: 0x24a9Da1457F96C2b167D49377A776d302A5C4dB3
DAI addresses: [ '0xAC29373CBe03C88Fb078488181F8a0650C58CA08' ]
[0x65D08a056c17Ae13370565B04cF77D2AfA1cB9FA] swapping 0.687211093990755007 WETH for DAI
Nonce calculation debug:
- currentNonce (from getTransactionCount): 18
- nonce.override: 32
- nonce.offset: undefined
- Final nonce value: 50
Sending bundle: [
  '0x02f90176833018243285012a05f2008512a05f2000830249f09471e67695db8bc44aa6bf2014142c42221967ee9880b901040cc7326300000000000000000000000000000000000000000000000000000000000000a0000000000000000000000000000000000000000000000000098976d95706cabf00000000000000000000000085998f6c99833d1127301928248c97b6f168bdad00000000000000000000000065d08a056c17ae13370565b04cf77d2afa1cb9fa0000000000000000000000000000000000000000000000000000000000000000000000000000000000000000000000000000000000000000000000000000000200000000000000000000000024a9da1457f96c2b167d49377a776d302a5c4db3000000000000000000000000ac29373cbe03c88fb078488181f8a0650c58ca08c080a0429684db8b344304f856938dab1338e359ce1fc846ff2783aa2a21bc046fbbb8a07eaa3d4aca8030175bb9a4bff278587a2ea4d73a72528f988f5d8701cf12cf31'
]
Sending bundle to Prof RPC: http://172.16.4.27:80
Request payload: {
  "jsonrpc": "2.0",
  "id": 1,
  "method": "eth_sendBundle",
  "params": [
    {
      "txs": [
        "0x02f90176833018243285012a05f2008512a05f2000830249f09471e67695db8bc44aa6bf2014142c42221967ee9880b901040cc7326300000000000000000000000000000000000000000000000000000000000000a0000000000000000000000000000000000000000000000000098976d95706cabf00000000000000000000000085998f6c99833d1127301928248c97b6f168bdad00000000000000000000000065d08a056c17ae13370565b04cf77d2afa1cb9fa0000000000000000000000000000000000000000000000000000000000000000000000000000000000000000000000000000000000000000000000000000000200000000000000000000000024a9da1457f96c2b167d49377a776d302a5c4db3000000000000000000000000ac29373cbe03c88fb078488181f8a0650c58ca08c080a0429684db8b344304f856938dab1338e359ce1fc846ff2783aa2a21bc046fbbb8a07eaa3d4aca8030175bb9a4bff278587a2ea4d73a72528f988f5d8701cf12cf31"
      ],
      "blockNumber": "0xd"
    }
  ]
}
Trying URL: http://172.16.4.27:80/sequencer/eth_sendBundle
Bundle sent successfully. Status: 202
nonceOffset: 33
nonceOffset before: 33
Generating swaps with params: {
  targetBlockNumber: 13,
  txsPerBundle: 1,
  sendRoute: 3,
  txStrategy: 'univ2',
  profRpcUrl: 'http://172.16.4.27:80',
  nonceOffset: 33
}
Generating swaps with params: {}
Current nonce for 0x65D08a056c17Ae13370565B04cF77D2AfA1cB9FA: 18
Contract Addresses:
AtomicSwap: 0x71e67695DB8Bc44AA6BF2014142c42221967EE98
UniV2FactoryA: 0x85998F6C99833d1127301928248c97b6F168bDad
UniV2FactoryB: 0xf98265AeA01677961Bff51685B04eE3a6139206F
WETH: 0x24a9Da1457F96C2b167D49377A776d302A5C4dB3
DAI addresses: [ '0xAC29373CBe03C88Fb078488181F8a0650C58CA08' ]
[0x65D08a056c17Ae13370565B04cF77D2AfA1cB9FA] swapping 0.713405238828967642 WETH for DAI
Nonce calculation debug:
- currentNonce (from getTransactionCount): 18
- nonce.override: 33
- nonce.offset: undefined
- Final nonce value: 51
Sending bundle: [
  '0x02f90176833018243385012a05f2008512a05f2000830249f09471e67695db8bc44aa6bf2014142c42221967ee9880b901040cc7326300000000000000000000000000000000000000000000000000000000000000a000000000000000000000000000000000000000000000000009e68648f14da6da00000000000000000000000085998f6c99833d1127301928248c97b6f168bdad00000000000000000000000065d08a056c17ae13370565b04cf77d2afa1cb9fa0000000000000000000000000000000000000000000000000000000000000000000000000000000000000000000000000000000000000000000000000000000200000000000000000000000024a9da1457f96c2b167d49377a776d302a5c4db3000000000000000000000000ac29373cbe03c88fb078488181f8a0650c58ca08c001a0d55bf7d7540cc4b08a0b6a5895998cdec6646b4491a17b9e41367ad616345118a0326162f62e010b50a1768f90120674dcfe116e32e368b57b3923ada84dde833d'
]
Sending bundle to Prof RPC: http://172.16.4.27:80
Request payload: {
  "jsonrpc": "2.0",
  "id": 1,
  "method": "eth_sendBundle",
  "params": [
    {
      "txs": [
        "0x02f90176833018243385012a05f2008512a05f2000830249f09471e67695db8bc44aa6bf2014142c42221967ee9880b901040cc7326300000000000000000000000000000000000000000000000000000000000000a000000000000000000000000000000000000000000000000009e68648f14da6da00000000000000000000000085998f6c99833d1127301928248c97b6f168bdad00000000000000000000000065d08a056c17ae13370565b04cf77d2afa1cb9fa0000000000000000000000000000000000000000000000000000000000000000000000000000000000000000000000000000000000000000000000000000000200000000000000000000000024a9da1457f96c2b167d49377a776d302a5c4db3000000000000000000000000ac29373cbe03c88fb078488181f8a0650c58ca08c001a0d55bf7d7540cc4b08a0b6a5895998cdec6646b4491a17b9e41367ad616345118a0326162f62e010b50a1768f90120674dcfe116e32e368b57b3923ada84dde833d"
      ],
      "blockNumber": "0xd"
    }
  ]
}
Trying URL: http://172.16.4.27:80/sequencer/eth_sendBundle
Bundle sent successfully. Status: 202
nonceOffset: 34
nonceOffset before: 34
Generating swaps with params: {
  targetBlockNumber: 13,
  txsPerBundle: 1,
  sendRoute: 3,
  txStrategy: 'univ2',
  profRpcUrl: 'http://172.16.4.27:80',
  nonceOffset: 34
}
Generating swaps with params: {}
Current nonce for 0x65D08a056c17Ae13370565B04cF77D2AfA1cB9FA: 18
Contract Addresses:
AtomicSwap: 0x71e67695DB8Bc44AA6BF2014142c42221967EE98
UniV2FactoryA: 0x85998F6C99833d1127301928248c97b6F168bDad
UniV2FactoryB: 0xf98265AeA01677961Bff51685B04eE3a6139206F
WETH: 0x24a9Da1457F96C2b167D49377A776d302A5C4dB3
DAI addresses: [ '0xAC29373CBe03C88Fb078488181F8a0650C58CA08' ]
[0x65D08a056c17Ae13370565B04cF77D2AfA1cB9FA] swapping 764.0 DAI for WETH
Nonce calculation debug:
- currentNonce (from getTransactionCount): 18
- nonce.override: 34
- nonce.offset: undefined
- Final nonce value: 52
Sending bundle: [
  '0x02f90176833018243485012a05f2008512a05f2000830249f09471e67695db8bc44aa6bf2014142c42221967ee9880b901040cc7326300000000000000000000000000000000000000000000000000000000000000a00000000000000000000000000000000000000000000000296aa140278e70000000000000000000000000000085998f6c99833d1127301928248c97b6f168bdad00000000000000000000000065d08a056c17ae13370565b04cf77d2afa1cb9fa00000000000000000000000000000000000000000000000000000000000000000000000000000000000000000000000000000000000000000000000000000002000000000000000000000000ac29373cbe03c88fb078488181f8a0650c58ca0800000000000000000000000024a9da1457f96c2b167d49377a776d302a5c4db3c080a025da85fe22d77353610c6b09288bf023753c9e944ea32d413a705e8b26bf74fda03b78ac9bab3987c9cf98f2361039185e025bd3e3aa09a6d735f13d7f7d54de11'
]
Sending bundle to Prof RPC: http://172.16.4.27:80
Request payload: {
  "jsonrpc": "2.0",
  "id": 1,
  "method": "eth_sendBundle",
  "params": [
    {
      "txs": [
        "0x02f90176833018243485012a05f2008512a05f2000830249f09471e67695db8bc44aa6bf2014142c42221967ee9880b901040cc7326300000000000000000000000000000000000000000000000000000000000000a00000000000000000000000000000000000000000000000296aa140278e70000000000000000000000000000085998f6c99833d1127301928248c97b6f168bdad00000000000000000000000065d08a056c17ae13370565b04cf77d2afa1cb9fa00000000000000000000000000000000000000000000000000000000000000000000000000000000000000000000000000000000000000000000000000000002000000000000000000000000ac29373cbe03c88fb078488181f8a0650c58ca0800000000000000000000000024a9da1457f96c2b167d49377a776d302a5c4db3c080a025da85fe22d77353610c6b09288bf023753c9e944ea32d413a705e8b26bf74fda03b78ac9bab3987c9cf98f2361039185e025bd3e3aa09a6d735f13d7f7d54de11"
      ],
      "blockNumber": "0xd"
    }
  ]
}
Trying URL: http://172.16.4.27:80/sequencer/eth_sendBundle
Bundle sent successfully. Status: 202
nonceOffset: 35
nonceOffset before: 35
Generating swaps with params: {
  targetBlockNumber: 13,
  txsPerBundle: 1,
  sendRoute: 3,
  txStrategy: 'univ2',
  profRpcUrl: 'http://172.16.4.27:80',
  nonceOffset: 35
}
Generating swaps with params: {}
Current nonce for 0x65D08a056c17Ae13370565B04cF77D2AfA1cB9FA: 18
Contract Addresses:
AtomicSwap: 0x71e67695DB8Bc44AA6BF2014142c42221967EE98
UniV2FactoryA: 0x85998F6C99833d1127301928248c97b6F168bDad
UniV2FactoryB: 0xf98265AeA01677961Bff51685B04eE3a6139206F
WETH: 0x24a9Da1457F96C2b167D49377A776d302A5C4dB3
DAI addresses: [ '0xAC29373CBe03C88Fb078488181F8a0650C58CA08' ]
[0x65D08a056c17Ae13370565B04cF77D2AfA1cB9FA] swapping 0.392141756548536209 WETH for DAI
Nonce calculation debug:
- currentNonce (from getTransactionCount): 18
- nonce.override: 35
- nonce.offset: undefined
- Final nonce value: 53
Sending bundle: [
  '0x02f90176833018243585012a05f2008512a05f2000830249f09471e67695db8bc44aa6bf2014142c42221967ee9880b901040cc7326300000000000000000000000000000000000000000000000000000000000000a000000000000000000000000000000000000000000000000005712ad994ac579100000000000000000000000085998f6c99833d1127301928248c97b6f168bdad00000000000000000000000065d08a056c17ae13370565b04cf77d2afa1cb9fa0000000000000000000000000000000000000000000000000000000000000000000000000000000000000000000000000000000000000000000000000000000200000000000000000000000024a9da1457f96c2b167d49377a776d302a5c4db3000000000000000000000000ac29373cbe03c88fb078488181f8a0650c58ca08c001a0bdd4d7a1a3aa29a32abad33587d105e7dcc6266c2bc5834aa30604d30670608da069d10a007e5bb972609807aa74a06f7c3cbd7a3ff0814ceaff1c755ddf1fecbf'
]
Sending bundle to Prof RPC: http://172.16.4.27:80
Request payload: {
  "jsonrpc": "2.0",
  "id": 1,
  "method": "eth_sendBundle",
  "params": [
    {
      "txs": [
        "0x02f90176833018243585012a05f2008512a05f2000830249f09471e67695db8bc44aa6bf2014142c42221967ee9880b901040cc7326300000000000000000000000000000000000000000000000000000000000000a000000000000000000000000000000000000000000000000005712ad994ac579100000000000000000000000085998f6c99833d1127301928248c97b6f168bdad00000000000000000000000065d08a056c17ae13370565b04cf77d2afa1cb9fa0000000000000000000000000000000000000000000000000000000000000000000000000000000000000000000000000000000000000000000000000000000200000000000000000000000024a9da1457f96c2b167d49377a776d302a5c4db3000000000000000000000000ac29373cbe03c88fb078488181f8a0650c58ca08c001a0bdd4d7a1a3aa29a32abad33587d105e7dcc6266c2bc5834aa30604d30670608da069d10a007e5bb972609807aa74a06f7c3cbd7a3ff0814ceaff1c755ddf1fecbf"
      ],
      "blockNumber": "0xd"
    }
  ]
}
Trying URL: http://172.16.4.27:80/sequencer/eth_sendBundle
Bundle sent successfully. Status: 202
nonceOffset: 36
nonceOffset before: 36
Generating swaps with params: {
  targetBlockNumber: 13,
  txsPerBundle: 1,
  sendRoute: 3,
  txStrategy: 'univ2',
  profRpcUrl: 'http://172.16.4.27:80',
  nonceOffset: 36
}
Generating swaps with params: {}
Current nonce for 0x65D08a056c17Ae13370565B04cF77D2AfA1cB9FA: 18
Contract Addresses:
AtomicSwap: 0x71e67695DB8Bc44AA6BF2014142c42221967EE98
UniV2FactoryA: 0x85998F6C99833d1127301928248c97b6F168bDad
UniV2FactoryB: 0xf98265AeA01677961Bff51685B04eE3a6139206F
WETH: 0x24a9Da1457F96C2b167D49377A776d302A5C4dB3
DAI addresses: [ '0xAC29373CBe03C88Fb078488181F8a0650C58CA08' ]
[0x65D08a056c17Ae13370565B04cF77D2AfA1cB9FA] swapping 725.0 DAI for WETH
Nonce calculation debug:
- currentNonce (from getTransactionCount): 18
- nonce.override: 36
- nonce.offset: undefined
- Final nonce value: 54
Sending bundle: [
  '0x02f90176833018243685012a05f2008512a05f2000830249f09471e67695db8bc44aa6bf2014142c42221967ee9880b901040cc7326300000000000000000000000000000000000000000000000000000000000000a00000000000000000000000000000000000000000000000274d656ac90e34000000000000000000000000000085998f6c99833d1127301928248c97b6f168bdad00000000000000000000000065d08a056c17ae13370565b04cf77d2afa1cb9fa00000000000000000000000000000000000000000000000000000000000000000000000000000000000000000000000000000000000000000000000000000002000000000000000000000000ac29373cbe03c88fb078488181f8a0650c58ca0800000000000000000000000024a9da1457f96c2b167d49377a776d302a5c4db3c080a04769b072216afff3dd068c5e2b4ee22ee37ce8e900be5829b8b69cf866198d08a01596ed08db13f5a8c27eb0c8f35e60bba0d6eba14ffd77faa376f74f8ed83867'
]
Sending bundle to Prof RPC: http://172.16.4.27:80
Request payload: {
  "jsonrpc": "2.0",
  "id": 1,
  "method": "eth_sendBundle",
  "params": [
    {
      "txs": [
        "0x02f90176833018243685012a05f2008512a05f2000830249f09471e67695db8bc44aa6bf2014142c42221967ee9880b901040cc7326300000000000000000000000000000000000000000000000000000000000000a00000000000000000000000000000000000000000000000274d656ac90e34000000000000000000000000000085998f6c99833d1127301928248c97b6f168bdad00000000000000000000000065d08a056c17ae13370565b04cf77d2afa1cb9fa00000000000000000000000000000000000000000000000000000000000000000000000000000000000000000000000000000000000000000000000000000002000000000000000000000000ac29373cbe03c88fb078488181f8a0650c58ca0800000000000000000000000024a9da1457f96c2b167d49377a776d302a5c4db3c080a04769b072216afff3dd068c5e2b4ee22ee37ce8e900be5829b8b69cf866198d08a01596ed08db13f5a8c27eb0c8f35e60bba0d6eba14ffd77faa376f74f8ed83867"
      ],
      "blockNumber": "0xd"
    }
  ]
}
Trying URL: http://172.16.4.27:80/sequencer/eth_sendBundle
Bundle sent successfully. Status: 202
nonceOffset: 37
nonceOffset before: 37
Generating swaps with params: {
  targetBlockNumber: 13,
  txsPerBundle: 1,
  sendRoute: 3,
  txStrategy: 'univ2',
  profRpcUrl: 'http://172.16.4.27:80',
  nonceOffset: 37
}
Generating swaps with params: {}
Current nonce for 0x65D08a056c17Ae13370565B04cF77D2AfA1cB9FA: 18
Contract Addresses:
AtomicSwap: 0x71e67695DB8Bc44AA6BF2014142c42221967EE98
UniV2FactoryA: 0x85998F6C99833d1127301928248c97b6F168bDad
UniV2FactoryB: 0xf98265AeA01677961Bff51685B04eE3a6139206F
WETH: 0x24a9Da1457F96C2b167D49377A776d302A5C4dB3
DAI addresses: [ '0xAC29373CBe03C88Fb078488181F8a0650C58CA08' ]
[0x65D08a056c17Ae13370565B04cF77D2AfA1cB9FA] swapping 0.723420647149460708 WETH for DAI
Nonce calculation debug:
- currentNonce (from getTransactionCount): 18
- nonce.override: 37
- nonce.offset: undefined
- Final nonce value: 55
Sending bundle: [
  '0x02f90176833018243785012a05f2008512a05f2000830249f09471e67695db8bc44aa6bf2014142c42221967ee9880b901040cc7326300000000000000000000000000000000000000000000000000000000000000a00000000000000000000000000000000000000000000000000a0a1b3ee886dce4000000000000000000000000f98265aea01677961bff51685b04ee3a6139206f00000000000000000000000065d08a056c17ae13370565b04cf77d2afa1cb9fa0000000000000000000000000000000000000000000000000000000000000000000000000000000000000000000000000000000000000000000000000000000200000000000000000000000024a9da1457f96c2b167d49377a776d302a5c4db3000000000000000000000000ac29373cbe03c88fb078488181f8a0650c58ca08c001a028a120a0255af489e7726529ac21706c9a7bd7b1336f3324732af4ddf5279829a01252872678f7dfd28770ae024b059448c1ca151cca3658b383614f395acb2b38'
]
Sending bundle to Prof RPC: http://172.16.4.27:80
Request payload: {
  "jsonrpc": "2.0",
  "id": 1,
  "method": "eth_sendBundle",
  "params": [
    {
      "txs": [
        "0x02f90176833018243785012a05f2008512a05f2000830249f09471e67695db8bc44aa6bf2014142c42221967ee9880b901040cc7326300000000000000000000000000000000000000000000000000000000000000a00000000000000000000000000000000000000000000000000a0a1b3ee886dce4000000000000000000000000f98265aea01677961bff51685b04ee3a6139206f00000000000000000000000065d08a056c17ae13370565b04cf77d2afa1cb9fa0000000000000000000000000000000000000000000000000000000000000000000000000000000000000000000000000000000000000000000000000000000200000000000000000000000024a9da1457f96c2b167d49377a776d302a5c4db3000000000000000000000000ac29373cbe03c88fb078488181f8a0650c58ca08c001a028a120a0255af489e7726529ac21706c9a7bd7b1336f3324732af4ddf5279829a01252872678f7dfd28770ae024b059448c1ca151cca3658b383614f395acb2b38"
      ],
      "blockNumber": "0xd"
    }
  ]
}
Trying URL: http://172.16.4.27:80/sequencer/eth_sendBundle
Bundle sent successfully. Status: 202
nonceOffset: 38
nonceOffset before: 38
Generating swaps with params: {
  targetBlockNumber: 13,
  txsPerBundle: 1,
  sendRoute: 3,
  txStrategy: 'univ2',
  profRpcUrl: 'http://172.16.4.27:80',
  nonceOffset: 38
}
Generating swaps with params: {}
Current nonce for 0x65D08a056c17Ae13370565B04cF77D2AfA1cB9FA: 18
Contract Addresses:
AtomicSwap: 0x71e67695DB8Bc44AA6BF2014142c42221967EE98
UniV2FactoryA: 0x85998F6C99833d1127301928248c97b6F168bDad
UniV2FactoryB: 0xf98265AeA01677961Bff51685B04eE3a6139206F
WETH: 0x24a9Da1457F96C2b167D49377A776d302A5C4dB3
DAI addresses: [ '0xAC29373CBe03C88Fb078488181F8a0650C58CA08' ]
[0x65D08a056c17Ae13370565B04cF77D2AfA1cB9FA] swapping 0.430662557781201848 WETH for DAI
Nonce calculation debug:
- currentNonce (from getTransactionCount): 18
- nonce.override: 38
- nonce.offset: undefined
- Final nonce value: 56
Sending bundle: [
  '0x02f90176833018243885012a05f2008512a05f2000830249f09471e67695db8bc44aa6bf2014142c42221967ee9880b901040cc7326300000000000000000000000000000000000000000000000000000000000000a000000000000000000000000000000000000000000000000005fa0550869c13b8000000000000000000000000f98265aea01677961bff51685b04ee3a6139206f00000000000000000000000065d08a056c17ae13370565b04cf77d2afa1cb9fa0000000000000000000000000000000000000000000000000000000000000000000000000000000000000000000000000000000000000000000000000000000200000000000000000000000024a9da1457f96c2b167d49377a776d302a5c4db3000000000000000000000000ac29373cbe03c88fb078488181f8a0650c58ca08c080a093740487c6eeba655b3b30169f2931019cd27ca4397a446ffecb2fe436cbbba0a034bafd34b6feebce7e0d67e26b5541b8df7a903536424b1c060671611f1029f2'
]
Sending bundle to Prof RPC: http://172.16.4.27:80
Request payload: {
  "jsonrpc": "2.0",
  "id": 1,
  "method": "eth_sendBundle",
  "params": [
    {
      "txs": [
        "0x02f90176833018243885012a05f2008512a05f2000830249f09471e67695db8bc44aa6bf2014142c42221967ee9880b901040cc7326300000000000000000000000000000000000000000000000000000000000000a000000000000000000000000000000000000000000000000005fa0550869c13b8000000000000000000000000f98265aea01677961bff51685b04ee3a6139206f00000000000000000000000065d08a056c17ae13370565b04cf77d2afa1cb9fa0000000000000000000000000000000000000000000000000000000000000000000000000000000000000000000000000000000000000000000000000000000200000000000000000000000024a9da1457f96c2b167d49377a776d302a5c4db3000000000000000000000000ac29373cbe03c88fb078488181f8a0650c58ca08c080a093740487c6eeba655b3b30169f2931019cd27ca4397a446ffecb2fe436cbbba0a034bafd34b6feebce7e0d67e26b5541b8df7a903536424b1c060671611f1029f2"
      ],
      "blockNumber": "0xd"
    }
  ]
}
Trying URL: http://172.16.4.27:80/sequencer/eth_sendBundle
Bundle sent successfully. Status: 202
nonceOffset: 39
nonceOffset before: 39
Generating swaps with params: {
  targetBlockNumber: 13,
  txsPerBundle: 1,
  sendRoute: 3,
  txStrategy: 'univ2',
  profRpcUrl: 'http://172.16.4.27:80',
  nonceOffset: 39
}
Generating swaps with params: {}
Current nonce for 0x65D08a056c17Ae13370565B04cF77D2AfA1cB9FA: 18
Contract Addresses:
AtomicSwap: 0x71e67695DB8Bc44AA6BF2014142c42221967EE98
UniV2FactoryA: 0x85998F6C99833d1127301928248c97b6F168bDad
UniV2FactoryB: 0xf98265AeA01677961Bff51685B04eE3a6139206F
WETH: 0x24a9Da1457F96C2b167D49377A776d302A5C4dB3
DAI addresses: [ '0xAC29373CBe03C88Fb078488181F8a0650C58CA08' ]
[0x65D08a056c17Ae13370565B04cF77D2AfA1cB9FA] swapping 840.0 DAI for WETH
Nonce calculation debug:
- currentNonce (from getTransactionCount): 18
- nonce.override: 39
- nonce.offset: undefined
- Final nonce value: 57
Sending bundle: [
  '0x02f90176833018243985012a05f2008512a05f2000830249f09471e67695db8bc44aa6bf2014142c42221967ee9880b901040cc7326300000000000000000000000000000000000000000000000000000000000000a000000000000000000000000000000000000000000000002d89577d7d4020000000000000000000000000000085998f6c99833d1127301928248c97b6f168bdad00000000000000000000000065d08a056c17ae13370565b04cf77d2afa1cb9fa00000000000000000000000000000000000000000000000000000000000000000000000000000000000000000000000000000000000000000000000000000002000000000000000000000000ac29373cbe03c88fb078488181f8a0650c58ca0800000000000000000000000024a9da1457f96c2b167d49377a776d302a5c4db3c001a00bc99b1e17d12d75effec5e7997efbbd84ac55e6e18fd13d6ab81699bbfdb85ba0290427a96de3fde88ae480cdfee60a536744968bfcdd21d2fe551c7de1542688'
]
Sending bundle to Prof RPC: http://172.16.4.27:80
Request payload: {
  "jsonrpc": "2.0",
  "id": 1,
  "method": "eth_sendBundle",
  "params": [
    {
      "txs": [
        "0x02f90176833018243985012a05f2008512a05f2000830249f09471e67695db8bc44aa6bf2014142c42221967ee9880b901040cc7326300000000000000000000000000000000000000000000000000000000000000a000000000000000000000000000000000000000000000002d89577d7d4020000000000000000000000000000085998f6c99833d1127301928248c97b6f168bdad00000000000000000000000065d08a056c17ae13370565b04cf77d2afa1cb9fa00000000000000000000000000000000000000000000000000000000000000000000000000000000000000000000000000000000000000000000000000000002000000000000000000000000ac29373cbe03c88fb078488181f8a0650c58ca0800000000000000000000000024a9da1457f96c2b167d49377a776d302a5c4db3c001a00bc99b1e17d12d75effec5e7997efbbd84ac55e6e18fd13d6ab81699bbfdb85ba0290427a96de3fde88ae480cdfee60a536744968bfcdd21d2fe551c7de1542688"
      ],
      "blockNumber": "0xd"
    }
  ]
}
Trying URL: http://172.16.4.27:80/sequencer/eth_sendBundle
Bundle sent successfully. Status: 202
nonceOffset: 40
nonceOffset before: 40
Generating swaps with params: {
  targetBlockNumber: 13,
  txsPerBundle: 1,
  sendRoute: 3,
  txStrategy: 'univ2',
  profRpcUrl: 'http://172.16.4.27:80',
  nonceOffset: 40
}
Generating swaps with params: {}
Current nonce for 0x65D08a056c17Ae13370565B04cF77D2AfA1cB9FA: 18
Contract Addresses:
AtomicSwap: 0x71e67695DB8Bc44AA6BF2014142c42221967EE98
UniV2FactoryA: 0x85998F6C99833d1127301928248c97b6F168bDad
UniV2FactoryB: 0xf98265AeA01677961Bff51685B04eE3a6139206F
WETH: 0x24a9Da1457F96C2b167D49377A776d302A5C4dB3
DAI addresses: [ '0xAC29373CBe03C88Fb078488181F8a0650C58CA08' ]
[0x65D08a056c17Ae13370565B04cF77D2AfA1cB9FA] swapping 0.714175654853620955 WETH for DAI
Nonce calculation debug:
- currentNonce (from getTransactionCount): 18
- nonce.override: 40
- nonce.offset: undefined
- Final nonce value: 58
Sending bundle: [
  '0x02f90176833018243a85012a05f2008512a05f2000830249f09471e67695db8bc44aa6bf2014142c42221967ee9880b901040cc7326300000000000000000000000000000000000000000000000000000000000000a000000000000000000000000000000000000000000000000009e942f966c834db000000000000000000000000f98265aea01677961bff51685b04ee3a6139206f00000000000000000000000065d08a056c17ae13370565b04cf77d2afa1cb9fa0000000000000000000000000000000000000000000000000000000000000000000000000000000000000000000000000000000000000000000000000000000200000000000000000000000024a9da1457f96c2b167d49377a776d302a5c4db3000000000000000000000000ac29373cbe03c88fb078488181f8a0650c58ca08c080a0bb05a56acc9204215e3c7f0d3023dc640bb08b4f4599665d36e989a98e0c266ca02020df9b0819af62853aa9eaa97d65686463edde37738552dd5d4db865b08f2c'
]
Sending bundle to Prof RPC: http://172.16.4.27:80
Request payload: {
  "jsonrpc": "2.0",
  "id": 1,
  "method": "eth_sendBundle",
  "params": [
    {
      "txs": [
        "0x02f90176833018243a85012a05f2008512a05f2000830249f09471e67695db8bc44aa6bf2014142c42221967ee9880b901040cc7326300000000000000000000000000000000000000000000000000000000000000a000000000000000000000000000000000000000000000000009e942f966c834db000000000000000000000000f98265aea01677961bff51685b04ee3a6139206f00000000000000000000000065d08a056c17ae13370565b04cf77d2afa1cb9fa0000000000000000000000000000000000000000000000000000000000000000000000000000000000000000000000000000000000000000000000000000000200000000000000000000000024a9da1457f96c2b167d49377a776d302a5c4db3000000000000000000000000ac29373cbe03c88fb078488181f8a0650c58ca08c080a0bb05a56acc9204215e3c7f0d3023dc640bb08b4f4599665d36e989a98e0c266ca02020df9b0819af62853aa9eaa97d65686463edde37738552dd5d4db865b08f2c"
      ],
      "blockNumber": "0xd"
    }
  ]
}
Trying URL: http://172.16.4.27:80/sequencer/eth_sendBundle
Bundle sent successfully. Status: 202
nonceOffset: 41
nonceOffset before: 41
Generating swaps with params: {
  targetBlockNumber: 13,
  txsPerBundle: 1,
  sendRoute: 3,
  txStrategy: 'univ2',
  profRpcUrl: 'http://172.16.4.27:80',
  nonceOffset: 41
}
Generating swaps with params: {}
Current nonce for 0x65D08a056c17Ae13370565B04cF77D2AfA1cB9FA: 18
Contract Addresses:
AtomicSwap: 0x71e67695DB8Bc44AA6BF2014142c42221967EE98
UniV2FactoryA: 0x85998F6C99833d1127301928248c97b6F168bDad
UniV2FactoryB: 0xf98265AeA01677961Bff51685B04eE3a6139206F
WETH: 0x24a9Da1457F96C2b167D49377A776d302A5C4dB3
DAI addresses: [ '0xAC29373CBe03C88Fb078488181F8a0650C58CA08' ]
[0x65D08a056c17Ae13370565B04cF77D2AfA1cB9FA] swapping 0.617103235747303543 WETH for DAI
Nonce calculation debug:
- currentNonce (from getTransactionCount): 18
- nonce.override: 41
- nonce.offset: undefined
- Final nonce value: 59
Sending bundle: [
  '0x02f90175833018243b85012a05f2008512a05f2000830249f09471e67695db8bc44aa6bf2014142c42221967ee9880b901040cc7326300000000000000000000000000000000000000000000000000000000000000a00000000000000000000000000000000000000000000000000890641f94765077000000000000000000000000f98265aea01677961bff51685b04ee3a6139206f00000000000000000000000065d08a056c17ae13370565b04cf77d2afa1cb9fa0000000000000000000000000000000000000000000000000000000000000000000000000000000000000000000000000000000000000000000000000000000200000000000000000000000024a9da1457f96c2b167d49377a776d302a5c4db3000000000000000000000000ac29373cbe03c88fb078488181f8a0650c58ca08c080a0d8c50f01589d5bf0081f476779b35c4928a44987d6149c1e3b12bda212cf22969f5bf9aba259d85359e0ca3572fa45863342bfafc1cf1a94229c000f1f653646'
]
Sending bundle to Prof RPC: http://172.16.4.27:80
Request payload: {
  "jsonrpc": "2.0",
  "id": 1,
  "method": "eth_sendBundle",
  "params": [
    {
      "txs": [
        "0x02f90175833018243b85012a05f2008512a05f2000830249f09471e67695db8bc44aa6bf2014142c42221967ee9880b901040cc7326300000000000000000000000000000000000000000000000000000000000000a00000000000000000000000000000000000000000000000000890641f94765077000000000000000000000000f98265aea01677961bff51685b04ee3a6139206f00000000000000000000000065d08a056c17ae13370565b04cf77d2afa1cb9fa0000000000000000000000000000000000000000000000000000000000000000000000000000000000000000000000000000000000000000000000000000000200000000000000000000000024a9da1457f96c2b167d49377a776d302a5c4db3000000000000000000000000ac29373cbe03c88fb078488181f8a0650c58ca08c080a0d8c50f01589d5bf0081f476779b35c4928a44987d6149c1e3b12bda212cf22969f5bf9aba259d85359e0ca3572fa45863342bfafc1cf1a94229c000f1f653646"
      ],
      "blockNumber": "0xd"
    }
  ]
}
Trying URL: http://172.16.4.27:80/sequencer/eth_sendBundle
Bundle sent successfully. Status: 202
nonceOffset: 42
nonceOffset before: 42
Generating swaps with params: {
  targetBlockNumber: 13,
  txsPerBundle: 1,
  sendRoute: 3,
  txStrategy: 'univ2',
  profRpcUrl: 'http://172.16.4.27:80',
  nonceOffset: 42
}
Generating swaps with params: {}
Current nonce for 0x65D08a056c17Ae13370565B04cF77D2AfA1cB9FA: 18
Contract Addresses:
AtomicSwap: 0x71e67695DB8Bc44AA6BF2014142c42221967EE98
UniV2FactoryA: 0x85998F6C99833d1127301928248c97b6F168bDad
UniV2FactoryB: 0xf98265AeA01677961Bff51685B04eE3a6139206F
WETH: 0x24a9Da1457F96C2b167D49377A776d302A5C4dB3
DAI addresses: [ '0xAC29373CBe03C88Fb078488181F8a0650C58CA08' ]
[0x65D08a056c17Ae13370565B04cF77D2AfA1cB9FA] swapping 0.098537336412625096 WETH for DAI
Nonce calculation debug:
- currentNonce (from getTransactionCount): 18
- nonce.override: 42
- nonce.offset: undefined
- Final nonce value: 60
Sending bundle: [
  '0x02f90176833018243c85012a05f2008512a05f2000830249f09471e67695db8bc44aa6bf2014142c42221967ee9880b901040cc7326300000000000000000000000000000000000000000000000000000000000000a0000000000000000000000000000000000000000000000000015e132f75fcd8c8000000000000000000000000f98265aea01677961bff51685b04ee3a6139206f00000000000000000000000065d08a056c17ae13370565b04cf77d2afa1cb9fa0000000000000000000000000000000000000000000000000000000000000000000000000000000000000000000000000000000000000000000000000000000200000000000000000000000024a9da1457f96c2b167d49377a776d302a5c4db3000000000000000000000000ac29373cbe03c88fb078488181f8a0650c58ca08c001a056444e93a49db6dcd714d3cae766d18c5ea706f448b5fbdb859ba920d416b754a01867fcc40710faad2160c38711ae6edd50926ff4e49a64a6f638eabe175c888e'
]
Sending bundle to Prof RPC: http://172.16.4.27:80
Request payload: {
  "jsonrpc": "2.0",
  "id": 1,
  "method": "eth_sendBundle",
  "params": [
    {
      "txs": [
        "0x02f90176833018243c85012a05f2008512a05f2000830249f09471e67695db8bc44aa6bf2014142c42221967ee9880b901040cc7326300000000000000000000000000000000000000000000000000000000000000a0000000000000000000000000000000000000000000000000015e132f75fcd8c8000000000000000000000000f98265aea01677961bff51685b04ee3a6139206f00000000000000000000000065d08a056c17ae13370565b04cf77d2afa1cb9fa0000000000000000000000000000000000000000000000000000000000000000000000000000000000000000000000000000000000000000000000000000000200000000000000000000000024a9da1457f96c2b167d49377a776d302a5c4db3000000000000000000000000ac29373cbe03c88fb078488181f8a0650c58ca08c001a056444e93a49db6dcd714d3cae766d18c5ea706f448b5fbdb859ba920d416b754a01867fcc40710faad2160c38711ae6edd50926ff4e49a64a6f638eabe175c888e"
      ],
      "blockNumber": "0xd"
    }
  ]
}
Trying URL: http://172.16.4.27:80/sequencer/eth_sendBundle
Bundle sent successfully. Status: 202
nonceOffset: 43
nonceOffset before: 43
Generating swaps with params: {
  targetBlockNumber: 13,
  txsPerBundle: 1,
  sendRoute: 3,
  txStrategy: 'univ2',
  profRpcUrl: 'http://172.16.4.27:80',
  nonceOffset: 43
}
Generating swaps with params: {}
Current nonce for 0x65D08a056c17Ae13370565B04cF77D2AfA1cB9FA: 18
Contract Addresses:
AtomicSwap: 0x71e67695DB8Bc44AA6BF2014142c42221967EE98
UniV2FactoryA: 0x85998F6C99833d1127301928248c97b6F168bDad
UniV2FactoryB: 0xf98265AeA01677961Bff51685B04eE3a6139206F
WETH: 0x24a9Da1457F96C2b167D49377A776d302A5C4dB3
DAI addresses: [ '0xAC29373CBe03C88Fb078488181F8a0650C58CA08' ]
[0x65D08a056c17Ae13370565B04cF77D2AfA1cB9FA] swapping 1075.0 DAI for WETH
Nonce calculation debug:
- currentNonce (from getTransactionCount): 18
- nonce.override: 43
- nonce.offset: undefined
- Final nonce value: 61
Sending bundle: [
  '0x02f90176833018243d85012a05f2008512a05f2000830249f09471e67695db8bc44aa6bf2014142c42221967ee9880b901040cc7326300000000000000000000000000000000000000000000000000000000000000a000000000000000000000000000000000000000000000003a469f3467e8ec000000000000000000000000000085998f6c99833d1127301928248c97b6f168bdad00000000000000000000000065d08a056c17ae13370565b04cf77d2afa1cb9fa00000000000000000000000000000000000000000000000000000000000000000000000000000000000000000000000000000000000000000000000000000002000000000000000000000000ac29373cbe03c88fb078488181f8a0650c58ca0800000000000000000000000024a9da1457f96c2b167d49377a776d302a5c4db3c001a0727ffc08e7315328e8b1422ba62aca5133306d087985d14bb5fc85eb83c01ca4a027f61c959ea92e051374d1cf6bcce6b7e235c201657a7b040457891b30465c9e'
]
Sending bundle to Prof RPC: http://172.16.4.27:80
Request payload: {
  "jsonrpc": "2.0",
  "id": 1,
  "method": "eth_sendBundle",
  "params": [
    {
      "txs": [
        "0x02f90176833018243d85012a05f2008512a05f2000830249f09471e67695db8bc44aa6bf2014142c42221967ee9880b901040cc7326300000000000000000000000000000000000000000000000000000000000000a000000000000000000000000000000000000000000000003a469f3467e8ec000000000000000000000000000085998f6c99833d1127301928248c97b6f168bdad00000000000000000000000065d08a056c17ae13370565b04cf77d2afa1cb9fa00000000000000000000000000000000000000000000000000000000000000000000000000000000000000000000000000000000000000000000000000000002000000000000000000000000ac29373cbe03c88fb078488181f8a0650c58ca0800000000000000000000000024a9da1457f96c2b167d49377a776d302a5c4db3c001a0727ffc08e7315328e8b1422ba62aca5133306d087985d14bb5fc85eb83c01ca4a027f61c959ea92e051374d1cf6bcce6b7e235c201657a7b040457891b30465c9e"
      ],
      "blockNumber": "0xd"
    }
  ]
}
Trying URL: http://172.16.4.27:80/sequencer/eth_sendBundle
Bundle sent successfully. Status: 202
nonceOffset: 44
nonceOffset before: 44
Generating swaps with params: {
  targetBlockNumber: 13,
  txsPerBundle: 1,
  sendRoute: 3,
  txStrategy: 'univ2',
  profRpcUrl: 'http://172.16.4.27:80',
  nonceOffset: 44
}
Generating swaps with params: {}
Current nonce for 0x65D08a056c17Ae13370565B04cF77D2AfA1cB9FA: 18
Contract Addresses:
AtomicSwap: 0x71e67695DB8Bc44AA6BF2014142c42221967EE98
UniV2FactoryA: 0x85998F6C99833d1127301928248c97b6F168bDad
UniV2FactoryB: 0xf98265AeA01677961Bff51685B04eE3a6139206F
WETH: 0x24a9Da1457F96C2b167D49377A776d302A5C4dB3
DAI addresses: [ '0xAC29373CBe03C88Fb078488181F8a0650C58CA08' ]
[0x65D08a056c17Ae13370565B04cF77D2AfA1cB9FA] swapping 312.0 DAI for WETH
Nonce calculation debug:
- currentNonce (from getTransactionCount): 18
- nonce.override: 44
- nonce.offset: undefined
- Final nonce value: 62
Sending bundle: [
  '0x02f90176833018243e85012a05f2008512a05f2000830249f09471e67695db8bc44aa6bf2014142c42221967ee9880b901040cc7326300000000000000000000000000000000000000000000000000000000000000a0000000000000000000000000000000000000000000000010e9deaaf401e0000000000000000000000000000085998f6c99833d1127301928248c97b6f168bdad00000000000000000000000065d08a056c17ae13370565b04cf77d2afa1cb9fa00000000000000000000000000000000000000000000000000000000000000000000000000000000000000000000000000000000000000000000000000000002000000000000000000000000ac29373cbe03c88fb078488181f8a0650c58ca0800000000000000000000000024a9da1457f96c2b167d49377a776d302a5c4db3c001a088d403ffb686af00e57712a2f1824f351d71e52c5f5465a6291f9ae6c2397d98a0344b66070fff9a2e58ba8b23363b19895d4b1ea0b028e7815b6200c7da4e2046'
]
Sending bundle to Prof RPC: http://172.16.4.27:80
Request payload: {
  "jsonrpc": "2.0",
  "id": 1,
  "method": "eth_sendBundle",
  "params": [
    {
      "txs": [
        "0x02f90176833018243e85012a05f2008512a05f2000830249f09471e67695db8bc44aa6bf2014142c42221967ee9880b901040cc7326300000000000000000000000000000000000000000000000000000000000000a0000000000000000000000000000000000000000000000010e9deaaf401e0000000000000000000000000000085998f6c99833d1127301928248c97b6f168bdad00000000000000000000000065d08a056c17ae13370565b04cf77d2afa1cb9fa00000000000000000000000000000000000000000000000000000000000000000000000000000000000000000000000000000000000000000000000000000002000000000000000000000000ac29373cbe03c88fb078488181f8a0650c58ca0800000000000000000000000024a9da1457f96c2b167d49377a776d302a5c4db3c001a088d403ffb686af00e57712a2f1824f351d71e52c5f5465a6291f9ae6c2397d98a0344b66070fff9a2e58ba8b23363b19895d4b1ea0b028e7815b6200c7da4e2046"
      ],
      "blockNumber": "0xd"
    }
  ]
}
Trying URL: http://172.16.4.27:80/sequencer/eth_sendBundle
Bundle sent successfully. Status: 202
nonceOffset: 45
nonceOffset before: 45
Generating swaps with params: {
  targetBlockNumber: 13,
  txsPerBundle: 1,
  sendRoute: 3,
  txStrategy: 'univ2',
  profRpcUrl: 'http://172.16.4.27:80',
  nonceOffset: 45
}
Generating swaps with params: {}
Current nonce for 0x65D08a056c17Ae13370565B04cF77D2AfA1cB9FA: 18
Contract Addresses:
AtomicSwap: 0x71e67695DB8Bc44AA6BF2014142c42221967EE98
UniV2FactoryA: 0x85998F6C99833d1127301928248c97b6F168bDad
UniV2FactoryB: 0xf98265AeA01677961Bff51685B04eE3a6139206F
WETH: 0x24a9Da1457F96C2b167D49377A776d302A5C4dB3
DAI addresses: [ '0xAC29373CBe03C88Fb078488181F8a0650C58CA08' ]
[0x65D08a056c17Ae13370565B04cF77D2AfA1cB9FA] swapping 0.719568567026194144 WETH for DAI
Nonce calculation debug:
- currentNonce (from getTransactionCount): 18
- nonce.override: 45
- nonce.offset: undefined
- Final nonce value: 63
Sending bundle: [
  '0x02f90176833018243f85012a05f2008512a05f2000830249f09471e67695db8bc44aa6bf2014142c42221967ee9880b901040cc7326300000000000000000000000000000000000000000000000000000000000000a000000000000000000000000000000000000000000000000009fc6bcc9d2216e000000000000000000000000085998f6c99833d1127301928248c97b6f168bdad00000000000000000000000065d08a056c17ae13370565b04cf77d2afa1cb9fa0000000000000000000000000000000000000000000000000000000000000000000000000000000000000000000000000000000000000000000000000000000200000000000000000000000024a9da1457f96c2b167d49377a776d302a5c4db3000000000000000000000000ac29373cbe03c88fb078488181f8a0650c58ca08c001a030f8f9749155890d0bd06eac9d9161acbae85646a61d32e819f4aa16aab11eb0a049f435a700adc2948fc11efb91fbb1dd082058937ab90a69f3068631d60108c2'
]
Sending bundle to Prof RPC: http://172.16.4.27:80
Request payload: {
  "jsonrpc": "2.0",
  "id": 1,
  "method": "eth_sendBundle",
  "params": [
    {
      "txs": [
        "0x02f90176833018243f85012a05f2008512a05f2000830249f09471e67695db8bc44aa6bf2014142c42221967ee9880b901040cc7326300000000000000000000000000000000000000000000000000000000000000a000000000000000000000000000000000000000000000000009fc6bcc9d2216e000000000000000000000000085998f6c99833d1127301928248c97b6f168bdad00000000000000000000000065d08a056c17ae13370565b04cf77d2afa1cb9fa0000000000000000000000000000000000000000000000000000000000000000000000000000000000000000000000000000000000000000000000000000000200000000000000000000000024a9da1457f96c2b167d49377a776d302a5c4db3000000000000000000000000ac29373cbe03c88fb078488181f8a0650c58ca08c001a030f8f9749155890d0bd06eac9d9161acbae85646a61d32e819f4aa16aab11eb0a049f435a700adc2948fc11efb91fbb1dd082058937ab90a69f3068631d60108c2"
      ],
      "blockNumber": "0xd"
    }
  ]
}
Trying URL: http://172.16.4.27:80/sequencer/eth_sendBundle
Bundle sent successfully. Status: 202
nonceOffset: 46
nonceOffset before: 46
Generating swaps with params: {
  targetBlockNumber: 13,
  txsPerBundle: 1,
  sendRoute: 3,
  txStrategy: 'univ2',
  profRpcUrl: 'http://172.16.4.27:80',
  nonceOffset: 46
}
Generating swaps with params: {}
Current nonce for 0x65D08a056c17Ae13370565B04cF77D2AfA1cB9FA: 18
Contract Addresses:
AtomicSwap: 0x71e67695DB8Bc44AA6BF2014142c42221967EE98
UniV2FactoryA: 0x85998F6C99833d1127301928248c97b6F168bDad
UniV2FactoryB: 0xf98265AeA01677961Bff51685B04eE3a6139206F
WETH: 0x24a9Da1457F96C2b167D49377A776d302A5C4dB3
DAI addresses: [ '0xAC29373CBe03C88Fb078488181F8a0650C58CA08' ]
[0x65D08a056c17Ae13370565B04cF77D2AfA1cB9FA] swapping 0.587057010785824345 WETH for DAI
Nonce calculation debug:
- currentNonce (from getTransactionCount): 18
- nonce.override: 46
- nonce.offset: undefined
- Final nonce value: 64
Sending bundle: [
  '0x02f90176833018244085012a05f2008512a05f2000830249f09471e67695db8bc44aa6bf2014142c42221967ee9880b901040cc7326300000000000000000000000000000000000000000000000000000000000000a00000000000000000000000000000000000000000000000000825a53daecaae59000000000000000000000000f98265aea01677961bff51685b04ee3a6139206f00000000000000000000000065d08a056c17ae13370565b04cf77d2afa1cb9fa0000000000000000000000000000000000000000000000000000000000000000000000000000000000000000000000000000000000000000000000000000000200000000000000000000000024a9da1457f96c2b167d49377a776d302a5c4db3000000000000000000000000ac29373cbe03c88fb078488181f8a0650c58ca08c080a07ca3fc89434eaf53a44dc47f501e89336d4537de279c7592fb1bb33fad4864bfa04527e3135263ea0a53f094aec4389421c80e1a9e753dee3889fa9377ea544fbd'
]
Sending bundle to Prof RPC: http://172.16.4.27:80
Request payload: {
  "jsonrpc": "2.0",
  "id": 1,
  "method": "eth_sendBundle",
  "params": [
    {
      "txs": [
        "0x02f90176833018244085012a05f2008512a05f2000830249f09471e67695db8bc44aa6bf2014142c42221967ee9880b901040cc7326300000000000000000000000000000000000000000000000000000000000000a00000000000000000000000000000000000000000000000000825a53daecaae59000000000000000000000000f98265aea01677961bff51685b04ee3a6139206f00000000000000000000000065d08a056c17ae13370565b04cf77d2afa1cb9fa0000000000000000000000000000000000000000000000000000000000000000000000000000000000000000000000000000000000000000000000000000000200000000000000000000000024a9da1457f96c2b167d49377a776d302a5c4db3000000000000000000000000ac29373cbe03c88fb078488181f8a0650c58ca08c080a07ca3fc89434eaf53a44dc47f501e89336d4537de279c7592fb1bb33fad4864bfa04527e3135263ea0a53f094aec4389421c80e1a9e753dee3889fa9377ea544fbd"
      ],
      "blockNumber": "0xd"
    }
  ]
}
Trying URL: http://172.16.4.27:80/sequencer/eth_sendBundle
Bundle sent successfully. Status: 202
nonceOffset: 47
nonceOffset before: 47
Generating swaps with params: {
  targetBlockNumber: 13,
  txsPerBundle: 1,
  sendRoute: 3,
  txStrategy: 'univ2',
  profRpcUrl: 'http://172.16.4.27:80',
  nonceOffset: 47
}
Generating swaps with params: {}
Current nonce for 0x65D08a056c17Ae13370565B04cF77D2AfA1cB9FA: 18
Contract Addresses:
AtomicSwap: 0x71e67695DB8Bc44AA6BF2014142c42221967EE98
UniV2FactoryA: 0x85998F6C99833d1127301928248c97b6F168bDad
UniV2FactoryB: 0xf98265AeA01677961Bff51685B04eE3a6139206F
WETH: 0x24a9Da1457F96C2b167D49377A776d302A5C4dB3
DAI addresses: [ '0xAC29373CBe03C88Fb078488181F8a0650C58CA08' ]
[0x65D08a056c17Ae13370565B04cF77D2AfA1cB9FA] swapping 0.7349768875192604 WETH for DAI
Nonce calculation debug:
- currentNonce (from getTransactionCount): 18
- nonce.override: 47
- nonce.offset: undefined
- Final nonce value: 65
Sending bundle: [
  '0x02f90176833018244185012a05f2008512a05f2000830249f09471e67695db8bc44aa6bf2014142c42221967ee9880b901040cc7326300000000000000000000000000000000000000000000000000000000000000a00000000000000000000000000000000000000000000000000a332995cab52ef000000000000000000000000085998f6c99833d1127301928248c97b6f168bdad00000000000000000000000065d08a056c17ae13370565b04cf77d2afa1cb9fa0000000000000000000000000000000000000000000000000000000000000000000000000000000000000000000000000000000000000000000000000000000200000000000000000000000024a9da1457f96c2b167d49377a776d302a5c4db3000000000000000000000000ac29373cbe03c88fb078488181f8a0650c58ca08c001a0680566be1fb4c8f0f8a6b8e53b6182c0e84a85c2dbb852de0d9fd4faa011c892a0731178fde767c7aae49fbe6b2aade6001c17c3c715af2dfb551bb53c0832f018'
]
Sending bundle to Prof RPC: http://172.16.4.27:80
Request payload: {
  "jsonrpc": "2.0",
  "id": 1,
  "method": "eth_sendBundle",
  "params": [
    {
      "txs": [
        "0x02f90176833018244185012a05f2008512a05f2000830249f09471e67695db8bc44aa6bf2014142c42221967ee9880b901040cc7326300000000000000000000000000000000000000000000000000000000000000a00000000000000000000000000000000000000000000000000a332995cab52ef000000000000000000000000085998f6c99833d1127301928248c97b6f168bdad00000000000000000000000065d08a056c17ae13370565b04cf77d2afa1cb9fa0000000000000000000000000000000000000000000000000000000000000000000000000000000000000000000000000000000000000000000000000000000200000000000000000000000024a9da1457f96c2b167d49377a776d302a5c4db3000000000000000000000000ac29373cbe03c88fb078488181f8a0650c58ca08c001a0680566be1fb4c8f0f8a6b8e53b6182c0e84a85c2dbb852de0d9fd4faa011c892a0731178fde767c7aae49fbe6b2aade6001c17c3c715af2dfb551bb53c0832f018"
      ],
      "blockNumber": "0xd"
    }
  ]
}
Trying URL: http://172.16.4.27:80/sequencer/eth_sendBundle
Bundle sent successfully. Status: 202
nonceOffset: 48
nonceOffset before: 48
Generating swaps with params: {
  targetBlockNumber: 13,
  txsPerBundle: 1,
  sendRoute: 3,
  txStrategy: 'univ2',
  profRpcUrl: 'http://172.16.4.27:80',
  nonceOffset: 48
}
Generating swaps with params: {}
Current nonce for 0x65D08a056c17Ae13370565B04cF77D2AfA1cB9FA: 18
Contract Addresses:
AtomicSwap: 0x71e67695DB8Bc44AA6BF2014142c42221967EE98
UniV2FactoryA: 0x85998F6C99833d1127301928248c97b6F168bDad
UniV2FactoryB: 0xf98265AeA01677961Bff51685B04eE3a6139206F
WETH: 0x24a9Da1457F96C2b167D49377A776d302A5C4dB3
DAI addresses: [ '0xAC29373CBe03C88Fb078488181F8a0650C58CA08' ]
[0x65D08a056c17Ae13370565B04cF77D2AfA1cB9FA] swapping 548.0 DAI for WETH
Nonce calculation debug:
- currentNonce (from getTransactionCount): 18
- nonce.override: 48
- nonce.offset: undefined
- Final nonce value: 66
Sending bundle: [
  '0x02f90176833018244285012a05f2008512a05f2000830249f09471e67695db8bc44aa6bf2014142c42221967ee9880b901040cc7326300000000000000000000000000000000000000000000000000000000000000a000000000000000000000000000000000000000000000001db507189252100000000000000000000000000000f98265aea01677961bff51685b04ee3a6139206f00000000000000000000000065d08a056c17ae13370565b04cf77d2afa1cb9fa00000000000000000000000000000000000000000000000000000000000000000000000000000000000000000000000000000000000000000000000000000002000000000000000000000000ac29373cbe03c88fb078488181f8a0650c58ca0800000000000000000000000024a9da1457f96c2b167d49377a776d302a5c4db3c080a0c0fdb43c0167a7bb91d5d40f4cbff2d8aadd5e044678a6ee5512b0f5fa013d85a03388587c04e211e60e93fbb0801ec1c03d595f47b4402fae216b8b77a02ab5b5'
]
Sending bundle to Prof RPC: http://172.16.4.27:80
Request payload: {
  "jsonrpc": "2.0",
  "id": 1,
  "method": "eth_sendBundle",
  "params": [
    {
      "txs": [
        "0x02f90176833018244285012a05f2008512a05f2000830249f09471e67695db8bc44aa6bf2014142c42221967ee9880b901040cc7326300000000000000000000000000000000000000000000000000000000000000a000000000000000000000000000000000000000000000001db507189252100000000000000000000000000000f98265aea01677961bff51685b04ee3a6139206f00000000000000000000000065d08a056c17ae13370565b04cf77d2afa1cb9fa00000000000000000000000000000000000000000000000000000000000000000000000000000000000000000000000000000000000000000000000000000002000000000000000000000000ac29373cbe03c88fb078488181f8a0650c58ca0800000000000000000000000024a9da1457f96c2b167d49377a776d302a5c4db3c080a0c0fdb43c0167a7bb91d5d40f4cbff2d8aadd5e044678a6ee5512b0f5fa013d85a03388587c04e211e60e93fbb0801ec1c03d595f47b4402fae216b8b77a02ab5b5"
      ],
      "blockNumber": "0xd"
    }
  ]
}
Trying URL: http://172.16.4.27:80/sequencer/eth_sendBundle
Bundle sent successfully. Status: 202
nonceOffset: 49
nonceOffset before: 49
Generating swaps with params: {
  targetBlockNumber: 13,
  txsPerBundle: 1,
  sendRoute: 3,
  txStrategy: 'univ2',
  profRpcUrl: 'http://172.16.4.27:80',
  nonceOffset: 49
}
Generating swaps with params: {}
Current nonce for 0x65D08a056c17Ae13370565B04cF77D2AfA1cB9FA: 18
Contract Addresses:
AtomicSwap: 0x71e67695DB8Bc44AA6BF2014142c42221967EE98
UniV2FactoryA: 0x85998F6C99833d1127301928248c97b6F168bDad
UniV2FactoryB: 0xf98265AeA01677961Bff51685B04eE3a6139206F
WETH: 0x24a9Da1457F96C2b167D49377A776d302A5C4dB3
DAI addresses: [ '0xAC29373CBe03C88Fb078488181F8a0650C58CA08' ]
[0x65D08a056c17Ae13370565B04cF77D2AfA1cB9FA] swapping 0.545454545454545454 WETH for DAI
Nonce calculation debug:
- currentNonce (from getTransactionCount): 18
- nonce.override: 49
- nonce.offset: undefined
- Final nonce value: 67
Sending bundle: [
  '0x02f90176833018244385012a05f2008512a05f2000830249f09471e67695db8bc44aa6bf2014142c42221967ee9880b901040cc7326300000000000000000000000000000000000000000000000000000000000000a00000000000000000000000000000000000000000000000000791d804e6f0ba2e00000000000000000000000085998f6c99833d1127301928248c97b6f168bdad00000000000000000000000065d08a056c17ae13370565b04cf77d2afa1cb9fa0000000000000000000000000000000000000000000000000000000000000000000000000000000000000000000000000000000000000000000000000000000200000000000000000000000024a9da1457f96c2b167d49377a776d302a5c4db3000000000000000000000000ac29373cbe03c88fb078488181f8a0650c58ca08c080a032172fcb5bb8c5be83a022b9011620494bcbf06db0adc81ce75d4f75cfbd69dca0571795cb104e9d8274c095adf546b9ab19597f45b2492c9814b5beff10ccb388'
]
Sending bundle to Prof RPC: http://172.16.4.27:80
Request payload: {
  "jsonrpc": "2.0",
  "id": 1,
  "method": "eth_sendBundle",
  "params": [
    {
      "txs": [
        "0x02f90176833018244385012a05f2008512a05f2000830249f09471e67695db8bc44aa6bf2014142c42221967ee9880b901040cc7326300000000000000000000000000000000000000000000000000000000000000a00000000000000000000000000000000000000000000000000791d804e6f0ba2e00000000000000000000000085998f6c99833d1127301928248c97b6f168bdad00000000000000000000000065d08a056c17ae13370565b04cf77d2afa1cb9fa0000000000000000000000000000000000000000000000000000000000000000000000000000000000000000000000000000000000000000000000000000000200000000000000000000000024a9da1457f96c2b167d49377a776d302a5c4db3000000000000000000000000ac29373cbe03c88fb078488181f8a0650c58ca08c080a032172fcb5bb8c5be83a022b9011620494bcbf06db0adc81ce75d4f75cfbd69dca0571795cb104e9d8274c095adf546b9ab19597f45b2492c9814b5beff10ccb388"
      ],
      "blockNumber": "0xd"
    }
  ]
}
Trying URL: http://172.16.4.27:80/sequencer/eth_sendBundle
Bundle sent successfully. Status: 202
nonceOffset: 50
nonceOffset before: 50
Generating swaps with params: {
  targetBlockNumber: 13,
  txsPerBundle: 1,
  sendRoute: 3,
  txStrategy: 'univ2',
  profRpcUrl: 'http://172.16.4.27:80',
  nonceOffset: 50
}
Generating swaps with params: {}
Current nonce for 0x65D08a056c17Ae13370565B04cF77D2AfA1cB9FA: 18
Contract Addresses:
AtomicSwap: 0x71e67695DB8Bc44AA6BF2014142c42221967EE98
UniV2FactoryA: 0x85998F6C99833d1127301928248c97b6F168bDad
UniV2FactoryB: 0xf98265AeA01677961Bff51685B04eE3a6139206F
WETH: 0x24a9Da1457F96C2b167D49377A776d302A5C4dB3
DAI addresses: [ '0xAC29373CBe03C88Fb078488181F8a0650C58CA08' ]
[0x65D08a056c17Ae13370565B04cF77D2AfA1cB9FA] swapping 0.170900692840646651 WETH for DAI
Nonce calculation debug:
- currentNonce (from getTransactionCount): 18
- nonce.override: 50
- nonce.offset: undefined
- Final nonce value: 68
Sending bundle: [
  '0x02f90176833018244485012a05f2008512a05f2000830249f09471e67695db8bc44aa6bf2014142c42221967ee9880b901040cc7326300000000000000000000000000000000000000000000000000000000000000a0000000000000000000000000000000000000000000000000025f294650a287fb00000000000000000000000085998f6c99833d1127301928248c97b6f168bdad00000000000000000000000065d08a056c17ae13370565b04cf77d2afa1cb9fa0000000000000000000000000000000000000000000000000000000000000000000000000000000000000000000000000000000000000000000000000000000200000000000000000000000024a9da1457f96c2b167d49377a776d302a5c4db3000000000000000000000000ac29373cbe03c88fb078488181f8a0650c58ca08c001a031b8ed161f5b7ed13311f8b6a0a323d29b68a93388409cda749a9d52ca4a7fb4a02cec1c8da2009bbaf07fc0ba64eb00bf603c0a93c20e3fbd95c0498ba9c0a3e6'
]
Sending bundle to Prof RPC: http://172.16.4.27:80
Request payload: {
  "jsonrpc": "2.0",
  "id": 1,
  "method": "eth_sendBundle",
  "params": [
    {
      "txs": [
        "0x02f90176833018244485012a05f2008512a05f2000830249f09471e67695db8bc44aa6bf2014142c42221967ee9880b901040cc7326300000000000000000000000000000000000000000000000000000000000000a0000000000000000000000000000000000000000000000000025f294650a287fb00000000000000000000000085998f6c99833d1127301928248c97b6f168bdad00000000000000000000000065d08a056c17ae13370565b04cf77d2afa1cb9fa0000000000000000000000000000000000000000000000000000000000000000000000000000000000000000000000000000000000000000000000000000000200000000000000000000000024a9da1457f96c2b167d49377a776d302a5c4db3000000000000000000000000ac29373cbe03c88fb078488181f8a0650c58ca08c001a031b8ed161f5b7ed13311f8b6a0a323d29b68a93388409cda749a9d52ca4a7fb4a02cec1c8da2009bbaf07fc0ba64eb00bf603c0a93c20e3fbd95c0498ba9c0a3e6"
      ],
      "blockNumber": "0xd"
    }
  ]
}
Trying URL: http://172.16.4.27:80/sequencer/eth_sendBundle
Bundle sent successfully. Status: 202
nonceOffset: 51
nonceOffset before: 51
Generating swaps with params: {
  targetBlockNumber: 13,
  txsPerBundle: 1,
  sendRoute: 3,
  txStrategy: 'univ2',
  profRpcUrl: 'http://172.16.4.27:80',
  nonceOffset: 51
}
Generating swaps with params: {}
Current nonce for 0x65D08a056c17Ae13370565B04cF77D2AfA1cB9FA: 18
Contract Addresses:
AtomicSwap: 0x71e67695DB8Bc44AA6BF2014142c42221967EE98
UniV2FactoryA: 0x85998F6C99833d1127301928248c97b6F168bDad
UniV2FactoryB: 0xf98265AeA01677961Bff51685B04eE3a6139206F
WETH: 0x24a9Da1457F96C2b167D49377A776d302A5C4dB3
DAI addresses: [ '0xAC29373CBe03C88Fb078488181F8a0650C58CA08' ]
[0x65D08a056c17Ae13370565B04cF77D2AfA1cB9FA] swapping 941.0 DAI for WETH
Nonce calculation debug:
- currentNonce (from getTransactionCount): 18
- nonce.override: 51
- nonce.offset: undefined
- Final nonce value: 69
Sending bundle: [
  '0x02f90176833018244585012a05f2008512a05f2000830249f09471e67695db8bc44aa6bf2014142c42221967ee9880b901040cc7326300000000000000000000000000000000000000000000000000000000000000a000000000000000000000000000000000000000000000003302ff925e4a940000000000000000000000000000f98265aea01677961bff51685b04ee3a6139206f00000000000000000000000065d08a056c17ae13370565b04cf77d2afa1cb9fa00000000000000000000000000000000000000000000000000000000000000000000000000000000000000000000000000000000000000000000000000000002000000000000000000000000ac29373cbe03c88fb078488181f8a0650c58ca0800000000000000000000000024a9da1457f96c2b167d49377a776d302a5c4db3c001a0d10cb6278966f625ec1bac8bb5eec8de09f4ae203c8474f54be7d5cee6531c39a0665dd2e246ec814b1650775c74c9adbdf9e40edd8ed98553c641cb7211d2742a'
]
Sending bundle to Prof RPC: http://172.16.4.27:80
Request payload: {
  "jsonrpc": "2.0",
  "id": 1,
  "method": "eth_sendBundle",
  "params": [
    {
      "txs": [
        "0x02f90176833018244585012a05f2008512a05f2000830249f09471e67695db8bc44aa6bf2014142c42221967ee9880b901040cc7326300000000000000000000000000000000000000000000000000000000000000a000000000000000000000000000000000000000000000003302ff925e4a940000000000000000000000000000f98265aea01677961bff51685b04ee3a6139206f00000000000000000000000065d08a056c17ae13370565b04cf77d2afa1cb9fa00000000000000000000000000000000000000000000000000000000000000000000000000000000000000000000000000000000000000000000000000000002000000000000000000000000ac29373cbe03c88fb078488181f8a0650c58ca0800000000000000000000000024a9da1457f96c2b167d49377a776d302a5c4db3c001a0d10cb6278966f625ec1bac8bb5eec8de09f4ae203c8474f54be7d5cee6531c39a0665dd2e246ec814b1650775c74c9adbdf9e40edd8ed98553c641cb7211d2742a"
      ],
      "blockNumber": "0xd"
    }
  ]
}
Trying URL: http://172.16.4.27:80/sequencer/eth_sendBundle
Bundle sent successfully. Status: 202
nonceOffset: 52
nonceOffset before: 52
Generating swaps with params: {
  targetBlockNumber: 13,
  txsPerBundle: 1,
  sendRoute: 3,
  txStrategy: 'univ2',
  profRpcUrl: 'http://172.16.4.27:80',
  nonceOffset: 52
}
Generating swaps with params: {}
Current nonce for 0x65D08a056c17Ae13370565B04cF77D2AfA1cB9FA: 18
Contract Addresses:
AtomicSwap: 0x71e67695DB8Bc44AA6BF2014142c42221967EE98
UniV2FactoryA: 0x85998F6C99833d1127301928248c97b6F168bDad
UniV2FactoryB: 0xf98265AeA01677961Bff51685B04eE3a6139206F
WETH: 0x24a9Da1457F96C2b167D49377A776d302A5C4dB3
DAI addresses: [ '0xAC29373CBe03C88Fb078488181F8a0650C58CA08' ]
[0x65D08a056c17Ae13370565B04cF77D2AfA1cB9FA] swapping 0.082371054657428791 WETH for DAI
Nonce calculation debug:
- currentNonce (from getTransactionCount): 18
- nonce.override: 52
- nonce.offset: undefined
- Final nonce value: 70
Sending bundle: [
  '0x02f90176833018244685012a05f2008512a05f2000830249f09471e67695db8bc44aa6bf2014142c42221967ee9880b901040cc7326300000000000000000000000000000000000000000000000000000000000000a00000000000000000000000000000000000000000000000000124a409aca15d3700000000000000000000000085998f6c99833d1127301928248c97b6f168bdad00000000000000000000000065d08a056c17ae13370565b04cf77d2afa1cb9fa0000000000000000000000000000000000000000000000000000000000000000000000000000000000000000000000000000000000000000000000000000000200000000000000000000000024a9da1457f96c2b167d49377a776d302a5c4db3000000000000000000000000ac29373cbe03c88fb078488181f8a0650c58ca08c001a0c826d562eb86d9afa530b52d617104f8346d8738a424c07b15ef3bb6b668d699a0636c7cdc493dc266958cd618cd60220d426cf6be452ca5aa24366cf34d5289ea'
]
Sending bundle to Prof RPC: http://172.16.4.27:80
Request payload: {
  "jsonrpc": "2.0",
  "id": 1,
  "method": "eth_sendBundle",
  "params": [
    {
      "txs": [
        "0x02f90176833018244685012a05f2008512a05f2000830249f09471e67695db8bc44aa6bf2014142c42221967ee9880b901040cc7326300000000000000000000000000000000000000000000000000000000000000a00000000000000000000000000000000000000000000000000124a409aca15d3700000000000000000000000085998f6c99833d1127301928248c97b6f168bdad00000000000000000000000065d08a056c17ae13370565b04cf77d2afa1cb9fa0000000000000000000000000000000000000000000000000000000000000000000000000000000000000000000000000000000000000000000000000000000200000000000000000000000024a9da1457f96c2b167d49377a776d302a5c4db3000000000000000000000000ac29373cbe03c88fb078488181f8a0650c58ca08c001a0c826d562eb86d9afa530b52d617104f8346d8738a424c07b15ef3bb6b668d699a0636c7cdc493dc266958cd618cd60220d426cf6be452ca5aa24366cf34d5289ea"
      ],
      "blockNumber": "0xd"
    }
  ]
}
Trying URL: http://172.16.4.27:80/sequencer/eth_sendBundle
Bundle sent successfully. Status: 202
nonceOffset: 53
nonceOffset before: 53
Generating swaps with params: {
  targetBlockNumber: 13,
  txsPerBundle: 1,
  sendRoute: 3,
  txStrategy: 'univ2',
  profRpcUrl: 'http://172.16.4.27:80',
  nonceOffset: 53
}
Generating swaps with params: {}
Current nonce for 0x65D08a056c17Ae13370565B04cF77D2AfA1cB9FA: 18
Contract Addresses:
AtomicSwap: 0x71e67695DB8Bc44AA6BF2014142c42221967EE98
UniV2FactoryA: 0x85998F6C99833d1127301928248c97b6F168bDad
UniV2FactoryB: 0xf98265AeA01677961Bff51685B04eE3a6139206F
WETH: 0x24a9Da1457F96C2b167D49377A776d302A5C4dB3
DAI addresses: [ '0xAC29373CBe03C88Fb078488181F8a0650C58CA08' ]
[0x65D08a056c17Ae13370565B04cF77D2AfA1cB9FA] swapping 631.0 DAI for WETH
Nonce calculation debug:
- currentNonce (from getTransactionCount): 18
- nonce.override: 53
- nonce.offset: undefined
- Final nonce value: 71
Sending bundle: [
  '0x02f90176833018244785012a05f2008512a05f2000830249f09471e67695db8bc44aa6bf2014142c42221967ee9880b901040cc7326300000000000000000000000000000000000000000000000000000000000000a000000000000000000000000000000000000000000000002234e254d1977c000000000000000000000000000085998f6c99833d1127301928248c97b6f168bdad00000000000000000000000065d08a056c17ae13370565b04cf77d2afa1cb9fa00000000000000000000000000000000000000000000000000000000000000000000000000000000000000000000000000000000000000000000000000000002000000000000000000000000ac29373cbe03c88fb078488181f8a0650c58ca0800000000000000000000000024a9da1457f96c2b167d49377a776d302a5c4db3c080a0bd62cf4b0a98d0f94b050eb8889f95743c03db3c52c473edd05ca1a90a0dca90a0209dc144c0bbb09d45693f9399ea0903b7591932405af9e422ae7bd3835e78e9'
]
Sending bundle to Prof RPC: http://172.16.4.27:80
Request payload: {
  "jsonrpc": "2.0",
  "id": 1,
  "method": "eth_sendBundle",
  "params": [
    {
      "txs": [
        "0x02f90176833018244785012a05f2008512a05f2000830249f09471e67695db8bc44aa6bf2014142c42221967ee9880b901040cc7326300000000000000000000000000000000000000000000000000000000000000a000000000000000000000000000000000000000000000002234e254d1977c000000000000000000000000000085998f6c99833d1127301928248c97b6f168bdad00000000000000000000000065d08a056c17ae13370565b04cf77d2afa1cb9fa00000000000000000000000000000000000000000000000000000000000000000000000000000000000000000000000000000000000000000000000000000002000000000000000000000000ac29373cbe03c88fb078488181f8a0650c58ca0800000000000000000000000024a9da1457f96c2b167d49377a776d302a5c4db3c080a0bd62cf4b0a98d0f94b050eb8889f95743c03db3c52c473edd05ca1a90a0dca90a0209dc144c0bbb09d45693f9399ea0903b7591932405af9e422ae7bd3835e78e9"
      ],
      "blockNumber": "0xd"
    }
  ]
}
Trying URL: http://172.16.4.27:80/sequencer/eth_sendBundle
Bundle sent successfully. Status: 202
nonceOffset: 54
nonceOffset before: 54
Generating swaps with params: {
  targetBlockNumber: 13,
  txsPerBundle: 1,
  sendRoute: 3,
  txStrategy: 'univ2',
  profRpcUrl: 'http://172.16.4.27:80',
  nonceOffset: 54
}
Generating swaps with params: {}
Current nonce for 0x65D08a056c17Ae13370565B04cF77D2AfA1cB9FA: 18
Contract Addresses:
AtomicSwap: 0x71e67695DB8Bc44AA6BF2014142c42221967EE98
UniV2FactoryA: 0x85998F6C99833d1127301928248c97b6F168bDad
UniV2FactoryB: 0xf98265AeA01677961Bff51685B04eE3a6139206F
WETH: 0x24a9Da1457F96C2b167D49377A776d302A5C4dB3
DAI addresses: [ '0xAC29373CBe03C88Fb078488181F8a0650C58CA08' ]
[0x65D08a056c17Ae13370565B04cF77D2AfA1cB9FA] swapping 369.0 DAI for WETH
Nonce calculation debug:
- currentNonce (from getTransactionCount): 18
- nonce.override: 54
- nonce.offset: undefined
- Final nonce value: 72
Sending bundle: [
  '0x02f90176833018244885012a05f2008512a05f2000830249f09471e67695db8bc44aa6bf2014142c42221967ee9880b901040cc7326300000000000000000000000000000000000000000000000000000000000000a000000000000000000000000000000000000000000000001400e758f44724000000000000000000000000000085998f6c99833d1127301928248c97b6f168bdad00000000000000000000000065d08a056c17ae13370565b04cf77d2afa1cb9fa00000000000000000000000000000000000000000000000000000000000000000000000000000000000000000000000000000000000000000000000000000002000000000000000000000000ac29373cbe03c88fb078488181f8a0650c58ca0800000000000000000000000024a9da1457f96c2b167d49377a776d302a5c4db3c080a05e2c966e111cb174d0e013b2293aa8b1371873840145020aefcccc40390f7d4ea07645de3651f1a0fcaded9fd160879d0c8ccf869a470294886c8fc18ca6c387db'
]
Sending bundle to Prof RPC: http://172.16.4.27:80
Request payload: {
  "jsonrpc": "2.0",
  "id": 1,
  "method": "eth_sendBundle",
  "params": [
    {
      "txs": [
        "0x02f90176833018244885012a05f2008512a05f2000830249f09471e67695db8bc44aa6bf2014142c42221967ee9880b901040cc7326300000000000000000000000000000000000000000000000000000000000000a000000000000000000000000000000000000000000000001400e758f44724000000000000000000000000000085998f6c99833d1127301928248c97b6f168bdad00000000000000000000000065d08a056c17ae13370565b04cf77d2afa1cb9fa00000000000000000000000000000000000000000000000000000000000000000000000000000000000000000000000000000000000000000000000000000002000000000000000000000000ac29373cbe03c88fb078488181f8a0650c58ca0800000000000000000000000024a9da1457f96c2b167d49377a776d302a5c4db3c080a05e2c966e111cb174d0e013b2293aa8b1371873840145020aefcccc40390f7d4ea07645de3651f1a0fcaded9fd160879d0c8ccf869a470294886c8fc18ca6c387db"
      ],
      "blockNumber": "0xd"
    }
  ]
}
Trying URL: http://172.16.4.27:80/sequencer/eth_sendBundle
Bundle sent successfully. Status: 202
nonceOffset: 55
nonceOffset before: 55
Generating swaps with params: {
  targetBlockNumber: 13,
  txsPerBundle: 1,
  sendRoute: 3,
  txStrategy: 'univ2',
  profRpcUrl: 'http://172.16.4.27:80',
  nonceOffset: 55
}
Generating swaps with params: {}
Current nonce for 0x65D08a056c17Ae13370565B04cF77D2AfA1cB9FA: 18
Contract Addresses:
AtomicSwap: 0x71e67695DB8Bc44AA6BF2014142c42221967EE98
UniV2FactoryA: 0x85998F6C99833d1127301928248c97b6F168bDad
UniV2FactoryB: 0xf98265AeA01677961Bff51685B04eE3a6139206F
WETH: 0x24a9Da1457F96C2b167D49377A776d302A5C4dB3
DAI addresses: [ '0xAC29373CBe03C88Fb078488181F8a0650C58CA08' ]
[0x65D08a056c17Ae13370565B04cF77D2AfA1cB9FA] swapping 650.0 DAI for WETH
Nonce calculation debug:
- currentNonce (from getTransactionCount): 18
- nonce.override: 55
- nonce.offset: undefined
- Final nonce value: 73
Sending bundle: [
  '0x02f90176833018244985012a05f2008512a05f2000830249f09471e67695db8bc44aa6bf2014142c42221967ee9880b901040cc7326300000000000000000000000000000000000000000000000000000000000000a00000000000000000000000000000000000000000000000233c8fe42703e8000000000000000000000000000085998f6c99833d1127301928248c97b6f168bdad00000000000000000000000065d08a056c17ae13370565b04cf77d2afa1cb9fa00000000000000000000000000000000000000000000000000000000000000000000000000000000000000000000000000000000000000000000000000000002000000000000000000000000ac29373cbe03c88fb078488181f8a0650c58ca0800000000000000000000000024a9da1457f96c2b167d49377a776d302a5c4db3c080a0a91b061cfa2e41be97600dc79ab074ba20597c7176dbee99c1383088a7165d80a01bb0d129828732e62c5c19bca1c5769e7dc19fc04f76baa22ffc6aecc3908d82'
]
Sending bundle to Prof RPC: http://172.16.4.27:80
Request payload: {
  "jsonrpc": "2.0",
  "id": 1,
  "method": "eth_sendBundle",
  "params": [
    {
      "txs": [
        "0x02f90176833018244985012a05f2008512a05f2000830249f09471e67695db8bc44aa6bf2014142c42221967ee9880b901040cc7326300000000000000000000000000000000000000000000000000000000000000a00000000000000000000000000000000000000000000000233c8fe42703e8000000000000000000000000000085998f6c99833d1127301928248c97b6f168bdad00000000000000000000000065d08a056c17ae13370565b04cf77d2afa1cb9fa00000000000000000000000000000000000000000000000000000000000000000000000000000000000000000000000000000000000000000000000000000002000000000000000000000000ac29373cbe03c88fb078488181f8a0650c58ca0800000000000000000000000024a9da1457f96c2b167d49377a776d302a5c4db3c080a0a91b061cfa2e41be97600dc79ab074ba20597c7176dbee99c1383088a7165d80a01bb0d129828732e62c5c19bca1c5769e7dc19fc04f76baa22ffc6aecc3908d82"
      ],
      "blockNumber": "0xd"
    }
  ]
}
Trying URL: http://172.16.4.27:80/sequencer/eth_sendBundle
Bundle sent successfully. Status: 202
nonceOffset: 56
nonceOffset before: 56
Generating swaps with params: {
  targetBlockNumber: 13,
  txsPerBundle: 1,
  sendRoute: 3,
  txStrategy: 'univ2',
  profRpcUrl: 'http://172.16.4.27:80',
  nonceOffset: 56
}
Generating swaps with params: {}
Current nonce for 0x65D08a056c17Ae13370565B04cF77D2AfA1cB9FA: 18
Contract Addresses:
AtomicSwap: 0x71e67695DB8Bc44AA6BF2014142c42221967EE98
UniV2FactoryA: 0x85998F6C99833d1127301928248c97b6F168bDad
UniV2FactoryB: 0xf98265AeA01677961Bff51685B04eE3a6139206F
WETH: 0x24a9Da1457F96C2b167D49377A776d302A5C4dB3
DAI addresses: [ '0xAC29373CBe03C88Fb078488181F8a0650C58CA08' ]
[0x65D08a056c17Ae13370565B04cF77D2AfA1cB9FA] swapping 130.0 DAI for WETH
Nonce calculation debug:
- currentNonce (from getTransactionCount): 18
- nonce.override: 56
- nonce.offset: undefined
- Final nonce value: 74
Sending bundle: [
  '0x02f90176833018244a85012a05f2008512a05f2000830249f09471e67695db8bc44aa6bf2014142c42221967ee9880b901040cc7326300000000000000000000000000000000000000000000000000000000000000a00000000000000000000000000000000000000000000000070c1cc73b00c80000000000000000000000000000f98265aea01677961bff51685b04ee3a6139206f00000000000000000000000065d08a056c17ae13370565b04cf77d2afa1cb9fa00000000000000000000000000000000000000000000000000000000000000000000000000000000000000000000000000000000000000000000000000000002000000000000000000000000ac29373cbe03c88fb078488181f8a0650c58ca0800000000000000000000000024a9da1457f96c2b167d49377a776d302a5c4db3c001a0167b82a7474a22a547026bb358a2887ba1da5ec7520bc66662afbedbcd97b375a00f3cb77d2a8383b117b6e58b219a74c382d5177ffb39ee0562d6d3b23c3bcec8'
]
Sending bundle to Prof RPC: http://172.16.4.27:80
Request payload: {
  "jsonrpc": "2.0",
  "id": 1,
  "method": "eth_sendBundle",
  "params": [
    {
      "txs": [
        "0x02f90176833018244a85012a05f2008512a05f2000830249f09471e67695db8bc44aa6bf2014142c42221967ee9880b901040cc7326300000000000000000000000000000000000000000000000000000000000000a00000000000000000000000000000000000000000000000070c1cc73b00c80000000000000000000000000000f98265aea01677961bff51685b04ee3a6139206f00000000000000000000000065d08a056c17ae13370565b04cf77d2afa1cb9fa00000000000000000000000000000000000000000000000000000000000000000000000000000000000000000000000000000000000000000000000000000002000000000000000000000000ac29373cbe03c88fb078488181f8a0650c58ca0800000000000000000000000024a9da1457f96c2b167d49377a776d302a5c4db3c001a0167b82a7474a22a547026bb358a2887ba1da5ec7520bc66662afbedbcd97b375a00f3cb77d2a8383b117b6e58b219a74c382d5177ffb39ee0562d6d3b23c3bcec8"
      ],
      "blockNumber": "0xd"
    }
  ]
}
Trying URL: http://172.16.4.27:80/sequencer/eth_sendBundle
Bundle sent successfully. Status: 202
nonceOffset: 57
nonceOffset before: 57
Generating swaps with params: {
  targetBlockNumber: 13,
  txsPerBundle: 1,
  sendRoute: 3,
  txStrategy: 'univ2',
  profRpcUrl: 'http://172.16.4.27:80',
  nonceOffset: 57
}
Generating swaps with params: {}
Current nonce for 0x65D08a056c17Ae13370565B04cF77D2AfA1cB9FA: 18
Contract Addresses:
AtomicSwap: 0x71e67695DB8Bc44AA6BF2014142c42221967EE98
UniV2FactoryA: 0x85998F6C99833d1127301928248c97b6F168bDad
UniV2FactoryB: 0xf98265AeA01677961Bff51685B04eE3a6139206F
WETH: 0x24a9Da1457F96C2b167D49377A776d302A5C4dB3
DAI addresses: [ '0xAC29373CBe03C88Fb078488181F8a0650C58CA08' ]
[0x65D08a056c17Ae13370565B04cF77D2AfA1cB9FA] swapping 0.446070878274268104 WETH for DAI
Nonce calculation debug:
- currentNonce (from getTransactionCount): 18
- nonce.override: 57
- nonce.offset: undefined
- Final nonce value: 75
Sending bundle: [
  '0x02f90176833018244b85012a05f2008512a05f2000830249f09471e67695db8bc44aa6bf2014142c42221967ee9880b901040cc7326300000000000000000000000000000000000000000000000000000000000000a00000000000000000000000000000000000000000000000000630c319b42f2bc800000000000000000000000085998f6c99833d1127301928248c97b6f168bdad00000000000000000000000065d08a056c17ae13370565b04cf77d2afa1cb9fa0000000000000000000000000000000000000000000000000000000000000000000000000000000000000000000000000000000000000000000000000000000200000000000000000000000024a9da1457f96c2b167d49377a776d302a5c4db3000000000000000000000000ac29373cbe03c88fb078488181f8a0650c58ca08c080a034e5b83c559cb888df68c98123fe6f2bcfd9af14a2bb958d7052bae396fc2106a05ccb5fcc217d4534fa536a7b6564963d70d4f2fac73b546e92c7ae80e32cde6f'
]
Sending bundle to Prof RPC: http://172.16.4.27:80
Request payload: {
  "jsonrpc": "2.0",
  "id": 1,
  "method": "eth_sendBundle",
  "params": [
    {
      "txs": [
        "0x02f90176833018244b85012a05f2008512a05f2000830249f09471e67695db8bc44aa6bf2014142c42221967ee9880b901040cc7326300000000000000000000000000000000000000000000000000000000000000a00000000000000000000000000000000000000000000000000630c319b42f2bc800000000000000000000000085998f6c99833d1127301928248c97b6f168bdad00000000000000000000000065d08a056c17ae13370565b04cf77d2afa1cb9fa0000000000000000000000000000000000000000000000000000000000000000000000000000000000000000000000000000000000000000000000000000000200000000000000000000000024a9da1457f96c2b167d49377a776d302a5c4db3000000000000000000000000ac29373cbe03c88fb078488181f8a0650c58ca08c080a034e5b83c559cb888df68c98123fe6f2bcfd9af14a2bb958d7052bae396fc2106a05ccb5fcc217d4534fa536a7b6564963d70d4f2fac73b546e92c7ae80e32cde6f"
      ],
      "blockNumber": "0xd"
    }
  ]
}
Trying URL: http://172.16.4.27:80/sequencer/eth_sendBundle
Bundle sent successfully. Status: 202
nonceOffset: 58
nonceOffset before: 58
Generating swaps with params: {
  targetBlockNumber: 13,
  txsPerBundle: 1,
  sendRoute: 3,
  txStrategy: 'univ2',
  profRpcUrl: 'http://172.16.4.27:80',
  nonceOffset: 58
}
Generating swaps with params: {}
Current nonce for 0x65D08a056c17Ae13370565B04cF77D2AfA1cB9FA: 18
Contract Addresses:
AtomicSwap: 0x71e67695DB8Bc44AA6BF2014142c42221967EE98
UniV2FactoryA: 0x85998F6C99833d1127301928248c97b6F168bDad
UniV2FactoryB: 0xf98265AeA01677961Bff51685B04eE3a6139206F
WETH: 0x24a9Da1457F96C2b167D49377A776d302A5C4dB3
DAI addresses: [ '0xAC29373CBe03C88Fb078488181F8a0650C58CA08' ]
[0x65D08a056c17Ae13370565B04cF77D2AfA1cB9FA] swapping 189.0 DAI for WETH
Nonce calculation debug:
- currentNonce (from getTransactionCount): 18
- nonce.override: 58
- nonce.offset: undefined
- Final nonce value: 76
Sending bundle: [
  '0x02f90176833018244c85012a05f2008512a05f2000830249f09471e67695db8bc44aa6bf2014142c42221967ee9880b901040cc7326300000000000000000000000000000000000000000000000000000000000000a000000000000000000000000000000000000000000000000a3ee6e2a294d40000000000000000000000000000f98265aea01677961bff51685b04ee3a6139206f00000000000000000000000065d08a056c17ae13370565b04cf77d2afa1cb9fa00000000000000000000000000000000000000000000000000000000000000000000000000000000000000000000000000000000000000000000000000000002000000000000000000000000ac29373cbe03c88fb078488181f8a0650c58ca0800000000000000000000000024a9da1457f96c2b167d49377a776d302a5c4db3c001a076227435c5e5acae0c60ee5db05cae190bfe09b8d8bb29fe1ffc45b0a7a42de8a01e97db8e4fa26255d3c9718230bf2c3ecae7e7fb6d0bd916da6fca3141cd5a43'
]
Sending bundle to Prof RPC: http://172.16.4.27:80
Request payload: {
  "jsonrpc": "2.0",
  "id": 1,
  "method": "eth_sendBundle",
  "params": [
    {
      "txs": [
        "0x02f90176833018244c85012a05f2008512a05f2000830249f09471e67695db8bc44aa6bf2014142c42221967ee9880b901040cc7326300000000000000000000000000000000000000000000000000000000000000a000000000000000000000000000000000000000000000000a3ee6e2a294d40000000000000000000000000000f98265aea01677961bff51685b04ee3a6139206f00000000000000000000000065d08a056c17ae13370565b04cf77d2afa1cb9fa00000000000000000000000000000000000000000000000000000000000000000000000000000000000000000000000000000000000000000000000000000002000000000000000000000000ac29373cbe03c88fb078488181f8a0650c58ca0800000000000000000000000024a9da1457f96c2b167d49377a776d302a5c4db3c001a076227435c5e5acae0c60ee5db05cae190bfe09b8d8bb29fe1ffc45b0a7a42de8a01e97db8e4fa26255d3c9718230bf2c3ecae7e7fb6d0bd916da6fca3141cd5a43"
      ],
      "blockNumber": "0xd"
    }
  ]
}
Trying URL: http://172.16.4.27:80/sequencer/eth_sendBundle
Bundle sent successfully. Status: 202
nonceOffset: 59
nonceOffset before: 59
Generating swaps with params: {
  targetBlockNumber: 13,
  txsPerBundle: 1,
  sendRoute: 3,
  txStrategy: 'univ2',
  profRpcUrl: 'http://172.16.4.27:80',
  nonceOffset: 59
}
Generating swaps with params: {}
Current nonce for 0x65D08a056c17Ae13370565B04cF77D2AfA1cB9FA: 18
Contract Addresses:
AtomicSwap: 0x71e67695DB8Bc44AA6BF2014142c42221967EE98
UniV2FactoryA: 0x85998F6C99833d1127301928248c97b6F168bDad
UniV2FactoryB: 0xf98265AeA01677961Bff51685B04eE3a6139206F
WETH: 0x24a9Da1457F96C2b167D49377A776d302A5C4dB3
DAI addresses: [ '0xAC29373CBe03C88Fb078488181F8a0650C58CA08' ]
[0x65D08a056c17Ae13370565B04cF77D2AfA1cB9FA] swapping 0.546224961479198767 WETH for DAI
Nonce calculation debug:
- currentNonce (from getTransactionCount): 18
- nonce.override: 59
- nonce.offset: undefined
- Final nonce value: 77
Sending bundle: [
  '0x02f90176833018244d85012a05f2008512a05f2000830249f09471e67695db8bc44aa6bf2014142c42221967ee9880b901040cc7326300000000000000000000000000000000000000000000000000000000000000a0000000000000000000000000000000000000000000000000079494b55c6b482f00000000000000000000000085998f6c99833d1127301928248c97b6f168bdad00000000000000000000000065d08a056c17ae13370565b04cf77d2afa1cb9fa0000000000000000000000000000000000000000000000000000000000000000000000000000000000000000000000000000000000000000000000000000000200000000000000000000000024a9da1457f96c2b167d49377a776d302a5c4db3000000000000000000000000ac29373cbe03c88fb078488181f8a0650c58ca08c001a08d532275b5b95bf528cf53e68b9b28f33cedb67aa4107a3c584305148491cfcfa061dc4e6735c64c7679d198e438815b29a2909e6cca4472df95ff06246176b0d7'
]
Sending bundle to Prof RPC: http://172.16.4.27:80
Request payload: {
  "jsonrpc": "2.0",
  "id": 1,
  "method": "eth_sendBundle",
  "params": [
    {
      "txs": [
        "0x02f90176833018244d85012a05f2008512a05f2000830249f09471e67695db8bc44aa6bf2014142c42221967ee9880b901040cc7326300000000000000000000000000000000000000000000000000000000000000a0000000000000000000000000000000000000000000000000079494b55c6b482f00000000000000000000000085998f6c99833d1127301928248c97b6f168bdad00000000000000000000000065d08a056c17ae13370565b04cf77d2afa1cb9fa0000000000000000000000000000000000000000000000000000000000000000000000000000000000000000000000000000000000000000000000000000000200000000000000000000000024a9da1457f96c2b167d49377a776d302a5c4db3000000000000000000000000ac29373cbe03c88fb078488181f8a0650c58ca08c001a08d532275b5b95bf528cf53e68b9b28f33cedb67aa4107a3c584305148491cfcfa061dc4e6735c64c7679d198e438815b29a2909e6cca4472df95ff06246176b0d7"
      ],
      "blockNumber": "0xd"
    }
  ]
}
Trying URL: http://172.16.4.27:80/sequencer/eth_sendBundle
Bundle sent successfully. Status: 202
nonceOffset: 60
nonceOffset before: 60
Generating swaps with params: {
  targetBlockNumber: 13,
  txsPerBundle: 1,
  sendRoute: 3,
  txStrategy: 'univ2',
  profRpcUrl: 'http://172.16.4.27:80',
  nonceOffset: 60
}
Generating swaps with params: {}
Current nonce for 0x65D08a056c17Ae13370565B04cF77D2AfA1cB9FA: 18
Contract Addresses:
AtomicSwap: 0x71e67695DB8Bc44AA6BF2014142c42221967EE98
UniV2FactoryA: 0x85998F6C99833d1127301928248c97b6F168bDad
UniV2FactoryB: 0xf98265AeA01677961Bff51685B04eE3a6139206F
WETH: 0x24a9Da1457F96C2b167D49377A776d302A5C4dB3
DAI addresses: [ '0xAC29373CBe03C88Fb078488181F8a0650C58CA08' ]
[0x65D08a056c17Ae13370565B04cF77D2AfA1cB9FA] swapping 983.0 DAI for WETH
Nonce calculation debug:
- currentNonce (from getTransactionCount): 18
- nonce.override: 60
- nonce.offset: undefined
- Final nonce value: 78
Sending bundle: [
  '0x02f90176833018244e85012a05f2008512a05f2000830249f09471e67695db8bc44aa6bf2014142c42221967ee9880b901040cc7326300000000000000000000000000000000000000000000000000000000000000a000000000000000000000000000000000000000000000003549dd8bd7c0fc000000000000000000000000000085998f6c99833d1127301928248c97b6f168bdad00000000000000000000000065d08a056c17ae13370565b04cf77d2afa1cb9fa00000000000000000000000000000000000000000000000000000000000000000000000000000000000000000000000000000000000000000000000000000002000000000000000000000000ac29373cbe03c88fb078488181f8a0650c58ca0800000000000000000000000024a9da1457f96c2b167d49377a776d302a5c4db3c080a071a548792a356db9e8bab482adb3268c4c600fc59821b97aa571bc3821e6ea99a06d56983065f10e863ba8ff0ef15a807403b221a26dc51b3dc0ce873f83d63df8'
]
Sending bundle to Prof RPC: http://172.16.4.27:80
Request payload: {
  "jsonrpc": "2.0",
  "id": 1,
  "method": "eth_sendBundle",
  "params": [
    {
      "txs": [
        "0x02f90176833018244e85012a05f2008512a05f2000830249f09471e67695db8bc44aa6bf2014142c42221967ee9880b901040cc7326300000000000000000000000000000000000000000000000000000000000000a000000000000000000000000000000000000000000000003549dd8bd7c0fc000000000000000000000000000085998f6c99833d1127301928248c97b6f168bdad00000000000000000000000065d08a056c17ae13370565b04cf77d2afa1cb9fa00000000000000000000000000000000000000000000000000000000000000000000000000000000000000000000000000000000000000000000000000000002000000000000000000000000ac29373cbe03c88fb078488181f8a0650c58ca0800000000000000000000000024a9da1457f96c2b167d49377a776d302a5c4db3c080a071a548792a356db9e8bab482adb3268c4c600fc59821b97aa571bc3821e6ea99a06d56983065f10e863ba8ff0ef15a807403b221a26dc51b3dc0ce873f83d63df8"
      ],
      "blockNumber": "0xd"
    }
  ]
}
Trying URL: http://172.16.4.27:80/sequencer/eth_sendBundle
Bundle sent successfully. Status: 202
nonceOffset: 61
nonceOffset before: 61
Generating swaps with params: {
  targetBlockNumber: 13,
  txsPerBundle: 1,
  sendRoute: 3,
  txStrategy: 'univ2',
  profRpcUrl: 'http://172.16.4.27:80',
  nonceOffset: 61
}
Generating swaps with params: {}
Current nonce for 0x65D08a056c17Ae13370565B04cF77D2AfA1cB9FA: 18
Contract Addresses:
AtomicSwap: 0x71e67695DB8Bc44AA6BF2014142c42221967EE98
UniV2FactoryA: 0x85998F6C99833d1127301928248c97b6F168bDad
UniV2FactoryB: 0xf98265AeA01677961Bff51685B04eE3a6139206F
WETH: 0x24a9Da1457F96C2b167D49377A776d302A5C4dB3
DAI addresses: [ '0xAC29373CBe03C88Fb078488181F8a0650C58CA08' ]
[0x65D08a056c17Ae13370565B04cF77D2AfA1cB9FA] swapping 1054.0 DAI for WETH
Nonce calculation debug:
- currentNonce (from getTransactionCount): 18
- nonce.override: 61
- nonce.offset: undefined
- Final nonce value: 79
Sending bundle: [
  '0x02f90176833018244f85012a05f2008512a05f2000830249f09471e67695db8bc44aa6bf2014142c42221967ee9880b901040cc7326300000000000000000000000000000000000000000000000000000000000000a0000000000000000000000000000000000000000000000039233037ab2db80000000000000000000000000000f98265aea01677961bff51685b04ee3a6139206f00000000000000000000000065d08a056c17ae13370565b04cf77d2afa1cb9fa00000000000000000000000000000000000000000000000000000000000000000000000000000000000000000000000000000000000000000000000000000002000000000000000000000000ac29373cbe03c88fb078488181f8a0650c58ca0800000000000000000000000024a9da1457f96c2b167d49377a776d302a5c4db3c080a0b5bfa798c9d4397c649d9dc21ffbd7896f2dba77696356b98842864ca2d54794a0433adf41250be7b8b5ef748ed0306dc811d0a0ce39f56a2efbd459c6e3b5a822'
]
Sending bundle to Prof RPC: http://172.16.4.27:80
Request payload: {
  "jsonrpc": "2.0",
  "id": 1,
  "method": "eth_sendBundle",
  "params": [
    {
      "txs": [
        "0x02f90176833018244f85012a05f2008512a05f2000830249f09471e67695db8bc44aa6bf2014142c42221967ee9880b901040cc7326300000000000000000000000000000000000000000000000000000000000000a0000000000000000000000000000000000000000000000039233037ab2db80000000000000000000000000000f98265aea01677961bff51685b04ee3a6139206f00000000000000000000000065d08a056c17ae13370565b04cf77d2afa1cb9fa00000000000000000000000000000000000000000000000000000000000000000000000000000000000000000000000000000000000000000000000000000002000000000000000000000000ac29373cbe03c88fb078488181f8a0650c58ca0800000000000000000000000024a9da1457f96c2b167d49377a776d302a5c4db3c080a0b5bfa798c9d4397c649d9dc21ffbd7896f2dba77696356b98842864ca2d54794a0433adf41250be7b8b5ef748ed0306dc811d0a0ce39f56a2efbd459c6e3b5a822"
      ],
      "blockNumber": "0xd"
    }
  ]
}
Trying URL: http://172.16.4.27:80/sequencer/eth_sendBundle
Bundle sent successfully. Status: 202
nonceOffset: 62
nonceOffset before: 62
Generating swaps with params: {
  targetBlockNumber: 13,
  txsPerBundle: 1,
  sendRoute: 3,
  txStrategy: 'univ2',
  profRpcUrl: 'http://172.16.4.27:80',
  nonceOffset: 62
}
Generating swaps with params: {}
Current nonce for 0x65D08a056c17Ae13370565B04cF77D2AfA1cB9FA: 18
Contract Addresses:
AtomicSwap: 0x71e67695DB8Bc44AA6BF2014142c42221967EE98
UniV2FactoryA: 0x85998F6C99833d1127301928248c97b6F168bDad
UniV2FactoryB: 0xf98265AeA01677961Bff51685B04eE3a6139206F
WETH: 0x24a9Da1457F96C2b167D49377A776d302A5C4dB3
DAI addresses: [ '0xAC29373CBe03C88Fb078488181F8a0650C58CA08' ]
[0x65D08a056c17Ae13370565B04cF77D2AfA1cB9FA] swapping 794.0 DAI for WETH
Nonce calculation debug:
- currentNonce (from getTransactionCount): 18
- nonce.override: 62
- nonce.offset: undefined
- Final nonce value: 80
Sending bundle: [
  '0x02f90176833018245085012a05f2008512a05f2000830249f09471e67695db8bc44aa6bf2014142c42221967ee9880b901040cc7326300000000000000000000000000000000000000000000000000000000000000a000000000000000000000000000000000000000000000002b0af6a9352c28000000000000000000000000000085998f6c99833d1127301928248c97b6f168bdad00000000000000000000000065d08a056c17ae13370565b04cf77d2afa1cb9fa00000000000000000000000000000000000000000000000000000000000000000000000000000000000000000000000000000000000000000000000000000002000000000000000000000000ac29373cbe03c88fb078488181f8a0650c58ca0800000000000000000000000024a9da1457f96c2b167d49377a776d302a5c4db3c080a09f087acf249122bc12dc0710358b85ac0249afef27e2be7c5877f3281738a944a02df110200672cc609a2ae37f161eb09293d32f656ea10d3441c598a3d98270b5'
]
Sending bundle to Prof RPC: http://172.16.4.27:80
Request payload: {
  "jsonrpc": "2.0",
  "id": 1,
  "method": "eth_sendBundle",
  "params": [
    {
      "txs": [
        "0x02f90176833018245085012a05f2008512a05f2000830249f09471e67695db8bc44aa6bf2014142c42221967ee9880b901040cc7326300000000000000000000000000000000000000000000000000000000000000a000000000000000000000000000000000000000000000002b0af6a9352c28000000000000000000000000000085998f6c99833d1127301928248c97b6f168bdad00000000000000000000000065d08a056c17ae13370565b04cf77d2afa1cb9fa00000000000000000000000000000000000000000000000000000000000000000000000000000000000000000000000000000000000000000000000000000002000000000000000000000000ac29373cbe03c88fb078488181f8a0650c58ca0800000000000000000000000024a9da1457f96c2b167d49377a776d302a5c4db3c080a09f087acf249122bc12dc0710358b85ac0249afef27e2be7c5877f3281738a944a02df110200672cc609a2ae37f161eb09293d32f656ea10d3441c598a3d98270b5"
      ],
      "blockNumber": "0xd"
    }
  ]
}
Trying URL: http://172.16.4.27:80/sequencer/eth_sendBundle
Bundle sent successfully. Status: 202
nonceOffset: 63
nonceOffset before: 63
Generating swaps with params: {
  targetBlockNumber: 13,
  txsPerBundle: 1,
  sendRoute: 3,
  txStrategy: 'univ2',
  profRpcUrl: 'http://172.16.4.27:80',
  nonceOffset: 63
}
Generating swaps with params: {}
Current nonce for 0x65D08a056c17Ae13370565B04cF77D2AfA1cB9FA: 18
Contract Addresses:
AtomicSwap: 0x71e67695DB8Bc44AA6BF2014142c42221967EE98
UniV2FactoryA: 0x85998F6C99833d1127301928248c97b6F168bDad
UniV2FactoryB: 0xf98265AeA01677961Bff51685B04eE3a6139206F
WETH: 0x24a9Da1457F96C2b167D49377A776d302A5C4dB3
DAI addresses: [ '0xAC29373CBe03C88Fb078488181F8a0650C58CA08' ]
[0x65D08a056c17Ae13370565B04cF77D2AfA1cB9FA] swapping 0.426810477657935285 WETH for DAI
Nonce calculation debug:
- currentNonce (from getTransactionCount): 18
- nonce.override: 63
- nonce.offset: undefined
- Final nonce value: 81
Sending bundle: [
  '0x02f90176833018245185012a05f2008512a05f2000830249f09471e67695db8bc44aa6bf2014142c42221967ee9880b901040cc7326300000000000000000000000000000000000000000000000000000000000000a000000000000000000000000000000000000000000000000005ec55de3b374db5000000000000000000000000f98265aea01677961bff51685b04ee3a6139206f00000000000000000000000065d08a056c17ae13370565b04cf77d2afa1cb9fa0000000000000000000000000000000000000000000000000000000000000000000000000000000000000000000000000000000000000000000000000000000200000000000000000000000024a9da1457f96c2b167d49377a776d302a5c4db3000000000000000000000000ac29373cbe03c88fb078488181f8a0650c58ca08c001a07c291d294093a0ff8da7997614a2e48a7ab61541b157377d654b55db14092fe3a04dab322f221e2f1a3ebb2939044e571be55422fc7083d63270502ee1ac51a6d6'
]
Sending bundle to Prof RPC: http://172.16.4.27:80
Request payload: {
  "jsonrpc": "2.0",
  "id": 1,
  "method": "eth_sendBundle",
  "params": [
    {
      "txs": [
        "0x02f90176833018245185012a05f2008512a05f2000830249f09471e67695db8bc44aa6bf2014142c42221967ee9880b901040cc7326300000000000000000000000000000000000000000000000000000000000000a000000000000000000000000000000000000000000000000005ec55de3b374db5000000000000000000000000f98265aea01677961bff51685b04ee3a6139206f00000000000000000000000065d08a056c17ae13370565b04cf77d2afa1cb9fa0000000000000000000000000000000000000000000000000000000000000000000000000000000000000000000000000000000000000000000000000000000200000000000000000000000024a9da1457f96c2b167d49377a776d302a5c4db3000000000000000000000000ac29373cbe03c88fb078488181f8a0650c58ca08c001a07c291d294093a0ff8da7997614a2e48a7ab61541b157377d654b55db14092fe3a04dab322f221e2f1a3ebb2939044e571be55422fc7083d63270502ee1ac51a6d6"
      ],
      "blockNumber": "0xd"
    }
  ]
}
Trying URL: http://172.16.4.27:80/sequencer/eth_sendBundle
Bundle sent successfully. Status: 202
nonceOffset: 64
nonceOffset before: 64
Generating swaps with params: {
  targetBlockNumber: 13,
  txsPerBundle: 1,
  sendRoute: 3,
  txStrategy: 'univ2',
  profRpcUrl: 'http://172.16.4.27:80',
  nonceOffset: 64
}
Generating swaps with params: {}
Current nonce for 0x65D08a056c17Ae13370565B04cF77D2AfA1cB9FA: 18
Contract Addresses:
AtomicSwap: 0x71e67695DB8Bc44AA6BF2014142c42221967EE98
UniV2FactoryA: 0x85998F6C99833d1127301928248c97b6F168bDad
UniV2FactoryB: 0xf98265AeA01677961Bff51685B04eE3a6139206F
WETH: 0x24a9Da1457F96C2b167D49377A776d302A5C4dB3
DAI addresses: [ '0xAC29373CBe03C88Fb078488181F8a0650C58CA08' ]
[0x65D08a056c17Ae13370565B04cF77D2AfA1cB9FA] swapping 100.0 DAI for WETH
Nonce calculation debug:
- currentNonce (from getTransactionCount): 18
- nonce.override: 64
- nonce.offset: undefined
- Final nonce value: 82
Sending bundle: [
  '0x02f90176833018245285012a05f2008512a05f2000830249f09471e67695db8bc44aa6bf2014142c42221967ee9880b901040cc7326300000000000000000000000000000000000000000000000000000000000000a00000000000000000000000000000000000000000000000056bc75e2d6310000000000000000000000000000085998f6c99833d1127301928248c97b6f168bdad00000000000000000000000065d08a056c17ae13370565b04cf77d2afa1cb9fa00000000000000000000000000000000000000000000000000000000000000000000000000000000000000000000000000000000000000000000000000000002000000000000000000000000ac29373cbe03c88fb078488181f8a0650c58ca0800000000000000000000000024a9da1457f96c2b167d49377a776d302a5c4db3c001a0427a244a75014a5e7c05d42dcd0a13304f5632509df1677c04844b6e6a168b38a019490898de1d71ea55ff1a586bd5aa88e77e77b0755e27cd38bfd22f573c9aa5'
]
Sending bundle to Prof RPC: http://172.16.4.27:80
Request payload: {
  "jsonrpc": "2.0",
  "id": 1,
  "method": "eth_sendBundle",
  "params": [
    {
      "txs": [
        "0x02f90176833018245285012a05f2008512a05f2000830249f09471e67695db8bc44aa6bf2014142c42221967ee9880b901040cc7326300000000000000000000000000000000000000000000000000000000000000a00000000000000000000000000000000000000000000000056bc75e2d6310000000000000000000000000000085998f6c99833d1127301928248c97b6f168bdad00000000000000000000000065d08a056c17ae13370565b04cf77d2afa1cb9fa00000000000000000000000000000000000000000000000000000000000000000000000000000000000000000000000000000000000000000000000000000002000000000000000000000000ac29373cbe03c88fb078488181f8a0650c58ca0800000000000000000000000024a9da1457f96c2b167d49377a776d302a5c4db3c001a0427a244a75014a5e7c05d42dcd0a13304f5632509df1677c04844b6e6a168b38a019490898de1d71ea55ff1a586bd5aa88e77e77b0755e27cd38bfd22f573c9aa5"
      ],
      "blockNumber": "0xd"
    }
  ]
}
Trying URL: http://172.16.4.27:80/sequencer/eth_sendBundle
Bundle sent successfully. Status: 202
nonceOffset: 65
nonceOffset before: 65
Generating swaps with params: {
  targetBlockNumber: 13,
  txsPerBundle: 1,
  sendRoute: 3,
  txStrategy: 'univ2',
  profRpcUrl: 'http://172.16.4.27:80',
  nonceOffset: 65
}
Generating swaps with params: {}
Current nonce for 0x65D08a056c17Ae13370565B04cF77D2AfA1cB9FA: 18
Contract Addresses:
AtomicSwap: 0x71e67695DB8Bc44AA6BF2014142c42221967EE98
UniV2FactoryA: 0x85998F6C99833d1127301928248c97b6F168bDad
UniV2FactoryB: 0xf98265AeA01677961Bff51685B04eE3a6139206F
WETH: 0x24a9Da1457F96C2b167D49377A776d302A5C4dB3
DAI addresses: [ '0xAC29373CBe03C88Fb078488181F8a0650C58CA08' ]
[0x65D08a056c17Ae13370565B04cF77D2AfA1cB9FA] swapping 0.200153964588144726 WETH for DAI
Nonce calculation debug:
- currentNonce (from getTransactionCount): 18
- nonce.override: 65
- nonce.offset: undefined
- Final nonce value: 83
Sending bundle: [
  '0x02f90176833018245385012a05f2008512a05f2000830249f09471e67695db8bc44aa6bf2014142c42221967ee9880b901040cc7326300000000000000000000000000000000000000000000000000000000000000a000000000000000000000000000000000000000000000000002c716f867a9985600000000000000000000000085998f6c99833d1127301928248c97b6f168bdad00000000000000000000000065d08a056c17ae13370565b04cf77d2afa1cb9fa0000000000000000000000000000000000000000000000000000000000000000000000000000000000000000000000000000000000000000000000000000000200000000000000000000000024a9da1457f96c2b167d49377a776d302a5c4db3000000000000000000000000ac29373cbe03c88fb078488181f8a0650c58ca08c080a035cc7aad7c8eb711aab57d7d432c5f5f9c93749f07a94515786efbe014b346e8a07ed646cfab9edec9b0a195bfcad9858965058f416f4afbbe0d2125a90ddd2bdf'
]
Sending bundle to Prof RPC: http://172.16.4.27:80
Request payload: {
  "jsonrpc": "2.0",
  "id": 1,
  "method": "eth_sendBundle",
  "params": [
    {
      "txs": [
        "0x02f90176833018245385012a05f2008512a05f2000830249f09471e67695db8bc44aa6bf2014142c42221967ee9880b901040cc7326300000000000000000000000000000000000000000000000000000000000000a000000000000000000000000000000000000000000000000002c716f867a9985600000000000000000000000085998f6c99833d1127301928248c97b6f168bdad00000000000000000000000065d08a056c17ae13370565b04cf77d2afa1cb9fa0000000000000000000000000000000000000000000000000000000000000000000000000000000000000000000000000000000000000000000000000000000200000000000000000000000024a9da1457f96c2b167d49377a776d302a5c4db3000000000000000000000000ac29373cbe03c88fb078488181f8a0650c58ca08c080a035cc7aad7c8eb711aab57d7d432c5f5f9c93749f07a94515786efbe014b346e8a07ed646cfab9edec9b0a195bfcad9858965058f416f4afbbe0d2125a90ddd2bdf"
      ],
      "blockNumber": "0xd"
    }
  ]
}
Trying URL: http://172.16.4.27:80/sequencer/eth_sendBundle
Bundle sent successfully. Status: 202
nonceOffset: 66
nonceOffset before: 66
Generating swaps with params: {
  targetBlockNumber: 13,
  txsPerBundle: 1,
  sendRoute: 3,
  txStrategy: 'univ2',
  profRpcUrl: 'http://172.16.4.27:80',
  nonceOffset: 66
}
Generating swaps with params: {}
Current nonce for 0x65D08a056c17Ae13370565B04cF77D2AfA1cB9FA: 18
Contract Addresses:
AtomicSwap: 0x71e67695DB8Bc44AA6BF2014142c42221967EE98
UniV2FactoryA: 0x85998F6C99833d1127301928248c97b6F168bDad
UniV2FactoryB: 0xf98265AeA01677961Bff51685B04eE3a6139206F
WETH: 0x24a9Da1457F96C2b167D49377A776d302A5C4dB3
DAI addresses: [ '0xAC29373CBe03C88Fb078488181F8a0650C58CA08' ]
[0x65D08a056c17Ae13370565B04cF77D2AfA1cB9FA] swapping 0.237105465742879137 WETH for DAI
Nonce calculation debug:
- currentNonce (from getTransactionCount): 18
- nonce.override: 66
- nonce.offset: undefined
- Final nonce value: 84
Sending bundle: [
  '0x02f90176833018245485012a05f2008512a05f2000830249f09471e67695db8bc44aa6bf2014142c42221967ee9880b901040cc7326300000000000000000000000000000000000000000000000000000000000000a0000000000000000000000000000000000000000000000000034a5e2a33e869a100000000000000000000000085998f6c99833d1127301928248c97b6f168bdad00000000000000000000000065d08a056c17ae13370565b04cf77d2afa1cb9fa0000000000000000000000000000000000000000000000000000000000000000000000000000000000000000000000000000000000000000000000000000000200000000000000000000000024a9da1457f96c2b167d49377a776d302a5c4db3000000000000000000000000ac29373cbe03c88fb078488181f8a0650c58ca08c080a091db7be4e063729c34ce93dbba3f1f4ed11f0e9d32c228196917f401cb9800f0a057ffb09292c801e4200788f2a68e829edfe48a3852d8ec20d7786742e1f83c75'
]
Sending bundle to Prof RPC: http://172.16.4.27:80
Request payload: {
  "jsonrpc": "2.0",
  "id": 1,
  "method": "eth_sendBundle",
  "params": [
    {
      "txs": [
        "0x02f90176833018245485012a05f2008512a05f2000830249f09471e67695db8bc44aa6bf2014142c42221967ee9880b901040cc7326300000000000000000000000000000000000000000000000000000000000000a0000000000000000000000000000000000000000000000000034a5e2a33e869a100000000000000000000000085998f6c99833d1127301928248c97b6f168bdad00000000000000000000000065d08a056c17ae13370565b04cf77d2afa1cb9fa0000000000000000000000000000000000000000000000000000000000000000000000000000000000000000000000000000000000000000000000000000000200000000000000000000000024a9da1457f96c2b167d49377a776d302a5c4db3000000000000000000000000ac29373cbe03c88fb078488181f8a0650c58ca08c080a091db7be4e063729c34ce93dbba3f1f4ed11f0e9d32c228196917f401cb9800f0a057ffb09292c801e4200788f2a68e829edfe48a3852d8ec20d7786742e1f83c75"
      ],
      "blockNumber": "0xd"
    }
  ]
}
Trying URL: http://172.16.4.27:80/sequencer/eth_sendBundle
Bundle sent successfully. Status: 202
nonceOffset: 67
nonceOffset before: 67
Generating swaps with params: {
  targetBlockNumber: 13,
  txsPerBundle: 1,
  sendRoute: 3,
  txStrategy: 'univ2',
  profRpcUrl: 'http://172.16.4.27:80',
  nonceOffset: 67
}
Generating swaps with params: {}
Current nonce for 0x65D08a056c17Ae13370565B04cF77D2AfA1cB9FA: 18
Contract Addresses:
AtomicSwap: 0x71e67695DB8Bc44AA6BF2014142c42221967EE98
UniV2FactoryA: 0x85998F6C99833d1127301928248c97b6F168bDad
UniV2FactoryB: 0xf98265AeA01677961Bff51685B04eE3a6139206F
WETH: 0x24a9Da1457F96C2b167D49377A776d302A5C4dB3
DAI addresses: [ '0xAC29373CBe03C88Fb078488181F8a0650C58CA08' ]
[0x65D08a056c17Ae13370565B04cF77D2AfA1cB9FA] swapping 0.394453004622496147 WETH for DAI
Nonce calculation debug:
- currentNonce (from getTransactionCount): 18
- nonce.override: 67
- nonce.offset: undefined
- Final nonce value: 85
Sending bundle: [
  '0x02f90176833018245585012a05f2008512a05f2000830249f09471e67695db8bc44aa6bf2014142c42221967ee9880b901040cc7326300000000000000000000000000000000000000000000000000000000000000a0000000000000000000000000000000000000000000000000057960eaf51c019300000000000000000000000085998f6c99833d1127301928248c97b6f168bdad00000000000000000000000065d08a056c17ae13370565b04cf77d2afa1cb9fa0000000000000000000000000000000000000000000000000000000000000000000000000000000000000000000000000000000000000000000000000000000200000000000000000000000024a9da1457f96c2b167d49377a776d302a5c4db3000000000000000000000000ac29373cbe03c88fb078488181f8a0650c58ca08c001a00a21a57d58fcbe9dcb79ab829875e8a7c9914f7465dc102de1484c0191596cf6a052523fa72c76585404a313a5980893f2da97a039b110e9340b0b582e4d28b1b4'
]
Sending bundle to Prof RPC: http://172.16.4.27:80
Request payload: {
  "jsonrpc": "2.0",
  "id": 1,
  "method": "eth_sendBundle",
  "params": [
    {
      "txs": [
        "0x02f90176833018245585012a05f2008512a05f2000830249f09471e67695db8bc44aa6bf2014142c42221967ee9880b901040cc7326300000000000000000000000000000000000000000000000000000000000000a0000000000000000000000000000000000000000000000000057960eaf51c019300000000000000000000000085998f6c99833d1127301928248c97b6f168bdad00000000000000000000000065d08a056c17ae13370565b04cf77d2afa1cb9fa0000000000000000000000000000000000000000000000000000000000000000000000000000000000000000000000000000000000000000000000000000000200000000000000000000000024a9da1457f96c2b167d49377a776d302a5c4db3000000000000000000000000ac29373cbe03c88fb078488181f8a0650c58ca08c001a00a21a57d58fcbe9dcb79ab829875e8a7c9914f7465dc102de1484c0191596cf6a052523fa72c76585404a313a5980893f2da97a039b110e9340b0b582e4d28b1b4"
      ],
      "blockNumber": "0xd"
    }
  ]
}
Trying URL: http://172.16.4.27:80/sequencer/eth_sendBundle
Bundle sent successfully. Status: 202
nonceOffset: 68
nonceOffset before: 68
Generating swaps with params: {
  targetBlockNumber: 13,
  txsPerBundle: 1,
  sendRoute: 3,
  txStrategy: 'univ2',
  profRpcUrl: 'http://172.16.4.27:80',
  nonceOffset: 68
}
Generating swaps with params: {}
Current nonce for 0x65D08a056c17Ae13370565B04cF77D2AfA1cB9FA: 18
Contract Addresses:
AtomicSwap: 0x71e67695DB8Bc44AA6BF2014142c42221967EE98
UniV2FactoryA: 0x85998F6C99833d1127301928248c97b6F168bDad
UniV2FactoryB: 0xf98265AeA01677961Bff51685B04eE3a6139206F
WETH: 0x24a9Da1457F96C2b167D49377A776d302A5C4dB3
DAI addresses: [ '0xAC29373CBe03C88Fb078488181F8a0650C58CA08' ]
[0x65D08a056c17Ae13370565B04cF77D2AfA1cB9FA] swapping 0.377213240954580446 WETH for DAI
Nonce calculation debug:
- currentNonce (from getTransactionCount): 18
- nonce.override: 68
- nonce.offset: undefined
- Final nonce value: 86
Sending bundle: [
  '0x02f90176833018245685012a05f2008512a05f2000830249f09471e67695db8bc44aa6bf2014142c42221967ee9880b901040cc7326300000000000000000000000000000000000000000000000000000000000000a0000000000000000000000000000000000000000000000000053c2171afabedde00000000000000000000000085998f6c99833d1127301928248c97b6f168bdad00000000000000000000000065d08a056c17ae13370565b04cf77d2afa1cb9fa0000000000000000000000000000000000000000000000000000000000000000000000000000000000000000000000000000000000000000000000000000000200000000000000000000000024a9da1457f96c2b167d49377a776d302a5c4db3000000000000000000000000ac29373cbe03c88fb078488181f8a0650c58ca08c080a08191ba93f392a3be17fedf8ef198b763b81bf18f484ae0556d910f7671ccf84ea0476589c4c575c306064b618995e364289ebf933b5924403ed3d17cf45e12ffad'
]
Sending bundle to Prof RPC: http://172.16.4.27:80
Request payload: {
  "jsonrpc": "2.0",
  "id": 1,
  "method": "eth_sendBundle",
  "params": [
    {
      "txs": [
        "0x02f90176833018245685012a05f2008512a05f2000830249f09471e67695db8bc44aa6bf2014142c42221967ee9880b901040cc7326300000000000000000000000000000000000000000000000000000000000000a0000000000000000000000000000000000000000000000000053c2171afabedde00000000000000000000000085998f6c99833d1127301928248c97b6f168bdad00000000000000000000000065d08a056c17ae13370565b04cf77d2afa1cb9fa0000000000000000000000000000000000000000000000000000000000000000000000000000000000000000000000000000000000000000000000000000000200000000000000000000000024a9da1457f96c2b167d49377a776d302a5c4db3000000000000000000000000ac29373cbe03c88fb078488181f8a0650c58ca08c080a08191ba93f392a3be17fedf8ef198b763b81bf18f484ae0556d910f7671ccf84ea0476589c4c575c306064b618995e364289ebf933b5924403ed3d17cf45e12ffad"
      ],
      "blockNumber": "0xd"
    }
  ]
}
Trying URL: http://172.16.4.27:80/sequencer/eth_sendBundle
Bundle sent successfully. Status: 202
nonceOffset: 69
nonceOffset before: 69
Generating swaps with params: {
  targetBlockNumber: 13,
  txsPerBundle: 1,
  sendRoute: 3,
  txStrategy: 'univ2',
  profRpcUrl: 'http://172.16.4.27:80',
  nonceOffset: 69
}
Generating swaps with params: {}
Current nonce for 0x65D08a056c17Ae13370565B04cF77D2AfA1cB9FA: 18
Contract Addresses:
AtomicSwap: 0x71e67695DB8Bc44AA6BF2014142c42221967EE98
UniV2FactoryA: 0x85998F6C99833d1127301928248c97b6F168bDad
UniV2FactoryB: 0xf98265AeA01677961Bff51685B04eE3a6139206F
WETH: 0x24a9Da1457F96C2b167D49377A776d302A5C4dB3
DAI addresses: [ '0xAC29373CBe03C88Fb078488181F8a0650C58CA08' ]
[0x65D08a056c17Ae13370565B04cF77D2AfA1cB9FA] swapping 0.40909090909090909 WETH for DAI
Nonce calculation debug:
- currentNonce (from getTransactionCount): 18
- nonce.override: 69
- nonce.offset: undefined
- Final nonce value: 87
Sending bundle: [
  '0x02f90176833018245785012a05f2008512a05f2000830249f09471e67695db8bc44aa6bf2014142c42221967ee9880b901040cc7326300000000000000000000000000000000000000000000000000000000000000a000000000000000000000000000000000000000000000000005ad6203ad348ba200000000000000000000000085998f6c99833d1127301928248c97b6f168bdad00000000000000000000000065d08a056c17ae13370565b04cf77d2afa1cb9fa0000000000000000000000000000000000000000000000000000000000000000000000000000000000000000000000000000000000000000000000000000000200000000000000000000000024a9da1457f96c2b167d49377a776d302a5c4db3000000000000000000000000ac29373cbe03c88fb078488181f8a0650c58ca08c080a052f08db3d0e10c7195716481dbed7b98188f5bb27f25b34eaa136890ffc1c418a05a5b495ae96707a4cf02cfbeb8ecce919393c6e4bf4f0610fac3c842f1b2e563'
]
Sending bundle to Prof RPC: http://172.16.4.27:80
Request payload: {
  "jsonrpc": "2.0",
  "id": 1,
  "method": "eth_sendBundle",
  "params": [
    {
      "txs": [
        "0x02f90176833018245785012a05f2008512a05f2000830249f09471e67695db8bc44aa6bf2014142c42221967ee9880b901040cc7326300000000000000000000000000000000000000000000000000000000000000a000000000000000000000000000000000000000000000000005ad6203ad348ba200000000000000000000000085998f6c99833d1127301928248c97b6f168bdad00000000000000000000000065d08a056c17ae13370565b04cf77d2afa1cb9fa0000000000000000000000000000000000000000000000000000000000000000000000000000000000000000000000000000000000000000000000000000000200000000000000000000000024a9da1457f96c2b167d49377a776d302a5c4db3000000000000000000000000ac29373cbe03c88fb078488181f8a0650c58ca08c080a052f08db3d0e10c7195716481dbed7b98188f5bb27f25b34eaa136890ffc1c418a05a5b495ae96707a4cf02cfbeb8ecce919393c6e4bf4f0610fac3c842f1b2e563"
      ],
      "blockNumber": "0xd"
    }
  ]
}
Trying URL: http://172.16.4.27:80/sequencer/eth_sendBundle
Bundle sent successfully. Status: 202
nonceOffset: 70
nonceOffset before: 70
Generating swaps with params: {
  targetBlockNumber: 13,
  txsPerBundle: 1,
  sendRoute: 3,
  txStrategy: 'univ2',
  profRpcUrl: 'http://172.16.4.27:80',
  nonceOffset: 70
}
Generating swaps with params: {}
Current nonce for 0x65D08a056c17Ae13370565B04cF77D2AfA1cB9FA: 18
Contract Addresses:
AtomicSwap: 0x71e67695DB8Bc44AA6BF2014142c42221967EE98
UniV2FactoryA: 0x85998F6C99833d1127301928248c97b6F168bDad
UniV2FactoryB: 0xf98265AeA01677961Bff51685B04eE3a6139206F
WETH: 0x24a9Da1457F96C2b167D49377A776d302A5C4dB3
DAI addresses: [ '0xAC29373CBe03C88Fb078488181F8a0650C58CA08' ]
[0x65D08a056c17Ae13370565B04cF77D2AfA1cB9FA] swapping 0.7787201233616037 WETH for DAI
Nonce calculation debug:
- currentNonce (from getTransactionCount): 18
- nonce.override: 70
- nonce.offset: undefined
- Final nonce value: 88
Sending bundle: [
  '0x02f90176833018245885012a05f2008512a05f2000830249f09471e67695db8bc44aa6bf2014142c42221967ee9880b901040cc7326300000000000000000000000000000000000000000000000000000000000000a00000000000000000000000000000000000000000000000000ace91d38c6ab074000000000000000000000000f98265aea01677961bff51685b04ee3a6139206f00000000000000000000000065d08a056c17ae13370565b04cf77d2afa1cb9fa0000000000000000000000000000000000000000000000000000000000000000000000000000000000000000000000000000000000000000000000000000000200000000000000000000000024a9da1457f96c2b167d49377a776d302a5c4db3000000000000000000000000ac29373cbe03c88fb078488181f8a0650c58ca08c080a0a96c1fe9f953a5c442fffe11c631d4280878e5c578046fe70359c6dfd5a69695a03c10156c950bec1ca6cc15673d38a6fa56e9e7988d6613ffbf1348713fc756a0'
]
Sending bundle to Prof RPC: http://172.16.4.27:80
Request payload: {
  "jsonrpc": "2.0",
  "id": 1,
  "method": "eth_sendBundle",
  "params": [
    {
      "txs": [
        "0x02f90176833018245885012a05f2008512a05f2000830249f09471e67695db8bc44aa6bf2014142c42221967ee9880b901040cc7326300000000000000000000000000000000000000000000000000000000000000a00000000000000000000000000000000000000000000000000ace91d38c6ab074000000000000000000000000f98265aea01677961bff51685b04ee3a6139206f00000000000000000000000065d08a056c17ae13370565b04cf77d2afa1cb9fa0000000000000000000000000000000000000000000000000000000000000000000000000000000000000000000000000000000000000000000000000000000200000000000000000000000024a9da1457f96c2b167d49377a776d302a5c4db3000000000000000000000000ac29373cbe03c88fb078488181f8a0650c58ca08c080a0a96c1fe9f953a5c442fffe11c631d4280878e5c578046fe70359c6dfd5a69695a03c10156c950bec1ca6cc15673d38a6fa56e9e7988d6613ffbf1348713fc756a0"
      ],
      "blockNumber": "0xd"
    }
  ]
}
Trying URL: http://172.16.4.27:80/sequencer/eth_sendBundle
Bundle sent successfully. Status: 202
nonceOffset: 71
nonceOffset before: 71
Generating swaps with params: {
  targetBlockNumber: 13,
  txsPerBundle: 1,
  sendRoute: 3,
  txStrategy: 'univ2',
  profRpcUrl: 'http://172.16.4.27:80',
  nonceOffset: 71
}
Generating swaps with params: {}
Current nonce for 0x65D08a056c17Ae13370565B04cF77D2AfA1cB9FA: 18
Contract Addresses:
AtomicSwap: 0x71e67695DB8Bc44AA6BF2014142c42221967EE98
UniV2FactoryA: 0x85998F6C99833d1127301928248c97b6F168bDad
UniV2FactoryB: 0xf98265AeA01677961Bff51685B04eE3a6139206F
WETH: 0x24a9Da1457F96C2b167D49377A776d302A5C4dB3
DAI addresses: [ '0xAC29373CBe03C88Fb078488181F8a0650C58CA08' ]
[0x65D08a056c17Ae13370565B04cF77D2AfA1cB9FA] swapping 381.0 DAI for WETH
Nonce calculation debug:
- currentNonce (from getTransactionCount): 18
- nonce.override: 71
- nonce.offset: undefined
- Final nonce value: 89
Sending bundle: [
  '0x02f90176833018245985012a05f2008512a05f2000830249f09471e67695db8bc44aa6bf2014142c42221967ee9880b901040cc7326300000000000000000000000000000000000000000000000000000000000000a0000000000000000000000000000000000000000000000014a76fe9601fd4000000000000000000000000000085998f6c99833d1127301928248c97b6f168bdad00000000000000000000000065d08a056c17ae13370565b04cf77d2afa1cb9fa00000000000000000000000000000000000000000000000000000000000000000000000000000000000000000000000000000000000000000000000000000002000000000000000000000000ac29373cbe03c88fb078488181f8a0650c58ca0800000000000000000000000024a9da1457f96c2b167d49377a776d302a5c4db3c080a05168e487586b1b2837d6226e57198e000cfa9b29e3f76e77eb66abf72628d4f5a0364185e1aa1270a6cc90bc98d6fa20d98274d368831c629215bda4568a5b62cb'
]
Sending bundle to Prof RPC: http://172.16.4.27:80
Request payload: {
  "jsonrpc": "2.0",
  "id": 1,
  "method": "eth_sendBundle",
  "params": [
    {
      "txs": [
        "0x02f90176833018245985012a05f2008512a05f2000830249f09471e67695db8bc44aa6bf2014142c42221967ee9880b901040cc7326300000000000000000000000000000000000000000000000000000000000000a0000000000000000000000000000000000000000000000014a76fe9601fd4000000000000000000000000000085998f6c99833d1127301928248c97b6f168bdad00000000000000000000000065d08a056c17ae13370565b04cf77d2afa1cb9fa00000000000000000000000000000000000000000000000000000000000000000000000000000000000000000000000000000000000000000000000000000002000000000000000000000000ac29373cbe03c88fb078488181f8a0650c58ca0800000000000000000000000024a9da1457f96c2b167d49377a776d302a5c4db3c080a05168e487586b1b2837d6226e57198e000cfa9b29e3f76e77eb66abf72628d4f5a0364185e1aa1270a6cc90bc98d6fa20d98274d368831c629215bda4568a5b62cb"
      ],
      "blockNumber": "0xd"
    }
  ]
}
Trying URL: http://172.16.4.27:80/sequencer/eth_sendBundle
Bundle sent successfully. Status: 202
nonceOffset: 72
nonceOffset before: 72
Generating swaps with params: {
  targetBlockNumber: 13,
  txsPerBundle: 1,
  sendRoute: 3,
  txStrategy: 'univ2',
  profRpcUrl: 'http://172.16.4.27:80',
  nonceOffset: 72
}
Generating swaps with params: {}
Current nonce for 0x65D08a056c17Ae13370565B04cF77D2AfA1cB9FA: 18
Contract Addresses:
AtomicSwap: 0x71e67695DB8Bc44AA6BF2014142c42221967EE98
UniV2FactoryA: 0x85998F6C99833d1127301928248c97b6F168bDad
UniV2FactoryB: 0xf98265AeA01677961Bff51685B04eE3a6139206F
WETH: 0x24a9Da1457F96C2b167D49377A776d302A5C4dB3
DAI addresses: [ '0xAC29373CBe03C88Fb078488181F8a0650C58CA08' ]
[0x65D08a056c17Ae13370565B04cF77D2AfA1cB9FA] swapping 0.130100076982294072 WETH for DAI
Nonce calculation debug:
- currentNonce (from getTransactionCount): 18
- nonce.override: 72
- nonce.offset: undefined
- Final nonce value: 90
Sending bundle: [
  '0x02f90176833018245a85012a05f2008512a05f2000830249f09471e67695db8bc44aa6bf2014142c42221967ee9880b901040cc7326300000000000000000000000000000000000000000000000000000000000000a000000000000000000000000000000000000000000000000001ce3554a9c7d638000000000000000000000000f98265aea01677961bff51685b04ee3a6139206f00000000000000000000000065d08a056c17ae13370565b04cf77d2afa1cb9fa0000000000000000000000000000000000000000000000000000000000000000000000000000000000000000000000000000000000000000000000000000000200000000000000000000000024a9da1457f96c2b167d49377a776d302a5c4db3000000000000000000000000ac29373cbe03c88fb078488181f8a0650c58ca08c001a064157f407f704dce3d850d3ca5f763d95e17852af14ad719908bc61801feef35a07ea6c8b6bf44c8f04816e5a2fb403fe7dea7f34040c6fcf7d491fc07bfecf47c'
]
Sending bundle to Prof RPC: http://172.16.4.27:80
Request payload: {
  "jsonrpc": "2.0",
  "id": 1,
  "method": "eth_sendBundle",
  "params": [
    {
      "txs": [
        "0x02f90176833018245a85012a05f2008512a05f2000830249f09471e67695db8bc44aa6bf2014142c42221967ee9880b901040cc7326300000000000000000000000000000000000000000000000000000000000000a000000000000000000000000000000000000000000000000001ce3554a9c7d638000000000000000000000000f98265aea01677961bff51685b04ee3a6139206f00000000000000000000000065d08a056c17ae13370565b04cf77d2afa1cb9fa0000000000000000000000000000000000000000000000000000000000000000000000000000000000000000000000000000000000000000000000000000000200000000000000000000000024a9da1457f96c2b167d49377a776d302a5c4db3000000000000000000000000ac29373cbe03c88fb078488181f8a0650c58ca08c001a064157f407f704dce3d850d3ca5f763d95e17852af14ad719908bc61801feef35a07ea6c8b6bf44c8f04816e5a2fb403fe7dea7f34040c6fcf7d491fc07bfecf47c"
      ],
      "blockNumber": "0xd"
    }
  ]
}
Trying URL: http://172.16.4.27:80/sequencer/eth_sendBundle
Bundle sent successfully. Status: 202
nonceOffset: 73
nonceOffset before: 73
Generating swaps with params: {
  targetBlockNumber: 13,
  txsPerBundle: 1,
  sendRoute: 3,
  txStrategy: 'univ2',
  profRpcUrl: 'http://172.16.4.27:80',
  nonceOffset: 73
}
Generating swaps with params: {}
Current nonce for 0x65D08a056c17Ae13370565B04cF77D2AfA1cB9FA: 18
Contract Addresses:
AtomicSwap: 0x71e67695DB8Bc44AA6BF2014142c42221967EE98
UniV2FactoryA: 0x85998F6C99833d1127301928248c97b6F168bDad
UniV2FactoryB: 0xf98265AeA01677961Bff51685B04eE3a6139206F
WETH: 0x24a9Da1457F96C2b167D49377A776d302A5C4dB3
DAI addresses: [ '0xAC29373CBe03C88Fb078488181F8a0650C58CA08' ]
[0x65D08a056c17Ae13370565B04cF77D2AfA1cB9FA] swapping 0.354888375673595073 WETH for DAI
Nonce calculation debug:
- currentNonce (from getTransactionCount): 18
- nonce.override: 73
- nonce.offset: undefined
- Final nonce value: 91
Sending bundle: [
  '0x02f90176833018245b85012a05f2008512a05f2000830249f09471e67695db8bc44aa6bf2014142c42221967ee9880b901040cc7326300000000000000000000000000000000000000000000000000000000000000a000000000000000000000000000000000000000000000000004ecd118eef0a4c1000000000000000000000000f98265aea01677961bff51685b04ee3a6139206f00000000000000000000000065d08a056c17ae13370565b04cf77d2afa1cb9fa0000000000000000000000000000000000000000000000000000000000000000000000000000000000000000000000000000000000000000000000000000000200000000000000000000000024a9da1457f96c2b167d49377a776d302a5c4db3000000000000000000000000ac29373cbe03c88fb078488181f8a0650c58ca08c080a0a1c74f3f337f74dad45125688297812ae81cf7b2cce64964765463d14ec8cdbea012c5af5903892b9b918618dd8477eddcb1776cf03166c2f95698c37043e59a63'
]
Sending bundle to Prof RPC: http://172.16.4.27:80
Request payload: {
  "jsonrpc": "2.0",
  "id": 1,
  "method": "eth_sendBundle",
  "params": [
    {
      "txs": [
        "0x02f90176833018245b85012a05f2008512a05f2000830249f09471e67695db8bc44aa6bf2014142c42221967ee9880b901040cc7326300000000000000000000000000000000000000000000000000000000000000a000000000000000000000000000000000000000000000000004ecd118eef0a4c1000000000000000000000000f98265aea01677961bff51685b04ee3a6139206f00000000000000000000000065d08a056c17ae13370565b04cf77d2afa1cb9fa0000000000000000000000000000000000000000000000000000000000000000000000000000000000000000000000000000000000000000000000000000000200000000000000000000000024a9da1457f96c2b167d49377a776d302a5c4db3000000000000000000000000ac29373cbe03c88fb078488181f8a0650c58ca08c080a0a1c74f3f337f74dad45125688297812ae81cf7b2cce64964765463d14ec8cdbea012c5af5903892b9b918618dd8477eddcb1776cf03166c2f95698c37043e59a63"
      ],
      "blockNumber": "0xd"
    }
  ]
}
Trying URL: http://172.16.4.27:80/sequencer/eth_sendBundle
Bundle sent successfully. Status: 202
nonceOffset: 74
nonceOffset before: 74
Generating swaps with params: {
  targetBlockNumber: 13,
  txsPerBundle: 1,
  sendRoute: 3,
  txStrategy: 'univ2',
  profRpcUrl: 'http://172.16.4.27:80',
  nonceOffset: 74
}
Generating swaps with params: {}
Current nonce for 0x65D08a056c17Ae13370565B04cF77D2AfA1cB9FA: 18
Contract Addresses:
AtomicSwap: 0x71e67695DB8Bc44AA6BF2014142c42221967EE98
UniV2FactoryA: 0x85998F6C99833d1127301928248c97b6F168bDad
UniV2FactoryB: 0xf98265AeA01677961Bff51685B04eE3a6139206F
WETH: 0x24a9Da1457F96C2b167D49377A776d302A5C4dB3
DAI addresses: [ '0xAC29373CBe03C88Fb078488181F8a0650C58CA08' ]
[0x65D08a056c17Ae13370565B04cF77D2AfA1cB9FA] swapping 0.563944530046224961 WETH for DAI
Nonce calculation debug:
- currentNonce (from getTransactionCount): 18
- nonce.override: 74
- nonce.offset: undefined
- Final nonce value: 92
Sending bundle: [
  '0x02f90176833018245c85012a05f2008512a05f2000830249f09471e67695db8bc44aa6bf2014142c42221967ee9880b901040cc7326300000000000000000000000000000000000000000000000000000000000000a000000000000000000000000000000000000000000000000007d3888fea6e0a41000000000000000000000000f98265aea01677961bff51685b04ee3a6139206f00000000000000000000000065d08a056c17ae13370565b04cf77d2afa1cb9fa0000000000000000000000000000000000000000000000000000000000000000000000000000000000000000000000000000000000000000000000000000000200000000000000000000000024a9da1457f96c2b167d49377a776d302a5c4db3000000000000000000000000ac29373cbe03c88fb078488181f8a0650c58ca08c080a09866e2a44c82368914ea55a56df4ba6c7bc04ecd42dbf062966f38bc4eaa6eb5a04457342a42fefcaf95ac09353a4ee66c167b8533121379a49746343b0f1a2d73'
]
Sending bundle to Prof RPC: http://172.16.4.27:80
Request payload: {
  "jsonrpc": "2.0",
  "id": 1,
  "method": "eth_sendBundle",
  "params": [
    {
      "txs": [
        "0x02f90176833018245c85012a05f2008512a05f2000830249f09471e67695db8bc44aa6bf2014142c42221967ee9880b901040cc7326300000000000000000000000000000000000000000000000000000000000000a000000000000000000000000000000000000000000000000007d3888fea6e0a41000000000000000000000000f98265aea01677961bff51685b04ee3a6139206f00000000000000000000000065d08a056c17ae13370565b04cf77d2afa1cb9fa0000000000000000000000000000000000000000000000000000000000000000000000000000000000000000000000000000000000000000000000000000000200000000000000000000000024a9da1457f96c2b167d49377a776d302a5c4db3000000000000000000000000ac29373cbe03c88fb078488181f8a0650c58ca08c080a09866e2a44c82368914ea55a56df4ba6c7bc04ecd42dbf062966f38bc4eaa6eb5a04457342a42fefcaf95ac09353a4ee66c167b8533121379a49746343b0f1a2d73"
      ],
      "blockNumber": "0xd"
    }
  ]
}
Trying URL: http://172.16.4.27:80/sequencer/eth_sendBundle
Bundle sent successfully. Status: 202
nonceOffset: 75
nonceOffset before: 75
Generating swaps with params: {
  targetBlockNumber: 13,
  txsPerBundle: 1,
  sendRoute: 3,
  txStrategy: 'univ2',
  profRpcUrl: 'http://172.16.4.27:80',
  nonceOffset: 75
}
Generating swaps with params: {}
Current nonce for 0x65D08a056c17Ae13370565B04cF77D2AfA1cB9FA: 18
Contract Addresses:
AtomicSwap: 0x71e67695DB8Bc44AA6BF2014142c42221967EE98
UniV2FactoryA: 0x85998F6C99833d1127301928248c97b6F168bDad
UniV2FactoryB: 0xf98265AeA01677961Bff51685B04eE3a6139206F
WETH: 0x24a9Da1457F96C2b167D49377A776d302A5C4dB3
DAI addresses: [ '0xAC29373CBe03C88Fb078488181F8a0650C58CA08' ]
[0x65D08a056c17Ae13370565B04cF77D2AfA1cB9FA] swapping 1031.0 DAI for WETH
Nonce calculation debug:
- currentNonce (from getTransactionCount): 18
- nonce.override: 75
- nonce.offset: undefined
- Final nonce value: 93
Sending bundle: [
  '0x02f90176833018245d85012a05f2008512a05f2000830249f09471e67695db8bc44aa6bf2014142c42221967ee9880b901040cc7326300000000000000000000000000000000000000000000000000000000000000a0000000000000000000000000000000000000000000000037e3ffcd8723bc0000000000000000000000000000f98265aea01677961bff51685b04ee3a6139206f00000000000000000000000065d08a056c17ae13370565b04cf77d2afa1cb9fa00000000000000000000000000000000000000000000000000000000000000000000000000000000000000000000000000000000000000000000000000000002000000000000000000000000ac29373cbe03c88fb078488181f8a0650c58ca0800000000000000000000000024a9da1457f96c2b167d49377a776d302a5c4db3c001a053a3c8266fd3d7d1fefe3258d4ec438e34a689e1a420f5a03bf3f44c08e185aca05b9b1fb02a4674e71a3849a5a8aa2c0a7aac5ebf6550e1db1e358e42ae487666'
]
Sending bundle to Prof RPC: http://172.16.4.27:80
Request payload: {
  "jsonrpc": "2.0",
  "id": 1,
  "method": "eth_sendBundle",
  "params": [
    {
      "txs": [
        "0x02f90176833018245d85012a05f2008512a05f2000830249f09471e67695db8bc44aa6bf2014142c42221967ee9880b901040cc7326300000000000000000000000000000000000000000000000000000000000000a0000000000000000000000000000000000000000000000037e3ffcd8723bc0000000000000000000000000000f98265aea01677961bff51685b04ee3a6139206f00000000000000000000000065d08a056c17ae13370565b04cf77d2afa1cb9fa00000000000000000000000000000000000000000000000000000000000000000000000000000000000000000000000000000000000000000000000000000002000000000000000000000000ac29373cbe03c88fb078488181f8a0650c58ca0800000000000000000000000024a9da1457f96c2b167d49377a776d302a5c4db3c001a053a3c8266fd3d7d1fefe3258d4ec438e34a689e1a420f5a03bf3f44c08e185aca05b9b1fb02a4674e71a3849a5a8aa2c0a7aac5ebf6550e1db1e358e42ae487666"
      ],
      "blockNumber": "0xd"
    }
  ]
}
Trying URL: http://172.16.4.27:80/sequencer/eth_sendBundle
Bundle sent successfully. Status: 202
nonceOffset: 76
nonceOffset before: 76
Generating swaps with params: {
  targetBlockNumber: 13,
  txsPerBundle: 1,
  sendRoute: 3,
  txStrategy: 'univ2',
  profRpcUrl: 'http://172.16.4.27:80',
  nonceOffset: 76
}
Generating swaps with params: {}
Current nonce for 0x65D08a056c17Ae13370565B04cF77D2AfA1cB9FA: 18
Contract Addresses:
AtomicSwap: 0x71e67695DB8Bc44AA6BF2014142c42221967EE98
UniV2FactoryA: 0x85998F6C99833d1127301928248c97b6F168bDad
UniV2FactoryB: 0xf98265AeA01677961Bff51685B04eE3a6139206F
WETH: 0x24a9Da1457F96C2b167D49377A776d302A5C4dB3
DAI addresses: [ '0xAC29373CBe03C88Fb078488181F8a0650C58CA08' ]
[0x65D08a056c17Ae13370565B04cF77D2AfA1cB9FA] swapping 222.0 DAI for WETH
Nonce calculation debug:
- currentNonce (from getTransactionCount): 18
- nonce.override: 76
- nonce.offset: undefined
- Final nonce value: 94
Sending bundle: [
  '0x02f90176833018245e85012a05f2008512a05f2000830249f09471e67695db8bc44aa6bf2014142c42221967ee9880b901040cc7326300000000000000000000000000000000000000000000000000000000000000a000000000000000000000000000000000000000000000000c08de6fcb28b8000000000000000000000000000085998f6c99833d1127301928248c97b6f168bdad00000000000000000000000065d08a056c17ae13370565b04cf77d2afa1cb9fa00000000000000000000000000000000000000000000000000000000000000000000000000000000000000000000000000000000000000000000000000000002000000000000000000000000ac29373cbe03c88fb078488181f8a0650c58ca0800000000000000000000000024a9da1457f96c2b167d49377a776d302a5c4db3c001a0e530ae65f8c44fee21598a31969fa7ca72f15dad4d72820cc289f9c45c37b804a05d5143e1ff889c5cd7a5d606b357b83867c9172f225386586e4c908b1c504a11'
]
Sending bundle to Prof RPC: http://172.16.4.27:80
Request payload: {
  "jsonrpc": "2.0",
  "id": 1,
  "method": "eth_sendBundle",
  "params": [
    {
      "txs": [
        "0x02f90176833018245e85012a05f2008512a05f2000830249f09471e67695db8bc44aa6bf2014142c42221967ee9880b901040cc7326300000000000000000000000000000000000000000000000000000000000000a000000000000000000000000000000000000000000000000c08de6fcb28b8000000000000000000000000000085998f6c99833d1127301928248c97b6f168bdad00000000000000000000000065d08a056c17ae13370565b04cf77d2afa1cb9fa00000000000000000000000000000000000000000000000000000000000000000000000000000000000000000000000000000000000000000000000000000002000000000000000000000000ac29373cbe03c88fb078488181f8a0650c58ca0800000000000000000000000024a9da1457f96c2b167d49377a776d302a5c4db3c001a0e530ae65f8c44fee21598a31969fa7ca72f15dad4d72820cc289f9c45c37b804a05d5143e1ff889c5cd7a5d606b357b83867c9172f225386586e4c908b1c504a11"
      ],
      "blockNumber": "0xd"
    }
  ]
}
Trying URL: http://172.16.4.27:80/sequencer/eth_sendBundle
Bundle sent successfully. Status: 202
nonceOffset: 77
nonceOffset before: 77
Generating swaps with params: {
  targetBlockNumber: 13,
  txsPerBundle: 1,
  sendRoute: 3,
  txStrategy: 'univ2',
  profRpcUrl: 'http://172.16.4.27:80',
  nonceOffset: 77
}
Generating swaps with params: {}
Current nonce for 0x65D08a056c17Ae13370565B04cF77D2AfA1cB9FA: 18
Contract Addresses:
AtomicSwap: 0x71e67695DB8Bc44AA6BF2014142c42221967EE98
UniV2FactoryA: 0x85998F6C99833d1127301928248c97b6F168bDad
UniV2FactoryB: 0xf98265AeA01677961Bff51685B04eE3a6139206F
WETH: 0x24a9Da1457F96C2b167D49377A776d302A5C4dB3
DAI addresses: [ '0xAC29373CBe03C88Fb078488181F8a0650C58CA08' ]
[0x65D08a056c17Ae13370565B04cF77D2AfA1cB9FA] swapping 0.416795069337442218 WETH for DAI
Nonce calculation debug:
- currentNonce (from getTransactionCount): 18
- nonce.override: 77
- nonce.offset: undefined
- Final nonce value: 95
Sending bundle: [
  '0x02f90176833018245f85012a05f2008512a05f2000830249f09471e67695db8bc44aa6bf2014142c42221967ee9880b901040cc7326300000000000000000000000000000000000000000000000000000000000000a000000000000000000000000000000000000000000000000005c8c0e843fe17aa00000000000000000000000085998f6c99833d1127301928248c97b6f168bdad00000000000000000000000065d08a056c17ae13370565b04cf77d2afa1cb9fa0000000000000000000000000000000000000000000000000000000000000000000000000000000000000000000000000000000000000000000000000000000200000000000000000000000024a9da1457f96c2b167d49377a776d302a5c4db3000000000000000000000000ac29373cbe03c88fb078488181f8a0650c58ca08c080a003bbdd73c59de9a68753f235547b7c7f94105dc79cfce665f9910e5cde2b4c96a02ad5a590b1457c201ff3688b46b363f2cd2083c303a8b0f9279b9247eed08818'
]
Sending bundle to Prof RPC: http://172.16.4.27:80
Request payload: {
  "jsonrpc": "2.0",
  "id": 1,
  "method": "eth_sendBundle",
  "params": [
    {
      "txs": [
        "0x02f90176833018245f85012a05f2008512a05f2000830249f09471e67695db8bc44aa6bf2014142c42221967ee9880b901040cc7326300000000000000000000000000000000000000000000000000000000000000a000000000000000000000000000000000000000000000000005c8c0e843fe17aa00000000000000000000000085998f6c99833d1127301928248c97b6f168bdad00000000000000000000000065d08a056c17ae13370565b04cf77d2afa1cb9fa0000000000000000000000000000000000000000000000000000000000000000000000000000000000000000000000000000000000000000000000000000000200000000000000000000000024a9da1457f96c2b167d49377a776d302a5c4db3000000000000000000000000ac29373cbe03c88fb078488181f8a0650c58ca08c080a003bbdd73c59de9a68753f235547b7c7f94105dc79cfce665f9910e5cde2b4c96a02ad5a590b1457c201ff3688b46b363f2cd2083c303a8b0f9279b9247eed08818"
      ],
      "blockNumber": "0xd"
    }
  ]
}
Trying URL: http://172.16.4.27:80/sequencer/eth_sendBundle
Bundle sent successfully. Status: 202
nonceOffset: 78
nonceOffset before: 78
Generating swaps with params: {
  targetBlockNumber: 13,
  txsPerBundle: 1,
  sendRoute: 3,
  txStrategy: 'univ2',
  profRpcUrl: 'http://172.16.4.27:80',
  nonceOffset: 78
}
Generating swaps with params: {}
Current nonce for 0x65D08a056c17Ae13370565B04cF77D2AfA1cB9FA: 18
Contract Addresses:
AtomicSwap: 0x71e67695DB8Bc44AA6BF2014142c42221967EE98
UniV2FactoryA: 0x85998F6C99833d1127301928248c97b6F168bDad
UniV2FactoryB: 0xf98265AeA01677961Bff51685B04eE3a6139206F
WETH: 0x24a9Da1457F96C2b167D49377A776d302A5C4dB3
DAI addresses: [ '0xAC29373CBe03C88Fb078488181F8a0650C58CA08' ]
[0x65D08a056c17Ae13370565B04cF77D2AfA1cB9FA] swapping 0.678736517719568567 WETH for DAI
Nonce calculation debug:
- currentNonce (from getTransactionCount): 18
- nonce.override: 78
- nonce.offset: undefined
- Final nonce value: 96
Sending bundle: [
  '0x02f90176833018246085012a05f2008512a05f2000830249f09471e67695db8bc44aa6bf2014142c42221967ee9880b901040cc7326300000000000000000000000000000000000000000000000000000000000000a0000000000000000000000000000000000000000000000000096b5b444ac2b0b7000000000000000000000000f98265aea01677961bff51685b04ee3a6139206f00000000000000000000000065d08a056c17ae13370565b04cf77d2afa1cb9fa0000000000000000000000000000000000000000000000000000000000000000000000000000000000000000000000000000000000000000000000000000000200000000000000000000000024a9da1457f96c2b167d49377a776d302a5c4db3000000000000000000000000ac29373cbe03c88fb078488181f8a0650c58ca08c080a0cf66e6e81ea76b3f0a4897fade28275999a7cd4c749f45ad260ae47f7f6bd24aa01e3961cf8f639b6412505f46b754ce2b718a2b93daee6d4faab5312d8da6dc8f'
]
Sending bundle to Prof RPC: http://172.16.4.27:80
Request payload: {
  "jsonrpc": "2.0",
  "id": 1,
  "method": "eth_sendBundle",
  "params": [
    {
      "txs": [
        "0x02f90176833018246085012a05f2008512a05f2000830249f09471e67695db8bc44aa6bf2014142c42221967ee9880b901040cc7326300000000000000000000000000000000000000000000000000000000000000a0000000000000000000000000000000000000000000000000096b5b444ac2b0b7000000000000000000000000f98265aea01677961bff51685b04ee3a6139206f00000000000000000000000065d08a056c17ae13370565b04cf77d2afa1cb9fa0000000000000000000000000000000000000000000000000000000000000000000000000000000000000000000000000000000000000000000000000000000200000000000000000000000024a9da1457f96c2b167d49377a776d302a5c4db3000000000000000000000000ac29373cbe03c88fb078488181f8a0650c58ca08c080a0cf66e6e81ea76b3f0a4897fade28275999a7cd4c749f45ad260ae47f7f6bd24aa01e3961cf8f639b6412505f46b754ce2b718a2b93daee6d4faab5312d8da6dc8f"
      ],
      "blockNumber": "0xd"
    }
  ]
}
Trying URL: http://172.16.4.27:80/sequencer/eth_sendBundle
Bundle sent successfully. Status: 202
nonceOffset: 79
nonceOffset before: 79
Generating swaps with params: {
  targetBlockNumber: 13,
  txsPerBundle: 1,
  sendRoute: 3,
  txStrategy: 'univ2',
  profRpcUrl: 'http://172.16.4.27:80',
  nonceOffset: 79
}
Generating swaps with params: {}
Current nonce for 0x65D08a056c17Ae13370565B04cF77D2AfA1cB9FA: 18
Contract Addresses:
AtomicSwap: 0x71e67695DB8Bc44AA6BF2014142c42221967EE98
UniV2FactoryA: 0x85998F6C99833d1127301928248c97b6F168bDad
UniV2FactoryB: 0xf98265AeA01677961Bff51685B04eE3a6139206F
WETH: 0x24a9Da1457F96C2b167D49377A776d302A5C4dB3
DAI addresses: [ '0xAC29373CBe03C88Fb078488181F8a0650C58CA08' ]
[0x65D08a056c17Ae13370565B04cF77D2AfA1cB9FA] swapping 285.0 DAI for WETH
Nonce calculation debug:
- currentNonce (from getTransactionCount): 18
- nonce.override: 79
- nonce.offset: undefined
- Final nonce value: 97
Sending bundle: [
  '0x02f90176833018246185012a05f2008512a05f2000830249f09471e67695db8bc44aa6bf2014142c42221967ee9880b901040cc7326300000000000000000000000000000000000000000000000000000000000000a000000000000000000000000000000000000000000000000f732b66015a54000000000000000000000000000085998f6c99833d1127301928248c97b6f168bdad00000000000000000000000065d08a056c17ae13370565b04cf77d2afa1cb9fa00000000000000000000000000000000000000000000000000000000000000000000000000000000000000000000000000000000000000000000000000000002000000000000000000000000ac29373cbe03c88fb078488181f8a0650c58ca0800000000000000000000000024a9da1457f96c2b167d49377a776d302a5c4db3c001a050eac6a46341032a6e3d0fc1653b0c2ac2c03209ae5117d134cf8a54fa01db3ea04903442b4feafdc2031a0ed427f159ee1976c5c674079d8ca8d3997ad954c618'
]
Sending bundle to Prof RPC: http://172.16.4.27:80
Request payload: {
  "jsonrpc": "2.0",
  "id": 1,
  "method": "eth_sendBundle",
  "params": [
    {
      "txs": [
        "0x02f90176833018246185012a05f2008512a05f2000830249f09471e67695db8bc44aa6bf2014142c42221967ee9880b901040cc7326300000000000000000000000000000000000000000000000000000000000000a000000000000000000000000000000000000000000000000f732b66015a54000000000000000000000000000085998f6c99833d1127301928248c97b6f168bdad00000000000000000000000065d08a056c17ae13370565b04cf77d2afa1cb9fa00000000000000000000000000000000000000000000000000000000000000000000000000000000000000000000000000000000000000000000000000000002000000000000000000000000ac29373cbe03c88fb078488181f8a0650c58ca0800000000000000000000000024a9da1457f96c2b167d49377a776d302a5c4db3c001a050eac6a46341032a6e3d0fc1653b0c2ac2c03209ae5117d134cf8a54fa01db3ea04903442b4feafdc2031a0ed427f159ee1976c5c674079d8ca8d3997ad954c618"
      ],
      "blockNumber": "0xd"
    }
  ]
}
Trying URL: http://172.16.4.27:80/sequencer/eth_sendBundle
Bundle sent successfully. Status: 202
nonceOffset: 80
nonceOffset before: 80
Generating swaps with params: {
  targetBlockNumber: 13,
  txsPerBundle: 1,
  sendRoute: 3,
  txStrategy: 'univ2',
  profRpcUrl: 'http://172.16.4.27:80',
  nonceOffset: 80
}
Generating swaps with params: {}
Current nonce for 0x65D08a056c17Ae13370565B04cF77D2AfA1cB9FA: 18
Contract Addresses:
AtomicSwap: 0x71e67695DB8Bc44AA6BF2014142c42221967EE98
UniV2FactoryA: 0x85998F6C99833d1127301928248c97b6F168bDad
UniV2FactoryB: 0xf98265AeA01677961Bff51685B04eE3a6139206F
WETH: 0x24a9Da1457F96C2b167D49377A776d302A5C4dB3
DAI addresses: [ '0xAC29373CBe03C88Fb078488181F8a0650C58CA08' ]
[0x65D08a056c17Ae13370565B04cF77D2AfA1cB9FA] swapping 0.614791987673343605 WETH for DAI
Nonce calculation debug:
- currentNonce (from getTransactionCount): 18
- nonce.override: 80
- nonce.offset: undefined
- Final nonce value: 98
Sending bundle: [
  '0x02f90176833018246285012a05f2008512a05f2000830249f09471e67695db8bc44aa6bf2014142c42221967ee9880b901040cc7326300000000000000000000000000000000000000000000000000000000000000a000000000000000000000000000000000000000000000000008882e0e3406a675000000000000000000000000f98265aea01677961bff51685b04ee3a6139206f00000000000000000000000065d08a056c17ae13370565b04cf77d2afa1cb9fa0000000000000000000000000000000000000000000000000000000000000000000000000000000000000000000000000000000000000000000000000000000200000000000000000000000024a9da1457f96c2b167d49377a776d302a5c4db3000000000000000000000000ac29373cbe03c88fb078488181f8a0650c58ca08c080a041d9c07a296b0b7971544ac192394c2b768ead9ecd2be17cd58ff5d22a56600aa067aa8c828fd369513459be730c561b0a84104dfde60830e6ccd0d840d3c25715'
]
Sending bundle to Prof RPC: http://172.16.4.27:80
Request payload: {
  "jsonrpc": "2.0",
  "id": 1,
  "method": "eth_sendBundle",
  "params": [
    {
      "txs": [
        "0x02f90176833018246285012a05f2008512a05f2000830249f09471e67695db8bc44aa6bf2014142c42221967ee9880b901040cc7326300000000000000000000000000000000000000000000000000000000000000a000000000000000000000000000000000000000000000000008882e0e3406a675000000000000000000000000f98265aea01677961bff51685b04ee3a6139206f00000000000000000000000065d08a056c17ae13370565b04cf77d2afa1cb9fa0000000000000000000000000000000000000000000000000000000000000000000000000000000000000000000000000000000000000000000000000000000200000000000000000000000024a9da1457f96c2b167d49377a776d302a5c4db3000000000000000000000000ac29373cbe03c88fb078488181f8a0650c58ca08c080a041d9c07a296b0b7971544ac192394c2b768ead9ecd2be17cd58ff5d22a56600aa067aa8c828fd369513459be730c561b0a84104dfde60830e6ccd0d840d3c25715"
      ],
      "blockNumber": "0xd"
    }
  ]
}
Trying URL: http://172.16.4.27:80/sequencer/eth_sendBundle
Bundle sent successfully. Status: 202
nonceOffset: 81
nonceOffset before: 81
Generating swaps with params: {
  targetBlockNumber: 13,
  txsPerBundle: 1,
  sendRoute: 3,
  txStrategy: 'univ2',
  profRpcUrl: 'http://172.16.4.27:80',
  nonceOffset: 81
}
Generating swaps with params: {}
Current nonce for 0x65D08a056c17Ae13370565B04cF77D2AfA1cB9FA: 18
Contract Addresses:
AtomicSwap: 0x71e67695DB8Bc44AA6BF2014142c42221967EE98
UniV2FactoryA: 0x85998F6C99833d1127301928248c97b6F168bDad
UniV2FactoryB: 0xf98265AeA01677961Bff51685B04eE3a6139206F
WETH: 0x24a9Da1457F96C2b167D49377A776d302A5C4dB3
DAI addresses: [ '0xAC29373CBe03C88Fb078488181F8a0650C58CA08' ]
[0x65D08a056c17Ae13370565B04cF77D2AfA1cB9FA] swapping 185.0 DAI for WETH
Nonce calculation debug:
- currentNonce (from getTransactionCount): 18
- nonce.override: 81
- nonce.offset: undefined
- Final nonce value: 99
Sending bundle: [
  '0x02f90176833018246385012a05f2008512a05f2000830249f09471e67695db8bc44aa6bf2014142c42221967ee9880b901040cc7326300000000000000000000000000000000000000000000000000000000000000a000000000000000000000000000000000000000000000000a076407d3f744000000000000000000000000000085998f6c99833d1127301928248c97b6f168bdad00000000000000000000000065d08a056c17ae13370565b04cf77d2afa1cb9fa00000000000000000000000000000000000000000000000000000000000000000000000000000000000000000000000000000000000000000000000000000002000000000000000000000000ac29373cbe03c88fb078488181f8a0650c58ca0800000000000000000000000024a9da1457f96c2b167d49377a776d302a5c4db3c001a01e2fa1d4c47916f79a2b45709c6fcec3e28bc9ab8d2d5a9454b6673e04dc2b2fa06e2ffe3dbd633ec913025f30f1ac2bd5f90c400c22aac1d561b63dc3c76c3fb9'
]
Sending bundle to Prof RPC: http://172.16.4.27:80
Request payload: {
  "jsonrpc": "2.0",
  "id": 1,
  "method": "eth_sendBundle",
  "params": [
    {
      "txs": [
        "0x02f90176833018246385012a05f2008512a05f2000830249f09471e67695db8bc44aa6bf2014142c42221967ee9880b901040cc7326300000000000000000000000000000000000000000000000000000000000000a000000000000000000000000000000000000000000000000a076407d3f744000000000000000000000000000085998f6c99833d1127301928248c97b6f168bdad00000000000000000000000065d08a056c17ae13370565b04cf77d2afa1cb9fa00000000000000000000000000000000000000000000000000000000000000000000000000000000000000000000000000000000000000000000000000000002000000000000000000000000ac29373cbe03c88fb078488181f8a0650c58ca0800000000000000000000000024a9da1457f96c2b167d49377a776d302a5c4db3c001a01e2fa1d4c47916f79a2b45709c6fcec3e28bc9ab8d2d5a9454b6673e04dc2b2fa06e2ffe3dbd633ec913025f30f1ac2bd5f90c400c22aac1d561b63dc3c76c3fb9"
      ],
      "blockNumber": "0xd"
    }
  ]
}
Trying URL: http://172.16.4.27:80/sequencer/eth_sendBundle
Bundle sent successfully. Status: 202
nonceOffset: 82
nonceOffset before: 82
Generating swaps with params: {
  targetBlockNumber: 13,
  txsPerBundle: 1,
  sendRoute: 3,
  txStrategy: 'univ2',
  profRpcUrl: 'http://172.16.4.27:80',
  nonceOffset: 82
}
Generating swaps with params: {}
Current nonce for 0x65D08a056c17Ae13370565B04cF77D2AfA1cB9FA: 18
Contract Addresses:
AtomicSwap: 0x71e67695DB8Bc44AA6BF2014142c42221967EE98
UniV2FactoryA: 0x85998F6C99833d1127301928248c97b6F168bDad
UniV2FactoryB: 0xf98265AeA01677961Bff51685B04eE3a6139206F
WETH: 0x24a9Da1457F96C2b167D49377A776d302A5C4dB3
DAI addresses: [ '0xAC29373CBe03C88Fb078488181F8a0650C58CA08' ]
[0x65D08a056c17Ae13370565B04cF77D2AfA1cB9FA] swapping 0.411402157164869029 WETH for DAI
Nonce calculation debug:
- currentNonce (from getTransactionCount): 18
- nonce.override: 82
- nonce.offset: undefined
- Final nonce value: 100
Sending bundle: [
  '0x02f90176833018246485012a05f2008512a05f2000830249f09471e67695db8bc44aa6bf2014142c42221967ee9880b901040cc7326300000000000000000000000000000000000000000000000000000000000000a000000000000000000000000000000000000000000000000005b598150da435a5000000000000000000000000f98265aea01677961bff51685b04ee3a6139206f00000000000000000000000065d08a056c17ae13370565b04cf77d2afa1cb9fa0000000000000000000000000000000000000000000000000000000000000000000000000000000000000000000000000000000000000000000000000000000200000000000000000000000024a9da1457f96c2b167d49377a776d302a5c4db3000000000000000000000000ac29373cbe03c88fb078488181f8a0650c58ca08c001a0f7aebd35534dcd7b66c9f8282b7f4188d6d14afe889c0e3dc9bd8b9c11cd13afa027c1b30105cd656c1facfd0e3da1597bb47ebb75cb55e72b07f6dd816f05ec73'
]
Sending bundle to Prof RPC: http://172.16.4.27:80
Request payload: {
  "jsonrpc": "2.0",
  "id": 1,
  "method": "eth_sendBundle",
  "params": [
    {
      "txs": [
        "0x02f90176833018246485012a05f2008512a05f2000830249f09471e67695db8bc44aa6bf2014142c42221967ee9880b901040cc7326300000000000000000000000000000000000000000000000000000000000000a000000000000000000000000000000000000000000000000005b598150da435a5000000000000000000000000f98265aea01677961bff51685b04ee3a6139206f00000000000000000000000065d08a056c17ae13370565b04cf77d2afa1cb9fa0000000000000000000000000000000000000000000000000000000000000000000000000000000000000000000000000000000000000000000000000000000200000000000000000000000024a9da1457f96c2b167d49377a776d302a5c4db3000000000000000000000000ac29373cbe03c88fb078488181f8a0650c58ca08c001a0f7aebd35534dcd7b66c9f8282b7f4188d6d14afe889c0e3dc9bd8b9c11cd13afa027c1b30105cd656c1facfd0e3da1597bb47ebb75cb55e72b07f6dd816f05ec73"
      ],
      "blockNumber": "0xd"
    }
  ]
}
Trying URL: http://172.16.4.27:80/sequencer/eth_sendBundle
Bundle sent successfully. Status: 202
nonceOffset: 83
nonceOffset before: 83
Generating swaps with params: {
  targetBlockNumber: 13,
  txsPerBundle: 1,
  sendRoute: 3,
  txStrategy: 'univ2',
  profRpcUrl: 'http://172.16.4.27:80',
  nonceOffset: 83
}
Generating swaps with params: {}
Current nonce for 0x65D08a056c17Ae13370565B04cF77D2AfA1cB9FA: 18
Contract Addresses:
AtomicSwap: 0x71e67695DB8Bc44AA6BF2014142c42221967EE98
UniV2FactoryA: 0x85998F6C99833d1127301928248c97b6F168bDad
UniV2FactoryB: 0xf98265AeA01677961Bff51685B04eE3a6139206F
WETH: 0x24a9Da1457F96C2b167D49377A776d302A5C4dB3
DAI addresses: [ '0xAC29373CBe03C88Fb078488181F8a0650C58CA08' ]
[0x65D08a056c17Ae13370565B04cF77D2AfA1cB9FA] swapping 386.0 DAI for WETH
Nonce calculation debug:
- currentNonce (from getTransactionCount): 18
- nonce.override: 83
- nonce.offset: undefined
- Final nonce value: 101
Sending bundle: [
  '0x02f90176833018246585012a05f2008512a05f2000830249f09471e67695db8bc44aa6bf2014142c42221967ee9880b901040cc7326300000000000000000000000000000000000000000000000000000000000000a0000000000000000000000000000000000000000000000014ecd37ae264c8000000000000000000000000000085998f6c99833d1127301928248c97b6f168bdad00000000000000000000000065d08a056c17ae13370565b04cf77d2afa1cb9fa00000000000000000000000000000000000000000000000000000000000000000000000000000000000000000000000000000000000000000000000000000002000000000000000000000000ac29373cbe03c88fb078488181f8a0650c58ca0800000000000000000000000024a9da1457f96c2b167d49377a776d302a5c4db3c001a0907eb0166a8d417b289f481f05e9f910e010ca885ac3653805f4dd8d34aa7b97a021218b6b1a3185c4adefe96ae55053cd035a7bedc633586ab9f0ee5025a14f64'
]
Sending bundle to Prof RPC: http://172.16.4.27:80
Request payload: {
  "jsonrpc": "2.0",
  "id": 1,
  "method": "eth_sendBundle",
  "params": [
    {
      "txs": [
        "0x02f90176833018246585012a05f2008512a05f2000830249f09471e67695db8bc44aa6bf2014142c42221967ee9880b901040cc7326300000000000000000000000000000000000000000000000000000000000000a0000000000000000000000000000000000000000000000014ecd37ae264c8000000000000000000000000000085998f6c99833d1127301928248c97b6f168bdad00000000000000000000000065d08a056c17ae13370565b04cf77d2afa1cb9fa00000000000000000000000000000000000000000000000000000000000000000000000000000000000000000000000000000000000000000000000000000002000000000000000000000000ac29373cbe03c88fb078488181f8a0650c58ca0800000000000000000000000024a9da1457f96c2b167d49377a776d302a5c4db3c001a0907eb0166a8d417b289f481f05e9f910e010ca885ac3653805f4dd8d34aa7b97a021218b6b1a3185c4adefe96ae55053cd035a7bedc633586ab9f0ee5025a14f64"
      ],
      "blockNumber": "0xd"
    }
  ]
}
Trying URL: http://172.16.4.27:80/sequencer/eth_sendBundle
Bundle sent successfully. Status: 202
nonceOffset: 84
nonceOffset before: 84
Generating swaps with params: {
  targetBlockNumber: 13,
  txsPerBundle: 1,
  sendRoute: 3,
  txStrategy: 'univ2',
  profRpcUrl: 'http://172.16.4.27:80',
  nonceOffset: 84
}
Generating swaps with params: {}
Current nonce for 0x65D08a056c17Ae13370565B04cF77D2AfA1cB9FA: 18
Contract Addresses:
AtomicSwap: 0x71e67695DB8Bc44AA6BF2014142c42221967EE98
UniV2FactoryA: 0x85998F6C99833d1127301928248c97b6F168bDad
UniV2FactoryB: 0xf98265AeA01677961Bff51685B04eE3a6139206F
WETH: 0x24a9Da1457F96C2b167D49377A776d302A5C4dB3
DAI addresses: [ '0xAC29373CBe03C88Fb078488181F8a0650C58CA08' ]
[0x65D08a056c17Ae13370565B04cF77D2AfA1cB9FA] swapping 375.0 DAI for WETH
Nonce calculation debug:
- currentNonce (from getTransactionCount): 18
- nonce.override: 84
- nonce.offset: undefined
- Final nonce value: 102
Sending bundle: [
  '0x02f90176833018246685012a05f2008512a05f2000830249f09471e67695db8bc44aa6bf2014142c42221967ee9880b901040cc7326300000000000000000000000000000000000000000000000000000000000000a0000000000000000000000000000000000000000000000014542ba12a337c000000000000000000000000000085998f6c99833d1127301928248c97b6f168bdad00000000000000000000000065d08a056c17ae13370565b04cf77d2afa1cb9fa00000000000000000000000000000000000000000000000000000000000000000000000000000000000000000000000000000000000000000000000000000002000000000000000000000000ac29373cbe03c88fb078488181f8a0650c58ca0800000000000000000000000024a9da1457f96c2b167d49377a776d302a5c4db3c080a059645d46722c287224b5812940b64e0be4f92eef0ae1ffb5be3c4602d2aa9841a040b10d811db5838e820a57b5dd88c350d5cd901ae98c3258c035f0e0e21e3b51'
]
Sending bundle to Prof RPC: http://172.16.4.27:80
Request payload: {
  "jsonrpc": "2.0",
  "id": 1,
  "method": "eth_sendBundle",
  "params": [
    {
      "txs": [
        "0x02f90176833018246685012a05f2008512a05f2000830249f09471e67695db8bc44aa6bf2014142c42221967ee9880b901040cc7326300000000000000000000000000000000000000000000000000000000000000a0000000000000000000000000000000000000000000000014542ba12a337c000000000000000000000000000085998f6c99833d1127301928248c97b6f168bdad00000000000000000000000065d08a056c17ae13370565b04cf77d2afa1cb9fa00000000000000000000000000000000000000000000000000000000000000000000000000000000000000000000000000000000000000000000000000000002000000000000000000000000ac29373cbe03c88fb078488181f8a0650c58ca0800000000000000000000000024a9da1457f96c2b167d49377a776d302a5c4db3c080a059645d46722c287224b5812940b64e0be4f92eef0ae1ffb5be3c4602d2aa9841a040b10d811db5838e820a57b5dd88c350d5cd901ae98c3258c035f0e0e21e3b51"
      ],
      "blockNumber": "0xd"
    }
  ]
}
Trying URL: http://172.16.4.27:80/sequencer/eth_sendBundle
Bundle sent successfully. Status: 202
nonceOffset: 85
nonceOffset before: 85
Generating swaps with params: {
  targetBlockNumber: 13,
  txsPerBundle: 1,
  sendRoute: 3,
  txStrategy: 'univ2',
  profRpcUrl: 'http://172.16.4.27:80',
  nonceOffset: 85
}
Generating swaps with params: {}
Current nonce for 0x65D08a056c17Ae13370565B04cF77D2AfA1cB9FA: 18
Contract Addresses:
AtomicSwap: 0x71e67695DB8Bc44AA6BF2014142c42221967EE98
UniV2FactoryA: 0x85998F6C99833d1127301928248c97b6F168bDad
UniV2FactoryB: 0xf98265AeA01677961Bff51685B04eE3a6139206F
WETH: 0x24a9Da1457F96C2b167D49377A776d302A5C4dB3
DAI addresses: [ '0xAC29373CBe03C88Fb078488181F8a0650C58CA08' ]
[0x65D08a056c17Ae13370565B04cF77D2AfA1cB9FA] swapping 0.806476484194294525 WETH for DAI
Nonce calculation debug:
- currentNonce (from getTransactionCount): 18
- nonce.override: 85
- nonce.offset: undefined
- Final nonce value: 103
Sending bundle: [
  '0x02f90176833018246785012a05f2008512a05f2000830249f09471e67695db8bc44aa6bf2014142c42221967ee9880b901040cc7326300000000000000000000000000000000000000000000000000000000000000a00000000000000000000000000000000000000000000000000b312e16e81b5afd00000000000000000000000085998f6c99833d1127301928248c97b6f168bdad00000000000000000000000065d08a056c17ae13370565b04cf77d2afa1cb9fa0000000000000000000000000000000000000000000000000000000000000000000000000000000000000000000000000000000000000000000000000000000200000000000000000000000024a9da1457f96c2b167d49377a776d302a5c4db3000000000000000000000000ac29373cbe03c88fb078488181f8a0650c58ca08c080a0db9dee7b4a4a374e900247d72de785cfba35b51c5f9876a2b40618a9cf736d15a0034c3a718cc5ab280e44e6108ec5353947b17f3ebcafd8a3a1c8f20fc4599001'
]
Sending bundle to Prof RPC: http://172.16.4.27:80
Request payload: {
  "jsonrpc": "2.0",
  "id": 1,
  "method": "eth_sendBundle",
  "params": [
    {
      "txs": [
        "0x02f90176833018246785012a05f2008512a05f2000830249f09471e67695db8bc44aa6bf2014142c42221967ee9880b901040cc7326300000000000000000000000000000000000000000000000000000000000000a00000000000000000000000000000000000000000000000000b312e16e81b5afd00000000000000000000000085998f6c99833d1127301928248c97b6f168bdad00000000000000000000000065d08a056c17ae13370565b04cf77d2afa1cb9fa0000000000000000000000000000000000000000000000000000000000000000000000000000000000000000000000000000000000000000000000000000000200000000000000000000000024a9da1457f96c2b167d49377a776d302a5c4db3000000000000000000000000ac29373cbe03c88fb078488181f8a0650c58ca08c080a0db9dee7b4a4a374e900247d72de785cfba35b51c5f9876a2b40618a9cf736d15a0034c3a718cc5ab280e44e6108ec5353947b17f3ebcafd8a3a1c8f20fc4599001"
      ],
      "blockNumber": "0xd"
    }
  ]
}
Trying URL: http://172.16.4.27:80/sequencer/eth_sendBundle
Bundle sent successfully. Status: 202
nonceOffset: 86
nonceOffset before: 86
Generating swaps with params: {
  targetBlockNumber: 13,
  txsPerBundle: 1,
  sendRoute: 3,
  txStrategy: 'univ2',
  profRpcUrl: 'http://172.16.4.27:80',
  nonceOffset: 86
}
Generating swaps with params: {}
Current nonce for 0x65D08a056c17Ae13370565B04cF77D2AfA1cB9FA: 18
Contract Addresses:
AtomicSwap: 0x71e67695DB8Bc44AA6BF2014142c42221967EE98
UniV2FactoryA: 0x85998F6C99833d1127301928248c97b6F168bDad
UniV2FactoryB: 0xf98265AeA01677961Bff51685B04eE3a6139206F
WETH: 0x24a9Da1457F96C2b167D49377A776d302A5C4dB3
DAI addresses: [ '0xAC29373CBe03C88Fb078488181F8a0650C58CA08' ]
[0x65D08a056c17Ae13370565B04cF77D2AfA1cB9FA] swapping 0.327944572748267898 WETH for DAI
Nonce calculation debug:
- currentNonce (from getTransactionCount): 18
- nonce.override: 86
- nonce.offset: undefined
- Final nonce value: 104
Sending bundle: [
  '0x02f90176833018246885012a05f2008512a05f2000830249f09471e67695db8bc44aa6bf2014142c42221967ee9880b901040cc7326300000000000000000000000000000000000000000000000000000000000000a0000000000000000000000000000000000000000000000000048d17d9f4ad817a00000000000000000000000085998f6c99833d1127301928248c97b6f168bdad00000000000000000000000065d08a056c17ae13370565b04cf77d2afa1cb9fa0000000000000000000000000000000000000000000000000000000000000000000000000000000000000000000000000000000000000000000000000000000200000000000000000000000024a9da1457f96c2b167d49377a776d302a5c4db3000000000000000000000000ac29373cbe03c88fb078488181f8a0650c58ca08c080a0c860ffab94ed2aa32659cbb27116fee5f1ba67584ba24b9ae0d28bfeef677da7a01026d57cf5256d9c375c6e3a21a653cc1414a7d466fbfee49fab9eb647ac63e6'
]
Sending bundle to Prof RPC: http://172.16.4.27:80
Request payload: {
  "jsonrpc": "2.0",
  "id": 1,
  "method": "eth_sendBundle",
  "params": [
    {
      "txs": [
        "0x02f90176833018246885012a05f2008512a05f2000830249f09471e67695db8bc44aa6bf2014142c42221967ee9880b901040cc7326300000000000000000000000000000000000000000000000000000000000000a0000000000000000000000000000000000000000000000000048d17d9f4ad817a00000000000000000000000085998f6c99833d1127301928248c97b6f168bdad00000000000000000000000065d08a056c17ae13370565b04cf77d2afa1cb9fa0000000000000000000000000000000000000000000000000000000000000000000000000000000000000000000000000000000000000000000000000000000200000000000000000000000024a9da1457f96c2b167d49377a776d302a5c4db3000000000000000000000000ac29373cbe03c88fb078488181f8a0650c58ca08c080a0c860ffab94ed2aa32659cbb27116fee5f1ba67584ba24b9ae0d28bfeef677da7a01026d57cf5256d9c375c6e3a21a653cc1414a7d466fbfee49fab9eb647ac63e6"
      ],
      "blockNumber": "0xd"
    }
  ]
}
Trying URL: http://172.16.4.27:80/sequencer/eth_sendBundle
Bundle sent successfully. Status: 202
nonceOffset: 87
nonceOffset before: 87
Generating swaps with params: {
  targetBlockNumber: 13,
  txsPerBundle: 1,
  sendRoute: 3,
  txStrategy: 'univ2',
  profRpcUrl: 'http://172.16.4.27:80',
  nonceOffset: 87
}
Generating swaps with params: {}
Current nonce for 0x65D08a056c17Ae13370565B04cF77D2AfA1cB9FA: 18
Contract Addresses:
AtomicSwap: 0x71e67695DB8Bc44AA6BF2014142c42221967EE98
UniV2FactoryA: 0x85998F6C99833d1127301928248c97b6F168bDad
UniV2FactoryB: 0xf98265AeA01677961Bff51685B04eE3a6139206F
WETH: 0x24a9Da1457F96C2b167D49377A776d302A5C4dB3
DAI addresses: [ '0xAC29373CBe03C88Fb078488181F8a0650C58CA08' ]
[0x65D08a056c17Ae13370565B04cF77D2AfA1cB9FA] swapping 0.416024653312788906 WETH for DAI
Nonce calculation debug:
- currentNonce (from getTransactionCount): 18
- nonce.override: 87
- nonce.offset: undefined
- Final nonce value: 105
Sending bundle: [
  '0x02f90176833018246985012a05f2008512a05f2000830249f09471e67695db8bc44aa6bf2014142c42221967ee9880b901040cc7326300000000000000000000000000000000000000000000000000000000000000a000000000000000000000000000000000000000000000000005c60437ce8389aa000000000000000000000000f98265aea01677961bff51685b04ee3a6139206f00000000000000000000000065d08a056c17ae13370565b04cf77d2afa1cb9fa0000000000000000000000000000000000000000000000000000000000000000000000000000000000000000000000000000000000000000000000000000000200000000000000000000000024a9da1457f96c2b167d49377a776d302a5c4db3000000000000000000000000ac29373cbe03c88fb078488181f8a0650c58ca08c001a0e0260ec3fc4776faf55e13f7805de2389c3e35dea6426b40130a3aeb9e205f66a008be58a798df02045d095b9853d903e05b3d354bf47be788843f4cfaaea3e839'
]
Sending bundle to Prof RPC: http://172.16.4.27:80
Request payload: {
  "jsonrpc": "2.0",
  "id": 1,
  "method": "eth_sendBundle",
  "params": [
    {
      "txs": [
        "0x02f90176833018246985012a05f2008512a05f2000830249f09471e67695db8bc44aa6bf2014142c42221967ee9880b901040cc7326300000000000000000000000000000000000000000000000000000000000000a000000000000000000000000000000000000000000000000005c60437ce8389aa000000000000000000000000f98265aea01677961bff51685b04ee3a6139206f00000000000000000000000065d08a056c17ae13370565b04cf77d2afa1cb9fa0000000000000000000000000000000000000000000000000000000000000000000000000000000000000000000000000000000000000000000000000000000200000000000000000000000024a9da1457f96c2b167d49377a776d302a5c4db3000000000000000000000000ac29373cbe03c88fb078488181f8a0650c58ca08c001a0e0260ec3fc4776faf55e13f7805de2389c3e35dea6426b40130a3aeb9e205f66a008be58a798df02045d095b9853d903e05b3d354bf47be788843f4cfaaea3e839"
      ],
      "blockNumber": "0xd"
    }
  ]
}
Trying URL: http://172.16.4.27:80/sequencer/eth_sendBundle
Bundle sent successfully. Status: 202
nonceOffset: 88
nonceOffset before: 88
Generating swaps with params: {
  targetBlockNumber: 13,
  txsPerBundle: 1,
  sendRoute: 3,
  txStrategy: 'univ2',
  profRpcUrl: 'http://172.16.4.27:80',
  nonceOffset: 88
}
Generating swaps with params: {}
Current nonce for 0x65D08a056c17Ae13370565B04cF77D2AfA1cB9FA: 18
Contract Addresses:
AtomicSwap: 0x71e67695DB8Bc44AA6BF2014142c42221967EE98
UniV2FactoryA: 0x85998F6C99833d1127301928248c97b6F168bDad
UniV2FactoryB: 0xf98265AeA01677961Bff51685B04eE3a6139206F
WETH: 0x24a9Da1457F96C2b167D49377A776d302A5C4dB3
DAI addresses: [ '0xAC29373CBe03C88Fb078488181F8a0650C58CA08' ]
[0x65D08a056c17Ae13370565B04cF77D2AfA1cB9FA] swapping 549.0 DAI for WETH
Nonce calculation debug:
- currentNonce (from getTransactionCount): 18
- nonce.override: 88
- nonce.offset: undefined
- Final nonce value: 106
Sending bundle: [
  '0x02f90176833018246a85012a05f2008512a05f2000830249f09471e67695db8bc44aa6bf2014142c42221967ee9880b901040cc7326300000000000000000000000000000000000000000000000000000000000000a000000000000000000000000000000000000000000000001dc2e7cf45f9740000000000000000000000000000f98265aea01677961bff51685b04ee3a6139206f00000000000000000000000065d08a056c17ae13370565b04cf77d2afa1cb9fa00000000000000000000000000000000000000000000000000000000000000000000000000000000000000000000000000000000000000000000000000000002000000000000000000000000ac29373cbe03c88fb078488181f8a0650c58ca0800000000000000000000000024a9da1457f96c2b167d49377a776d302a5c4db3c080a0145f91b53f05ed3e95c29b4d5a414d5b39956b9b6555c72f0d3b69bf0b615e94a06abbc605e59b979312a835c9aaaf46414f6b5f92092e51807ac8adf514510822'
]
Sending bundle to Prof RPC: http://172.16.4.27:80
Request payload: {
  "jsonrpc": "2.0",
  "id": 1,
  "method": "eth_sendBundle",
  "params": [
    {
      "txs": [
        "0x02f90176833018246a85012a05f2008512a05f2000830249f09471e67695db8bc44aa6bf2014142c42221967ee9880b901040cc7326300000000000000000000000000000000000000000000000000000000000000a000000000000000000000000000000000000000000000001dc2e7cf45f9740000000000000000000000000000f98265aea01677961bff51685b04ee3a6139206f00000000000000000000000065d08a056c17ae13370565b04cf77d2afa1cb9fa00000000000000000000000000000000000000000000000000000000000000000000000000000000000000000000000000000000000000000000000000000002000000000000000000000000ac29373cbe03c88fb078488181f8a0650c58ca0800000000000000000000000024a9da1457f96c2b167d49377a776d302a5c4db3c080a0145f91b53f05ed3e95c29b4d5a414d5b39956b9b6555c72f0d3b69bf0b615e94a06abbc605e59b979312a835c9aaaf46414f6b5f92092e51807ac8adf514510822"
      ],
      "blockNumber": "0xd"
    }
  ]
}
Trying URL: http://172.16.4.27:80/sequencer/eth_sendBundle
Bundle sent successfully. Status: 202
nonceOffset: 89
nonceOffset before: 89
Generating swaps with params: {
  targetBlockNumber: 13,
  txsPerBundle: 1,
  sendRoute: 3,
  txStrategy: 'univ2',
  profRpcUrl: 'http://172.16.4.27:80',
  nonceOffset: 89
}
Generating swaps with params: {}
Current nonce for 0x65D08a056c17Ae13370565B04cF77D2AfA1cB9FA: 18
Contract Addresses:
AtomicSwap: 0x71e67695DB8Bc44AA6BF2014142c42221967EE98
UniV2FactoryA: 0x85998F6C99833d1127301928248c97b6F168bDad
UniV2FactoryB: 0xf98265AeA01677961Bff51685B04eE3a6139206F
WETH: 0x24a9Da1457F96C2b167D49377A776d302A5C4dB3
DAI addresses: [ '0xAC29373CBe03C88Fb078488181F8a0650C58CA08' ]
[0x65D08a056c17Ae13370565B04cF77D2AfA1cB9FA] swapping 0.56086286594761171 WETH for DAI
Nonce calculation debug:
- currentNonce (from getTransactionCount): 18
- nonce.override: 89
- nonce.offset: undefined
- Final nonce value: 107
Sending bundle: [
  '0x02f90176833018246b85012a05f2008512a05f2000830249f09471e67695db8bc44aa6bf2014142c42221967ee9880b901040cc7326300000000000000000000000000000000000000000000000000000000000000a000000000000000000000000000000000000000000000000007c895ce1483d23e00000000000000000000000085998f6c99833d1127301928248c97b6f168bdad00000000000000000000000065d08a056c17ae13370565b04cf77d2afa1cb9fa0000000000000000000000000000000000000000000000000000000000000000000000000000000000000000000000000000000000000000000000000000000200000000000000000000000024a9da1457f96c2b167d49377a776d302a5c4db3000000000000000000000000ac29373cbe03c88fb078488181f8a0650c58ca08c080a0c71af19c2b31d6e80125c4c6d49d0ebd557f621bb793a04705067ce10a6f2805a015913566c1d06449c7467206f14fbba36f5b27575b23e6f39d02dca3e27b653d'
]
Sending bundle to Prof RPC: http://172.16.4.27:80
Request payload: {
  "jsonrpc": "2.0",
  "id": 1,
  "method": "eth_sendBundle",
  "params": [
    {
      "txs": [
        "0x02f90176833018246b85012a05f2008512a05f2000830249f09471e67695db8bc44aa6bf2014142c42221967ee9880b901040cc7326300000000000000000000000000000000000000000000000000000000000000a000000000000000000000000000000000000000000000000007c895ce1483d23e00000000000000000000000085998f6c99833d1127301928248c97b6f168bdad00000000000000000000000065d08a056c17ae13370565b04cf77d2afa1cb9fa0000000000000000000000000000000000000000000000000000000000000000000000000000000000000000000000000000000000000000000000000000000200000000000000000000000024a9da1457f96c2b167d49377a776d302a5c4db3000000000000000000000000ac29373cbe03c88fb078488181f8a0650c58ca08c080a0c71af19c2b31d6e80125c4c6d49d0ebd557f621bb793a04705067ce10a6f2805a015913566c1d06449c7467206f14fbba36f5b27575b23e6f39d02dca3e27b653d"
      ],
      "blockNumber": "0xd"
    }
  ]
}
Trying URL: http://172.16.4.27:80/sequencer/eth_sendBundle
Bundle sent successfully. Status: 202
nonceOffset: 90
nonceOffset before: 90
Generating swaps with params: {
  targetBlockNumber: 13,
  txsPerBundle: 1,
  sendRoute: 3,
  txStrategy: 'univ2',
  profRpcUrl: 'http://172.16.4.27:80',
  nonceOffset: 90
}
Generating swaps with params: {}
Current nonce for 0x65D08a056c17Ae13370565B04cF77D2AfA1cB9FA: 18
Contract Addresses:
AtomicSwap: 0x71e67695DB8Bc44AA6BF2014142c42221967EE98
UniV2FactoryA: 0x85998F6C99833d1127301928248c97b6F168bDad
UniV2FactoryB: 0xf98265AeA01677961Bff51685B04eE3a6139206F
WETH: 0x24a9Da1457F96C2b167D49377A776d302A5C4dB3
DAI addresses: [ '0xAC29373CBe03C88Fb078488181F8a0650C58CA08' ]
[0x65D08a056c17Ae13370565B04cF77D2AfA1cB9FA] swapping 0.116243264049268668 WETH for DAI
Nonce calculation debug:
- currentNonce (from getTransactionCount): 18
- nonce.override: 90
- nonce.offset: undefined
- Final nonce value: 108
Sending bundle: [
  '0x02f90176833018246c85012a05f2008512a05f2000830249f09471e67695db8bc44aa6bf2014142c42221967ee9880b901040cc7326300000000000000000000000000000000000000000000000000000000000000a0000000000000000000000000000000000000000000000000019cfaa1fd3047bc000000000000000000000000f98265aea01677961bff51685b04ee3a6139206f00000000000000000000000065d08a056c17ae13370565b04cf77d2afa1cb9fa0000000000000000000000000000000000000000000000000000000000000000000000000000000000000000000000000000000000000000000000000000000200000000000000000000000024a9da1457f96c2b167d49377a776d302a5c4db3000000000000000000000000ac29373cbe03c88fb078488181f8a0650c58ca08c080a03bc35ef172d62a8328f7388f071c8fd2f4b0ca3ebe6318befae20eb555b56efaa010ec915eac9275c005e250fa023c5b99e6c5397ac5a76923f45e8053bcfefe16'
]
Sending bundle to Prof RPC: http://172.16.4.27:80
Request payload: {
  "jsonrpc": "2.0",
  "id": 1,
  "method": "eth_sendBundle",
  "params": [
    {
      "txs": [
        "0x02f90176833018246c85012a05f2008512a05f2000830249f09471e67695db8bc44aa6bf2014142c42221967ee9880b901040cc7326300000000000000000000000000000000000000000000000000000000000000a0000000000000000000000000000000000000000000000000019cfaa1fd3047bc000000000000000000000000f98265aea01677961bff51685b04ee3a6139206f00000000000000000000000065d08a056c17ae13370565b04cf77d2afa1cb9fa0000000000000000000000000000000000000000000000000000000000000000000000000000000000000000000000000000000000000000000000000000000200000000000000000000000024a9da1457f96c2b167d49377a776d302a5c4db3000000000000000000000000ac29373cbe03c88fb078488181f8a0650c58ca08c080a03bc35ef172d62a8328f7388f071c8fd2f4b0ca3ebe6318befae20eb555b56efaa010ec915eac9275c005e250fa023c5b99e6c5397ac5a76923f45e8053bcfefe16"
      ],
      "blockNumber": "0xd"
    }
  ]
}
Trying URL: http://172.16.4.27:80/sequencer/eth_sendBundle
Bundle sent successfully. Status: 202
nonceOffset: 91
nonceOffset before: 91
Generating swaps with params: {
  targetBlockNumber: 13,
  txsPerBundle: 1,
  sendRoute: 3,
  txStrategy: 'univ2',
  profRpcUrl: 'http://172.16.4.27:80',
  nonceOffset: 91
}
Generating swaps with params: {}
Current nonce for 0x65D08a056c17Ae13370565B04cF77D2AfA1cB9FA: 18
Contract Addresses:
AtomicSwap: 0x71e67695DB8Bc44AA6BF2014142c42221967EE98
UniV2FactoryA: 0x85998F6C99833d1127301928248c97b6F168bDad
UniV2FactoryB: 0xf98265AeA01677961Bff51685B04eE3a6139206F
WETH: 0x24a9Da1457F96C2b167D49377A776d302A5C4dB3
DAI addresses: [ '0xAC29373CBe03C88Fb078488181F8a0650C58CA08' ]
[0x65D08a056c17Ae13370565B04cF77D2AfA1cB9FA] swapping 759.0 DAI for WETH
Nonce calculation debug:
- currentNonce (from getTransactionCount): 18
- nonce.override: 91
- nonce.offset: undefined
- Final nonce value: 109
Sending bundle: [
  '0x02f90176833018246d85012a05f2008512a05f2000830249f09471e67695db8bc44aa6bf2014142c42221967ee9880b901040cc7326300000000000000000000000000000000000000000000000000000000000000a0000000000000000000000000000000000000000000000029253daea5497c0000000000000000000000000000f98265aea01677961bff51685b04ee3a6139206f00000000000000000000000065d08a056c17ae13370565b04cf77d2afa1cb9fa00000000000000000000000000000000000000000000000000000000000000000000000000000000000000000000000000000000000000000000000000000002000000000000000000000000ac29373cbe03c88fb078488181f8a0650c58ca0800000000000000000000000024a9da1457f96c2b167d49377a776d302a5c4db3c080a05ecd35ce8adb32484d6667460f58be3af2282988140f09f99c847b374e044b64a03905854b82371be550644ae31c60b3e973fe555a0760dc878b10fdb9327a2e97'
]
Sending bundle to Prof RPC: http://172.16.4.27:80
Request payload: {
  "jsonrpc": "2.0",
  "id": 1,
  "method": "eth_sendBundle",
  "params": [
    {
      "txs": [
        "0x02f90176833018246d85012a05f2008512a05f2000830249f09471e67695db8bc44aa6bf2014142c42221967ee9880b901040cc7326300000000000000000000000000000000000000000000000000000000000000a0000000000000000000000000000000000000000000000029253daea5497c0000000000000000000000000000f98265aea01677961bff51685b04ee3a6139206f00000000000000000000000065d08a056c17ae13370565b04cf77d2afa1cb9fa00000000000000000000000000000000000000000000000000000000000000000000000000000000000000000000000000000000000000000000000000000002000000000000000000000000ac29373cbe03c88fb078488181f8a0650c58ca0800000000000000000000000024a9da1457f96c2b167d49377a776d302a5c4db3c080a05ecd35ce8adb32484d6667460f58be3af2282988140f09f99c847b374e044b64a03905854b82371be550644ae31c60b3e973fe555a0760dc878b10fdb9327a2e97"
      ],
      "blockNumber": "0xd"
    }
  ]
}
Trying URL: http://172.16.4.27:80/sequencer/eth_sendBundle
Bundle sent successfully. Status: 202
nonceOffset: 92
nonceOffset before: 92
Generating swaps with params: {
  targetBlockNumber: 13,
  txsPerBundle: 1,
  sendRoute: 3,
  txStrategy: 'univ2',
  profRpcUrl: 'http://172.16.4.27:80',
  nonceOffset: 92
}
Generating swaps with params: {}
Current nonce for 0x65D08a056c17Ae13370565B04cF77D2AfA1cB9FA: 18
Contract Addresses:
AtomicSwap: 0x71e67695DB8Bc44AA6BF2014142c42221967EE98
UniV2FactoryA: 0x85998F6C99833d1127301928248c97b6F168bDad
UniV2FactoryB: 0xf98265AeA01677961Bff51685B04eE3a6139206F
WETH: 0x24a9Da1457F96C2b167D49377A776d302A5C4dB3
DAI addresses: [ '0xAC29373CBe03C88Fb078488181F8a0650C58CA08' ]
[0x65D08a056c17Ae13370565B04cF77D2AfA1cB9FA] swapping 0.13625866050808314 WETH for DAI
Nonce calculation debug:
- currentNonce (from getTransactionCount): 18
- nonce.override: 92
- nonce.offset: undefined
- Final nonce value: 110
Sending bundle: [
  '0x02f90176833018246e85012a05f2008512a05f2000830249f09471e67695db8bc44aa6bf2014142c42221967ee9880b901040cc7326300000000000000000000000000000000000000000000000000000000000000a000000000000000000000000000000000000000000000000001e41687a127a3c4000000000000000000000000f98265aea01677961bff51685b04ee3a6139206f00000000000000000000000065d08a056c17ae13370565b04cf77d2afa1cb9fa0000000000000000000000000000000000000000000000000000000000000000000000000000000000000000000000000000000000000000000000000000000200000000000000000000000024a9da1457f96c2b167d49377a776d302a5c4db3000000000000000000000000ac29373cbe03c88fb078488181f8a0650c58ca08c001a0263cf77a6e9ea83939445ccfe57c2974e0cd47707386f3a1069bd041acce63aaa0075316be751092d4b0b36db29c5196a2a96fd076150dae8ebaf9e00b7090a10a'
]
Sending bundle to Prof RPC: http://172.16.4.27:80
Request payload: {
  "jsonrpc": "2.0",
  "id": 1,
  "method": "eth_sendBundle",
  "params": [
    {
      "txs": [
        "0x02f90176833018246e85012a05f2008512a05f2000830249f09471e67695db8bc44aa6bf2014142c42221967ee9880b901040cc7326300000000000000000000000000000000000000000000000000000000000000a000000000000000000000000000000000000000000000000001e41687a127a3c4000000000000000000000000f98265aea01677961bff51685b04ee3a6139206f00000000000000000000000065d08a056c17ae13370565b04cf77d2afa1cb9fa0000000000000000000000000000000000000000000000000000000000000000000000000000000000000000000000000000000000000000000000000000000200000000000000000000000024a9da1457f96c2b167d49377a776d302a5c4db3000000000000000000000000ac29373cbe03c88fb078488181f8a0650c58ca08c001a0263cf77a6e9ea83939445ccfe57c2974e0cd47707386f3a1069bd041acce63aaa0075316be751092d4b0b36db29c5196a2a96fd076150dae8ebaf9e00b7090a10a"
      ],
      "blockNumber": "0xd"
    }
  ]
}
Trying URL: http://172.16.4.27:80/sequencer/eth_sendBundle
Bundle sent successfully. Status: 202
nonceOffset: 93
nonceOffset before: 93
Generating swaps with params: {
  targetBlockNumber: 13,
  txsPerBundle: 1,
  sendRoute: 3,
  txStrategy: 'univ2',
  profRpcUrl: 'http://172.16.4.27:80',
  nonceOffset: 93
}
Generating swaps with params: {}
Current nonce for 0x65D08a056c17Ae13370565B04cF77D2AfA1cB9FA: 18
Contract Addresses:
AtomicSwap: 0x71e67695DB8Bc44AA6BF2014142c42221967EE98
UniV2FactoryA: 0x85998F6C99833d1127301928248c97b6F168bDad
UniV2FactoryB: 0xf98265AeA01677961Bff51685B04eE3a6139206F
WETH: 0x24a9Da1457F96C2b167D49377A776d302A5C4dB3
DAI addresses: [ '0xAC29373CBe03C88Fb078488181F8a0650C58CA08' ]
[0x65D08a056c17Ae13370565B04cF77D2AfA1cB9FA] swapping 0.703389830508474576 WETH for DAI
Nonce calculation debug:
- currentNonce (from getTransactionCount): 18
- nonce.override: 93
- nonce.offset: undefined
- Final nonce value: 111
Sending bundle: [
  '0x02f90176833018246f85012a05f2008512a05f2000830249f09471e67695db8bc44aa6bf2014142c42221967ee9880b901040cc7326300000000000000000000000000000000000000000000000000000000000000a000000000000000000000000000000000000000000000000009c2f152fa1470d000000000000000000000000085998f6c99833d1127301928248c97b6f168bdad00000000000000000000000065d08a056c17ae13370565b04cf77d2afa1cb9fa0000000000000000000000000000000000000000000000000000000000000000000000000000000000000000000000000000000000000000000000000000000200000000000000000000000024a9da1457f96c2b167d49377a776d302a5c4db3000000000000000000000000ac29373cbe03c88fb078488181f8a0650c58ca08c001a0756143fecb9764fc5ab13407a08bae44dadeaaa4f2cf41036a682d82ab36cdfba03abd4ad14fa09a0df175edeb24a57816f765d89d8ee1e91653a357755f7c0a5a'
]
Sending bundle to Prof RPC: http://172.16.4.27:80
Request payload: {
  "jsonrpc": "2.0",
  "id": 1,
  "method": "eth_sendBundle",
  "params": [
    {
      "txs": [
        "0x02f90176833018246f85012a05f2008512a05f2000830249f09471e67695db8bc44aa6bf2014142c42221967ee9880b901040cc7326300000000000000000000000000000000000000000000000000000000000000a000000000000000000000000000000000000000000000000009c2f152fa1470d000000000000000000000000085998f6c99833d1127301928248c97b6f168bdad00000000000000000000000065d08a056c17ae13370565b04cf77d2afa1cb9fa0000000000000000000000000000000000000000000000000000000000000000000000000000000000000000000000000000000000000000000000000000000200000000000000000000000024a9da1457f96c2b167d49377a776d302a5c4db3000000000000000000000000ac29373cbe03c88fb078488181f8a0650c58ca08c001a0756143fecb9764fc5ab13407a08bae44dadeaaa4f2cf41036a682d82ab36cdfba03abd4ad14fa09a0df175edeb24a57816f765d89d8ee1e91653a357755f7c0a5a"
      ],
      "blockNumber": "0xd"
    }
  ]
}
Trying URL: http://172.16.4.27:80/sequencer/eth_sendBundle
Bundle sent successfully. Status: 202
nonceOffset: 94
nonceOffset before: 94
Generating swaps with params: {
  targetBlockNumber: 13,
  txsPerBundle: 1,
  sendRoute: 3,
  txStrategy: 'univ2',
  profRpcUrl: 'http://172.16.4.27:80',
  nonceOffset: 94
}
Generating swaps with params: {}
Current nonce for 0x65D08a056c17Ae13370565B04cF77D2AfA1cB9FA: 18
Contract Addresses:
AtomicSwap: 0x71e67695DB8Bc44AA6BF2014142c42221967EE98
UniV2FactoryA: 0x85998F6C99833d1127301928248c97b6F168bDad
UniV2FactoryB: 0xf98265AeA01677961Bff51685B04eE3a6139206F
WETH: 0x24a9Da1457F96C2b167D49377A776d302A5C4dB3
DAI addresses: [ '0xAC29373CBe03C88Fb078488181F8a0650C58CA08' ]
[0x65D08a056c17Ae13370565B04cF77D2AfA1cB9FA] swapping 0.335642802155504234 WETH for DAI
Nonce calculation debug:
- currentNonce (from getTransactionCount): 18
- nonce.override: 94
- nonce.offset: undefined
- Final nonce value: 112
Sending bundle: [
  '0x02f90176833018247085012a05f2008512a05f2000830249f09471e67695db8bc44aa6bf2014142c42221967ee9880b901040cc7326300000000000000000000000000000000000000000000000000000000000000a000000000000000000000000000000000000000000000000004a87159a9e5426a000000000000000000000000f98265aea01677961bff51685b04ee3a6139206f00000000000000000000000065d08a056c17ae13370565b04cf77d2afa1cb9fa0000000000000000000000000000000000000000000000000000000000000000000000000000000000000000000000000000000000000000000000000000000200000000000000000000000024a9da1457f96c2b167d49377a776d302a5c4db3000000000000000000000000ac29373cbe03c88fb078488181f8a0650c58ca08c001a06c92bfe3355c68ca7d4deda75c54e232ee3cefebf0b6542e2ed416956b7619f0a046a6ef918cb8158f5929053e843ed6ee1e3e0108de6eeccc28271462980dbbed'
]
Sending bundle to Prof RPC: http://172.16.4.27:80
Request payload: {
  "jsonrpc": "2.0",
  "id": 1,
  "method": "eth_sendBundle",
  "params": [
    {
      "txs": [
        "0x02f90176833018247085012a05f2008512a05f2000830249f09471e67695db8bc44aa6bf2014142c42221967ee9880b901040cc7326300000000000000000000000000000000000000000000000000000000000000a000000000000000000000000000000000000000000000000004a87159a9e5426a000000000000000000000000f98265aea01677961bff51685b04ee3a6139206f00000000000000000000000065d08a056c17ae13370565b04cf77d2afa1cb9fa0000000000000000000000000000000000000000000000000000000000000000000000000000000000000000000000000000000000000000000000000000000200000000000000000000000024a9da1457f96c2b167d49377a776d302a5c4db3000000000000000000000000ac29373cbe03c88fb078488181f8a0650c58ca08c001a06c92bfe3355c68ca7d4deda75c54e232ee3cefebf0b6542e2ed416956b7619f0a046a6ef918cb8158f5929053e843ed6ee1e3e0108de6eeccc28271462980dbbed"
      ],
      "blockNumber": "0xd"
    }
  ]
}
Trying URL: http://172.16.4.27:80/sequencer/eth_sendBundle
Bundle sent successfully. Status: 202
nonceOffset: 95
nonceOffset before: 95
Generating swaps with params: {
  targetBlockNumber: 13,
  txsPerBundle: 1,
  sendRoute: 3,
  txStrategy: 'univ2',
  profRpcUrl: 'http://172.16.4.27:80',
  nonceOffset: 95
}
Generating swaps with params: {}
Current nonce for 0x65D08a056c17Ae13370565B04cF77D2AfA1cB9FA: 18
Contract Addresses:
AtomicSwap: 0x71e67695DB8Bc44AA6BF2014142c42221967EE98
UniV2FactoryA: 0x85998F6C99833d1127301928248c97b6F168bDad
UniV2FactoryB: 0xf98265AeA01677961Bff51685B04eE3a6139206F
WETH: 0x24a9Da1457F96C2b167D49377A776d302A5C4dB3
DAI addresses: [ '0xAC29373CBe03C88Fb078488181F8a0650C58CA08' ]
[0x65D08a056c17Ae13370565B04cF77D2AfA1cB9FA] swapping 0.506163328197226502 WETH for DAI
Nonce calculation debug:
- currentNonce (from getTransactionCount): 18
- nonce.override: 95
- nonce.offset: undefined
- Final nonce value: 113
Sending bundle: [
  '0x02f90176833018247185012a05f2008512a05f2000830249f09471e67695db8bc44aa6bf2014142c42221967ee9880b901040cc7326300000000000000000000000000000000000000000000000000000000000000a0000000000000000000000000000000000000000000000000070640dd7f86700600000000000000000000000085998f6c99833d1127301928248c97b6f168bdad00000000000000000000000065d08a056c17ae13370565b04cf77d2afa1cb9fa0000000000000000000000000000000000000000000000000000000000000000000000000000000000000000000000000000000000000000000000000000000200000000000000000000000024a9da1457f96c2b167d49377a776d302a5c4db3000000000000000000000000ac29373cbe03c88fb078488181f8a0650c58ca08c080a0ba8aa4ad037319729a213ac7f308147109f5d37796cbedee80c9690c20bdf5d2a036c13b2f84eccb1066e6c61caee87b5a977ee3dc5347c53e0afbe58df62e710b'
]
Sending bundle to Prof RPC: http://172.16.4.27:80
Request payload: {
  "jsonrpc": "2.0",
  "id": 1,
  "method": "eth_sendBundle",
  "params": [
    {
      "txs": [
        "0x02f90176833018247185012a05f2008512a05f2000830249f09471e67695db8bc44aa6bf2014142c42221967ee9880b901040cc7326300000000000000000000000000000000000000000000000000000000000000a0000000000000000000000000000000000000000000000000070640dd7f86700600000000000000000000000085998f6c99833d1127301928248c97b6f168bdad00000000000000000000000065d08a056c17ae13370565b04cf77d2afa1cb9fa0000000000000000000000000000000000000000000000000000000000000000000000000000000000000000000000000000000000000000000000000000000200000000000000000000000024a9da1457f96c2b167d49377a776d302a5c4db3000000000000000000000000ac29373cbe03c88fb078488181f8a0650c58ca08c080a0ba8aa4ad037319729a213ac7f308147109f5d37796cbedee80c9690c20bdf5d2a036c13b2f84eccb1066e6c61caee87b5a977ee3dc5347c53e0afbe58df62e710b"
      ],
      "blockNumber": "0xd"
    }
  ]
}
Trying URL: http://172.16.4.27:80/sequencer/eth_sendBundle
Bundle sent successfully. Status: 202
nonceOffset: 96
nonceOffset before: 96
Generating swaps with params: {
  targetBlockNumber: 13,
  txsPerBundle: 1,
  sendRoute: 3,
  txStrategy: 'univ2',
  profRpcUrl: 'http://172.16.4.27:80',
  nonceOffset: 96
}
Generating swaps with params: {}
Current nonce for 0x65D08a056c17Ae13370565B04cF77D2AfA1cB9FA: 18
Contract Addresses:
AtomicSwap: 0x71e67695DB8Bc44AA6BF2014142c42221967EE98
UniV2FactoryA: 0x85998F6C99833d1127301928248c97b6F168bDad
UniV2FactoryB: 0xf98265AeA01677961Bff51685B04eE3a6139206F
WETH: 0x24a9Da1457F96C2b167D49377A776d302A5C4dB3
DAI addresses: [ '0xAC29373CBe03C88Fb078488181F8a0650C58CA08' ]
[0x65D08a056c17Ae13370565B04cF77D2AfA1cB9FA] swapping 114.0 DAI for WETH
Nonce calculation debug:
- currentNonce (from getTransactionCount): 18
- nonce.override: 96
- nonce.offset: undefined
- Final nonce value: 114
Sending bundle: [
  '0x02f90176833018247285012a05f2008512a05f2000830249f09471e67695db8bc44aa6bf2014142c42221967ee9880b901040cc7326300000000000000000000000000000000000000000000000000000000000000a00000000000000000000000000000000000000000000000062e115c008a88000000000000000000000000000085998f6c99833d1127301928248c97b6f168bdad00000000000000000000000065d08a056c17ae13370565b04cf77d2afa1cb9fa00000000000000000000000000000000000000000000000000000000000000000000000000000000000000000000000000000000000000000000000000000002000000000000000000000000ac29373cbe03c88fb078488181f8a0650c58ca0800000000000000000000000024a9da1457f96c2b167d49377a776d302a5c4db3c001a00634428d335f7ad5207986a3549b41cd740e9a1924b5449b8b342d05b342c0fea012597bb5502686cc689a3f04c07c08f98d3b275f19da7d8ea1b2d4b652905935'
]
Sending bundle to Prof RPC: http://172.16.4.27:80
Request payload: {
  "jsonrpc": "2.0",
  "id": 1,
  "method": "eth_sendBundle",
  "params": [
    {
      "txs": [
        "0x02f90176833018247285012a05f2008512a05f2000830249f09471e67695db8bc44aa6bf2014142c42221967ee9880b901040cc7326300000000000000000000000000000000000000000000000000000000000000a00000000000000000000000000000000000000000000000062e115c008a88000000000000000000000000000085998f6c99833d1127301928248c97b6f168bdad00000000000000000000000065d08a056c17ae13370565b04cf77d2afa1cb9fa00000000000000000000000000000000000000000000000000000000000000000000000000000000000000000000000000000000000000000000000000000002000000000000000000000000ac29373cbe03c88fb078488181f8a0650c58ca0800000000000000000000000024a9da1457f96c2b167d49377a776d302a5c4db3c001a00634428d335f7ad5207986a3549b41cd740e9a1924b5449b8b342d05b342c0fea012597bb5502686cc689a3f04c07c08f98d3b275f19da7d8ea1b2d4b652905935"
      ],
      "blockNumber": "0xd"
    }
  ]
}
Trying URL: http://172.16.4.27:80/sequencer/eth_sendBundle
Bundle sent successfully. Status: 202
nonceOffset: 97
nonceOffset before: 97
Generating swaps with params: {
  targetBlockNumber: 13,
  txsPerBundle: 1,
  sendRoute: 3,
  txStrategy: 'univ2',
  profRpcUrl: 'http://172.16.4.27:80',
  nonceOffset: 97
}
Generating swaps with params: {}
Current nonce for 0x65D08a056c17Ae13370565B04cF77D2AfA1cB9FA: 18
Contract Addresses:
AtomicSwap: 0x71e67695DB8Bc44AA6BF2014142c42221967EE98
UniV2FactoryA: 0x85998F6C99833d1127301928248c97b6F168bDad
UniV2FactoryB: 0xf98265AeA01677961Bff51685B04eE3a6139206F
WETH: 0x24a9Da1457F96C2b167D49377A776d302A5C4dB3
DAI addresses: [ '0xAC29373CBe03C88Fb078488181F8a0650C58CA08' ]
[0x65D08a056c17Ae13370565B04cF77D2AfA1cB9FA] swapping 0.630200308166409861 WETH for DAI
Nonce calculation debug:
- currentNonce (from getTransactionCount): 18
- nonce.override: 97
- nonce.offset: undefined
- Final nonce value: 115
Sending bundle: [
  '0x02f90176833018247385012a05f2008512a05f2000830249f09471e67695db8bc44aa6bf2014142c42221967ee9880b901040cc7326300000000000000000000000000000000000000000000000000000000000000a000000000000000000000000000000000000000000000000008beebd76199be85000000000000000000000000f98265aea01677961bff51685b04ee3a6139206f00000000000000000000000065d08a056c17ae13370565b04cf77d2afa1cb9fa0000000000000000000000000000000000000000000000000000000000000000000000000000000000000000000000000000000000000000000000000000000200000000000000000000000024a9da1457f96c2b167d49377a776d302a5c4db3000000000000000000000000ac29373cbe03c88fb078488181f8a0650c58ca08c080a05abfdf35ea3188a9cf52668203b7378add004fb4bd5227f25dbdc180c8f3012fa04d947e65f91c3803ef64850f96a0df5341d7e5b703a49655fedb6e940a5947db'
]
Sending bundle to Prof RPC: http://172.16.4.27:80
Request payload: {
  "jsonrpc": "2.0",
  "id": 1,
  "method": "eth_sendBundle",
  "params": [
    {
      "txs": [
        "0x02f90176833018247385012a05f2008512a05f2000830249f09471e67695db8bc44aa6bf2014142c42221967ee9880b901040cc7326300000000000000000000000000000000000000000000000000000000000000a000000000000000000000000000000000000000000000000008beebd76199be85000000000000000000000000f98265aea01677961bff51685b04ee3a6139206f00000000000000000000000065d08a056c17ae13370565b04cf77d2afa1cb9fa0000000000000000000000000000000000000000000000000000000000000000000000000000000000000000000000000000000000000000000000000000000200000000000000000000000024a9da1457f96c2b167d49377a776d302a5c4db3000000000000000000000000ac29373cbe03c88fb078488181f8a0650c58ca08c080a05abfdf35ea3188a9cf52668203b7378add004fb4bd5227f25dbdc180c8f3012fa04d947e65f91c3803ef64850f96a0df5341d7e5b703a49655fedb6e940a5947db"
      ],
      "blockNumber": "0xd"
    }
  ]
}
Trying URL: http://172.16.4.27:80/sequencer/eth_sendBundle
Bundle sent successfully. Status: 202
nonceOffset: 98
nonceOffset before: 98
Generating swaps with params: {
  targetBlockNumber: 13,
  txsPerBundle: 1,
  sendRoute: 3,
  txStrategy: 'univ2',
  profRpcUrl: 'http://172.16.4.27:80',
  nonceOffset: 98
}
Generating swaps with params: {}
Current nonce for 0x65D08a056c17Ae13370565B04cF77D2AfA1cB9FA: 18
Contract Addresses:
AtomicSwap: 0x71e67695DB8Bc44AA6BF2014142c42221967EE98
UniV2FactoryA: 0x85998F6C99833d1127301928248c97b6F168bDad
UniV2FactoryB: 0xf98265AeA01677961Bff51685B04eE3a6139206F
WETH: 0x24a9Da1457F96C2b167D49377A776d302A5C4dB3
DAI addresses: [ '0xAC29373CBe03C88Fb078488181F8a0650C58CA08' ]
[0x65D08a056c17Ae13370565B04cF77D2AfA1cB9FA] swapping 0.770416024653312788 WETH for DAI
Nonce calculation debug:
- currentNonce (from getTransactionCount): 18
- nonce.override: 98
- nonce.offset: undefined
- Final nonce value: 116
Sending bundle: [
  '0x02f90176833018247485012a05f2008512a05f2000830249f09471e67695db8bc44aa6bf2014142c42221967ee9880b901040cc7326300000000000000000000000000000000000000000000000000000000000000a00000000000000000000000000000000000000000000000000ab1114ae6bab314000000000000000000000000f98265aea01677961bff51685b04ee3a6139206f00000000000000000000000065d08a056c17ae13370565b04cf77d2afa1cb9fa0000000000000000000000000000000000000000000000000000000000000000000000000000000000000000000000000000000000000000000000000000000200000000000000000000000024a9da1457f96c2b167d49377a776d302a5c4db3000000000000000000000000ac29373cbe03c88fb078488181f8a0650c58ca08c080a0d21f2f5f8cca06fabe2f641030e283510adbc4148d501398de005f1e9f891986a01b6502a5aa79db42f6203b05dd049c206e52f0a094a90adfd1ee3a1ba18972ea'
]
Sending bundle to Prof RPC: http://172.16.4.27:80
Request payload: {
  "jsonrpc": "2.0",
  "id": 1,
  "method": "eth_sendBundle",
  "params": [
    {
      "txs": [
        "0x02f90176833018247485012a05f2008512a05f2000830249f09471e67695db8bc44aa6bf2014142c42221967ee9880b901040cc7326300000000000000000000000000000000000000000000000000000000000000a00000000000000000000000000000000000000000000000000ab1114ae6bab314000000000000000000000000f98265aea01677961bff51685b04ee3a6139206f00000000000000000000000065d08a056c17ae13370565b04cf77d2afa1cb9fa0000000000000000000000000000000000000000000000000000000000000000000000000000000000000000000000000000000000000000000000000000000200000000000000000000000024a9da1457f96c2b167d49377a776d302a5c4db3000000000000000000000000ac29373cbe03c88fb078488181f8a0650c58ca08c080a0d21f2f5f8cca06fabe2f641030e283510adbc4148d501398de005f1e9f891986a01b6502a5aa79db42f6203b05dd049c206e52f0a094a90adfd1ee3a1ba18972ea"
      ],
      "blockNumber": "0xd"
    }
  ]
}
Trying URL: http://172.16.4.27:80/sequencer/eth_sendBundle
Bundle sent successfully. Status: 202
nonceOffset: 99
nonceOffset before: 99
Generating swaps with params: {
  targetBlockNumber: 13,
  txsPerBundle: 1,
  sendRoute: 3,
  txStrategy: 'univ2',
  profRpcUrl: 'http://172.16.4.27:80',
  nonceOffset: 99
}
Generating swaps with params: {}
Current nonce for 0x65D08a056c17Ae13370565B04cF77D2AfA1cB9FA: 18
Contract Addresses:
AtomicSwap: 0x71e67695DB8Bc44AA6BF2014142c42221967EE98
UniV2FactoryA: 0x85998F6C99833d1127301928248c97b6F168bDad
UniV2FactoryB: 0xf98265AeA01677961Bff51685B04eE3a6139206F
WETH: 0x24a9Da1457F96C2b167D49377A776d302A5C4dB3
DAI addresses: [ '0xAC29373CBe03C88Fb078488181F8a0650C58CA08' ]
[0x65D08a056c17Ae13370565B04cF77D2AfA1cB9FA] swapping 845.0 DAI for WETH
Nonce calculation debug:
- currentNonce (from getTransactionCount): 18
- nonce.override: 99
- nonce.offset: undefined
- Final nonce value: 117
Sending bundle: [
  '0x02f90176833018247585012a05f2008512a05f2000830249f09471e67695db8bc44aa6bf2014142c42221967ee9880b901040cc7326300000000000000000000000000000000000000000000000000000000000000a000000000000000000000000000000000000000000000002dcebb0eff8514000000000000000000000000000085998f6c99833d1127301928248c97b6f168bdad00000000000000000000000065d08a056c17ae13370565b04cf77d2afa1cb9fa00000000000000000000000000000000000000000000000000000000000000000000000000000000000000000000000000000000000000000000000000000002000000000000000000000000ac29373cbe03c88fb078488181f8a0650c58ca0800000000000000000000000024a9da1457f96c2b167d49377a776d302a5c4db3c001a0730afaf0e609bcbbdb0827229b1bd7df9da627ed58a863b1fddfeb63081b98eba04f8ff17596a2edbce290324ef7539ce625ccb9c43eb6117948ed9d85aa07f46f'
]
Sending bundle to Prof RPC: http://172.16.4.27:80
Request payload: {
  "jsonrpc": "2.0",
  "id": 1,
  "method": "eth_sendBundle",
  "params": [
    {
      "txs": [
        "0x02f90176833018247585012a05f2008512a05f2000830249f09471e67695db8bc44aa6bf2014142c42221967ee9880b901040cc7326300000000000000000000000000000000000000000000000000000000000000a000000000000000000000000000000000000000000000002dcebb0eff8514000000000000000000000000000085998f6c99833d1127301928248c97b6f168bdad00000000000000000000000065d08a056c17ae13370565b04cf77d2afa1cb9fa00000000000000000000000000000000000000000000000000000000000000000000000000000000000000000000000000000000000000000000000000000002000000000000000000000000ac29373cbe03c88fb078488181f8a0650c58ca0800000000000000000000000024a9da1457f96c2b167d49377a776d302a5c4db3c001a0730afaf0e609bcbbdb0827229b1bd7df9da627ed58a863b1fddfeb63081b98eba04f8ff17596a2edbce290324ef7539ce625ccb9c43eb6117948ed9d85aa07f46f"
      ],
      "blockNumber": "0xd"
    }
  ]
}
Trying URL: http://172.16.4.27:80/sequencer/eth_sendBundle
Bundle sent successfully. Status: 202
nonceOffset: 100
nonceOffset before: 100
Generating swaps with params: {
  targetBlockNumber: 13,
  txsPerBundle: 1,
  sendRoute: 3,
  txStrategy: 'univ2',
  profRpcUrl: 'http://172.16.4.27:80',
  nonceOffset: 100
}
Generating swaps with params: {}
Current nonce for 0x65D08a056c17Ae13370565B04cF77D2AfA1cB9FA: 18
Contract Addresses:
AtomicSwap: 0x71e67695DB8Bc44AA6BF2014142c42221967EE98
UniV2FactoryA: 0x85998F6C99833d1127301928248c97b6F168bDad
UniV2FactoryB: 0xf98265AeA01677961Bff51685B04eE3a6139206F
WETH: 0x24a9Da1457F96C2b167D49377A776d302A5C4dB3
DAI addresses: [ '0xAC29373CBe03C88Fb078488181F8a0650C58CA08' ]
[0x65D08a056c17Ae13370565B04cF77D2AfA1cB9FA] swapping 0.122401847575057736 WETH for DAI
Nonce calculation debug:
- currentNonce (from getTransactionCount): 18
- nonce.override: 100
- nonce.offset: undefined
- Final nonce value: 118
Sending bundle: [
  '0x02f90176833018247685012a05f2008512a05f2000830249f09471e67695db8bc44aa6bf2014142c42221967ee9880b901040cc7326300000000000000000000000000000000000000000000000000000000000000a000000000000000000000000000000000000000000000000001b2dbd4f4901548000000000000000000000000f98265aea01677961bff51685b04ee3a6139206f00000000000000000000000065d08a056c17ae13370565b04cf77d2afa1cb9fa0000000000000000000000000000000000000000000000000000000000000000000000000000000000000000000000000000000000000000000000000000000200000000000000000000000024a9da1457f96c2b167d49377a776d302a5c4db3000000000000000000000000ac29373cbe03c88fb078488181f8a0650c58ca08c001a09d1df5ff587231b85336ec4e974f4b95fe000c7e17fda60597ecbbfd91e680f5a02f3b378c6ed816ea26812a4de611d5e0a7526c3f1fa23405c8ef40d22db1c466'
]
Sending bundle to Prof RPC: http://172.16.4.27:80
Request payload: {
  "jsonrpc": "2.0",
  "id": 1,
  "method": "eth_sendBundle",
  "params": [
    {
      "txs": [
        "0x02f90176833018247685012a05f2008512a05f2000830249f09471e67695db8bc44aa6bf2014142c42221967ee9880b901040cc7326300000000000000000000000000000000000000000000000000000000000000a000000000000000000000000000000000000000000000000001b2dbd4f4901548000000000000000000000000f98265aea01677961bff51685b04ee3a6139206f00000000000000000000000065d08a056c17ae13370565b04cf77d2afa1cb9fa0000000000000000000000000000000000000000000000000000000000000000000000000000000000000000000000000000000000000000000000000000000200000000000000000000000024a9da1457f96c2b167d49377a776d302a5c4db3000000000000000000000000ac29373cbe03c88fb078488181f8a0650c58ca08c001a09d1df5ff587231b85336ec4e974f4b95fe000c7e17fda60597ecbbfd91e680f5a02f3b378c6ed816ea26812a4de611d5e0a7526c3f1fa23405c8ef40d22db1c466"
      ],
      "blockNumber": "0xd"
    }
  ]
}
Trying URL: http://172.16.4.27:80/sequencer/eth_sendBundle
Bundle sent successfully. Status: 202
nonceOffset: 101
nonceOffset before: 101
Generating swaps with params: {
  targetBlockNumber: 13,
  txsPerBundle: 1,
  sendRoute: 3,
  txStrategy: 'univ2',
  profRpcUrl: 'http://172.16.4.27:80',
  nonceOffset: 101
}
Generating swaps with params: {}
Current nonce for 0x65D08a056c17Ae13370565B04cF77D2AfA1cB9FA: 18
Contract Addresses:
AtomicSwap: 0x71e67695DB8Bc44AA6BF2014142c42221967EE98
UniV2FactoryA: 0x85998F6C99833d1127301928248c97b6F168bDad
UniV2FactoryB: 0xf98265AeA01677961Bff51685B04eE3a6139206F
WETH: 0x24a9Da1457F96C2b167D49377A776d302A5C4dB3
DAI addresses: [ '0xAC29373CBe03C88Fb078488181F8a0650C58CA08' ]
[0x65D08a056c17Ae13370565B04cF77D2AfA1cB9FA] swapping 275.0 DAI for WETH
Nonce calculation debug:
- currentNonce (from getTransactionCount): 18
- nonce.override: 101
- nonce.offset: undefined
- Final nonce value: 119
Sending bundle: [
  '0x02f90176833018247785012a05f2008512a05f2000830249f09471e67695db8bc44aa6bf2014142c42221967ee9880b901040cc7326300000000000000000000000000000000000000000000000000000000000000a000000000000000000000000000000000000000000000000ee86442fcd06c0000000000000000000000000000f98265aea01677961bff51685b04ee3a6139206f00000000000000000000000065d08a056c17ae13370565b04cf77d2afa1cb9fa00000000000000000000000000000000000000000000000000000000000000000000000000000000000000000000000000000000000000000000000000000002000000000000000000000000ac29373cbe03c88fb078488181f8a0650c58ca0800000000000000000000000024a9da1457f96c2b167d49377a776d302a5c4db3c080a008782886edebbbcd752b4484422509f66aaad7ca19aa80fd1050f1507ddcda00a036de92385ac70c3cad5f886bc1fd969ea4dd2d2ed43d73d16ece8ab87eff4867'
]
Sending bundle to Prof RPC: http://172.16.4.27:80
Request payload: {
  "jsonrpc": "2.0",
  "id": 1,
  "method": "eth_sendBundle",
  "params": [
    {
      "txs": [
        "0x02f90176833018247785012a05f2008512a05f2000830249f09471e67695db8bc44aa6bf2014142c42221967ee9880b901040cc7326300000000000000000000000000000000000000000000000000000000000000a000000000000000000000000000000000000000000000000ee86442fcd06c0000000000000000000000000000f98265aea01677961bff51685b04ee3a6139206f00000000000000000000000065d08a056c17ae13370565b04cf77d2afa1cb9fa00000000000000000000000000000000000000000000000000000000000000000000000000000000000000000000000000000000000000000000000000000002000000000000000000000000ac29373cbe03c88fb078488181f8a0650c58ca0800000000000000000000000024a9da1457f96c2b167d49377a776d302a5c4db3c080a008782886edebbbcd752b4484422509f66aaad7ca19aa80fd1050f1507ddcda00a036de92385ac70c3cad5f886bc1fd969ea4dd2d2ed43d73d16ece8ab87eff4867"
      ],
      "blockNumber": "0xd"
    }
  ]
}
Trying URL: http://172.16.4.27:80/sequencer/eth_sendBundle
Bundle sent successfully. Status: 202
nonceOffset: 102
nonceOffset before: 102
Generating swaps with params: {
  targetBlockNumber: 13,
  txsPerBundle: 1,
  sendRoute: 3,
  txStrategy: 'univ2',
  profRpcUrl: 'http://172.16.4.27:80',
  nonceOffset: 102
}
Generating swaps with params: {}
Current nonce for 0x65D08a056c17Ae13370565B04cF77D2AfA1cB9FA: 18
Contract Addresses:
AtomicSwap: 0x71e67695DB8Bc44AA6BF2014142c42221967EE98
UniV2FactoryA: 0x85998F6C99833d1127301928248c97b6F168bDad
UniV2FactoryB: 0xf98265AeA01677961Bff51685B04eE3a6139206F
WETH: 0x24a9Da1457F96C2b167D49377A776d302A5C4dB3
DAI addresses: [ '0xAC29373CBe03C88Fb078488181F8a0650C58CA08' ]
[0x65D08a056c17Ae13370565B04cF77D2AfA1cB9FA] swapping 0.273287143956889915 WETH for DAI
Nonce calculation debug:
- currentNonce (from getTransactionCount): 18
- nonce.override: 102
- nonce.offset: undefined
- Final nonce value: 120
Sending bundle: [
  '0x02f90176833018247885012a05f2008512a05f2000830249f09471e67695db8bc44aa6bf2014142c42221967ee9880b901040cc7326300000000000000000000000000000000000000000000000000000000000000a000000000000000000000000000000000000000000000000003cae935a13b413b00000000000000000000000085998f6c99833d1127301928248c97b6f168bdad00000000000000000000000065d08a056c17ae13370565b04cf77d2afa1cb9fa0000000000000000000000000000000000000000000000000000000000000000000000000000000000000000000000000000000000000000000000000000000200000000000000000000000024a9da1457f96c2b167d49377a776d302a5c4db3000000000000000000000000ac29373cbe03c88fb078488181f8a0650c58ca08c080a0853bbe6a62e35e0cdc995109ccbbe18e561bb1fc80193616569897b23c8afb86a07995b999cfe0a9d9ae33642438523d962f5b02434ee96775eff50da03020c4e1'
]
Sending bundle to Prof RPC: http://172.16.4.27:80
Request payload: {
  "jsonrpc": "2.0",
  "id": 1,
  "method": "eth_sendBundle",
  "params": [
    {
      "txs": [
        "0x02f90176833018247885012a05f2008512a05f2000830249f09471e67695db8bc44aa6bf2014142c42221967ee9880b901040cc7326300000000000000000000000000000000000000000000000000000000000000a000000000000000000000000000000000000000000000000003cae935a13b413b00000000000000000000000085998f6c99833d1127301928248c97b6f168bdad00000000000000000000000065d08a056c17ae13370565b04cf77d2afa1cb9fa0000000000000000000000000000000000000000000000000000000000000000000000000000000000000000000000000000000000000000000000000000000200000000000000000000000024a9da1457f96c2b167d49377a776d302a5c4db3000000000000000000000000ac29373cbe03c88fb078488181f8a0650c58ca08c080a0853bbe6a62e35e0cdc995109ccbbe18e561bb1fc80193616569897b23c8afb86a07995b999cfe0a9d9ae33642438523d962f5b02434ee96775eff50da03020c4e1"
      ],
      "blockNumber": "0xd"
    }
  ]
}
Trying URL: http://172.16.4.27:80/sequencer/eth_sendBundle
Bundle sent successfully. Status: 202
nonceOffset: 103
nonceOffset before: 103
Generating swaps with params: {
  targetBlockNumber: 13,
  txsPerBundle: 1,
  sendRoute: 3,
  txStrategy: 'univ2',
  profRpcUrl: 'http://172.16.4.27:80',
  nonceOffset: 103
}
Generating swaps with params: {}
Current nonce for 0x65D08a056c17Ae13370565B04cF77D2AfA1cB9FA: 18
Contract Addresses:
AtomicSwap: 0x71e67695DB8Bc44AA6BF2014142c42221967EE98
UniV2FactoryA: 0x85998F6C99833d1127301928248c97b6F168bDad
UniV2FactoryB: 0xf98265AeA01677961Bff51685B04eE3a6139206F
WETH: 0x24a9Da1457F96C2b167D49377A776d302A5C4dB3
DAI addresses: [ '0xAC29373CBe03C88Fb078488181F8a0650C58CA08' ]
[0x65D08a056c17Ae13370565B04cF77D2AfA1cB9FA] swapping 0.245573518090839107 WETH for DAI
Nonce calculation debug:
- currentNonce (from getTransactionCount): 18
- nonce.override: 103
- nonce.offset: undefined
- Final nonce value: 121
Sending bundle: [
  '0x02f90176833018247985012a05f2008512a05f2000830249f09471e67695db8bc44aa6bf2014142c42221967ee9880b901040cc7326300000000000000000000000000000000000000000000000000000000000000a0000000000000000000000000000000000000000000000000036873d0480c2443000000000000000000000000f98265aea01677961bff51685b04ee3a6139206f00000000000000000000000065d08a056c17ae13370565b04cf77d2afa1cb9fa0000000000000000000000000000000000000000000000000000000000000000000000000000000000000000000000000000000000000000000000000000000200000000000000000000000024a9da1457f96c2b167d49377a776d302a5c4db3000000000000000000000000ac29373cbe03c88fb078488181f8a0650c58ca08c001a0711bfeeec5a35c92bbe2c72edc3565f593dd53267cfeac5ecbbe59bafe5bae4da05cbc437ef0aed9273864e8755fa4f33a71e25e8d3c4802bab869d01751a2d6ef'
]
Sending bundle to Prof RPC: http://172.16.4.27:80
Request payload: {
  "jsonrpc": "2.0",
  "id": 1,
  "method": "eth_sendBundle",
  "params": [
    {
      "txs": [
        "0x02f90176833018247985012a05f2008512a05f2000830249f09471e67695db8bc44aa6bf2014142c42221967ee9880b901040cc7326300000000000000000000000000000000000000000000000000000000000000a0000000000000000000000000000000000000000000000000036873d0480c2443000000000000000000000000f98265aea01677961bff51685b04ee3a6139206f00000000000000000000000065d08a056c17ae13370565b04cf77d2afa1cb9fa0000000000000000000000000000000000000000000000000000000000000000000000000000000000000000000000000000000000000000000000000000000200000000000000000000000024a9da1457f96c2b167d49377a776d302a5c4db3000000000000000000000000ac29373cbe03c88fb078488181f8a0650c58ca08c001a0711bfeeec5a35c92bbe2c72edc3565f593dd53267cfeac5ecbbe59bafe5bae4da05cbc437ef0aed9273864e8755fa4f33a71e25e8d3c4802bab869d01751a2d6ef"
      ],
      "blockNumber": "0xd"
    }
  ]
}
Trying URL: http://172.16.4.27:80/sequencer/eth_sendBundle
Bundle sent successfully. Status: 202
nonceOffset: 104
nonceOffset before: 104
Generating swaps with params: {
  targetBlockNumber: 13,
  txsPerBundle: 1,
  sendRoute: 3,
  txStrategy: 'univ2',
  profRpcUrl: 'http://172.16.4.27:80',
  nonceOffset: 104
}
Generating swaps with params: {}
Current nonce for 0x65D08a056c17Ae13370565B04cF77D2AfA1cB9FA: 28
Contract Addresses:
AtomicSwap: 0x71e67695DB8Bc44AA6BF2014142c42221967EE98
UniV2FactoryA: 0x85998F6C99833d1127301928248c97b6F168bDad
UniV2FactoryB: 0xf98265AeA01677961Bff51685B04eE3a6139206F
WETH: 0x24a9Da1457F96C2b167D49377A776d302A5C4dB3
DAI addresses: [ '0xAC29373CBe03C88Fb078488181F8a0650C58CA08' ]
[0x65D08a056c17Ae13370565B04cF77D2AfA1cB9FA] swapping 0.342592592592592592 WETH for DAI
Nonce calculation debug:
- currentNonce (from getTransactionCount): 28
- nonce.override: 104
- nonce.offset: undefined
- Final nonce value: 132
Sending bundle: [
  '0x02f9017783301824818485012a05f2008512a05f2000830249f09471e67695db8bc44aa6bf2014142c42221967ee9880b901040cc7326300000000000000000000000000000000000000000000000000000000000000a000000000000000000000000000000000000000000000000004c12225d8295ed000000000000000000000000085998f6c99833d1127301928248c97b6f168bdad00000000000000000000000065d08a056c17ae13370565b04cf77d2afa1cb9fa0000000000000000000000000000000000000000000000000000000000000000000000000000000000000000000000000000000000000000000000000000000200000000000000000000000024a9da1457f96c2b167d49377a776d302a5c4db3000000000000000000000000ac29373cbe03c88fb078488181f8a0650c58ca08c080a082f7bfdc84aab7fe83388ed91107940dcd4942e5eb1d22ce6567fcd55a6f3580a0583aae30622efe5cc91a09b3d0ea0c448bc57d1a2da11353aec9a30c67240893'
]
Sending bundle to Prof RPC: http://172.16.4.27:80
Request payload: {
  "jsonrpc": "2.0",
  "id": 1,
  "method": "eth_sendBundle",
  "params": [
    {
      "txs": [
        "0x02f9017783301824818485012a05f2008512a05f2000830249f09471e67695db8bc44aa6bf2014142c42221967ee9880b901040cc7326300000000000000000000000000000000000000000000000000000000000000a000000000000000000000000000000000000000000000000004c12225d8295ed000000000000000000000000085998f6c99833d1127301928248c97b6f168bdad00000000000000000000000065d08a056c17ae13370565b04cf77d2afa1cb9fa0000000000000000000000000000000000000000000000000000000000000000000000000000000000000000000000000000000000000000000000000000000200000000000000000000000024a9da1457f96c2b167d49377a776d302a5c4db3000000000000000000000000ac29373cbe03c88fb078488181f8a0650c58ca08c080a082f7bfdc84aab7fe83388ed91107940dcd4942e5eb1d22ce6567fcd55a6f3580a0583aae30622efe5cc91a09b3d0ea0c448bc57d1a2da11353aec9a30c67240893"
      ],
      "blockNumber": "0xd"
    }
  ]
}
Trying URL: http://172.16.4.27:80/sequencer/eth_sendBundle
Bundle sent successfully. Status: 202
nonceOffset: 105
nonceOffset before: 105
Generating swaps with params: {
  targetBlockNumber: 13,
  txsPerBundle: 1,
  sendRoute: 3,
  txStrategy: 'univ2',
  profRpcUrl: 'http://172.16.4.27:80',
  nonceOffset: 105
}
Generating swaps with params: {}
Current nonce for 0x65D08a056c17Ae13370565B04cF77D2AfA1cB9FA: 28
Contract Addresses:
AtomicSwap: 0x71e67695DB8Bc44AA6BF2014142c42221967EE98
UniV2FactoryA: 0x85998F6C99833d1127301928248c97b6F168bDad
UniV2FactoryB: 0xf98265AeA01677961Bff51685B04eE3a6139206F
WETH: 0x24a9Da1457F96C2b167D49377A776d302A5C4dB3
DAI addresses: [ '0xAC29373CBe03C88Fb078488181F8a0650C58CA08' ]
[0x65D08a056c17Ae13370565B04cF77D2AfA1cB9FA] swapping 763.0 DAI for WETH
Nonce calculation debug:
- currentNonce (from getTransactionCount): 28
- nonce.override: 105
- nonce.offset: undefined
- Final nonce value: 133
Sending bundle: [
  '0x02f9017783301824818585012a05f2008512a05f2000830249f09471e67695db8bc44aa6bf2014142c42221967ee9880b901040cc7326300000000000000000000000000000000000000000000000000000000000000a00000000000000000000000000000000000000000000000295cc08973e70c000000000000000000000000000085998f6c99833d1127301928248c97b6f168bdad00000000000000000000000065d08a056c17ae13370565b04cf77d2afa1cb9fa00000000000000000000000000000000000000000000000000000000000000000000000000000000000000000000000000000000000000000000000000000002000000000000000000000000ac29373cbe03c88fb078488181f8a0650c58ca0800000000000000000000000024a9da1457f96c2b167d49377a776d302a5c4db3c001a03b1541dc28eb4c4b91075e3971a831770b12533a4916abf19f3afc1b525b46ada05d62bc344a4c6e6fef76100e379a05d8f39b069f74d1979a7c75e22227d83c94'
]
Sending bundle to Prof RPC: http://172.16.4.27:80
Request payload: {
  "jsonrpc": "2.0",
  "id": 1,
  "method": "eth_sendBundle",
  "params": [
    {
      "txs": [
        "0x02f9017783301824818585012a05f2008512a05f2000830249f09471e67695db8bc44aa6bf2014142c42221967ee9880b901040cc7326300000000000000000000000000000000000000000000000000000000000000a00000000000000000000000000000000000000000000000295cc08973e70c000000000000000000000000000085998f6c99833d1127301928248c97b6f168bdad00000000000000000000000065d08a056c17ae13370565b04cf77d2afa1cb9fa00000000000000000000000000000000000000000000000000000000000000000000000000000000000000000000000000000000000000000000000000000002000000000000000000000000ac29373cbe03c88fb078488181f8a0650c58ca0800000000000000000000000024a9da1457f96c2b167d49377a776d302a5c4db3c001a03b1541dc28eb4c4b91075e3971a831770b12533a4916abf19f3afc1b525b46ada05d62bc344a4c6e6fef76100e379a05d8f39b069f74d1979a7c75e22227d83c94"
      ],
      "blockNumber": "0xd"
    }
  ]
}
Trying URL: http://172.16.4.27:80/sequencer/eth_sendBundle
Bundle sent successfully. Status: 202
nonceOffset: 106
nonceOffset before: 106
Generating swaps with params: {
  targetBlockNumber: 13,
  txsPerBundle: 1,
  sendRoute: 3,
  txStrategy: 'univ2',
  profRpcUrl: 'http://172.16.4.27:80',
  nonceOffset: 106
}
Generating swaps with params: {}
Current nonce for 0x65D08a056c17Ae13370565B04cF77D2AfA1cB9FA: 28
Contract Addresses:
AtomicSwap: 0x71e67695DB8Bc44AA6BF2014142c42221967EE98
UniV2FactoryA: 0x85998F6C99833d1127301928248c97b6F168bDad
UniV2FactoryB: 0xf98265AeA01677961Bff51685B04eE3a6139206F
WETH: 0x24a9Da1457F96C2b167D49377A776d302A5C4dB3
DAI addresses: [ '0xAC29373CBe03C88Fb078488181F8a0650C58CA08' ]
[0x65D08a056c17Ae13370565B04cF77D2AfA1cB9FA] swapping 0.658687258687258687 WETH for DAI
Nonce calculation debug:
- currentNonce (from getTransactionCount): 28
- nonce.override: 106
- nonce.offset: undefined
- Final nonce value: 134
Sending bundle: [
  '0x02f9017783301824818685012a05f2008512a05f2000830249f09471e67695db8bc44aa6bf2014142c42221967ee9880b901040cc7326300000000000000000000000000000000000000000000000000000000000000a0000000000000000000000000000000000000000000000000092420926821403f000000000000000000000000f98265aea01677961bff51685b04ee3a6139206f00000000000000000000000065d08a056c17ae13370565b04cf77d2afa1cb9fa0000000000000000000000000000000000000000000000000000000000000000000000000000000000000000000000000000000000000000000000000000000200000000000000000000000024a9da1457f96c2b167d49377a776d302a5c4db3000000000000000000000000ac29373cbe03c88fb078488181f8a0650c58ca08c001a04e1c210d8ec9c2a1392e75dd3cb9d70104712540952ef375a060c695e825bfb5a04fdb7cab53aabcaa60ef9e70aab76619ef227f3b473dd5bfa975afdbc3ff0163'
]
Sending bundle to Prof RPC: http://172.16.4.27:80
Request payload: {
  "jsonrpc": "2.0",
  "id": 1,
  "method": "eth_sendBundle",
  "params": [
    {
      "txs": [
        "0x02f9017783301824818685012a05f2008512a05f2000830249f09471e67695db8bc44aa6bf2014142c42221967ee9880b901040cc7326300000000000000000000000000000000000000000000000000000000000000a0000000000000000000000000000000000000000000000000092420926821403f000000000000000000000000f98265aea01677961bff51685b04ee3a6139206f00000000000000000000000065d08a056c17ae13370565b04cf77d2afa1cb9fa0000000000000000000000000000000000000000000000000000000000000000000000000000000000000000000000000000000000000000000000000000000200000000000000000000000024a9da1457f96c2b167d49377a776d302a5c4db3000000000000000000000000ac29373cbe03c88fb078488181f8a0650c58ca08c001a04e1c210d8ec9c2a1392e75dd3cb9d70104712540952ef375a060c695e825bfb5a04fdb7cab53aabcaa60ef9e70aab76619ef227f3b473dd5bfa975afdbc3ff0163"
      ],
      "blockNumber": "0xd"
    }
  ]
}
Trying URL: http://172.16.4.27:80/sequencer/eth_sendBundle
Bundle sent successfully. Status: 202
nonceOffset: 107
nonceOffset before: 107
Generating swaps with params: {
  targetBlockNumber: 13,
  txsPerBundle: 1,
  sendRoute: 3,
  txStrategy: 'univ2',
  profRpcUrl: 'http://172.16.4.27:80',
  nonceOffset: 107
}
Generating swaps with params: {}
Current nonce for 0x65D08a056c17Ae13370565B04cF77D2AfA1cB9FA: 28
Contract Addresses:
AtomicSwap: 0x71e67695DB8Bc44AA6BF2014142c42221967EE98
UniV2FactoryA: 0x85998F6C99833d1127301928248c97b6F168bDad
UniV2FactoryB: 0xf98265AeA01677961Bff51685B04eE3a6139206F
WETH: 0x24a9Da1457F96C2b167D49377A776d302A5C4dB3
DAI addresses: [ '0xAC29373CBe03C88Fb078488181F8a0650C58CA08' ]
[0x65D08a056c17Ae13370565B04cF77D2AfA1cB9FA] swapping 0.260030864197530864 WETH for DAI
Nonce calculation debug:
- currentNonce (from getTransactionCount): 28
- nonce.override: 107
- nonce.offset: undefined
- Final nonce value: 135
Sending bundle: [
  '0x02f9017783301824818785012a05f2008512a05f2000830249f09471e67695db8bc44aa6bf2014142c42221967ee9880b901040cc7326300000000000000000000000000000000000000000000000000000000000000a0000000000000000000000000000000000000000000000000039bd0b17b21b4f0000000000000000000000000f98265aea01677961bff51685b04ee3a6139206f00000000000000000000000065d08a056c17ae13370565b04cf77d2afa1cb9fa0000000000000000000000000000000000000000000000000000000000000000000000000000000000000000000000000000000000000000000000000000000200000000000000000000000024a9da1457f96c2b167d49377a776d302a5c4db3000000000000000000000000ac29373cbe03c88fb078488181f8a0650c58ca08c080a08a670e7d9b83ce1e6e7ac7de4d60703c29851575e9b2c99ab48c96eeb80ed5e7a05cd27850fb0737e581f7f068cf4c2a2c85b58e19e8f40cec5ec185fa6f1ac93a'
]
Sending bundle to Prof RPC: http://172.16.4.27:80
Request payload: {
  "jsonrpc": "2.0",
  "id": 1,
  "method": "eth_sendBundle",
  "params": [
    {
      "txs": [
        "0x02f9017783301824818785012a05f2008512a05f2000830249f09471e67695db8bc44aa6bf2014142c42221967ee9880b901040cc7326300000000000000000000000000000000000000000000000000000000000000a0000000000000000000000000000000000000000000000000039bd0b17b21b4f0000000000000000000000000f98265aea01677961bff51685b04ee3a6139206f00000000000000000000000065d08a056c17ae13370565b04cf77d2afa1cb9fa0000000000000000000000000000000000000000000000000000000000000000000000000000000000000000000000000000000000000000000000000000000200000000000000000000000024a9da1457f96c2b167d49377a776d302a5c4db3000000000000000000000000ac29373cbe03c88fb078488181f8a0650c58ca08c080a08a670e7d9b83ce1e6e7ac7de4d60703c29851575e9b2c99ab48c96eeb80ed5e7a05cd27850fb0737e581f7f068cf4c2a2c85b58e19e8f40cec5ec185fa6f1ac93a"
      ],
      "blockNumber": "0xd"
    }
  ]
}
Trying URL: http://172.16.4.27:80/sequencer/eth_sendBundle
Bundle sent successfully. Status: 202
nonceOffset: 108
nonceOffset before: 108
Generating swaps with params: {
  targetBlockNumber: 13,
  txsPerBundle: 1,
  sendRoute: 3,
  txStrategy: 'univ2',
  profRpcUrl: 'http://172.16.4.27:80',
  nonceOffset: 108
}
Generating swaps with params: {}
Current nonce for 0x65D08a056c17Ae13370565B04cF77D2AfA1cB9FA: 28
Contract Addresses:
AtomicSwap: 0x71e67695DB8Bc44AA6BF2014142c42221967EE98
UniV2FactoryA: 0x85998F6C99833d1127301928248c97b6F168bDad
UniV2FactoryB: 0xf98265AeA01677961Bff51685B04eE3a6139206F
WETH: 0x24a9Da1457F96C2b167D49377A776d302A5C4dB3
DAI addresses: [ '0xAC29373CBe03C88Fb078488181F8a0650C58CA08' ]
[0x65D08a056c17Ae13370565B04cF77D2AfA1cB9FA] swapping 0.197378565921356977 WETH for DAI
Nonce calculation debug:
- currentNonce (from getTransactionCount): 28
- nonce.override: 108
- nonce.offset: undefined
- Final nonce value: 136
Sending bundle: [
  '0x02f9017783301824818885012a05f2008512a05f2000830249f09471e67695db8bc44aa6bf2014142c42221967ee9880b901040cc7326300000000000000000000000000000000000000000000000000000000000000a000000000000000000000000000000000000000000000000002bd3ac28c04bcb100000000000000000000000085998f6c99833d1127301928248c97b6f168bdad00000000000000000000000065d08a056c17ae13370565b04cf77d2afa1cb9fa0000000000000000000000000000000000000000000000000000000000000000000000000000000000000000000000000000000000000000000000000000000200000000000000000000000024a9da1457f96c2b167d49377a776d302a5c4db3000000000000000000000000ac29373cbe03c88fb078488181f8a0650c58ca08c080a03946368a28939b78ac1abc0cc204574f142f1b575a93d5e2bb54d8beb9e23d8fa067338f9e3cdd78bb9b8939af000eec6960428b7d4be66f0f7f8b3abd23e19dc6'
]
Sending bundle to Prof RPC: http://172.16.4.27:80
Request payload: {
  "jsonrpc": "2.0",
  "id": 1,
  "method": "eth_sendBundle",
  "params": [
    {
      "txs": [
        "0x02f9017783301824818885012a05f2008512a05f2000830249f09471e67695db8bc44aa6bf2014142c42221967ee9880b901040cc7326300000000000000000000000000000000000000000000000000000000000000a000000000000000000000000000000000000000000000000002bd3ac28c04bcb100000000000000000000000085998f6c99833d1127301928248c97b6f168bdad00000000000000000000000065d08a056c17ae13370565b04cf77d2afa1cb9fa0000000000000000000000000000000000000000000000000000000000000000000000000000000000000000000000000000000000000000000000000000000200000000000000000000000024a9da1457f96c2b167d49377a776d302a5c4db3000000000000000000000000ac29373cbe03c88fb078488181f8a0650c58ca08c080a03946368a28939b78ac1abc0cc204574f142f1b575a93d5e2bb54d8beb9e23d8fa067338f9e3cdd78bb9b8939af000eec6960428b7d4be66f0f7f8b3abd23e19dc6"
      ],
      "blockNumber": "0xd"
    }
  ]
}
Trying URL: http://172.16.4.27:80/sequencer/eth_sendBundle
Bundle sent successfully. Status: 202
nonceOffset: 109
nonceOffset before: 109
Generating swaps with params: {
  targetBlockNumber: 13,
  txsPerBundle: 1,
  sendRoute: 3,
  txStrategy: 'univ2',
  profRpcUrl: 'http://172.16.4.27:80',
  nonceOffset: 109
}
Generating swaps with params: {}
Current nonce for 0x65D08a056c17Ae13370565B04cF77D2AfA1cB9FA: 28
Contract Addresses:
AtomicSwap: 0x71e67695DB8Bc44AA6BF2014142c42221967EE98
UniV2FactoryA: 0x85998F6C99833d1127301928248c97b6F168bDad
UniV2FactoryB: 0xf98265AeA01677961Bff51685B04eE3a6139206F
WETH: 0x24a9Da1457F96C2b167D49377A776d302A5C4dB3
DAI addresses: [ '0xAC29373CBe03C88Fb078488181F8a0650C58CA08' ]
[0x65D08a056c17Ae13370565B04cF77D2AfA1cB9FA] swapping 354.0 DAI for WETH
Nonce calculation debug:
- currentNonce (from getTransactionCount): 28
- nonce.override: 109
- nonce.offset: undefined
- Final nonce value: 137
Sending bundle: [
  '0x02f9017783301824818985012a05f2008512a05f2000830249f09471e67695db8bc44aa6bf2014142c42221967ee9880b901040cc7326300000000000000000000000000000000000000000000000000000000000000a000000000000000000000000000000000000000000000001330bca46d78480000000000000000000000000000f98265aea01677961bff51685b04ee3a6139206f00000000000000000000000065d08a056c17ae13370565b04cf77d2afa1cb9fa00000000000000000000000000000000000000000000000000000000000000000000000000000000000000000000000000000000000000000000000000000002000000000000000000000000ac29373cbe03c88fb078488181f8a0650c58ca0800000000000000000000000024a9da1457f96c2b167d49377a776d302a5c4db3c080a0895ccb3d205d4918c8747ee453f4948e531c0f7268aec7826b1ad2041e04801aa0129ab809d9521881d18227b051d4b1e2a2bc5a4ff00675958a24daada51ece3a'
]
Sending bundle to Prof RPC: http://172.16.4.27:80
Request payload: {
  "jsonrpc": "2.0",
  "id": 1,
  "method": "eth_sendBundle",
  "params": [
    {
      "txs": [
        "0x02f9017783301824818985012a05f2008512a05f2000830249f09471e67695db8bc44aa6bf2014142c42221967ee9880b901040cc7326300000000000000000000000000000000000000000000000000000000000000a000000000000000000000000000000000000000000000001330bca46d78480000000000000000000000000000f98265aea01677961bff51685b04ee3a6139206f00000000000000000000000065d08a056c17ae13370565b04cf77d2afa1cb9fa00000000000000000000000000000000000000000000000000000000000000000000000000000000000000000000000000000000000000000000000000000002000000000000000000000000ac29373cbe03c88fb078488181f8a0650c58ca0800000000000000000000000024a9da1457f96c2b167d49377a776d302a5c4db3c080a0895ccb3d205d4918c8747ee453f4948e531c0f7268aec7826b1ad2041e04801aa0129ab809d9521881d18227b051d4b1e2a2bc5a4ff00675958a24daada51ece3a"
      ],
      "blockNumber": "0xd"
    }
  ]
}
Trying URL: http://172.16.4.27:80/sequencer/eth_sendBundle
Bundle sent successfully. Status: 202
nonceOffset: 110
nonceOffset before: 110
Generating swaps with params: {
  targetBlockNumber: 13,
  txsPerBundle: 1,
  sendRoute: 3,
  txStrategy: 'univ2',
  profRpcUrl: 'http://172.16.4.27:80',
  nonceOffset: 110
}
Generating swaps with params: {}
Current nonce for 0x65D08a056c17Ae13370565B04cF77D2AfA1cB9FA: 28
Contract Addresses:
AtomicSwap: 0x71e67695DB8Bc44AA6BF2014142c42221967EE98
UniV2FactoryA: 0x85998F6C99833d1127301928248c97b6F168bDad
UniV2FactoryB: 0xf98265AeA01677961Bff51685B04eE3a6139206F
WETH: 0x24a9Da1457F96C2b167D49377A776d302A5C4dB3
DAI addresses: [ '0xAC29373CBe03C88Fb078488181F8a0650C58CA08' ]
[0x65D08a056c17Ae13370565B04cF77D2AfA1cB9FA] swapping 895.0 DAI for WETH
Nonce calculation debug:
- currentNonce (from getTransactionCount): 28
- nonce.override: 110
- nonce.offset: undefined
- Final nonce value: 138
Sending bundle: [
  '0x02f9017783301824818a85012a05f2008512a05f2000830249f09471e67695db8bc44aa6bf2014142c42221967ee9880b901040cc7326300000000000000000000000000000000000000000000000000000000000000a0000000000000000000000000000000000000000000000030849ebe16369c0000000000000000000000000000f98265aea01677961bff51685b04ee3a6139206f00000000000000000000000065d08a056c17ae13370565b04cf77d2afa1cb9fa00000000000000000000000000000000000000000000000000000000000000000000000000000000000000000000000000000000000000000000000000000002000000000000000000000000ac29373cbe03c88fb078488181f8a0650c58ca0800000000000000000000000024a9da1457f96c2b167d49377a776d302a5c4db3c001a092f739a06776b028abce90813070142bb407a5bacd7f245363122d16bdbe5d05a07c96c08fc9fa1b4c7e0dac7574c90a5519db5cbf793030b325463e286ab0b40b'
]
Sending bundle to Prof RPC: http://172.16.4.27:80
Request payload: {
  "jsonrpc": "2.0",
  "id": 1,
  "method": "eth_sendBundle",
  "params": [
    {
      "txs": [
        "0x02f9017783301824818a85012a05f2008512a05f2000830249f09471e67695db8bc44aa6bf2014142c42221967ee9880b901040cc7326300000000000000000000000000000000000000000000000000000000000000a0000000000000000000000000000000000000000000000030849ebe16369c0000000000000000000000000000f98265aea01677961bff51685b04ee3a6139206f00000000000000000000000065d08a056c17ae13370565b04cf77d2afa1cb9fa00000000000000000000000000000000000000000000000000000000000000000000000000000000000000000000000000000000000000000000000000000002000000000000000000000000ac29373cbe03c88fb078488181f8a0650c58ca0800000000000000000000000024a9da1457f96c2b167d49377a776d302a5c4db3c001a092f739a06776b028abce90813070142bb407a5bacd7f245363122d16bdbe5d05a07c96c08fc9fa1b4c7e0dac7574c90a5519db5cbf793030b325463e286ab0b40b"
      ],
      "blockNumber": "0xd"
    }
  ]
}
Trying URL: http://172.16.4.27:80/sequencer/eth_sendBundle
Bundle sent successfully. Status: 202
nonceOffset: 111
nonceOffset before: 111
Generating swaps with params: {
  targetBlockNumber: 13,
  txsPerBundle: 1,
  sendRoute: 3,
  txStrategy: 'univ2',
  profRpcUrl: 'http://172.16.4.27:80',
  nonceOffset: 111
}
Generating swaps with params: {}
Current nonce for 0x65D08a056c17Ae13370565B04cF77D2AfA1cB9FA: 28
Contract Addresses:
AtomicSwap: 0x71e67695DB8Bc44AA6BF2014142c42221967EE98
UniV2FactoryA: 0x85998F6C99833d1127301928248c97b6F168bDad
UniV2FactoryB: 0xf98265AeA01677961Bff51685B04eE3a6139206F
WETH: 0x24a9Da1457F96C2b167D49377A776d302A5C4dB3
DAI addresses: [ '0xAC29373CBe03C88Fb078488181F8a0650C58CA08' ]
[0x65D08a056c17Ae13370565B04cF77D2AfA1cB9FA] swapping 0.804633204633204633 WETH for DAI
Nonce calculation debug:
- currentNonce (from getTransactionCount): 28
- nonce.override: 111
- nonce.offset: undefined
- Final nonce value: 139
Sending bundle: [
  '0x02f9017783301824818b85012a05f2008512a05f2000830249f09471e67695db8bc44aa6bf2014142c42221967ee9880b901040cc7326300000000000000000000000000000000000000000000000000000000000000a00000000000000000000000000000000000000000000000000b2aa1a2f0a5779900000000000000000000000085998f6c99833d1127301928248c97b6f168bdad00000000000000000000000065d08a056c17ae13370565b04cf77d2afa1cb9fa0000000000000000000000000000000000000000000000000000000000000000000000000000000000000000000000000000000000000000000000000000000200000000000000000000000024a9da1457f96c2b167d49377a776d302a5c4db3000000000000000000000000ac29373cbe03c88fb078488181f8a0650c58ca08c080a051243b0a5fe292672217d84ed3737e0861aedcac0742007b6c92ea14dc9af23aa06c3499df56097250dff1f4fa646de75a6c91a8fd1521c625fc0075f2ffb2ef19'
]
Sending bundle to Prof RPC: http://172.16.4.27:80
Request payload: {
  "jsonrpc": "2.0",
  "id": 1,
  "method": "eth_sendBundle",
  "params": [
    {
      "txs": [
        "0x02f9017783301824818b85012a05f2008512a05f2000830249f09471e67695db8bc44aa6bf2014142c42221967ee9880b901040cc7326300000000000000000000000000000000000000000000000000000000000000a00000000000000000000000000000000000000000000000000b2aa1a2f0a5779900000000000000000000000085998f6c99833d1127301928248c97b6f168bdad00000000000000000000000065d08a056c17ae13370565b04cf77d2afa1cb9fa0000000000000000000000000000000000000000000000000000000000000000000000000000000000000000000000000000000000000000000000000000000200000000000000000000000024a9da1457f96c2b167d49377a776d302a5c4db3000000000000000000000000ac29373cbe03c88fb078488181f8a0650c58ca08c080a051243b0a5fe292672217d84ed3737e0861aedcac0742007b6c92ea14dc9af23aa06c3499df56097250dff1f4fa646de75a6c91a8fd1521c625fc0075f2ffb2ef19"
      ],
      "blockNumber": "0xd"
    }
  ]
}
Trying URL: http://172.16.4.27:80/sequencer/eth_sendBundle
Bundle sent successfully. Status: 202
nonceOffset: 112
nonceOffset before: 112
Generating swaps with params: {
  targetBlockNumber: 13,
  txsPerBundle: 1,
  sendRoute: 3,
  txStrategy: 'univ2',
  profRpcUrl: 'http://172.16.4.27:80',
  nonceOffset: 112
}
Generating swaps with params: {}
Current nonce for 0x65D08a056c17Ae13370565B04cF77D2AfA1cB9FA: 28
Contract Addresses:
AtomicSwap: 0x71e67695DB8Bc44AA6BF2014142c42221967EE98
UniV2FactoryA: 0x85998F6C99833d1127301928248c97b6F168bDad
UniV2FactoryB: 0xf98265AeA01677961Bff51685B04eE3a6139206F
WETH: 0x24a9Da1457F96C2b167D49377A776d302A5C4dB3
DAI addresses: [ '0xAC29373CBe03C88Fb078488181F8a0650C58CA08' ]
[0x65D08a056c17Ae13370565B04cF77D2AfA1cB9FA] swapping 0.277563608326908249 WETH for DAI
Nonce calculation debug:
- currentNonce (from getTransactionCount): 28
- nonce.override: 112
- nonce.offset: undefined
- Final nonce value: 140
Sending bundle: [
  '0x02f9017783301824818c85012a05f2008512a05f2000830249f09471e67695db8bc44aa6bf2014142c42221967ee9880b901040cc7326300000000000000000000000000000000000000000000000000000000000000a000000000000000000000000000000000000000000000000003da1aa194e6a95900000000000000000000000085998f6c99833d1127301928248c97b6f168bdad00000000000000000000000065d08a056c17ae13370565b04cf77d2afa1cb9fa0000000000000000000000000000000000000000000000000000000000000000000000000000000000000000000000000000000000000000000000000000000200000000000000000000000024a9da1457f96c2b167d49377a776d302a5c4db3000000000000000000000000ac29373cbe03c88fb078488181f8a0650c58ca08c001a003d7392c7088248a56f4d49fa3b5d26852a29fcf7bff2bceaccaed0b2119bb85a0373b2566097c47a276f98621d86de70321b649175e627fcf82f90625193af44d'
]
Sending bundle to Prof RPC: http://172.16.4.27:80
Request payload: {
  "jsonrpc": "2.0",
  "id": 1,
  "method": "eth_sendBundle",
  "params": [
    {
      "txs": [
        "0x02f9017783301824818c85012a05f2008512a05f2000830249f09471e67695db8bc44aa6bf2014142c42221967ee9880b901040cc7326300000000000000000000000000000000000000000000000000000000000000a000000000000000000000000000000000000000000000000003da1aa194e6a95900000000000000000000000085998f6c99833d1127301928248c97b6f168bdad00000000000000000000000065d08a056c17ae13370565b04cf77d2afa1cb9fa0000000000000000000000000000000000000000000000000000000000000000000000000000000000000000000000000000000000000000000000000000000200000000000000000000000024a9da1457f96c2b167d49377a776d302a5c4db3000000000000000000000000ac29373cbe03c88fb078488181f8a0650c58ca08c001a003d7392c7088248a56f4d49fa3b5d26852a29fcf7bff2bceaccaed0b2119bb85a0373b2566097c47a276f98621d86de70321b649175e627fcf82f90625193af44d"
      ],
      "blockNumber": "0xd"
    }
  ]
}
Trying URL: http://172.16.4.27:80/sequencer/eth_sendBundle
Bundle sent successfully. Status: 202
nonceOffset: 113
nonceOffset before: 113
Generating swaps with params: {
  targetBlockNumber: 13,
  txsPerBundle: 1,
  sendRoute: 3,
  txStrategy: 'univ2',
  profRpcUrl: 'http://172.16.4.27:80',
  nonceOffset: 113
}
Generating swaps with params: {}
Current nonce for 0x65D08a056c17Ae13370565B04cF77D2AfA1cB9FA: 28
Contract Addresses:
AtomicSwap: 0x71e67695DB8Bc44AA6BF2014142c42221967EE98
UniV2FactoryA: 0x85998F6C99833d1127301928248c97b6F168bDad
UniV2FactoryB: 0xf98265AeA01677961Bff51685B04eE3a6139206F
WETH: 0x24a9Da1457F96C2b167D49377A776d302A5C4dB3
DAI addresses: [ '0xAC29373CBe03C88Fb078488181F8a0650C58CA08' ]
[0x65D08a056c17Ae13370565B04cF77D2AfA1cB9FA] swapping 0.123361603700848111 WETH for DAI
Nonce calculation debug:
- currentNonce (from getTransactionCount): 28
- nonce.override: 113
- nonce.offset: undefined
- Final nonce value: 141
Sending bundle: [
  '0x02f9017783301824818d85012a05f2008512a05f2000830249f09471e67695db8bc44aa6bf2014142c42221967ee9880b901040cc7326300000000000000000000000000000000000000000000000000000000000000a000000000000000000000000000000000000000000000000001b644b99782f5ef00000000000000000000000085998f6c99833d1127301928248c97b6f168bdad00000000000000000000000065d08a056c17ae13370565b04cf77d2afa1cb9fa0000000000000000000000000000000000000000000000000000000000000000000000000000000000000000000000000000000000000000000000000000000200000000000000000000000024a9da1457f96c2b167d49377a776d302a5c4db3000000000000000000000000ac29373cbe03c88fb078488181f8a0650c58ca08c080a09b53b4cc0cc9dd341e5f583292c157e5d7dd88affe7d331f1217b8a86556de3ca02e0b921db17cc49b15b817f678d04940ad8e9c561bd871a14ddcd5015b5d1b02'
]
Sending bundle to Prof RPC: http://172.16.4.27:80
Request payload: {
  "jsonrpc": "2.0",
  "id": 1,
  "method": "eth_sendBundle",
  "params": [
    {
      "txs": [
        "0x02f9017783301824818d85012a05f2008512a05f2000830249f09471e67695db8bc44aa6bf2014142c42221967ee9880b901040cc7326300000000000000000000000000000000000000000000000000000000000000a000000000000000000000000000000000000000000000000001b644b99782f5ef00000000000000000000000085998f6c99833d1127301928248c97b6f168bdad00000000000000000000000065d08a056c17ae13370565b04cf77d2afa1cb9fa0000000000000000000000000000000000000000000000000000000000000000000000000000000000000000000000000000000000000000000000000000000200000000000000000000000024a9da1457f96c2b167d49377a776d302a5c4db3000000000000000000000000ac29373cbe03c88fb078488181f8a0650c58ca08c080a09b53b4cc0cc9dd341e5f583292c157e5d7dd88affe7d331f1217b8a86556de3ca02e0b921db17cc49b15b817f678d04940ad8e9c561bd871a14ddcd5015b5d1b02"
      ],
      "blockNumber": "0xd"
    }
  ]
}
Trying URL: http://172.16.4.27:80/sequencer/eth_sendBundle
Bundle sent successfully. Status: 202
nonceOffset: 114
nonceOffset before: 114
Generating swaps with params: {
  targetBlockNumber: 13,
  txsPerBundle: 1,
  sendRoute: 3,
  txStrategy: 'univ2',
  profRpcUrl: 'http://172.16.4.27:80',
  nonceOffset: 114
}
Generating swaps with params: {}
Current nonce for 0x65D08a056c17Ae13370565B04cF77D2AfA1cB9FA: 28
Contract Addresses:
AtomicSwap: 0x71e67695DB8Bc44AA6BF2014142c42221967EE98
UniV2FactoryA: 0x85998F6C99833d1127301928248c97b6F168bDad
UniV2FactoryB: 0xf98265AeA01677961Bff51685B04eE3a6139206F
WETH: 0x24a9Da1457F96C2b167D49377A776d302A5C4dB3
DAI addresses: [ '0xAC29373CBe03C88Fb078488181F8a0650C58CA08' ]
[0x65D08a056c17Ae13370565B04cF77D2AfA1cB9FA] swapping 738.0 DAI for WETH
Nonce calculation debug:
- currentNonce (from getTransactionCount): 28
- nonce.override: 114
- nonce.offset: undefined
- Final nonce value: 142
Sending bundle: [
  '0x02f9017783301824818e85012a05f2008512a05f2000830249f09471e67695db8bc44aa6bf2014142c42221967ee9880b901040cc7326300000000000000000000000000000000000000000000000000000000000000a000000000000000000000000000000000000000000000002801ceb1e88e48000000000000000000000000000085998f6c99833d1127301928248c97b6f168bdad00000000000000000000000065d08a056c17ae13370565b04cf77d2afa1cb9fa00000000000000000000000000000000000000000000000000000000000000000000000000000000000000000000000000000000000000000000000000000002000000000000000000000000ac29373cbe03c88fb078488181f8a0650c58ca0800000000000000000000000024a9da1457f96c2b167d49377a776d302a5c4db3c080a061516db3397759435dfdec305b63768d844dabe7751a476a65d703a4b85e1bc4a019d3a49e19e7d20974688d726ab6304955128a78993f719682f090d019afa84e'
]
Sending bundle to Prof RPC: http://172.16.4.27:80
Request payload: {
  "jsonrpc": "2.0",
  "id": 1,
  "method": "eth_sendBundle",
  "params": [
    {
      "txs": [
        "0x02f9017783301824818e85012a05f2008512a05f2000830249f09471e67695db8bc44aa6bf2014142c42221967ee9880b901040cc7326300000000000000000000000000000000000000000000000000000000000000a000000000000000000000000000000000000000000000002801ceb1e88e48000000000000000000000000000085998f6c99833d1127301928248c97b6f168bdad00000000000000000000000065d08a056c17ae13370565b04cf77d2afa1cb9fa00000000000000000000000000000000000000000000000000000000000000000000000000000000000000000000000000000000000000000000000000000002000000000000000000000000ac29373cbe03c88fb078488181f8a0650c58ca0800000000000000000000000024a9da1457f96c2b167d49377a776d302a5c4db3c080a061516db3397759435dfdec305b63768d844dabe7751a476a65d703a4b85e1bc4a019d3a49e19e7d20974688d726ab6304955128a78993f719682f090d019afa84e"
      ],
      "blockNumber": "0xd"
    }
  ]
}
Trying URL: http://172.16.4.27:80/sequencer/eth_sendBundle
Bundle sent successfully. Status: 202
nonceOffset: 115
nonceOffset before: 115
Generating swaps with params: {
  targetBlockNumber: 13,
  txsPerBundle: 1,
  sendRoute: 3,
  txStrategy: 'univ2',
  profRpcUrl: 'http://172.16.4.27:80',
  nonceOffset: 115
}
Generating swaps with params: {}
Current nonce for 0x65D08a056c17Ae13370565B04cF77D2AfA1cB9FA: 28
Contract Addresses:
AtomicSwap: 0x71e67695DB8Bc44AA6BF2014142c42221967EE98
UniV2FactoryA: 0x85998F6C99833d1127301928248c97b6F168bDad
UniV2FactoryB: 0xf98265AeA01677961Bff51685B04eE3a6139206F
WETH: 0x24a9Da1457F96C2b167D49377A776d302A5C4dB3
DAI addresses: [ '0xAC29373CBe03C88Fb078488181F8a0650C58CA08' ]
[0x65D08a056c17Ae13370565B04cF77D2AfA1cB9FA] swapping 0.260802469135802469 WETH for DAI
Nonce calculation debug:
- currentNonce (from getTransactionCount): 28
- nonce.override: 115
- nonce.offset: undefined
- Final nonce value: 143
Sending bundle: [
  '0x02f9017783301824818f85012a05f2008512a05f2000830249f09471e67695db8bc44aa6bf2014142c42221967ee9880b901040cc7326300000000000000000000000000000000000000000000000000000000000000a0000000000000000000000000000000000000000000000000039e8e76c1626065000000000000000000000000f98265aea01677961bff51685b04ee3a6139206f00000000000000000000000065d08a056c17ae13370565b04cf77d2afa1cb9fa0000000000000000000000000000000000000000000000000000000000000000000000000000000000000000000000000000000000000000000000000000000200000000000000000000000024a9da1457f96c2b167d49377a776d302a5c4db3000000000000000000000000ac29373cbe03c88fb078488181f8a0650c58ca08c080a05612be9141ce2b9e736e8f90ffa27eb25d5d89cbca299788f22e61a2382b7a47a075a4a8a59a3572fb501011bf0774d515f0b745e0380ec4e064fd9cd830392afa'
]
Sending bundle to Prof RPC: http://172.16.4.27:80
Request payload: {
  "jsonrpc": "2.0",
  "id": 1,
  "method": "eth_sendBundle",
  "params": [
    {
      "txs": [
        "0x02f9017783301824818f85012a05f2008512a05f2000830249f09471e67695db8bc44aa6bf2014142c42221967ee9880b901040cc7326300000000000000000000000000000000000000000000000000000000000000a0000000000000000000000000000000000000000000000000039e8e76c1626065000000000000000000000000f98265aea01677961bff51685b04ee3a6139206f00000000000000000000000065d08a056c17ae13370565b04cf77d2afa1cb9fa0000000000000000000000000000000000000000000000000000000000000000000000000000000000000000000000000000000000000000000000000000000200000000000000000000000024a9da1457f96c2b167d49377a776d302a5c4db3000000000000000000000000ac29373cbe03c88fb078488181f8a0650c58ca08c080a05612be9141ce2b9e736e8f90ffa27eb25d5d89cbca299788f22e61a2382b7a47a075a4a8a59a3572fb501011bf0774d515f0b745e0380ec4e064fd9cd830392afa"
      ],
      "blockNumber": "0xd"
    }
  ]
}
Trying URL: http://172.16.4.27:80/sequencer/eth_sendBundle
Bundle sent successfully. Status: 202
nonceOffset: 116
nonceOffset before: 116
Generating swaps with params: {
  targetBlockNumber: 13,
  txsPerBundle: 1,
  sendRoute: 3,
  txStrategy: 'univ2',
  profRpcUrl: 'http://172.16.4.27:80',
  nonceOffset: 116
}
Generating swaps with params: {}
Current nonce for 0x65D08a056c17Ae13370565B04cF77D2AfA1cB9FA: 28
Contract Addresses:
AtomicSwap: 0x71e67695DB8Bc44AA6BF2014142c42221967EE98
UniV2FactoryA: 0x85998F6C99833d1127301928248c97b6F168bDad
UniV2FactoryB: 0xf98265AeA01677961Bff51685B04eE3a6139206F
WETH: 0x24a9Da1457F96C2b167D49377A776d302A5C4dB3
DAI addresses: [ '0xAC29373CBe03C88Fb078488181F8a0650C58CA08' ]
[0x65D08a056c17Ae13370565B04cF77D2AfA1cB9FA] swapping 360.0 DAI for WETH
Nonce calculation debug:
- currentNonce (from getTransactionCount): 28
- nonce.override: 116
- nonce.offset: undefined
- Final nonce value: 144
Sending bundle: [
  '0x02f9017783301824819085012a05f2008512a05f2000830249f09471e67695db8bc44aa6bf2014142c42221967ee9880b901040cc7326300000000000000000000000000000000000000000000000000000000000000a00000000000000000000000000000000000000000000000138400eca364a0000000000000000000000000000085998f6c99833d1127301928248c97b6f168bdad00000000000000000000000065d08a056c17ae13370565b04cf77d2afa1cb9fa00000000000000000000000000000000000000000000000000000000000000000000000000000000000000000000000000000000000000000000000000000002000000000000000000000000ac29373cbe03c88fb078488181f8a0650c58ca0800000000000000000000000024a9da1457f96c2b167d49377a776d302a5c4db3c001a08f6cda04cb51f66238395f4bc61e52f70f9e3c94373472c19644186eda13c0c5a046f3f84e26ddc78556f025d004b319672fd08adc11445231cb7ea4a85213fc49'
]
Sending bundle to Prof RPC: http://172.16.4.27:80
Request payload: {
  "jsonrpc": "2.0",
  "id": 1,
  "method": "eth_sendBundle",
  "params": [
    {
      "txs": [
        "0x02f9017783301824819085012a05f2008512a05f2000830249f09471e67695db8bc44aa6bf2014142c42221967ee9880b901040cc7326300000000000000000000000000000000000000000000000000000000000000a00000000000000000000000000000000000000000000000138400eca364a0000000000000000000000000000085998f6c99833d1127301928248c97b6f168bdad00000000000000000000000065d08a056c17ae13370565b04cf77d2afa1cb9fa00000000000000000000000000000000000000000000000000000000000000000000000000000000000000000000000000000000000000000000000000000002000000000000000000000000ac29373cbe03c88fb078488181f8a0650c58ca0800000000000000000000000024a9da1457f96c2b167d49377a776d302a5c4db3c001a08f6cda04cb51f66238395f4bc61e52f70f9e3c94373472c19644186eda13c0c5a046f3f84e26ddc78556f025d004b319672fd08adc11445231cb7ea4a85213fc49"
      ],
      "blockNumber": "0xd"
    }
  ]
}
Trying URL: http://172.16.4.27:80/sequencer/eth_sendBundle
Bundle sent successfully. Status: 202
nonceOffset: 117
nonceOffset before: 117
Generating swaps with params: {
  targetBlockNumber: 13,
  txsPerBundle: 1,
  sendRoute: 3,
  txStrategy: 'univ2',
  profRpcUrl: 'http://172.16.4.27:80',
  nonceOffset: 117
}
Generating swaps with params: {}
Current nonce for 0x65D08a056c17Ae13370565B04cF77D2AfA1cB9FA: 38
Contract Addresses:
AtomicSwap: 0x71e67695DB8Bc44AA6BF2014142c42221967EE98
UniV2FactoryA: 0x85998F6C99833d1127301928248c97b6F168bDad
UniV2FactoryB: 0xf98265AeA01677961Bff51685B04eE3a6139206F
WETH: 0x24a9Da1457F96C2b167D49377A776d302A5C4dB3
DAI addresses: [ '0xAC29373CBe03C88Fb078488181F8a0650C58CA08' ]
[0x65D08a056c17Ae13370565B04cF77D2AfA1cB9FA] swapping 1063.0 DAI for WETH
Nonce calculation debug:
- currentNonce (from getTransactionCount): 38
- nonce.override: 117
- nonce.offset: undefined
- Final nonce value: 155
Sending bundle: [
  '0x02f9017783301824819b85012a05f2008512a05f2000830249f09471e67695db8bc44aa6bf2014142c42221967ee9880b901040cc7326300000000000000000000000000000000000000000000000000000000000000a0000000000000000000000000000000000000000000000039a016a3fc103c000000000000000000000000000085998f6c99833d1127301928248c97b6f168bdad00000000000000000000000065d08a056c17ae13370565b04cf77d2afa1cb9fa00000000000000000000000000000000000000000000000000000000000000000000000000000000000000000000000000000000000000000000000000000002000000000000000000000000ac29373cbe03c88fb078488181f8a0650c58ca0800000000000000000000000024a9da1457f96c2b167d49377a776d302a5c4db3c080a05690cc533ee442671ece5274074af10158b32fea39276d4d62c0a1a783a45e8fa0552e250c033e40b29271194923a921b0d5f397892d4804879db9c20ec9eaf2f1'
]
Sending bundle to Prof RPC: http://172.16.4.27:80
Request payload: {
  "jsonrpc": "2.0",
  "id": 1,
  "method": "eth_sendBundle",
  "params": [
    {
      "txs": [
        "0x02f9017783301824819b85012a05f2008512a05f2000830249f09471e67695db8bc44aa6bf2014142c42221967ee9880b901040cc7326300000000000000000000000000000000000000000000000000000000000000a0000000000000000000000000000000000000000000000039a016a3fc103c000000000000000000000000000085998f6c99833d1127301928248c97b6f168bdad00000000000000000000000065d08a056c17ae13370565b04cf77d2afa1cb9fa00000000000000000000000000000000000000000000000000000000000000000000000000000000000000000000000000000000000000000000000000000002000000000000000000000000ac29373cbe03c88fb078488181f8a0650c58ca0800000000000000000000000024a9da1457f96c2b167d49377a776d302a5c4db3c080a05690cc533ee442671ece5274074af10158b32fea39276d4d62c0a1a783a45e8fa0552e250c033e40b29271194923a921b0d5f397892d4804879db9c20ec9eaf2f1"
      ],
      "blockNumber": "0xd"
    }
  ]
}
Trying URL: http://172.16.4.27:80/sequencer/eth_sendBundle
Bundle sent successfully. Status: 202
nonceOffset: 118
nonceOffset before: 118
Generating swaps with params: {
  targetBlockNumber: 13,
  txsPerBundle: 1,
  sendRoute: 3,
  txStrategy: 'univ2',
  profRpcUrl: 'http://172.16.4.27:80',
  nonceOffset: 118
}
Generating swaps with params: {}
Current nonce for 0x65D08a056c17Ae13370565B04cF77D2AfA1cB9FA: 42
Contract Addresses:
AtomicSwap: 0x71e67695DB8Bc44AA6BF2014142c42221967EE98
UniV2FactoryA: 0x85998F6C99833d1127301928248c97b6F168bDad
UniV2FactoryB: 0xf98265AeA01677961Bff51685B04eE3a6139206F
WETH: 0x24a9Da1457F96C2b167D49377A776d302A5C4dB3
DAI addresses: [ '0xAC29373CBe03C88Fb078488181F8a0650C58CA08' ]
[0x65D08a056c17Ae13370565B04cF77D2AfA1cB9FA] swapping 0.656153846153846153 WETH for DAI
Nonce calculation debug:
- currentNonce (from getTransactionCount): 42
- nonce.override: 118
- nonce.offset: undefined
- Final nonce value: 160
Sending bundle: [
  '0x02f901778330182481a085012a05f2008512a05f2000830249f09471e67695db8bc44aa6bf2014142c42221967ee9880b901040cc7326300000000000000000000000000000000000000000000000000000000000000a0000000000000000000000000000000000000000000000000091b207256019d8900000000000000000000000085998f6c99833d1127301928248c97b6f168bdad00000000000000000000000065d08a056c17ae13370565b04cf77d2afa1cb9fa0000000000000000000000000000000000000000000000000000000000000000000000000000000000000000000000000000000000000000000000000000000200000000000000000000000024a9da1457f96c2b167d49377a776d302a5c4db3000000000000000000000000ac29373cbe03c88fb078488181f8a0650c58ca08c080a0f74f71941d4260c8b787401a7ff10517dc1b663039970cb4219fc7df146b244ea014d5eabf1463e33346091474ff2641d7bbc6f0b394fc900d35f4037ab212f237'
]
Sending bundle to Prof RPC: http://172.16.4.27:80
Request payload: {
  "jsonrpc": "2.0",
  "id": 1,
  "method": "eth_sendBundle",
  "params": [
    {
      "txs": [
        "0x02f901778330182481a085012a05f2008512a05f2000830249f09471e67695db8bc44aa6bf2014142c42221967ee9880b901040cc7326300000000000000000000000000000000000000000000000000000000000000a0000000000000000000000000000000000000000000000000091b207256019d8900000000000000000000000085998f6c99833d1127301928248c97b6f168bdad00000000000000000000000065d08a056c17ae13370565b04cf77d2afa1cb9fa0000000000000000000000000000000000000000000000000000000000000000000000000000000000000000000000000000000000000000000000000000000200000000000000000000000024a9da1457f96c2b167d49377a776d302a5c4db3000000000000000000000000ac29373cbe03c88fb078488181f8a0650c58ca08c080a0f74f71941d4260c8b787401a7ff10517dc1b663039970cb4219fc7df146b244ea014d5eabf1463e33346091474ff2641d7bbc6f0b394fc900d35f4037ab212f237"
      ],
      "blockNumber": "0xd"
    }
  ]
}
Trying URL: http://172.16.4.27:80/sequencer/eth_sendBundle
Bundle sent successfully. Status: 202
nonceOffset: 119
nonceOffset before: 119
Generating swaps with params: {
  targetBlockNumber: 13,
  txsPerBundle: 1,
  sendRoute: 3,
  txStrategy: 'univ2',
  profRpcUrl: 'http://172.16.4.27:80',
  nonceOffset: 119
}
Generating swaps with params: {}
Current nonce for 0x65D08a056c17Ae13370565B04cF77D2AfA1cB9FA: 42
Contract Addresses:
AtomicSwap: 0x71e67695DB8Bc44AA6BF2014142c42221967EE98
UniV2FactoryA: 0x85998F6C99833d1127301928248c97b6F168bDad
UniV2FactoryB: 0xf98265AeA01677961Bff51685B04eE3a6139206F
WETH: 0x24a9Da1457F96C2b167D49377A776d302A5C4dB3
DAI addresses: [ '0xAC29373CBe03C88Fb078488181F8a0650C58CA08' ]
[0x65D08a056c17Ae13370565B04cF77D2AfA1cB9FA] swapping 320.0 DAI for WETH
Nonce calculation debug:
- currentNonce (from getTransactionCount): 42
- nonce.override: 119
- nonce.offset: undefined
- Final nonce value: 161
Sending bundle: [
  '0x02f901778330182481a185012a05f2008512a05f2000830249f09471e67695db8bc44aa6bf2014142c42221967ee9880b901040cc7326300000000000000000000000000000000000000000000000000000000000000a000000000000000000000000000000000000000000000001158e460913d000000000000000000000000000000f98265aea01677961bff51685b04ee3a6139206f00000000000000000000000065d08a056c17ae13370565b04cf77d2afa1cb9fa00000000000000000000000000000000000000000000000000000000000000000000000000000000000000000000000000000000000000000000000000000002000000000000000000000000ac29373cbe03c88fb078488181f8a0650c58ca0800000000000000000000000024a9da1457f96c2b167d49377a776d302a5c4db3c080a0fbfa338b62fd6567ffa2773d61fe2947dfcf80d9a0458ef2074f675a606afb21a0034c4d65eb0a3f56d72f413763f72d5b518df01066126c7d1f0c5d8d74868c5e'
]
Sending bundle to Prof RPC: http://172.16.4.27:80
Request payload: {
  "jsonrpc": "2.0",
  "id": 1,
  "method": "eth_sendBundle",
  "params": [
    {
      "txs": [
        "0x02f901778330182481a185012a05f2008512a05f2000830249f09471e67695db8bc44aa6bf2014142c42221967ee9880b901040cc7326300000000000000000000000000000000000000000000000000000000000000a000000000000000000000000000000000000000000000001158e460913d000000000000000000000000000000f98265aea01677961bff51685b04ee3a6139206f00000000000000000000000065d08a056c17ae13370565b04cf77d2afa1cb9fa00000000000000000000000000000000000000000000000000000000000000000000000000000000000000000000000000000000000000000000000000000002000000000000000000000000ac29373cbe03c88fb078488181f8a0650c58ca0800000000000000000000000024a9da1457f96c2b167d49377a776d302a5c4db3c080a0fbfa338b62fd6567ffa2773d61fe2947dfcf80d9a0458ef2074f675a606afb21a0034c4d65eb0a3f56d72f413763f72d5b518df01066126c7d1f0c5d8d74868c5e"
      ],
      "blockNumber": "0xd"
    }
  ]
}
Trying URL: http://172.16.4.27:80/sequencer/eth_sendBundle
Bundle sent successfully. Status: 202
nonceOffset: 120
nonceOffset before: 120
Generating swaps with params: {
  targetBlockNumber: 13,
  txsPerBundle: 1,
  sendRoute: 3,
  txStrategy: 'univ2',
  profRpcUrl: 'http://172.16.4.27:80',
  nonceOffset: 120
}
Generating swaps with params: {}
Current nonce for 0x65D08a056c17Ae13370565B04cF77D2AfA1cB9FA: 42
Contract Addresses:
AtomicSwap: 0x71e67695DB8Bc44AA6BF2014142c42221967EE98
UniV2FactoryA: 0x85998F6C99833d1127301928248c97b6F168bDad
UniV2FactoryB: 0xf98265AeA01677961Bff51685B04eE3a6139206F
WETH: 0x24a9Da1457F96C2b167D49377A776d302A5C4dB3
DAI addresses: [ '0xAC29373CBe03C88Fb078488181F8a0650C58CA08' ]
[0x65D08a056c17Ae13370565B04cF77D2AfA1cB9FA] swapping 0.58905165767154973 WETH for DAI
Nonce calculation debug:
- currentNonce (from getTransactionCount): 42
- nonce.override: 120
- nonce.offset: undefined
- Final nonce value: 162
Sending bundle: [
  '0x02f901778330182481a285012a05f2008512a05f2000830249f09471e67695db8bc44aa6bf2014142c42221967ee9880b901040cc7326300000000000000000000000000000000000000000000000000000000000000a0000000000000000000000000000000000000000000000000082cbb5c99de2322000000000000000000000000f98265aea01677961bff51685b04ee3a6139206f00000000000000000000000065d08a056c17ae13370565b04cf77d2afa1cb9fa0000000000000000000000000000000000000000000000000000000000000000000000000000000000000000000000000000000000000000000000000000000200000000000000000000000024a9da1457f96c2b167d49377a776d302a5c4db3000000000000000000000000ac29373cbe03c88fb078488181f8a0650c58ca08c001a0585213a8d24984d8e351b0df7e92f55b9a781d4c70ce927ed010a0cff82c6439a05b7a0b60165e0693b6f94d8ee33ff9895c8cf548ea32dfb72a1b59d78102cb70'
]
Sending bundle to Prof RPC: http://172.16.4.27:80
Request payload: {
  "jsonrpc": "2.0",
  "id": 1,
  "method": "eth_sendBundle",
  "params": [
    {
      "txs": [
        "0x02f901778330182481a285012a05f2008512a05f2000830249f09471e67695db8bc44aa6bf2014142c42221967ee9880b901040cc7326300000000000000000000000000000000000000000000000000000000000000a0000000000000000000000000000000000000000000000000082cbb5c99de2322000000000000000000000000f98265aea01677961bff51685b04ee3a6139206f00000000000000000000000065d08a056c17ae13370565b04cf77d2afa1cb9fa0000000000000000000000000000000000000000000000000000000000000000000000000000000000000000000000000000000000000000000000000000000200000000000000000000000024a9da1457f96c2b167d49377a776d302a5c4db3000000000000000000000000ac29373cbe03c88fb078488181f8a0650c58ca08c001a0585213a8d24984d8e351b0df7e92f55b9a781d4c70ce927ed010a0cff82c6439a05b7a0b60165e0693b6f94d8ee33ff9895c8cf548ea32dfb72a1b59d78102cb70"
      ],
      "blockNumber": "0xd"
    }
  ]
}
Trying URL: http://172.16.4.27:80/sequencer/eth_sendBundle
Bundle sent successfully. Status: 202
nonceOffset: 121
nonceOffset before: 121
Generating swaps with params: {
  targetBlockNumber: 13,
  txsPerBundle: 1,
  sendRoute: 3,
  txStrategy: 'univ2',
  profRpcUrl: 'http://172.16.4.27:80',
  nonceOffset: 121
}
Generating swaps with params: {}
Current nonce for 0x65D08a056c17Ae13370565B04cF77D2AfA1cB9FA: 42
Contract Addresses:
AtomicSwap: 0x71e67695DB8Bc44AA6BF2014142c42221967EE98
UniV2FactoryA: 0x85998F6C99833d1127301928248c97b6F168bDad
UniV2FactoryB: 0xf98265AeA01677961Bff51685B04eE3a6139206F
WETH: 0x24a9Da1457F96C2b167D49377A776d302A5C4dB3
DAI addresses: [ '0xAC29373CBe03C88Fb078488181F8a0650C58CA08' ]
[0x65D08a056c17Ae13370565B04cF77D2AfA1cB9FA] swapping 0.721538461538461538 WETH for DAI
Nonce calculation debug:
- currentNonce (from getTransactionCount): 42
- nonce.override: 121
- nonce.offset: undefined
- Final nonce value: 163
Sending bundle: [
  '0x02f901778330182481a385012a05f2008512a05f2000830249f09471e67695db8bc44aa6bf2014142c42221967ee9880b901040cc7326300000000000000000000000000000000000000000000000000000000000000a00000000000000000000000000000000000000000000000000a036b686bc8276200000000000000000000000085998f6c99833d1127301928248c97b6f168bdad00000000000000000000000065d08a056c17ae13370565b04cf77d2afa1cb9fa0000000000000000000000000000000000000000000000000000000000000000000000000000000000000000000000000000000000000000000000000000000200000000000000000000000024a9da1457f96c2b167d49377a776d302a5c4db3000000000000000000000000ac29373cbe03c88fb078488181f8a0650c58ca08c080a0543b0745c6d136fbd60ecac1384f5db7e48e6dc3cd560e3f34a5d2c17e6bbdeda00b6c872ae6df340ff288008d6cfe5d8a3de97f9823e7e4c1e200c085c982686d'
]
Sending bundle to Prof RPC: http://172.16.4.27:80
Request payload: {
  "jsonrpc": "2.0",
  "id": 1,
  "method": "eth_sendBundle",
  "params": [
    {
      "txs": [
        "0x02f901778330182481a385012a05f2008512a05f2000830249f09471e67695db8bc44aa6bf2014142c42221967ee9880b901040cc7326300000000000000000000000000000000000000000000000000000000000000a00000000000000000000000000000000000000000000000000a036b686bc8276200000000000000000000000085998f6c99833d1127301928248c97b6f168bdad00000000000000000000000065d08a056c17ae13370565b04cf77d2afa1cb9fa0000000000000000000000000000000000000000000000000000000000000000000000000000000000000000000000000000000000000000000000000000000200000000000000000000000024a9da1457f96c2b167d49377a776d302a5c4db3000000000000000000000000ac29373cbe03c88fb078488181f8a0650c58ca08c080a0543b0745c6d136fbd60ecac1384f5db7e48e6dc3cd560e3f34a5d2c17e6bbdeda00b6c872ae6df340ff288008d6cfe5d8a3de97f9823e7e4c1e200c085c982686d"
      ],
      "blockNumber": "0xd"
    }
  ]
}
Trying URL: http://172.16.4.27:80/sequencer/eth_sendBundle
Bundle sent successfully. Status: 202
nonceOffset: 122
nonceOffset before: 122
Generating swaps with params: {
  targetBlockNumber: 13,
  txsPerBundle: 1,
  sendRoute: 3,
  txStrategy: 'univ2',
  profRpcUrl: 'http://172.16.4.27:80',
  nonceOffset: 122
}
Generating swaps with params: {}
Current nonce for 0x65D08a056c17Ae13370565B04cF77D2AfA1cB9FA: 42
Contract Addresses:
AtomicSwap: 0x71e67695DB8Bc44AA6BF2014142c42221967EE98
UniV2FactoryA: 0x85998F6C99833d1127301928248c97b6F168bDad
UniV2FactoryB: 0xf98265AeA01677961Bff51685B04eE3a6139206F
WETH: 0x24a9Da1457F96C2b167D49377A776d302A5C4dB3
DAI addresses: [ '0xAC29373CBe03C88Fb078488181F8a0650C58CA08' ]
[0x65D08a056c17Ae13370565B04cF77D2AfA1cB9FA] swapping 705.0 DAI for WETH
Nonce calculation debug:
- currentNonce (from getTransactionCount): 42
- nonce.override: 122
- nonce.offset: undefined
- Final nonce value: 164
Sending bundle: [
  '0x02f901778330182481a485012a05f2008512a05f2000830249f09471e67695db8bc44aa6bf2014142c42221967ee9880b901040cc7326300000000000000000000000000000000000000000000000000000000000000a000000000000000000000000000000000000000000000002637d724bffa64000000000000000000000000000085998f6c99833d1127301928248c97b6f168bdad00000000000000000000000065d08a056c17ae13370565b04cf77d2afa1cb9fa00000000000000000000000000000000000000000000000000000000000000000000000000000000000000000000000000000000000000000000000000000002000000000000000000000000ac29373cbe03c88fb078488181f8a0650c58ca0800000000000000000000000024a9da1457f96c2b167d49377a776d302a5c4db3c080a02664ae5228bf07452f03b17736165e1a0f411a1df32a0dca6ec9490a5c4f133ca0754fc13a0836c8123b2ccba9b71b2ec1d05dc837acc21179f4f1862bbd976fc1'
]
Sending bundle to Prof RPC: http://172.16.4.27:80
Request payload: {
  "jsonrpc": "2.0",
  "id": 1,
  "method": "eth_sendBundle",
  "params": [
    {
      "txs": [
        "0x02f901778330182481a485012a05f2008512a05f2000830249f09471e67695db8bc44aa6bf2014142c42221967ee9880b901040cc7326300000000000000000000000000000000000000000000000000000000000000a000000000000000000000000000000000000000000000002637d724bffa64000000000000000000000000000085998f6c99833d1127301928248c97b6f168bdad00000000000000000000000065d08a056c17ae13370565b04cf77d2afa1cb9fa00000000000000000000000000000000000000000000000000000000000000000000000000000000000000000000000000000000000000000000000000000002000000000000000000000000ac29373cbe03c88fb078488181f8a0650c58ca0800000000000000000000000024a9da1457f96c2b167d49377a776d302a5c4db3c080a02664ae5228bf07452f03b17736165e1a0f411a1df32a0dca6ec9490a5c4f133ca0754fc13a0836c8123b2ccba9b71b2ec1d05dc837acc21179f4f1862bbd976fc1"
      ],
      "blockNumber": "0xd"
    }
  ]
}
Trying URL: http://172.16.4.27:80/sequencer/eth_sendBundle
Bundle sent successfully. Status: 202
nonceOffset: 123
nonceOffset before: 123
Generating swaps with params: {
  targetBlockNumber: 13,
  txsPerBundle: 1,
  sendRoute: 3,
  txStrategy: 'univ2',
  profRpcUrl: 'http://172.16.4.27:80',
  nonceOffset: 123
}
Generating swaps with params: {}
Current nonce for 0x65D08a056c17Ae13370565B04cF77D2AfA1cB9FA: 42
Contract Addresses:
AtomicSwap: 0x71e67695DB8Bc44AA6BF2014142c42221967EE98
UniV2FactoryA: 0x85998F6C99833d1127301928248c97b6F168bDad
UniV2FactoryB: 0xf98265AeA01677961Bff51685B04eE3a6139206F
WETH: 0x24a9Da1457F96C2b167D49377A776d302A5C4dB3
DAI addresses: [ '0xAC29373CBe03C88Fb078488181F8a0650C58CA08' ]
[0x65D08a056c17Ae13370565B04cF77D2AfA1cB9FA] swapping 797.0 DAI for WETH
Nonce calculation debug:
- currentNonce (from getTransactionCount): 42
- nonce.override: 123
- nonce.offset: undefined
- Final nonce value: 165
Sending bundle: [
  '0x02f901778330182481a585012a05f2008512a05f2000830249f09471e67695db8bc44aa6bf2014142c42221967ee9880b901040cc7326300000000000000000000000000000000000000000000000000000000000000a000000000000000000000000000000000000000000000002b3498cd502254000000000000000000000000000085998f6c99833d1127301928248c97b6f168bdad00000000000000000000000065d08a056c17ae13370565b04cf77d2afa1cb9fa00000000000000000000000000000000000000000000000000000000000000000000000000000000000000000000000000000000000000000000000000000002000000000000000000000000ac29373cbe03c88fb078488181f8a0650c58ca0800000000000000000000000024a9da1457f96c2b167d49377a776d302a5c4db3c001a046e89e1ae9a8eb239e77ce294b6de2f4c5f4619bf62473998cd773edacac95b0a06cc274a333a45b85dfa44c537bee242d80df1b7ba5fa838735afc012fa64132f'
]
Sending bundle to Prof RPC: http://172.16.4.27:80
Request payload: {
  "jsonrpc": "2.0",
  "id": 1,
  "method": "eth_sendBundle",
  "params": [
    {
      "txs": [
        "0x02f901778330182481a585012a05f2008512a05f2000830249f09471e67695db8bc44aa6bf2014142c42221967ee9880b901040cc7326300000000000000000000000000000000000000000000000000000000000000a000000000000000000000000000000000000000000000002b3498cd502254000000000000000000000000000085998f6c99833d1127301928248c97b6f168bdad00000000000000000000000065d08a056c17ae13370565b04cf77d2afa1cb9fa00000000000000000000000000000000000000000000000000000000000000000000000000000000000000000000000000000000000000000000000000000002000000000000000000000000ac29373cbe03c88fb078488181f8a0650c58ca0800000000000000000000000024a9da1457f96c2b167d49377a776d302a5c4db3c001a046e89e1ae9a8eb239e77ce294b6de2f4c5f4619bf62473998cd773edacac95b0a06cc274a333a45b85dfa44c537bee242d80df1b7ba5fa838735afc012fa64132f"
      ],
      "blockNumber": "0xd"
    }
  ]
}
Trying URL: http://172.16.4.27:80/sequencer/eth_sendBundle
Bundle sent successfully. Status: 202
nonceOffset: 124
nonceOffset before: 124
Generating swaps with params: {
  targetBlockNumber: 13,
  txsPerBundle: 1,
  sendRoute: 3,
  txStrategy: 'univ2',
  profRpcUrl: 'http://172.16.4.27:80',
  nonceOffset: 124
}
Generating swaps with params: {}
Current nonce for 0x65D08a056c17Ae13370565B04cF77D2AfA1cB9FA: 42
Contract Addresses:
AtomicSwap: 0x71e67695DB8Bc44AA6BF2014142c42221967EE98
UniV2FactoryA: 0x85998F6C99833d1127301928248c97b6F168bDad
UniV2FactoryB: 0xf98265AeA01677961Bff51685B04eE3a6139206F
WETH: 0x24a9Da1457F96C2b167D49377A776d302A5C4dB3
DAI addresses: [ '0xAC29373CBe03C88Fb078488181F8a0650C58CA08' ]
[0x65D08a056c17Ae13370565B04cF77D2AfA1cB9FA] swapping 0.204930662557781201 WETH for DAI
Nonce calculation debug:
- currentNonce (from getTransactionCount): 42
- nonce.override: 124
- nonce.offset: undefined
- Final nonce value: 166
Sending bundle: [
  '0x02f901778330182481a685012a05f2008512a05f2000830249f09471e67695db8bc44aa6bf2014142c42221967ee9880b901040cc7326300000000000000000000000000000000000000000000000000000000000000a000000000000000000000000000000000000000000000000002d80f5a11578cd1000000000000000000000000f98265aea01677961bff51685b04ee3a6139206f00000000000000000000000065d08a056c17ae13370565b04cf77d2afa1cb9fa0000000000000000000000000000000000000000000000000000000000000000000000000000000000000000000000000000000000000000000000000000000200000000000000000000000024a9da1457f96c2b167d49377a776d302a5c4db3000000000000000000000000ac29373cbe03c88fb078488181f8a0650c58ca08c001a05c09f1364aaf696743c6ff9e74f04c8cbdf960aa058d66ee17ac380548dbc1b3a05c99dd6154562f8f90492c2161ebd098b3c2037e472f5f53967769ddfe66b9e2'
]
Sending bundle to Prof RPC: http://172.16.4.27:80
Request payload: {
  "jsonrpc": "2.0",
  "id": 1,
  "method": "eth_sendBundle",
  "params": [
    {
      "txs": [
        "0x02f901778330182481a685012a05f2008512a05f2000830249f09471e67695db8bc44aa6bf2014142c42221967ee9880b901040cc7326300000000000000000000000000000000000000000000000000000000000000a000000000000000000000000000000000000000000000000002d80f5a11578cd1000000000000000000000000f98265aea01677961bff51685b04ee3a6139206f00000000000000000000000065d08a056c17ae13370565b04cf77d2afa1cb9fa0000000000000000000000000000000000000000000000000000000000000000000000000000000000000000000000000000000000000000000000000000000200000000000000000000000024a9da1457f96c2b167d49377a776d302a5c4db3000000000000000000000000ac29373cbe03c88fb078488181f8a0650c58ca08c001a05c09f1364aaf696743c6ff9e74f04c8cbdf960aa058d66ee17ac380548dbc1b3a05c99dd6154562f8f90492c2161ebd098b3c2037e472f5f53967769ddfe66b9e2"
      ],
      "blockNumber": "0xd"
    }
  ]
}
Trying URL: http://172.16.4.27:80/sequencer/eth_sendBundle
Bundle sent successfully. Status: 202
nonceOffset: 125
nonceOffset before: 125
Generating swaps with params: {
  targetBlockNumber: 13,
  txsPerBundle: 1,
  sendRoute: 3,
  txStrategy: 'univ2',
  profRpcUrl: 'http://172.16.4.27:80',
  nonceOffset: 125
}
Generating swaps with params: {}
Current nonce for 0x65D08a056c17Ae13370565B04cF77D2AfA1cB9FA: 43
Contract Addresses:
AtomicSwap: 0x71e67695DB8Bc44AA6BF2014142c42221967EE98
UniV2FactoryA: 0x85998F6C99833d1127301928248c97b6F168bDad
UniV2FactoryB: 0xf98265AeA01677961Bff51685B04eE3a6139206F
WETH: 0x24a9Da1457F96C2b167D49377A776d302A5C4dB3
DAI addresses: [ '0xAC29373CBe03C88Fb078488181F8a0650C58CA08' ]
[0x65D08a056c17Ae13370565B04cF77D2AfA1cB9FA] swapping 0.3338473400154202 WETH for DAI
Nonce calculation debug:
- currentNonce (from getTransactionCount): 43
- nonce.override: 125
- nonce.offset: undefined
- Final nonce value: 168
Sending bundle: [
  '0x02f901778330182481a885012a05f2008512a05f2000830249f09471e67695db8bc44aa6bf2014142c42221967ee9880b901040cc7326300000000000000000000000000000000000000000000000000000000000000a000000000000000000000000000000000000000000000000004a210630ed40328000000000000000000000000f98265aea01677961bff51685b04ee3a6139206f00000000000000000000000065d08a056c17ae13370565b04cf77d2afa1cb9fa0000000000000000000000000000000000000000000000000000000000000000000000000000000000000000000000000000000000000000000000000000000200000000000000000000000024a9da1457f96c2b167d49377a776d302a5c4db3000000000000000000000000ac29373cbe03c88fb078488181f8a0650c58ca08c001a0ae5cb765239788341d1f5f419d3e9f280eeab6d1229499b8a3d48b7d3a00118ea01b1f066ad0bb4de0c6304233167095a370df4dd2d111a2184a9a659e74f3fcc1'
]
Sending bundle to Prof RPC: http://172.16.4.27:80
Request payload: {
  "jsonrpc": "2.0",
  "id": 1,
  "method": "eth_sendBundle",
  "params": [
    {
      "txs": [
        "0x02f901778330182481a885012a05f2008512a05f2000830249f09471e67695db8bc44aa6bf2014142c42221967ee9880b901040cc7326300000000000000000000000000000000000000000000000000000000000000a000000000000000000000000000000000000000000000000004a210630ed40328000000000000000000000000f98265aea01677961bff51685b04ee3a6139206f00000000000000000000000065d08a056c17ae13370565b04cf77d2afa1cb9fa0000000000000000000000000000000000000000000000000000000000000000000000000000000000000000000000000000000000000000000000000000000200000000000000000000000024a9da1457f96c2b167d49377a776d302a5c4db3000000000000000000000000ac29373cbe03c88fb078488181f8a0650c58ca08c001a0ae5cb765239788341d1f5f419d3e9f280eeab6d1229499b8a3d48b7d3a00118ea01b1f066ad0bb4de0c6304233167095a370df4dd2d111a2184a9a659e74f3fcc1"
      ],
      "blockNumber": "0xd"
    }
  ]
}
Trying URL: http://172.16.4.27:80/sequencer/eth_sendBundle
Bundle sent successfully. Status: 202
nonceOffset: 126
nonceOffset before: 126
Generating swaps with params: {
  targetBlockNumber: 13,
  txsPerBundle: 1,
  sendRoute: 3,
  txStrategy: 'univ2',
  profRpcUrl: 'http://172.16.4.27:80',
  nonceOffset: 126
}
Generating swaps with params: {}
Current nonce for 0x65D08a056c17Ae13370565B04cF77D2AfA1cB9FA: 43
Contract Addresses:
AtomicSwap: 0x71e67695DB8Bc44AA6BF2014142c42221967EE98
UniV2FactoryA: 0x85998F6C99833d1127301928248c97b6F168bDad
UniV2FactoryB: 0xf98265AeA01677961Bff51685B04eE3a6139206F
WETH: 0x24a9Da1457F96C2b167D49377A776d302A5C4dB3
DAI addresses: [ '0xAC29373CBe03C88Fb078488181F8a0650C58CA08' ]
[0x65D08a056c17Ae13370565B04cF77D2AfA1cB9FA] swapping 0.549730146491904394 WETH for DAI
Nonce calculation debug:
- currentNonce (from getTransactionCount): 43
- nonce.override: 126
- nonce.offset: undefined
- Final nonce value: 169
Sending bundle: [
  '0x02f901778330182481a985012a05f2008512a05f2000830249f09471e67695db8bc44aa6bf2014142c42221967ee9880b901040cc7326300000000000000000000000000000000000000000000000000000000000000a000000000000000000000000000000000000000000000000007a108a7d7f9318a000000000000000000000000f98265aea01677961bff51685b04ee3a6139206f00000000000000000000000065d08a056c17ae13370565b04cf77d2afa1cb9fa0000000000000000000000000000000000000000000000000000000000000000000000000000000000000000000000000000000000000000000000000000000200000000000000000000000024a9da1457f96c2b167d49377a776d302a5c4db3000000000000000000000000ac29373cbe03c88fb078488181f8a0650c58ca08c080a098150178cf811edb4fed3907be216321d87c2813e08dcde4f4ebdcb31dc18e74a018e57c364eebcbe84a0d4c0c8b2ebd523f91432c9bcbf40b078b2ce55daa3f18'
]
Sending bundle to Prof RPC: http://172.16.4.27:80
Request payload: {
  "jsonrpc": "2.0",
  "id": 1,
  "method": "eth_sendBundle",
  "params": [
    {
      "txs": [
        "0x02f901778330182481a985012a05f2008512a05f2000830249f09471e67695db8bc44aa6bf2014142c42221967ee9880b901040cc7326300000000000000000000000000000000000000000000000000000000000000a000000000000000000000000000000000000000000000000007a108a7d7f9318a000000000000000000000000f98265aea01677961bff51685b04ee3a6139206f00000000000000000000000065d08a056c17ae13370565b04cf77d2afa1cb9fa0000000000000000000000000000000000000000000000000000000000000000000000000000000000000000000000000000000000000000000000000000000200000000000000000000000024a9da1457f96c2b167d49377a776d302a5c4db3000000000000000000000000ac29373cbe03c88fb078488181f8a0650c58ca08c080a098150178cf811edb4fed3907be216321d87c2813e08dcde4f4ebdcb31dc18e74a018e57c364eebcbe84a0d4c0c8b2ebd523f91432c9bcbf40b078b2ce55daa3f18"
      ],
      "blockNumber": "0xd"
    }
  ]
}
Trying URL: http://172.16.4.27:80/sequencer/eth_sendBundle
Bundle sent successfully. Status: 202
nonceOffset: 127
nonceOffset before: 127
Generating swaps with params: {
  targetBlockNumber: 13,
  txsPerBundle: 1,
  sendRoute: 3,
  txStrategy: 'univ2',
  profRpcUrl: 'http://172.16.4.27:80',
  nonceOffset: 127
}
Generating swaps with params: {}
Current nonce for 0x65D08a056c17Ae13370565B04cF77D2AfA1cB9FA: 43
Contract Addresses:
AtomicSwap: 0x71e67695DB8Bc44AA6BF2014142c42221967EE98
UniV2FactoryA: 0x85998F6C99833d1127301928248c97b6F168bDad
UniV2FactoryB: 0xf98265AeA01677961Bff51685B04eE3a6139206F
WETH: 0x24a9Da1457F96C2b167D49377A776d302A5C4dB3
DAI addresses: [ '0xAC29373CBe03C88Fb078488181F8a0650C58CA08' ]
[0x65D08a056c17Ae13370565B04cF77D2AfA1cB9FA] swapping 0.639938319198149575 WETH for DAI
Nonce calculation debug:
- currentNonce (from getTransactionCount): 43
- nonce.override: 127
- nonce.offset: undefined
- Final nonce value: 170
Sending bundle: [
  '0x02f901778330182481aa85012a05f2008512a05f2000830249f09471e67695db8bc44aa6bf2014142c42221967ee9880b901040cc7326300000000000000000000000000000000000000000000000000000000000000a000000000000000000000000000000000000000000000000008e18482c1f75bc7000000000000000000000000f98265aea01677961bff51685b04ee3a6139206f00000000000000000000000065d08a056c17ae13370565b04cf77d2afa1cb9fa0000000000000000000000000000000000000000000000000000000000000000000000000000000000000000000000000000000000000000000000000000000200000000000000000000000024a9da1457f96c2b167d49377a776d302a5c4db3000000000000000000000000ac29373cbe03c88fb078488181f8a0650c58ca08c001a0962ebeda2c8844018df52e9c5570488e7630b013495f6685d772aac33a31b507a003f04b53107b9f15bbc10454789ec36d0a08daa987c065c36c5775e5ced1ae66'
]
Sending bundle to Prof RPC: http://172.16.4.27:80
Request payload: {
  "jsonrpc": "2.0",
  "id": 1,
  "method": "eth_sendBundle",
  "params": [
    {
      "txs": [
        "0x02f901778330182481aa85012a05f2008512a05f2000830249f09471e67695db8bc44aa6bf2014142c42221967ee9880b901040cc7326300000000000000000000000000000000000000000000000000000000000000a000000000000000000000000000000000000000000000000008e18482c1f75bc7000000000000000000000000f98265aea01677961bff51685b04ee3a6139206f00000000000000000000000065d08a056c17ae13370565b04cf77d2afa1cb9fa0000000000000000000000000000000000000000000000000000000000000000000000000000000000000000000000000000000000000000000000000000000200000000000000000000000024a9da1457f96c2b167d49377a776d302a5c4db3000000000000000000000000ac29373cbe03c88fb078488181f8a0650c58ca08c001a0962ebeda2c8844018df52e9c5570488e7630b013495f6685d772aac33a31b507a003f04b53107b9f15bbc10454789ec36d0a08daa987c065c36c5775e5ced1ae66"
      ],
      "blockNumber": "0xd"
    }
  ]
}
Trying URL: http://172.16.4.27:80/sequencer/eth_sendBundle
Bundle sent successfully. Status: 202
nonceOffset: 128
nonceOffset before: 128
Generating swaps with params: {
  targetBlockNumber: 13,
  txsPerBundle: 1,
  sendRoute: 3,
  txStrategy: 'univ2',
  profRpcUrl: 'http://172.16.4.27:80',
  nonceOffset: 128
}
Generating swaps with params: {}
Current nonce for 0x65D08a056c17Ae13370565B04cF77D2AfA1cB9FA: 43
Contract Addresses:
AtomicSwap: 0x71e67695DB8Bc44AA6BF2014142c42221967EE98
UniV2FactoryA: 0x85998F6C99833d1127301928248c97b6F168bDad
UniV2FactoryB: 0xf98265AeA01677961Bff51685B04eE3a6139206F
WETH: 0x24a9Da1457F96C2b167D49377A776d302A5C4dB3
DAI addresses: [ '0xAC29373CBe03C88Fb078488181F8a0650C58CA08' ]
[0x65D08a056c17Ae13370565B04cF77D2AfA1cB9FA] swapping 0.219830899308224442 WETH for DAI
Nonce calculation debug:
- currentNonce (from getTransactionCount): 43
- nonce.override: 128
- nonce.offset: undefined
- Final nonce value: 171
Sending bundle: [
  '0x02f901778330182481ab85012a05f2008512a05f2000830249f09471e67695db8bc44aa6bf2014142c42221967ee9880b901040cc7326300000000000000000000000000000000000000000000000000000000000000a0000000000000000000000000000000000000000000000000030cff09c7ebdfba00000000000000000000000085998f6c99833d1127301928248c97b6f168bdad00000000000000000000000065d08a056c17ae13370565b04cf77d2afa1cb9fa0000000000000000000000000000000000000000000000000000000000000000000000000000000000000000000000000000000000000000000000000000000200000000000000000000000024a9da1457f96c2b167d49377a776d302a5c4db3000000000000000000000000ac29373cbe03c88fb078488181f8a0650c58ca08c080a0bcf62d9eea3820aa214d55fb6e92077f18f65fd1e268461258806af084059c3ea0041ab5ad3444be1033b48a5b9d8f761182e06a8b94636beb2dd3521773c83a17'
]
Sending bundle to Prof RPC: http://172.16.4.27:80
Request payload: {
  "jsonrpc": "2.0",
  "id": 1,
  "method": "eth_sendBundle",
  "params": [
    {
      "txs": [
        "0x02f901778330182481ab85012a05f2008512a05f2000830249f09471e67695db8bc44aa6bf2014142c42221967ee9880b901040cc7326300000000000000000000000000000000000000000000000000000000000000a0000000000000000000000000000000000000000000000000030cff09c7ebdfba00000000000000000000000085998f6c99833d1127301928248c97b6f168bdad00000000000000000000000065d08a056c17ae13370565b04cf77d2afa1cb9fa0000000000000000000000000000000000000000000000000000000000000000000000000000000000000000000000000000000000000000000000000000000200000000000000000000000024a9da1457f96c2b167d49377a776d302a5c4db3000000000000000000000000ac29373cbe03c88fb078488181f8a0650c58ca08c080a0bcf62d9eea3820aa214d55fb6e92077f18f65fd1e268461258806af084059c3ea0041ab5ad3444be1033b48a5b9d8f761182e06a8b94636beb2dd3521773c83a17"
      ],
      "blockNumber": "0xd"
    }
  ]
}
Trying URL: http://172.16.4.27:80/sequencer/eth_sendBundle
Bundle sent successfully. Status: 202
nonceOffset: 129
nonceOffset before: 129
Generating swaps with params: {
  targetBlockNumber: 13,
  txsPerBundle: 1,
  sendRoute: 3,
  txStrategy: 'univ2',
  profRpcUrl: 'http://172.16.4.27:80',
  nonceOffset: 129
}
Generating swaps with params: {}
Current nonce for 0x65D08a056c17Ae13370565B04cF77D2AfA1cB9FA: 43
Contract Addresses:
AtomicSwap: 0x71e67695DB8Bc44AA6BF2014142c42221967EE98
UniV2FactoryA: 0x85998F6C99833d1127301928248c97b6F168bDad
UniV2FactoryB: 0xf98265AeA01677961Bff51685B04eE3a6139206F
WETH: 0x24a9Da1457F96C2b167D49377A776d302A5C4dB3
DAI addresses: [ '0xAC29373CBe03C88Fb078488181F8a0650C58CA08' ]
[0x65D08a056c17Ae13370565B04cF77D2AfA1cB9FA] swapping 550.0 DAI for WETH
Nonce calculation debug:
- currentNonce (from getTransactionCount): 43
- nonce.override: 129
- nonce.offset: undefined
- Final nonce value: 172
Sending bundle: [
  '0x02f901778330182481ac85012a05f2008512a05f2000830249f09471e67695db8bc44aa6bf2014142c42221967ee9880b901040cc7326300000000000000000000000000000000000000000000000000000000000000a000000000000000000000000000000000000000000000001dd0c885f9a0d8000000000000000000000000000085998f6c99833d1127301928248c97b6f168bdad00000000000000000000000065d08a056c17ae13370565b04cf77d2afa1cb9fa00000000000000000000000000000000000000000000000000000000000000000000000000000000000000000000000000000000000000000000000000000002000000000000000000000000ac29373cbe03c88fb078488181f8a0650c58ca0800000000000000000000000024a9da1457f96c2b167d49377a776d302a5c4db3c080a0cad5ea05a2c2860002f39a510f8c846ff4d45287002f2039d76acf2da6d258a0a0289f74d09fab92589356cddd902b87718721faab68fa8bbfab05ed362a13d30e'
]
Sending bundle to Prof RPC: http://172.16.4.27:80
Request payload: {
  "jsonrpc": "2.0",
  "id": 1,
  "method": "eth_sendBundle",
  "params": [
    {
      "txs": [
        "0x02f901778330182481ac85012a05f2008512a05f2000830249f09471e67695db8bc44aa6bf2014142c42221967ee9880b901040cc7326300000000000000000000000000000000000000000000000000000000000000a000000000000000000000000000000000000000000000001dd0c885f9a0d8000000000000000000000000000085998f6c99833d1127301928248c97b6f168bdad00000000000000000000000065d08a056c17ae13370565b04cf77d2afa1cb9fa00000000000000000000000000000000000000000000000000000000000000000000000000000000000000000000000000000000000000000000000000000002000000000000000000000000ac29373cbe03c88fb078488181f8a0650c58ca0800000000000000000000000024a9da1457f96c2b167d49377a776d302a5c4db3c080a0cad5ea05a2c2860002f39a510f8c846ff4d45287002f2039d76acf2da6d258a0a0289f74d09fab92589356cddd902b87718721faab68fa8bbfab05ed362a13d30e"
      ],
      "blockNumber": "0xd"
    }
  ]
}
Trying URL: http://172.16.4.27:80/sequencer/eth_sendBundle
Bundle sent successfully. Status: 202
nonceOffset: 130
nonceOffset before: 130
Generating swaps with params: {
  targetBlockNumber: 13,
  txsPerBundle: 1,
  sendRoute: 3,
  txStrategy: 'univ2',
  profRpcUrl: 'http://172.16.4.27:80',
  nonceOffset: 130
}
Generating swaps with params: {}
Current nonce for 0x65D08a056c17Ae13370565B04cF77D2AfA1cB9FA: 43
Contract Addresses:
AtomicSwap: 0x71e67695DB8Bc44AA6BF2014142c42221967EE98
UniV2FactoryA: 0x85998F6C99833d1127301928248c97b6F168bDad
UniV2FactoryB: 0xf98265AeA01677961Bff51685B04eE3a6139206F
WETH: 0x24a9Da1457F96C2b167D49377A776d302A5C4dB3
DAI addresses: [ '0xAC29373CBe03C88Fb078488181F8a0650C58CA08' ]
[0x65D08a056c17Ae13370565B04cF77D2AfA1cB9FA] swapping 0.586738627602158828 WETH for DAI
Nonce calculation debug:
- currentNonce (from getTransactionCount): 43
- nonce.override: 130
- nonce.offset: undefined
- Final nonce value: 173
Sending bundle: [
  '0x02f901778330182481ad85012a05f2008512a05f2000830249f09471e67695db8bc44aa6bf2014142c42221967ee9880b901040cc7326300000000000000000000000000000000000000000000000000000000000000a0000000000000000000000000000000000000000000000000082483ac523a14ec000000000000000000000000f98265aea01677961bff51685b04ee3a6139206f00000000000000000000000065d08a056c17ae13370565b04cf77d2afa1cb9fa0000000000000000000000000000000000000000000000000000000000000000000000000000000000000000000000000000000000000000000000000000000200000000000000000000000024a9da1457f96c2b167d49377a776d302a5c4db3000000000000000000000000ac29373cbe03c88fb078488181f8a0650c58ca08c001a0c383256549bc99235debe39ec4f6b1f12585996cca31f8b7cd02e022a243e8a8a05f544b103a42f9cfdcc450cd82544336c0b5ce863639bf7a626362e0dda89a74'
]
Sending bundle to Prof RPC: http://172.16.4.27:80
Request payload: {
  "jsonrpc": "2.0",
  "id": 1,
  "method": "eth_sendBundle",
  "params": [
    {
      "txs": [
        "0x02f901778330182481ad85012a05f2008512a05f2000830249f09471e67695db8bc44aa6bf2014142c42221967ee9880b901040cc7326300000000000000000000000000000000000000000000000000000000000000a0000000000000000000000000000000000000000000000000082483ac523a14ec000000000000000000000000f98265aea01677961bff51685b04ee3a6139206f00000000000000000000000065d08a056c17ae13370565b04cf77d2afa1cb9fa0000000000000000000000000000000000000000000000000000000000000000000000000000000000000000000000000000000000000000000000000000000200000000000000000000000024a9da1457f96c2b167d49377a776d302a5c4db3000000000000000000000000ac29373cbe03c88fb078488181f8a0650c58ca08c001a0c383256549bc99235debe39ec4f6b1f12585996cca31f8b7cd02e022a243e8a8a05f544b103a42f9cfdcc450cd82544336c0b5ce863639bf7a626362e0dda89a74"
      ],
      "blockNumber": "0xd"
    }
  ]
}
Trying URL: http://172.16.4.27:80/sequencer/eth_sendBundle
Bundle sent successfully. Status: 202
nonceOffset: 131
nonceOffset before: 131
Generating swaps with params: {
  targetBlockNumber: 13,
  txsPerBundle: 1,
  sendRoute: 3,
  txStrategy: 'univ2',
  profRpcUrl: 'http://172.16.4.27:80',
  nonceOffset: 131
}
Generating swaps with params: {}
Current nonce for 0x65D08a056c17Ae13370565B04cF77D2AfA1cB9FA: 43
Contract Addresses:
AtomicSwap: 0x71e67695DB8Bc44AA6BF2014142c42221967EE98
UniV2FactoryA: 0x85998F6C99833d1127301928248c97b6F168bDad
UniV2FactoryB: 0xf98265AeA01677961Bff51685B04eE3a6139206F
WETH: 0x24a9Da1457F96C2b167D49377A776d302A5C4dB3
DAI addresses: [ '0xAC29373CBe03C88Fb078488181F8a0650C58CA08' ]
[0x65D08a056c17Ae13370565B04cF77D2AfA1cB9FA] swapping 749.0 DAI for WETH
Nonce calculation debug:
- currentNonce (from getTransactionCount): 43
- nonce.override: 131
- nonce.offset: undefined
- Final nonce value: 174
Sending bundle: [
  '0x02f901778330182481ae85012a05f2008512a05f2000830249f09471e67695db8bc44aa6bf2014142c42221967ee9880b901040cc7326300000000000000000000000000000000000000000000000000000000000000a00000000000000000000000000000000000000000000000289a768ba0bf940000000000000000000000000000f98265aea01677961bff51685b04ee3a6139206f00000000000000000000000065d08a056c17ae13370565b04cf77d2afa1cb9fa00000000000000000000000000000000000000000000000000000000000000000000000000000000000000000000000000000000000000000000000000000002000000000000000000000000ac29373cbe03c88fb078488181f8a0650c58ca0800000000000000000000000024a9da1457f96c2b167d49377a776d302a5c4db3c080a01eacbb64631a994d2f1501bb75c1db7afc5666aaa42505265148fc52a8a66f06a01d406a27e9b0e0e91516ad7c7f87d4c046dd5e93667c870dbc4aa2c3cb29e8dd'
]
Sending bundle to Prof RPC: http://172.16.4.27:80
Request payload: {
  "jsonrpc": "2.0",
  "id": 1,
  "method": "eth_sendBundle",
  "params": [
    {
      "txs": [
        "0x02f901778330182481ae85012a05f2008512a05f2000830249f09471e67695db8bc44aa6bf2014142c42221967ee9880b901040cc7326300000000000000000000000000000000000000000000000000000000000000a00000000000000000000000000000000000000000000000289a768ba0bf940000000000000000000000000000f98265aea01677961bff51685b04ee3a6139206f00000000000000000000000065d08a056c17ae13370565b04cf77d2afa1cb9fa00000000000000000000000000000000000000000000000000000000000000000000000000000000000000000000000000000000000000000000000000000002000000000000000000000000ac29373cbe03c88fb078488181f8a0650c58ca0800000000000000000000000024a9da1457f96c2b167d49377a776d302a5c4db3c080a01eacbb64631a994d2f1501bb75c1db7afc5666aaa42505265148fc52a8a66f06a01d406a27e9b0e0e91516ad7c7f87d4c046dd5e93667c870dbc4aa2c3cb29e8dd"
      ],
      "blockNumber": "0xd"
    }
  ]
}
Trying URL: http://172.16.4.27:80/sequencer/eth_sendBundle
Bundle sent successfully. Status: 202
nonceOffset: 132
nonceOffset before: 132
Generating swaps with params: {
  targetBlockNumber: 13,
  txsPerBundle: 1,
  sendRoute: 3,
  txStrategy: 'univ2',
  profRpcUrl: 'http://172.16.4.27:80',
  nonceOffset: 132
}
Generating swaps with params: {}
Current nonce for 0x65D08a056c17Ae13370565B04cF77D2AfA1cB9FA: 43
Contract Addresses:
AtomicSwap: 0x71e67695DB8Bc44AA6BF2014142c42221967EE98
UniV2FactoryA: 0x85998F6C99833d1127301928248c97b6F168bDad
UniV2FactoryB: 0xf98265AeA01677961Bff51685B04eE3a6139206F
WETH: 0x24a9Da1457F96C2b167D49377A776d302A5C4dB3
DAI addresses: [ '0xAC29373CBe03C88Fb078488181F8a0650C58CA08' ]
[0x65D08a056c17Ae13370565B04cF77D2AfA1cB9FA] swapping 279.0 DAI for WETH
Nonce calculation debug:
- currentNonce (from getTransactionCount): 43
- nonce.override: 132
- nonce.offset: undefined
- Final nonce value: 175
Sending bundle: [
  '0x02f901778330182481af85012a05f2008512a05f2000830249f09471e67695db8bc44aa6bf2014142c42221967ee9880b901040cc7326300000000000000000000000000000000000000000000000000000000000000a000000000000000000000000000000000000000000000000f1fe71dcb6dfc000000000000000000000000000085998f6c99833d1127301928248c97b6f168bdad00000000000000000000000065d08a056c17ae13370565b04cf77d2afa1cb9fa00000000000000000000000000000000000000000000000000000000000000000000000000000000000000000000000000000000000000000000000000000002000000000000000000000000ac29373cbe03c88fb078488181f8a0650c58ca0800000000000000000000000024a9da1457f96c2b167d49377a776d302a5c4db3c001a085f9fd3a6f01130b3c4e592cc53fb31d0ed12c49c837ce3429613f3dc4e2eb7fa06276e2cc4498671d6c28c6b6043b02fa8cfcce7da724461b561a0e0179f87373'
]
Sending bundle to Prof RPC: http://172.16.4.27:80
Request payload: {
  "jsonrpc": "2.0",
  "id": 1,
  "method": "eth_sendBundle",
  "params": [
    {
      "txs": [
        "0x02f901778330182481af85012a05f2008512a05f2000830249f09471e67695db8bc44aa6bf2014142c42221967ee9880b901040cc7326300000000000000000000000000000000000000000000000000000000000000a000000000000000000000000000000000000000000000000f1fe71dcb6dfc000000000000000000000000000085998f6c99833d1127301928248c97b6f168bdad00000000000000000000000065d08a056c17ae13370565b04cf77d2afa1cb9fa00000000000000000000000000000000000000000000000000000000000000000000000000000000000000000000000000000000000000000000000000000002000000000000000000000000ac29373cbe03c88fb078488181f8a0650c58ca0800000000000000000000000024a9da1457f96c2b167d49377a776d302a5c4db3c001a085f9fd3a6f01130b3c4e592cc53fb31d0ed12c49c837ce3429613f3dc4e2eb7fa06276e2cc4498671d6c28c6b6043b02fa8cfcce7da724461b561a0e0179f87373"
      ],
      "blockNumber": "0xd"
    }
  ]
}
Trying URL: http://172.16.4.27:80/sequencer/eth_sendBundle
Bundle sent successfully. Status: 202
nonceOffset: 133
nonceOffset before: 133
Generating swaps with params: {
  targetBlockNumber: 13,
  txsPerBundle: 1,
  sendRoute: 3,
  txStrategy: 'univ2',
  profRpcUrl: 'http://172.16.4.27:80',
  nonceOffset: 133
}
Generating swaps with params: {}
Current nonce for 0x65D08a056c17Ae13370565B04cF77D2AfA1cB9FA: 43
Contract Addresses:
AtomicSwap: 0x71e67695DB8Bc44AA6BF2014142c42221967EE98
UniV2FactoryA: 0x85998F6C99833d1127301928248c97b6F168bDad
UniV2FactoryB: 0xf98265AeA01677961Bff51685B04eE3a6139206F
WETH: 0x24a9Da1457F96C2b167D49377A776d302A5C4dB3
DAI addresses: [ '0xAC29373CBe03C88Fb078488181F8a0650C58CA08' ]
[0x65D08a056c17Ae13370565B04cF77D2AfA1cB9FA] swapping 0.80015432098765432 WETH for DAI
Nonce calculation debug:
- currentNonce (from getTransactionCount): 43
- nonce.override: 133
- nonce.offset: undefined
- Final nonce value: 176
Sending bundle: [
  '0x02f901768330182481b085012a05f2008512a05f2000830249f09471e67695db8bc44aa6bf2014142c42221967ee9880b901040cc7326300000000000000000000000000000000000000000000000000000000000000a00000000000000000000000000000000000000000000000000b1ab81d93f688b0000000000000000000000000f98265aea01677961bff51685b04ee3a6139206f00000000000000000000000065d08a056c17ae13370565b04cf77d2afa1cb9fa0000000000000000000000000000000000000000000000000000000000000000000000000000000000000000000000000000000000000000000000000000000200000000000000000000000024a9da1457f96c2b167d49377a776d302a5c4db3000000000000000000000000ac29373cbe03c88fb078488181f8a0650c58ca08c001a0131f49db36b0c8d361aebe8db6d2dc529ba2d92aae421be49956eff37143c7039f2524192507a89cbd4e3291ff0a3046faa42f13701b6a85165702c8f97ad612'
]
Sending bundle to Prof RPC: http://172.16.4.27:80
Request payload: {
  "jsonrpc": "2.0",
  "id": 1,
  "method": "eth_sendBundle",
  "params": [
    {
      "txs": [
        "0x02f901768330182481b085012a05f2008512a05f2000830249f09471e67695db8bc44aa6bf2014142c42221967ee9880b901040cc7326300000000000000000000000000000000000000000000000000000000000000a00000000000000000000000000000000000000000000000000b1ab81d93f688b0000000000000000000000000f98265aea01677961bff51685b04ee3a6139206f00000000000000000000000065d08a056c17ae13370565b04cf77d2afa1cb9fa0000000000000000000000000000000000000000000000000000000000000000000000000000000000000000000000000000000000000000000000000000000200000000000000000000000024a9da1457f96c2b167d49377a776d302a5c4db3000000000000000000000000ac29373cbe03c88fb078488181f8a0650c58ca08c001a0131f49db36b0c8d361aebe8db6d2dc529ba2d92aae421be49956eff37143c7039f2524192507a89cbd4e3291ff0a3046faa42f13701b6a85165702c8f97ad612"
      ],
      "blockNumber": "0xd"
    }
  ]
}
Trying URL: http://172.16.4.27:80/sequencer/eth_sendBundle
Bundle sent successfully. Status: 202
nonceOffset: 134
nonceOffset before: 134
Generating swaps with params: {
  targetBlockNumber: 13,
  txsPerBundle: 1,
  sendRoute: 3,
  txStrategy: 'univ2',
  profRpcUrl: 'http://172.16.4.27:80',
  nonceOffset: 134
}
Generating swaps with params: {}
Current nonce for 0x65D08a056c17Ae13370565B04cF77D2AfA1cB9FA: 43
Contract Addresses:
AtomicSwap: 0x71e67695DB8Bc44AA6BF2014142c42221967EE98
UniV2FactoryA: 0x85998F6C99833d1127301928248c97b6F168bDad
UniV2FactoryB: 0xf98265AeA01677961Bff51685B04eE3a6139206F
WETH: 0x24a9Da1457F96C2b167D49377A776d302A5C4dB3
DAI addresses: [ '0xAC29373CBe03C88Fb078488181F8a0650C58CA08' ]
[0x65D08a056c17Ae13370565B04cF77D2AfA1cB9FA] swapping 135.0 DAI for WETH
Nonce calculation debug:
- currentNonce (from getTransactionCount): 43
- nonce.override: 134
- nonce.offset: undefined
- Final nonce value: 177
Sending bundle: [
  '0x02f901778330182481b185012a05f2008512a05f2000830249f09471e67695db8bc44aa6bf2014142c42221967ee9880b901040cc7326300000000000000000000000000000000000000000000000000000000000000a0000000000000000000000000000000000000000000000007518058bd45bc0000000000000000000000000000f98265aea01677961bff51685b04ee3a6139206f00000000000000000000000065d08a056c17ae13370565b04cf77d2afa1cb9fa00000000000000000000000000000000000000000000000000000000000000000000000000000000000000000000000000000000000000000000000000000002000000000000000000000000ac29373cbe03c88fb078488181f8a0650c58ca0800000000000000000000000024a9da1457f96c2b167d49377a776d302a5c4db3c080a0926bbc5dfd0cfcdd7e47b838ed42dc17d80a7b7ad3041067fb643f61375ef39ea013edc9cfd28b105a09260f2eb4d61dbe46af580ec5b23763532c013edc75eea5'
]
Sending bundle to Prof RPC: http://172.16.4.27:80
Request payload: {
  "jsonrpc": "2.0",
  "id": 1,
  "method": "eth_sendBundle",
  "params": [
    {
      "txs": [
        "0x02f901778330182481b185012a05f2008512a05f2000830249f09471e67695db8bc44aa6bf2014142c42221967ee9880b901040cc7326300000000000000000000000000000000000000000000000000000000000000a0000000000000000000000000000000000000000000000007518058bd45bc0000000000000000000000000000f98265aea01677961bff51685b04ee3a6139206f00000000000000000000000065d08a056c17ae13370565b04cf77d2afa1cb9fa00000000000000000000000000000000000000000000000000000000000000000000000000000000000000000000000000000000000000000000000000000002000000000000000000000000ac29373cbe03c88fb078488181f8a0650c58ca0800000000000000000000000024a9da1457f96c2b167d49377a776d302a5c4db3c080a0926bbc5dfd0cfcdd7e47b838ed42dc17d80a7b7ad3041067fb643f61375ef39ea013edc9cfd28b105a09260f2eb4d61dbe46af580ec5b23763532c013edc75eea5"
      ],
      "blockNumber": "0xd"
    }
  ]
}
Trying URL: http://172.16.4.27:80/sequencer/eth_sendBundle
Bundle sent successfully. Status: 202
nonceOffset: 135
nonceOffset before: 135
Generating swaps with params: {
  targetBlockNumber: 13,
  txsPerBundle: 1,
  sendRoute: 3,
  txStrategy: 'univ2',
  profRpcUrl: 'http://172.16.4.27:80',
  nonceOffset: 135
}
Generating swaps with params: {}
Current nonce for 0x65D08a056c17Ae13370565B04cF77D2AfA1cB9FA: 45
Contract Addresses:
AtomicSwap: 0x71e67695DB8Bc44AA6BF2014142c42221967EE98
UniV2FactoryA: 0x85998F6C99833d1127301928248c97b6F168bDad
UniV2FactoryB: 0xf98265AeA01677961Bff51685B04eE3a6139206F
WETH: 0x24a9Da1457F96C2b167D49377A776d302A5C4dB3
DAI addresses: [ '0xAC29373CBe03C88Fb078488181F8a0650C58CA08' ]
[0x65D08a056c17Ae13370565B04cF77D2AfA1cB9FA] swapping 298.0 DAI for WETH
Nonce calculation debug:
- currentNonce (from getTransactionCount): 45
- nonce.override: 135
- nonce.offset: undefined
- Final nonce value: 180
Sending bundle: [
  '0x02f901778330182481b485012a05f2008512a05f2000830249f09471e67695db8bc44aa6bf2014142c42221967ee9880b901040cc7326300000000000000000000000000000000000000000000000000000000000000a00000000000000000000000000000000000000000000000102794ad20da68000000000000000000000000000085998f6c99833d1127301928248c97b6f168bdad00000000000000000000000065d08a056c17ae13370565b04cf77d2afa1cb9fa00000000000000000000000000000000000000000000000000000000000000000000000000000000000000000000000000000000000000000000000000000002000000000000000000000000ac29373cbe03c88fb078488181f8a0650c58ca0800000000000000000000000024a9da1457f96c2b167d49377a776d302a5c4db3c001a0fa356754d8c710197acd3b4d448eecbc208c982eaf278cd28441e3d4d1a3262ca034b76118231f5d4447d4306f5106093d96a611daea8baf1459b49de8169dca03'
]
Sending bundle to Prof RPC: http://172.16.4.27:80
Request payload: {
  "jsonrpc": "2.0",
  "id": 1,
  "method": "eth_sendBundle",
  "params": [
    {
      "txs": [
        "0x02f901778330182481b485012a05f2008512a05f2000830249f09471e67695db8bc44aa6bf2014142c42221967ee9880b901040cc7326300000000000000000000000000000000000000000000000000000000000000a00000000000000000000000000000000000000000000000102794ad20da68000000000000000000000000000085998f6c99833d1127301928248c97b6f168bdad00000000000000000000000065d08a056c17ae13370565b04cf77d2afa1cb9fa00000000000000000000000000000000000000000000000000000000000000000000000000000000000000000000000000000000000000000000000000000002000000000000000000000000ac29373cbe03c88fb078488181f8a0650c58ca0800000000000000000000000024a9da1457f96c2b167d49377a776d302a5c4db3c001a0fa356754d8c710197acd3b4d448eecbc208c982eaf278cd28441e3d4d1a3262ca034b76118231f5d4447d4306f5106093d96a611daea8baf1459b49de8169dca03"
      ],
      "blockNumber": "0xd"
    }
  ]
}
Trying URL: http://172.16.4.27:80/sequencer/eth_sendBundle
Bundle sent successfully. Status: 202
nonceOffset: 136
nonceOffset before: 136
Generating swaps with params: {
  targetBlockNumber: 13,
  txsPerBundle: 1,
  sendRoute: 3,
  txStrategy: 'univ2',
  profRpcUrl: 'http://172.16.4.27:80',
  nonceOffset: 136
}
Generating swaps with params: {}
Current nonce for 0x65D08a056c17Ae13370565B04cF77D2AfA1cB9FA: 45
Contract Addresses:
AtomicSwap: 0x71e67695DB8Bc44AA6BF2014142c42221967EE98
UniV2FactoryA: 0x85998F6C99833d1127301928248c97b6F168bDad
UniV2FactoryB: 0xf98265AeA01677961Bff51685B04eE3a6139206F
WETH: 0x24a9Da1457F96C2b167D49377A776d302A5C4dB3
DAI addresses: [ '0xAC29373CBe03C88Fb078488181F8a0650C58CA08' ]
[0x65D08a056c17Ae13370565B04cF77D2AfA1cB9FA] swapping 262.0 DAI for WETH
Nonce calculation debug:
- currentNonce (from getTransactionCount): 45
- nonce.override: 136
- nonce.offset: undefined
- Final nonce value: 181
Sending bundle: [
  '0x02f901778330182481b585012a05f2008512a05f2000830249f09471e67695db8bc44aa6bf2014142c42221967ee9880b901040cc7326300000000000000000000000000000000000000000000000000000000000000a000000000000000000000000000000000000000000000000e33fafbdd50580000000000000000000000000000f98265aea01677961bff51685b04ee3a6139206f00000000000000000000000065d08a056c17ae13370565b04cf77d2afa1cb9fa00000000000000000000000000000000000000000000000000000000000000000000000000000000000000000000000000000000000000000000000000000002000000000000000000000000ac29373cbe03c88fb078488181f8a0650c58ca0800000000000000000000000024a9da1457f96c2b167d49377a776d302a5c4db3c080a0cad4c2f44c539e31250f59c782367bc08849360adedce68856d3c6be86bcd172a076196c64ed3dd67104d5abc7a0be0decda975df7e0f44cb27a4ba1a808d6aadc'
]
Sending bundle to Prof RPC: http://172.16.4.27:80
Request payload: {
  "jsonrpc": "2.0",
  "id": 1,
  "method": "eth_sendBundle",
  "params": [
    {
      "txs": [
        "0x02f901778330182481b585012a05f2008512a05f2000830249f09471e67695db8bc44aa6bf2014142c42221967ee9880b901040cc7326300000000000000000000000000000000000000000000000000000000000000a000000000000000000000000000000000000000000000000e33fafbdd50580000000000000000000000000000f98265aea01677961bff51685b04ee3a6139206f00000000000000000000000065d08a056c17ae13370565b04cf77d2afa1cb9fa00000000000000000000000000000000000000000000000000000000000000000000000000000000000000000000000000000000000000000000000000000002000000000000000000000000ac29373cbe03c88fb078488181f8a0650c58ca0800000000000000000000000024a9da1457f96c2b167d49377a776d302a5c4db3c080a0cad4c2f44c539e31250f59c782367bc08849360adedce68856d3c6be86bcd172a076196c64ed3dd67104d5abc7a0be0decda975df7e0f44cb27a4ba1a808d6aadc"
      ],
      "blockNumber": "0xd"
    }
  ]
}
Trying URL: http://172.16.4.27:80/sequencer/eth_sendBundle
Bundle sent successfully. Status: 202
nonceOffset: 137
nonceOffset before: 137
Generating swaps with params: {
  targetBlockNumber: 13,
  txsPerBundle: 1,
  sendRoute: 3,
  txStrategy: 'univ2',
  profRpcUrl: 'http://172.16.4.27:80',
  nonceOffset: 137
}
Generating swaps with params: {}
Current nonce for 0x65D08a056c17Ae13370565B04cF77D2AfA1cB9FA: 45
Contract Addresses:
AtomicSwap: 0x71e67695DB8Bc44AA6BF2014142c42221967EE98
UniV2FactoryA: 0x85998F6C99833d1127301928248c97b6F168bDad
UniV2FactoryB: 0xf98265AeA01677961Bff51685B04eE3a6139206F
WETH: 0x24a9Da1457F96C2b167D49377A776d302A5C4dB3
DAI addresses: [ '0xAC29373CBe03C88Fb078488181F8a0650C58CA08' ]
[0x65D08a056c17Ae13370565B04cF77D2AfA1cB9FA] swapping 692.0 DAI for WETH
Nonce calculation debug:
- currentNonce (from getTransactionCount): 45
- nonce.override: 137
- nonce.offset: undefined
- Final nonce value: 182
Sending bundle: [
  '0x02f901778330182481b685012a05f2008512a05f2000830249f09471e67695db8bc44aa6bf2014142c42221967ee9880b901040cc7326300000000000000000000000000000000000000000000000000000000000000a0000000000000000000000000000000000000000000000025836ddda07a50000000000000000000000000000085998f6c99833d1127301928248c97b6f168bdad00000000000000000000000065d08a056c17ae13370565b04cf77d2afa1cb9fa00000000000000000000000000000000000000000000000000000000000000000000000000000000000000000000000000000000000000000000000000000002000000000000000000000000ac29373cbe03c88fb078488181f8a0650c58ca0800000000000000000000000024a9da1457f96c2b167d49377a776d302a5c4db3c080a0858baeb8accc2563e3fe858cc43212f58b86b80e918aee6764e32b75a8c845a1a0486c6a733df6581656893374dd45a54187c845f1e9f2477f674479e24fd3228f'
]
Sending bundle to Prof RPC: http://172.16.4.27:80
Request payload: {
  "jsonrpc": "2.0",
  "id": 1,
  "method": "eth_sendBundle",
  "params": [
    {
      "txs": [
        "0x02f901778330182481b685012a05f2008512a05f2000830249f09471e67695db8bc44aa6bf2014142c42221967ee9880b901040cc7326300000000000000000000000000000000000000000000000000000000000000a0000000000000000000000000000000000000000000000025836ddda07a50000000000000000000000000000085998f6c99833d1127301928248c97b6f168bdad00000000000000000000000065d08a056c17ae13370565b04cf77d2afa1cb9fa00000000000000000000000000000000000000000000000000000000000000000000000000000000000000000000000000000000000000000000000000000002000000000000000000000000ac29373cbe03c88fb078488181f8a0650c58ca0800000000000000000000000024a9da1457f96c2b167d49377a776d302a5c4db3c080a0858baeb8accc2563e3fe858cc43212f58b86b80e918aee6764e32b75a8c845a1a0486c6a733df6581656893374dd45a54187c845f1e9f2477f674479e24fd3228f"
      ],
      "blockNumber": "0xd"
    }
  ]
}
Trying URL: http://172.16.4.27:80/sequencer/eth_sendBundle
Bundle sent successfully. Status: 202
nonceOffset: 138
nonceOffset before: 138
Generating swaps with params: {
  targetBlockNumber: 13,
  txsPerBundle: 1,
  sendRoute: 3,
  txStrategy: 'univ2',
  profRpcUrl: 'http://172.16.4.27:80',
  nonceOffset: 138
}
Generating swaps with params: {}
Current nonce for 0x65D08a056c17Ae13370565B04cF77D2AfA1cB9FA: 45
Contract Addresses:
AtomicSwap: 0x71e67695DB8Bc44AA6BF2014142c42221967EE98
UniV2FactoryA: 0x85998F6C99833d1127301928248c97b6F168bDad
UniV2FactoryB: 0xf98265AeA01677961Bff51685B04eE3a6139206F
WETH: 0x24a9Da1457F96C2b167D49377A776d302A5C4dB3
DAI addresses: [ '0xAC29373CBe03C88Fb078488181F8a0650C58CA08' ]
[0x65D08a056c17Ae13370565B04cF77D2AfA1cB9FA] swapping 212.0 DAI for WETH
Nonce calculation debug:
- currentNonce (from getTransactionCount): 45
- nonce.override: 138
- nonce.offset: undefined
- Final nonce value: 183
Sending bundle: [
  '0x02f901778330182481b785012a05f2008512a05f2000830249f09471e67695db8bc44aa6bf2014142c42221967ee9880b901040cc7326300000000000000000000000000000000000000000000000000000000000000a000000000000000000000000000000000000000000000000b7e174cc69ed0000000000000000000000000000085998f6c99833d1127301928248c97b6f168bdad00000000000000000000000065d08a056c17ae13370565b04cf77d2afa1cb9fa00000000000000000000000000000000000000000000000000000000000000000000000000000000000000000000000000000000000000000000000000000002000000000000000000000000ac29373cbe03c88fb078488181f8a0650c58ca0800000000000000000000000024a9da1457f96c2b167d49377a776d302a5c4db3c001a0cb6f7221172fff0bd4640cd5e17ae211cd4cc478880d505bdbc213f15dd01d43a0340684d999b389f1a7b3a246e6f0a51a253be1b4fc8bc726d83dded87ed23e95'
]
Sending bundle to Prof RPC: http://172.16.4.27:80
Request payload: {
  "jsonrpc": "2.0",
  "id": 1,
  "method": "eth_sendBundle",
  "params": [
    {
      "txs": [
        "0x02f901778330182481b785012a05f2008512a05f2000830249f09471e67695db8bc44aa6bf2014142c42221967ee9880b901040cc7326300000000000000000000000000000000000000000000000000000000000000a000000000000000000000000000000000000000000000000b7e174cc69ed0000000000000000000000000000085998f6c99833d1127301928248c97b6f168bdad00000000000000000000000065d08a056c17ae13370565b04cf77d2afa1cb9fa00000000000000000000000000000000000000000000000000000000000000000000000000000000000000000000000000000000000000000000000000000002000000000000000000000000ac29373cbe03c88fb078488181f8a0650c58ca0800000000000000000000000024a9da1457f96c2b167d49377a776d302a5c4db3c001a0cb6f7221172fff0bd4640cd5e17ae211cd4cc478880d505bdbc213f15dd01d43a0340684d999b389f1a7b3a246e6f0a51a253be1b4fc8bc726d83dded87ed23e95"
      ],
      "blockNumber": "0xd"
    }
  ]
}
Trying URL: http://172.16.4.27:80/sequencer/eth_sendBundle
Bundle sent successfully. Status: 202
nonceOffset: 139
nonceOffset before: 139
Generating swaps with params: {
  targetBlockNumber: 13,
  txsPerBundle: 1,
  sendRoute: 3,
  txStrategy: 'univ2',
  profRpcUrl: 'http://172.16.4.27:80',
  nonceOffset: 139
}
Generating swaps with params: {}
Current nonce for 0x65D08a056c17Ae13370565B04cF77D2AfA1cB9FA: 45
Contract Addresses:
AtomicSwap: 0x71e67695DB8Bc44AA6BF2014142c42221967EE98
UniV2FactoryA: 0x85998F6C99833d1127301928248c97b6F168bDad
UniV2FactoryB: 0xf98265AeA01677961Bff51685B04eE3a6139206F
WETH: 0x24a9Da1457F96C2b167D49377A776d302A5C4dB3
DAI addresses: [ '0xAC29373CBe03C88Fb078488181F8a0650C58CA08' ]
[0x65D08a056c17Ae13370565B04cF77D2AfA1cB9FA] swapping 0.703618167821401077 WETH for DAI
Nonce calculation debug:
- currentNonce (from getTransactionCount): 45
- nonce.override: 139
- nonce.offset: undefined
- Final nonce value: 184
Sending bundle: [
  '0x02f901778330182481b885012a05f2008512a05f2000830249f09471e67695db8bc44aa6bf2014142c42221967ee9880b901040cc7326300000000000000000000000000000000000000000000000000000000000000a000000000000000000000000000000000000000000000000009c3c0fee6817bf500000000000000000000000085998f6c99833d1127301928248c97b6f168bdad00000000000000000000000065d08a056c17ae13370565b04cf77d2afa1cb9fa0000000000000000000000000000000000000000000000000000000000000000000000000000000000000000000000000000000000000000000000000000000200000000000000000000000024a9da1457f96c2b167d49377a776d302a5c4db3000000000000000000000000ac29373cbe03c88fb078488181f8a0650c58ca08c001a0aeb8fe5d3af3bdc9e87b77eefe4a7bdfa5d7ddd906ccc20ec5ed11bb418f4034a021dbc3f9ad4aecdea922b5c789a42cf6770ab2363ad6b7a68ea03ae213344d09'
]
Sending bundle to Prof RPC: http://172.16.4.27:80
Request payload: {
  "jsonrpc": "2.0",
  "id": 1,
  "method": "eth_sendBundle",
  "params": [
    {
      "txs": [
        "0x02f901778330182481b885012a05f2008512a05f2000830249f09471e67695db8bc44aa6bf2014142c42221967ee9880b901040cc7326300000000000000000000000000000000000000000000000000000000000000a000000000000000000000000000000000000000000000000009c3c0fee6817bf500000000000000000000000085998f6c99833d1127301928248c97b6f168bdad00000000000000000000000065d08a056c17ae13370565b04cf77d2afa1cb9fa0000000000000000000000000000000000000000000000000000000000000000000000000000000000000000000000000000000000000000000000000000000200000000000000000000000024a9da1457f96c2b167d49377a776d302a5c4db3000000000000000000000000ac29373cbe03c88fb078488181f8a0650c58ca08c001a0aeb8fe5d3af3bdc9e87b77eefe4a7bdfa5d7ddd906ccc20ec5ed11bb418f4034a021dbc3f9ad4aecdea922b5c789a42cf6770ab2363ad6b7a68ea03ae213344d09"
      ],
      "blockNumber": "0xd"
    }
  ]
}
Trying URL: http://172.16.4.27:80/sequencer/eth_sendBundle
Bundle sent successfully. Status: 202
nonceOffset: 140
nonceOffset before: 140
Generating swaps with params: {
  targetBlockNumber: 13,
  txsPerBundle: 1,
  sendRoute: 3,
  txStrategy: 'univ2',
  profRpcUrl: 'http://172.16.4.27:80',
  nonceOffset: 140
}
Generating swaps with params: {}
Current nonce for 0x65D08a056c17Ae13370565B04cF77D2AfA1cB9FA: 46
Contract Addresses:
AtomicSwap: 0x71e67695DB8Bc44AA6BF2014142c42221967EE98
UniV2FactoryA: 0x85998F6C99833d1127301928248c97b6F168bDad
UniV2FactoryB: 0xf98265AeA01677961Bff51685B04eE3a6139206F
WETH: 0x24a9Da1457F96C2b167D49377A776d302A5C4dB3
DAI addresses: [ '0xAC29373CBe03C88Fb078488181F8a0650C58CA08' ]
[0x65D08a056c17Ae13370565B04cF77D2AfA1cB9FA] swapping 0.754629629629629629 WETH for DAI
Nonce calculation debug:
- currentNonce (from getTransactionCount): 46
- nonce.override: 140
- nonce.offset: undefined
- Final nonce value: 186
Sending bundle: [
  '0x02f901778330182481ba85012a05f2008512a05f2000830249f09471e67695db8bc44aa6bf2014142c42221967ee9880b901040cc7326300000000000000000000000000000000000000000000000000000000000000a00000000000000000000000000000000000000000000000000a78fba6630f04bd000000000000000000000000f98265aea01677961bff51685b04ee3a6139206f00000000000000000000000065d08a056c17ae13370565b04cf77d2afa1cb9fa0000000000000000000000000000000000000000000000000000000000000000000000000000000000000000000000000000000000000000000000000000000200000000000000000000000024a9da1457f96c2b167d49377a776d302a5c4db3000000000000000000000000ac29373cbe03c88fb078488181f8a0650c58ca08c001a0fa20621e6090a71bfcaeb3618e89e2367e9bf082a1cda282278abfec9a2bc6fea019de0e7ee7852aa309ff8a9b521df30b7fb7343aac4af64b43fcea0c0a5d4f81'
]
Sending bundle to Prof RPC: http://172.16.4.27:80
Request payload: {
  "jsonrpc": "2.0",
  "id": 1,
  "method": "eth_sendBundle",
  "params": [
    {
      "txs": [
        "0x02f901778330182481ba85012a05f2008512a05f2000830249f09471e67695db8bc44aa6bf2014142c42221967ee9880b901040cc7326300000000000000000000000000000000000000000000000000000000000000a00000000000000000000000000000000000000000000000000a78fba6630f04bd000000000000000000000000f98265aea01677961bff51685b04ee3a6139206f00000000000000000000000065d08a056c17ae13370565b04cf77d2afa1cb9fa0000000000000000000000000000000000000000000000000000000000000000000000000000000000000000000000000000000000000000000000000000000200000000000000000000000024a9da1457f96c2b167d49377a776d302a5c4db3000000000000000000000000ac29373cbe03c88fb078488181f8a0650c58ca08c001a0fa20621e6090a71bfcaeb3618e89e2367e9bf082a1cda282278abfec9a2bc6fea019de0e7ee7852aa309ff8a9b521df30b7fb7343aac4af64b43fcea0c0a5d4f81"
      ],
      "blockNumber": "0xd"
    }
  ]
}
Trying URL: http://172.16.4.27:80/sequencer/eth_sendBundle
Bundle sent successfully. Status: 202
nonceOffset: 141
nonceOffset before: 141
Generating swaps with params: {
  targetBlockNumber: 13,
  txsPerBundle: 1,
  sendRoute: 3,
  txStrategy: 'univ2',
  profRpcUrl: 'http://172.16.4.27:80',
  nonceOffset: 141
}
Generating swaps with params: {}
Current nonce for 0x65D08a056c17Ae13370565B04cF77D2AfA1cB9FA: 46
Contract Addresses:
AtomicSwap: 0x71e67695DB8Bc44AA6BF2014142c42221967EE98
UniV2FactoryA: 0x85998F6C99833d1127301928248c97b6F168bDad
UniV2FactoryB: 0xf98265AeA01677961Bff51685B04eE3a6139206F
WETH: 0x24a9Da1457F96C2b167D49377A776d302A5C4dB3
DAI addresses: [ '0xAC29373CBe03C88Fb078488181F8a0650C58CA08' ]
[0x65D08a056c17Ae13370565B04cF77D2AfA1cB9FA] swapping 511.0 DAI for WETH
Nonce calculation debug:
- currentNonce (from getTransactionCount): 46
- nonce.override: 141
- nonce.offset: undefined
- Final nonce value: 187
Sending bundle: [
  '0x02f901778330182481bb85012a05f2008512a05f2000830249f09471e67695db8bc44aa6bf2014142c42221967ee9880b901040cc7326300000000000000000000000000000000000000000000000000000000000000a000000000000000000000000000000000000000000000001bb38cb09b209c0000000000000000000000000000f98265aea01677961bff51685b04ee3a6139206f00000000000000000000000065d08a056c17ae13370565b04cf77d2afa1cb9fa00000000000000000000000000000000000000000000000000000000000000000000000000000000000000000000000000000000000000000000000000000002000000000000000000000000ac29373cbe03c88fb078488181f8a0650c58ca0800000000000000000000000024a9da1457f96c2b167d49377a776d302a5c4db3c080a042bd860f81ac49ceb44ae441ea037eafb3c0a753068b3f144df363a2272debeea05ff4880942c0658bac36c320253e917e6057d3c84ea2419be4b2e2e7fd5bbd10'
]
Sending bundle to Prof RPC: http://172.16.4.27:80
Request payload: {
  "jsonrpc": "2.0",
  "id": 1,
  "method": "eth_sendBundle",
  "params": [
    {
      "txs": [
        "0x02f901778330182481bb85012a05f2008512a05f2000830249f09471e67695db8bc44aa6bf2014142c42221967ee9880b901040cc7326300000000000000000000000000000000000000000000000000000000000000a000000000000000000000000000000000000000000000001bb38cb09b209c0000000000000000000000000000f98265aea01677961bff51685b04ee3a6139206f00000000000000000000000065d08a056c17ae13370565b04cf77d2afa1cb9fa00000000000000000000000000000000000000000000000000000000000000000000000000000000000000000000000000000000000000000000000000000002000000000000000000000000ac29373cbe03c88fb078488181f8a0650c58ca0800000000000000000000000024a9da1457f96c2b167d49377a776d302a5c4db3c080a042bd860f81ac49ceb44ae441ea037eafb3c0a753068b3f144df363a2272debeea05ff4880942c0658bac36c320253e917e6057d3c84ea2419be4b2e2e7fd5bbd10"
      ],
      "blockNumber": "0xd"
    }
  ]
}
Trying URL: http://172.16.4.27:80/sequencer/eth_sendBundle
Bundle sent successfully. Status: 202
nonceOffset: 142
nonceOffset before: 142
Generating swaps with params: {
  targetBlockNumber: 13,
  txsPerBundle: 1,
  sendRoute: 3,
  txStrategy: 'univ2',
  profRpcUrl: 'http://172.16.4.27:80',
  nonceOffset: 142
}
Generating swaps with params: {}
Current nonce for 0x65D08a056c17Ae13370565B04cF77D2AfA1cB9FA: 46
Contract Addresses:
AtomicSwap: 0x71e67695DB8Bc44AA6BF2014142c42221967EE98
UniV2FactoryA: 0x85998F6C99833d1127301928248c97b6F168bDad
UniV2FactoryB: 0xf98265AeA01677961Bff51685B04eE3a6139206F
WETH: 0x24a9Da1457F96C2b167D49377A776d302A5C4dB3
DAI addresses: [ '0xAC29373CBe03C88Fb078488181F8a0650C58CA08' ]
[0x65D08a056c17Ae13370565B04cF77D2AfA1cB9FA] swapping 0.365458750963762528 WETH for DAI
Nonce calculation debug:
- currentNonce (from getTransactionCount): 46
- nonce.override: 142
- nonce.offset: undefined
- Final nonce value: 188
Sending bundle: [
  '0x02f901778330182481bc85012a05f2008512a05f2000830249f09471e67695db8bc44aa6bf2014142c42221967ee9880b901040cc7326300000000000000000000000000000000000000000000000000000000000000a000000000000000000000000000000000000000000000000005125ecc3740c560000000000000000000000000f98265aea01677961bff51685b04ee3a6139206f00000000000000000000000065d08a056c17ae13370565b04cf77d2afa1cb9fa0000000000000000000000000000000000000000000000000000000000000000000000000000000000000000000000000000000000000000000000000000000200000000000000000000000024a9da1457f96c2b167d49377a776d302a5c4db3000000000000000000000000ac29373cbe03c88fb078488181f8a0650c58ca08c001a041e5abc6d41e8d3167cc8c1e1e3be578124f4282894506e4eae195b2571f76d4a0024bafe44f46e4e06382e13d3689cd649b9455543dcd40835d6025d743d85ad5'
]
Sending bundle to Prof RPC: http://172.16.4.27:80
Request payload: {
  "jsonrpc": "2.0",
  "id": 1,
  "method": "eth_sendBundle",
  "params": [
    {
      "txs": [
        "0x02f901778330182481bc85012a05f2008512a05f2000830249f09471e67695db8bc44aa6bf2014142c42221967ee9880b901040cc7326300000000000000000000000000000000000000000000000000000000000000a000000000000000000000000000000000000000000000000005125ecc3740c560000000000000000000000000f98265aea01677961bff51685b04ee3a6139206f00000000000000000000000065d08a056c17ae13370565b04cf77d2afa1cb9fa0000000000000000000000000000000000000000000000000000000000000000000000000000000000000000000000000000000000000000000000000000000200000000000000000000000024a9da1457f96c2b167d49377a776d302a5c4db3000000000000000000000000ac29373cbe03c88fb078488181f8a0650c58ca08c001a041e5abc6d41e8d3167cc8c1e1e3be578124f4282894506e4eae195b2571f76d4a0024bafe44f46e4e06382e13d3689cd649b9455543dcd40835d6025d743d85ad5"
      ],
      "blockNumber": "0xd"
    }
  ]
}
Trying URL: http://172.16.4.27:80/sequencer/eth_sendBundle
Bundle sent successfully. Status: 202
nonceOffset: 143
nonceOffset before: 143
Generating swaps with params: {
  targetBlockNumber: 13,
  txsPerBundle: 1,
  sendRoute: 3,
  txStrategy: 'univ2',
  profRpcUrl: 'http://172.16.4.27:80',
  nonceOffset: 143
}
Generating swaps with params: {}
Current nonce for 0x65D08a056c17Ae13370565B04cF77D2AfA1cB9FA: 46
Contract Addresses:
AtomicSwap: 0x71e67695DB8Bc44AA6BF2014142c42221967EE98
UniV2FactoryA: 0x85998F6C99833d1127301928248c97b6F168bDad
UniV2FactoryB: 0xf98265AeA01677961Bff51685B04eE3a6139206F
WETH: 0x24a9Da1457F96C2b167D49377A776d302A5C4dB3
DAI addresses: [ '0xAC29373CBe03C88Fb078488181F8a0650C58CA08' ]
[0x65D08a056c17Ae13370565B04cF77D2AfA1cB9FA] swapping 0.75596612779060816 WETH for DAI
Nonce calculation debug:
- currentNonce (from getTransactionCount): 46
- nonce.override: 143
- nonce.offset: undefined
- Final nonce value: 189
Sending bundle: [
  '0x02f901778330182481bd85012a05f2008512a05f2000830249f09471e67695db8bc44aa6bf2014142c42221967ee9880b901040cc7326300000000000000000000000000000000000000000000000000000000000000a00000000000000000000000000000000000000000000000000a7dbb301d2fcf2000000000000000000000000085998f6c99833d1127301928248c97b6f168bdad00000000000000000000000065d08a056c17ae13370565b04cf77d2afa1cb9fa0000000000000000000000000000000000000000000000000000000000000000000000000000000000000000000000000000000000000000000000000000000200000000000000000000000024a9da1457f96c2b167d49377a776d302a5c4db3000000000000000000000000ac29373cbe03c88fb078488181f8a0650c58ca08c001a0fa7e5ae1b9af8fe9ddf0bd004d4bf5af6e3085491daae1e5b995905f93de43bca058d270ed4b1500fa5fdb3e5114377d02ee00f868733a1276b9a14d0bc47aacff'
]
Sending bundle to Prof RPC: http://172.16.4.27:80
Request payload: {
  "jsonrpc": "2.0",
  "id": 1,
  "method": "eth_sendBundle",
  "params": [
    {
      "txs": [
        "0x02f901778330182481bd85012a05f2008512a05f2000830249f09471e67695db8bc44aa6bf2014142c42221967ee9880b901040cc7326300000000000000000000000000000000000000000000000000000000000000a00000000000000000000000000000000000000000000000000a7dbb301d2fcf2000000000000000000000000085998f6c99833d1127301928248c97b6f168bdad00000000000000000000000065d08a056c17ae13370565b04cf77d2afa1cb9fa0000000000000000000000000000000000000000000000000000000000000000000000000000000000000000000000000000000000000000000000000000000200000000000000000000000024a9da1457f96c2b167d49377a776d302a5c4db3000000000000000000000000ac29373cbe03c88fb078488181f8a0650c58ca08c001a0fa7e5ae1b9af8fe9ddf0bd004d4bf5af6e3085491daae1e5b995905f93de43bca058d270ed4b1500fa5fdb3e5114377d02ee00f868733a1276b9a14d0bc47aacff"
      ],
      "blockNumber": "0xd"
    }
  ]
}
Trying URL: http://172.16.4.27:80/sequencer/eth_sendBundle
Bundle sent successfully. Status: 202
nonceOffset: 144
nonceOffset before: 144
Generating swaps with params: {
  targetBlockNumber: 13,
  txsPerBundle: 1,
  sendRoute: 3,
  txStrategy: 'univ2',
  profRpcUrl: 'http://172.16.4.27:80',
  nonceOffset: 144
}
Generating swaps with params: {}
Current nonce for 0x65D08a056c17Ae13370565B04cF77D2AfA1cB9FA: 47
Contract Addresses:
AtomicSwap: 0x71e67695DB8Bc44AA6BF2014142c42221967EE98
UniV2FactoryA: 0x85998F6C99833d1127301928248c97b6F168bDad
UniV2FactoryB: 0xf98265AeA01677961Bff51685B04eE3a6139206F
WETH: 0x24a9Da1457F96C2b167D49377A776d302A5C4dB3
DAI addresses: [ '0xAC29373CBe03C88Fb078488181F8a0650C58CA08' ]
[0x65D08a056c17Ae13370565B04cF77D2AfA1cB9FA] swapping 792.0 DAI for WETH
Nonce calculation debug:
- currentNonce (from getTransactionCount): 47
- nonce.override: 144
- nonce.offset: undefined
- Final nonce value: 191
Sending bundle: [
  '0x02f901778330182481bf85012a05f2008512a05f2000830249f09471e67695db8bc44aa6bf2014142c42221967ee9880b901040cc7326300000000000000000000000000000000000000000000000000000000000000a000000000000000000000000000000000000000000000002aef353bcddd600000000000000000000000000000f98265aea01677961bff51685b04ee3a6139206f00000000000000000000000065d08a056c17ae13370565b04cf77d2afa1cb9fa00000000000000000000000000000000000000000000000000000000000000000000000000000000000000000000000000000000000000000000000000000002000000000000000000000000ac29373cbe03c88fb078488181f8a0650c58ca0800000000000000000000000024a9da1457f96c2b167d49377a776d302a5c4db3c001a0fcba09a97105c1208ce1a55c0127465ee0ba9053d8f9d45c14c481b139791006a06d68a92eeec32a6a857c105d89a170f7072349e2317ca26a09666b89bd9a80a7'
]
Sending bundle to Prof RPC: http://172.16.4.27:80
Request payload: {
  "jsonrpc": "2.0",
  "id": 1,
  "method": "eth_sendBundle",
  "params": [
    {
      "txs": [
        "0x02f901778330182481bf85012a05f2008512a05f2000830249f09471e67695db8bc44aa6bf2014142c42221967ee9880b901040cc7326300000000000000000000000000000000000000000000000000000000000000a000000000000000000000000000000000000000000000002aef353bcddd600000000000000000000000000000f98265aea01677961bff51685b04ee3a6139206f00000000000000000000000065d08a056c17ae13370565b04cf77d2afa1cb9fa00000000000000000000000000000000000000000000000000000000000000000000000000000000000000000000000000000000000000000000000000000002000000000000000000000000ac29373cbe03c88fb078488181f8a0650c58ca0800000000000000000000000024a9da1457f96c2b167d49377a776d302a5c4db3c001a0fcba09a97105c1208ce1a55c0127465ee0ba9053d8f9d45c14c481b139791006a06d68a92eeec32a6a857c105d89a170f7072349e2317ca26a09666b89bd9a80a7"
      ],
      "blockNumber": "0xd"
    }
  ]
}
Trying URL: http://172.16.4.27:80/sequencer/eth_sendBundle
Bundle sent successfully. Status: 202
nonceOffset: 145
nonceOffset before: 145
Generating swaps with params: {
  targetBlockNumber: 13,
  txsPerBundle: 1,
  sendRoute: 3,
  txStrategy: 'univ2',
  profRpcUrl: 'http://172.16.4.27:80',
  nonceOffset: 145
}
Generating swaps with params: {}
Current nonce for 0x65D08a056c17Ae13370565B04cF77D2AfA1cB9FA: 47
Contract Addresses:
AtomicSwap: 0x71e67695DB8Bc44AA6BF2014142c42221967EE98
UniV2FactoryA: 0x85998F6C99833d1127301928248c97b6F168bDad
UniV2FactoryB: 0xf98265AeA01677961Bff51685B04eE3a6139206F
WETH: 0x24a9Da1457F96C2b167D49377A776d302A5C4dB3
DAI addresses: [ '0xAC29373CBe03C88Fb078488181F8a0650C58CA08' ]
[0x65D08a056c17Ae13370565B04cF77D2AfA1cB9FA] swapping 0.464973056197074672 WETH for DAI
Nonce calculation debug:
- currentNonce (from getTransactionCount): 47
- nonce.override: 145
- nonce.offset: undefined
- Final nonce value: 192
Sending bundle: [
  '0x02f901778330182481c085012a05f2008512a05f2000830249f09471e67695db8bc44aa6bf2014142c42221967ee9880b901040cc7326300000000000000000000000000000000000000000000000000000000000000a00000000000000000000000000000000000000000000000000673ea87f4c11ef000000000000000000000000085998f6c99833d1127301928248c97b6f168bdad00000000000000000000000065d08a056c17ae13370565b04cf77d2afa1cb9fa0000000000000000000000000000000000000000000000000000000000000000000000000000000000000000000000000000000000000000000000000000000200000000000000000000000024a9da1457f96c2b167d49377a776d302a5c4db3000000000000000000000000ac29373cbe03c88fb078488181f8a0650c58ca08c001a0345cfb260805568ca9f339088a9ceffebeff7e15c5723940061ee79663e76095a050bdd7badc960c900a6bf1406f1e245c638d7cb8c379feec2f013324a7fccdfa'
]
Sending bundle to Prof RPC: http://172.16.4.27:80
Request payload: {
  "jsonrpc": "2.0",
  "id": 1,
  "method": "eth_sendBundle",
  "params": [
    {
      "txs": [
        "0x02f901778330182481c085012a05f2008512a05f2000830249f09471e67695db8bc44aa6bf2014142c42221967ee9880b901040cc7326300000000000000000000000000000000000000000000000000000000000000a00000000000000000000000000000000000000000000000000673ea87f4c11ef000000000000000000000000085998f6c99833d1127301928248c97b6f168bdad00000000000000000000000065d08a056c17ae13370565b04cf77d2afa1cb9fa0000000000000000000000000000000000000000000000000000000000000000000000000000000000000000000000000000000000000000000000000000000200000000000000000000000024a9da1457f96c2b167d49377a776d302a5c4db3000000000000000000000000ac29373cbe03c88fb078488181f8a0650c58ca08c001a0345cfb260805568ca9f339088a9ceffebeff7e15c5723940061ee79663e76095a050bdd7badc960c900a6bf1406f1e245c638d7cb8c379feec2f013324a7fccdfa"
      ],
      "blockNumber": "0xd"
    }
  ]
}
Trying URL: http://172.16.4.27:80/sequencer/eth_sendBundle
Bundle sent successfully. Status: 202
nonceOffset: 146
nonceOffset before: 146
Generating swaps with params: {
  targetBlockNumber: 13,
  txsPerBundle: 1,
  sendRoute: 3,
  txStrategy: 'univ2',
  profRpcUrl: 'http://172.16.4.27:80',
  nonceOffset: 146
}
Generating swaps with params: {}
Current nonce for 0x65D08a056c17Ae13370565B04cF77D2AfA1cB9FA: 47
Contract Addresses:
AtomicSwap: 0x71e67695DB8Bc44AA6BF2014142c42221967EE98
UniV2FactoryA: 0x85998F6C99833d1127301928248c97b6F168bDad
UniV2FactoryB: 0xf98265AeA01677961Bff51685B04eE3a6139206F
WETH: 0x24a9Da1457F96C2b167D49377A776d302A5C4dB3
DAI addresses: [ '0xAC29373CBe03C88Fb078488181F8a0650C58CA08' ]
[0x65D08a056c17Ae13370565B04cF77D2AfA1cB9FA] swapping 0.177692307692307692 WETH for DAI
Nonce calculation debug:
- currentNonce (from getTransactionCount): 47
- nonce.override: 146
- nonce.offset: undefined
- Final nonce value: 193
Sending bundle: [
  '0x02f901778330182481c185012a05f2008512a05f2000830249f09471e67695db8bc44aa6bf2014142c42221967ee9880b901040cc7326300000000000000000000000000000000000000000000000000000000000000a000000000000000000000000000000000000000000000000002774a365f51c4ec00000000000000000000000085998f6c99833d1127301928248c97b6f168bdad00000000000000000000000065d08a056c17ae13370565b04cf77d2afa1cb9fa0000000000000000000000000000000000000000000000000000000000000000000000000000000000000000000000000000000000000000000000000000000200000000000000000000000024a9da1457f96c2b167d49377a776d302a5c4db3000000000000000000000000ac29373cbe03c88fb078488181f8a0650c58ca08c001a0fdfd9e04528d8cd2f62e7f0f8d122351e01af8381f0c68ca265ac9b0b4831467a01c2d6fbd6aad7190957c849de3cef77241373ae00566facbf2622ba4019674a7'
]
Sending bundle to Prof RPC: http://172.16.4.27:80
Request payload: {
  "jsonrpc": "2.0",
  "id": 1,
  "method": "eth_sendBundle",
  "params": [
    {
      "txs": [
        "0x02f901778330182481c185012a05f2008512a05f2000830249f09471e67695db8bc44aa6bf2014142c42221967ee9880b901040cc7326300000000000000000000000000000000000000000000000000000000000000a000000000000000000000000000000000000000000000000002774a365f51c4ec00000000000000000000000085998f6c99833d1127301928248c97b6f168bdad00000000000000000000000065d08a056c17ae13370565b04cf77d2afa1cb9fa0000000000000000000000000000000000000000000000000000000000000000000000000000000000000000000000000000000000000000000000000000000200000000000000000000000024a9da1457f96c2b167d49377a776d302a5c4db3000000000000000000000000ac29373cbe03c88fb078488181f8a0650c58ca08c001a0fdfd9e04528d8cd2f62e7f0f8d122351e01af8381f0c68ca265ac9b0b4831467a01c2d6fbd6aad7190957c849de3cef77241373ae00566facbf2622ba4019674a7"
      ],
      "blockNumber": "0xd"
    }
  ]
}
Trying URL: http://172.16.4.27:80/sequencer/eth_sendBundle
Bundle sent successfully. Status: 202
nonceOffset: 147
nonceOffset before: 147
Generating swaps with params: {
  targetBlockNumber: 13,
  txsPerBundle: 1,
  sendRoute: 3,
  txStrategy: 'univ2',
  profRpcUrl: 'http://172.16.4.27:80',
  nonceOffset: 147
}
Generating swaps with params: {}
Current nonce for 0x65D08a056c17Ae13370565B04cF77D2AfA1cB9FA: 47
Contract Addresses:
AtomicSwap: 0x71e67695DB8Bc44AA6BF2014142c42221967EE98
UniV2FactoryA: 0x85998F6C99833d1127301928248c97b6F168bDad
UniV2FactoryB: 0xf98265AeA01677961Bff51685B04eE3a6139206F
WETH: 0x24a9Da1457F96C2b167D49377A776d302A5C4dB3
DAI addresses: [ '0xAC29373CBe03C88Fb078488181F8a0650C58CA08' ]
[0x65D08a056c17Ae13370565B04cF77D2AfA1cB9FA] swapping 0.524249422632794457 WETH for DAI
Nonce calculation debug:
- currentNonce (from getTransactionCount): 47
- nonce.override: 147
- nonce.offset: undefined
- Final nonce value: 194
Sending bundle: [
  '0x02f901778330182481c285012a05f2008512a05f2000830249f09471e67695db8bc44aa6bf2014142c42221967ee9880b901040cc7326300000000000000000000000000000000000000000000000000000000000000a00000000000000000000000000000000000000000000000000746821281bb395900000000000000000000000085998f6c99833d1127301928248c97b6f168bdad00000000000000000000000065d08a056c17ae13370565b04cf77d2afa1cb9fa0000000000000000000000000000000000000000000000000000000000000000000000000000000000000000000000000000000000000000000000000000000200000000000000000000000024a9da1457f96c2b167d49377a776d302a5c4db3000000000000000000000000ac29373cbe03c88fb078488181f8a0650c58ca08c001a0a0b96a9308ceab54ce568b50856565fdbde775e932deaf618e8b6f81a64fa818a07c066e88e8259c355a5e62ccd17794d478f5d4fbe5bbfa5191de2a528cc949fc'
]
Sending bundle to Prof RPC: http://172.16.4.27:80
Request payload: {
  "jsonrpc": "2.0",
  "id": 1,
  "method": "eth_sendBundle",
  "params": [
    {
      "txs": [
        "0x02f901778330182481c285012a05f2008512a05f2000830249f09471e67695db8bc44aa6bf2014142c42221967ee9880b901040cc7326300000000000000000000000000000000000000000000000000000000000000a00000000000000000000000000000000000000000000000000746821281bb395900000000000000000000000085998f6c99833d1127301928248c97b6f168bdad00000000000000000000000065d08a056c17ae13370565b04cf77d2afa1cb9fa0000000000000000000000000000000000000000000000000000000000000000000000000000000000000000000000000000000000000000000000000000000200000000000000000000000024a9da1457f96c2b167d49377a776d302a5c4db3000000000000000000000000ac29373cbe03c88fb078488181f8a0650c58ca08c001a0a0b96a9308ceab54ce568b50856565fdbde775e932deaf618e8b6f81a64fa818a07c066e88e8259c355a5e62ccd17794d478f5d4fbe5bbfa5191de2a528cc949fc"
      ],
      "blockNumber": "0xd"
    }
  ]
}
Trying URL: http://172.16.4.27:80/sequencer/eth_sendBundle
Bundle sent successfully. Status: 202
nonceOffset: 148
nonceOffset before: 148
Generating swaps with params: {
  targetBlockNumber: 13,
  txsPerBundle: 1,
  sendRoute: 3,
  txStrategy: 'univ2',
  profRpcUrl: 'http://172.16.4.27:80',
  nonceOffset: 148
}
Generating swaps with params: {}
Current nonce for 0x65D08a056c17Ae13370565B04cF77D2AfA1cB9FA: 47
Contract Addresses:
AtomicSwap: 0x71e67695DB8Bc44AA6BF2014142c42221967EE98
UniV2FactoryA: 0x85998F6C99833d1127301928248c97b6F168bDad
UniV2FactoryB: 0xf98265AeA01677961Bff51685B04eE3a6139206F
WETH: 0x24a9Da1457F96C2b167D49377A776d302A5C4dB3
DAI addresses: [ '0xAC29373CBe03C88Fb078488181F8a0650C58CA08' ]
[0x65D08a056c17Ae13370565B04cF77D2AfA1cB9FA] swapping 1032.0 DAI for WETH
Nonce calculation debug:
- currentNonce (from getTransactionCount): 47
- nonce.override: 148
- nonce.offset: undefined
- Final nonce value: 195
Sending bundle: [
  '0x02f901778330182481c385012a05f2008512a05f2000830249f09471e67695db8bc44aa6bf2014142c42221967ee9880b901040cc7326300000000000000000000000000000000000000000000000000000000000000a0000000000000000000000000000000000000000000000037f1e0843acb20000000000000000000000000000085998f6c99833d1127301928248c97b6f168bdad00000000000000000000000065d08a056c17ae13370565b04cf77d2afa1cb9fa00000000000000000000000000000000000000000000000000000000000000000000000000000000000000000000000000000000000000000000000000000002000000000000000000000000ac29373cbe03c88fb078488181f8a0650c58ca0800000000000000000000000024a9da1457f96c2b167d49377a776d302a5c4db3c080a0a6c01b671ac4b0eddc21215fe0345b9abff3a846e587643aa13270f3deccebe5a07b1632750ceade7c530fcbeb993ad9218fa4e2a4aaf30fa0daa65aae86f1b437'
]
Sending bundle to Prof RPC: http://172.16.4.27:80
Request payload: {
  "jsonrpc": "2.0",
  "id": 1,
  "method": "eth_sendBundle",
  "params": [
    {
      "txs": [
        "0x02f901778330182481c385012a05f2008512a05f2000830249f09471e67695db8bc44aa6bf2014142c42221967ee9880b901040cc7326300000000000000000000000000000000000000000000000000000000000000a0000000000000000000000000000000000000000000000037f1e0843acb20000000000000000000000000000085998f6c99833d1127301928248c97b6f168bdad00000000000000000000000065d08a056c17ae13370565b04cf77d2afa1cb9fa00000000000000000000000000000000000000000000000000000000000000000000000000000000000000000000000000000000000000000000000000000002000000000000000000000000ac29373cbe03c88fb078488181f8a0650c58ca0800000000000000000000000024a9da1457f96c2b167d49377a776d302a5c4db3c080a0a6c01b671ac4b0eddc21215fe0345b9abff3a846e587643aa13270f3deccebe5a07b1632750ceade7c530fcbeb993ad9218fa4e2a4aaf30fa0daa65aae86f1b437"
      ],
      "blockNumber": "0xd"
    }
  ]
}
Trying URL: http://172.16.4.27:80/sequencer/eth_sendBundle
Bundle sent successfully. Status: 202
nonceOffset: 149
nonceOffset before: 149
Generating swaps with params: {
  targetBlockNumber: 13,
  txsPerBundle: 1,
  sendRoute: 3,
  txStrategy: 'univ2',
  profRpcUrl: 'http://172.16.4.27:80',
  nonceOffset: 149
}
Generating swaps with params: {}
Current nonce for 0x65D08a056c17Ae13370565B04cF77D2AfA1cB9FA: 47
Contract Addresses:
AtomicSwap: 0x71e67695DB8Bc44AA6BF2014142c42221967EE98
UniV2FactoryA: 0x85998F6C99833d1127301928248c97b6F168bDad
UniV2FactoryB: 0xf98265AeA01677961Bff51685B04eE3a6139206F
WETH: 0x24a9Da1457F96C2b167D49377A776d302A5C4dB3
DAI addresses: [ '0xAC29373CBe03C88Fb078488181F8a0650C58CA08' ]
[0x65D08a056c17Ae13370565B04cF77D2AfA1cB9FA] swapping 0.654349499615088529 WETH for DAI
Nonce calculation debug:
- currentNonce (from getTransactionCount): 47
- nonce.override: 149
- nonce.offset: undefined
- Final nonce value: 196
Sending bundle: [
  '0x02f901778330182481c485012a05f2008512a05f2000830249f09471e67695db8bc44aa6bf2014142c42221967ee9880b901040cc7326300000000000000000000000000000000000000000000000000000000000000a00000000000000000000000000000000000000000000000000914b7672b830f9100000000000000000000000085998f6c99833d1127301928248c97b6f168bdad00000000000000000000000065d08a056c17ae13370565b04cf77d2afa1cb9fa0000000000000000000000000000000000000000000000000000000000000000000000000000000000000000000000000000000000000000000000000000000200000000000000000000000024a9da1457f96c2b167d49377a776d302a5c4db3000000000000000000000000ac29373cbe03c88fb078488181f8a0650c58ca08c001a04cbf6cae7d73f629ed4244add76af7a06c30523080106af101b2622146c5bb35a057186f84530235ec1ce6ab8432977358177818ea686f62dbbcffb17ec2e5b615'
]
Sending bundle to Prof RPC: http://172.16.4.27:80
Request payload: {
  "jsonrpc": "2.0",
  "id": 1,
  "method": "eth_sendBundle",
  "params": [
    {
      "txs": [
        "0x02f901778330182481c485012a05f2008512a05f2000830249f09471e67695db8bc44aa6bf2014142c42221967ee9880b901040cc7326300000000000000000000000000000000000000000000000000000000000000a00000000000000000000000000000000000000000000000000914b7672b830f9100000000000000000000000085998f6c99833d1127301928248c97b6f168bdad00000000000000000000000065d08a056c17ae13370565b04cf77d2afa1cb9fa0000000000000000000000000000000000000000000000000000000000000000000000000000000000000000000000000000000000000000000000000000000200000000000000000000000024a9da1457f96c2b167d49377a776d302a5c4db3000000000000000000000000ac29373cbe03c88fb078488181f8a0650c58ca08c001a04cbf6cae7d73f629ed4244add76af7a06c30523080106af101b2622146c5bb35a057186f84530235ec1ce6ab8432977358177818ea686f62dbbcffb17ec2e5b615"
      ],
      "blockNumber": "0xd"
    }
  ]
}
Trying URL: http://172.16.4.27:80/sequencer/eth_sendBundle
Bundle sent successfully. Status: 202
nonceOffset: 150
nonceOffset before: 150
Generating swaps with params: {
  targetBlockNumber: 13,
  txsPerBundle: 1,
  sendRoute: 3,
  txStrategy: 'univ2',
  profRpcUrl: 'http://172.16.4.27:80',
  nonceOffset: 150
}
Generating swaps with params: {}
Current nonce for 0x65D08a056c17Ae13370565B04cF77D2AfA1cB9FA: 47
Contract Addresses:
AtomicSwap: 0x71e67695DB8Bc44AA6BF2014142c42221967EE98
UniV2FactoryA: 0x85998F6C99833d1127301928248c97b6F168bDad
UniV2FactoryB: 0xf98265AeA01677961Bff51685B04eE3a6139206F
WETH: 0x24a9Da1457F96C2b167D49377A776d302A5C4dB3
DAI addresses: [ '0xAC29373CBe03C88Fb078488181F8a0650C58CA08' ]
[0x65D08a056c17Ae13370565B04cF77D2AfA1cB9FA] swapping 436.0 DAI for WETH
Nonce calculation debug:
- currentNonce (from getTransactionCount): 47
- nonce.override: 150
- nonce.offset: undefined
- Final nonce value: 197
Sending bundle: [
  '0x02f901778330182481c585012a05f2008512a05f2000830249f09471e67695db8bc44aa6bf2014142c42221967ee9880b901040cc7326300000000000000000000000000000000000000000000000000000000000000a0000000000000000000000000000000000000000000000017a2b729f916500000000000000000000000000000f98265aea01677961bff51685b04ee3a6139206f00000000000000000000000065d08a056c17ae13370565b04cf77d2afa1cb9fa00000000000000000000000000000000000000000000000000000000000000000000000000000000000000000000000000000000000000000000000000000002000000000000000000000000ac29373cbe03c88fb078488181f8a0650c58ca0800000000000000000000000024a9da1457f96c2b167d49377a776d302a5c4db3c001a0794daefcc1e5e9dc75535adc710a3da1da0ab8a99530dd9c867c85d1a65d1d5fa071432c87f8b09a0620608923ccd72df1da10a990378df7215c7754b4b439c632'
]
Sending bundle to Prof RPC: http://172.16.4.27:80
Request payload: {
  "jsonrpc": "2.0",
  "id": 1,
  "method": "eth_sendBundle",
  "params": [
    {
      "txs": [
        "0x02f901778330182481c585012a05f2008512a05f2000830249f09471e67695db8bc44aa6bf2014142c42221967ee9880b901040cc7326300000000000000000000000000000000000000000000000000000000000000a0000000000000000000000000000000000000000000000017a2b729f916500000000000000000000000000000f98265aea01677961bff51685b04ee3a6139206f00000000000000000000000065d08a056c17ae13370565b04cf77d2afa1cb9fa00000000000000000000000000000000000000000000000000000000000000000000000000000000000000000000000000000000000000000000000000000002000000000000000000000000ac29373cbe03c88fb078488181f8a0650c58ca0800000000000000000000000024a9da1457f96c2b167d49377a776d302a5c4db3c001a0794daefcc1e5e9dc75535adc710a3da1da0ab8a99530dd9c867c85d1a65d1d5fa071432c87f8b09a0620608923ccd72df1da10a990378df7215c7754b4b439c632"
      ],
      "blockNumber": "0xd"
    }
  ]
}
Trying URL: http://172.16.4.27:80/sequencer/eth_sendBundle
Bundle sent successfully. Status: 202
nonceOffset: 151
nonceOffset before: 151
Generating swaps with params: {
  targetBlockNumber: 13,
  txsPerBundle: 1,
  sendRoute: 3,
  txStrategy: 'univ2',
  profRpcUrl: 'http://172.16.4.27:80',
  nonceOffset: 151
}
Generating swaps with params: {}
Current nonce for 0x65D08a056c17Ae13370565B04cF77D2AfA1cB9FA: 48
Contract Addresses:
AtomicSwap: 0x71e67695DB8Bc44AA6BF2014142c42221967EE98
UniV2FactoryA: 0x85998F6C99833d1127301928248c97b6F168bDad
UniV2FactoryB: 0xf98265AeA01677961Bff51685B04eE3a6139206F
WETH: 0x24a9Da1457F96C2b167D49377A776d302A5C4dB3
DAI addresses: [ '0xAC29373CBe03C88Fb078488181F8a0650C58CA08' ]
[0x65D08a056c17Ae13370565B04cF77D2AfA1cB9FA] swapping 0.238461538461538461 WETH for DAI
Nonce calculation debug:
- currentNonce (from getTransactionCount): 48
- nonce.override: 151
- nonce.offset: undefined
- Final nonce value: 199
Sending bundle: [
  '0x02f901778330182481c785012a05f2008512a05f2000830249f09471e67695db8bc44aa6bf2014142c42221967ee9880b901040cc7326300000000000000000000000000000000000000000000000000000000000000a0000000000000000000000000000000000000000000000000034f2f817c97d89d000000000000000000000000f98265aea01677961bff51685b04ee3a6139206f00000000000000000000000065d08a056c17ae13370565b04cf77d2afa1cb9fa0000000000000000000000000000000000000000000000000000000000000000000000000000000000000000000000000000000000000000000000000000000200000000000000000000000024a9da1457f96c2b167d49377a776d302a5c4db3000000000000000000000000ac29373cbe03c88fb078488181f8a0650c58ca08c080a003d18d62a45c01d76289da790b5248db02d6ce196fc00c8b5d7c7c73de345240a0590bf1b7713b2c488c07717ee2e77e020362e898aba15870930cf1a014b980d4'
]
Sending bundle to Prof RPC: http://172.16.4.27:80
Request payload: {
  "jsonrpc": "2.0",
  "id": 1,
  "method": "eth_sendBundle",
  "params": [
    {
      "txs": [
        "0x02f901778330182481c785012a05f2008512a05f2000830249f09471e67695db8bc44aa6bf2014142c42221967ee9880b901040cc7326300000000000000000000000000000000000000000000000000000000000000a0000000000000000000000000000000000000000000000000034f2f817c97d89d000000000000000000000000f98265aea01677961bff51685b04ee3a6139206f00000000000000000000000065d08a056c17ae13370565b04cf77d2afa1cb9fa0000000000000000000000000000000000000000000000000000000000000000000000000000000000000000000000000000000000000000000000000000000200000000000000000000000024a9da1457f96c2b167d49377a776d302a5c4db3000000000000000000000000ac29373cbe03c88fb078488181f8a0650c58ca08c080a003d18d62a45c01d76289da790b5248db02d6ce196fc00c8b5d7c7c73de345240a0590bf1b7713b2c488c07717ee2e77e020362e898aba15870930cf1a014b980d4"
      ],
      "blockNumber": "0xd"
    }
  ]
}
Trying URL: http://172.16.4.27:80/sequencer/eth_sendBundle
Bundle sent successfully. Status: 202
nonceOffset: 152
nonceOffset before: 152
Generating swaps with params: {
  targetBlockNumber: 13,
  txsPerBundle: 1,
  sendRoute: 3,
  txStrategy: 'univ2',
  profRpcUrl: 'http://172.16.4.27:80',
  nonceOffset: 152
}
Generating swaps with params: {}
Current nonce for 0x65D08a056c17Ae13370565B04cF77D2AfA1cB9FA: 48
Contract Addresses:
AtomicSwap: 0x71e67695DB8Bc44AA6BF2014142c42221967EE98
UniV2FactoryA: 0x85998F6C99833d1127301928248c97b6F168bDad
UniV2FactoryB: 0xf98265AeA01677961Bff51685B04eE3a6139206F
WETH: 0x24a9Da1457F96C2b167D49377A776d302A5C4dB3
DAI addresses: [ '0xAC29373CBe03C88Fb078488181F8a0650C58CA08' ]
[0x65D08a056c17Ae13370565B04cF77D2AfA1cB9FA] swapping 219.0 DAI for WETH
Nonce calculation debug:
- currentNonce (from getTransactionCount): 48
- nonce.override: 152
- nonce.offset: undefined
- Final nonce value: 200
Sending bundle: [
  '0x02f901778330182481c885012a05f2008512a05f2000830249f09471e67695db8bc44aa6bf2014142c42221967ee9880b901040cc7326300000000000000000000000000000000000000000000000000000000000000a000000000000000000000000000000000000000000000000bdf3c4bb0328c000000000000000000000000000085998f6c99833d1127301928248c97b6f168bdad00000000000000000000000065d08a056c17ae13370565b04cf77d2afa1cb9fa00000000000000000000000000000000000000000000000000000000000000000000000000000000000000000000000000000000000000000000000000000002000000000000000000000000ac29373cbe03c88fb078488181f8a0650c58ca0800000000000000000000000024a9da1457f96c2b167d49377a776d302a5c4db3c080a0ffc0efd2366c029e25d46e22177dac85f05e5ea70a3caac3444acc4930f6584ca068c89b628b0887fd21a328cfc3118c497a87bced583435ce9eba1b8fc6123cf2'
]
Sending bundle to Prof RPC: http://172.16.4.27:80
Request payload: {
  "jsonrpc": "2.0",
  "id": 1,
  "method": "eth_sendBundle",
  "params": [
    {
      "txs": [
        "0x02f901778330182481c885012a05f2008512a05f2000830249f09471e67695db8bc44aa6bf2014142c42221967ee9880b901040cc7326300000000000000000000000000000000000000000000000000000000000000a000000000000000000000000000000000000000000000000bdf3c4bb0328c000000000000000000000000000085998f6c99833d1127301928248c97b6f168bdad00000000000000000000000065d08a056c17ae13370565b04cf77d2afa1cb9fa00000000000000000000000000000000000000000000000000000000000000000000000000000000000000000000000000000000000000000000000000000002000000000000000000000000ac29373cbe03c88fb078488181f8a0650c58ca0800000000000000000000000024a9da1457f96c2b167d49377a776d302a5c4db3c080a0ffc0efd2366c029e25d46e22177dac85f05e5ea70a3caac3444acc4930f6584ca068c89b628b0887fd21a328cfc3118c497a87bced583435ce9eba1b8fc6123cf2"
      ],
      "blockNumber": "0xd"
    }
  ]
}
Trying URL: http://172.16.4.27:80/sequencer/eth_sendBundle
Bundle sent successfully. Status: 202
nonceOffset: 153
nonceOffset before: 153
Generating swaps with params: {
  targetBlockNumber: 13,
  txsPerBundle: 1,
  sendRoute: 3,
  txStrategy: 'univ2',
  profRpcUrl: 'http://172.16.4.27:80',
  nonceOffset: 153
}
Generating swaps with params: {}
Current nonce for 0x65D08a056c17Ae13370565B04cF77D2AfA1cB9FA: 48
Contract Addresses:
AtomicSwap: 0x71e67695DB8Bc44AA6BF2014142c42221967EE98
UniV2FactoryA: 0x85998F6C99833d1127301928248c97b6F168bDad
UniV2FactoryB: 0xf98265AeA01677961Bff51685B04eE3a6139206F
WETH: 0x24a9Da1457F96C2b167D49377A776d302A5C4dB3
DAI addresses: [ '0xAC29373CBe03C88Fb078488181F8a0650C58CA08' ]
[0x65D08a056c17Ae13370565B04cF77D2AfA1cB9FA] swapping 0.343846153846153846 WETH for DAI
Nonce calculation debug:
- currentNonce (from getTransactionCount): 48
- nonce.override: 153
- nonce.offset: undefined
- Final nonce value: 201
Sending bundle: [
  '0x02f901778330182481c985012a05f2008512a05f2000830249f09471e67695db8bc44aa6bf2014142c42221967ee9880b901040cc7326300000000000000000000000000000000000000000000000000000000000000a000000000000000000000000000000000000000000000000004c596415162627600000000000000000000000085998f6c99833d1127301928248c97b6f168bdad00000000000000000000000065d08a056c17ae13370565b04cf77d2afa1cb9fa0000000000000000000000000000000000000000000000000000000000000000000000000000000000000000000000000000000000000000000000000000000200000000000000000000000024a9da1457f96c2b167d49377a776d302a5c4db3000000000000000000000000ac29373cbe03c88fb078488181f8a0650c58ca08c080a08b30f10d96ed7e1ed53cf67a0da7b96d067360521441079234f62b7dc5c21922a00f3aaa5cc9091b1ed931d950313f1ba22a14ccae2187620899eebd18959b6b96'
]
Sending bundle to Prof RPC: http://172.16.4.27:80
Request payload: {
  "jsonrpc": "2.0",
  "id": 1,
  "method": "eth_sendBundle",
  "params": [
    {
      "txs": [
        "0x02f901778330182481c985012a05f2008512a05f2000830249f09471e67695db8bc44aa6bf2014142c42221967ee9880b901040cc7326300000000000000000000000000000000000000000000000000000000000000a000000000000000000000000000000000000000000000000004c596415162627600000000000000000000000085998f6c99833d1127301928248c97b6f168bdad00000000000000000000000065d08a056c17ae13370565b04cf77d2afa1cb9fa0000000000000000000000000000000000000000000000000000000000000000000000000000000000000000000000000000000000000000000000000000000200000000000000000000000024a9da1457f96c2b167d49377a776d302a5c4db3000000000000000000000000ac29373cbe03c88fb078488181f8a0650c58ca08c080a08b30f10d96ed7e1ed53cf67a0da7b96d067360521441079234f62b7dc5c21922a00f3aaa5cc9091b1ed931d950313f1ba22a14ccae2187620899eebd18959b6b96"
      ],
      "blockNumber": "0xd"
    }
  ]
}
Trying URL: http://172.16.4.27:80/sequencer/eth_sendBundle
Bundle sent successfully. Status: 202
nonceOffset: 154
nonceOffset before: 154
Generating swaps with params: {
  targetBlockNumber: 13,
  txsPerBundle: 1,
  sendRoute: 3,
  txStrategy: 'univ2',
  profRpcUrl: 'http://172.16.4.27:80',
  nonceOffset: 154
}
Generating swaps with params: {}
Current nonce for 0x65D08a056c17Ae13370565B04cF77D2AfA1cB9FA: 48
Contract Addresses:
AtomicSwap: 0x71e67695DB8Bc44AA6BF2014142c42221967EE98
UniV2FactoryA: 0x85998F6C99833d1127301928248c97b6F168bDad
UniV2FactoryB: 0xf98265AeA01677961Bff51685B04eE3a6139206F
WETH: 0x24a9Da1457F96C2b167D49377A776d302A5C4dB3
DAI addresses: [ '0xAC29373CBe03C88Fb078488181F8a0650C58CA08' ]
[0x65D08a056c17Ae13370565B04cF77D2AfA1cB9FA] swapping 375.0 DAI for WETH
Nonce calculation debug:
- currentNonce (from getTransactionCount): 48
- nonce.override: 154
- nonce.offset: undefined
- Final nonce value: 202
Sending bundle: [
  '0x02f901778330182481ca85012a05f2008512a05f2000830249f09471e67695db8bc44aa6bf2014142c42221967ee9880b901040cc7326300000000000000000000000000000000000000000000000000000000000000a0000000000000000000000000000000000000000000000014542ba12a337c0000000000000000000000000000f98265aea01677961bff51685b04ee3a6139206f00000000000000000000000065d08a056c17ae13370565b04cf77d2afa1cb9fa00000000000000000000000000000000000000000000000000000000000000000000000000000000000000000000000000000000000000000000000000000002000000000000000000000000ac29373cbe03c88fb078488181f8a0650c58ca0800000000000000000000000024a9da1457f96c2b167d49377a776d302a5c4db3c080a0b0e7b7ac214ee1837b94c3226740d06c2978fbf02c0d3ebe151ce7298b7ea4c4a0456e3c36e8f201d8e6c61b67d5488cbe68b4fb46cfb818af338df134db12df54'
]
Sending bundle to Prof RPC: http://172.16.4.27:80
Request payload: {
  "jsonrpc": "2.0",
  "id": 1,
  "method": "eth_sendBundle",
  "params": [
    {
      "txs": [
        "0x02f901778330182481ca85012a05f2008512a05f2000830249f09471e67695db8bc44aa6bf2014142c42221967ee9880b901040cc7326300000000000000000000000000000000000000000000000000000000000000a0000000000000000000000000000000000000000000000014542ba12a337c0000000000000000000000000000f98265aea01677961bff51685b04ee3a6139206f00000000000000000000000065d08a056c17ae13370565b04cf77d2afa1cb9fa00000000000000000000000000000000000000000000000000000000000000000000000000000000000000000000000000000000000000000000000000000002000000000000000000000000ac29373cbe03c88fb078488181f8a0650c58ca0800000000000000000000000024a9da1457f96c2b167d49377a776d302a5c4db3c080a0b0e7b7ac214ee1837b94c3226740d06c2978fbf02c0d3ebe151ce7298b7ea4c4a0456e3c36e8f201d8e6c61b67d5488cbe68b4fb46cfb818af338df134db12df54"
      ],
      "blockNumber": "0xd"
    }
  ]
}
Trying URL: http://172.16.4.27:80/sequencer/eth_sendBundle
Bundle sent successfully. Status: 202
nonceOffset: 155
nonceOffset before: 155
Generating swaps with params: {
  targetBlockNumber: 13,
  txsPerBundle: 1,
  sendRoute: 3,
  txStrategy: 'univ2',
  profRpcUrl: 'http://172.16.4.27:80',
  nonceOffset: 155
}
Generating swaps with params: {}
Current nonce for 0x65D08a056c17Ae13370565B04cF77D2AfA1cB9FA: 48
Contract Addresses:
AtomicSwap: 0x71e67695DB8Bc44AA6BF2014142c42221967EE98
UniV2FactoryA: 0x85998F6C99833d1127301928248c97b6F168bDad
UniV2FactoryB: 0xf98265AeA01677961Bff51685B04eE3a6139206F
WETH: 0x24a9Da1457F96C2b167D49377A776d302A5C4dB3
DAI addresses: [ '0xAC29373CBe03C88Fb078488181F8a0650C58CA08' ]
[0x65D08a056c17Ae13370565B04cF77D2AfA1cB9FA] swapping 0.651270207852193995 WETH for DAI
Nonce calculation debug:
- currentNonce (from getTransactionCount): 48
- nonce.override: 155
- nonce.offset: undefined
- Final nonce value: 203
Sending bundle: [
  '0x02f901778330182481cb85012a05f2008512a05f2000830249f09471e67695db8bc44aa6bf2014142c42221967ee9880b901040cc7326300000000000000000000000000000000000000000000000000000000000000a00000000000000000000000000000000000000000000000000909c6cdafd328cb00000000000000000000000085998f6c99833d1127301928248c97b6f168bdad00000000000000000000000065d08a056c17ae13370565b04cf77d2afa1cb9fa0000000000000000000000000000000000000000000000000000000000000000000000000000000000000000000000000000000000000000000000000000000200000000000000000000000024a9da1457f96c2b167d49377a776d302a5c4db3000000000000000000000000ac29373cbe03c88fb078488181f8a0650c58ca08c001a0156017bb00ada44cd1ea2d9c86bb9d8f6382b68279af87788ea4006d981c52bba02fbab49e1e943b2af725465f0a012581a3754e6fe001dd5b44c9a375eb91e356'
]
Sending bundle to Prof RPC: http://172.16.4.27:80
Request payload: {
  "jsonrpc": "2.0",
  "id": 1,
  "method": "eth_sendBundle",
  "params": [
    {
      "txs": [
        "0x02f901778330182481cb85012a05f2008512a05f2000830249f09471e67695db8bc44aa6bf2014142c42221967ee9880b901040cc7326300000000000000000000000000000000000000000000000000000000000000a00000000000000000000000000000000000000000000000000909c6cdafd328cb00000000000000000000000085998f6c99833d1127301928248c97b6f168bdad00000000000000000000000065d08a056c17ae13370565b04cf77d2afa1cb9fa0000000000000000000000000000000000000000000000000000000000000000000000000000000000000000000000000000000000000000000000000000000200000000000000000000000024a9da1457f96c2b167d49377a776d302a5c4db3000000000000000000000000ac29373cbe03c88fb078488181f8a0650c58ca08c001a0156017bb00ada44cd1ea2d9c86bb9d8f6382b68279af87788ea4006d981c52bba02fbab49e1e943b2af725465f0a012581a3754e6fe001dd5b44c9a375eb91e356"
      ],
      "blockNumber": "0xd"
    }
  ]
}
Trying URL: http://172.16.4.27:80/sequencer/eth_sendBundle
Bundle sent successfully. Status: 202
nonceOffset: 156
nonceOffset before: 156
Generating swaps with params: {
  targetBlockNumber: 13,
  txsPerBundle: 1,
  sendRoute: 3,
  txStrategy: 'univ2',
  profRpcUrl: 'http://172.16.4.27:80',
  nonceOffset: 156
}
Generating swaps with params: {}
Current nonce for 0x65D08a056c17Ae13370565B04cF77D2AfA1cB9FA: 48
Contract Addresses:
AtomicSwap: 0x71e67695DB8Bc44AA6BF2014142c42221967EE98
UniV2FactoryA: 0x85998F6C99833d1127301928248c97b6F168bDad
UniV2FactoryB: 0xf98265AeA01677961Bff51685B04eE3a6139206F
WETH: 0x24a9Da1457F96C2b167D49377A776d302A5C4dB3
DAI addresses: [ '0xAC29373CBe03C88Fb078488181F8a0650C58CA08' ]
[0x65D08a056c17Ae13370565B04cF77D2AfA1cB9FA] swapping 106.0 DAI for WETH
Nonce calculation debug:
- currentNonce (from getTransactionCount): 48
- nonce.override: 156
- nonce.offset: undefined
- Final nonce value: 204
Sending bundle: [
  '0x02f901778330182481cc85012a05f2008512a05f2000830249f09471e67695db8bc44aa6bf2014142c42221967ee9880b901040cc7326300000000000000000000000000000000000000000000000000000000000000a0000000000000000000000000000000000000000000000005bf0ba6634f680000000000000000000000000000f98265aea01677961bff51685b04ee3a6139206f00000000000000000000000065d08a056c17ae13370565b04cf77d2afa1cb9fa00000000000000000000000000000000000000000000000000000000000000000000000000000000000000000000000000000000000000000000000000000002000000000000000000000000ac29373cbe03c88fb078488181f8a0650c58ca0800000000000000000000000024a9da1457f96c2b167d49377a776d302a5c4db3c001a0bc07f851bf551be8bc2c88652e52973ce11846b9a26bb3adf2d5d31d1cdc2d53a06f926ee79cef27e74843bf689472304c7fb42fb1d3fa439494f0be918e812e45'
]
Sending bundle to Prof RPC: http://172.16.4.27:80
Request payload: {
  "jsonrpc": "2.0",
  "id": 1,
  "method": "eth_sendBundle",
  "params": [
    {
      "txs": [
        "0x02f901778330182481cc85012a05f2008512a05f2000830249f09471e67695db8bc44aa6bf2014142c42221967ee9880b901040cc7326300000000000000000000000000000000000000000000000000000000000000a0000000000000000000000000000000000000000000000005bf0ba6634f680000000000000000000000000000f98265aea01677961bff51685b04ee3a6139206f00000000000000000000000065d08a056c17ae13370565b04cf77d2afa1cb9fa00000000000000000000000000000000000000000000000000000000000000000000000000000000000000000000000000000000000000000000000000000002000000000000000000000000ac29373cbe03c88fb078488181f8a0650c58ca0800000000000000000000000024a9da1457f96c2b167d49377a776d302a5c4db3c001a0bc07f851bf551be8bc2c88652e52973ce11846b9a26bb3adf2d5d31d1cdc2d53a06f926ee79cef27e74843bf689472304c7fb42fb1d3fa439494f0be918e812e45"
      ],
      "blockNumber": "0xd"
    }
  ]
}
Trying URL: http://172.16.4.27:80/sequencer/eth_sendBundle
Bundle sent successfully. Status: 202
nonceOffset: 157
nonceOffset before: 157
Generating swaps with params: {
  targetBlockNumber: 13,
  txsPerBundle: 1,
  sendRoute: 3,
  txStrategy: 'univ2',
  profRpcUrl: 'http://172.16.4.27:80',
  nonceOffset: 157
}
Generating swaps with params: {}
Current nonce for 0x65D08a056c17Ae13370565B04cF77D2AfA1cB9FA: 48
Contract Addresses:
AtomicSwap: 0x71e67695DB8Bc44AA6BF2014142c42221967EE98
UniV2FactoryA: 0x85998F6C99833d1127301928248c97b6F168bDad
UniV2FactoryB: 0xf98265AeA01677961Bff51685B04eE3a6139206F
WETH: 0x24a9Da1457F96C2b167D49377A776d302A5C4dB3
DAI addresses: [ '0xAC29373CBe03C88Fb078488181F8a0650C58CA08' ]
[0x65D08a056c17Ae13370565B04cF77D2AfA1cB9FA] swapping 0.824345146379044684 WETH for DAI
Nonce calculation debug:
- currentNonce (from getTransactionCount): 48
- nonce.override: 157
- nonce.offset: undefined
- Final nonce value: 205
Sending bundle: [
  '0x02f901778330182481cd85012a05f2008512a05f2000830249f09471e67695db8bc44aa6bf2014142c42221967ee9880b901040cc7326300000000000000000000000000000000000000000000000000000000000000a00000000000000000000000000000000000000000000000000b70a98b063d874c000000000000000000000000f98265aea01677961bff51685b04ee3a6139206f00000000000000000000000065d08a056c17ae13370565b04cf77d2afa1cb9fa0000000000000000000000000000000000000000000000000000000000000000000000000000000000000000000000000000000000000000000000000000000200000000000000000000000024a9da1457f96c2b167d49377a776d302a5c4db3000000000000000000000000ac29373cbe03c88fb078488181f8a0650c58ca08c001a0ec59ea128459e426a002c48a2d1c366ba8816868f0f87658a34e6efc49ae0c7fa03935720bcc9f15648627e63913452300aa46058539da7fd5bb4f3c7b7ef00865'
]
Sending bundle to Prof RPC: http://172.16.4.27:80
Request payload: {
  "jsonrpc": "2.0",
  "id": 1,
  "method": "eth_sendBundle",
  "params": [
    {
      "txs": [
        "0x02f901778330182481cd85012a05f2008512a05f2000830249f09471e67695db8bc44aa6bf2014142c42221967ee9880b901040cc7326300000000000000000000000000000000000000000000000000000000000000a00000000000000000000000000000000000000000000000000b70a98b063d874c000000000000000000000000f98265aea01677961bff51685b04ee3a6139206f00000000000000000000000065d08a056c17ae13370565b04cf77d2afa1cb9fa0000000000000000000000000000000000000000000000000000000000000000000000000000000000000000000000000000000000000000000000000000000200000000000000000000000024a9da1457f96c2b167d49377a776d302a5c4db3000000000000000000000000ac29373cbe03c88fb078488181f8a0650c58ca08c001a0ec59ea128459e426a002c48a2d1c366ba8816868f0f87658a34e6efc49ae0c7fa03935720bcc9f15648627e63913452300aa46058539da7fd5bb4f3c7b7ef00865"
      ],
      "blockNumber": "0xd"
    }
  ]
}
Trying URL: http://172.16.4.27:80/sequencer/eth_sendBundle
Bundle sent successfully. Status: 202
nonceOffset: 158
nonceOffset before: 158
Generating swaps with params: {
  targetBlockNumber: 13,
  txsPerBundle: 1,
  sendRoute: 3,
  txStrategy: 'univ2',
  profRpcUrl: 'http://172.16.4.27:80',
  nonceOffset: 158
}
Generating swaps with params: {}
Current nonce for 0x65D08a056c17Ae13370565B04cF77D2AfA1cB9FA: 50
Contract Addresses:
AtomicSwap: 0x71e67695DB8Bc44AA6BF2014142c42221967EE98
UniV2FactoryA: 0x85998F6C99833d1127301928248c97b6F168bDad
UniV2FactoryB: 0xf98265AeA01677961Bff51685B04eE3a6139206F
WETH: 0x24a9Da1457F96C2b167D49377A776d302A5C4dB3
DAI addresses: [ '0xAC29373CBe03C88Fb078488181F8a0650C58CA08' ]
[0x65D08a056c17Ae13370565B04cF77D2AfA1cB9FA] swapping 0.409545804464973056 WETH for DAI
Nonce calculation debug:
- currentNonce (from getTransactionCount): 50
- nonce.override: 158
- nonce.offset: undefined
- Final nonce value: 208
Sending bundle: [
  '0x02f901778330182481d085012a05f2008512a05f2000830249f09471e67695db8bc44aa6bf2014142c42221967ee9880b901040cc7326300000000000000000000000000000000000000000000000000000000000000a000000000000000000000000000000000000000000000000005aeffbd4262e50000000000000000000000000085998f6c99833d1127301928248c97b6f168bdad00000000000000000000000065d08a056c17ae13370565b04cf77d2afa1cb9fa0000000000000000000000000000000000000000000000000000000000000000000000000000000000000000000000000000000000000000000000000000000200000000000000000000000024a9da1457f96c2b167d49377a776d302a5c4db3000000000000000000000000ac29373cbe03c88fb078488181f8a0650c58ca08c080a0c8165cbaf823c0c42bc8c879c7fc3abc8d4a34d779ce86672e0b052c51fa4224a03bc4c09ac1a7e48ae0197bfe080f6ebfa0f192cb9b813e2658cc18baa38a906b'
]
Sending bundle to Prof RPC: http://172.16.4.27:80
Request payload: {
  "jsonrpc": "2.0",
  "id": 1,
  "method": "eth_sendBundle",
  "params": [
    {
      "txs": [
        "0x02f901778330182481d085012a05f2008512a05f2000830249f09471e67695db8bc44aa6bf2014142c42221967ee9880b901040cc7326300000000000000000000000000000000000000000000000000000000000000a000000000000000000000000000000000000000000000000005aeffbd4262e50000000000000000000000000085998f6c99833d1127301928248c97b6f168bdad00000000000000000000000065d08a056c17ae13370565b04cf77d2afa1cb9fa0000000000000000000000000000000000000000000000000000000000000000000000000000000000000000000000000000000000000000000000000000000200000000000000000000000024a9da1457f96c2b167d49377a776d302a5c4db3000000000000000000000000ac29373cbe03c88fb078488181f8a0650c58ca08c080a0c8165cbaf823c0c42bc8c879c7fc3abc8d4a34d779ce86672e0b052c51fa4224a03bc4c09ac1a7e48ae0197bfe080f6ebfa0f192cb9b813e2658cc18baa38a906b"
      ],
      "blockNumber": "0xd"
    }
  ]
}
Trying URL: http://172.16.4.27:80/sequencer/eth_sendBundle
Bundle sent successfully. Status: 202
nonceOffset: 159
nonceOffset before: 159
Generating swaps with params: {
  targetBlockNumber: 13,
  txsPerBundle: 1,
  sendRoute: 3,
  txStrategy: 'univ2',
  profRpcUrl: 'http://172.16.4.27:80',
  nonceOffset: 159
}
Generating swaps with params: {}
Current nonce for 0x65D08a056c17Ae13370565B04cF77D2AfA1cB9FA: 50
Contract Addresses:
AtomicSwap: 0x71e67695DB8Bc44AA6BF2014142c42221967EE98
UniV2FactoryA: 0x85998F6C99833d1127301928248c97b6F168bDad
UniV2FactoryB: 0xf98265AeA01677961Bff51685B04eE3a6139206F
WETH: 0x24a9Da1457F96C2b167D49377A776d302A5C4dB3
DAI addresses: [ '0xAC29373CBe03C88Fb078488181F8a0650C58CA08' ]
[0x65D08a056c17Ae13370565B04cF77D2AfA1cB9FA] swapping 0.458814472671285604 WETH for DAI
Nonce calculation debug:
- currentNonce (from getTransactionCount): 50
- nonce.override: 159
- nonce.offset: undefined
- Final nonce value: 209
Sending bundle: [
  '0x02f901778330182481d185012a05f2008512a05f2000830249f09471e67695db8bc44aa6bf2014142c42221967ee9880b901040cc7326300000000000000000000000000000000000000000000000000000000000000a0000000000000000000000000000000000000000000000000065e0954fd61516400000000000000000000000085998f6c99833d1127301928248c97b6f168bdad00000000000000000000000065d08a056c17ae13370565b04cf77d2afa1cb9fa0000000000000000000000000000000000000000000000000000000000000000000000000000000000000000000000000000000000000000000000000000000200000000000000000000000024a9da1457f96c2b167d49377a776d302a5c4db3000000000000000000000000ac29373cbe03c88fb078488181f8a0650c58ca08c080a00d325888601c5e67434a08763e651d4e5d813d1927e940e7333f7b2d60ba1dd9a04c998c09a643d5302c462072b0ebb4ed41a51d5b3f1cb88fdc287ec4879dfcbc'
]
Sending bundle to Prof RPC: http://172.16.4.27:80
Request payload: {
  "jsonrpc": "2.0",
  "id": 1,
  "method": "eth_sendBundle",
  "params": [
    {
      "txs": [
        "0x02f901778330182481d185012a05f2008512a05f2000830249f09471e67695db8bc44aa6bf2014142c42221967ee9880b901040cc7326300000000000000000000000000000000000000000000000000000000000000a0000000000000000000000000000000000000000000000000065e0954fd61516400000000000000000000000085998f6c99833d1127301928248c97b6f168bdad00000000000000000000000065d08a056c17ae13370565b04cf77d2afa1cb9fa0000000000000000000000000000000000000000000000000000000000000000000000000000000000000000000000000000000000000000000000000000000200000000000000000000000024a9da1457f96c2b167d49377a776d302a5c4db3000000000000000000000000ac29373cbe03c88fb078488181f8a0650c58ca08c080a00d325888601c5e67434a08763e651d4e5d813d1927e940e7333f7b2d60ba1dd9a04c998c09a643d5302c462072b0ebb4ed41a51d5b3f1cb88fdc287ec4879dfcbc"
      ],
      "blockNumber": "0xd"
    }
  ]
}
Trying URL: http://172.16.4.27:80/sequencer/eth_sendBundle
Bundle sent successfully. Status: 202
nonceOffset: 160
nonceOffset before: 160
Generating swaps with params: {
  targetBlockNumber: 13,
  txsPerBundle: 1,
  sendRoute: 3,
  txStrategy: 'univ2',
  profRpcUrl: 'http://172.16.4.27:80',
  nonceOffset: 160
}
Generating swaps with params: {}
Current nonce for 0x65D08a056c17Ae13370565B04cF77D2AfA1cB9FA: 50
Contract Addresses:
AtomicSwap: 0x71e67695DB8Bc44AA6BF2014142c42221967EE98
UniV2FactoryA: 0x85998F6C99833d1127301928248c97b6F168bDad
UniV2FactoryB: 0xf98265AeA01677961Bff51685B04eE3a6139206F
WETH: 0x24a9Da1457F96C2b167D49377A776d302A5C4dB3
DAI addresses: [ '0xAC29373CBe03C88Fb078488181F8a0650C58CA08' ]
[0x65D08a056c17Ae13370565B04cF77D2AfA1cB9FA] swapping 778.0 DAI for WETH
Nonce calculation debug:
- currentNonce (from getTransactionCount): 50
- nonce.override: 160
- nonce.offset: undefined
- Final nonce value: 210
Sending bundle: [
  '0x02f901778330182481d285012a05f2008512a05f2000830249f09471e67695db8bc44aa6bf2014142c42221967ee9880b901040cc7326300000000000000000000000000000000000000000000000000000000000000a000000000000000000000000000000000000000000000002a2ceb3dfab5e8000000000000000000000000000085998f6c99833d1127301928248c97b6f168bdad00000000000000000000000065d08a056c17ae13370565b04cf77d2afa1cb9fa00000000000000000000000000000000000000000000000000000000000000000000000000000000000000000000000000000000000000000000000000000002000000000000000000000000ac29373cbe03c88fb078488181f8a0650c58ca0800000000000000000000000024a9da1457f96c2b167d49377a776d302a5c4db3c080a096ed642d894aefa94741aab6e46bc0fa2c1ab8896072c56ccb1e16079d492ddaa022436a91d6e307f29f379282c5caba1d031199e27c5e162a5a309a392691734b'
]
Sending bundle to Prof RPC: http://172.16.4.27:80
Request payload: {
  "jsonrpc": "2.0",
  "id": 1,
  "method": "eth_sendBundle",
  "params": [
    {
      "txs": [
        "0x02f901778330182481d285012a05f2008512a05f2000830249f09471e67695db8bc44aa6bf2014142c42221967ee9880b901040cc7326300000000000000000000000000000000000000000000000000000000000000a000000000000000000000000000000000000000000000002a2ceb3dfab5e8000000000000000000000000000085998f6c99833d1127301928248c97b6f168bdad00000000000000000000000065d08a056c17ae13370565b04cf77d2afa1cb9fa00000000000000000000000000000000000000000000000000000000000000000000000000000000000000000000000000000000000000000000000000000002000000000000000000000000ac29373cbe03c88fb078488181f8a0650c58ca0800000000000000000000000024a9da1457f96c2b167d49377a776d302a5c4db3c080a096ed642d894aefa94741aab6e46bc0fa2c1ab8896072c56ccb1e16079d492ddaa022436a91d6e307f29f379282c5caba1d031199e27c5e162a5a309a392691734b"
      ],
      "blockNumber": "0xd"
    }
  ]
}
Trying URL: http://172.16.4.27:80/sequencer/eth_sendBundle
Bundle sent successfully. Status: 202
nonceOffset: 161
nonceOffset before: 161
Generating swaps with params: {
  targetBlockNumber: 13,
  txsPerBundle: 1,
  sendRoute: 3,
  txStrategy: 'univ2',
  profRpcUrl: 'http://172.16.4.27:80',
  nonceOffset: 161
}
Generating swaps with params: {}
Current nonce for 0x65D08a056c17Ae13370565B04cF77D2AfA1cB9FA: 50
Contract Addresses:
AtomicSwap: 0x71e67695DB8Bc44AA6BF2014142c42221967EE98
UniV2FactoryA: 0x85998F6C99833d1127301928248c97b6F168bDad
UniV2FactoryB: 0xf98265AeA01677961Bff51685B04eE3a6139206F
WETH: 0x24a9Da1457F96C2b167D49377A776d302A5C4dB3
DAI addresses: [ '0xAC29373CBe03C88Fb078488181F8a0650C58CA08' ]
[0x65D08a056c17Ae13370565B04cF77D2AfA1cB9FA] swapping 0.786594761171032357 WETH for DAI
Nonce calculation debug:
- currentNonce (from getTransactionCount): 50
- nonce.override: 161
- nonce.offset: undefined
- Final nonce value: 211
Sending bundle: [
  '0x02f901778330182481d385012a05f2008512a05f2000830249f09471e67695db8bc44aa6bf2014142c42221967ee9880b901040cc7326300000000000000000000000000000000000000000000000000000000000000a00000000000000000000000000000000000000000000000000aea8bc489c85925000000000000000000000000f98265aea01677961bff51685b04ee3a6139206f00000000000000000000000065d08a056c17ae13370565b04cf77d2afa1cb9fa0000000000000000000000000000000000000000000000000000000000000000000000000000000000000000000000000000000000000000000000000000000200000000000000000000000024a9da1457f96c2b167d49377a776d302a5c4db3000000000000000000000000ac29373cbe03c88fb078488181f8a0650c58ca08c080a07a0891413ec6919a971703c46fd90aa37354720eb98a8d8eccb6676c239e4908a0015a88b31024c26a1c0d39d67b92f1f999e838b614fde4be2417476272e9bca6'
]
Sending bundle to Prof RPC: http://172.16.4.27:80
Request payload: {
  "jsonrpc": "2.0",
  "id": 1,
  "method": "eth_sendBundle",
  "params": [
    {
      "txs": [
        "0x02f901778330182481d385012a05f2008512a05f2000830249f09471e67695db8bc44aa6bf2014142c42221967ee9880b901040cc7326300000000000000000000000000000000000000000000000000000000000000a00000000000000000000000000000000000000000000000000aea8bc489c85925000000000000000000000000f98265aea01677961bff51685b04ee3a6139206f00000000000000000000000065d08a056c17ae13370565b04cf77d2afa1cb9fa0000000000000000000000000000000000000000000000000000000000000000000000000000000000000000000000000000000000000000000000000000000200000000000000000000000024a9da1457f96c2b167d49377a776d302a5c4db3000000000000000000000000ac29373cbe03c88fb078488181f8a0650c58ca08c080a07a0891413ec6919a971703c46fd90aa37354720eb98a8d8eccb6676c239e4908a0015a88b31024c26a1c0d39d67b92f1f999e838b614fde4be2417476272e9bca6"
      ],
      "blockNumber": "0xd"
    }
  ]
}
Trying URL: http://172.16.4.27:80/sequencer/eth_sendBundle
Bundle sent successfully. Status: 202
nonceOffset: 162
nonceOffset before: 162
Generating swaps with params: {
  targetBlockNumber: 13,
  txsPerBundle: 1,
  sendRoute: 3,
  txStrategy: 'univ2',
  profRpcUrl: 'http://172.16.4.27:80',
  nonceOffset: 162
}
Generating swaps with params: {}
Current nonce for 0x65D08a056c17Ae13370565B04cF77D2AfA1cB9FA: 50
Contract Addresses:
AtomicSwap: 0x71e67695DB8Bc44AA6BF2014142c42221967EE98
UniV2FactoryA: 0x85998F6C99833d1127301928248c97b6F168bDad
UniV2FactoryB: 0xf98265AeA01677961Bff51685B04eE3a6139206F
WETH: 0x24a9Da1457F96C2b167D49377A776d302A5C4dB3
DAI addresses: [ '0xAC29373CBe03C88Fb078488181F8a0650C58CA08' ]
[0x65D08a056c17Ae13370565B04cF77D2AfA1cB9FA] swapping 0.714175654853620955 WETH for DAI
Nonce calculation debug:
- currentNonce (from getTransactionCount): 50
- nonce.override: 162
- nonce.offset: undefined
- Final nonce value: 212
Sending bundle: [
  '0x02f901778330182481d485012a05f2008512a05f2000830249f09471e67695db8bc44aa6bf2014142c42221967ee9880b901040cc7326300000000000000000000000000000000000000000000000000000000000000a000000000000000000000000000000000000000000000000009e942f966c834db00000000000000000000000085998f6c99833d1127301928248c97b6f168bdad00000000000000000000000065d08a056c17ae13370565b04cf77d2afa1cb9fa0000000000000000000000000000000000000000000000000000000000000000000000000000000000000000000000000000000000000000000000000000000200000000000000000000000024a9da1457f96c2b167d49377a776d302a5c4db3000000000000000000000000ac29373cbe03c88fb078488181f8a0650c58ca08c080a037d7188ef661a538fa9aa4f5384a4a01e767a6ca7968fb0e7d9e391a105a8527a06535d2b994c81b2fe991a858a6f0ad84701f50617c5b8260a425fe0754c0aaa1'
]
Sending bundle to Prof RPC: http://172.16.4.27:80
Request payload: {
  "jsonrpc": "2.0",
  "id": 1,
  "method": "eth_sendBundle",
  "params": [
    {
      "txs": [
        "0x02f901778330182481d485012a05f2008512a05f2000830249f09471e67695db8bc44aa6bf2014142c42221967ee9880b901040cc7326300000000000000000000000000000000000000000000000000000000000000a000000000000000000000000000000000000000000000000009e942f966c834db00000000000000000000000085998f6c99833d1127301928248c97b6f168bdad00000000000000000000000065d08a056c17ae13370565b04cf77d2afa1cb9fa0000000000000000000000000000000000000000000000000000000000000000000000000000000000000000000000000000000000000000000000000000000200000000000000000000000024a9da1457f96c2b167d49377a776d302a5c4db3000000000000000000000000ac29373cbe03c88fb078488181f8a0650c58ca08c080a037d7188ef661a538fa9aa4f5384a4a01e767a6ca7968fb0e7d9e391a105a8527a06535d2b994c81b2fe991a858a6f0ad84701f50617c5b8260a425fe0754c0aaa1"
      ],
      "blockNumber": "0xd"
    }
  ]
}
Trying URL: http://172.16.4.27:80/sequencer/eth_sendBundle
Bundle sent successfully. Status: 202
nonceOffset: 163
nonceOffset before: 163
Generating swaps with params: {
  targetBlockNumber: 13,
  txsPerBundle: 1,
  sendRoute: 3,
  txStrategy: 'univ2',
  profRpcUrl: 'http://172.16.4.27:80',
  nonceOffset: 163
}
Generating swaps with params: {}
Current nonce for 0x65D08a056c17Ae13370565B04cF77D2AfA1cB9FA: 50
Contract Addresses:
AtomicSwap: 0x71e67695DB8Bc44AA6BF2014142c42221967EE98
UniV2FactoryA: 0x85998F6C99833d1127301928248c97b6F168bDad
UniV2FactoryB: 0xf98265AeA01677961Bff51685B04eE3a6139206F
WETH: 0x24a9Da1457F96C2b167D49377A776d302A5C4dB3
DAI addresses: [ '0xAC29373CBe03C88Fb078488181F8a0650C58CA08' ]
[0x65D08a056c17Ae13370565B04cF77D2AfA1cB9FA] swapping 406.0 DAI for WETH
Nonce calculation debug:
- currentNonce (from getTransactionCount): 50
- nonce.override: 163
- nonce.offset: undefined
- Final nonce value: 213
Sending bundle: [
  '0x02f901778330182481d585012a05f2008512a05f2000830249f09471e67695db8bc44aa6bf2014142c42221967ee9880b901040cc7326300000000000000000000000000000000000000000000000000000000000000a00000000000000000000000000000000000000000000000160261c0eb7898000000000000000000000000000085998f6c99833d1127301928248c97b6f168bdad00000000000000000000000065d08a056c17ae13370565b04cf77d2afa1cb9fa00000000000000000000000000000000000000000000000000000000000000000000000000000000000000000000000000000000000000000000000000000002000000000000000000000000ac29373cbe03c88fb078488181f8a0650c58ca0800000000000000000000000024a9da1457f96c2b167d49377a776d302a5c4db3c080a0d113068336b51964b80d65424745718ecb9d3c923dc8265be7a1dcd409ad120da00948c618e660038dfda56390614e51f3644cdb2435c7dc813f525c2f39936821'
]
Sending bundle to Prof RPC: http://172.16.4.27:80
Request payload: {
  "jsonrpc": "2.0",
  "id": 1,
  "method": "eth_sendBundle",
  "params": [
    {
      "txs": [
        "0x02f901778330182481d585012a05f2008512a05f2000830249f09471e67695db8bc44aa6bf2014142c42221967ee9880b901040cc7326300000000000000000000000000000000000000000000000000000000000000a00000000000000000000000000000000000000000000000160261c0eb7898000000000000000000000000000085998f6c99833d1127301928248c97b6f168bdad00000000000000000000000065d08a056c17ae13370565b04cf77d2afa1cb9fa00000000000000000000000000000000000000000000000000000000000000000000000000000000000000000000000000000000000000000000000000000002000000000000000000000000ac29373cbe03c88fb078488181f8a0650c58ca0800000000000000000000000024a9da1457f96c2b167d49377a776d302a5c4db3c080a0d113068336b51964b80d65424745718ecb9d3c923dc8265be7a1dcd409ad120da00948c618e660038dfda56390614e51f3644cdb2435c7dc813f525c2f39936821"
      ],
      "blockNumber": "0xd"
    }
  ]
}
Trying URL: http://172.16.4.27:80/sequencer/eth_sendBundle
Bundle sent successfully. Status: 202
nonceOffset: 164
nonceOffset before: 164
Generating swaps with params: {
  targetBlockNumber: 13,
  txsPerBundle: 1,
  sendRoute: 3,
  txStrategy: 'univ2',
  profRpcUrl: 'http://172.16.4.27:80',
  nonceOffset: 164
}
Generating swaps with params: {}
Current nonce for 0x65D08a056c17Ae13370565B04cF77D2AfA1cB9FA: 51
Contract Addresses:
AtomicSwap: 0x71e67695DB8Bc44AA6BF2014142c42221967EE98
UniV2FactoryA: 0x85998F6C99833d1127301928248c97b6F168bDad
UniV2FactoryB: 0xf98265AeA01677961Bff51685B04eE3a6139206F
WETH: 0x24a9Da1457F96C2b167D49377A776d302A5C4dB3
DAI addresses: [ '0xAC29373CBe03C88Fb078488181F8a0650C58CA08' ]
[0x65D08a056c17Ae13370565B04cF77D2AfA1cB9FA] swapping 0.151771956856702619 WETH for DAI
Nonce calculation debug:
- currentNonce (from getTransactionCount): 51
- nonce.override: 164
- nonce.offset: undefined
- Final nonce value: 215
Sending bundle: [
  '0x02f901778330182481d785012a05f2008512a05f2000830249f09471e67695db8bc44aa6bf2014142c42221967ee9880b901040cc7326300000000000000000000000000000000000000000000000000000000000000a0000000000000000000000000000000000000000000000000021b33ca674f469b00000000000000000000000085998f6c99833d1127301928248c97b6f168bdad00000000000000000000000065d08a056c17ae13370565b04cf77d2afa1cb9fa0000000000000000000000000000000000000000000000000000000000000000000000000000000000000000000000000000000000000000000000000000000200000000000000000000000024a9da1457f96c2b167d49377a776d302a5c4db3000000000000000000000000ac29373cbe03c88fb078488181f8a0650c58ca08c001a01067b9c4efb21fd5a9c5d0054eaa5520f26c42de7f49fd3dd7c1f43eb619e3c1a040879c1536a765f1a5c9a827741a37c4a2abe707ace96a030d15bbff7a508333'
]
Sending bundle to Prof RPC: http://172.16.4.27:80
Request payload: {
  "jsonrpc": "2.0",
  "id": 1,
  "method": "eth_sendBundle",
  "params": [
    {
      "txs": [
        "0x02f901778330182481d785012a05f2008512a05f2000830249f09471e67695db8bc44aa6bf2014142c42221967ee9880b901040cc7326300000000000000000000000000000000000000000000000000000000000000a0000000000000000000000000000000000000000000000000021b33ca674f469b00000000000000000000000085998f6c99833d1127301928248c97b6f168bdad00000000000000000000000065d08a056c17ae13370565b04cf77d2afa1cb9fa0000000000000000000000000000000000000000000000000000000000000000000000000000000000000000000000000000000000000000000000000000000200000000000000000000000024a9da1457f96c2b167d49377a776d302a5c4db3000000000000000000000000ac29373cbe03c88fb078488181f8a0650c58ca08c001a01067b9c4efb21fd5a9c5d0054eaa5520f26c42de7f49fd3dd7c1f43eb619e3c1a040879c1536a765f1a5c9a827741a37c4a2abe707ace96a030d15bbff7a508333"
      ],
      "blockNumber": "0xd"
    }
  ]
}
Trying URL: http://172.16.4.27:80/sequencer/eth_sendBundle
Bundle sent successfully. Status: 202
nonceOffset: 165
nonceOffset before: 165
Generating swaps with params: {
  targetBlockNumber: 13,
  txsPerBundle: 1,
  sendRoute: 3,
  txStrategy: 'univ2',
  profRpcUrl: 'http://172.16.4.27:80',
  nonceOffset: 165
}
Generating swaps with params: {}
Current nonce for 0x65D08a056c17Ae13370565B04cF77D2AfA1cB9FA: 51
Contract Addresses:
AtomicSwap: 0x71e67695DB8Bc44AA6BF2014142c42221967EE98
UniV2FactoryA: 0x85998F6C99833d1127301928248c97b6F168bDad
UniV2FactoryB: 0xf98265AeA01677961Bff51685B04eE3a6139206F
WETH: 0x24a9Da1457F96C2b167D49377A776d302A5C4dB3
DAI addresses: [ '0xAC29373CBe03C88Fb078488181F8a0650C58CA08' ]
[0x65D08a056c17Ae13370565B04cF77D2AfA1cB9FA] swapping 247.0 DAI for WETH
Nonce calculation debug:
- currentNonce (from getTransactionCount): 51
- nonce.override: 165
- nonce.offset: undefined
- Final nonce value: 216
Sending bundle: [
  '0x02f901778330182481d885012a05f2008512a05f2000830249f09471e67695db8bc44aa6bf2014142c42221967ee9880b901040cc7326300000000000000000000000000000000000000000000000000000000000000a000000000000000000000000000000000000000000000000d63d04756817c000000000000000000000000000085998f6c99833d1127301928248c97b6f168bdad00000000000000000000000065d08a056c17ae13370565b04cf77d2afa1cb9fa00000000000000000000000000000000000000000000000000000000000000000000000000000000000000000000000000000000000000000000000000000002000000000000000000000000ac29373cbe03c88fb078488181f8a0650c58ca0800000000000000000000000024a9da1457f96c2b167d49377a776d302a5c4db3c080a0a98ca453193489a3a2a0f5b2bee13cc2672e08230923ff6d6ce23e284191d728a015aee4fed198fc6240d406833238da0d73f9ef8fd1ac50a4bb5d0413f2c8848c'
]
Sending bundle to Prof RPC: http://172.16.4.27:80
Request payload: {
  "jsonrpc": "2.0",
  "id": 1,
  "method": "eth_sendBundle",
  "params": [
    {
      "txs": [
        "0x02f901778330182481d885012a05f2008512a05f2000830249f09471e67695db8bc44aa6bf2014142c42221967ee9880b901040cc7326300000000000000000000000000000000000000000000000000000000000000a000000000000000000000000000000000000000000000000d63d04756817c000000000000000000000000000085998f6c99833d1127301928248c97b6f168bdad00000000000000000000000065d08a056c17ae13370565b04cf77d2afa1cb9fa00000000000000000000000000000000000000000000000000000000000000000000000000000000000000000000000000000000000000000000000000000002000000000000000000000000ac29373cbe03c88fb078488181f8a0650c58ca0800000000000000000000000024a9da1457f96c2b167d49377a776d302a5c4db3c080a0a98ca453193489a3a2a0f5b2bee13cc2672e08230923ff6d6ce23e284191d728a015aee4fed198fc6240d406833238da0d73f9ef8fd1ac50a4bb5d0413f2c8848c"
      ],
      "blockNumber": "0xd"
    }
  ]
}
Trying URL: http://172.16.4.27:80/sequencer/eth_sendBundle
Bundle sent successfully. Status: 202
nonceOffset: 166
nonceOffset before: 166
Generating swaps with params: {
  targetBlockNumber: 13,
  txsPerBundle: 1,
  sendRoute: 3,
  txStrategy: 'univ2',
  profRpcUrl: 'http://172.16.4.27:80',
  nonceOffset: 166
}
Generating swaps with params: {}
Current nonce for 0x65D08a056c17Ae13370565B04cF77D2AfA1cB9FA: 51
Contract Addresses:
AtomicSwap: 0x71e67695DB8Bc44AA6BF2014142c42221967EE98
UniV2FactoryA: 0x85998F6C99833d1127301928248c97b6F168bDad
UniV2FactoryB: 0xf98265AeA01677961Bff51685B04eE3a6139206F
WETH: 0x24a9Da1457F96C2b167D49377A776d302A5C4dB3
DAI addresses: [ '0xAC29373CBe03C88Fb078488181F8a0650C58CA08' ]
[0x65D08a056c17Ae13370565B04cF77D2AfA1cB9FA] swapping 0.247113163972286374 WETH for DAI
Nonce calculation debug:
- currentNonce (from getTransactionCount): 51
- nonce.override: 166
- nonce.offset: undefined
- Final nonce value: 217
Sending bundle: [
  '0x02f901778330182481d985012a05f2008512a05f2000830249f09471e67695db8bc44aa6bf2014142c42221967ee9880b901040cc7326300000000000000000000000000000000000000000000000000000000000000a0000000000000000000000000000000000000000000000000036dec1d05e417a6000000000000000000000000f98265aea01677961bff51685b04ee3a6139206f00000000000000000000000065d08a056c17ae13370565b04cf77d2afa1cb9fa0000000000000000000000000000000000000000000000000000000000000000000000000000000000000000000000000000000000000000000000000000000200000000000000000000000024a9da1457f96c2b167d49377a776d302a5c4db3000000000000000000000000ac29373cbe03c88fb078488181f8a0650c58ca08c080a0ce0ec8eab6e8995f22d4b8e46d543333d9f742e8ef6cdad109f77b9cfb96422ba019847121a99c69a0accda596e45a70f44ce044a0e367eb461e8afcdb688925fe'
]
Sending bundle to Prof RPC: http://172.16.4.27:80
Request payload: {
  "jsonrpc": "2.0",
  "id": 1,
  "method": "eth_sendBundle",
  "params": [
    {
      "txs": [
        "0x02f901778330182481d985012a05f2008512a05f2000830249f09471e67695db8bc44aa6bf2014142c42221967ee9880b901040cc7326300000000000000000000000000000000000000000000000000000000000000a0000000000000000000000000000000000000000000000000036dec1d05e417a6000000000000000000000000f98265aea01677961bff51685b04ee3a6139206f00000000000000000000000065d08a056c17ae13370565b04cf77d2afa1cb9fa0000000000000000000000000000000000000000000000000000000000000000000000000000000000000000000000000000000000000000000000000000000200000000000000000000000024a9da1457f96c2b167d49377a776d302a5c4db3000000000000000000000000ac29373cbe03c88fb078488181f8a0650c58ca08c080a0ce0ec8eab6e8995f22d4b8e46d543333d9f742e8ef6cdad109f77b9cfb96422ba019847121a99c69a0accda596e45a70f44ce044a0e367eb461e8afcdb688925fe"
      ],
      "blockNumber": "0xd"
    }
  ]
}
Trying URL: http://172.16.4.27:80/sequencer/eth_sendBundle
Bundle sent successfully. Status: 202
nonceOffset: 167
nonceOffset before: 167
Generating swaps with params: {
  targetBlockNumber: 13,
  txsPerBundle: 1,
  sendRoute: 3,
  txStrategy: 'univ2',
  profRpcUrl: 'http://172.16.4.27:80',
  nonceOffset: 167
}
Generating swaps with params: {}
Current nonce for 0x65D08a056c17Ae13370565B04cF77D2AfA1cB9FA: 51
Contract Addresses:
AtomicSwap: 0x71e67695DB8Bc44AA6BF2014142c42221967EE98
UniV2FactoryA: 0x85998F6C99833d1127301928248c97b6F168bDad
UniV2FactoryB: 0xf98265AeA01677961Bff51685B04eE3a6139206F
WETH: 0x24a9Da1457F96C2b167D49377A776d302A5C4dB3
DAI addresses: [ '0xAC29373CBe03C88Fb078488181F8a0650C58CA08' ]
[0x65D08a056c17Ae13370565B04cF77D2AfA1cB9FA] swapping 0.288135593220338983 WETH for DAI
Nonce calculation debug:
- currentNonce (from getTransactionCount): 51
- nonce.override: 167
- nonce.offset: undefined
- Final nonce value: 218
Sending bundle: [
  '0x02f901778330182481da85012a05f2008512a05f2000830249f09471e67695db8bc44aa6bf2014142c42221967ee9880b901040cc7326300000000000000000000000000000000000000000000000000000000000000a000000000000000000000000000000000000000000000000003ffa9cba10b752700000000000000000000000085998f6c99833d1127301928248c97b6f168bdad00000000000000000000000065d08a056c17ae13370565b04cf77d2afa1cb9fa0000000000000000000000000000000000000000000000000000000000000000000000000000000000000000000000000000000000000000000000000000000200000000000000000000000024a9da1457f96c2b167d49377a776d302a5c4db3000000000000000000000000ac29373cbe03c88fb078488181f8a0650c58ca08c080a0255fbf0654990d5a432761d8132e2c402dbe24a0b80113a31e7513fe736af9c5a026eca110598575d6c83b60ad56be70067cda1425aed04654a3c34bdecedf5d12'
]
Sending bundle to Prof RPC: http://172.16.4.27:80
Request payload: {
  "jsonrpc": "2.0",
  "id": 1,
  "method": "eth_sendBundle",
  "params": [
    {
      "txs": [
        "0x02f901778330182481da85012a05f2008512a05f2000830249f09471e67695db8bc44aa6bf2014142c42221967ee9880b901040cc7326300000000000000000000000000000000000000000000000000000000000000a000000000000000000000000000000000000000000000000003ffa9cba10b752700000000000000000000000085998f6c99833d1127301928248c97b6f168bdad00000000000000000000000065d08a056c17ae13370565b04cf77d2afa1cb9fa0000000000000000000000000000000000000000000000000000000000000000000000000000000000000000000000000000000000000000000000000000000200000000000000000000000024a9da1457f96c2b167d49377a776d302a5c4db3000000000000000000000000ac29373cbe03c88fb078488181f8a0650c58ca08c080a0255fbf0654990d5a432761d8132e2c402dbe24a0b80113a31e7513fe736af9c5a026eca110598575d6c83b60ad56be70067cda1425aed04654a3c34bdecedf5d12"
      ],
      "blockNumber": "0xd"
    }
  ]
}
Trying URL: http://172.16.4.27:80/sequencer/eth_sendBundle
Bundle sent successfully. Status: 202
