time="2024-12-06T21:02:04Z" level=info msg="boost-relay 6fc57d1-dev" service=relay/api version=6fc57d1-dev
time="2024-12-06T21:02:04Z" level=info msg="Using network: custom" service=relay/api version=6fc57d1-dev
time="2024-12-06T21:02:04Z" level=debug msg="EthNetworkDetails{\n\tName: custom, \n\tGenesisForkVersionHex: 0x10000038, \n\tGenesisValidatorsRootHex: 0xd1ec305b97bf6336571c2348e4a8bf173684b0cdb7e55f7e6554d51f8478b5a3,\n\tBellatrixForkVersionHex: 0x30000038, \n\tCapellaForkVersionHex: 0x40000038, \n\tDenebForkVersionHex: 0x50000038,\n\tDomainBuilder: 000000010b41be4cdb34d183dddca5398337626dcdcfaf1720c1202d3b95f84e, \n\tDomainBeaconProposerBellatrix: 0000000039f8fd88b8d7b1c857fa0e5338f3b223b289ead5c79b8f92fae1f5af, \n\tDomainBeaconProposerCapella: 0000000033ec6748d1acfb818e136b47e200802a7d620e7f8d7f08e635563f95, \n\tDomainBeaconProposerDeneb: 00000000d84e2ee04414f00cdad7d07b154bc291236f4e0ae0d364fbdcdda501\n}" service=relay/api version=6fc57d1-dev
time="2024-12-06T21:02:04Z" level=info msg="Using beacon endpoints: http://172.16.4.14:4000, http://172.16.4.15:4000, http://172.16.4.16:4000" service=relay/api version=6fc57d1-dev
time="2024-12-06T21:02:04Z" level=info msg="Connecting to Redis at mev-relay-redis:6379 ..." service=relay/api version=6fc57d1-dev
time="2024-12-06T21:02:04Z" level=info msg="Connecting to Postgres database at mev-relay-postgres/postgres ..." service=relay/api version=6fc57d1-dev
time="2024-12-06T21:02:04Z" level=info msg="Setting up datastore..." service=relay/api version=6fc57d1-dev
time="2024-12-06T21:02:04Z" level=info msg="Setting up relay service..." service=relay/api version=6fc57d1-dev
time="2024-12-06T21:02:04Z" level=info msg="Using BLS key: 0xa55c1285d84ba83a5ad26420cd5ad3091e49c55a813eee651cd467db38a8c8e63192f47955e9376f6b42f6d190571cb5" service=relay/api version=6fc57d1-dev
time="2024-12-06T21:02:04Z" level=info msg="Webserver starting on 0.0.0.0:9062 ..." service=relay/api version=6fc57d1-dev
time="2024-12-06T21:02:04Z" level=debug msg="getting sync status" component=beaconClient service=relay/api uri="http://172.16.4.16:4000" version=6fc57d1-dev
time="2024-12-06T21:02:04Z" level=debug msg="getting sync status" component=beaconClient service=relay/api uri="http://172.16.4.15:4000" version=6fc57d1-dev
time="2024-12-06T21:02:04Z" level=debug msg="getting sync status" component=beaconClient service=relay/api uri="http://172.16.4.14:4000" version=6fc57d1-dev
time="2024-12-06T21:02:04Z" level=info msg="genesis info: 1733518911" method=StartServer service=relay/api version=6fc57d1-dev
time="2024-12-06T21:02:04Z" level=info msg="forkSchedule: version=0x10000038 / epoch=0" method=StartServer service=relay/api version=6fc57d1-dev
time="2024-12-06T21:02:04Z" level=info msg="forkSchedule: version=0x20000038 / epoch=0" method=StartServer service=relay/api version=6fc57d1-dev
time="2024-12-06T21:02:04Z" level=info msg="forkSchedule: version=0x30000038 / epoch=0" method=StartServer service=relay/api version=6fc57d1-dev
time="2024-12-06T21:02:04Z" level=info msg="forkSchedule: version=0x40000038 / epoch=0" method=StartServer service=relay/api version=6fc57d1-dev
time="2024-12-06T21:02:04Z" level=info msg="forkSchedule: version=0x50000038 / epoch=0" method=StartServer service=relay/api version=6fc57d1-dev
time="2024-12-06T21:02:04Z" level=info msg="deneb fork detected (currentEpoch: 0 / denebEpoch: 0)" method=StartServer service=relay/api version=6fc57d1-dev
time="2024-12-06T21:02:04Z" level=info msg="starting 10 validator registration processors" service=relay/api version=6fc57d1-dev
time="2024-12-06T21:02:04Z" level=info msg="updated headSlot to 6" epoch=0 service=relay/api slotHead=6 slotStartNextEpoch=32 version=6fc57d1-dev
time="2024-12-06T21:02:04Z" level=debug msg="RefreshKnownValidators init" datastoreMethod=RefreshKnownValidators headSlot=6 headSlotPos=7 lastUpdateSlot=0 service=relay/api version=6fc57d1-dev
time="2024-12-06T21:02:04Z" level=info msg="proposer API enabled" service=relay/api version=6fc57d1-dev
time="2024-12-06T21:02:04Z" level=info msg="subscribing to payload_attributes events" beaconPublishURI="http://172.16.4.16:4000" beaconURI="http://172.16.4.16:4000" component=beaconInstance service=relay/api url="http://172.16.4.16:4000/eth/v1/events?topics=payload_attributes" version=6fc57d1-dev
time="2024-12-06T21:02:04Z" level=info msg="subscribing to head events" beaconPublishURI="http://172.16.4.16:4000" beaconURI="http://172.16.4.16:4000" component=beaconInstance service=relay/api url="http://172.16.4.16:4000/eth/v1/events?topics=head" version=6fc57d1-dev
time="2024-12-06T21:02:04Z" level=info msg="subscribing to head events" beaconPublishURI="http://172.16.4.14:4000" beaconURI="http://172.16.4.14:4000" component=beaconInstance service=relay/api url="http://172.16.4.14:4000/eth/v1/events?topics=head" version=6fc57d1-dev
time="2024-12-06T21:02:04Z" level=info msg="subscribing to payload_attributes events" beaconPublishURI="http://172.16.4.15:4000" beaconURI="http://172.16.4.15:4000" component=beaconInstance service=relay/api url="http://172.16.4.15:4000/eth/v1/events?topics=payload_attributes" version=6fc57d1-dev
time="2024-12-06T21:02:04Z" level=info msg="block builder API enabled" service=relay/api version=6fc57d1-dev
time="2024-12-06T21:02:04Z" level=debug msg="RefreshKnownValidators init" datastoreMethod=RefreshKnownValidators headSlot=6 headSlotPos=7 lastUpdateSlot=0 service=relay/api version=6fc57d1-dev
time="2024-12-06T21:02:04Z" level=info msg="data API enabled" service=relay/api version=6fc57d1-dev
time="2024-12-06T21:02:04Z" level=info msg="subscribing to head events" beaconPublishURI="http://172.16.4.15:4000" beaconURI="http://172.16.4.15:4000" component=beaconInstance service=relay/api url="http://172.16.4.15:4000/eth/v1/events?topics=head" version=6fc57d1-dev
time="2024-12-06T21:02:04Z" level=info msg="subscribing to payload_attributes events" beaconPublishURI="http://172.16.4.14:4000" beaconURI="http://172.16.4.14:4000" component=beaconInstance service=relay/api url="http://172.16.4.14:4000/eth/v1/events?topics=payload_attributes" version=6fc57d1-dev
time="2024-12-06T21:02:04Z" level=debug msg="Updating builder cache with 0 builders from database" service=relay/api version=6fc57d1-dev
time="2024-12-06T21:02:04Z" level=info msg="payload attributes received for slot: 7" service=relay/api version=6fc57d1-dev
time="2024-12-06T21:02:04Z" level=info msg="updated payload attributes" headSlot=6 payloadAttrParent=0x996bc4dee136c861c6bb73df1f5e7d463b0d69cce910da1cb70035df9fb366a5 payloadAttrSlot=7 randao=0x765519b93092236172d4133701601726ece83ba6516575ea2ba4bc771822ac28 service=relay/api timestamp=1733518925 version=6fc57d1-dev withdrawalsRoot=0x792930bbd5baac43bcc798ee49aa8185ef76bb3b44ba62b91d86ae569e4bb535
time="2024-12-06T21:02:04Z" level=info msg="http: GET /relay/v1/builder/validators 0" duration=0.000236 method=GET path=/relay/v1/builder/validators service=relay/api status=0 version=6fc57d1-dev
time="2024-12-06T21:02:05Z" level=info msg="payload attributes received for slot: 8" service=relay/api version=6fc57d1-dev
time="2024-12-06T21:02:05Z" level=info msg="updated payload attributes" headSlot=6 payloadAttrParent=0x996bc4dee136c861c6bb73df1f5e7d463b0d69cce910da1cb70035df9fb366a5 payloadAttrSlot=8 randao=0x765519b93092236172d4133701601726ece83ba6516575ea2ba4bc771822ac28 service=relay/api timestamp=1733518927 version=6fc57d1-dev withdrawalsRoot=0x792930bbd5baac43bcc798ee49aa8185ef76bb3b44ba62b91d86ae569e4bb535
time="2024-12-06T21:02:05Z" level=info msg="updated headSlot to 7" epoch=0 service=relay/api slotHead=7 slotStartNextEpoch=32 version=6fc57d1-dev
time="2024-12-06T21:02:05Z" level=debug msg="RefreshKnownValidators init" datastoreMethod=RefreshKnownValidators headSlot=7 headSlotPos=8 lastUpdateSlot=0 service=relay/api version=6fc57d1-dev
time="2024-12-06T21:02:05Z" level=debug msg="Updating builder cache with 0 builders from database" service=relay/api version=6fc57d1-dev
time="2024-12-06T21:02:05Z" level=info msg="payload attributes received for slot: 8" service=relay/api version=6fc57d1-dev
time="2024-12-06T21:02:05Z" level=info msg="updated payload attributes" headSlot=7 payloadAttrParent=0x5974b6627a8ab59ae1c1a9f7e612c502a3ce034c48415125d7a54be4fc688539 payloadAttrSlot=8 randao=0x91051f08fca62e1c0eee6d71aa0abb83b71553bb7493ae1899f4ac5711b9d54f service=relay/api timestamp=1733518927 version=6fc57d1-dev withdrawalsRoot=0x792930bbd5baac43bcc798ee49aa8185ef76bb3b44ba62b91d86ae569e4bb535
time="2024-12-06T21:02:05Z" level=info msg="http: GET /relay/v1/builder/validators 0" duration=0.000018 method=GET path=/relay/v1/builder/validators service=relay/api status=0 version=6fc57d1-dev
time="2024-12-06T21:02:06Z" level=info msg="http: GET /relay/v1/builder/validators 0" duration=0.000052 method=GET path=/relay/v1/builder/validators service=relay/api status=0 version=6fc57d1-dev
time="2024-12-06T21:02:07Z" level=info msg="payload attributes received for slot: 9" service=relay/api version=6fc57d1-dev
time="2024-12-06T21:02:07Z" level=info msg="updated payload attributes" headSlot=7 payloadAttrParent=0x5974b6627a8ab59ae1c1a9f7e612c502a3ce034c48415125d7a54be4fc688539 payloadAttrSlot=9 randao=0x91051f08fca62e1c0eee6d71aa0abb83b71553bb7493ae1899f4ac5711b9d54f service=relay/api timestamp=1733518929 version=6fc57d1-dev withdrawalsRoot=0x792930bbd5baac43bcc798ee49aa8185ef76bb3b44ba62b91d86ae569e4bb535
time="2024-12-06T21:02:07Z" level=info msg="updated headSlot to 8" epoch=0 service=relay/api slotHead=8 slotStartNextEpoch=32 version=6fc57d1-dev
time="2024-12-06T21:02:07Z" level=debug msg="RefreshKnownValidators init" datastoreMethod=RefreshKnownValidators headSlot=8 headSlotPos=9 lastUpdateSlot=0 service=relay/api version=6fc57d1-dev
time="2024-12-06T21:02:07Z" level=info msg="proposer duties updated: " service=relay/api version=6fc57d1-dev
time="2024-12-06T21:02:07Z" level=debug msg="Updating builder cache with 0 builders from database" service=relay/api version=6fc57d1-dev
time="2024-12-06T21:02:07Z" level=info msg="payload attributes received for slot: 9" service=relay/api version=6fc57d1-dev
time="2024-12-06T21:02:07Z" level=info msg="updated payload attributes" headSlot=8 payloadAttrParent=0x53b32c12480b18ad8ad20adc737b5d08e321bd0ca451ff5b5849282c70f85748 payloadAttrSlot=9 randao=0x17358f01961be2251ff799fd742f7627890d90e6bc42ef4007e257dab68dfb7b service=relay/api timestamp=1733518929 version=6fc57d1-dev withdrawalsRoot=0x792930bbd5baac43bcc798ee49aa8185ef76bb3b44ba62b91d86ae569e4bb535
time="2024-12-06T21:02:07Z" level=info msg="http: GET /relay/v1/builder/validators 0" duration=0.000049 method=GET path=/relay/v1/builder/validators service=relay/api status=0 version=6fc57d1-dev
time="2024-12-06T21:02:09Z" level=info msg="payload attributes received for slot: 10" service=relay/api version=6fc57d1-dev
time="2024-12-06T21:02:09Z" level=info msg="updated payload attributes" headSlot=8 payloadAttrParent=0x53b32c12480b18ad8ad20adc737b5d08e321bd0ca451ff5b5849282c70f85748 payloadAttrSlot=10 randao=0x17358f01961be2251ff799fd742f7627890d90e6bc42ef4007e257dab68dfb7b service=relay/api timestamp=1733518931 version=6fc57d1-dev withdrawalsRoot=0x792930bbd5baac43bcc798ee49aa8185ef76bb3b44ba62b91d86ae569e4bb535
time="2024-12-06T21:02:09Z" level=info msg="updated headSlot to 9" epoch=0 service=relay/api slotHead=9 slotStartNextEpoch=32 version=6fc57d1-dev
time="2024-12-06T21:02:09Z" level=debug msg="RefreshKnownValidators init" datastoreMethod=RefreshKnownValidators headSlot=9 headSlotPos=10 lastUpdateSlot=0 service=relay/api version=6fc57d1-dev
time="2024-12-06T21:02:09Z" level=debug msg="Updating builder cache with 0 builders from database" service=relay/api version=6fc57d1-dev
time="2024-12-06T21:02:09Z" level=info msg="payload attributes received for slot: 10" service=relay/api version=6fc57d1-dev
time="2024-12-06T21:02:09Z" level=info msg="updated payload attributes" headSlot=9 payloadAttrParent=0x2d1fd34562fd2d78b1f36f86db4d8302eeb6a0238bd95a435c26f535ca252954 payloadAttrSlot=10 randao=0x36191f0bba5c8e27e250c8cf632bd7e49747371e7ca2a8e7866a98ce7902d682 service=relay/api timestamp=1733518931 version=6fc57d1-dev withdrawalsRoot=0x792930bbd5baac43bcc798ee49aa8185ef76bb3b44ba62b91d86ae569e4bb535
time="2024-12-06T21:02:11Z" level=info msg="payload attributes received for slot: 11" service=relay/api version=6fc57d1-dev
time="2024-12-06T21:02:11Z" level=info msg="updated payload attributes" headSlot=9 payloadAttrParent=0x2d1fd34562fd2d78b1f36f86db4d8302eeb6a0238bd95a435c26f535ca252954 payloadAttrSlot=11 randao=0x36191f0bba5c8e27e250c8cf632bd7e49747371e7ca2a8e7866a98ce7902d682 service=relay/api timestamp=1733518933 version=6fc57d1-dev withdrawalsRoot=0x792930bbd5baac43bcc798ee49aa8185ef76bb3b44ba62b91d86ae569e4bb535
time="2024-12-06T21:02:11Z" level=info msg="updated headSlot to 10" epoch=0 service=relay/api slotHead=10 slotStartNextEpoch=32 version=6fc57d1-dev
time="2024-12-06T21:02:11Z" level=debug msg="RefreshKnownValidators init" datastoreMethod=RefreshKnownValidators headSlot=10 headSlotPos=11 lastUpdateSlot=0 service=relay/api version=6fc57d1-dev
time="2024-12-06T21:02:11Z" level=debug msg="Updating builder cache with 0 builders from database" service=relay/api version=6fc57d1-dev
time="2024-12-06T21:02:11Z" level=info msg="payload attributes received for slot: 11" service=relay/api version=6fc57d1-dev
time="2024-12-06T21:02:11Z" level=info msg="updated payload attributes" headSlot=10 payloadAttrParent=0x4c8549ab266915dd78286efdfa63b17df861bbceaf38bcb708020dc5575182cb payloadAttrSlot=11 randao=0x497839a2a5dbfae489fbeac9e331040dd6d6124d7071112f1c013e92c43b12de service=relay/api timestamp=1733518933 version=6fc57d1-dev withdrawalsRoot=0x792930bbd5baac43bcc798ee49aa8185ef76bb3b44ba62b91d86ae569e4bb535
time="2024-12-06T21:02:13Z" level=info msg="payload attributes received for slot: 12" service=relay/api version=6fc57d1-dev
time="2024-12-06T21:02:13Z" level=info msg="updated payload attributes" headSlot=10 payloadAttrParent=0x4c8549ab266915dd78286efdfa63b17df861bbceaf38bcb708020dc5575182cb payloadAttrSlot=12 randao=0x497839a2a5dbfae489fbeac9e331040dd6d6124d7071112f1c013e92c43b12de service=relay/api timestamp=1733518935 version=6fc57d1-dev withdrawalsRoot=0x792930bbd5baac43bcc798ee49aa8185ef76bb3b44ba62b91d86ae569e4bb535
time="2024-12-06T21:02:13Z" level=info msg="updated headSlot to 11" epoch=0 service=relay/api slotHead=11 slotStartNextEpoch=32 version=6fc57d1-dev
time="2024-12-06T21:02:13Z" level=debug msg="RefreshKnownValidators init" datastoreMethod=RefreshKnownValidators headSlot=11 headSlotPos=12 lastUpdateSlot=0 service=relay/api version=6fc57d1-dev
time="2024-12-06T21:02:13Z" level=debug msg="Updating builder cache with 0 builders from database" service=relay/api version=6fc57d1-dev
time="2024-12-06T21:02:13Z" level=info msg="payload attributes received for slot: 12" service=relay/api version=6fc57d1-dev
time="2024-12-06T21:02:13Z" level=info msg="updated payload attributes" headSlot=11 payloadAttrParent=0x1a50564875328a8d628010566a49b24de90926b3a724ebbcc0d950c97b6ac48d payloadAttrSlot=12 randao=0xd48e0097d1310fc197dbf8808da8afb90acddf99a610552593c6341d49225f6d service=relay/api timestamp=1733518935 version=6fc57d1-dev withdrawalsRoot=0x792930bbd5baac43bcc798ee49aa8185ef76bb3b44ba62b91d86ae569e4bb535
time="2024-12-06T21:02:15Z" level=info msg="payload attributes received for slot: 13" service=relay/api version=6fc57d1-dev
time="2024-12-06T21:02:15Z" level=info msg="updated payload attributes" headSlot=11 payloadAttrParent=0x1a50564875328a8d628010566a49b24de90926b3a724ebbcc0d950c97b6ac48d payloadAttrSlot=13 randao=0xd48e0097d1310fc197dbf8808da8afb90acddf99a610552593c6341d49225f6d service=relay/api timestamp=1733518937 version=6fc57d1-dev withdrawalsRoot=0x792930bbd5baac43bcc798ee49aa8185ef76bb3b44ba62b91d86ae569e4bb535
time="2024-12-06T21:02:15Z" level=debug msg="getHeader request received" headSlot=11 method=getHeader mevBoostV=v1.8.1 msIntoSlot=94 parentHash=0x1a50564875328a8d628010566a49b24de90926b3a724ebbcc0d950c97b6ac48d pubkey=0x81b676591b823270a3284ace7d81cbce2d6cdce55bb0e053874d7e3a08f729453009d3e662ec3130379f43c0f3210b6d requestTimestamp=1733518935 service=relay/api slot=12 slotStartSec=1733518935 ua="mev-boost/v1.8.1 Lighthouse/v5.3.0-2e0eb6d" version=6fc57d1-dev
time="2024-12-06T21:02:15Z" level=error msg="bid was empty, skipping PROF augmentation" error="<nil>" headSlot=11 method=getHeader mevBoostV=v1.8.1 msIntoSlot=94 parentHash=0x1a50564875328a8d628010566a49b24de90926b3a724ebbcc0d950c97b6ac48d pubkey=0x81b676591b823270a3284ace7d81cbce2d6cdce55bb0e053874d7e3a08f729453009d3e662ec3130379f43c0f3210b6d requestTimestamp=1733518935 service=relay/api slot=12 slotStartSec=1733518935 ua="mev-boost/v1.8.1 Lighthouse/v5.3.0-2e0eb6d" version=6fc57d1-dev
time="2024-12-06T21:02:15Z" level=info msg="http: GET /eth/v1/builder/header/12/0x1a50564875328a8d628010566a49b24de90926b3a724ebbcc0d950c97b6ac48d/0x81b676591b823270a3284ace7d81cbce2d6cdce55bb0e053874d7e3a08f729453009d3e662ec3130379f43c0f3210b6d 204" duration=0.001012 method=GET path=/eth/v1/builder/header/12/0x1a50564875328a8d628010566a49b24de90926b3a724ebbcc0d950c97b6ac48d/0x81b676591b823270a3284ace7d81cbce2d6cdce55bb0e053874d7e3a08f729453009d3e662ec3130379f43c0f3210b6d service=relay/api status=204 version=6fc57d1-dev
time="2024-12-06T21:02:15Z" level=info msg="updated headSlot to 12" epoch=0 service=relay/api slotHead=12 slotStartNextEpoch=32 version=6fc57d1-dev
time="2024-12-06T21:02:15Z" level=debug msg="RefreshKnownValidators init" datastoreMethod=RefreshKnownValidators headSlot=12 headSlotPos=13 lastUpdateSlot=0 service=relay/api version=6fc57d1-dev
time="2024-12-06T21:02:15Z" level=info msg="payload attributes received for slot: 13" service=relay/api version=6fc57d1-dev
time="2024-12-06T21:02:15Z" level=info msg="updated payload attributes" headSlot=12 payloadAttrParent=0x59c97ed840276da3b65b5d942ff28710258417deb1b709b84385ab914b1e5263 payloadAttrSlot=13 randao=0x8cb8c3da25864ad67473da7416b5493fe80c9329576bc6ed407d8e98387f3273 service=relay/api timestamp=1733518937 version=6fc57d1-dev withdrawalsRoot=0x792930bbd5baac43bcc798ee49aa8185ef76bb3b44ba62b91d86ae569e4bb535
time="2024-12-06T21:02:15Z" level=debug msg="Updating builder cache with 0 builders from database" service=relay/api version=6fc57d1-dev
time="2024-12-06T21:02:17Z" level=info msg="payload attributes received for slot: 14" service=relay/api version=6fc57d1-dev
time="2024-12-06T21:02:17Z" level=info msg="updated payload attributes" headSlot=12 payloadAttrParent=0x59c97ed840276da3b65b5d942ff28710258417deb1b709b84385ab914b1e5263 payloadAttrSlot=14 randao=0x8cb8c3da25864ad67473da7416b5493fe80c9329576bc6ed407d8e98387f3273 service=relay/api timestamp=1733518939 version=6fc57d1-dev withdrawalsRoot=0x792930bbd5baac43bcc798ee49aa8185ef76bb3b44ba62b91d86ae569e4bb535
time="2024-12-06T21:02:17Z" level=debug msg="getHeader request received" headSlot=12 method=getHeader mevBoostV=v1.8.1 msIntoSlot=91 parentHash=0x59c97ed840276da3b65b5d942ff28710258417deb1b709b84385ab914b1e5263 pubkey=0x8d8985e5dd341c9035b37bf7391c5944c28131b47c7d5359d18fca598010ba9a63e27c55e6b421a807038c320564db17 requestTimestamp=1733518937 service=relay/api slot=13 slotStartSec=1733518937 ua="mev-boost/v1.8.1 Lighthouse/v5.3.0-2e0eb6d" version=6fc57d1-dev
time="2024-12-06T21:02:17Z" level=error msg="bid was empty, skipping PROF augmentation" error="<nil>" headSlot=12 method=getHeader mevBoostV=v1.8.1 msIntoSlot=91 parentHash=0x59c97ed840276da3b65b5d942ff28710258417deb1b709b84385ab914b1e5263 pubkey=0x8d8985e5dd341c9035b37bf7391c5944c28131b47c7d5359d18fca598010ba9a63e27c55e6b421a807038c320564db17 requestTimestamp=1733518937 service=relay/api slot=13 slotStartSec=1733518937 ua="mev-boost/v1.8.1 Lighthouse/v5.3.0-2e0eb6d" version=6fc57d1-dev
time="2024-12-06T21:02:17Z" level=info msg="http: GET /eth/v1/builder/header/13/0x59c97ed840276da3b65b5d942ff28710258417deb1b709b84385ab914b1e5263/0x8d8985e5dd341c9035b37bf7391c5944c28131b47c7d5359d18fca598010ba9a63e27c55e6b421a807038c320564db17 204" duration=0.000732 method=GET path=/eth/v1/builder/header/13/0x59c97ed840276da3b65b5d942ff28710258417deb1b709b84385ab914b1e5263/0x8d8985e5dd341c9035b37bf7391c5944c28131b47c7d5359d18fca598010ba9a63e27c55e6b421a807038c320564db17 service=relay/api status=204 version=6fc57d1-dev
time="2024-12-06T21:02:17Z" level=info msg="updated headSlot to 13" epoch=0 service=relay/api slotHead=13 slotStartNextEpoch=32 version=6fc57d1-dev
time="2024-12-06T21:02:17Z" level=debug msg="RefreshKnownValidators init" datastoreMethod=RefreshKnownValidators headSlot=13 headSlotPos=14 lastUpdateSlot=0 service=relay/api version=6fc57d1-dev
time="2024-12-06T21:02:17Z" level=debug msg="Updating builder cache with 0 builders from database" service=relay/api version=6fc57d1-dev
time="2024-12-06T21:02:17Z" level=info msg="payload attributes received for slot: 14" service=relay/api version=6fc57d1-dev
time="2024-12-06T21:02:17Z" level=info msg="updated payload attributes" headSlot=13 payloadAttrParent=0x83a98013692d2e6dbee8144e8622a6bbb6ced07b4cddfec979f44286fede0777 payloadAttrSlot=14 randao=0x899c7f26d484b6eabdfe785e04b74fac3624755e5369d69d53f1f45e79cafcc2 service=relay/api timestamp=1733518939 version=6fc57d1-dev withdrawalsRoot=0x792930bbd5baac43bcc798ee49aa8185ef76bb3b44ba62b91d86ae569e4bb535
time="2024-12-06T21:02:19Z" level=info msg="payload attributes received for slot: 15" service=relay/api version=6fc57d1-dev
time="2024-12-06T21:02:19Z" level=info msg="updated payload attributes" headSlot=13 payloadAttrParent=0x83a98013692d2e6dbee8144e8622a6bbb6ced07b4cddfec979f44286fede0777 payloadAttrSlot=15 randao=0x899c7f26d484b6eabdfe785e04b74fac3624755e5369d69d53f1f45e79cafcc2 service=relay/api timestamp=1733518941 version=6fc57d1-dev withdrawalsRoot=0x792930bbd5baac43bcc798ee49aa8185ef76bb3b44ba62b91d86ae569e4bb535
time="2024-12-06T21:02:19Z" level=debug msg="getHeader request received" headSlot=13 method=getHeader mevBoostV=v1.8.1 msIntoSlot=86 parentHash=0x83a98013692d2e6dbee8144e8622a6bbb6ced07b4cddfec979f44286fede0777 pubkey=0x86e014747c7922ccfc2b9d4bf6c1ecf0dc800197037858d0b85ab1944b4c3c14b95e0ed325bc42a6f467bc47ec27bc7b requestTimestamp=1733518939 service=relay/api slot=14 slotStartSec=1733518939 ua="mev-boost/v1.8.1 Lighthouse/v5.3.0-2e0eb6d" version=6fc57d1-dev
time="2024-12-06T21:02:19Z" level=error msg="bid was empty, skipping PROF augmentation" error="<nil>" headSlot=13 method=getHeader mevBoostV=v1.8.1 msIntoSlot=86 parentHash=0x83a98013692d2e6dbee8144e8622a6bbb6ced07b4cddfec979f44286fede0777 pubkey=0x86e014747c7922ccfc2b9d4bf6c1ecf0dc800197037858d0b85ab1944b4c3c14b95e0ed325bc42a6f467bc47ec27bc7b requestTimestamp=1733518939 service=relay/api slot=14 slotStartSec=1733518939 ua="mev-boost/v1.8.1 Lighthouse/v5.3.0-2e0eb6d" version=6fc57d1-dev
time="2024-12-06T21:02:19Z" level=info msg="http: GET /eth/v1/builder/header/14/0x83a98013692d2e6dbee8144e8622a6bbb6ced07b4cddfec979f44286fede0777/0x86e014747c7922ccfc2b9d4bf6c1ecf0dc800197037858d0b85ab1944b4c3c14b95e0ed325bc42a6f467bc47ec27bc7b 204" duration=0.000355 method=GET path=/eth/v1/builder/header/14/0x83a98013692d2e6dbee8144e8622a6bbb6ced07b4cddfec979f44286fede0777/0x86e014747c7922ccfc2b9d4bf6c1ecf0dc800197037858d0b85ab1944b4c3c14b95e0ed325bc42a6f467bc47ec27bc7b service=relay/api status=204 version=6fc57d1-dev
time="2024-12-06T21:02:19Z" level=info msg="updated headSlot to 14" epoch=0 service=relay/api slotHead=14 slotStartNextEpoch=32 version=6fc57d1-dev
time="2024-12-06T21:02:19Z" level=debug msg="RefreshKnownValidators init" datastoreMethod=RefreshKnownValidators headSlot=14 headSlotPos=15 lastUpdateSlot=0 service=relay/api version=6fc57d1-dev
time="2024-12-06T21:02:19Z" level=debug msg="Updating builder cache with 0 builders from database" service=relay/api version=6fc57d1-dev
time="2024-12-06T21:02:19Z" level=info msg="payload attributes received for slot: 15" service=relay/api version=6fc57d1-dev
time="2024-12-06T21:02:19Z" level=info msg="updated payload attributes" headSlot=14 payloadAttrParent=0x4daef5fc70f4f00c3a8479caddebe48fea42bcaca280c791ba278dda49d23e19 payloadAttrSlot=15 randao=0xfcef5f6f4a19fe3157a6d8aa89c75f0afa277902f3dffae9a364d9bc7af6fa91 service=relay/api timestamp=1733518941 version=6fc57d1-dev withdrawalsRoot=0x792930bbd5baac43bcc798ee49aa8185ef76bb3b44ba62b91d86ae569e4bb535
time="2024-12-06T21:02:21Z" level=info msg="payload attributes received for slot: 16" service=relay/api version=6fc57d1-dev
time="2024-12-06T21:02:21Z" level=info msg="updated payload attributes" headSlot=14 payloadAttrParent=0x4daef5fc70f4f00c3a8479caddebe48fea42bcaca280c791ba278dda49d23e19 payloadAttrSlot=16 randao=0xfcef5f6f4a19fe3157a6d8aa89c75f0afa277902f3dffae9a364d9bc7af6fa91 service=relay/api timestamp=1733518943 version=6fc57d1-dev withdrawalsRoot=0x792930bbd5baac43bcc798ee49aa8185ef76bb3b44ba62b91d86ae569e4bb535
time="2024-12-06T21:02:21Z" level=debug msg="getHeader request received" headSlot=14 method=getHeader mevBoostV=v1.8.1 msIntoSlot=86 parentHash=0x4daef5fc70f4f00c3a8479caddebe48fea42bcaca280c791ba278dda49d23e19 pubkey=0xb967afc934f2efd001a6901490e770602f80df9ec0eb3293490ed8c55e14d08f5bebb7bd183f485de29a8423d859a501 requestTimestamp=1733518941 service=relay/api slot=15 slotStartSec=1733518941 ua="mev-boost/v1.8.1 Lighthouse/v5.3.0-2e0eb6d" version=6fc57d1-dev
time="2024-12-06T21:02:21Z" level=error msg="bid was empty, skipping PROF augmentation" error="<nil>" headSlot=14 method=getHeader mevBoostV=v1.8.1 msIntoSlot=86 parentHash=0x4daef5fc70f4f00c3a8479caddebe48fea42bcaca280c791ba278dda49d23e19 pubkey=0xb967afc934f2efd001a6901490e770602f80df9ec0eb3293490ed8c55e14d08f5bebb7bd183f485de29a8423d859a501 requestTimestamp=1733518941 service=relay/api slot=15 slotStartSec=1733518941 ua="mev-boost/v1.8.1 Lighthouse/v5.3.0-2e0eb6d" version=6fc57d1-dev
time="2024-12-06T21:02:21Z" level=info msg="http: GET /eth/v1/builder/header/15/0x4daef5fc70f4f00c3a8479caddebe48fea42bcaca280c791ba278dda49d23e19/0xb967afc934f2efd001a6901490e770602f80df9ec0eb3293490ed8c55e14d08f5bebb7bd183f485de29a8423d859a501 204" duration=0.000266 method=GET path=/eth/v1/builder/header/15/0x4daef5fc70f4f00c3a8479caddebe48fea42bcaca280c791ba278dda49d23e19/0xb967afc934f2efd001a6901490e770602f80df9ec0eb3293490ed8c55e14d08f5bebb7bd183f485de29a8423d859a501 service=relay/api status=204 version=6fc57d1-dev
time="2024-12-06T21:02:21Z" level=info msg="updated headSlot to 15" epoch=0 service=relay/api slotHead=15 slotStartNextEpoch=32 version=6fc57d1-dev
time="2024-12-06T21:02:21Z" level=debug msg="RefreshKnownValidators init" datastoreMethod=RefreshKnownValidators headSlot=15 headSlotPos=16 lastUpdateSlot=0 service=relay/api version=6fc57d1-dev
time="2024-12-06T21:02:21Z" level=debug msg="Updating builder cache with 0 builders from database" service=relay/api version=6fc57d1-dev
time="2024-12-06T21:02:21Z" level=info msg="payload attributes received for slot: 16" service=relay/api version=6fc57d1-dev
time="2024-12-06T21:02:21Z" level=info msg="updated payload attributes" headSlot=15 payloadAttrParent=0x2ba069d952a3be07d97aa8a12daf7dea7bb02be60494fdeca0cc794395b15f26 payloadAttrSlot=16 randao=0x838e79c6559e8af23c0dfaac09dd8ce3bbb65c51ff0c4321390f7fe0c7cf3ecd service=relay/api timestamp=1733518943 version=6fc57d1-dev withdrawalsRoot=0x792930bbd5baac43bcc798ee49aa8185ef76bb3b44ba62b91d86ae569e4bb535
time="2024-12-06T21:02:23Z" level=info msg="payload attributes received for slot: 17" service=relay/api version=6fc57d1-dev
time="2024-12-06T21:02:23Z" level=info msg="updated payload attributes" headSlot=15 payloadAttrParent=0x2ba069d952a3be07d97aa8a12daf7dea7bb02be60494fdeca0cc794395b15f26 payloadAttrSlot=17 randao=0x838e79c6559e8af23c0dfaac09dd8ce3bbb65c51ff0c4321390f7fe0c7cf3ecd service=relay/api timestamp=1733518945 version=6fc57d1-dev withdrawalsRoot=0x792930bbd5baac43bcc798ee49aa8185ef76bb3b44ba62b91d86ae569e4bb535
time="2024-12-06T21:02:23Z" level=debug msg="getHeader request received" headSlot=15 method=getHeader mevBoostV=v1.8.1 msIntoSlot=88 parentHash=0x2ba069d952a3be07d97aa8a12daf7dea7bb02be60494fdeca0cc794395b15f26 pubkey=0xa8494e9a4ca0b6fb595347fda04978eb76c0520b07b760ebce609c5051d6a7e2b01dc68f2b2eab6aca5a8fdbbdcd9346 requestTimestamp=1733518943 service=relay/api slot=16 slotStartSec=1733518943 ua="mev-boost/v1.8.1 Lighthouse/v5.3.0-2e0eb6d" version=6fc57d1-dev
time="2024-12-06T21:02:23Z" level=error msg="bid was empty, skipping PROF augmentation" error="<nil>" headSlot=15 method=getHeader mevBoostV=v1.8.1 msIntoSlot=88 parentHash=0x2ba069d952a3be07d97aa8a12daf7dea7bb02be60494fdeca0cc794395b15f26 pubkey=0xa8494e9a4ca0b6fb595347fda04978eb76c0520b07b760ebce609c5051d6a7e2b01dc68f2b2eab6aca5a8fdbbdcd9346 requestTimestamp=1733518943 service=relay/api slot=16 slotStartSec=1733518943 ua="mev-boost/v1.8.1 Lighthouse/v5.3.0-2e0eb6d" version=6fc57d1-dev
time="2024-12-06T21:02:23Z" level=info msg="http: GET /eth/v1/builder/header/16/0x2ba069d952a3be07d97aa8a12daf7dea7bb02be60494fdeca0cc794395b15f26/0xa8494e9a4ca0b6fb595347fda04978eb76c0520b07b760ebce609c5051d6a7e2b01dc68f2b2eab6aca5a8fdbbdcd9346 204" duration=0.000286 method=GET path=/eth/v1/builder/header/16/0x2ba069d952a3be07d97aa8a12daf7dea7bb02be60494fdeca0cc794395b15f26/0xa8494e9a4ca0b6fb595347fda04978eb76c0520b07b760ebce609c5051d6a7e2b01dc68f2b2eab6aca5a8fdbbdcd9346 service=relay/api status=204 version=6fc57d1-dev
time="2024-12-06T21:02:23Z" level=info msg="updated headSlot to 16" epoch=0 service=relay/api slotHead=16 slotStartNextEpoch=32 version=6fc57d1-dev
time="2024-12-06T21:02:23Z" level=debug msg="RefreshKnownValidators init" datastoreMethod=RefreshKnownValidators headSlot=16 headSlotPos=17 lastUpdateSlot=0 service=relay/api version=6fc57d1-dev
time="2024-12-06T21:02:23Z" level=info msg="proposer duties updated: " service=relay/api version=6fc57d1-dev
time="2024-12-06T21:02:23Z" level=debug msg="Updating builder cache with 0 builders from database" service=relay/api version=6fc57d1-dev
time="2024-12-06T21:02:23Z" level=info msg="payload attributes received for slot: 17" service=relay/api version=6fc57d1-dev
time="2024-12-06T21:02:23Z" level=info msg="updated payload attributes" headSlot=16 payloadAttrParent=0x84560d94bc056d9e51090446957f0746084d005d8eecd417ca550325758553bd payloadAttrSlot=17 randao=0xb152d66d1914d9725feb5f6dd229e3bd33a663d881366dd6a9ae66b9f7f01bb5 service=relay/api timestamp=1733518945 version=6fc57d1-dev withdrawalsRoot=0x792930bbd5baac43bcc798ee49aa8185ef76bb3b44ba62b91d86ae569e4bb535
time="2024-12-06T21:02:25Z" level=info msg="payload attributes received for slot: 18" service=relay/api version=6fc57d1-dev
time="2024-12-06T21:02:25Z" level=info msg="updated payload attributes" headSlot=16 payloadAttrParent=0x84560d94bc056d9e51090446957f0746084d005d8eecd417ca550325758553bd payloadAttrSlot=18 randao=0xb152d66d1914d9725feb5f6dd229e3bd33a663d881366dd6a9ae66b9f7f01bb5 service=relay/api timestamp=1733518947 version=6fc57d1-dev withdrawalsRoot=0x792930bbd5baac43bcc798ee49aa8185ef76bb3b44ba62b91d86ae569e4bb535
time="2024-12-06T21:02:25Z" level=debug msg="getHeader request received" headSlot=16 method=getHeader mevBoostV=v1.8.1 msIntoSlot=85 parentHash=0x84560d94bc056d9e51090446957f0746084d005d8eecd417ca550325758553bd pubkey=0xb6cd22959866607d91e13122bd34b050a7da426dad5e9779bcbb99e4a2e7bd5d18ce39f266bc61ef7524a2e2adfaf765 requestTimestamp=1733518945 service=relay/api slot=17 slotStartSec=1733518945 ua="mev-boost/v1.8.1 Lighthouse/v5.3.0-2e0eb6d" version=6fc57d1-dev
time="2024-12-06T21:02:25Z" level=error msg="bid was empty, skipping PROF augmentation" error="<nil>" headSlot=16 method=getHeader mevBoostV=v1.8.1 msIntoSlot=85 parentHash=0x84560d94bc056d9e51090446957f0746084d005d8eecd417ca550325758553bd pubkey=0xb6cd22959866607d91e13122bd34b050a7da426dad5e9779bcbb99e4a2e7bd5d18ce39f266bc61ef7524a2e2adfaf765 requestTimestamp=1733518945 service=relay/api slot=17 slotStartSec=1733518945 ua="mev-boost/v1.8.1 Lighthouse/v5.3.0-2e0eb6d" version=6fc57d1-dev
time="2024-12-06T21:02:25Z" level=info msg="http: GET /eth/v1/builder/header/17/0x84560d94bc056d9e51090446957f0746084d005d8eecd417ca550325758553bd/0xb6cd22959866607d91e13122bd34b050a7da426dad5e9779bcbb99e4a2e7bd5d18ce39f266bc61ef7524a2e2adfaf765 204" duration=0.000271 method=GET path=/eth/v1/builder/header/17/0x84560d94bc056d9e51090446957f0746084d005d8eecd417ca550325758553bd/0xb6cd22959866607d91e13122bd34b050a7da426dad5e9779bcbb99e4a2e7bd5d18ce39f266bc61ef7524a2e2adfaf765 service=relay/api status=204 version=6fc57d1-dev
time="2024-12-06T21:02:25Z" level=info msg="updated headSlot to 17" epoch=0 service=relay/api slotHead=17 slotStartNextEpoch=32 version=6fc57d1-dev
time="2024-12-06T21:02:25Z" level=debug msg="RefreshKnownValidators init" datastoreMethod=RefreshKnownValidators headSlot=17 headSlotPos=18 lastUpdateSlot=0 service=relay/api version=6fc57d1-dev
time="2024-12-06T21:02:25Z" level=debug msg="Updating builder cache with 0 builders from database" service=relay/api version=6fc57d1-dev
time="2024-12-06T21:02:25Z" level=info msg="payload attributes received for slot: 18" service=relay/api version=6fc57d1-dev
time="2024-12-06T21:02:25Z" level=info msg="updated payload attributes" headSlot=17 payloadAttrParent=0x57ff198b168086efe6662f1e1fdc5271a1899efd0ce51e7b697a2e3074ed8b18 payloadAttrSlot=18 randao=0x65c85eddff33e706d4c653b579a766488e1a99a9f4e6e709511bd9da972196f3 service=relay/api timestamp=1733518947 version=6fc57d1-dev withdrawalsRoot=0x792930bbd5baac43bcc798ee49aa8185ef76bb3b44ba62b91d86ae569e4bb535
time="2024-12-06T21:02:27Z" level=info msg="payload attributes received for slot: 19" service=relay/api version=6fc57d1-dev
time="2024-12-06T21:02:27Z" level=info msg="updated payload attributes" headSlot=17 payloadAttrParent=0x57ff198b168086efe6662f1e1fdc5271a1899efd0ce51e7b697a2e3074ed8b18 payloadAttrSlot=19 randao=0x65c85eddff33e706d4c653b579a766488e1a99a9f4e6e709511bd9da972196f3 service=relay/api timestamp=1733518949 version=6fc57d1-dev withdrawalsRoot=0x792930bbd5baac43bcc798ee49aa8185ef76bb3b44ba62b91d86ae569e4bb535
time="2024-12-06T21:02:27Z" level=debug msg="getHeader request received" headSlot=17 method=getHeader mevBoostV=v1.8.1 msIntoSlot=86 parentHash=0x57ff198b168086efe6662f1e1fdc5271a1899efd0ce51e7b697a2e3074ed8b18 pubkey=0x81ea9f74ef7d935b807474e38954ae3934856219a23e074954b2e860c5a3c400f9aedb42cd27cb4ceb697ca36d1e58cb requestTimestamp=1733518947 service=relay/api slot=18 slotStartSec=1733518947 ua="mev-boost/v1.8.1 Lighthouse/v5.3.0-2e0eb6d" version=6fc57d1-dev
time="2024-12-06T21:02:27Z" level=error msg="bid was empty, skipping PROF augmentation" error="<nil>" headSlot=17 method=getHeader mevBoostV=v1.8.1 msIntoSlot=86 parentHash=0x57ff198b168086efe6662f1e1fdc5271a1899efd0ce51e7b697a2e3074ed8b18 pubkey=0x81ea9f74ef7d935b807474e38954ae3934856219a23e074954b2e860c5a3c400f9aedb42cd27cb4ceb697ca36d1e58cb requestTimestamp=1733518947 service=relay/api slot=18 slotStartSec=1733518947 ua="mev-boost/v1.8.1 Lighthouse/v5.3.0-2e0eb6d" version=6fc57d1-dev
time="2024-12-06T21:02:27Z" level=info msg="http: GET /eth/v1/builder/header/18/0x57ff198b168086efe6662f1e1fdc5271a1899efd0ce51e7b697a2e3074ed8b18/0x81ea9f74ef7d935b807474e38954ae3934856219a23e074954b2e860c5a3c400f9aedb42cd27cb4ceb697ca36d1e58cb 204" duration=0.000447 method=GET path=/eth/v1/builder/header/18/0x57ff198b168086efe6662f1e1fdc5271a1899efd0ce51e7b697a2e3074ed8b18/0x81ea9f74ef7d935b807474e38954ae3934856219a23e074954b2e860c5a3c400f9aedb42cd27cb4ceb697ca36d1e58cb service=relay/api status=204 version=6fc57d1-dev
time="2024-12-06T21:02:27Z" level=info msg="updated headSlot to 18" epoch=0 service=relay/api slotHead=18 slotStartNextEpoch=32 version=6fc57d1-dev
time="2024-12-06T21:02:27Z" level=debug msg="RefreshKnownValidators init" datastoreMethod=RefreshKnownValidators headSlot=18 headSlotPos=19 lastUpdateSlot=0 service=relay/api version=6fc57d1-dev
time="2024-12-06T21:02:27Z" level=debug msg="Updating builder cache with 0 builders from database" service=relay/api version=6fc57d1-dev
time="2024-12-06T21:02:27Z" level=info msg="payload attributes received for slot: 19" service=relay/api version=6fc57d1-dev
time="2024-12-06T21:02:27Z" level=info msg="updated payload attributes" headSlot=18 payloadAttrParent=0xe970ef73d5bcab302ef106f2dd50e048f3a6c1e76b5e0e23dfcb7aa1386ba5d8 payloadAttrSlot=19 randao=0xdfdbe9991528bdf8cc3d8a5782a4fa0582c692cad01c17c2934b61d2c773456c service=relay/api timestamp=1733518949 version=6fc57d1-dev withdrawalsRoot=0x792930bbd5baac43bcc798ee49aa8185ef76bb3b44ba62b91d86ae569e4bb535
time="2024-12-06T21:02:29Z" level=info msg="payload attributes received for slot: 20" service=relay/api version=6fc57d1-dev
time="2024-12-06T21:02:29Z" level=info msg="updated payload attributes" headSlot=18 payloadAttrParent=0xe970ef73d5bcab302ef106f2dd50e048f3a6c1e76b5e0e23dfcb7aa1386ba5d8 payloadAttrSlot=20 randao=0xdfdbe9991528bdf8cc3d8a5782a4fa0582c692cad01c17c2934b61d2c773456c service=relay/api timestamp=1733518951 version=6fc57d1-dev withdrawalsRoot=0x792930bbd5baac43bcc798ee49aa8185ef76bb3b44ba62b91d86ae569e4bb535
time="2024-12-06T21:02:29Z" level=debug msg="getHeader request received" headSlot=18 method=getHeader mevBoostV=v1.8.1 msIntoSlot=87 parentHash=0xe970ef73d5bcab302ef106f2dd50e048f3a6c1e76b5e0e23dfcb7aa1386ba5d8 pubkey=0xac30aacd9e91cb0727c34ca6b40fbfd4d255b998471e25c443cf6cf777d6bb823a58e162958f32c3c5ca80453387a5d2 requestTimestamp=1733518949 service=relay/api slot=19 slotStartSec=1733518949 ua="mev-boost/v1.8.1 Lighthouse/v5.3.0-2e0eb6d" version=6fc57d1-dev
time="2024-12-06T21:02:29Z" level=error msg="bid was empty, skipping PROF augmentation" error="<nil>" headSlot=18 method=getHeader mevBoostV=v1.8.1 msIntoSlot=87 parentHash=0xe970ef73d5bcab302ef106f2dd50e048f3a6c1e76b5e0e23dfcb7aa1386ba5d8 pubkey=0xac30aacd9e91cb0727c34ca6b40fbfd4d255b998471e25c443cf6cf777d6bb823a58e162958f32c3c5ca80453387a5d2 requestTimestamp=1733518949 service=relay/api slot=19 slotStartSec=1733518949 ua="mev-boost/v1.8.1 Lighthouse/v5.3.0-2e0eb6d" version=6fc57d1-dev
time="2024-12-06T21:02:29Z" level=info msg="http: GET /eth/v1/builder/header/19/0xe970ef73d5bcab302ef106f2dd50e048f3a6c1e76b5e0e23dfcb7aa1386ba5d8/0xac30aacd9e91cb0727c34ca6b40fbfd4d255b998471e25c443cf6cf777d6bb823a58e162958f32c3c5ca80453387a5d2 204" duration=0.000277 method=GET path=/eth/v1/builder/header/19/0xe970ef73d5bcab302ef106f2dd50e048f3a6c1e76b5e0e23dfcb7aa1386ba5d8/0xac30aacd9e91cb0727c34ca6b40fbfd4d255b998471e25c443cf6cf777d6bb823a58e162958f32c3c5ca80453387a5d2 service=relay/api status=204 version=6fc57d1-dev
time="2024-12-06T21:02:29Z" level=info msg="updated headSlot to 19" epoch=0 service=relay/api slotHead=19 slotStartNextEpoch=32 version=6fc57d1-dev
time="2024-12-06T21:02:29Z" level=debug msg="RefreshKnownValidators init" datastoreMethod=RefreshKnownValidators headSlot=19 headSlotPos=20 lastUpdateSlot=0 service=relay/api version=6fc57d1-dev
time="2024-12-06T21:02:29Z" level=info msg="Querying validators from beacon node... (this may take a while)" datastoreMethod=RefreshKnownValidators headSlot=19 headSlotPos=20 lastUpdateSlot=0 service=relay/api version=6fc57d1-dev
time="2024-12-06T21:02:29Z" level=debug msg="fetching validators" component=beaconClient service=relay/api uri="http://172.16.4.16:4000" version=6fc57d1-dev
time="2024-12-06T21:02:29Z" level=debug msg="Updating builder cache with 0 builders from database" service=relay/api version=6fc57d1-dev
time="2024-12-06T21:02:29Z" level=info msg="payload attributes received for slot: 20" service=relay/api version=6fc57d1-dev
time="2024-12-06T21:02:29Z" level=info msg="updated payload attributes" headSlot=19 payloadAttrParent=0xed92c86dd5e83101712a66c9f091e64804a10805fe1738709ba1efcd48fd2a6e payloadAttrSlot=20 randao=0xbf9492f66b2e965c5f6190cbedd29372c75f88f38a3e19047304354b78ed3c10 service=relay/api timestamp=1733518951 version=6fc57d1-dev withdrawalsRoot=0x792930bbd5baac43bcc798ee49aa8185ef76bb3b44ba62b91d86ae569e4bb535
time="2024-12-06T21:02:29Z" level=info msg="received known validators from beacon-node" datastoreMethod=RefreshKnownValidators durationFetchValidatorsMs=12 headSlot=19 headSlotPos=20 lastUpdateSlot=0 numKnownValidators=128 service=relay/api version=6fc57d1-dev
time="2024-12-06T21:02:29Z" level=info msg="known validators updated" datastoreMethod=RefreshKnownValidators durationFetchValidatorsMs=12 headSlot=19 headSlotPos=20 lastUpdateSlot=0 numKnownValidators=128 service=relay/api version=6fc57d1-dev
time="2024-12-06T21:02:31Z" level=info msg="payload attributes received for slot: 21" service=relay/api version=6fc57d1-dev
time="2024-12-06T21:02:31Z" level=info msg="updated payload attributes" headSlot=19 payloadAttrParent=0xed92c86dd5e83101712a66c9f091e64804a10805fe1738709ba1efcd48fd2a6e payloadAttrSlot=21 randao=0xbf9492f66b2e965c5f6190cbedd29372c75f88f38a3e19047304354b78ed3c10 service=relay/api timestamp=1733518953 version=6fc57d1-dev withdrawalsRoot=0x792930bbd5baac43bcc798ee49aa8185ef76bb3b44ba62b91d86ae569e4bb535
time="2024-12-06T21:02:31Z" level=debug msg="getHeader request received" headSlot=19 method=getHeader mevBoostV=v1.8.1 msIntoSlot=87 parentHash=0xed92c86dd5e83101712a66c9f091e64804a10805fe1738709ba1efcd48fd2a6e pubkey=0x95833097520df43a5cb013e97f80041a7a0b7d84a4ec79e2f16baeeb6edfbcf62ede97becfde73883831bb65e1415dc0 requestTimestamp=1733518951 service=relay/api slot=20 slotStartSec=1733518951 ua="mev-boost/v1.8.1 Lighthouse/v5.3.0-2e0eb6d" version=6fc57d1-dev
time="2024-12-06T21:02:31Z" level=error msg="bid was empty, skipping PROF augmentation" error="<nil>" headSlot=19 method=getHeader mevBoostV=v1.8.1 msIntoSlot=87 parentHash=0xed92c86dd5e83101712a66c9f091e64804a10805fe1738709ba1efcd48fd2a6e pubkey=0x95833097520df43a5cb013e97f80041a7a0b7d84a4ec79e2f16baeeb6edfbcf62ede97becfde73883831bb65e1415dc0 requestTimestamp=1733518951 service=relay/api slot=20 slotStartSec=1733518951 ua="mev-boost/v1.8.1 Lighthouse/v5.3.0-2e0eb6d" version=6fc57d1-dev
time="2024-12-06T21:02:31Z" level=info msg="http: GET /eth/v1/builder/header/20/0xed92c86dd5e83101712a66c9f091e64804a10805fe1738709ba1efcd48fd2a6e/0x95833097520df43a5cb013e97f80041a7a0b7d84a4ec79e2f16baeeb6edfbcf62ede97becfde73883831bb65e1415dc0 204" duration=0.000330 method=GET path=/eth/v1/builder/header/20/0xed92c86dd5e83101712a66c9f091e64804a10805fe1738709ba1efcd48fd2a6e/0x95833097520df43a5cb013e97f80041a7a0b7d84a4ec79e2f16baeeb6edfbcf62ede97becfde73883831bb65e1415dc0 service=relay/api status=204 version=6fc57d1-dev
time="2024-12-06T21:02:31Z" level=info msg="updated headSlot to 20" epoch=0 service=relay/api slotHead=20 slotStartNextEpoch=32 version=6fc57d1-dev
time="2024-12-06T21:02:31Z" level=debug msg="Updating builder cache with 0 builders from database" service=relay/api version=6fc57d1-dev
time="2024-12-06T21:02:31Z" level=info msg="payload attributes received for slot: 21" service=relay/api version=6fc57d1-dev
time="2024-12-06T21:02:31Z" level=info msg="updated payload attributes" headSlot=20 payloadAttrParent=0x5d9252932796dc40c592befa118a29866ddabbfab8122ce6e4b9cc04a0e25439 payloadAttrSlot=21 randao=0x40a9a8b242d26659f05c78c42f5e13d2f603bed03b1c5fe5e210ff553e33562e service=relay/api timestamp=1733518953 version=6fc57d1-dev withdrawalsRoot=0x792930bbd5baac43bcc798ee49aa8185ef76bb3b44ba62b91d86ae569e4bb535
time="2024-12-06T21:02:33Z" level=info msg="payload attributes received for slot: 22" service=relay/api version=6fc57d1-dev
time="2024-12-06T21:02:33Z" level=info msg="updated payload attributes" headSlot=20 payloadAttrParent=0x5d9252932796dc40c592befa118a29866ddabbfab8122ce6e4b9cc04a0e25439 payloadAttrSlot=22 randao=0x40a9a8b242d26659f05c78c42f5e13d2f603bed03b1c5fe5e210ff553e33562e service=relay/api timestamp=1733518955 version=6fc57d1-dev withdrawalsRoot=0x792930bbd5baac43bcc798ee49aa8185ef76bb3b44ba62b91d86ae569e4bb535
time="2024-12-06T21:02:33Z" level=debug msg="getHeader request received" headSlot=20 method=getHeader mevBoostV=v1.8.1 msIntoSlot=86 parentHash=0x5d9252932796dc40c592befa118a29866ddabbfab8122ce6e4b9cc04a0e25439 pubkey=0xa1584dfe1573df8ec88c7b74d76726b4821bfe84bf886dd3c0e3f74c2ea18aa62ca44c871fb1c63971fccf6937e6501f requestTimestamp=1733518953 service=relay/api slot=21 slotStartSec=1733518953 ua="mev-boost/v1.8.1 Lighthouse/v5.3.0-2e0eb6d" version=6fc57d1-dev
time="2024-12-06T21:02:33Z" level=error msg="bid was empty, skipping PROF augmentation" error="<nil>" headSlot=20 method=getHeader mevBoostV=v1.8.1 msIntoSlot=86 parentHash=0x5d9252932796dc40c592befa118a29866ddabbfab8122ce6e4b9cc04a0e25439 pubkey=0xa1584dfe1573df8ec88c7b74d76726b4821bfe84bf886dd3c0e3f74c2ea18aa62ca44c871fb1c63971fccf6937e6501f requestTimestamp=1733518953 service=relay/api slot=21 slotStartSec=1733518953 ua="mev-boost/v1.8.1 Lighthouse/v5.3.0-2e0eb6d" version=6fc57d1-dev
time="2024-12-06T21:02:33Z" level=info msg="http: GET /eth/v1/builder/header/21/0x5d9252932796dc40c592befa118a29866ddabbfab8122ce6e4b9cc04a0e25439/0xa1584dfe1573df8ec88c7b74d76726b4821bfe84bf886dd3c0e3f74c2ea18aa62ca44c871fb1c63971fccf6937e6501f 204" duration=0.000893 method=GET path=/eth/v1/builder/header/21/0x5d9252932796dc40c592befa118a29866ddabbfab8122ce6e4b9cc04a0e25439/0xa1584dfe1573df8ec88c7b74d76726b4821bfe84bf886dd3c0e3f74c2ea18aa62ca44c871fb1c63971fccf6937e6501f service=relay/api status=204 version=6fc57d1-dev
time="2024-12-06T21:02:33Z" level=info msg="updated headSlot to 21" epoch=0 service=relay/api slotHead=21 slotStartNextEpoch=32 version=6fc57d1-dev
time="2024-12-06T21:02:33Z" level=debug msg="Updating builder cache with 0 builders from database" service=relay/api version=6fc57d1-dev
time="2024-12-06T21:02:33Z" level=info msg="payload attributes received for slot: 22" service=relay/api version=6fc57d1-dev
time="2024-12-06T21:02:33Z" level=info msg="updated payload attributes" headSlot=21 payloadAttrParent=0x9b389bff26e891ca755f85cea7815905de6b3f7fe8422212389130d88d77c577 payloadAttrSlot=22 randao=0x91ff855423c780fbc7f5a78af3141d48e9ab592f92d7f41c630b5fa08688a38e service=relay/api timestamp=1733518955 version=6fc57d1-dev withdrawalsRoot=0x792930bbd5baac43bcc798ee49aa8185ef76bb3b44ba62b91d86ae569e4bb535
time="2024-12-06T21:02:35Z" level=info msg="payload attributes received for slot: 23" service=relay/api version=6fc57d1-dev
time="2024-12-06T21:02:35Z" level=info msg="updated payload attributes" headSlot=21 payloadAttrParent=0x9b389bff26e891ca755f85cea7815905de6b3f7fe8422212389130d88d77c577 payloadAttrSlot=23 randao=0x91ff855423c780fbc7f5a78af3141d48e9ab592f92d7f41c630b5fa08688a38e service=relay/api timestamp=1733518957 version=6fc57d1-dev withdrawalsRoot=0x792930bbd5baac43bcc798ee49aa8185ef76bb3b44ba62b91d86ae569e4bb535
time="2024-12-06T21:02:35Z" level=debug msg="getHeader request received" headSlot=21 method=getHeader mevBoostV=v1.8.1 msIntoSlot=86 parentHash=0x9b389bff26e891ca755f85cea7815905de6b3f7fe8422212389130d88d77c577 pubkey=0x889fd954b35f31ea3f3eca4496ba13b9678a527e4d3137c8aea484b4d741886bdfff59f99a89721165f5ba7c9f5a366b requestTimestamp=1733518955 service=relay/api slot=22 slotStartSec=1733518955 ua="mev-boost/v1.8.1 Lighthouse/v5.3.0-2e0eb6d" version=6fc57d1-dev
time="2024-12-06T21:02:35Z" level=error msg="bid was empty, skipping PROF augmentation" error="<nil>" headSlot=21 method=getHeader mevBoostV=v1.8.1 msIntoSlot=86 parentHash=0x9b389bff26e891ca755f85cea7815905de6b3f7fe8422212389130d88d77c577 pubkey=0x889fd954b35f31ea3f3eca4496ba13b9678a527e4d3137c8aea484b4d741886bdfff59f99a89721165f5ba7c9f5a366b requestTimestamp=1733518955 service=relay/api slot=22 slotStartSec=1733518955 ua="mev-boost/v1.8.1 Lighthouse/v5.3.0-2e0eb6d" version=6fc57d1-dev
time="2024-12-06T21:02:35Z" level=info msg="http: GET /eth/v1/builder/header/22/0x9b389bff26e891ca755f85cea7815905de6b3f7fe8422212389130d88d77c577/0x889fd954b35f31ea3f3eca4496ba13b9678a527e4d3137c8aea484b4d741886bdfff59f99a89721165f5ba7c9f5a366b 204" duration=0.000274 method=GET path=/eth/v1/builder/header/22/0x9b389bff26e891ca755f85cea7815905de6b3f7fe8422212389130d88d77c577/0x889fd954b35f31ea3f3eca4496ba13b9678a527e4d3137c8aea484b4d741886bdfff59f99a89721165f5ba7c9f5a366b service=relay/api status=204 version=6fc57d1-dev
time="2024-12-06T21:02:35Z" level=info msg="updated headSlot to 22" epoch=0 service=relay/api slotHead=22 slotStartNextEpoch=32 version=6fc57d1-dev
time="2024-12-06T21:02:35Z" level=debug msg="Updating builder cache with 0 builders from database" service=relay/api version=6fc57d1-dev
time="2024-12-06T21:02:35Z" level=info msg="payload attributes received for slot: 23" service=relay/api version=6fc57d1-dev
time="2024-12-06T21:02:35Z" level=info msg="updated payload attributes" headSlot=22 payloadAttrParent=0xafcfcf35fe5f52656ad535456f5ecb49ae54e143a5b23e7d3e828d5081d8be75 payloadAttrSlot=23 randao=0x391fdbed6513da444b2021140cdc144fea875695d4db9139d012479879038ce1 service=relay/api timestamp=1733518957 version=6fc57d1-dev withdrawalsRoot=0x792930bbd5baac43bcc798ee49aa8185ef76bb3b44ba62b91d86ae569e4bb535
time="2024-12-06T21:02:37Z" level=info msg="payload attributes received for slot: 24" service=relay/api version=6fc57d1-dev
time="2024-12-06T21:02:37Z" level=info msg="updated payload attributes" headSlot=22 payloadAttrParent=0xafcfcf35fe5f52656ad535456f5ecb49ae54e143a5b23e7d3e828d5081d8be75 payloadAttrSlot=24 randao=0x391fdbed6513da444b2021140cdc144fea875695d4db9139d012479879038ce1 service=relay/api timestamp=1733518959 version=6fc57d1-dev withdrawalsRoot=0x792930bbd5baac43bcc798ee49aa8185ef76bb3b44ba62b91d86ae569e4bb535
time="2024-12-06T21:02:37Z" level=debug msg="getHeader request received" headSlot=22 method=getHeader mevBoostV=v1.8.1 msIntoSlot=88 parentHash=0xafcfcf35fe5f52656ad535456f5ecb49ae54e143a5b23e7d3e828d5081d8be75 pubkey=0xab40dc1cfe273ad0da700c64f8fc94f91db253ca3acf20e336d9bd09de67eec5c7d3506285d83c7bb6a08d64b77e5f2d requestTimestamp=1733518957 service=relay/api slot=23 slotStartSec=1733518957 ua="mev-boost/v1.8.1 Lighthouse/v5.3.0-2e0eb6d" version=6fc57d1-dev
time="2024-12-06T21:02:37Z" level=error msg="bid was empty, skipping PROF augmentation" error="<nil>" headSlot=22 method=getHeader mevBoostV=v1.8.1 msIntoSlot=88 parentHash=0xafcfcf35fe5f52656ad535456f5ecb49ae54e143a5b23e7d3e828d5081d8be75 pubkey=0xab40dc1cfe273ad0da700c64f8fc94f91db253ca3acf20e336d9bd09de67eec5c7d3506285d83c7bb6a08d64b77e5f2d requestTimestamp=1733518957 service=relay/api slot=23 slotStartSec=1733518957 ua="mev-boost/v1.8.1 Lighthouse/v5.3.0-2e0eb6d" version=6fc57d1-dev
time="2024-12-06T21:02:37Z" level=info msg="http: GET /eth/v1/builder/header/23/0xafcfcf35fe5f52656ad535456f5ecb49ae54e143a5b23e7d3e828d5081d8be75/0xab40dc1cfe273ad0da700c64f8fc94f91db253ca3acf20e336d9bd09de67eec5c7d3506285d83c7bb6a08d64b77e5f2d 204" duration=0.000304 method=GET path=/eth/v1/builder/header/23/0xafcfcf35fe5f52656ad535456f5ecb49ae54e143a5b23e7d3e828d5081d8be75/0xab40dc1cfe273ad0da700c64f8fc94f91db253ca3acf20e336d9bd09de67eec5c7d3506285d83c7bb6a08d64b77e5f2d service=relay/api status=204 version=6fc57d1-dev
time="2024-12-06T21:02:37Z" level=info msg="updated headSlot to 23" epoch=0 service=relay/api slotHead=23 slotStartNextEpoch=32 version=6fc57d1-dev
time="2024-12-06T21:02:37Z" level=debug msg="Updating builder cache with 0 builders from database" service=relay/api version=6fc57d1-dev
time="2024-12-06T21:02:37Z" level=info msg="payload attributes received for slot: 24" service=relay/api version=6fc57d1-dev
time="2024-12-06T21:02:37Z" level=info msg="updated payload attributes" headSlot=23 payloadAttrParent=0xb6acd67c40ff0cb2a9d757f1ca026a0f8336b5cefd97685ed7eaeb3ffd795727 payloadAttrSlot=24 randao=0x50ff1f5f7e3e0ffffc6ffd512cd8d8de850fc70d961c827d3df64c602dfe6ec8 service=relay/api timestamp=1733518959 version=6fc57d1-dev withdrawalsRoot=0x792930bbd5baac43bcc798ee49aa8185ef76bb3b44ba62b91d86ae569e4bb535
time="2024-12-06T21:02:39Z" level=info msg="payload attributes received for slot: 25" service=relay/api version=6fc57d1-dev
time="2024-12-06T21:02:39Z" level=info msg="updated payload attributes" headSlot=23 payloadAttrParent=0xb6acd67c40ff0cb2a9d757f1ca026a0f8336b5cefd97685ed7eaeb3ffd795727 payloadAttrSlot=25 randao=0x50ff1f5f7e3e0ffffc6ffd512cd8d8de850fc70d961c827d3df64c602dfe6ec8 service=relay/api timestamp=1733518961 version=6fc57d1-dev withdrawalsRoot=0x792930bbd5baac43bcc798ee49aa8185ef76bb3b44ba62b91d86ae569e4bb535
time="2024-12-06T21:02:39Z" level=debug msg="getHeader request received" headSlot=23 method=getHeader mevBoostV=v1.8.1 msIntoSlot=86 parentHash=0xb6acd67c40ff0cb2a9d757f1ca026a0f8336b5cefd97685ed7eaeb3ffd795727 pubkey=0xa804e4fa8d1391a9d078aa93985a12503b84ce4f6f1f9e70ab7fca421e1cf972538666299d4c1bfc39327b469b2db7a8 requestTimestamp=1733518959 service=relay/api slot=24 slotStartSec=1733518959 ua="mev-boost/v1.8.1 Lighthouse/v5.3.0-2e0eb6d" version=6fc57d1-dev
time="2024-12-06T21:02:39Z" level=error msg="bid was empty, skipping PROF augmentation" error="<nil>" headSlot=23 method=getHeader mevBoostV=v1.8.1 msIntoSlot=86 parentHash=0xb6acd67c40ff0cb2a9d757f1ca026a0f8336b5cefd97685ed7eaeb3ffd795727 pubkey=0xa804e4fa8d1391a9d078aa93985a12503b84ce4f6f1f9e70ab7fca421e1cf972538666299d4c1bfc39327b469b2db7a8 requestTimestamp=1733518959 service=relay/api slot=24 slotStartSec=1733518959 ua="mev-boost/v1.8.1 Lighthouse/v5.3.0-2e0eb6d" version=6fc57d1-dev
time="2024-12-06T21:02:39Z" level=info msg="http: GET /eth/v1/builder/header/24/0xb6acd67c40ff0cb2a9d757f1ca026a0f8336b5cefd97685ed7eaeb3ffd795727/0xa804e4fa8d1391a9d078aa93985a12503b84ce4f6f1f9e70ab7fca421e1cf972538666299d4c1bfc39327b469b2db7a8 204" duration=0.000365 method=GET path=/eth/v1/builder/header/24/0xb6acd67c40ff0cb2a9d757f1ca026a0f8336b5cefd97685ed7eaeb3ffd795727/0xa804e4fa8d1391a9d078aa93985a12503b84ce4f6f1f9e70ab7fca421e1cf972538666299d4c1bfc39327b469b2db7a8 service=relay/api status=204 version=6fc57d1-dev
time="2024-12-06T21:02:39Z" level=info msg="updated headSlot to 24" epoch=0 service=relay/api slotHead=24 slotStartNextEpoch=32 version=6fc57d1-dev
time="2024-12-06T21:02:39Z" level=info msg="proposer duties updated: " service=relay/api version=6fc57d1-dev
time="2024-12-06T21:02:39Z" level=debug msg="Updating builder cache with 0 builders from database" service=relay/api version=6fc57d1-dev
time="2024-12-06T21:02:39Z" level=info msg="payload attributes received for slot: 25" service=relay/api version=6fc57d1-dev
time="2024-12-06T21:02:39Z" level=info msg="updated payload attributes" headSlot=24 payloadAttrParent=0x1ba86570fa8a468ee0ae0fe7f6b307b054cc28c6a9b1650d1555f068ef50b393 payloadAttrSlot=25 randao=0x242bfbaf7087109e30c87ae8539c32e6062b1c35f5fb4858b225b002f9c7b24a service=relay/api timestamp=1733518961 version=6fc57d1-dev withdrawalsRoot=0x792930bbd5baac43bcc798ee49aa8185ef76bb3b44ba62b91d86ae569e4bb535
time="2024-12-06T21:02:41Z" level=info msg="payload attributes received for slot: 26" service=relay/api version=6fc57d1-dev
time="2024-12-06T21:02:41Z" level=info msg="updated payload attributes" headSlot=24 payloadAttrParent=0x1ba86570fa8a468ee0ae0fe7f6b307b054cc28c6a9b1650d1555f068ef50b393 payloadAttrSlot=26 randao=0x242bfbaf7087109e30c87ae8539c32e6062b1c35f5fb4858b225b002f9c7b24a service=relay/api timestamp=1733518963 version=6fc57d1-dev withdrawalsRoot=0x792930bbd5baac43bcc798ee49aa8185ef76bb3b44ba62b91d86ae569e4bb535
time="2024-12-06T21:02:41Z" level=debug msg="getHeader request received" headSlot=24 method=getHeader mevBoostV=v1.8.1 msIntoSlot=87 parentHash=0x1ba86570fa8a468ee0ae0fe7f6b307b054cc28c6a9b1650d1555f068ef50b393 pubkey=0x889fd954b35f31ea3f3eca4496ba13b9678a527e4d3137c8aea484b4d741886bdfff59f99a89721165f5ba7c9f5a366b requestTimestamp=1733518961 service=relay/api slot=25 slotStartSec=1733518961 ua="mev-boost/v1.8.1 Lighthouse/v5.3.0-2e0eb6d" version=6fc57d1-dev
time="2024-12-06T21:02:41Z" level=error msg="bid was empty, skipping PROF augmentation" error="<nil>" headSlot=24 method=getHeader mevBoostV=v1.8.1 msIntoSlot=87 parentHash=0x1ba86570fa8a468ee0ae0fe7f6b307b054cc28c6a9b1650d1555f068ef50b393 pubkey=0x889fd954b35f31ea3f3eca4496ba13b9678a527e4d3137c8aea484b4d741886bdfff59f99a89721165f5ba7c9f5a366b requestTimestamp=1733518961 service=relay/api slot=25 slotStartSec=1733518961 ua="mev-boost/v1.8.1 Lighthouse/v5.3.0-2e0eb6d" version=6fc57d1-dev
time="2024-12-06T21:02:41Z" level=info msg="http: GET /eth/v1/builder/header/25/0x1ba86570fa8a468ee0ae0fe7f6b307b054cc28c6a9b1650d1555f068ef50b393/0x889fd954b35f31ea3f3eca4496ba13b9678a527e4d3137c8aea484b4d741886bdfff59f99a89721165f5ba7c9f5a366b 204" duration=0.000279 method=GET path=/eth/v1/builder/header/25/0x1ba86570fa8a468ee0ae0fe7f6b307b054cc28c6a9b1650d1555f068ef50b393/0x889fd954b35f31ea3f3eca4496ba13b9678a527e4d3137c8aea484b4d741886bdfff59f99a89721165f5ba7c9f5a366b service=relay/api status=204 version=6fc57d1-dev
time="2024-12-06T21:02:41Z" level=info msg="updated headSlot to 25" epoch=0 service=relay/api slotHead=25 slotStartNextEpoch=32 version=6fc57d1-dev
time="2024-12-06T21:02:41Z" level=debug msg="RefreshKnownValidators init" datastoreMethod=RefreshKnownValidators headSlot=25 headSlotPos=26 lastUpdateSlot=19 service=relay/api version=6fc57d1-dev
time="2024-12-06T21:02:41Z" level=debug msg="Updating builder cache with 0 builders from database" service=relay/api version=6fc57d1-dev
time="2024-12-06T21:02:41Z" level=info msg="payload attributes received for slot: 26" service=relay/api version=6fc57d1-dev
time="2024-12-06T21:02:41Z" level=info msg="updated payload attributes" headSlot=25 payloadAttrParent=0x98c7a51664c643ef151bb9ea0c48f0d4abf3ff618f2ac902c07872ea7f038e38 payloadAttrSlot=26 randao=0x8ccba51636534a21bc1dfc76ac543be10507138fb3f72d7d013ca83a064c9d25 service=relay/api timestamp=1733518963 version=6fc57d1-dev withdrawalsRoot=0x792930bbd5baac43bcc798ee49aa8185ef76bb3b44ba62b91d86ae569e4bb535
time="2024-12-06T21:02:43Z" level=info msg="payload attributes received for slot: 27" service=relay/api version=6fc57d1-dev
time="2024-12-06T21:02:43Z" level=info msg="updated payload attributes" headSlot=25 payloadAttrParent=0x98c7a51664c643ef151bb9ea0c48f0d4abf3ff618f2ac902c07872ea7f038e38 payloadAttrSlot=27 randao=0x8ccba51636534a21bc1dfc76ac543be10507138fb3f72d7d013ca83a064c9d25 service=relay/api timestamp=1733518965 version=6fc57d1-dev withdrawalsRoot=0x792930bbd5baac43bcc798ee49aa8185ef76bb3b44ba62b91d86ae569e4bb535
time="2024-12-06T21:02:43Z" level=debug msg="getHeader request received" headSlot=25 method=getHeader mevBoostV=v1.8.1 msIntoSlot=88 parentHash=0x98c7a51664c643ef151bb9ea0c48f0d4abf3ff618f2ac902c07872ea7f038e38 pubkey=0xb63f327df68581cdc02a66c1c65e906a06a1a3a8d7a6e38f7b6da944e8e6cc2db85fced5327d8c12945ceb33018272ca requestTimestamp=1733518963 service=relay/api slot=26 slotStartSec=1733518963 ua="mev-boost/v1.8.1 Lighthouse/v5.3.0-2e0eb6d" version=6fc57d1-dev
time="2024-12-06T21:02:43Z" level=error msg="bid was empty, skipping PROF augmentation" error="<nil>" headSlot=25 method=getHeader mevBoostV=v1.8.1 msIntoSlot=88 parentHash=0x98c7a51664c643ef151bb9ea0c48f0d4abf3ff618f2ac902c07872ea7f038e38 pubkey=0xb63f327df68581cdc02a66c1c65e906a06a1a3a8d7a6e38f7b6da944e8e6cc2db85fced5327d8c12945ceb33018272ca requestTimestamp=1733518963 service=relay/api slot=26 slotStartSec=1733518963 ua="mev-boost/v1.8.1 Lighthouse/v5.3.0-2e0eb6d" version=6fc57d1-dev
time="2024-12-06T21:02:43Z" level=info msg="http: GET /eth/v1/builder/header/26/0x98c7a51664c643ef151bb9ea0c48f0d4abf3ff618f2ac902c07872ea7f038e38/0xb63f327df68581cdc02a66c1c65e906a06a1a3a8d7a6e38f7b6da944e8e6cc2db85fced5327d8c12945ceb33018272ca 204" duration=0.000389 method=GET path=/eth/v1/builder/header/26/0x98c7a51664c643ef151bb9ea0c48f0d4abf3ff618f2ac902c07872ea7f038e38/0xb63f327df68581cdc02a66c1c65e906a06a1a3a8d7a6e38f7b6da944e8e6cc2db85fced5327d8c12945ceb33018272ca service=relay/api status=204 version=6fc57d1-dev
time="2024-12-06T21:02:43Z" level=info msg="updated headSlot to 26" epoch=0 service=relay/api slotHead=26 slotStartNextEpoch=32 version=6fc57d1-dev
time="2024-12-06T21:02:43Z" level=debug msg="RefreshKnownValidators init" datastoreMethod=RefreshKnownValidators headSlot=26 headSlotPos=27 lastUpdateSlot=19 service=relay/api version=6fc57d1-dev
time="2024-12-06T21:02:43Z" level=debug msg="Updating builder cache with 0 builders from database" service=relay/api version=6fc57d1-dev
time="2024-12-06T21:02:43Z" level=info msg="payload attributes received for slot: 27" service=relay/api version=6fc57d1-dev
time="2024-12-06T21:02:43Z" level=info msg="updated payload attributes" headSlot=26 payloadAttrParent=0xadb1254c631f4dbb0724d6eaff245a846e00573b0af5187021906495d89d5d62 payloadAttrSlot=27 randao=0xf16bc448639a0e051da3d54d1f6a16846200e63c9ef3fc1caa5e2b52c5a79daa service=relay/api timestamp=1733518965 version=6fc57d1-dev withdrawalsRoot=0x792930bbd5baac43bcc798ee49aa8185ef76bb3b44ba62b91d86ae569e4bb535
time="2024-12-06T21:02:45Z" level=info msg="payload attributes received for slot: 28" service=relay/api version=6fc57d1-dev
time="2024-12-06T21:02:45Z" level=info msg="updated payload attributes" headSlot=26 payloadAttrParent=0xadb1254c631f4dbb0724d6eaff245a846e00573b0af5187021906495d89d5d62 payloadAttrSlot=28 randao=0xf16bc448639a0e051da3d54d1f6a16846200e63c9ef3fc1caa5e2b52c5a79daa service=relay/api timestamp=1733518967 version=6fc57d1-dev withdrawalsRoot=0x792930bbd5baac43bcc798ee49aa8185ef76bb3b44ba62b91d86ae569e4bb535
time="2024-12-06T21:02:45Z" level=debug msg="getHeader request received" headSlot=26 method=getHeader mevBoostV=v1.8.1 msIntoSlot=86 parentHash=0xadb1254c631f4dbb0724d6eaff245a846e00573b0af5187021906495d89d5d62 pubkey=0x91da49dbfb1a4a339ee8e1b902bf18302c3ca948da1dacfecfe9934d231013544dbd97689c2996f22b456f7e408a138c requestTimestamp=1733518965 service=relay/api slot=27 slotStartSec=1733518965 ua="mev-boost/v1.8.1 Lighthouse/v5.3.0-2e0eb6d" version=6fc57d1-dev
time="2024-12-06T21:02:45Z" level=error msg="bid was empty, skipping PROF augmentation" error="<nil>" headSlot=26 method=getHeader mevBoostV=v1.8.1 msIntoSlot=86 parentHash=0xadb1254c631f4dbb0724d6eaff245a846e00573b0af5187021906495d89d5d62 pubkey=0x91da49dbfb1a4a339ee8e1b902bf18302c3ca948da1dacfecfe9934d231013544dbd97689c2996f22b456f7e408a138c requestTimestamp=1733518965 service=relay/api slot=27 slotStartSec=1733518965 ua="mev-boost/v1.8.1 Lighthouse/v5.3.0-2e0eb6d" version=6fc57d1-dev
time="2024-12-06T21:02:45Z" level=info msg="http: GET /eth/v1/builder/header/27/0xadb1254c631f4dbb0724d6eaff245a846e00573b0af5187021906495d89d5d62/0x91da49dbfb1a4a339ee8e1b902bf18302c3ca948da1dacfecfe9934d231013544dbd97689c2996f22b456f7e408a138c 204" duration=0.000227 method=GET path=/eth/v1/builder/header/27/0xadb1254c631f4dbb0724d6eaff245a846e00573b0af5187021906495d89d5d62/0x91da49dbfb1a4a339ee8e1b902bf18302c3ca948da1dacfecfe9934d231013544dbd97689c2996f22b456f7e408a138c service=relay/api status=204 version=6fc57d1-dev
time="2024-12-06T21:02:45Z" level=info msg="updated headSlot to 27" epoch=0 service=relay/api slotHead=27 slotStartNextEpoch=32 version=6fc57d1-dev
time="2024-12-06T21:02:45Z" level=debug msg="RefreshKnownValidators init" datastoreMethod=RefreshKnownValidators headSlot=27 headSlotPos=28 lastUpdateSlot=19 service=relay/api version=6fc57d1-dev
time="2024-12-06T21:02:45Z" level=debug msg="Updating builder cache with 0 builders from database" service=relay/api version=6fc57d1-dev
time="2024-12-06T21:02:45Z" level=info msg="payload attributes received for slot: 28" service=relay/api version=6fc57d1-dev
time="2024-12-06T21:02:45Z" level=info msg="updated payload attributes" headSlot=27 payloadAttrParent=0xde9b0aef77c89516b01cacd17594a4bfc9d77fcb56fba9ad25ad3a03b034011c payloadAttrSlot=28 randao=0xd04754424fdd6207e004847f086eb7477c4a41c45e13bbbb2bd6e4460a28b053 service=relay/api timestamp=1733518967 version=6fc57d1-dev withdrawalsRoot=0x792930bbd5baac43bcc798ee49aa8185ef76bb3b44ba62b91d86ae569e4bb535
time="2024-12-06T21:02:47Z" level=info msg="payload attributes received for slot: 29" service=relay/api version=6fc57d1-dev
time="2024-12-06T21:02:47Z" level=info msg="updated payload attributes" headSlot=27 payloadAttrParent=0xde9b0aef77c89516b01cacd17594a4bfc9d77fcb56fba9ad25ad3a03b034011c payloadAttrSlot=29 randao=0xd04754424fdd6207e004847f086eb7477c4a41c45e13bbbb2bd6e4460a28b053 service=relay/api timestamp=1733518969 version=6fc57d1-dev withdrawalsRoot=0x792930bbd5baac43bcc798ee49aa8185ef76bb3b44ba62b91d86ae569e4bb535
time="2024-12-06T21:02:47Z" level=debug msg="getHeader request received" headSlot=27 method=getHeader mevBoostV=v1.8.1 msIntoSlot=86 parentHash=0xde9b0aef77c89516b01cacd17594a4bfc9d77fcb56fba9ad25ad3a03b034011c pubkey=0x81fa222737fe818b43f55f209f42adaee135b2801d02709617fc88c2871852358260ace97cf323e761b5cc18bc7325b3 requestTimestamp=1733518967 service=relay/api slot=28 slotStartSec=1733518967 ua="mev-boost/v1.8.1 Lighthouse/v5.3.0-2e0eb6d" version=6fc57d1-dev
time="2024-12-06T21:02:47Z" level=error msg="bid was empty, skipping PROF augmentation" error="<nil>" headSlot=27 method=getHeader mevBoostV=v1.8.1 msIntoSlot=86 parentHash=0xde9b0aef77c89516b01cacd17594a4bfc9d77fcb56fba9ad25ad3a03b034011c pubkey=0x81fa222737fe818b43f55f209f42adaee135b2801d02709617fc88c2871852358260ace97cf323e761b5cc18bc7325b3 requestTimestamp=1733518967 service=relay/api slot=28 slotStartSec=1733518967 ua="mev-boost/v1.8.1 Lighthouse/v5.3.0-2e0eb6d" version=6fc57d1-dev
time="2024-12-06T21:02:47Z" level=info msg="http: GET /eth/v1/builder/header/28/0xde9b0aef77c89516b01cacd17594a4bfc9d77fcb56fba9ad25ad3a03b034011c/0x81fa222737fe818b43f55f209f42adaee135b2801d02709617fc88c2871852358260ace97cf323e761b5cc18bc7325b3 204" duration=0.000331 method=GET path=/eth/v1/builder/header/28/0xde9b0aef77c89516b01cacd17594a4bfc9d77fcb56fba9ad25ad3a03b034011c/0x81fa222737fe818b43f55f209f42adaee135b2801d02709617fc88c2871852358260ace97cf323e761b5cc18bc7325b3 service=relay/api status=204 version=6fc57d1-dev
time="2024-12-06T21:02:47Z" level=info msg="updated headSlot to 28" epoch=0 service=relay/api slotHead=28 slotStartNextEpoch=32 version=6fc57d1-dev
time="2024-12-06T21:02:47Z" level=debug msg="RefreshKnownValidators init" datastoreMethod=RefreshKnownValidators headSlot=28 headSlotPos=29 lastUpdateSlot=19 service=relay/api version=6fc57d1-dev
time="2024-12-06T21:02:47Z" level=debug msg="Updating builder cache with 0 builders from database" service=relay/api version=6fc57d1-dev
time="2024-12-06T21:02:47Z" level=info msg="payload attributes received for slot: 29" service=relay/api version=6fc57d1-dev
time="2024-12-06T21:02:47Z" level=info msg="updated payload attributes" headSlot=28 payloadAttrParent=0xf47be34f9534d82f4a22cfc7736510631c11cc4cb34c7c26444cac699cc00544 payloadAttrSlot=29 randao=0x5f7723220a8124de40fb1961ea50b7419e03c5ce5807ff882eb9115f8ff08c72 service=relay/api timestamp=1733518969 version=6fc57d1-dev withdrawalsRoot=0x792930bbd5baac43bcc798ee49aa8185ef76bb3b44ba62b91d86ae569e4bb535
time="2024-12-06T21:02:49Z" level=info msg="payload attributes received for slot: 30" service=relay/api version=6fc57d1-dev
time="2024-12-06T21:02:49Z" level=info msg="updated payload attributes" headSlot=28 payloadAttrParent=0xf47be34f9534d82f4a22cfc7736510631c11cc4cb34c7c26444cac699cc00544 payloadAttrSlot=30 randao=0x5f7723220a8124de40fb1961ea50b7419e03c5ce5807ff882eb9115f8ff08c72 service=relay/api timestamp=1733518971 version=6fc57d1-dev withdrawalsRoot=0x792930bbd5baac43bcc798ee49aa8185ef76bb3b44ba62b91d86ae569e4bb535
time="2024-12-06T21:02:49Z" level=debug msg="getHeader request received" headSlot=28 method=getHeader mevBoostV=v1.8.1 msIntoSlot=86 parentHash=0xf47be34f9534d82f4a22cfc7736510631c11cc4cb34c7c26444cac699cc00544 pubkey=0xb4c9e24cb284d23c40bccfe377f9963dcdc1d22d5daf0766a6291354eb4ff3b4d1c21913dadae80fad218bc02778f5f2 requestTimestamp=1733518969 service=relay/api slot=29 slotStartSec=1733518969 ua="mev-boost/v1.8.1 Lighthouse/v5.3.0-2e0eb6d" version=6fc57d1-dev
time="2024-12-06T21:02:49Z" level=error msg="bid was empty, skipping PROF augmentation" error="<nil>" headSlot=28 method=getHeader mevBoostV=v1.8.1 msIntoSlot=86 parentHash=0xf47be34f9534d82f4a22cfc7736510631c11cc4cb34c7c26444cac699cc00544 pubkey=0xb4c9e24cb284d23c40bccfe377f9963dcdc1d22d5daf0766a6291354eb4ff3b4d1c21913dadae80fad218bc02778f5f2 requestTimestamp=1733518969 service=relay/api slot=29 slotStartSec=1733518969 ua="mev-boost/v1.8.1 Lighthouse/v5.3.0-2e0eb6d" version=6fc57d1-dev
time="2024-12-06T21:02:49Z" level=info msg="http: GET /eth/v1/builder/header/29/0xf47be34f9534d82f4a22cfc7736510631c11cc4cb34c7c26444cac699cc00544/0xb4c9e24cb284d23c40bccfe377f9963dcdc1d22d5daf0766a6291354eb4ff3b4d1c21913dadae80fad218bc02778f5f2 204" duration=0.000293 method=GET path=/eth/v1/builder/header/29/0xf47be34f9534d82f4a22cfc7736510631c11cc4cb34c7c26444cac699cc00544/0xb4c9e24cb284d23c40bccfe377f9963dcdc1d22d5daf0766a6291354eb4ff3b4d1c21913dadae80fad218bc02778f5f2 service=relay/api status=204 version=6fc57d1-dev
time="2024-12-06T21:02:49Z" level=info msg="updated headSlot to 29" epoch=0 service=relay/api slotHead=29 slotStartNextEpoch=32 version=6fc57d1-dev
time="2024-12-06T21:02:49Z" level=debug msg="RefreshKnownValidators init" datastoreMethod=RefreshKnownValidators headSlot=29 headSlotPos=30 lastUpdateSlot=19 service=relay/api version=6fc57d1-dev
time="2024-12-06T21:02:49Z" level=debug msg="Updating builder cache with 0 builders from database" service=relay/api version=6fc57d1-dev
time="2024-12-06T21:02:49Z" level=info msg="payload attributes received for slot: 30" service=relay/api version=6fc57d1-dev
time="2024-12-06T21:02:49Z" level=info msg="updated payload attributes" headSlot=29 payloadAttrParent=0x6b8d8aacc23e158149d4f26be07af107920d4aaef11ada1ad544dcb4f04cd19e payloadAttrSlot=30 randao=0xb7a052a16e0e9f226098f4be6186b0632e96ac65a27c642533a8f057c65f0b3d service=relay/api timestamp=1733518971 version=6fc57d1-dev withdrawalsRoot=0x792930bbd5baac43bcc798ee49aa8185ef76bb3b44ba62b91d86ae569e4bb535
time="2024-12-06T21:02:51Z" level=info msg="payload attributes received for slot: 31" service=relay/api version=6fc57d1-dev
time="2024-12-06T21:02:51Z" level=info msg="updated payload attributes" headSlot=29 payloadAttrParent=0x6b8d8aacc23e158149d4f26be07af107920d4aaef11ada1ad544dcb4f04cd19e payloadAttrSlot=31 randao=0xb7a052a16e0e9f226098f4be6186b0632e96ac65a27c642533a8f057c65f0b3d service=relay/api timestamp=1733518973 version=6fc57d1-dev withdrawalsRoot=0x792930bbd5baac43bcc798ee49aa8185ef76bb3b44ba62b91d86ae569e4bb535
time="2024-12-06T21:02:51Z" level=debug msg="getHeader request received" headSlot=29 method=getHeader mevBoostV=v1.8.1 msIntoSlot=86 parentHash=0x6b8d8aacc23e158149d4f26be07af107920d4aaef11ada1ad544dcb4f04cd19e pubkey=0x81b676591b823270a3284ace7d81cbce2d6cdce55bb0e053874d7e3a08f729453009d3e662ec3130379f43c0f3210b6d requestTimestamp=1733518971 service=relay/api slot=30 slotStartSec=1733518971 ua="mev-boost/v1.8.1 Lighthouse/v5.3.0-2e0eb6d" version=6fc57d1-dev
time="2024-12-06T21:02:51Z" level=error msg="bid was empty, skipping PROF augmentation" error="<nil>" headSlot=29 method=getHeader mevBoostV=v1.8.1 msIntoSlot=86 parentHash=0x6b8d8aacc23e158149d4f26be07af107920d4aaef11ada1ad544dcb4f04cd19e pubkey=0x81b676591b823270a3284ace7d81cbce2d6cdce55bb0e053874d7e3a08f729453009d3e662ec3130379f43c0f3210b6d requestTimestamp=1733518971 service=relay/api slot=30 slotStartSec=1733518971 ua="mev-boost/v1.8.1 Lighthouse/v5.3.0-2e0eb6d" version=6fc57d1-dev
time="2024-12-06T21:02:51Z" level=info msg="http: GET /eth/v1/builder/header/30/0x6b8d8aacc23e158149d4f26be07af107920d4aaef11ada1ad544dcb4f04cd19e/0x81b676591b823270a3284ace7d81cbce2d6cdce55bb0e053874d7e3a08f729453009d3e662ec3130379f43c0f3210b6d 204" duration=0.000287 method=GET path=/eth/v1/builder/header/30/0x6b8d8aacc23e158149d4f26be07af107920d4aaef11ada1ad544dcb4f04cd19e/0x81b676591b823270a3284ace7d81cbce2d6cdce55bb0e053874d7e3a08f729453009d3e662ec3130379f43c0f3210b6d service=relay/api status=204 version=6fc57d1-dev
time="2024-12-06T21:02:51Z" level=info msg="updated headSlot to 30" epoch=0 service=relay/api slotHead=30 slotStartNextEpoch=32 version=6fc57d1-dev
time="2024-12-06T21:02:51Z" level=debug msg="RefreshKnownValidators init" datastoreMethod=RefreshKnownValidators headSlot=30 headSlotPos=31 lastUpdateSlot=19 service=relay/api version=6fc57d1-dev
time="2024-12-06T21:02:51Z" level=debug msg="Updating builder cache with 0 builders from database" service=relay/api version=6fc57d1-dev
time="2024-12-06T21:02:51Z" level=info msg="payload attributes received for slot: 31" service=relay/api version=6fc57d1-dev
time="2024-12-06T21:02:51Z" level=info msg="updated payload attributes" headSlot=30 payloadAttrParent=0x568da83b877f5f73617a2c79e6e205fc72fd9829dc3b6e7bfa7015a6a7f85786 payloadAttrSlot=31 randao=0xef9691ec9ab9da358330d64afa9b56e5cc57e0d55307f7ede0134ad2b7026623 service=relay/api timestamp=1733518973 version=6fc57d1-dev withdrawalsRoot=0x792930bbd5baac43bcc798ee49aa8185ef76bb3b44ba62b91d86ae569e4bb535
time="2024-12-06T21:02:53Z" level=info msg="payload attributes received for slot: 32" service=relay/api version=6fc57d1-dev
time="2024-12-06T21:02:53Z" level=info msg="updated payload attributes" headSlot=30 payloadAttrParent=0x568da83b877f5f73617a2c79e6e205fc72fd9829dc3b6e7bfa7015a6a7f85786 payloadAttrSlot=32 randao=0xef9691ec9ab9da358330d64afa9b56e5cc57e0d55307f7ede0134ad2b7026623 service=relay/api timestamp=1733518975 version=6fc57d1-dev withdrawalsRoot=0x792930bbd5baac43bcc798ee49aa8185ef76bb3b44ba62b91d86ae569e4bb535
time="2024-12-06T21:02:53Z" level=debug msg="getHeader request received" headSlot=30 method=getHeader mevBoostV=v1.8.1 msIntoSlot=4 parentHash=0x568da83b877f5f73617a2c79e6e205fc72fd9829dc3b6e7bfa7015a6a7f85786 pubkey=0xaf89ab00a0eab1131645292a9cfba583a69a1e3ac58b210e262494853e67385aeb50d4af428bdd577b9399daa96d8b20 requestTimestamp=1733518973 service=relay/api slot=31 slotStartSec=1733518973 ua="mev-boost/v1.8.1 Lighthouse/v5.3.0-2e0eb6d" version=6fc57d1-dev
time="2024-12-06T21:02:53Z" level=error msg="bid was empty, skipping PROF augmentation" error="<nil>" headSlot=30 method=getHeader mevBoostV=v1.8.1 msIntoSlot=4 parentHash=0x568da83b877f5f73617a2c79e6e205fc72fd9829dc3b6e7bfa7015a6a7f85786 pubkey=0xaf89ab00a0eab1131645292a9cfba583a69a1e3ac58b210e262494853e67385aeb50d4af428bdd577b9399daa96d8b20 requestTimestamp=1733518973 service=relay/api slot=31 slotStartSec=1733518973 ua="mev-boost/v1.8.1 Lighthouse/v5.3.0-2e0eb6d" version=6fc57d1-dev
time="2024-12-06T21:02:53Z" level=info msg="http: GET /eth/v1/builder/header/31/0x568da83b877f5f73617a2c79e6e205fc72fd9829dc3b6e7bfa7015a6a7f85786/0xaf89ab00a0eab1131645292a9cfba583a69a1e3ac58b210e262494853e67385aeb50d4af428bdd577b9399daa96d8b20 204" duration=0.000275 method=GET path=/eth/v1/builder/header/31/0x568da83b877f5f73617a2c79e6e205fc72fd9829dc3b6e7bfa7015a6a7f85786/0xaf89ab00a0eab1131645292a9cfba583a69a1e3ac58b210e262494853e67385aeb50d4af428bdd577b9399daa96d8b20 service=relay/api status=204 version=6fc57d1-dev
time="2024-12-06T21:02:53Z" level=info msg="http: GET /relay/v1/builder/validators 0" duration=0.000032 method=GET path=/relay/v1/builder/validators service=relay/api status=0 version=6fc57d1-dev
time="2024-12-06T21:02:53Z" level=info msg="updated headSlot to 31" epoch=0 service=relay/api slotHead=31 slotStartNextEpoch=32 version=6fc57d1-dev
time="2024-12-06T21:02:53Z" level=debug msg="RefreshKnownValidators init" datastoreMethod=RefreshKnownValidators headSlot=31 headSlotPos=32 lastUpdateSlot=19 service=relay/api version=6fc57d1-dev
time="2024-12-06T21:02:53Z" level=debug msg="Updating builder cache with 0 builders from database" service=relay/api version=6fc57d1-dev
time="2024-12-06T21:02:53Z" level=info msg="payload attributes received for slot: 32" service=relay/api version=6fc57d1-dev
time="2024-12-06T21:02:53Z" level=info msg="updated payload attributes" headSlot=31 payloadAttrParent=0x14fe3b01af30719b1203d6aa52c7e8f438711b2f293fd9d938752c7d7d6b7599 payloadAttrSlot=32 randao=0xda7a41d842c4b1b020cb6622c2ad9583e60726b9d08dca4e180539c23a65b515 service=relay/api timestamp=1733518975 version=6fc57d1-dev withdrawalsRoot=0x792930bbd5baac43bcc798ee49aa8185ef76bb3b44ba62b91d86ae569e4bb535
time="2024-12-06T21:02:55Z" level=info msg="payload attributes received for slot: 33" service=relay/api version=6fc57d1-dev
time="2024-12-06T21:02:55Z" level=info msg="updated payload attributes" headSlot=31 payloadAttrParent=0x14fe3b01af30719b1203d6aa52c7e8f438711b2f293fd9d938752c7d7d6b7599 payloadAttrSlot=33 randao=0xda7a41d842c4b1b020cb6622c2ad9583e60726b9d08dca4e180539c23a65b515 service=relay/api timestamp=1733518977 version=6fc57d1-dev withdrawalsRoot=0x792930bbd5baac43bcc798ee49aa8185ef76bb3b44ba62b91d86ae569e4bb535
time="2024-12-06T21:02:55Z" level=debug msg="getHeader request received" headSlot=31 method=getHeader mevBoostV=v1.8.1 msIntoSlot=7 parentHash=0x14fe3b01af30719b1203d6aa52c7e8f438711b2f293fd9d938752c7d7d6b7599 pubkey=0x961a7d85c4e61428f07c4c4d41cc03115ec423bf40172b21f9db161edec282c950782ade73a6dfa915da1c39c716eb1f requestTimestamp=1733518975 service=relay/api slot=32 slotStartSec=1733518975 ua="mev-boost/v1.8.1 Lighthouse/v5.3.0-2e0eb6d" version=6fc57d1-dev
time="2024-12-06T21:02:55Z" level=error msg="bid was empty, skipping PROF augmentation" error="<nil>" headSlot=31 method=getHeader mevBoostV=v1.8.1 msIntoSlot=7 parentHash=0x14fe3b01af30719b1203d6aa52c7e8f438711b2f293fd9d938752c7d7d6b7599 pubkey=0x961a7d85c4e61428f07c4c4d41cc03115ec423bf40172b21f9db161edec282c950782ade73a6dfa915da1c39c716eb1f requestTimestamp=1733518975 service=relay/api slot=32 slotStartSec=1733518975 ua="mev-boost/v1.8.1 Lighthouse/v5.3.0-2e0eb6d" version=6fc57d1-dev
time="2024-12-06T21:02:55Z" level=info msg="http: GET /eth/v1/builder/header/32/0x14fe3b01af30719b1203d6aa52c7e8f438711b2f293fd9d938752c7d7d6b7599/0x961a7d85c4e61428f07c4c4d41cc03115ec423bf40172b21f9db161edec282c950782ade73a6dfa915da1c39c716eb1f 204" duration=0.000300 method=GET path=/eth/v1/builder/header/32/0x14fe3b01af30719b1203d6aa52c7e8f438711b2f293fd9d938752c7d7d6b7599/0x961a7d85c4e61428f07c4c4d41cc03115ec423bf40172b21f9db161edec282c950782ade73a6dfa915da1c39c716eb1f service=relay/api status=204 version=6fc57d1-dev
time="2024-12-06T21:02:55Z" level=info msg="updated headSlot to 32" epoch=1 service=relay/api slotHead=32 slotStartNextEpoch=64 version=6fc57d1-dev
time="2024-12-06T21:02:55Z" level=debug msg="RefreshKnownValidators init" datastoreMethod=RefreshKnownValidators headSlot=32 headSlotPos=1 lastUpdateSlot=19 service=relay/api version=6fc57d1-dev
time="2024-12-06T21:02:55Z" level=info msg="proposer duties updated: " service=relay/api version=6fc57d1-dev
time="2024-12-06T21:02:55Z" level=debug msg="Updating builder cache with 0 builders from database" service=relay/api version=6fc57d1-dev
time="2024-12-06T21:02:55Z" level=info msg="payload attributes received for slot: 33" service=relay/api version=6fc57d1-dev
time="2024-12-06T21:02:55Z" level=info msg="updated payload attributes" headSlot=32 payloadAttrParent=0x8a2e91eae0b3749af31a03873e45067ee70ac52679b19cd2e6d9318372cbc6e0 payloadAttrSlot=33 randao=0x94d5cf2141f3a6d67f9c6ac5d58755a39973f7259e5a6e2a142397fe50ed261d service=relay/api timestamp=1733518977 version=6fc57d1-dev withdrawalsRoot=0x792930bbd5baac43bcc798ee49aa8185ef76bb3b44ba62b91d86ae569e4bb535
time="2024-12-06T21:02:55Z" level=info msg="validator registrations call processed" contentLength=28289 headSlot=31 method=registerValidator mevBoostV=v1.8.1 numRegistrations=64 numRegistrationsActive=0 numRegistrationsNew=64 numRegistrationsProcessed=64 processingStoppedByError=false service=relay/api timeNeededMs=293 timeNeededSec=0.293168106 ua="mev-boost/v1.8.1 Lighthouse/v5.3.0-2e0eb6d" version=6fc57d1-dev
time="2024-12-06T21:02:55Z" level=info msg="http: POST /eth/v1/builder/validators 200" duration=0.293234 method=POST path=/eth/v1/builder/validators service=relay/api status=200 version=6fc57d1-dev
time="2024-12-06T21:02:55Z" level=info msg="validator registrations call processed" contentLength=28289 headSlot=31 method=registerValidator mevBoostV=v1.8.1 numRegistrations=64 numRegistrationsActive=0 numRegistrationsNew=64 numRegistrationsProcessed=64 processingStoppedByError=false service=relay/api timeNeededMs=294 timeNeededSec=0.29477447 ua="mev-boost/v1.8.1 Lighthouse/v5.3.0-2e0eb6d" version=6fc57d1-dev
time="2024-12-06T21:02:55Z" level=info msg="http: POST /eth/v1/builder/validators 200" duration=0.294831 method=POST path=/eth/v1/builder/validators service=relay/api status=200 version=6fc57d1-dev
time="2024-12-06T21:02:57Z" level=info msg="payload attributes received for slot: 34" service=relay/api version=6fc57d1-dev
time="2024-12-06T21:02:57Z" level=info msg="updated payload attributes" headSlot=32 payloadAttrParent=0x8a2e91eae0b3749af31a03873e45067ee70ac52679b19cd2e6d9318372cbc6e0 payloadAttrSlot=34 randao=0x94d5cf2141f3a6d67f9c6ac5d58755a39973f7259e5a6e2a142397fe50ed261d service=relay/api timestamp=1733518979 version=6fc57d1-dev withdrawalsRoot=0x792930bbd5baac43bcc798ee49aa8185ef76bb3b44ba62b91d86ae569e4bb535
time="2024-12-06T21:02:57Z" level=debug msg="getHeader request received" headSlot=32 method=getHeader mevBoostV=v1.8.1 msIntoSlot=4 parentHash=0x8a2e91eae0b3749af31a03873e45067ee70ac52679b19cd2e6d9318372cbc6e0 pubkey=0xabd12678c73463ecea5867a80caf256d5c5e6ba53ff188b143a4d5be83365ad257edf39eaa1ba8753c4cdf4c632ff99e requestTimestamp=1733518977 service=relay/api slot=33 slotStartSec=1733518977 ua="mev-boost/v1.8.1 Lighthouse/v5.3.0-2e0eb6d" version=6fc57d1-dev
time="2024-12-06T21:02:57Z" level=error msg="bid was empty, skipping PROF augmentation" error="<nil>" headSlot=32 method=getHeader mevBoostV=v1.8.1 msIntoSlot=4 parentHash=0x8a2e91eae0b3749af31a03873e45067ee70ac52679b19cd2e6d9318372cbc6e0 pubkey=0xabd12678c73463ecea5867a80caf256d5c5e6ba53ff188b143a4d5be83365ad257edf39eaa1ba8753c4cdf4c632ff99e requestTimestamp=1733518977 service=relay/api slot=33 slotStartSec=1733518977 ua="mev-boost/v1.8.1 Lighthouse/v5.3.0-2e0eb6d" version=6fc57d1-dev
time="2024-12-06T21:02:57Z" level=info msg="http: GET /eth/v1/builder/header/33/0x8a2e91eae0b3749af31a03873e45067ee70ac52679b19cd2e6d9318372cbc6e0/0xabd12678c73463ecea5867a80caf256d5c5e6ba53ff188b143a4d5be83365ad257edf39eaa1ba8753c4cdf4c632ff99e 204" duration=0.000363 method=GET path=/eth/v1/builder/header/33/0x8a2e91eae0b3749af31a03873e45067ee70ac52679b19cd2e6d9318372cbc6e0/0xabd12678c73463ecea5867a80caf256d5c5e6ba53ff188b143a4d5be83365ad257edf39eaa1ba8753c4cdf4c632ff99e service=relay/api status=204 version=6fc57d1-dev
time="2024-12-06T21:02:57Z" level=info msg="updated headSlot to 33" epoch=1 service=relay/api slotHead=33 slotStartNextEpoch=64 version=6fc57d1-dev
time="2024-12-06T21:02:57Z" level=debug msg="RefreshKnownValidators init" datastoreMethod=RefreshKnownValidators headSlot=33 headSlotPos=2 lastUpdateSlot=19 service=relay/api version=6fc57d1-dev
time="2024-12-06T21:02:57Z" level=debug msg="Updating builder cache with 0 builders from database" service=relay/api version=6fc57d1-dev
time="2024-12-06T21:02:57Z" level=info msg="payload attributes received for slot: 34" service=relay/api version=6fc57d1-dev
time="2024-12-06T21:02:57Z" level=info msg="updated payload attributes" headSlot=33 payloadAttrParent=0x421118a8802934044efe5e925ec33693fa2cfbd724b6e2347402c282c633ac43 payloadAttrSlot=34 randao=0x1066a355b99779ce4dd9e2d868643cc85c99c348deb4701502a30a1d7a6c47ef service=relay/api timestamp=1733518979 version=6fc57d1-dev withdrawalsRoot=0x792930bbd5baac43bcc798ee49aa8185ef76bb3b44ba62b91d86ae569e4bb535
time="2024-12-06T21:02:59Z" level=info msg="payload attributes received for slot: 35" service=relay/api version=6fc57d1-dev
time="2024-12-06T21:02:59Z" level=info msg="updated payload attributes" headSlot=33 payloadAttrParent=0x421118a8802934044efe5e925ec33693fa2cfbd724b6e2347402c282c633ac43 payloadAttrSlot=35 randao=0x1066a355b99779ce4dd9e2d868643cc85c99c348deb4701502a30a1d7a6c47ef service=relay/api timestamp=1733518981 version=6fc57d1-dev withdrawalsRoot=0x792930bbd5baac43bcc798ee49aa8185ef76bb3b44ba62b91d86ae569e4bb535
time="2024-12-06T21:02:59Z" level=debug msg="getHeader request received" headSlot=33 method=getHeader mevBoostV=v1.8.1 msIntoSlot=4 parentHash=0x421118a8802934044efe5e925ec33693fa2cfbd724b6e2347402c282c633ac43 pubkey=0x8548d74ab33e8dd285e72b1ea3c15eb08b66d555493bcf39aa4355af06ccf0f4469e09f110544dc04b1f3d0e7880ac1d requestTimestamp=1733518979 service=relay/api slot=34 slotStartSec=1733518979 ua="mev-boost/v1.8.1 Lighthouse/v5.3.0-2e0eb6d" version=6fc57d1-dev
time="2024-12-06T21:02:59Z" level=error msg="bid was empty, skipping PROF augmentation" error="<nil>" headSlot=33 method=getHeader mevBoostV=v1.8.1 msIntoSlot=4 parentHash=0x421118a8802934044efe5e925ec33693fa2cfbd724b6e2347402c282c633ac43 pubkey=0x8548d74ab33e8dd285e72b1ea3c15eb08b66d555493bcf39aa4355af06ccf0f4469e09f110544dc04b1f3d0e7880ac1d requestTimestamp=1733518979 service=relay/api slot=34 slotStartSec=1733518979 ua="mev-boost/v1.8.1 Lighthouse/v5.3.0-2e0eb6d" version=6fc57d1-dev
time="2024-12-06T21:02:59Z" level=info msg="http: GET /eth/v1/builder/header/34/0x421118a8802934044efe5e925ec33693fa2cfbd724b6e2347402c282c633ac43/0x8548d74ab33e8dd285e72b1ea3c15eb08b66d555493bcf39aa4355af06ccf0f4469e09f110544dc04b1f3d0e7880ac1d 204" duration=0.000300 method=GET path=/eth/v1/builder/header/34/0x421118a8802934044efe5e925ec33693fa2cfbd724b6e2347402c282c633ac43/0x8548d74ab33e8dd285e72b1ea3c15eb08b66d555493bcf39aa4355af06ccf0f4469e09f110544dc04b1f3d0e7880ac1d service=relay/api status=204 version=6fc57d1-dev
time="2024-12-06T21:02:59Z" level=info msg="updated headSlot to 34" epoch=1 service=relay/api slotHead=34 slotStartNextEpoch=64 version=6fc57d1-dev
time="2024-12-06T21:02:59Z" level=debug msg="RefreshKnownValidators init" datastoreMethod=RefreshKnownValidators headSlot=34 headSlotPos=3 lastUpdateSlot=19 service=relay/api version=6fc57d1-dev
time="2024-12-06T21:02:59Z" level=debug msg="Updating builder cache with 0 builders from database" service=relay/api version=6fc57d1-dev
time="2024-12-06T21:02:59Z" level=info msg="payload attributes received for slot: 35" service=relay/api version=6fc57d1-dev
time="2024-12-06T21:02:59Z" level=info msg="updated payload attributes" headSlot=34 payloadAttrParent=0xe75394e23cd427c9a2c30726502a547bceb0fb68465570fc25105110f1d3bfe3 payloadAttrSlot=35 randao=0xf95ce7df9d11c127533bf4b211e6dd01c96764147445a8f65092324b982de0cb service=relay/api timestamp=1733518981 version=6fc57d1-dev withdrawalsRoot=0x792930bbd5baac43bcc798ee49aa8185ef76bb3b44ba62b91d86ae569e4bb535
time="2024-12-06T21:03:01Z" level=info msg="payload attributes received for slot: 36" service=relay/api version=6fc57d1-dev
time="2024-12-06T21:03:01Z" level=info msg="updated payload attributes" headSlot=34 payloadAttrParent=0xe75394e23cd427c9a2c30726502a547bceb0fb68465570fc25105110f1d3bfe3 payloadAttrSlot=36 randao=0xf95ce7df9d11c127533bf4b211e6dd01c96764147445a8f65092324b982de0cb service=relay/api timestamp=1733518983 version=6fc57d1-dev withdrawalsRoot=0x792930bbd5baac43bcc798ee49aa8185ef76bb3b44ba62b91d86ae569e4bb535
time="2024-12-06T21:03:01Z" level=debug msg="getHeader request received" headSlot=34 method=getHeader mevBoostV=v1.8.1 msIntoSlot=3 parentHash=0xe75394e23cd427c9a2c30726502a547bceb0fb68465570fc25105110f1d3bfe3 pubkey=0x996d10c3026b9344532b06c70a596f972a1e779a1f6106d3da9f6ba376bbf7ec82d2f52629e5dbf3f7d03b00f6b862af requestTimestamp=1733518981 service=relay/api slot=35 slotStartSec=1733518981 ua="mev-boost/v1.8.1 Lighthouse/v5.3.0-2e0eb6d" version=6fc57d1-dev
time="2024-12-06T21:03:01Z" level=error msg="bid was empty, skipping PROF augmentation" error="<nil>" headSlot=34 method=getHeader mevBoostV=v1.8.1 msIntoSlot=3 parentHash=0xe75394e23cd427c9a2c30726502a547bceb0fb68465570fc25105110f1d3bfe3 pubkey=0x996d10c3026b9344532b06c70a596f972a1e779a1f6106d3da9f6ba376bbf7ec82d2f52629e5dbf3f7d03b00f6b862af requestTimestamp=1733518981 service=relay/api slot=35 slotStartSec=1733518981 ua="mev-boost/v1.8.1 Lighthouse/v5.3.0-2e0eb6d" version=6fc57d1-dev
time="2024-12-06T21:03:01Z" level=info msg="http: GET /eth/v1/builder/header/35/0xe75394e23cd427c9a2c30726502a547bceb0fb68465570fc25105110f1d3bfe3/0x996d10c3026b9344532b06c70a596f972a1e779a1f6106d3da9f6ba376bbf7ec82d2f52629e5dbf3f7d03b00f6b862af 204" duration=0.000236 method=GET path=/eth/v1/builder/header/35/0xe75394e23cd427c9a2c30726502a547bceb0fb68465570fc25105110f1d3bfe3/0x996d10c3026b9344532b06c70a596f972a1e779a1f6106d3da9f6ba376bbf7ec82d2f52629e5dbf3f7d03b00f6b862af service=relay/api status=204 version=6fc57d1-dev
time="2024-12-06T21:03:01Z" level=info msg="updated headSlot to 35" epoch=1 service=relay/api slotHead=35 slotStartNextEpoch=64 version=6fc57d1-dev
time="2024-12-06T21:03:01Z" level=debug msg="RefreshKnownValidators init" datastoreMethod=RefreshKnownValidators headSlot=35 headSlotPos=4 lastUpdateSlot=19 service=relay/api version=6fc57d1-dev
time="2024-12-06T21:03:01Z" level=debug msg="Updating builder cache with 0 builders from database" service=relay/api version=6fc57d1-dev
time="2024-12-06T21:03:01Z" level=info msg="payload attributes received for slot: 36" service=relay/api version=6fc57d1-dev
time="2024-12-06T21:03:01Z" level=info msg="updated payload attributes" headSlot=35 payloadAttrParent=0x457e46b61803b2803728053c6f6ce7583161d2845d98c247295529e64944e211 payloadAttrSlot=36 randao=0x85ee3e3a8c2fdf2a187ee532baca42b1ebbdefa53a8eebc3a6ae482683262652 service=relay/api timestamp=1733518983 version=6fc57d1-dev withdrawalsRoot=0x792930bbd5baac43bcc798ee49aa8185ef76bb3b44ba62b91d86ae569e4bb535
time="2024-12-06T21:03:03Z" level=info msg="payload attributes received for slot: 37" service=relay/api version=6fc57d1-dev
time="2024-12-06T21:03:03Z" level=info msg="updated payload attributes" headSlot=35 payloadAttrParent=0x457e46b61803b2803728053c6f6ce7583161d2845d98c247295529e64944e211 payloadAttrSlot=37 randao=0x85ee3e3a8c2fdf2a187ee532baca42b1ebbdefa53a8eebc3a6ae482683262652 service=relay/api timestamp=1733518985 version=6fc57d1-dev withdrawalsRoot=0x792930bbd5baac43bcc798ee49aa8185ef76bb3b44ba62b91d86ae569e4bb535
time="2024-12-06T21:03:03Z" level=debug msg="getHeader request received" headSlot=35 method=getHeader mevBoostV=v1.8.1 msIntoSlot=4 parentHash=0x457e46b61803b2803728053c6f6ce7583161d2845d98c247295529e64944e211 pubkey=0xb9e03b94bb696b0e4c7939bce96d9e4fb1938074233d87b290b20cf66d3e48a7f3d852d89969f45c075e3dca91945832 requestTimestamp=1733518983 service=relay/api slot=36 slotStartSec=1733518983 ua="mev-boost/v1.8.1 Lighthouse/v5.3.0-2e0eb6d" version=6fc57d1-dev
time="2024-12-06T21:03:03Z" level=error msg="bid was empty, skipping PROF augmentation" error="<nil>" headSlot=35 method=getHeader mevBoostV=v1.8.1 msIntoSlot=4 parentHash=0x457e46b61803b2803728053c6f6ce7583161d2845d98c247295529e64944e211 pubkey=0xb9e03b94bb696b0e4c7939bce96d9e4fb1938074233d87b290b20cf66d3e48a7f3d852d89969f45c075e3dca91945832 requestTimestamp=1733518983 service=relay/api slot=36 slotStartSec=1733518983 ua="mev-boost/v1.8.1 Lighthouse/v5.3.0-2e0eb6d" version=6fc57d1-dev
time="2024-12-06T21:03:03Z" level=info msg="http: GET /eth/v1/builder/header/36/0x457e46b61803b2803728053c6f6ce7583161d2845d98c247295529e64944e211/0xb9e03b94bb696b0e4c7939bce96d9e4fb1938074233d87b290b20cf66d3e48a7f3d852d89969f45c075e3dca91945832 204" duration=0.000309 method=GET path=/eth/v1/builder/header/36/0x457e46b61803b2803728053c6f6ce7583161d2845d98c247295529e64944e211/0xb9e03b94bb696b0e4c7939bce96d9e4fb1938074233d87b290b20cf66d3e48a7f3d852d89969f45c075e3dca91945832 service=relay/api status=204 version=6fc57d1-dev
time="2024-12-06T21:03:03Z" level=info msg="updated headSlot to 36" epoch=1 service=relay/api slotHead=36 slotStartNextEpoch=64 version=6fc57d1-dev
time="2024-12-06T21:03:03Z" level=debug msg="Updating builder cache with 0 builders from database" service=relay/api version=6fc57d1-dev
time="2024-12-06T21:03:03Z" level=info msg="payload attributes received for slot: 37" service=relay/api version=6fc57d1-dev
time="2024-12-06T21:03:03Z" level=info msg="updated payload attributes" headSlot=36 payloadAttrParent=0x4b785ad51837e3891b9ffc22e26c8f4f2ceef524c12fd87d6809243f187c788e payloadAttrSlot=37 randao=0xf451adc26ffdef68468b4eeb938577d18ed2128a711376512193e36464a77b37 service=relay/api timestamp=1733518985 version=6fc57d1-dev withdrawalsRoot=0x792930bbd5baac43bcc798ee49aa8185ef76bb3b44ba62b91d86ae569e4bb535
time="2024-12-06T21:03:05Z" level=info msg="payload attributes received for slot: 38" service=relay/api version=6fc57d1-dev
time="2024-12-06T21:03:05Z" level=info msg="updated payload attributes" headSlot=36 payloadAttrParent=0x4b785ad51837e3891b9ffc22e26c8f4f2ceef524c12fd87d6809243f187c788e payloadAttrSlot=38 randao=0xf451adc26ffdef68468b4eeb938577d18ed2128a711376512193e36464a77b37 service=relay/api timestamp=1733518987 version=6fc57d1-dev withdrawalsRoot=0x792930bbd5baac43bcc798ee49aa8185ef76bb3b44ba62b91d86ae569e4bb535
time="2024-12-06T21:03:05Z" level=debug msg="getHeader request received" headSlot=36 method=getHeader mevBoostV=v1.8.1 msIntoSlot=3 parentHash=0x4b785ad51837e3891b9ffc22e26c8f4f2ceef524c12fd87d6809243f187c788e pubkey=0xa804e4fa8d1391a9d078aa93985a12503b84ce4f6f1f9e70ab7fca421e1cf972538666299d4c1bfc39327b469b2db7a8 requestTimestamp=1733518985 service=relay/api slot=37 slotStartSec=1733518985 ua="mev-boost/v1.8.1 Lighthouse/v5.3.0-2e0eb6d" version=6fc57d1-dev
time="2024-12-06T21:03:05Z" level=error msg="bid was empty, skipping PROF augmentation" error="<nil>" headSlot=36 method=getHeader mevBoostV=v1.8.1 msIntoSlot=3 parentHash=0x4b785ad51837e3891b9ffc22e26c8f4f2ceef524c12fd87d6809243f187c788e pubkey=0xa804e4fa8d1391a9d078aa93985a12503b84ce4f6f1f9e70ab7fca421e1cf972538666299d4c1bfc39327b469b2db7a8 requestTimestamp=1733518985 service=relay/api slot=37 slotStartSec=1733518985 ua="mev-boost/v1.8.1 Lighthouse/v5.3.0-2e0eb6d" version=6fc57d1-dev
time="2024-12-06T21:03:05Z" level=info msg="http: GET /eth/v1/builder/header/37/0x4b785ad51837e3891b9ffc22e26c8f4f2ceef524c12fd87d6809243f187c788e/0xa804e4fa8d1391a9d078aa93985a12503b84ce4f6f1f9e70ab7fca421e1cf972538666299d4c1bfc39327b469b2db7a8 204" duration=0.000230 method=GET path=/eth/v1/builder/header/37/0x4b785ad51837e3891b9ffc22e26c8f4f2ceef524c12fd87d6809243f187c788e/0xa804e4fa8d1391a9d078aa93985a12503b84ce4f6f1f9e70ab7fca421e1cf972538666299d4c1bfc39327b469b2db7a8 service=relay/api status=204 version=6fc57d1-dev
time="2024-12-06T21:03:05Z" level=info msg="updated headSlot to 37" epoch=1 service=relay/api slotHead=37 slotStartNextEpoch=64 version=6fc57d1-dev
time="2024-12-06T21:03:05Z" level=debug msg="Updating builder cache with 0 builders from database" service=relay/api version=6fc57d1-dev
time="2024-12-06T21:03:05Z" level=info msg="payload attributes received for slot: 38" service=relay/api version=6fc57d1-dev
time="2024-12-06T21:03:05Z" level=info msg="updated payload attributes" headSlot=37 payloadAttrParent=0x97751c233086555e2b6e61f421ae485578faddd65861e4fa708d22754886590c payloadAttrSlot=38 randao=0x6145a25caf5bad1abc492c2c44936f753f019e9bf6ba80e9284f17763ea9d4b3 service=relay/api timestamp=1733518987 version=6fc57d1-dev withdrawalsRoot=0x792930bbd5baac43bcc798ee49aa8185ef76bb3b44ba62b91d86ae569e4bb535
time="2024-12-06T21:03:07Z" level=info msg="payload attributes received for slot: 39" service=relay/api version=6fc57d1-dev
time="2024-12-06T21:03:07Z" level=info msg="updated payload attributes" headSlot=37 payloadAttrParent=0x97751c233086555e2b6e61f421ae485578faddd65861e4fa708d22754886590c payloadAttrSlot=39 randao=0x6145a25caf5bad1abc492c2c44936f753f019e9bf6ba80e9284f17763ea9d4b3 service=relay/api timestamp=1733518989 version=6fc57d1-dev withdrawalsRoot=0x792930bbd5baac43bcc798ee49aa8185ef76bb3b44ba62b91d86ae569e4bb535
time="2024-12-06T21:03:07Z" level=debug msg="getHeader request received" headSlot=37 method=getHeader mevBoostV=v1.8.1 msIntoSlot=7 parentHash=0x97751c233086555e2b6e61f421ae485578faddd65861e4fa708d22754886590c pubkey=0xb63f327df68581cdc02a66c1c65e906a06a1a3a8d7a6e38f7b6da944e8e6cc2db85fced5327d8c12945ceb33018272ca requestTimestamp=1733518987 service=relay/api slot=38 slotStartSec=1733518987 ua="mev-boost/v1.8.1 Lighthouse/v5.3.0-2e0eb6d" version=6fc57d1-dev
time="2024-12-06T21:03:07Z" level=error msg="bid was empty, skipping PROF augmentation" error="<nil>" headSlot=37 method=getHeader mevBoostV=v1.8.1 msIntoSlot=7 parentHash=0x97751c233086555e2b6e61f421ae485578faddd65861e4fa708d22754886590c pubkey=0xb63f327df68581cdc02a66c1c65e906a06a1a3a8d7a6e38f7b6da944e8e6cc2db85fced5327d8c12945ceb33018272ca requestTimestamp=1733518987 service=relay/api slot=38 slotStartSec=1733518987 ua="mev-boost/v1.8.1 Lighthouse/v5.3.0-2e0eb6d" version=6fc57d1-dev
time="2024-12-06T21:03:07Z" level=info msg="http: GET /eth/v1/builder/header/38/0x97751c233086555e2b6e61f421ae485578faddd65861e4fa708d22754886590c/0xb63f327df68581cdc02a66c1c65e906a06a1a3a8d7a6e38f7b6da944e8e6cc2db85fced5327d8c12945ceb33018272ca 204" duration=0.001003 method=GET path=/eth/v1/builder/header/38/0x97751c233086555e2b6e61f421ae485578faddd65861e4fa708d22754886590c/0xb63f327df68581cdc02a66c1c65e906a06a1a3a8d7a6e38f7b6da944e8e6cc2db85fced5327d8c12945ceb33018272ca service=relay/api status=204 version=6fc57d1-dev
time="2024-12-06T21:03:07Z" level=info msg="Querying validators from beacon node... (this may take a while)" datastoreMethod=RefreshKnownValidators headSlot=35 headSlotPos=4 lastUpdateSlot=19 service=relay/api version=6fc57d1-dev
time="2024-12-06T21:03:07Z" level=debug msg="fetching validators" component=beaconClient service=relay/api uri="http://172.16.4.16:4000" version=6fc57d1-dev
time="2024-12-06T21:03:07Z" level=info msg="received known validators from beacon-node" datastoreMethod=RefreshKnownValidators durationFetchValidatorsMs=3 headSlot=35 headSlotPos=4 lastUpdateSlot=19 numKnownValidators=128 service=relay/api version=6fc57d1-dev
time="2024-12-06T21:03:07Z" level=info msg="known validators updated" datastoreMethod=RefreshKnownValidators durationFetchValidatorsMs=3 headSlot=35 headSlotPos=4 lastUpdateSlot=19 numKnownValidators=128 service=relay/api version=6fc57d1-dev
time="2024-12-06T21:03:07Z" level=info msg="updated headSlot to 38" epoch=1 service=relay/api slotHead=38 slotStartNextEpoch=64 version=6fc57d1-dev
time="2024-12-06T21:03:07Z" level=debug msg="Updating builder cache with 0 builders from database" service=relay/api version=6fc57d1-dev
time="2024-12-06T21:03:07Z" level=info msg="payload attributes received for slot: 39" service=relay/api version=6fc57d1-dev
time="2024-12-06T21:03:07Z" level=info msg="updated payload attributes" headSlot=38 payloadAttrParent=0x39601f6ef6ffc7a9909882fc21557a0003228f5832a4b42fa6b10bd371b2a415 payloadAttrSlot=39 randao=0x344e851724ed4a479e1decdb30e4b51c32ce8fef6b218a3a30bd723b730958e2 service=relay/api timestamp=1733518989 version=6fc57d1-dev withdrawalsRoot=0x792930bbd5baac43bcc798ee49aa8185ef76bb3b44ba62b91d86ae569e4bb535
time="2024-12-06T21:03:09Z" level=info msg="payload attributes received for slot: 40" service=relay/api version=6fc57d1-dev
time="2024-12-06T21:03:09Z" level=info msg="updated payload attributes" headSlot=38 payloadAttrParent=0x39601f6ef6ffc7a9909882fc21557a0003228f5832a4b42fa6b10bd371b2a415 payloadAttrSlot=40 randao=0x344e851724ed4a479e1decdb30e4b51c32ce8fef6b218a3a30bd723b730958e2 service=relay/api timestamp=1733518991 version=6fc57d1-dev withdrawalsRoot=0x792930bbd5baac43bcc798ee49aa8185ef76bb3b44ba62b91d86ae569e4bb535
time="2024-12-06T21:03:09Z" level=debug msg="getHeader request received" headSlot=38 method=getHeader mevBoostV=v1.8.1 msIntoSlot=6 parentHash=0x39601f6ef6ffc7a9909882fc21557a0003228f5832a4b42fa6b10bd371b2a415 pubkey=0xaee3fbc60f939c125877a4f4529517edcf114fdb83715f9f4041eccebb91323ce8c4784ff87815c38752517b3d2e2725 requestTimestamp=1733518989 service=relay/api slot=39 slotStartSec=1733518989 ua="mev-boost/v1.8.1 Lighthouse/v5.3.0-2e0eb6d" version=6fc57d1-dev
time="2024-12-06T21:03:09Z" level=error msg="bid was empty, skipping PROF augmentation" error="<nil>" headSlot=38 method=getHeader mevBoostV=v1.8.1 msIntoSlot=6 parentHash=0x39601f6ef6ffc7a9909882fc21557a0003228f5832a4b42fa6b10bd371b2a415 pubkey=0xaee3fbc60f939c125877a4f4529517edcf114fdb83715f9f4041eccebb91323ce8c4784ff87815c38752517b3d2e2725 requestTimestamp=1733518989 service=relay/api slot=39 slotStartSec=1733518989 ua="mev-boost/v1.8.1 Lighthouse/v5.3.0-2e0eb6d" version=6fc57d1-dev
time="2024-12-06T21:03:09Z" level=info msg="http: GET /eth/v1/builder/header/39/0x39601f6ef6ffc7a9909882fc21557a0003228f5832a4b42fa6b10bd371b2a415/0xaee3fbc60f939c125877a4f4529517edcf114fdb83715f9f4041eccebb91323ce8c4784ff87815c38752517b3d2e2725 204" duration=0.000695 method=GET path=/eth/v1/builder/header/39/0x39601f6ef6ffc7a9909882fc21557a0003228f5832a4b42fa6b10bd371b2a415/0xaee3fbc60f939c125877a4f4529517edcf114fdb83715f9f4041eccebb91323ce8c4784ff87815c38752517b3d2e2725 service=relay/api status=204 version=6fc57d1-dev
time="2024-12-06T21:03:09Z" level=info msg="updated headSlot to 39" epoch=1 service=relay/api slotHead=39 slotStartNextEpoch=64 version=6fc57d1-dev
time="2024-12-06T21:03:09Z" level=debug msg="Updating builder cache with 0 builders from database" service=relay/api version=6fc57d1-dev
time="2024-12-06T21:03:09Z" level=info msg="payload attributes received for slot: 40" service=relay/api version=6fc57d1-dev
time="2024-12-06T21:03:09Z" level=info msg="updated payload attributes" headSlot=39 payloadAttrParent=0x5a6df2871d819fa2b8ef5ab3c965c7f54239553f0eebfcc24ee256e652e43389 payloadAttrSlot=40 randao=0x5d15f3bc869749b9dbf30305657c0a0b259ab1f32dedc71bc4bff93aad99fde2 service=relay/api timestamp=1733518991 version=6fc57d1-dev withdrawalsRoot=0x792930bbd5baac43bcc798ee49aa8185ef76bb3b44ba62b91d86ae569e4bb535
time="2024-12-06T21:03:11Z" level=info msg="payload attributes received for slot: 41" service=relay/api version=6fc57d1-dev
time="2024-12-06T21:03:11Z" level=info msg="updated payload attributes" headSlot=39 payloadAttrParent=0x5a6df2871d819fa2b8ef5ab3c965c7f54239553f0eebfcc24ee256e652e43389 payloadAttrSlot=41 randao=0x5d15f3bc869749b9dbf30305657c0a0b259ab1f32dedc71bc4bff93aad99fde2 service=relay/api timestamp=1733518993 version=6fc57d1-dev withdrawalsRoot=0x792930bbd5baac43bcc798ee49aa8185ef76bb3b44ba62b91d86ae569e4bb535
time="2024-12-06T21:03:11Z" level=debug msg="getHeader request received" headSlot=39 method=getHeader mevBoostV=v1.8.1 msIntoSlot=8 parentHash=0x5a6df2871d819fa2b8ef5ab3c965c7f54239553f0eebfcc24ee256e652e43389 pubkey=0xb0d4372ed0f55fa767a5fefc734c155a33821ffb6e6be4f628955a6477cf1d4f12c1d0e82426a8ca14b9e92ef094472f requestTimestamp=1733518991 service=relay/api slot=40 slotStartSec=1733518991 ua="mev-boost/v1.8.1 Lighthouse/v5.3.0-2e0eb6d" version=6fc57d1-dev
time="2024-12-06T21:03:11Z" level=error msg="bid was empty, skipping PROF augmentation" error="<nil>" headSlot=39 method=getHeader mevBoostV=v1.8.1 msIntoSlot=8 parentHash=0x5a6df2871d819fa2b8ef5ab3c965c7f54239553f0eebfcc24ee256e652e43389 pubkey=0xb0d4372ed0f55fa767a5fefc734c155a33821ffb6e6be4f628955a6477cf1d4f12c1d0e82426a8ca14b9e92ef094472f requestTimestamp=1733518991 service=relay/api slot=40 slotStartSec=1733518991 ua="mev-boost/v1.8.1 Lighthouse/v5.3.0-2e0eb6d" version=6fc57d1-dev
time="2024-12-06T21:03:11Z" level=info msg="http: GET /eth/v1/builder/header/40/0x5a6df2871d819fa2b8ef5ab3c965c7f54239553f0eebfcc24ee256e652e43389/0xb0d4372ed0f55fa767a5fefc734c155a33821ffb6e6be4f628955a6477cf1d4f12c1d0e82426a8ca14b9e92ef094472f 204" duration=0.000748 method=GET path=/eth/v1/builder/header/40/0x5a6df2871d819fa2b8ef5ab3c965c7f54239553f0eebfcc24ee256e652e43389/0xb0d4372ed0f55fa767a5fefc734c155a33821ffb6e6be4f628955a6477cf1d4f12c1d0e82426a8ca14b9e92ef094472f service=relay/api status=204 version=6fc57d1-dev
time="2024-12-06T21:03:11Z" level=info msg="updated headSlot to 40" epoch=1 service=relay/api slotHead=40 slotStartNextEpoch=64 version=6fc57d1-dev
time="2024-12-06T21:03:11Z" level=debug msg="Updating builder cache with 0 builders from database" service=relay/api version=6fc57d1-dev
time="2024-12-06T21:03:11Z" level=info msg="proposer duties updated: 32, 43, 46, 47, 48, 50, 55, 60, 65, 76, 82, 83, 90" service=relay/api version=6fc57d1-dev
time="2024-12-06T21:03:11Z" level=info msg="payload attributes received for slot: 41" service=relay/api version=6fc57d1-dev
time="2024-12-06T21:03:11Z" level=info msg="updated payload attributes" headSlot=40 payloadAttrParent=0x404b45d2cfd6601b64a800ca46eba1c54159840b44dd158ad695996d972ac845 payloadAttrSlot=41 randao=0xeea70ed4e841dadd2184a88acc0ef5e83c276ab1d6299da11a17cae9276d1f31 service=relay/api timestamp=1733518993 version=6fc57d1-dev withdrawalsRoot=0x792930bbd5baac43bcc798ee49aa8185ef76bb3b44ba62b91d86ae569e4bb535
time="2024-12-06T21:03:13Z" level=info msg="payload attributes received for slot: 42" service=relay/api version=6fc57d1-dev
time="2024-12-06T21:03:13Z" level=info msg="updated payload attributes" headSlot=40 payloadAttrParent=0x404b45d2cfd6601b64a800ca46eba1c54159840b44dd158ad695996d972ac845 payloadAttrSlot=42 randao=0xeea70ed4e841dadd2184a88acc0ef5e83c276ab1d6299da11a17cae9276d1f31 service=relay/api timestamp=1733518995 version=6fc57d1-dev withdrawalsRoot=0x792930bbd5baac43bcc798ee49aa8185ef76bb3b44ba62b91d86ae569e4bb535
time="2024-12-06T21:03:13Z" level=debug msg="getHeader request received" headSlot=40 method=getHeader mevBoostV=v1.8.1 msIntoSlot=5 parentHash=0x404b45d2cfd6601b64a800ca46eba1c54159840b44dd158ad695996d972ac845 pubkey=0x86e014747c7922ccfc2b9d4bf6c1ecf0dc800197037858d0b85ab1944b4c3c14b95e0ed325bc42a6f467bc47ec27bc7b requestTimestamp=1733518993 service=relay/api slot=41 slotStartSec=1733518993 ua="mev-boost/v1.8.1 Lighthouse/v5.3.0-2e0eb6d" version=6fc57d1-dev
time="2024-12-06T21:03:13Z" level=error msg="bid was empty, skipping PROF augmentation" error="<nil>" headSlot=40 method=getHeader mevBoostV=v1.8.1 msIntoSlot=5 parentHash=0x404b45d2cfd6601b64a800ca46eba1c54159840b44dd158ad695996d972ac845 pubkey=0x86e014747c7922ccfc2b9d4bf6c1ecf0dc800197037858d0b85ab1944b4c3c14b95e0ed325bc42a6f467bc47ec27bc7b requestTimestamp=1733518993 service=relay/api slot=41 slotStartSec=1733518993 ua="mev-boost/v1.8.1 Lighthouse/v5.3.0-2e0eb6d" version=6fc57d1-dev
time="2024-12-06T21:03:13Z" level=info msg="http: GET /eth/v1/builder/header/41/0x404b45d2cfd6601b64a800ca46eba1c54159840b44dd158ad695996d972ac845/0x86e014747c7922ccfc2b9d4bf6c1ecf0dc800197037858d0b85ab1944b4c3c14b95e0ed325bc42a6f467bc47ec27bc7b 204" duration=0.000307 method=GET path=/eth/v1/builder/header/41/0x404b45d2cfd6601b64a800ca46eba1c54159840b44dd158ad695996d972ac845/0x86e014747c7922ccfc2b9d4bf6c1ecf0dc800197037858d0b85ab1944b4c3c14b95e0ed325bc42a6f467bc47ec27bc7b service=relay/api status=204 version=6fc57d1-dev
time="2024-12-06T21:03:13Z" level=info msg="updated headSlot to 41" epoch=1 service=relay/api slotHead=41 slotStartNextEpoch=64 version=6fc57d1-dev
time="2024-12-06T21:03:13Z" level=debug msg="RefreshKnownValidators init" datastoreMethod=RefreshKnownValidators headSlot=41 headSlotPos=10 lastUpdateSlot=35 service=relay/api version=6fc57d1-dev
time="2024-12-06T21:03:13Z" level=debug msg="Updating builder cache with 0 builders from database" service=relay/api version=6fc57d1-dev
time="2024-12-06T21:03:13Z" level=info msg="payload attributes received for slot: 42" service=relay/api version=6fc57d1-dev
time="2024-12-06T21:03:13Z" level=info msg="updated payload attributes" headSlot=41 payloadAttrParent=0x045097f30470c4468281743303b47dbbdd1a90d2992ea9fbbd7dcaa7ca10783a payloadAttrSlot=42 randao=0x4904c0ef6f3c12a17fc73f3853f74fae85644e81a2f6e47690c4b462d425202e service=relay/api timestamp=1733518995 version=6fc57d1-dev withdrawalsRoot=0x792930bbd5baac43bcc798ee49aa8185ef76bb3b44ba62b91d86ae569e4bb535
time="2024-12-06T21:03:15Z" level=info msg="payload attributes received for slot: 43" service=relay/api version=6fc57d1-dev
time="2024-12-06T21:03:15Z" level=info msg="updated payload attributes" headSlot=41 payloadAttrParent=0x045097f30470c4468281743303b47dbbdd1a90d2992ea9fbbd7dcaa7ca10783a payloadAttrSlot=43 randao=0x4904c0ef6f3c12a17fc73f3853f74fae85644e81a2f6e47690c4b462d425202e service=relay/api timestamp=1733518997 version=6fc57d1-dev withdrawalsRoot=0x792930bbd5baac43bcc798ee49aa8185ef76bb3b44ba62b91d86ae569e4bb535
time="2024-12-06T21:03:15Z" level=debug msg="getHeader request received" headSlot=41 method=getHeader mevBoostV=v1.8.1 msIntoSlot=12 parentHash=0x045097f30470c4468281743303b47dbbdd1a90d2992ea9fbbd7dcaa7ca10783a pubkey=0xabd3280a86fbb8d736717d8bd950920873ff7bb8a68ac4d7c339bb3c783c6f4e6e29912f6a3528e04b13aef57d4290a1 requestTimestamp=1733518995 service=relay/api slot=42 slotStartSec=1733518995 ua="mev-boost/v1.8.1 Lighthouse/v5.3.0-2e0eb6d" version=6fc57d1-dev
time="2024-12-06T21:03:15Z" level=error msg="bid was empty, skipping PROF augmentation" error="<nil>" headSlot=41 method=getHeader mevBoostV=v1.8.1 msIntoSlot=12 parentHash=0x045097f30470c4468281743303b47dbbdd1a90d2992ea9fbbd7dcaa7ca10783a pubkey=0xabd3280a86fbb8d736717d8bd950920873ff7bb8a68ac4d7c339bb3c783c6f4e6e29912f6a3528e04b13aef57d4290a1 requestTimestamp=1733518995 service=relay/api slot=42 slotStartSec=1733518995 ua="mev-boost/v1.8.1 Lighthouse/v5.3.0-2e0eb6d" version=6fc57d1-dev
time="2024-12-06T21:03:15Z" level=info msg="http: GET /eth/v1/builder/header/42/0x045097f30470c4468281743303b47dbbdd1a90d2992ea9fbbd7dcaa7ca10783a/0xabd3280a86fbb8d736717d8bd950920873ff7bb8a68ac4d7c339bb3c783c6f4e6e29912f6a3528e04b13aef57d4290a1 204" duration=0.000303 method=GET path=/eth/v1/builder/header/42/0x045097f30470c4468281743303b47dbbdd1a90d2992ea9fbbd7dcaa7ca10783a/0xabd3280a86fbb8d736717d8bd950920873ff7bb8a68ac4d7c339bb3c783c6f4e6e29912f6a3528e04b13aef57d4290a1 service=relay/api status=204 version=6fc57d1-dev
time="2024-12-06T21:03:15Z" level=info msg="updated headSlot to 42" epoch=1 service=relay/api slotHead=42 slotStartNextEpoch=64 version=6fc57d1-dev
time="2024-12-06T21:03:15Z" level=debug msg="RefreshKnownValidators init" datastoreMethod=RefreshKnownValidators headSlot=42 headSlotPos=11 lastUpdateSlot=35 service=relay/api version=6fc57d1-dev
time="2024-12-06T21:03:15Z" level=debug msg="Updating builder cache with 0 builders from database" service=relay/api version=6fc57d1-dev
time="2024-12-06T21:03:15Z" level=info msg="payload attributes received for slot: 43" service=relay/api version=6fc57d1-dev
time="2024-12-06T21:03:15Z" level=info msg="updated payload attributes" headSlot=42 payloadAttrParent=0x1f04f228ea7ec32c24ed7a75252a74cb0286a0bcbe0fd21fe41d8164e3d67aa6 payloadAttrSlot=43 randao=0xe39fb550d3d17daad07cbf2c413441aade7d5e021506903d9b901459c2323827 service=relay/api timestamp=1733518997 version=6fc57d1-dev withdrawalsRoot=0x792930bbd5baac43bcc798ee49aa8185ef76bb3b44ba62b91d86ae569e4bb535
time="2024-12-06T21:03:17Z" level=info msg="payload attributes received for slot: 44" service=relay/api version=6fc57d1-dev
time="2024-12-06T21:03:17Z" level=info msg="updated payload attributes" headSlot=42 payloadAttrParent=0x1f04f228ea7ec32c24ed7a75252a74cb0286a0bcbe0fd21fe41d8164e3d67aa6 payloadAttrSlot=44 randao=0xe39fb550d3d17daad07cbf2c413441aade7d5e021506903d9b901459c2323827 service=relay/api timestamp=1733518999 version=6fc57d1-dev withdrawalsRoot=0x792930bbd5baac43bcc798ee49aa8185ef76bb3b44ba62b91d86ae569e4bb535
time="2024-12-06T21:03:17Z" level=debug msg="getHeader request received" headSlot=42 method=getHeader mevBoostV=v1.8.1 msIntoSlot=6 parentHash=0x1f04f228ea7ec32c24ed7a75252a74cb0286a0bcbe0fd21fe41d8164e3d67aa6 pubkey=0xa9fdcd176de75a9a1ec07d553a267413ec5406ea5f46a65d924519da3fa4b3009e2bb350fed52a51bd8683fca5d6184a requestTimestamp=1733518997 service=relay/api slot=43 slotStartSec=1733518997 ua="mev-boost/v1.8.1 Lighthouse/v5.3.0-2e0eb6d" version=6fc57d1-dev
time="2024-12-06T21:03:17Z" level=error msg="bid was empty, skipping PROF augmentation" error="<nil>" headSlot=42 method=getHeader mevBoostV=v1.8.1 msIntoSlot=6 parentHash=0x1f04f228ea7ec32c24ed7a75252a74cb0286a0bcbe0fd21fe41d8164e3d67aa6 pubkey=0xa9fdcd176de75a9a1ec07d553a267413ec5406ea5f46a65d924519da3fa4b3009e2bb350fed52a51bd8683fca5d6184a requestTimestamp=1733518997 service=relay/api slot=43 slotStartSec=1733518997 ua="mev-boost/v1.8.1 Lighthouse/v5.3.0-2e0eb6d" version=6fc57d1-dev
time="2024-12-06T21:03:17Z" level=info msg="http: GET /eth/v1/builder/header/43/0x1f04f228ea7ec32c24ed7a75252a74cb0286a0bcbe0fd21fe41d8164e3d67aa6/0xa9fdcd176de75a9a1ec07d553a267413ec5406ea5f46a65d924519da3fa4b3009e2bb350fed52a51bd8683fca5d6184a 204" duration=0.000797 method=GET path=/eth/v1/builder/header/43/0x1f04f228ea7ec32c24ed7a75252a74cb0286a0bcbe0fd21fe41d8164e3d67aa6/0xa9fdcd176de75a9a1ec07d553a267413ec5406ea5f46a65d924519da3fa4b3009e2bb350fed52a51bd8683fca5d6184a service=relay/api status=204 version=6fc57d1-dev
time="2024-12-06T21:03:17Z" level=info msg="updated headSlot to 43" epoch=1 service=relay/api slotHead=43 slotStartNextEpoch=64 version=6fc57d1-dev
time="2024-12-06T21:03:17Z" level=debug msg="RefreshKnownValidators init" datastoreMethod=RefreshKnownValidators headSlot=43 headSlotPos=12 lastUpdateSlot=35 service=relay/api version=6fc57d1-dev
time="2024-12-06T21:03:17Z" level=debug msg="Updating builder cache with 0 builders from database" service=relay/api version=6fc57d1-dev
time="2024-12-06T21:03:17Z" level=info msg="payload attributes received for slot: 44" service=relay/api version=6fc57d1-dev
time="2024-12-06T21:03:17Z" level=info msg="updated payload attributes" headSlot=43 payloadAttrParent=0x9087fabb82f1accc2e2ed4ee7f8efb34d347418f361907f2d0b3f75a3737f1e9 payloadAttrSlot=44 randao=0xcf1e937528b89bb03780d99a7cfcb70b0f81159fa9cbdb05458a3317f09351c9 service=relay/api timestamp=1733518999 version=6fc57d1-dev withdrawalsRoot=0x792930bbd5baac43bcc798ee49aa8185ef76bb3b44ba62b91d86ae569e4bb535
time="2024-12-06T21:03:19Z" level=info msg="payload attributes received for slot: 45" service=relay/api version=6fc57d1-dev
time="2024-12-06T21:03:19Z" level=info msg="updated payload attributes" headSlot=43 payloadAttrParent=0x9087fabb82f1accc2e2ed4ee7f8efb34d347418f361907f2d0b3f75a3737f1e9 payloadAttrSlot=45 randao=0xcf1e937528b89bb03780d99a7cfcb70b0f81159fa9cbdb05458a3317f09351c9 service=relay/api timestamp=1733519001 version=6fc57d1-dev withdrawalsRoot=0x792930bbd5baac43bcc798ee49aa8185ef76bb3b44ba62b91d86ae569e4bb535
time="2024-12-06T21:03:19Z" level=debug msg="getHeader request received" headSlot=43 method=getHeader mevBoostV=v1.8.1 msIntoSlot=4 parentHash=0x9087fabb82f1accc2e2ed4ee7f8efb34d347418f361907f2d0b3f75a3737f1e9 pubkey=0x95833097520df43a5cb013e97f80041a7a0b7d84a4ec79e2f16baeeb6edfbcf62ede97becfde73883831bb65e1415dc0 requestTimestamp=1733518999 service=relay/api slot=44 slotStartSec=1733518999 ua="mev-boost/v1.8.1 Lighthouse/v5.3.0-2e0eb6d" version=6fc57d1-dev
time="2024-12-06T21:03:19Z" level=error msg="bid was empty, skipping PROF augmentation" error="<nil>" headSlot=43 method=getHeader mevBoostV=v1.8.1 msIntoSlot=4 parentHash=0x9087fabb82f1accc2e2ed4ee7f8efb34d347418f361907f2d0b3f75a3737f1e9 pubkey=0x95833097520df43a5cb013e97f80041a7a0b7d84a4ec79e2f16baeeb6edfbcf62ede97becfde73883831bb65e1415dc0 requestTimestamp=1733518999 service=relay/api slot=44 slotStartSec=1733518999 ua="mev-boost/v1.8.1 Lighthouse/v5.3.0-2e0eb6d" version=6fc57d1-dev
time="2024-12-06T21:03:19Z" level=info msg="http: GET /eth/v1/builder/header/44/0x9087fabb82f1accc2e2ed4ee7f8efb34d347418f361907f2d0b3f75a3737f1e9/0x95833097520df43a5cb013e97f80041a7a0b7d84a4ec79e2f16baeeb6edfbcf62ede97becfde73883831bb65e1415dc0 204" duration=0.000286 method=GET path=/eth/v1/builder/header/44/0x9087fabb82f1accc2e2ed4ee7f8efb34d347418f361907f2d0b3f75a3737f1e9/0x95833097520df43a5cb013e97f80041a7a0b7d84a4ec79e2f16baeeb6edfbcf62ede97becfde73883831bb65e1415dc0 service=relay/api status=204 version=6fc57d1-dev
time="2024-12-06T21:03:19Z" level=info msg="updated headSlot to 44" epoch=1 service=relay/api slotHead=44 slotStartNextEpoch=64 version=6fc57d1-dev
time="2024-12-06T21:03:19Z" level=debug msg="RefreshKnownValidators init" datastoreMethod=RefreshKnownValidators headSlot=44 headSlotPos=13 lastUpdateSlot=35 service=relay/api version=6fc57d1-dev
time="2024-12-06T21:03:19Z" level=debug msg="Updating builder cache with 0 builders from database" service=relay/api version=6fc57d1-dev
time="2024-12-06T21:03:19Z" level=info msg="payload attributes received for slot: 45" service=relay/api version=6fc57d1-dev
time="2024-12-06T21:03:19Z" level=info msg="updated payload attributes" headSlot=44 payloadAttrParent=0x9160794b98ff87944448d3e95a8ae7774ba5562f9d20701f38b6cf0527369c51 payloadAttrSlot=45 randao=0xbde579dc694277764c47f49cbd91a7e4dc56588a2570e2ac7cf1e2411875ee4e service=relay/api timestamp=1733519001 version=6fc57d1-dev withdrawalsRoot=0x792930bbd5baac43bcc798ee49aa8185ef76bb3b44ba62b91d86ae569e4bb535
time="2024-12-06T21:03:21Z" level=info msg="payload attributes received for slot: 46" service=relay/api version=6fc57d1-dev
time="2024-12-06T21:03:21Z" level=info msg="updated payload attributes" headSlot=44 payloadAttrParent=0x9160794b98ff87944448d3e95a8ae7774ba5562f9d20701f38b6cf0527369c51 payloadAttrSlot=46 randao=0xbde579dc694277764c47f49cbd91a7e4dc56588a2570e2ac7cf1e2411875ee4e service=relay/api timestamp=1733519003 version=6fc57d1-dev withdrawalsRoot=0x792930bbd5baac43bcc798ee49aa8185ef76bb3b44ba62b91d86ae569e4bb535
time="2024-12-06T21:03:21Z" level=debug msg="getHeader request received" headSlot=44 method=getHeader mevBoostV=v1.8.1 msIntoSlot=8 parentHash=0x9160794b98ff87944448d3e95a8ae7774ba5562f9d20701f38b6cf0527369c51 pubkey=0x896a51e0b0de0f29029af38b796db1f1e6d0f9f9085ade40a313a60cb723fa3d58f6587175570086c4fbf0fe5331f1c8 requestTimestamp=1733519001 service=relay/api slot=45 slotStartSec=1733519001 ua="mev-boost/v1.8.1 Lighthouse/v5.3.0-2e0eb6d" version=6fc57d1-dev
time="2024-12-06T21:03:21Z" level=error msg="bid was empty, skipping PROF augmentation" error="<nil>" headSlot=44 method=getHeader mevBoostV=v1.8.1 msIntoSlot=8 parentHash=0x9160794b98ff87944448d3e95a8ae7774ba5562f9d20701f38b6cf0527369c51 pubkey=0x896a51e0b0de0f29029af38b796db1f1e6d0f9f9085ade40a313a60cb723fa3d58f6587175570086c4fbf0fe5331f1c8 requestTimestamp=1733519001 service=relay/api slot=45 slotStartSec=1733519001 ua="mev-boost/v1.8.1 Lighthouse/v5.3.0-2e0eb6d" version=6fc57d1-dev
time="2024-12-06T21:03:21Z" level=info msg="http: GET /eth/v1/builder/header/45/0x9160794b98ff87944448d3e95a8ae7774ba5562f9d20701f38b6cf0527369c51/0x896a51e0b0de0f29029af38b796db1f1e6d0f9f9085ade40a313a60cb723fa3d58f6587175570086c4fbf0fe5331f1c8 204" duration=0.000261 method=GET path=/eth/v1/builder/header/45/0x9160794b98ff87944448d3e95a8ae7774ba5562f9d20701f38b6cf0527369c51/0x896a51e0b0de0f29029af38b796db1f1e6d0f9f9085ade40a313a60cb723fa3d58f6587175570086c4fbf0fe5331f1c8 service=relay/api status=204 version=6fc57d1-dev
time="2024-12-06T21:03:21Z" level=info msg="updated headSlot to 45" epoch=1 service=relay/api slotHead=45 slotStartNextEpoch=64 version=6fc57d1-dev
time="2024-12-06T21:03:21Z" level=debug msg="RefreshKnownValidators init" datastoreMethod=RefreshKnownValidators headSlot=45 headSlotPos=14 lastUpdateSlot=35 service=relay/api version=6fc57d1-dev
time="2024-12-06T21:03:21Z" level=debug msg="Updating builder cache with 0 builders from database" service=relay/api version=6fc57d1-dev
time="2024-12-06T21:03:21Z" level=info msg="payload attributes received for slot: 46" service=relay/api version=6fc57d1-dev
time="2024-12-06T21:03:21Z" level=info msg="updated payload attributes" headSlot=45 payloadAttrParent=0x4ad3d99ff3f68520186eef5b1ad86f52d46a581f58100c3bb2aa06a5023aa554 payloadAttrSlot=46 randao=0x7fbfb576ffa51d83cecf612ee542d4b456dc8589bd85b87e7065a82dd4443489 service=relay/api timestamp=1733519003 version=6fc57d1-dev withdrawalsRoot=0x792930bbd5baac43bcc798ee49aa8185ef76bb3b44ba62b91d86ae569e4bb535
time="2024-12-06T21:03:23Z" level=info msg="payload attributes received for slot: 47" service=relay/api version=6fc57d1-dev
time="2024-12-06T21:03:23Z" level=info msg="updated payload attributes" headSlot=45 payloadAttrParent=0x4ad3d99ff3f68520186eef5b1ad86f52d46a581f58100c3bb2aa06a5023aa554 payloadAttrSlot=47 randao=0x7fbfb576ffa51d83cecf612ee542d4b456dc8589bd85b87e7065a82dd4443489 service=relay/api timestamp=1733519005 version=6fc57d1-dev withdrawalsRoot=0x792930bbd5baac43bcc798ee49aa8185ef76bb3b44ba62b91d86ae569e4bb535
time="2024-12-06T21:03:23Z" level=debug msg="getHeader request received" headSlot=45 method=getHeader mevBoostV=v1.8.1 msIntoSlot=8 parentHash=0x4ad3d99ff3f68520186eef5b1ad86f52d46a581f58100c3bb2aa06a5023aa554 pubkey=0xb72cb106b7bc1ecae219e0ae1830a509ed18a042b56a2779f4033419de69ba8ae8017090caed1f5377bfa68506157360 requestTimestamp=1733519003 service=relay/api slot=46 slotStartSec=1733519003 ua="mev-boost/v1.8.1 Lighthouse/v5.3.0-2e0eb6d" version=6fc57d1-dev
time="2024-12-06T21:03:23Z" level=error msg="bid was empty, skipping PROF augmentation" error="<nil>" headSlot=45 method=getHeader mevBoostV=v1.8.1 msIntoSlot=8 parentHash=0x4ad3d99ff3f68520186eef5b1ad86f52d46a581f58100c3bb2aa06a5023aa554 pubkey=0xb72cb106b7bc1ecae219e0ae1830a509ed18a042b56a2779f4033419de69ba8ae8017090caed1f5377bfa68506157360 requestTimestamp=1733519003 service=relay/api slot=46 slotStartSec=1733519003 ua="mev-boost/v1.8.1 Lighthouse/v5.3.0-2e0eb6d" version=6fc57d1-dev
time="2024-12-06T21:03:23Z" level=info msg="http: GET /eth/v1/builder/header/46/0x4ad3d99ff3f68520186eef5b1ad86f52d46a581f58100c3bb2aa06a5023aa554/0xb72cb106b7bc1ecae219e0ae1830a509ed18a042b56a2779f4033419de69ba8ae8017090caed1f5377bfa68506157360 204" duration=0.000369 method=GET path=/eth/v1/builder/header/46/0x4ad3d99ff3f68520186eef5b1ad86f52d46a581f58100c3bb2aa06a5023aa554/0xb72cb106b7bc1ecae219e0ae1830a509ed18a042b56a2779f4033419de69ba8ae8017090caed1f5377bfa68506157360 service=relay/api status=204 version=6fc57d1-dev
time="2024-12-06T21:03:23Z" level=info msg="updated headSlot to 46" epoch=1 service=relay/api slotHead=46 slotStartNextEpoch=64 version=6fc57d1-dev
time="2024-12-06T21:03:23Z" level=debug msg="RefreshKnownValidators init" datastoreMethod=RefreshKnownValidators headSlot=46 headSlotPos=15 lastUpdateSlot=35 service=relay/api version=6fc57d1-dev
time="2024-12-06T21:03:23Z" level=debug msg="Updating builder cache with 0 builders from database" service=relay/api version=6fc57d1-dev
time="2024-12-06T21:03:23Z" level=info msg="payload attributes received for slot: 47" service=relay/api version=6fc57d1-dev
time="2024-12-06T21:03:23Z" level=info msg="updated payload attributes" headSlot=46 payloadAttrParent=0x0e577d87246a12795a48f8a16b8d5bc934e20e7b6fd5b523199235493ff98a05 payloadAttrSlot=47 randao=0x55b28386a32bec18499cc9db357d8cc5ef24fb478277d0584fcd125d022745ea service=relay/api timestamp=1733519005 version=6fc57d1-dev withdrawalsRoot=0x792930bbd5baac43bcc798ee49aa8185ef76bb3b44ba62b91d86ae569e4bb535
time="2024-12-06T21:03:25Z" level=info msg="payload attributes received for slot: 48" service=relay/api version=6fc57d1-dev
time="2024-12-06T21:03:25Z" level=info msg="updated payload attributes" headSlot=46 payloadAttrParent=0x0e577d87246a12795a48f8a16b8d5bc934e20e7b6fd5b523199235493ff98a05 payloadAttrSlot=48 randao=0x55b28386a32bec18499cc9db357d8cc5ef24fb478277d0584fcd125d022745ea service=relay/api timestamp=1733519007 version=6fc57d1-dev withdrawalsRoot=0x792930bbd5baac43bcc798ee49aa8185ef76bb3b44ba62b91d86ae569e4bb535
time="2024-12-06T21:03:25Z" level=debug msg="getHeader request received" headSlot=46 method=getHeader mevBoostV=v1.8.1 msIntoSlot=9 parentHash=0x0e577d87246a12795a48f8a16b8d5bc934e20e7b6fd5b523199235493ff98a05 pubkey=0x8aa5bbee21e98c7b9e7a4c8ea45aa99f89e22992fa4fc2d73869d77da4cc8a05b25b61931ff521986677dd7f7159e8e6 requestTimestamp=1733519005 service=relay/api slot=47 slotStartSec=1733519005 ua="mev-boost/v1.8.1 Lighthouse/v5.3.0-2e0eb6d" version=6fc57d1-dev
time="2024-12-06T21:03:25Z" level=error msg="bid was empty, skipping PROF augmentation" error="<nil>" headSlot=46 method=getHeader mevBoostV=v1.8.1 msIntoSlot=9 parentHash=0x0e577d87246a12795a48f8a16b8d5bc934e20e7b6fd5b523199235493ff98a05 pubkey=0x8aa5bbee21e98c7b9e7a4c8ea45aa99f89e22992fa4fc2d73869d77da4cc8a05b25b61931ff521986677dd7f7159e8e6 requestTimestamp=1733519005 service=relay/api slot=47 slotStartSec=1733519005 ua="mev-boost/v1.8.1 Lighthouse/v5.3.0-2e0eb6d" version=6fc57d1-dev
time="2024-12-06T21:03:25Z" level=info msg="http: GET /eth/v1/builder/header/47/0x0e577d87246a12795a48f8a16b8d5bc934e20e7b6fd5b523199235493ff98a05/0x8aa5bbee21e98c7b9e7a4c8ea45aa99f89e22992fa4fc2d73869d77da4cc8a05b25b61931ff521986677dd7f7159e8e6 204" duration=0.000268 method=GET path=/eth/v1/builder/header/47/0x0e577d87246a12795a48f8a16b8d5bc934e20e7b6fd5b523199235493ff98a05/0x8aa5bbee21e98c7b9e7a4c8ea45aa99f89e22992fa4fc2d73869d77da4cc8a05b25b61931ff521986677dd7f7159e8e6 service=relay/api status=204 version=6fc57d1-dev
time="2024-12-06T21:03:25Z" level=info msg="updated headSlot to 47" epoch=1 service=relay/api slotHead=47 slotStartNextEpoch=64 version=6fc57d1-dev
time="2024-12-06T21:03:25Z" level=debug msg="RefreshKnownValidators init" datastoreMethod=RefreshKnownValidators headSlot=47 headSlotPos=16 lastUpdateSlot=35 service=relay/api version=6fc57d1-dev
time="2024-12-06T21:03:25Z" level=debug msg="Updating builder cache with 0 builders from database" service=relay/api version=6fc57d1-dev
time="2024-12-06T21:03:25Z" level=info msg="payload attributes received for slot: 48" service=relay/api version=6fc57d1-dev
time="2024-12-06T21:03:25Z" level=info msg="updated payload attributes" headSlot=47 payloadAttrParent=0x6acbaa9b5dd689792f19e886f0d3310de9e8e1204279a98115a85fdfcbd8ae80 payloadAttrSlot=48 randao=0x2ba7fb1dfbfb1428937335080f2acf554182e07004ccfaa3261c25df89921db3 service=relay/api timestamp=1733519007 version=6fc57d1-dev withdrawalsRoot=0x792930bbd5baac43bcc798ee49aa8185ef76bb3b44ba62b91d86ae569e4bb535
time="2024-12-06T21:03:27Z" level=info msg="payload attributes received for slot: 49" service=relay/api version=6fc57d1-dev
time="2024-12-06T21:03:27Z" level=info msg="updated payload attributes" headSlot=47 payloadAttrParent=0x6acbaa9b5dd689792f19e886f0d3310de9e8e1204279a98115a85fdfcbd8ae80 payloadAttrSlot=49 randao=0x2ba7fb1dfbfb1428937335080f2acf554182e07004ccfaa3261c25df89921db3 service=relay/api timestamp=1733519009 version=6fc57d1-dev withdrawalsRoot=0x792930bbd5baac43bcc798ee49aa8185ef76bb3b44ba62b91d86ae569e4bb535
time="2024-12-06T21:03:27Z" level=debug msg="getHeader request received" headSlot=47 method=getHeader mevBoostV=v1.8.1 msIntoSlot=8 parentHash=0x6acbaa9b5dd689792f19e886f0d3310de9e8e1204279a98115a85fdfcbd8ae80 pubkey=0x8fda66b8607af873f4c2c8218dd3ffc7940d411047eb199b5cd010156af4845d21dd2e65b0e44cfffb5e78271e9bb29d requestTimestamp=1733519007 service=relay/api slot=48 slotStartSec=1733519007 ua="mev-boost/v1.8.1 Lighthouse/v5.3.0-2e0eb6d" version=6fc57d1-dev
time="2024-12-06T21:03:27Z" level=error msg="bid was empty, skipping PROF augmentation" error="<nil>" headSlot=47 method=getHeader mevBoostV=v1.8.1 msIntoSlot=8 parentHash=0x6acbaa9b5dd689792f19e886f0d3310de9e8e1204279a98115a85fdfcbd8ae80 pubkey=0x8fda66b8607af873f4c2c8218dd3ffc7940d411047eb199b5cd010156af4845d21dd2e65b0e44cfffb5e78271e9bb29d requestTimestamp=1733519007 service=relay/api slot=48 slotStartSec=1733519007 ua="mev-boost/v1.8.1 Lighthouse/v5.3.0-2e0eb6d" version=6fc57d1-dev
time="2024-12-06T21:03:27Z" level=info msg="http: GET /eth/v1/builder/header/48/0x6acbaa9b5dd689792f19e886f0d3310de9e8e1204279a98115a85fdfcbd8ae80/0x8fda66b8607af873f4c2c8218dd3ffc7940d411047eb199b5cd010156af4845d21dd2e65b0e44cfffb5e78271e9bb29d 204" duration=0.000790 method=GET path=/eth/v1/builder/header/48/0x6acbaa9b5dd689792f19e886f0d3310de9e8e1204279a98115a85fdfcbd8ae80/0x8fda66b8607af873f4c2c8218dd3ffc7940d411047eb199b5cd010156af4845d21dd2e65b0e44cfffb5e78271e9bb29d service=relay/api status=204 version=6fc57d1-dev
time="2024-12-06T21:03:27Z" level=info msg="updated headSlot to 48" epoch=1 service=relay/api slotHead=48 slotStartNextEpoch=64 version=6fc57d1-dev
time="2024-12-06T21:03:27Z" level=debug msg="RefreshKnownValidators init" datastoreMethod=RefreshKnownValidators headSlot=48 headSlotPos=17 lastUpdateSlot=35 service=relay/api version=6fc57d1-dev
time="2024-12-06T21:03:27Z" level=info msg="proposer duties updated: 32, 43, 46, 47, 48, 50, 55, 60, 65, 76, 82, 83, 90" service=relay/api version=6fc57d1-dev
time="2024-12-06T21:03:27Z" level=debug msg="Updating builder cache with 0 builders from database" service=relay/api version=6fc57d1-dev
time="2024-12-06T21:03:27Z" level=info msg="payload attributes received for slot: 49" service=relay/api version=6fc57d1-dev
time="2024-12-06T21:03:27Z" level=info msg="updated payload attributes" headSlot=48 payloadAttrParent=0x3c6335a85b48cf7f485413d306cabb4958522bbdcb6729104aa028ed213db385 payloadAttrSlot=49 randao=0x89cbca4188a91e93f91005cda6d90334acca771cf06a731d853267704b0ff60b service=relay/api timestamp=1733519009 version=6fc57d1-dev withdrawalsRoot=0x792930bbd5baac43bcc798ee49aa8185ef76bb3b44ba62b91d86ae569e4bb535
time="2024-12-06T21:03:29Z" level=info msg="payload attributes received for slot: 50" service=relay/api version=6fc57d1-dev
time="2024-12-06T21:03:29Z" level=info msg="updated payload attributes" headSlot=48 payloadAttrParent=0x3c6335a85b48cf7f485413d306cabb4958522bbdcb6729104aa028ed213db385 payloadAttrSlot=50 randao=0x89cbca4188a91e93f91005cda6d90334acca771cf06a731d853267704b0ff60b service=relay/api timestamp=1733519011 version=6fc57d1-dev withdrawalsRoot=0x792930bbd5baac43bcc798ee49aa8185ef76bb3b44ba62b91d86ae569e4bb535
time="2024-12-06T21:03:29Z" level=debug msg="getHeader request received" headSlot=48 method=getHeader mevBoostV=v1.8.1 msIntoSlot=7 parentHash=0x3c6335a85b48cf7f485413d306cabb4958522bbdcb6729104aa028ed213db385 pubkey=0x81093820fe0770a18a816945494db8fd957f10f7693da18f782e0968ef28ea8f23afefb0dc203925262352925f2739df requestTimestamp=1733519009 service=relay/api slot=49 slotStartSec=1733519009 ua="mev-boost/v1.8.1 Lighthouse/v5.3.0-2e0eb6d" version=6fc57d1-dev
time="2024-12-06T21:03:29Z" level=error msg="bid was empty, skipping PROF augmentation" error="<nil>" headSlot=48 method=getHeader mevBoostV=v1.8.1 msIntoSlot=7 parentHash=0x3c6335a85b48cf7f485413d306cabb4958522bbdcb6729104aa028ed213db385 pubkey=0x81093820fe0770a18a816945494db8fd957f10f7693da18f782e0968ef28ea8f23afefb0dc203925262352925f2739df requestTimestamp=1733519009 service=relay/api slot=49 slotStartSec=1733519009 ua="mev-boost/v1.8.1 Lighthouse/v5.3.0-2e0eb6d" version=6fc57d1-dev
time="2024-12-06T21:03:29Z" level=info msg="http: GET /eth/v1/builder/header/49/0x3c6335a85b48cf7f485413d306cabb4958522bbdcb6729104aa028ed213db385/0x81093820fe0770a18a816945494db8fd957f10f7693da18f782e0968ef28ea8f23afefb0dc203925262352925f2739df 204" duration=0.000266 method=GET path=/eth/v1/builder/header/49/0x3c6335a85b48cf7f485413d306cabb4958522bbdcb6729104aa028ed213db385/0x81093820fe0770a18a816945494db8fd957f10f7693da18f782e0968ef28ea8f23afefb0dc203925262352925f2739df service=relay/api status=204 version=6fc57d1-dev
time="2024-12-06T21:03:29Z" level=info msg="updated headSlot to 49" epoch=1 service=relay/api slotHead=49 slotStartNextEpoch=64 version=6fc57d1-dev
time="2024-12-06T21:03:29Z" level=debug msg="RefreshKnownValidators init" datastoreMethod=RefreshKnownValidators headSlot=49 headSlotPos=18 lastUpdateSlot=35 service=relay/api version=6fc57d1-dev
time="2024-12-06T21:03:29Z" level=debug msg="Updating builder cache with 0 builders from database" service=relay/api version=6fc57d1-dev
time="2024-12-06T21:03:29Z" level=info msg="payload attributes received for slot: 50" service=relay/api version=6fc57d1-dev
time="2024-12-06T21:03:29Z" level=info msg="updated payload attributes" headSlot=49 payloadAttrParent=0xbb3e7b8446c407c1ff248131cc4969f90410897986044986027c54e7a3ce014c payloadAttrSlot=50 randao=0xad25afe3189d1cb45e910c8fb864c74596632837ea2cb597780f1f99b13cb131 service=relay/api timestamp=1733519011 version=6fc57d1-dev withdrawalsRoot=0x792930bbd5baac43bcc798ee49aa8185ef76bb3b44ba62b91d86ae569e4bb535
time="2024-12-06T21:03:31Z" level=info msg="payload attributes received for slot: 51" service=relay/api version=6fc57d1-dev
time="2024-12-06T21:03:31Z" level=info msg="updated payload attributes" headSlot=49 payloadAttrParent=0xbb3e7b8446c407c1ff248131cc4969f90410897986044986027c54e7a3ce014c payloadAttrSlot=51 randao=0xad25afe3189d1cb45e910c8fb864c74596632837ea2cb597780f1f99b13cb131 service=relay/api timestamp=1733519013 version=6fc57d1-dev withdrawalsRoot=0x792930bbd5baac43bcc798ee49aa8185ef76bb3b44ba62b91d86ae569e4bb535
time="2024-12-06T21:03:31Z" level=debug msg="getHeader request received" headSlot=49 method=getHeader mevBoostV=v1.8.1 msIntoSlot=8 parentHash=0xbb3e7b8446c407c1ff248131cc4969f90410897986044986027c54e7a3ce014c pubkey=0xa8fa3584a92b079c8c73ed1553e5e161a0b21325fc2fc4e24a892354a899c7fc0bfb436a97a7ed1fc71bccda438ea715 requestTimestamp=1733519011 service=relay/api slot=50 slotStartSec=1733519011 ua="mev-boost/v1.8.1 Lighthouse/v5.3.0-2e0eb6d" version=6fc57d1-dev
time="2024-12-06T21:03:31Z" level=error msg="bid was empty, skipping PROF augmentation" error="<nil>" headSlot=49 method=getHeader mevBoostV=v1.8.1 msIntoSlot=8 parentHash=0xbb3e7b8446c407c1ff248131cc4969f90410897986044986027c54e7a3ce014c pubkey=0xa8fa3584a92b079c8c73ed1553e5e161a0b21325fc2fc4e24a892354a899c7fc0bfb436a97a7ed1fc71bccda438ea715 requestTimestamp=1733519011 service=relay/api slot=50 slotStartSec=1733519011 ua="mev-boost/v1.8.1 Lighthouse/v5.3.0-2e0eb6d" version=6fc57d1-dev
time="2024-12-06T21:03:31Z" level=info msg="http: GET /eth/v1/builder/header/50/0xbb3e7b8446c407c1ff248131cc4969f90410897986044986027c54e7a3ce014c/0xa8fa3584a92b079c8c73ed1553e5e161a0b21325fc2fc4e24a892354a899c7fc0bfb436a97a7ed1fc71bccda438ea715 204" duration=0.000676 method=GET path=/eth/v1/builder/header/50/0xbb3e7b8446c407c1ff248131cc4969f90410897986044986027c54e7a3ce014c/0xa8fa3584a92b079c8c73ed1553e5e161a0b21325fc2fc4e24a892354a899c7fc0bfb436a97a7ed1fc71bccda438ea715 service=relay/api status=204 version=6fc57d1-dev
time="2024-12-06T21:03:31Z" level=info msg="updated headSlot to 50" epoch=1 service=relay/api slotHead=50 slotStartNextEpoch=64 version=6fc57d1-dev
time="2024-12-06T21:03:31Z" level=debug msg="RefreshKnownValidators init" datastoreMethod=RefreshKnownValidators headSlot=50 headSlotPos=19 lastUpdateSlot=35 service=relay/api version=6fc57d1-dev
time="2024-12-06T21:03:31Z" level=debug msg="Updating builder cache with 0 builders from database" service=relay/api version=6fc57d1-dev
time="2024-12-06T21:03:31Z" level=info msg="payload attributes received for slot: 51" service=relay/api version=6fc57d1-dev
time="2024-12-06T21:03:31Z" level=info msg="updated payload attributes" headSlot=50 payloadAttrParent=0xc9ca8a78d54c0455da275d8b84d1f77b81a255468307b9c0b78291f09d61af33 payloadAttrSlot=51 randao=0x7cdf502bb4661885e8719f873a07885fba4a95856ec3487c21166355c44cb787 service=relay/api timestamp=1733519013 version=6fc57d1-dev withdrawalsRoot=0x792930bbd5baac43bcc798ee49aa8185ef76bb3b44ba62b91d86ae569e4bb535
time="2024-12-06T21:03:33Z" level=info msg="payload attributes received for slot: 52" service=relay/api version=6fc57d1-dev
time="2024-12-06T21:03:33Z" level=info msg="updated payload attributes" headSlot=50 payloadAttrParent=0xc9ca8a78d54c0455da275d8b84d1f77b81a255468307b9c0b78291f09d61af33 payloadAttrSlot=52 randao=0x7cdf502bb4661885e8719f873a07885fba4a95856ec3487c21166355c44cb787 service=relay/api timestamp=1733519015 version=6fc57d1-dev withdrawalsRoot=0x792930bbd5baac43bcc798ee49aa8185ef76bb3b44ba62b91d86ae569e4bb535
time="2024-12-06T21:03:33Z" level=debug msg="getHeader request received" headSlot=50 method=getHeader mevBoostV=v1.8.1 msIntoSlot=8 parentHash=0xc9ca8a78d54c0455da275d8b84d1f77b81a255468307b9c0b78291f09d61af33 pubkey=0xb165f7ea9728a1e55dcebc59c89321586290bb3c6aad2114217e81990104863b779ffac9728ed736b6069a36a26aad47 requestTimestamp=1733519013 service=relay/api slot=51 slotStartSec=1733519013 ua="mev-boost/v1.8.1 Lighthouse/v5.3.0-2e0eb6d" version=6fc57d1-dev
time="2024-12-06T21:03:33Z" level=error msg="bid was empty, skipping PROF augmentation" error="<nil>" headSlot=50 method=getHeader mevBoostV=v1.8.1 msIntoSlot=8 parentHash=0xc9ca8a78d54c0455da275d8b84d1f77b81a255468307b9c0b78291f09d61af33 pubkey=0xb165f7ea9728a1e55dcebc59c89321586290bb3c6aad2114217e81990104863b779ffac9728ed736b6069a36a26aad47 requestTimestamp=1733519013 service=relay/api slot=51 slotStartSec=1733519013 ua="mev-boost/v1.8.1 Lighthouse/v5.3.0-2e0eb6d" version=6fc57d1-dev
time="2024-12-06T21:03:33Z" level=info msg="http: GET /eth/v1/builder/header/51/0xc9ca8a78d54c0455da275d8b84d1f77b81a255468307b9c0b78291f09d61af33/0xb165f7ea9728a1e55dcebc59c89321586290bb3c6aad2114217e81990104863b779ffac9728ed736b6069a36a26aad47 204" duration=0.000383 method=GET path=/eth/v1/builder/header/51/0xc9ca8a78d54c0455da275d8b84d1f77b81a255468307b9c0b78291f09d61af33/0xb165f7ea9728a1e55dcebc59c89321586290bb3c6aad2114217e81990104863b779ffac9728ed736b6069a36a26aad47 service=relay/api status=204 version=6fc57d1-dev
time="2024-12-06T21:03:33Z" level=info msg="updated headSlot to 51" epoch=1 service=relay/api slotHead=51 slotStartNextEpoch=64 version=6fc57d1-dev
time="2024-12-06T21:03:33Z" level=debug msg="RefreshKnownValidators init" datastoreMethod=RefreshKnownValidators headSlot=51 headSlotPos=20 lastUpdateSlot=35 service=relay/api version=6fc57d1-dev
time="2024-12-06T21:03:33Z" level=debug msg="Updating builder cache with 0 builders from database" service=relay/api version=6fc57d1-dev
time="2024-12-06T21:03:33Z" level=info msg="payload attributes received for slot: 52" service=relay/api version=6fc57d1-dev
time="2024-12-06T21:03:33Z" level=info msg="updated payload attributes" headSlot=51 payloadAttrParent=0x8419d68d6e58ea64d5cd9f3540db6bb05106a5966a7e8c2bd78168e9bb8e7eb5 payloadAttrSlot=52 randao=0x84ac3669bbb1bbecd17277424597c2afff6b0e19c7c4aa730a486ed36d3f8118 service=relay/api timestamp=1733519015 version=6fc57d1-dev withdrawalsRoot=0x792930bbd5baac43bcc798ee49aa8185ef76bb3b44ba62b91d86ae569e4bb535
time="2024-12-06T21:03:35Z" level=info msg="payload attributes received for slot: 53" service=relay/api version=6fc57d1-dev
time="2024-12-06T21:03:35Z" level=info msg="updated payload attributes" headSlot=51 payloadAttrParent=0x8419d68d6e58ea64d5cd9f3540db6bb05106a5966a7e8c2bd78168e9bb8e7eb5 payloadAttrSlot=53 randao=0x84ac3669bbb1bbecd17277424597c2afff6b0e19c7c4aa730a486ed36d3f8118 service=relay/api timestamp=1733519017 version=6fc57d1-dev withdrawalsRoot=0x792930bbd5baac43bcc798ee49aa8185ef76bb3b44ba62b91d86ae569e4bb535
time="2024-12-06T21:03:35Z" level=debug msg="getHeader request received" headSlot=51 method=getHeader mevBoostV=v1.8.1 msIntoSlot=6 parentHash=0x8419d68d6e58ea64d5cd9f3540db6bb05106a5966a7e8c2bd78168e9bb8e7eb5 pubkey=0xa54fe5c26059ed60b4f0b66ef7b0bf167580504525f83c169507dc812816df41b1da6128341c23977300dffd32a32f41 requestTimestamp=1733519015 service=relay/api slot=52 slotStartSec=1733519015 ua="mev-boost/v1.8.1 Lighthouse/v5.3.0-2e0eb6d" version=6fc57d1-dev
time="2024-12-06T21:03:35Z" level=error msg="bid was empty, skipping PROF augmentation" error="<nil>" headSlot=51 method=getHeader mevBoostV=v1.8.1 msIntoSlot=6 parentHash=0x8419d68d6e58ea64d5cd9f3540db6bb05106a5966a7e8c2bd78168e9bb8e7eb5 pubkey=0xa54fe5c26059ed60b4f0b66ef7b0bf167580504525f83c169507dc812816df41b1da6128341c23977300dffd32a32f41 requestTimestamp=1733519015 service=relay/api slot=52 slotStartSec=1733519015 ua="mev-boost/v1.8.1 Lighthouse/v5.3.0-2e0eb6d" version=6fc57d1-dev
time="2024-12-06T21:03:35Z" level=info msg="http: GET /eth/v1/builder/header/52/0x8419d68d6e58ea64d5cd9f3540db6bb05106a5966a7e8c2bd78168e9bb8e7eb5/0xa54fe5c26059ed60b4f0b66ef7b0bf167580504525f83c169507dc812816df41b1da6128341c23977300dffd32a32f41 204" duration=0.000981 method=GET path=/eth/v1/builder/header/52/0x8419d68d6e58ea64d5cd9f3540db6bb05106a5966a7e8c2bd78168e9bb8e7eb5/0xa54fe5c26059ed60b4f0b66ef7b0bf167580504525f83c169507dc812816df41b1da6128341c23977300dffd32a32f41 service=relay/api status=204 version=6fc57d1-dev
time="2024-12-06T21:03:35Z" level=info msg="updated headSlot to 52" epoch=1 service=relay/api slotHead=52 slotStartNextEpoch=64 version=6fc57d1-dev
time="2024-12-06T21:03:35Z" level=debug msg="Updating builder cache with 0 builders from database" service=relay/api version=6fc57d1-dev
time="2024-12-06T21:03:35Z" level=info msg="payload attributes received for slot: 53" service=relay/api version=6fc57d1-dev
time="2024-12-06T21:03:35Z" level=info msg="updated payload attributes" headSlot=52 payloadAttrParent=0x5765feba3f41e1c30383899bb5b8e1ed8d080f60d21331dd378625b32a0d4d2a payloadAttrSlot=53 randao=0x36b5fd2532296a9e25c1a7c1cf436a6c0c2108125506aa1a031fa50c062e31e3 service=relay/api timestamp=1733519017 version=6fc57d1-dev withdrawalsRoot=0x792930bbd5baac43bcc798ee49aa8185ef76bb3b44ba62b91d86ae569e4bb535
time="2024-12-06T21:03:37Z" level=info msg="payload attributes received for slot: 54" service=relay/api version=6fc57d1-dev
time="2024-12-06T21:03:37Z" level=info msg="updated payload attributes" headSlot=52 payloadAttrParent=0x5765feba3f41e1c30383899bb5b8e1ed8d080f60d21331dd378625b32a0d4d2a payloadAttrSlot=54 randao=0x36b5fd2532296a9e25c1a7c1cf436a6c0c2108125506aa1a031fa50c062e31e3 service=relay/api timestamp=1733519019 version=6fc57d1-dev withdrawalsRoot=0x792930bbd5baac43bcc798ee49aa8185ef76bb3b44ba62b91d86ae569e4bb535
time="2024-12-06T21:03:37Z" level=debug msg="getHeader request received" headSlot=52 method=getHeader mevBoostV=v1.8.1 msIntoSlot=8 parentHash=0x5765feba3f41e1c30383899bb5b8e1ed8d080f60d21331dd378625b32a0d4d2a pubkey=0xb4147399957d387dd0ad99bc9fbd7ddd3ad85809c9658d121879099c602db62c4a4ce4d122915b6d8135bbd16c13ffbc requestTimestamp=1733519017 service=relay/api slot=53 slotStartSec=1733519017 ua="mev-boost/v1.8.1 Lighthouse/v5.3.0-2e0eb6d" version=6fc57d1-dev
time="2024-12-06T21:03:37Z" level=error msg="bid was empty, skipping PROF augmentation" error="<nil>" headSlot=52 method=getHeader mevBoostV=v1.8.1 msIntoSlot=8 parentHash=0x5765feba3f41e1c30383899bb5b8e1ed8d080f60d21331dd378625b32a0d4d2a pubkey=0xb4147399957d387dd0ad99bc9fbd7ddd3ad85809c9658d121879099c602db62c4a4ce4d122915b6d8135bbd16c13ffbc requestTimestamp=1733519017 service=relay/api slot=53 slotStartSec=1733519017 ua="mev-boost/v1.8.1 Lighthouse/v5.3.0-2e0eb6d" version=6fc57d1-dev
time="2024-12-06T21:03:37Z" level=info msg="http: GET /eth/v1/builder/header/53/0x5765feba3f41e1c30383899bb5b8e1ed8d080f60d21331dd378625b32a0d4d2a/0xb4147399957d387dd0ad99bc9fbd7ddd3ad85809c9658d121879099c602db62c4a4ce4d122915b6d8135bbd16c13ffbc 204" duration=0.001229 method=GET path=/eth/v1/builder/header/53/0x5765feba3f41e1c30383899bb5b8e1ed8d080f60d21331dd378625b32a0d4d2a/0xb4147399957d387dd0ad99bc9fbd7ddd3ad85809c9658d121879099c602db62c4a4ce4d122915b6d8135bbd16c13ffbc service=relay/api status=204 version=6fc57d1-dev
time="2024-12-06T21:03:37Z" level=info msg="updated headSlot to 53" epoch=1 service=relay/api slotHead=53 slotStartNextEpoch=64 version=6fc57d1-dev
time="2024-12-06T21:03:37Z" level=debug msg="Updating builder cache with 0 builders from database" service=relay/api version=6fc57d1-dev
time="2024-12-06T21:03:37Z" level=info msg="payload attributes received for slot: 54" service=relay/api version=6fc57d1-dev
time="2024-12-06T21:03:37Z" level=info msg="updated payload attributes" headSlot=53 payloadAttrParent=0x2c51bb7b92a8fc4bc5a731d5de04acf6239e8ba47b6d2bfb5a330bff26d999f4 payloadAttrSlot=54 randao=0xc036885719d1a5c1aa24cacaeb4cb932254bf4b904718da71cd1fb3c788049a8 service=relay/api timestamp=1733519019 version=6fc57d1-dev withdrawalsRoot=0x792930bbd5baac43bcc798ee49aa8185ef76bb3b44ba62b91d86ae569e4bb535
time="2024-12-06T21:03:39Z" level=info msg="payload attributes received for slot: 55" service=relay/api version=6fc57d1-dev
time="2024-12-06T21:03:39Z" level=info msg="updated payload attributes" headSlot=53 payloadAttrParent=0x2c51bb7b92a8fc4bc5a731d5de04acf6239e8ba47b6d2bfb5a330bff26d999f4 payloadAttrSlot=55 randao=0xc036885719d1a5c1aa24cacaeb4cb932254bf4b904718da71cd1fb3c788049a8 service=relay/api timestamp=1733519021 version=6fc57d1-dev withdrawalsRoot=0x792930bbd5baac43bcc798ee49aa8185ef76bb3b44ba62b91d86ae569e4bb535
time="2024-12-06T21:03:39Z" level=debug msg="getHeader request received" headSlot=53 method=getHeader mevBoostV=v1.8.1 msIntoSlot=4 parentHash=0x2c51bb7b92a8fc4bc5a731d5de04acf6239e8ba47b6d2bfb5a330bff26d999f4 pubkey=0x986a201d308cce68d381d103680725fbce0fd9f618de12d371fd5c909049ba3081de693de9e0560364c201505b2fabaa requestTimestamp=1733519019 service=relay/api slot=54 slotStartSec=1733519019 ua="mev-boost/v1.8.1 Lighthouse/v5.3.0-2e0eb6d" version=6fc57d1-dev
time="2024-12-06T21:03:39Z" level=error msg="bid was empty, skipping PROF augmentation" error="<nil>" headSlot=53 method=getHeader mevBoostV=v1.8.1 msIntoSlot=4 parentHash=0x2c51bb7b92a8fc4bc5a731d5de04acf6239e8ba47b6d2bfb5a330bff26d999f4 pubkey=0x986a201d308cce68d381d103680725fbce0fd9f618de12d371fd5c909049ba3081de693de9e0560364c201505b2fabaa requestTimestamp=1733519019 service=relay/api slot=54 slotStartSec=1733519019 ua="mev-boost/v1.8.1 Lighthouse/v5.3.0-2e0eb6d" version=6fc57d1-dev
time="2024-12-06T21:03:39Z" level=info msg="http: GET /eth/v1/builder/header/54/0x2c51bb7b92a8fc4bc5a731d5de04acf6239e8ba47b6d2bfb5a330bff26d999f4/0x986a201d308cce68d381d103680725fbce0fd9f618de12d371fd5c909049ba3081de693de9e0560364c201505b2fabaa 204" duration=0.000296 method=GET path=/eth/v1/builder/header/54/0x2c51bb7b92a8fc4bc5a731d5de04acf6239e8ba47b6d2bfb5a330bff26d999f4/0x986a201d308cce68d381d103680725fbce0fd9f618de12d371fd5c909049ba3081de693de9e0560364c201505b2fabaa service=relay/api status=204 version=6fc57d1-dev
time="2024-12-06T21:03:39Z" level=info msg="Querying validators from beacon node... (this may take a while)" datastoreMethod=RefreshKnownValidators headSlot=51 headSlotPos=20 lastUpdateSlot=35 service=relay/api version=6fc57d1-dev
time="2024-12-06T21:03:39Z" level=debug msg="fetching validators" component=beaconClient service=relay/api uri="http://172.16.4.16:4000" version=6fc57d1-dev
time="2024-12-06T21:03:39Z" level=info msg="received known validators from beacon-node" datastoreMethod=RefreshKnownValidators durationFetchValidatorsMs=1 headSlot=51 headSlotPos=20 lastUpdateSlot=35 numKnownValidators=128 service=relay/api version=6fc57d1-dev
time="2024-12-06T21:03:39Z" level=info msg="known validators updated" datastoreMethod=RefreshKnownValidators durationFetchValidatorsMs=1 headSlot=51 headSlotPos=20 lastUpdateSlot=35 numKnownValidators=128 service=relay/api version=6fc57d1-dev
time="2024-12-06T21:03:39Z" level=info msg="updated headSlot to 54" epoch=1 service=relay/api slotHead=54 slotStartNextEpoch=64 version=6fc57d1-dev
time="2024-12-06T21:03:39Z" level=debug msg="Updating builder cache with 0 builders from database" service=relay/api version=6fc57d1-dev
time="2024-12-06T21:03:39Z" level=info msg="payload attributes received for slot: 55" service=relay/api version=6fc57d1-dev
time="2024-12-06T21:03:39Z" level=info msg="updated payload attributes" headSlot=54 payloadAttrParent=0x0f0b80020d8c577fdfa26e61c2956e69b9261e72e0baf32a9f793aa4dd0318e5 payloadAttrSlot=55 randao=0x9e0f792b0904fcdc88fd3a8bf239b8029f356c5f8b1c8d8c87ccc686d99e28ed service=relay/api timestamp=1733519021 version=6fc57d1-dev withdrawalsRoot=0x792930bbd5baac43bcc798ee49aa8185ef76bb3b44ba62b91d86ae569e4bb535
time="2024-12-06T21:03:41Z" level=info msg="payload attributes received for slot: 56" service=relay/api version=6fc57d1-dev
time="2024-12-06T21:03:41Z" level=info msg="updated payload attributes" headSlot=54 payloadAttrParent=0x0f0b80020d8c577fdfa26e61c2956e69b9261e72e0baf32a9f793aa4dd0318e5 payloadAttrSlot=56 randao=0x9e0f792b0904fcdc88fd3a8bf239b8029f356c5f8b1c8d8c87ccc686d99e28ed service=relay/api timestamp=1733519023 version=6fc57d1-dev withdrawalsRoot=0x792930bbd5baac43bcc798ee49aa8185ef76bb3b44ba62b91d86ae569e4bb535
time="2024-12-06T21:03:41Z" level=debug msg="getHeader request received" headSlot=54 method=getHeader mevBoostV=v1.8.1 msIntoSlot=3 parentHash=0x0f0b80020d8c577fdfa26e61c2956e69b9261e72e0baf32a9f793aa4dd0318e5 pubkey=0x961a7d85c4e61428f07c4c4d41cc03115ec423bf40172b21f9db161edec282c950782ade73a6dfa915da1c39c716eb1f requestTimestamp=1733519021 service=relay/api slot=55 slotStartSec=1733519021 ua="mev-boost/v1.8.1 Lighthouse/v5.3.0-2e0eb6d" version=6fc57d1-dev
time="2024-12-06T21:03:41Z" level=error msg="bid was empty, skipping PROF augmentation" error="<nil>" headSlot=54 method=getHeader mevBoostV=v1.8.1 msIntoSlot=3 parentHash=0x0f0b80020d8c577fdfa26e61c2956e69b9261e72e0baf32a9f793aa4dd0318e5 pubkey=0x961a7d85c4e61428f07c4c4d41cc03115ec423bf40172b21f9db161edec282c950782ade73a6dfa915da1c39c716eb1f requestTimestamp=1733519021 service=relay/api slot=55 slotStartSec=1733519021 ua="mev-boost/v1.8.1 Lighthouse/v5.3.0-2e0eb6d" version=6fc57d1-dev
time="2024-12-06T21:03:41Z" level=info msg="http: GET /eth/v1/builder/header/55/0x0f0b80020d8c577fdfa26e61c2956e69b9261e72e0baf32a9f793aa4dd0318e5/0x961a7d85c4e61428f07c4c4d41cc03115ec423bf40172b21f9db161edec282c950782ade73a6dfa915da1c39c716eb1f 204" duration=0.000249 method=GET path=/eth/v1/builder/header/55/0x0f0b80020d8c577fdfa26e61c2956e69b9261e72e0baf32a9f793aa4dd0318e5/0x961a7d85c4e61428f07c4c4d41cc03115ec423bf40172b21f9db161edec282c950782ade73a6dfa915da1c39c716eb1f service=relay/api status=204 version=6fc57d1-dev
time="2024-12-06T21:03:41Z" level=info msg="updated headSlot to 55" epoch=1 service=relay/api slotHead=55 slotStartNextEpoch=64 version=6fc57d1-dev
time="2024-12-06T21:03:41Z" level=debug msg="Updating builder cache with 0 builders from database" service=relay/api version=6fc57d1-dev
time="2024-12-06T21:03:41Z" level=info msg="payload attributes received for slot: 56" service=relay/api version=6fc57d1-dev
time="2024-12-06T21:03:41Z" level=info msg="updated payload attributes" headSlot=55 payloadAttrParent=0x07824c5c1b911205c7db037ad07061fb6748c30d5f7518e55ec1a996417482c1 payloadAttrSlot=56 randao=0xd0a0f7d20a33ebbad7aa366ce5137822e041bdc3c5cb29e88bea68bab316bbe5 service=relay/api timestamp=1733519023 version=6fc57d1-dev withdrawalsRoot=0x792930bbd5baac43bcc798ee49aa8185ef76bb3b44ba62b91d86ae569e4bb535
time="2024-12-06T21:03:43Z" level=info msg="payload attributes received for slot: 57" service=relay/api version=6fc57d1-dev
time="2024-12-06T21:03:43Z" level=info msg="updated payload attributes" headSlot=55 payloadAttrParent=0x07824c5c1b911205c7db037ad07061fb6748c30d5f7518e55ec1a996417482c1 payloadAttrSlot=57 randao=0xd0a0f7d20a33ebbad7aa366ce5137822e041bdc3c5cb29e88bea68bab316bbe5 service=relay/api timestamp=1733519025 version=6fc57d1-dev withdrawalsRoot=0x792930bbd5baac43bcc798ee49aa8185ef76bb3b44ba62b91d86ae569e4bb535
time="2024-12-06T21:03:43Z" level=debug msg="getHeader request received" headSlot=55 method=getHeader mevBoostV=v1.8.1 msIntoSlot=4 parentHash=0x07824c5c1b911205c7db037ad07061fb6748c30d5f7518e55ec1a996417482c1 pubkey=0xafa10af166a0dbf3a25ff86cd6f8e44cccc818c5e70cd70e4e98e226b158f3563450b3fb184d2649adbb11e53080d1ca requestTimestamp=1733519023 service=relay/api slot=56 slotStartSec=1733519023 ua="mev-boost/v1.8.1 Lighthouse/v5.3.0-2e0eb6d" version=6fc57d1-dev
time="2024-12-06T21:03:43Z" level=error msg="bid was empty, skipping PROF augmentation" error="<nil>" headSlot=55 method=getHeader mevBoostV=v1.8.1 msIntoSlot=4 parentHash=0x07824c5c1b911205c7db037ad07061fb6748c30d5f7518e55ec1a996417482c1 pubkey=0xafa10af166a0dbf3a25ff86cd6f8e44cccc818c5e70cd70e4e98e226b158f3563450b3fb184d2649adbb11e53080d1ca requestTimestamp=1733519023 service=relay/api slot=56 slotStartSec=1733519023 ua="mev-boost/v1.8.1 Lighthouse/v5.3.0-2e0eb6d" version=6fc57d1-dev
time="2024-12-06T21:03:43Z" level=info msg="http: GET /eth/v1/builder/header/56/0x07824c5c1b911205c7db037ad07061fb6748c30d5f7518e55ec1a996417482c1/0xafa10af166a0dbf3a25ff86cd6f8e44cccc818c5e70cd70e4e98e226b158f3563450b3fb184d2649adbb11e53080d1ca 204" duration=0.000346 method=GET path=/eth/v1/builder/header/56/0x07824c5c1b911205c7db037ad07061fb6748c30d5f7518e55ec1a996417482c1/0xafa10af166a0dbf3a25ff86cd6f8e44cccc818c5e70cd70e4e98e226b158f3563450b3fb184d2649adbb11e53080d1ca service=relay/api status=204 version=6fc57d1-dev
time="2024-12-06T21:03:43Z" level=info msg="updated headSlot to 56" epoch=1 service=relay/api slotHead=56 slotStartNextEpoch=64 version=6fc57d1-dev
time="2024-12-06T21:03:43Z" level=debug msg="Updating builder cache with 0 builders from database" service=relay/api version=6fc57d1-dev
time="2024-12-06T21:03:43Z" level=info msg="payload attributes received for slot: 57" service=relay/api version=6fc57d1-dev
time="2024-12-06T21:03:43Z" level=info msg="updated payload attributes" headSlot=56 payloadAttrParent=0x90ad9275269598e1ec8d93a9eb586321d04e87eefef44c1947c9b38af306b005 payloadAttrSlot=57 randao=0xe61055fc61956b0088db5882f91d784e844e0f08925bf61f42a4b78af995a8ee service=relay/api timestamp=1733519025 version=6fc57d1-dev withdrawalsRoot=0x792930bbd5baac43bcc798ee49aa8185ef76bb3b44ba62b91d86ae569e4bb535
time="2024-12-06T21:03:43Z" level=info msg="proposer duties updated: 32, 33, 34, 35, 36, 37, 38, 39, 40, 41, 42, 43, 44, 45, 46, 47, 48, 49, 50, 51, 52, 53, 54, 55, 56, 57, 58, 59, 60, 61, 62, 63, 64, 65, 66, 67, 68, 69, 70, 71, 72, 73, 74, 75, 76, 77, 78, 79, 80, 81, 82, 83, 84, 85, 86, 87, 88, 89, 90, 91, 92, 93, 94, 95" service=relay/api version=6fc57d1-dev
time="2024-12-06T21:03:45Z" level=info msg="payload attributes received for slot: 58" service=relay/api version=6fc57d1-dev
time="2024-12-06T21:03:45Z" level=info msg="updated payload attributes" headSlot=56 payloadAttrParent=0x90ad9275269598e1ec8d93a9eb586321d04e87eefef44c1947c9b38af306b005 payloadAttrSlot=58 randao=0xe61055fc61956b0088db5882f91d784e844e0f08925bf61f42a4b78af995a8ee service=relay/api timestamp=1733519027 version=6fc57d1-dev withdrawalsRoot=0x792930bbd5baac43bcc798ee49aa8185ef76bb3b44ba62b91d86ae569e4bb535
time="2024-12-06T21:03:45Z" level=debug msg="getHeader request received" headSlot=56 method=getHeader mevBoostV=v1.8.1 msIntoSlot=2 parentHash=0x90ad9275269598e1ec8d93a9eb586321d04e87eefef44c1947c9b38af306b005 pubkey=0xa62c0205fb22df8535c0b70076486e69dfa908feddae79e4a94a9d47b97ed190d228e1c6217e84a59882bb992dacae30 requestTimestamp=1733519025 service=relay/api slot=57 slotStartSec=1733519025 ua="mev-boost/v1.8.1 Lighthouse/v5.3.0-2e0eb6d" version=6fc57d1-dev
time="2024-12-06T21:03:45Z" level=error msg="bid was empty, skipping PROF augmentation" error="<nil>" headSlot=56 method=getHeader mevBoostV=v1.8.1 msIntoSlot=2 parentHash=0x90ad9275269598e1ec8d93a9eb586321d04e87eefef44c1947c9b38af306b005 pubkey=0xa62c0205fb22df8535c0b70076486e69dfa908feddae79e4a94a9d47b97ed190d228e1c6217e84a59882bb992dacae30 requestTimestamp=1733519025 service=relay/api slot=57 slotStartSec=1733519025 ua="mev-boost/v1.8.1 Lighthouse/v5.3.0-2e0eb6d" version=6fc57d1-dev
time="2024-12-06T21:03:45Z" level=info msg="http: GET /eth/v1/builder/header/57/0x90ad9275269598e1ec8d93a9eb586321d04e87eefef44c1947c9b38af306b005/0xa62c0205fb22df8535c0b70076486e69dfa908feddae79e4a94a9d47b97ed190d228e1c6217e84a59882bb992dacae30 204" duration=0.000383 method=GET path=/eth/v1/builder/header/57/0x90ad9275269598e1ec8d93a9eb586321d04e87eefef44c1947c9b38af306b005/0xa62c0205fb22df8535c0b70076486e69dfa908feddae79e4a94a9d47b97ed190d228e1c6217e84a59882bb992dacae30 service=relay/api status=204 version=6fc57d1-dev
time="2024-12-06T21:03:45Z" level=info msg="updated headSlot to 57" epoch=1 service=relay/api slotHead=57 slotStartNextEpoch=64 version=6fc57d1-dev
time="2024-12-06T21:03:45Z" level=debug msg="RefreshKnownValidators init" datastoreMethod=RefreshKnownValidators headSlot=57 headSlotPos=26 lastUpdateSlot=51 service=relay/api version=6fc57d1-dev
time="2024-12-06T21:03:45Z" level=debug msg="Updating builder cache with 0 builders from database" service=relay/api version=6fc57d1-dev
time="2024-12-06T21:03:45Z" level=info msg="payload attributes received for slot: 58" service=relay/api version=6fc57d1-dev
time="2024-12-06T21:03:45Z" level=info msg="updated payload attributes" headSlot=57 payloadAttrParent=0x79de4dae211d2b1594b7ce43bd41dfda753f4b6d96452fb6c6b2aea8c5949b21 payloadAttrSlot=58 randao=0xb5a055ac2982aff43c36789a5d3291ddb129dfdb299d5d11f3fe10e11a44fc66 service=relay/api timestamp=1733519027 version=6fc57d1-dev withdrawalsRoot=0x792930bbd5baac43bcc798ee49aa8185ef76bb3b44ba62b91d86ae569e4bb535
time="2024-12-06T21:03:47Z" level=info msg="payload attributes received for slot: 59" service=relay/api version=6fc57d1-dev
time="2024-12-06T21:03:47Z" level=info msg="updated payload attributes" headSlot=57 payloadAttrParent=0x79de4dae211d2b1594b7ce43bd41dfda753f4b6d96452fb6c6b2aea8c5949b21 payloadAttrSlot=59 randao=0xb5a055ac2982aff43c36789a5d3291ddb129dfdb299d5d11f3fe10e11a44fc66 service=relay/api timestamp=1733519029 version=6fc57d1-dev withdrawalsRoot=0x792930bbd5baac43bcc798ee49aa8185ef76bb3b44ba62b91d86ae569e4bb535
time="2024-12-06T21:03:47Z" level=debug msg="getHeader request received" headSlot=57 method=getHeader mevBoostV=v1.8.1 msIntoSlot=3 parentHash=0x79de4dae211d2b1594b7ce43bd41dfda753f4b6d96452fb6c6b2aea8c5949b21 pubkey=0xb1f2588848bded71a0ad83d124b5ff2d1ab964068e4eab97edc678eddc9aaa6175b51f561c4ec96c818ad5f6c59aa936 requestTimestamp=1733519027 service=relay/api slot=58 slotStartSec=1733519027 ua="mev-boost/v1.8.1 Lighthouse/v5.3.0-2e0eb6d" version=6fc57d1-dev
time="2024-12-06T21:03:47Z" level=error msg="bid was empty, skipping PROF augmentation" error="<nil>" headSlot=57 method=getHeader mevBoostV=v1.8.1 msIntoSlot=3 parentHash=0x79de4dae211d2b1594b7ce43bd41dfda753f4b6d96452fb6c6b2aea8c5949b21 pubkey=0xb1f2588848bded71a0ad83d124b5ff2d1ab964068e4eab97edc678eddc9aaa6175b51f561c4ec96c818ad5f6c59aa936 requestTimestamp=1733519027 service=relay/api slot=58 slotStartSec=1733519027 ua="mev-boost/v1.8.1 Lighthouse/v5.3.0-2e0eb6d" version=6fc57d1-dev
time="2024-12-06T21:03:47Z" level=info msg="http: GET /eth/v1/builder/header/58/0x79de4dae211d2b1594b7ce43bd41dfda753f4b6d96452fb6c6b2aea8c5949b21/0xb1f2588848bded71a0ad83d124b5ff2d1ab964068e4eab97edc678eddc9aaa6175b51f561c4ec96c818ad5f6c59aa936 204" duration=0.000294 method=GET path=/eth/v1/builder/header/58/0x79de4dae211d2b1594b7ce43bd41dfda753f4b6d96452fb6c6b2aea8c5949b21/0xb1f2588848bded71a0ad83d124b5ff2d1ab964068e4eab97edc678eddc9aaa6175b51f561c4ec96c818ad5f6c59aa936 service=relay/api status=204 version=6fc57d1-dev
time="2024-12-06T21:03:47Z" level=info msg="updated headSlot to 58" epoch=1 service=relay/api slotHead=58 slotStartNextEpoch=64 version=6fc57d1-dev
time="2024-12-06T21:03:47Z" level=debug msg="RefreshKnownValidators init" datastoreMethod=RefreshKnownValidators headSlot=58 headSlotPos=27 lastUpdateSlot=51 service=relay/api version=6fc57d1-dev
time="2024-12-06T21:03:47Z" level=debug msg="Updating builder cache with 0 builders from database" service=relay/api version=6fc57d1-dev
time="2024-12-06T21:03:47Z" level=info msg="payload attributes received for slot: 59" service=relay/api version=6fc57d1-dev
time="2024-12-06T21:03:47Z" level=info msg="updated payload attributes" headSlot=58 payloadAttrParent=0x4b81ef8e022ee53a9c7a5a83bece35e770a20860925eeaddda6769c2efa315a3 payloadAttrSlot=59 randao=0x13c8a27e7f34584a877fa9307097d198d4364f8b3f19d5af3837da5de7e3b620 service=relay/api timestamp=1733519029 version=6fc57d1-dev withdrawalsRoot=0x792930bbd5baac43bcc798ee49aa8185ef76bb3b44ba62b91d86ae569e4bb535
time="2024-12-06T21:03:49Z" level=info msg="payload attributes received for slot: 60" service=relay/api version=6fc57d1-dev
time="2024-12-06T21:03:49Z" level=info msg="updated payload attributes" headSlot=58 payloadAttrParent=0x4b81ef8e022ee53a9c7a5a83bece35e770a20860925eeaddda6769c2efa315a3 payloadAttrSlot=60 randao=0x13c8a27e7f34584a877fa9307097d198d4364f8b3f19d5af3837da5de7e3b620 service=relay/api timestamp=1733519031 version=6fc57d1-dev withdrawalsRoot=0x792930bbd5baac43bcc798ee49aa8185ef76bb3b44ba62b91d86ae569e4bb535
time="2024-12-06T21:03:49Z" level=debug msg="getHeader request received" headSlot=58 method=getHeader mevBoostV=v1.8.1 msIntoSlot=3 parentHash=0x4b81ef8e022ee53a9c7a5a83bece35e770a20860925eeaddda6769c2efa315a3 pubkey=0x867e89563df1501ac7dc5a369e6713cebab2aa1b676ea6d97fcb62802488866ae1223b4ed6c00718ee895d7e8e650cac requestTimestamp=1733519029 service=relay/api slot=59 slotStartSec=1733519029 ua="mev-boost/v1.8.1 Lighthouse/v5.3.0-2e0eb6d" version=6fc57d1-dev
time="2024-12-06T21:03:49Z" level=error msg="bid was empty, skipping PROF augmentation" error="<nil>" headSlot=58 method=getHeader mevBoostV=v1.8.1 msIntoSlot=3 parentHash=0x4b81ef8e022ee53a9c7a5a83bece35e770a20860925eeaddda6769c2efa315a3 pubkey=0x867e89563df1501ac7dc5a369e6713cebab2aa1b676ea6d97fcb62802488866ae1223b4ed6c00718ee895d7e8e650cac requestTimestamp=1733519029 service=relay/api slot=59 slotStartSec=1733519029 ua="mev-boost/v1.8.1 Lighthouse/v5.3.0-2e0eb6d" version=6fc57d1-dev
time="2024-12-06T21:03:49Z" level=info msg="http: GET /eth/v1/builder/header/59/0x4b81ef8e022ee53a9c7a5a83bece35e770a20860925eeaddda6769c2efa315a3/0x867e89563df1501ac7dc5a369e6713cebab2aa1b676ea6d97fcb62802488866ae1223b4ed6c00718ee895d7e8e650cac 204" duration=0.000293 method=GET path=/eth/v1/builder/header/59/0x4b81ef8e022ee53a9c7a5a83bece35e770a20860925eeaddda6769c2efa315a3/0x867e89563df1501ac7dc5a369e6713cebab2aa1b676ea6d97fcb62802488866ae1223b4ed6c00718ee895d7e8e650cac service=relay/api status=204 version=6fc57d1-dev
time="2024-12-06T21:03:49Z" level=info msg="updated headSlot to 59" epoch=1 service=relay/api slotHead=59 slotStartNextEpoch=64 version=6fc57d1-dev
time="2024-12-06T21:03:49Z" level=debug msg="RefreshKnownValidators init" datastoreMethod=RefreshKnownValidators headSlot=59 headSlotPos=28 lastUpdateSlot=51 service=relay/api version=6fc57d1-dev
time="2024-12-06T21:03:49Z" level=debug msg="Updating builder cache with 0 builders from database" service=relay/api version=6fc57d1-dev
time="2024-12-06T21:03:49Z" level=info msg="payload attributes received for slot: 60" service=relay/api version=6fc57d1-dev
time="2024-12-06T21:03:49Z" level=info msg="updated payload attributes" headSlot=59 payloadAttrParent=0xfb9b10c21cdb8b2bb7a491f40c3e7b3340b783562affe133ca3c8b53e9440b52 payloadAttrSlot=60 randao=0xf2e6f753a41372e83b6e1cd750338567a8c4327fced1c425b71bc076b322ad00 service=relay/api timestamp=1733519031 version=6fc57d1-dev withdrawalsRoot=0x792930bbd5baac43bcc798ee49aa8185ef76bb3b44ba62b91d86ae569e4bb535
time="2024-12-06T21:03:51Z" level=info msg="payload attributes received for slot: 61" service=relay/api version=6fc57d1-dev
time="2024-12-06T21:03:51Z" level=info msg="updated payload attributes" headSlot=59 payloadAttrParent=0xfb9b10c21cdb8b2bb7a491f40c3e7b3340b783562affe133ca3c8b53e9440b52 payloadAttrSlot=61 randao=0xf2e6f753a41372e83b6e1cd750338567a8c4327fced1c425b71bc076b322ad00 service=relay/api timestamp=1733519033 version=6fc57d1-dev withdrawalsRoot=0x792930bbd5baac43bcc798ee49aa8185ef76bb3b44ba62b91d86ae569e4bb535
time="2024-12-06T21:03:51Z" level=debug msg="getHeader request received" headSlot=59 method=getHeader mevBoostV=v1.8.1 msIntoSlot=3 parentHash=0xfb9b10c21cdb8b2bb7a491f40c3e7b3340b783562affe133ca3c8b53e9440b52 pubkey=0x961a7d85c4e61428f07c4c4d41cc03115ec423bf40172b21f9db161edec282c950782ade73a6dfa915da1c39c716eb1f requestTimestamp=1733519031 service=relay/api slot=60 slotStartSec=1733519031 ua="mev-boost/v1.8.1 Lighthouse/v5.3.0-2e0eb6d" version=6fc57d1-dev
time="2024-12-06T21:03:51Z" level=error msg="bid was empty, skipping PROF augmentation" error="<nil>" headSlot=59 method=getHeader mevBoostV=v1.8.1 msIntoSlot=3 parentHash=0xfb9b10c21cdb8b2bb7a491f40c3e7b3340b783562affe133ca3c8b53e9440b52 pubkey=0x961a7d85c4e61428f07c4c4d41cc03115ec423bf40172b21f9db161edec282c950782ade73a6dfa915da1c39c716eb1f requestTimestamp=1733519031 service=relay/api slot=60 slotStartSec=1733519031 ua="mev-boost/v1.8.1 Lighthouse/v5.3.0-2e0eb6d" version=6fc57d1-dev
time="2024-12-06T21:03:51Z" level=info msg="http: GET /eth/v1/builder/header/60/0xfb9b10c21cdb8b2bb7a491f40c3e7b3340b783562affe133ca3c8b53e9440b52/0x961a7d85c4e61428f07c4c4d41cc03115ec423bf40172b21f9db161edec282c950782ade73a6dfa915da1c39c716eb1f 204" duration=0.000295 method=GET path=/eth/v1/builder/header/60/0xfb9b10c21cdb8b2bb7a491f40c3e7b3340b783562affe133ca3c8b53e9440b52/0x961a7d85c4e61428f07c4c4d41cc03115ec423bf40172b21f9db161edec282c950782ade73a6dfa915da1c39c716eb1f service=relay/api status=204 version=6fc57d1-dev
time="2024-12-06T21:03:51Z" level=info msg="updated headSlot to 60" epoch=1 service=relay/api slotHead=60 slotStartNextEpoch=64 version=6fc57d1-dev
time="2024-12-06T21:03:51Z" level=debug msg="RefreshKnownValidators init" datastoreMethod=RefreshKnownValidators headSlot=60 headSlotPos=29 lastUpdateSlot=51 service=relay/api version=6fc57d1-dev
time="2024-12-06T21:03:51Z" level=debug msg="Updating builder cache with 0 builders from database" service=relay/api version=6fc57d1-dev
time="2024-12-06T21:03:51Z" level=info msg="payload attributes received for slot: 61" service=relay/api version=6fc57d1-dev
time="2024-12-06T21:03:51Z" level=info msg="updated payload attributes" headSlot=60 payloadAttrParent=0xdb1bb9e913d72107feef6be2917d87d4c04f04350bc09081d2564d8ccf338e70 payloadAttrSlot=61 randao=0xbc4979aaa724658e6439103047194547d7b0e3e380066041bb3d6e4ad9aa3e08 service=relay/api timestamp=1733519033 version=6fc57d1-dev withdrawalsRoot=0x792930bbd5baac43bcc798ee49aa8185ef76bb3b44ba62b91d86ae569e4bb535
time="2024-12-06T21:03:53Z" level=info msg="payload attributes received for slot: 62" service=relay/api version=6fc57d1-dev
time="2024-12-06T21:03:53Z" level=info msg="updated payload attributes" headSlot=60 payloadAttrParent=0xdb1bb9e913d72107feef6be2917d87d4c04f04350bc09081d2564d8ccf338e70 payloadAttrSlot=62 randao=0xbc4979aaa724658e6439103047194547d7b0e3e380066041bb3d6e4ad9aa3e08 service=relay/api timestamp=1733519035 version=6fc57d1-dev withdrawalsRoot=0x792930bbd5baac43bcc798ee49aa8185ef76bb3b44ba62b91d86ae569e4bb535
time="2024-12-06T21:03:53Z" level=debug msg="getHeader request received" headSlot=60 method=getHeader mevBoostV=v1.8.1 msIntoSlot=9 parentHash=0xdb1bb9e913d72107feef6be2917d87d4c04f04350bc09081d2564d8ccf338e70 pubkey=0x8dfa86c051edd28c3554a30e40531c898e5936ad3002711616ddd1b27054bc39caedd505a200c3d23a1c3f6b26c50ae9 requestTimestamp=1733519033 service=relay/api slot=61 slotStartSec=1733519033 ua="mev-boost/v1.8.1 Lighthouse/v5.3.0-2e0eb6d" version=6fc57d1-dev
time="2024-12-06T21:03:53Z" level=error msg="bid was empty, skipping PROF augmentation" error="<nil>" headSlot=60 method=getHeader mevBoostV=v1.8.1 msIntoSlot=9 parentHash=0xdb1bb9e913d72107feef6be2917d87d4c04f04350bc09081d2564d8ccf338e70 pubkey=0x8dfa86c051edd28c3554a30e40531c898e5936ad3002711616ddd1b27054bc39caedd505a200c3d23a1c3f6b26c50ae9 requestTimestamp=1733519033 service=relay/api slot=61 slotStartSec=1733519033 ua="mev-boost/v1.8.1 Lighthouse/v5.3.0-2e0eb6d" version=6fc57d1-dev
time="2024-12-06T21:03:53Z" level=info msg="http: GET /eth/v1/builder/header/61/0xdb1bb9e913d72107feef6be2917d87d4c04f04350bc09081d2564d8ccf338e70/0x8dfa86c051edd28c3554a30e40531c898e5936ad3002711616ddd1b27054bc39caedd505a200c3d23a1c3f6b26c50ae9 204" duration=0.000606 method=GET path=/eth/v1/builder/header/61/0xdb1bb9e913d72107feef6be2917d87d4c04f04350bc09081d2564d8ccf338e70/0x8dfa86c051edd28c3554a30e40531c898e5936ad3002711616ddd1b27054bc39caedd505a200c3d23a1c3f6b26c50ae9 service=relay/api status=204 version=6fc57d1-dev
time="2024-12-06T21:03:53Z" level=info msg="updated headSlot to 61" epoch=1 service=relay/api slotHead=61 slotStartNextEpoch=64 version=6fc57d1-dev
time="2024-12-06T21:03:53Z" level=debug msg="RefreshKnownValidators init" datastoreMethod=RefreshKnownValidators headSlot=61 headSlotPos=30 lastUpdateSlot=51 service=relay/api version=6fc57d1-dev
time="2024-12-06T21:03:53Z" level=debug msg="Updating builder cache with 0 builders from database" service=relay/api version=6fc57d1-dev
time="2024-12-06T21:03:53Z" level=info msg="payload attributes received for slot: 62" service=relay/api version=6fc57d1-dev
time="2024-12-06T21:03:53Z" level=info msg="updated payload attributes" headSlot=61 payloadAttrParent=0x47f3b4df9b4db0bd90a2e31ea904cae67803cde60fc314e7f95d3714b596802b payloadAttrSlot=62 randao=0x3c68247f8eabf88699c347ea313e2df7112851e404ef95b6117a1467fe07cfd5 service=relay/api timestamp=1733519035 version=6fc57d1-dev withdrawalsRoot=0x792930bbd5baac43bcc798ee49aa8185ef76bb3b44ba62b91d86ae569e4bb535
time="2024-12-06T21:03:55Z" level=info msg="payload attributes received for slot: 63" service=relay/api version=6fc57d1-dev
time="2024-12-06T21:03:55Z" level=info msg="updated payload attributes" headSlot=61 payloadAttrParent=0x47f3b4df9b4db0bd90a2e31ea904cae67803cde60fc314e7f95d3714b596802b payloadAttrSlot=63 randao=0x3c68247f8eabf88699c347ea313e2df7112851e404ef95b6117a1467fe07cfd5 service=relay/api timestamp=1733519037 version=6fc57d1-dev withdrawalsRoot=0x792930bbd5baac43bcc798ee49aa8185ef76bb3b44ba62b91d86ae569e4bb535
time="2024-12-06T21:03:55Z" level=debug msg="getHeader request received" headSlot=61 method=getHeader mevBoostV=v1.8.1 msIntoSlot=8 parentHash=0x47f3b4df9b4db0bd90a2e31ea904cae67803cde60fc314e7f95d3714b596802b pubkey=0xac69ae9e6c385a368df71d11ac68f45f05e005306df3c2bf98ed3577708256bd97f8c09d3f72115444077a9bb711d8d1 requestTimestamp=1733519035 service=relay/api slot=62 slotStartSec=1733519035 ua="mev-boost/v1.8.1 Lighthouse/v5.3.0-2e0eb6d" version=6fc57d1-dev
time="2024-12-06T21:03:55Z" level=error msg="bid was empty, skipping PROF augmentation" error="<nil>" headSlot=61 method=getHeader mevBoostV=v1.8.1 msIntoSlot=8 parentHash=0x47f3b4df9b4db0bd90a2e31ea904cae67803cde60fc314e7f95d3714b596802b pubkey=0xac69ae9e6c385a368df71d11ac68f45f05e005306df3c2bf98ed3577708256bd97f8c09d3f72115444077a9bb711d8d1 requestTimestamp=1733519035 service=relay/api slot=62 slotStartSec=1733519035 ua="mev-boost/v1.8.1 Lighthouse/v5.3.0-2e0eb6d" version=6fc57d1-dev
time="2024-12-06T21:03:55Z" level=info msg="http: GET /eth/v1/builder/header/62/0x47f3b4df9b4db0bd90a2e31ea904cae67803cde60fc314e7f95d3714b596802b/0xac69ae9e6c385a368df71d11ac68f45f05e005306df3c2bf98ed3577708256bd97f8c09d3f72115444077a9bb711d8d1 204" duration=0.000401 method=GET path=/eth/v1/builder/header/62/0x47f3b4df9b4db0bd90a2e31ea904cae67803cde60fc314e7f95d3714b596802b/0xac69ae9e6c385a368df71d11ac68f45f05e005306df3c2bf98ed3577708256bd97f8c09d3f72115444077a9bb711d8d1 service=relay/api status=204 version=6fc57d1-dev
time="2024-12-06T21:03:55Z" level=info msg="updated headSlot to 62" epoch=1 service=relay/api slotHead=62 slotStartNextEpoch=64 version=6fc57d1-dev
time="2024-12-06T21:03:55Z" level=debug msg="RefreshKnownValidators init" datastoreMethod=RefreshKnownValidators headSlot=62 headSlotPos=31 lastUpdateSlot=51 service=relay/api version=6fc57d1-dev
time="2024-12-06T21:03:55Z" level=debug msg="Updating builder cache with 0 builders from database" service=relay/api version=6fc57d1-dev
time="2024-12-06T21:03:55Z" level=info msg="payload attributes received for slot: 63" service=relay/api version=6fc57d1-dev
time="2024-12-06T21:03:55Z" level=info msg="updated payload attributes" headSlot=62 payloadAttrParent=0xce4fc6be9451a86e645b53086cbae41e38dd02578e41abc4317c6553faebd564 payloadAttrSlot=63 randao=0xaf190a0d4345e4b88298e4a0b2caf87795285cbffcf87856e986bd749730b60e service=relay/api timestamp=1733519037 version=6fc57d1-dev withdrawalsRoot=0x792930bbd5baac43bcc798ee49aa8185ef76bb3b44ba62b91d86ae569e4bb535
time="2024-12-06T21:03:57Z" level=info msg="payload attributes received for slot: 64" service=relay/api version=6fc57d1-dev
time="2024-12-06T21:03:57Z" level=info msg="updated payload attributes" headSlot=62 payloadAttrParent=0xce4fc6be9451a86e645b53086cbae41e38dd02578e41abc4317c6553faebd564 payloadAttrSlot=64 randao=0xaf190a0d4345e4b88298e4a0b2caf87795285cbffcf87856e986bd749730b60e service=relay/api timestamp=1733519039 version=6fc57d1-dev withdrawalsRoot=0x792930bbd5baac43bcc798ee49aa8185ef76bb3b44ba62b91d86ae569e4bb535
time="2024-12-06T21:03:57Z" level=debug msg="getHeader request received" headSlot=62 method=getHeader mevBoostV=v1.8.1 msIntoSlot=11 parentHash=0xce4fc6be9451a86e645b53086cbae41e38dd02578e41abc4317c6553faebd564 pubkey=0xb1f2588848bded71a0ad83d124b5ff2d1ab964068e4eab97edc678eddc9aaa6175b51f561c4ec96c818ad5f6c59aa936 requestTimestamp=1733519037 service=relay/api slot=63 slotStartSec=1733519037 ua="mev-boost/v1.8.1 Lighthouse/v5.3.0-2e0eb6d" version=6fc57d1-dev
time="2024-12-06T21:03:57Z" level=error msg="bid was empty, skipping PROF augmentation" error="<nil>" headSlot=62 method=getHeader mevBoostV=v1.8.1 msIntoSlot=11 parentHash=0xce4fc6be9451a86e645b53086cbae41e38dd02578e41abc4317c6553faebd564 pubkey=0xb1f2588848bded71a0ad83d124b5ff2d1ab964068e4eab97edc678eddc9aaa6175b51f561c4ec96c818ad5f6c59aa936 requestTimestamp=1733519037 service=relay/api slot=63 slotStartSec=1733519037 ua="mev-boost/v1.8.1 Lighthouse/v5.3.0-2e0eb6d" version=6fc57d1-dev
time="2024-12-06T21:03:57Z" level=info msg="http: GET /eth/v1/builder/header/63/0xce4fc6be9451a86e645b53086cbae41e38dd02578e41abc4317c6553faebd564/0xb1f2588848bded71a0ad83d124b5ff2d1ab964068e4eab97edc678eddc9aaa6175b51f561c4ec96c818ad5f6c59aa936 204" duration=0.001081 method=GET path=/eth/v1/builder/header/63/0xce4fc6be9451a86e645b53086cbae41e38dd02578e41abc4317c6553faebd564/0xb1f2588848bded71a0ad83d124b5ff2d1ab964068e4eab97edc678eddc9aaa6175b51f561c4ec96c818ad5f6c59aa936 service=relay/api status=204 version=6fc57d1-dev
time="2024-12-06T21:03:57Z" level=info msg="http: GET /relay/v1/builder/validators 0" duration=0.000688 method=GET path=/relay/v1/builder/validators service=relay/api status=0 version=6fc57d1-dev
time="2024-12-06T21:03:57Z" level=info msg="updated headSlot to 63" epoch=1 service=relay/api slotHead=63 slotStartNextEpoch=64 version=6fc57d1-dev
time="2024-12-06T21:03:57Z" level=debug msg="RefreshKnownValidators init" datastoreMethod=RefreshKnownValidators headSlot=63 headSlotPos=32 lastUpdateSlot=51 service=relay/api version=6fc57d1-dev
time="2024-12-06T21:03:57Z" level=debug msg="Updating builder cache with 0 builders from database" service=relay/api version=6fc57d1-dev
time="2024-12-06T21:03:57Z" level=info msg="payload attributes received for slot: 64" service=relay/api version=6fc57d1-dev
time="2024-12-06T21:03:57Z" level=info msg="updated payload attributes" headSlot=63 payloadAttrParent=0x5bfa9c9e0a150e261eb201cbea17ea1a3df7d72f359496a7f847fd802cde0d75 payloadAttrSlot=64 randao=0x0971fddf15f3130639d1350a9f6fb832f037ccefea7cf0e8224f77c86a97fc48 service=relay/api timestamp=1733519039 version=6fc57d1-dev withdrawalsRoot=0x792930bbd5baac43bcc798ee49aa8185ef76bb3b44ba62b91d86ae569e4bb535
time="2024-12-06T21:03:57Z" level=info msg="request initiated" cancellationEnabled=false contentLength=8771 headSlot=63 method=submitNewBlock service=relay/api timestampRequestStart=1733519037713 version=6fc57d1-dev
time="2024-12-06T21:03:57Z" level=info msg="unable to read builder: 0xaa1488eae4b06a1fff840a2b6db167afc520758dc2c8af0dfb57037954df3431b747e2f900fe8805f05d635e9a29717b from the builder cache, using low-prio and no collateral" blobGasUsed=0 blockHash=0x1cd05c95e121de0e7e5dfd0d1361591e31e83f40a9256d7897cb23ca23b6a643 builderPubkey=0xaa1488eae4b06a1fff840a2b6db167afc520758dc2c8af0dfb57037954df3431b747e2f900fe8805f05d635e9a29717b cancellationEnabled=false contentLength=8771 excessBlobGas=0 headSlot=63 isLargeRequest=false method=submitNewBlock numBlobs=0 numTx=15 parentHash=0x5bfa9c9e0a150e261eb201cbea17ea1a3df7d72f359496a7f847fd802cde0d75 payloadBytes=8771 proposerPubkey=0xac30aacd9e91cb0727c34ca6b40fbfd4d255b998471e25c443cf6cf777d6bb823a58e162958f32c3c5ca80453387a5d2 reqContentType=json reqIsGzip=false service=relay/api slot=64 timestampAfterDecoding=1733519037715 timestampRequestStart=1733519037713 value=910193350859400 version=6fc57d1-dev
time="2024-12-06T21:03:57Z" level=info msg="block validation successful" blobGasUsed=0 blockHash=0x1cd05c95e121de0e7e5dfd0d1361591e31e83f40a9256d7897cb23ca23b6a643 builderIsHighPrio=false builderPubkey=0xaa1488eae4b06a1fff840a2b6db167afc520758dc2c8af0dfb57037954df3431b747e2f900fe8805f05d635e9a29717b cancellationEnabled=false contentLength=8771 durationMs=7 excessBlobGas=0 fastTrackValidation=false headSlot=63 isLargeRequest=false method=submitNewBlock newBidIsTopBid=true numBlobs=0 numTx=15 numWaiting=0 parentHash=0x5bfa9c9e0a150e261eb201cbea17ea1a3df7d72f359496a7f847fd802cde0d75 payloadBytes=8771 proposerPubkey=0xac30aacd9e91cb0727c34ca6b40fbfd4d255b998471e25c443cf6cf777d6bb823a58e162958f32c3c5ca80453387a5d2 reqContentType=json reqIsGzip=false service=relay/api slot=64 timestampAfterCheckingFloorBid=1733519037719 timestampAfterCheckingTopBid=1733519037719 timestampAfterDecoding=1733519037715 timestampAfterSignatureCheck=1733519037718 timestampBeforeCheckingFloorBid=1733519037718 timestampBeforeCheckingTopBid=1733519037719 timestampBeforeSignatureCheck=1733519037715 timestampBeforeValidation=1733519037719 timestampRequestStart=1733519037713 topBidValue=0 value=910193350859400 version=6fc57d1-dev
time="2024-12-06T21:03:57Z" level=info msg="received block from builder" blobGasUsed=0 blockHash=0x1cd05c95e121de0e7e5dfd0d1361591e31e83f40a9256d7897cb23ca23b6a643 builderIsHighPrio=false builderPubkey=0xaa1488eae4b06a1fff840a2b6db167afc520758dc2c8af0dfb57037954df3431b747e2f900fe8805f05d635e9a29717b cancellationEnabled=false contentLength=8771 excessBlobGas=0 fastTrackValidation=false headSlot=63 isLargeRequest=false method=submitNewBlock newBidIsTopBid=true numBlobs=0 numTx=15 parentHash=0x5bfa9c9e0a150e261eb201cbea17ea1a3df7d72f359496a7f847fd802cde0d75 payloadBytes=8771 prevTopBidValue=0 profileDecodeUs=771 profilePrechecksUs=3894 profileRedisSavePayloadUs=32 profileRedisUpdateFloorUs=115 profileRedisUpdateTopBidUs=303 profileRedisUs=1810 profileSimUs=7093 profileTotalUs=14821 proposerPubkey=0xac30aacd9e91cb0727c34ca6b40fbfd4d255b998471e25c443cf6cf777d6bb823a58e162958f32c3c5ca80453387a5d2 reqContentType=json reqIsGzip=false service=relay/api slot=64 timestampAfterBidUpdate=1733519037728 timestampAfterCheckingFloorBid=1733519037719 timestampAfterCheckingTopBid=1733519037719 timestampAfterDecoding=1733519037715 timestampAfterSignatureCheck=1733519037718 timestampAfterValidation=1733519037726 timestampBeforeCheckingFloorBid=1733519037718 timestampBeforeCheckingTopBid=1733519037719 timestampBeforeSignatureCheck=1733519037715 timestampBeforeValidation=1733519037719 timestampEligibleAt=1733519037728 timestampRequestStart=1733519037713 topBidValue=910193350859400 validationDurationMs=7 value=910193350859400 version=6fc57d1-dev wasBidSavedInRedis=true wasTopBidUpdated=true
time="2024-12-06T21:03:57Z" level=info msg="request finished" blobGasUsed=0 blockHash=0x1cd05c95e121de0e7e5dfd0d1361591e31e83f40a9256d7897cb23ca23b6a643 builderIsHighPrio=false builderPubkey=0xaa1488eae4b06a1fff840a2b6db167afc520758dc2c8af0dfb57037954df3431b747e2f900fe8805f05d635e9a29717b cancellationEnabled=false contentLength=8771 excessBlobGas=0 fastTrackValidation=false headSlot=63 isLargeRequest=false method=submitNewBlock newBidIsTopBid=true numBlobs=0 numTx=15 parentHash=0x5bfa9c9e0a150e261eb201cbea17ea1a3df7d72f359496a7f847fd802cde0d75 payloadBytes=8771 prevTopBidValue=0 profileRedisSavePayloadUs=32 profileRedisUpdateFloorUs=115 profileRedisUpdateTopBidUs=303 proposerPubkey=0xac30aacd9e91cb0727c34ca6b40fbfd4d255b998471e25c443cf6cf777d6bb823a58e162958f32c3c5ca80453387a5d2 reqContentType=json reqIsGzip=false requestDurationMs=20 service=relay/api slot=64 timestampAfterBidUpdate=1733519037728 timestampAfterCheckingFloorBid=1733519037719 timestampAfterCheckingTopBid=1733519037719 timestampAfterDecoding=1733519037715 timestampAfterSignatureCheck=1733519037718 timestampAfterValidation=1733519037726 timestampBeforeCheckingFloorBid=1733519037718 timestampBeforeCheckingTopBid=1733519037719 timestampBeforeSignatureCheck=1733519037715 timestampBeforeValidation=1733519037719 timestampEligibleAt=1733519037728 timestampRequestFin=1733519037734 timestampRequestStart=1733519037713 topBidValue=910193350859400 validationDurationMs=7 value=910193350859400 version=6fc57d1-dev wasBidSavedInRedis=true wasTopBidUpdated=true
time="2024-12-06T21:03:57Z" level=info msg="http: POST /relay/v1/builder/blocks 200" duration=0.020680 method=POST path=/relay/v1/builder/blocks service=relay/api status=200 version=6fc57d1-dev
time="2024-12-06T21:03:58Z" level=info msg="request initiated" cancellationEnabled=false contentLength=29968 headSlot=63 method=submitNewBlock service=relay/api timestampRequestStart=1733519038215 version=6fc57d1-dev
time="2024-12-06T21:03:58Z" level=info msg="unable to read builder: 0xaa1488eae4b06a1fff840a2b6db167afc520758dc2c8af0dfb57037954df3431b747e2f900fe8805f05d635e9a29717b from the builder cache, using low-prio and no collateral" blobGasUsed=0 blockHash=0xcef838a40a6c32805e134ea5b4613d00c7106165003e960615ff439a54b0265b builderPubkey=0xaa1488eae4b06a1fff840a2b6db167afc520758dc2c8af0dfb57037954df3431b747e2f900fe8805f05d635e9a29717b cancellationEnabled=false contentLength=29968 excessBlobGas=0 headSlot=63 isLargeRequest=false method=submitNewBlock numBlobs=0 numTx=61 parentHash=0x5bfa9c9e0a150e261eb201cbea17ea1a3df7d72f359496a7f847fd802cde0d75 payloadBytes=29968 proposerPubkey=0xac30aacd9e91cb0727c34ca6b40fbfd4d255b998471e25c443cf6cf777d6bb823a58e162958f32c3c5ca80453387a5d2 reqContentType=json reqIsGzip=false service=relay/api slot=64 timestampAfterDecoding=1733519038217 timestampRequestStart=1733519038215 value=4340340096184935 version=6fc57d1-dev
time="2024-12-06T21:03:58Z" level=info msg="block validation successful" blobGasUsed=0 blockHash=0xcef838a40a6c32805e134ea5b4613d00c7106165003e960615ff439a54b0265b builderIsHighPrio=false builderPubkey=0xaa1488eae4b06a1fff840a2b6db167afc520758dc2c8af0dfb57037954df3431b747e2f900fe8805f05d635e9a29717b cancellationEnabled=false contentLength=29968 durationMs=14 excessBlobGas=0 fastTrackValidation=false headSlot=63 isLargeRequest=false method=submitNewBlock newBidIsTopBid=true numBlobs=0 numTx=61 numWaiting=0 parentHash=0x5bfa9c9e0a150e261eb201cbea17ea1a3df7d72f359496a7f847fd802cde0d75 payloadBytes=29968 proposerPubkey=0xac30aacd9e91cb0727c34ca6b40fbfd4d255b998471e25c443cf6cf777d6bb823a58e162958f32c3c5ca80453387a5d2 reqContentType=json reqIsGzip=false service=relay/api slot=64 timestampAfterCheckingFloorBid=1733519038220 timestampAfterCheckingTopBid=1733519038220 timestampAfterDecoding=1733519038217 timestampAfterSignatureCheck=1733519038219 timestampBeforeCheckingFloorBid=1733519038219 timestampBeforeCheckingTopBid=1733519038220 timestampBeforeSignatureCheck=1733519038217 timestampBeforeValidation=1733519038220 timestampRequestStart=1733519038215 topBidValue=910193350859400 value=4340340096184935 version=6fc57d1-dev
time="2024-12-06T21:03:58Z" level=info msg="received block from builder" blobGasUsed=0 blockHash=0xcef838a40a6c32805e134ea5b4613d00c7106165003e960615ff439a54b0265b builderIsHighPrio=false builderPubkey=0xaa1488eae4b06a1fff840a2b6db167afc520758dc2c8af0dfb57037954df3431b747e2f900fe8805f05d635e9a29717b cancellationEnabled=false contentLength=29968 excessBlobGas=0 fastTrackValidation=false headSlot=63 isLargeRequest=false method=submitNewBlock newBidIsTopBid=true numBlobs=0 numTx=61 parentHash=0x5bfa9c9e0a150e261eb201cbea17ea1a3df7d72f359496a7f847fd802cde0d75 payloadBytes=29968 prevTopBidValue=910193350859400 profileDecodeUs=1430 profilePrechecksUs=3258 profileRedisSavePayloadUs=66 profileRedisUpdateFloorUs=79 profileRedisUpdateTopBidUs=372 profileRedisUs=2765 profileSimUs=14255 profileTotalUs=21973 proposerPubkey=0xac30aacd9e91cb0727c34ca6b40fbfd4d255b998471e25c443cf6cf777d6bb823a58e162958f32c3c5ca80453387a5d2 reqContentType=json reqIsGzip=false service=relay/api slot=64 timestampAfterBidUpdate=1733519038237 timestampAfterCheckingFloorBid=1733519038220 timestampAfterCheckingTopBid=1733519038220 timestampAfterDecoding=1733519038217 timestampAfterSignatureCheck=1733519038219 timestampAfterValidation=1733519038235 timestampBeforeCheckingFloorBid=1733519038219 timestampBeforeCheckingTopBid=1733519038220 timestampBeforeSignatureCheck=1733519038217 timestampBeforeValidation=1733519038220 timestampEligibleAt=1733519038237 timestampRequestStart=1733519038215 topBidValue=4340340096184935 validationDurationMs=14 value=4340340096184935 version=6fc57d1-dev wasBidSavedInRedis=true wasTopBidUpdated=true
time="2024-12-06T21:03:58Z" level=info msg="request finished" blobGasUsed=0 blockHash=0xcef838a40a6c32805e134ea5b4613d00c7106165003e960615ff439a54b0265b builderIsHighPrio=false builderPubkey=0xaa1488eae4b06a1fff840a2b6db167afc520758dc2c8af0dfb57037954df3431b747e2f900fe8805f05d635e9a29717b cancellationEnabled=false contentLength=29968 excessBlobGas=0 fastTrackValidation=false headSlot=63 isLargeRequest=false method=submitNewBlock newBidIsTopBid=true numBlobs=0 numTx=61 parentHash=0x5bfa9c9e0a150e261eb201cbea17ea1a3df7d72f359496a7f847fd802cde0d75 payloadBytes=29968 prevTopBidValue=910193350859400 profileRedisSavePayloadUs=66 profileRedisUpdateFloorUs=79 profileRedisUpdateTopBidUs=372 proposerPubkey=0xac30aacd9e91cb0727c34ca6b40fbfd4d255b998471e25c443cf6cf777d6bb823a58e162958f32c3c5ca80453387a5d2 reqContentType=json reqIsGzip=false requestDurationMs=29 service=relay/api slot=64 timestampAfterBidUpdate=1733519038237 timestampAfterCheckingFloorBid=1733519038220 timestampAfterCheckingTopBid=1733519038220 timestampAfterDecoding=1733519038217 timestampAfterSignatureCheck=1733519038219 timestampAfterValidation=1733519038235 timestampBeforeCheckingFloorBid=1733519038219 timestampBeforeCheckingTopBid=1733519038220 timestampBeforeSignatureCheck=1733519038217 timestampBeforeValidation=1733519038220 timestampEligibleAt=1733519038237 timestampRequestFin=1733519038245 timestampRequestStart=1733519038215 topBidValue=4340340096184935 validationDurationMs=14 value=4340340096184935 version=6fc57d1-dev wasBidSavedInRedis=true wasTopBidUpdated=true
time="2024-12-06T21:03:58Z" level=info msg="http: POST /relay/v1/builder/blocks 200" duration=0.030131 method=POST path=/relay/v1/builder/blocks service=relay/api status=200 version=6fc57d1-dev
time="2024-12-06T21:03:58Z" level=info msg="request initiated" cancellationEnabled=false contentLength=42303 headSlot=63 method=submitNewBlock service=relay/api timestampRequestStart=1733519038711 version=6fc57d1-dev
time="2024-12-06T21:03:58Z" level=info msg="unable to read builder: 0xaa1488eae4b06a1fff840a2b6db167afc520758dc2c8af0dfb57037954df3431b747e2f900fe8805f05d635e9a29717b from the builder cache, using low-prio and no collateral" blobGasUsed=0 blockHash=0xfdf1c138de8cf4bcaaacedad4c50c33336a3043ada1d7c0af7b4dea57d772a39 builderPubkey=0xaa1488eae4b06a1fff840a2b6db167afc520758dc2c8af0dfb57037954df3431b747e2f900fe8805f05d635e9a29717b cancellationEnabled=false contentLength=42303 excessBlobGas=0 headSlot=63 isLargeRequest=false method=submitNewBlock numBlobs=0 numTx=88 parentHash=0x5bfa9c9e0a150e261eb201cbea17ea1a3df7d72f359496a7f847fd802cde0d75 payloadBytes=42303 proposerPubkey=0xac30aacd9e91cb0727c34ca6b40fbfd4d255b998471e25c443cf6cf777d6bb823a58e162958f32c3c5ca80453387a5d2 reqContentType=json reqIsGzip=false service=relay/api slot=64 timestampAfterDecoding=1733519038712 timestampRequestStart=1733519038711 value=6367000656865810 version=6fc57d1-dev
time="2024-12-06T21:03:58Z" level=info msg="block validation successful" blobGasUsed=0 blockHash=0xfdf1c138de8cf4bcaaacedad4c50c33336a3043ada1d7c0af7b4dea57d772a39 builderIsHighPrio=false builderPubkey=0xaa1488eae4b06a1fff840a2b6db167afc520758dc2c8af0dfb57037954df3431b747e2f900fe8805f05d635e9a29717b cancellationEnabled=false contentLength=42303 durationMs=11 excessBlobGas=0 fastTrackValidation=false headSlot=63 isLargeRequest=false method=submitNewBlock newBidIsTopBid=true numBlobs=0 numTx=88 numWaiting=0 parentHash=0x5bfa9c9e0a150e261eb201cbea17ea1a3df7d72f359496a7f847fd802cde0d75 payloadBytes=42303 proposerPubkey=0xac30aacd9e91cb0727c34ca6b40fbfd4d255b998471e25c443cf6cf777d6bb823a58e162958f32c3c5ca80453387a5d2 reqContentType=json reqIsGzip=false service=relay/api slot=64 timestampAfterCheckingFloorBid=1733519038714 timestampAfterCheckingTopBid=1733519038714 timestampAfterDecoding=1733519038712 timestampAfterSignatureCheck=1733519038714 timestampBeforeCheckingFloorBid=1733519038714 timestampBeforeCheckingTopBid=1733519038714 timestampBeforeSignatureCheck=1733519038712 timestampBeforeValidation=1733519038714 timestampRequestStart=1733519038711 topBidValue=4340340096184935 value=6367000656865810 version=6fc57d1-dev
time="2024-12-06T21:03:58Z" level=info msg="received block from builder" blobGasUsed=0 blockHash=0xfdf1c138de8cf4bcaaacedad4c50c33336a3043ada1d7c0af7b4dea57d772a39 builderIsHighPrio=false builderPubkey=0xaa1488eae4b06a1fff840a2b6db167afc520758dc2c8af0dfb57037954df3431b747e2f900fe8805f05d635e9a29717b cancellationEnabled=false contentLength=42303 excessBlobGas=0 fastTrackValidation=false headSlot=63 isLargeRequest=false method=submitNewBlock newBidIsTopBid=true numBlobs=0 numTx=88 parentHash=0x5bfa9c9e0a150e261eb201cbea17ea1a3df7d72f359496a7f847fd802cde0d75 payloadBytes=42303 prevTopBidValue=4340340096184935 profileDecodeUs=1329 profilePrechecksUs=1891 profileRedisSavePayloadUs=27 profileRedisUpdateFloorUs=91 profileRedisUpdateTopBidUs=186 profileRedisUs=1645 profileSimUs=12010 profileTotalUs=16997 proposerPubkey=0xac30aacd9e91cb0727c34ca6b40fbfd4d255b998471e25c443cf6cf777d6bb823a58e162958f32c3c5ca80453387a5d2 reqContentType=json reqIsGzip=false service=relay/api slot=64 timestampAfterBidUpdate=1733519038728 timestampAfterCheckingFloorBid=1733519038714 timestampAfterCheckingTopBid=1733519038714 timestampAfterDecoding=1733519038712 timestampAfterSignatureCheck=1733519038714 timestampAfterValidation=1733519038726 timestampBeforeCheckingFloorBid=1733519038714 timestampBeforeCheckingTopBid=1733519038714 timestampBeforeSignatureCheck=1733519038712 timestampBeforeValidation=1733519038714 timestampEligibleAt=1733519038728 timestampRequestStart=1733519038711 topBidValue=6367000656865810 validationDurationMs=12 value=6367000656865810 version=6fc57d1-dev wasBidSavedInRedis=true wasTopBidUpdated=true
time="2024-12-06T21:03:58Z" level=info msg="request finished" blobGasUsed=0 blockHash=0xfdf1c138de8cf4bcaaacedad4c50c33336a3043ada1d7c0af7b4dea57d772a39 builderIsHighPrio=false builderPubkey=0xaa1488eae4b06a1fff840a2b6db167afc520758dc2c8af0dfb57037954df3431b747e2f900fe8805f05d635e9a29717b cancellationEnabled=false contentLength=42303 excessBlobGas=0 fastTrackValidation=false headSlot=63 isLargeRequest=false method=submitNewBlock newBidIsTopBid=true numBlobs=0 numTx=88 parentHash=0x5bfa9c9e0a150e261eb201cbea17ea1a3df7d72f359496a7f847fd802cde0d75 payloadBytes=42303 prevTopBidValue=4340340096184935 profileRedisSavePayloadUs=27 profileRedisUpdateFloorUs=91 profileRedisUpdateTopBidUs=186 proposerPubkey=0xac30aacd9e91cb0727c34ca6b40fbfd4d255b998471e25c443cf6cf777d6bb823a58e162958f32c3c5ca80453387a5d2 reqContentType=json reqIsGzip=false requestDurationMs=27 service=relay/api slot=64 timestampAfterBidUpdate=1733519038728 timestampAfterCheckingFloorBid=1733519038714 timestampAfterCheckingTopBid=1733519038714 timestampAfterDecoding=1733519038712 timestampAfterSignatureCheck=1733519038714 timestampAfterValidation=1733519038726 timestampBeforeCheckingFloorBid=1733519038714 timestampBeforeCheckingTopBid=1733519038714 timestampBeforeSignatureCheck=1733519038712 timestampBeforeValidation=1733519038714 timestampEligibleAt=1733519038728 timestampRequestFin=1733519038738 timestampRequestStart=1733519038711 topBidValue=6367000656865810 validationDurationMs=12 value=6367000656865810 version=6fc57d1-dev wasBidSavedInRedis=true wasTopBidUpdated=true
time="2024-12-06T21:03:58Z" level=info msg="http: POST /relay/v1/builder/blocks 200" duration=0.027760 method=POST path=/relay/v1/builder/blocks service=relay/api status=200 version=6fc57d1-dev
time="2024-12-06T21:03:59Z" level=info msg="payload attributes received for slot: 65" service=relay/api version=6fc57d1-dev
time="2024-12-06T21:03:59Z" level=info msg="updated payload attributes" headSlot=63 payloadAttrParent=0x5bfa9c9e0a150e261eb201cbea17ea1a3df7d72f359496a7f847fd802cde0d75 payloadAttrSlot=65 randao=0x0971fddf15f3130639d1350a9f6fb832f037ccefea7cf0e8224f77c86a97fc48 service=relay/api timestamp=1733519041 version=6fc57d1-dev withdrawalsRoot=0x792930bbd5baac43bcc798ee49aa8185ef76bb3b44ba62b91d86ae569e4bb535
time="2024-12-06T21:03:59Z" level=debug msg="getHeader request received" headSlot=63 method=getHeader mevBoostV=v1.8.1 msIntoSlot=14 parentHash=0x5bfa9c9e0a150e261eb201cbea17ea1a3df7d72f359496a7f847fd802cde0d75 pubkey=0xac30aacd9e91cb0727c34ca6b40fbfd4d255b998471e25c443cf6cf777d6bb823a58e162958f32c3c5ca80453387a5d2 requestTimestamp=1733519039 service=relay/api slot=64 slotStartSec=1733519039 ua="mev-boost/v1.8.1 Lighthouse/v5.3.0-2e0eb6d" version=6fc57d1-dev
time="2024-12-06T21:03:59Z" level=debug msg="getPayload response from redis" datastoreMethod=GetGetPayloadResponse headSlot=63 method=getHeader mevBoostV=v1.8.1 msIntoSlot=14 parentHash=0x5bfa9c9e0a150e261eb201cbea17ea1a3df7d72f359496a7f847fd802cde0d75 pubkey=0xac30aacd9e91cb0727c34ca6b40fbfd4d255b998471e25c443cf6cf777d6bb823a58e162958f32c3c5ca80453387a5d2 requestTimestamp=1733519039 service=relay/api slot=64 slotStartSec=1733519039 ua="mev-boost/v1.8.1 Lighthouse/v5.3.0-2e0eb6d" version=6fc57d1-dev
time="2024-12-06T21:03:59Z" level=info msg="parent beacon root found in payload attributes" service=relay/api version=6fc57d1-dev
time="2024-12-06T21:03:59Z" level=info msg="validator registrations call processed" contentLength=28289 headSlot=63 method=registerValidator mevBoostV=v1.8.1 numRegistrations=64 numRegistrationsActive=0 numRegistrationsNew=0 numRegistrationsProcessed=64 processingStoppedByError=false service=relay/api timeNeededMs=7 timeNeededSec=0.007606649 ua="mev-boost/v1.8.1 Lighthouse/v5.3.0-2e0eb6d" version=6fc57d1-dev
time="2024-12-06T21:03:59Z" level=info msg="http: POST /eth/v1/builder/validators 200" duration=0.007692 method=POST path=/eth/v1/builder/validators service=relay/api status=200 version=6fc57d1-dev
time="2024-12-06T21:03:59Z" level=info msg="validator registrations call processed" contentLength=28289 headSlot=63 method=registerValidator mevBoostV=v1.8.1 numRegistrations=64 numRegistrationsActive=0 numRegistrationsNew=0 numRegistrationsProcessed=64 processingStoppedByError=false service=relay/api timeNeededMs=6 timeNeededSec=0.006587958 ua="mev-boost/v1.8.1 Lighthouse/v5.3.0-2e0eb6d" version=6fc57d1-dev
time="2024-12-06T21:03:59Z" level=info msg="http: POST /eth/v1/builder/validators 200" duration=0.006638 method=POST path=/eth/v1/builder/validators service=relay/api status=200 version=6fc57d1-dev
time="2024-12-06T21:03:59Z" level=info msg="enrich block response received / responseuuid:\"6578bc32-e812-44df-90ea-4efc7ef36a3a\" executionPayloadHeader:{ParentHash:\"[\\xfa\\x9c\\x9e\\n\\x15\\x0e&\\x1e\\xb2\\x01\\xcb\\xea\\x17\\xea\\x1a=\\xf7\\xd7/5\\x94\\x96\\xa7\\xf8G\\xfd\\x80,\\xde\\ru\" StateRoot:\"\\xb8\\xb6d\\x18S\\xac\\xbb >}\\x98\\xfc\\xcfvsG*\\xde\\x0c\\xf8(\\x03JcN\\xcewC\\xe9'\\xff\\xc1\" ReceiptsRoot:\"\\xe2֝\\x152/-\\xae\\x87\\r\\x8f\\xe6x\\x8f\\x9b;\\xa1<;N\\x1f\\xd0\\xcc\\xf9\\x02\\x87\\x1fy\u07fcY$\" LogsBloom:\"@ \\x00\\x00\\x00\\x00\\x00\\x00\\x00\\x00\\x00\\x00\\x80\\x00\\x00\\x00\\x00\\x00\\x00\\x00\\x00\\x01\\x00\\x00\\x01\\x00\\x00\\x00\\x00@\\x08\\x00\\x00\\x00\\x00\\x00\\x00\\x02\\x80\\x00\\x00\\x00\\x00\\x00\\x00\\x00 \\x00\\x00\\x80\\x00\\x00\\x00\\x00\\x00\\x00\\x00\\x00\\x00\\x00 \\x00\\x00\\x00\\x00\\x00\\x00\\x00\\x00\\x00\\x00\\x00\\x00\\x00 \\x08\\x00\\x00\\x00 \\x00\\x00\\x00\\x00\\x08\\x00\\x00\\x00\\x00\\x02\\x00\\x00\\x08\\x00\\x00\\x00\\x00\\x00\\x00\\x00\\x00 \\x00\\x00\\x08\\x00\\x00\\x00\\x10\\x00\\x00\\x00\\x00\\x00\\x00\\x00\\x00\\x00\\x00\\x00\\x00\\x00\\x00\\x10\\x00\\x00\\x00\\x00\\x00\\x00\\x00\\x00\\x00\\x00\\x00\\x00\\x00\\x10\\x00\\x00\\x00\\x00\\x00\\x00\\x00\\x00\\x00\\x00\\x00\\x00\\x00\\x08\\x00\\x00\\x00@\\x00\\x02\\x00\\x00\\x00\\x00\\x00\\x00\\x00\\x00\\x04\\x00\\x00\\x00\\x00\\x00\\x00\\x00\\x00@\\x00\\x00\\x00\\x00\\x00\\x00\\x00\\x02\\x00\\x00\\x00\\x00\\x00\\x00\\x00\\x00\\x00\\x00\\x10\\x02\\x00\\x00\\x00\\x00\\x00\\x00\\x00\\x00\\x00\\x00\\x00\\x00\\x00\\x00\\x00 \\x00\\x00\\x00\\x10\\x00\\x00\\x00\\x00\\x00\\x00\\x00\\x00\\x00\\x00\\x00\\x00\\x00\\x00\\x00\\x00\\x00\\x00\\x00\\x00\\x00\\x00\\x00\\x00\\x00\\x00\\x00\\x00\\x00\\x00\\x00\\x00\\x00\\x00\\x00\\x00\\x00\\x00\\x00\\x00\" PrevRandao:\"\\tq\\xfd\\xdf\\x15\\xf3\\x13\\x069\\xd15\\n\\x9fo\\xb82\\xf07\\xcc\\xef\\xea|\\xf0\\xe8\\\"Ow\\xc8j\\x97\\xfcH\" ExtraData:\"Illuminate Dmocratize Dstribute\" BaseFeePerGas:\"\\x06\\xb1M\" FeeRecipient:\"\\x89CTQw\\x80n\\xd1{\\x9f#\\xf0\\xa2\\x1e唎ʧv\" BlockHash:\"\\xed\\x08\\x92=E\\xed\\xa4\\xec\\x04\\x0cF\\x8d\\xe0\\xc9U\\xc6\\xf0\\xad3ħ\\xec\\x0b\\xd3\\xe7\\x84_\\x08\\xec\\xef\\xd5T\" TransactionsRoot:\"\\xa5\\xe7-\\x14\\xf0,\\xdb5\\x18\\xb5\\n\\xf4B\\xbd\\xad)\\xd3>\\xc7x\\xfa\\x8d\\x9d_\\xba\\x04o\\x1a\\xbd]&%\" WithdrawalsRoot:\"y)0\\xbbպ\\xacC\\xbcǘ\\xeeI\\xaa\\x81\\x85\\xefv\\xbb;D\\xbab\\xb9\\x1d\\x86\\xaeV\\x9eK\\xb55\" BlockNumber:64 GasLimit:26611454 Timestamp:1733519039 GasUsed:5309707} value:11650660656865810" service=relay/api version=6fc57d1-dev
time="2024-12-06T21:03:59Z" level=info msg="bid enriched with PROF" service=relay/api value=11650660656865810 version=6fc57d1-dev
time="2024-12-06T21:03:59Z" level=info msg="SUCCESS: bid enriched with PROF" enrichedHeader="{[91 250 156 158 10 21 14 38 30 178 1 203 234 23 234 26 61 247 215 47 53 148 150 167 248 71 253 128 44 222 13 117] [137 67 84 81 119 128 110 209 123 159 35 240 162 30 229 148 142 202 167 118] [184 182 100 24 83 172 187 32 62 125 152 252 207 118 115 71 42 222 12 248 40 3 74 99 78 206 119 67 233 39 255 193] [226 214 157 21 50 47 45 174 135 13 143 230 120 143 155 59 161 60 59 78 31 208 204 249 2 135 31 121 223 188 89 36] [64 32 0 0 0 0 0 0 0 0 0 0 128 0 0 0 0 0 0 0 0 1 0 0 1 0 0 0 0 64 8 0 0 0 0 0 0 2 128 0 0 0 0 0 0 0 32 0 0 128 0 0 0 0 0 0 0 0 0 0 32 0 0 0 0 0 0 0 0 0 0 0 0 0 32 8 0 0 0 32 0 0 0 0 8 0 0 0 0 2 0 0 8 0 0 0 0 0 0 0 0 32 0 0 8 0 0 0 16 0 0 0 0 0 0 0 0 0 0 0 0 0 0 16 0 0 0 0 0 0 0 0 0 0 0 0 0 16 0 0 0 0 0 0 0 0 0 0 0 0 0 8 0 0 0 64 0 2 0 0 0 0 0 0 0 0 4 0 0 0 0 0 0 0 0 64 0 0 0 0 0 0 0 2 0 0 0 0 0 0 0 0 0 0 16 2 0 0 0 0 0 0 0 0 0 0 0 0 0 0 0 32 0 0 0 16 0 0 0 0 0 0 0 0 0 0 0 0 0 0 0 0 0 0 0 0 0 0 0 0 0 0 0 0 0 0 0 0 0 0 0 0 0 0 0 0] [9 113 253 223 21 243 19 6 57 209 53 10 159 111 184 50 240 55 204 239 234 124 240 232 34 79 119 200 106 151 252 72] 64 26611454 5309707 1733519039 [73 108 108 117 109 105 110 97 116 101 32 68 109 111 99 114 97 116 105 122 101 32 68 115 116 114 105 98 117 116 101] 438605 [237 8 146 61 69 237 164 236 4 12 70 141 224 201 85 198 240 173 51 196 167 236 11 211 231 132 95 8 236 239 213 84] [165 231 45 20 240 44 219 53 24 181 10 244 66 189 173 41 211 62 199 120 250 141 157 95 186 4 111 26 189 93 38 37] [121 41 48 187 213 186 172 67 188 199 152 238 73 170 129 133 239 118 187 59 68 186 98 185 29 134 174 86 158 75 181 53] 0 0}" headSlot=63 method=getHeader mevBoostV=v1.8.1 msIntoSlot=14 parentHash=0x5bfa9c9e0a150e261eb201cbea17ea1a3df7d72f359496a7f847fd802cde0d75 pubkey=0xac30aacd9e91cb0727c34ca6b40fbfd4d255b998471e25c443cf6cf777d6bb823a58e162958f32c3c5ca80453387a5d2 requestTimestamp=1733519039 service=relay/api slot=64 slotStartSec=1733519039 ua="mev-boost/v1.8.1 Lighthouse/v5.3.0-2e0eb6d" version=6fc57d1-dev
time="2024-12-06T21:03:59Z" level=info msg="TIME: bid enriched with PROF" enrichTime=63.598939ms headSlot=63 method=getHeader mevBoostV=v1.8.1 msIntoSlot=14 parentHash=0x5bfa9c9e0a150e261eb201cbea17ea1a3df7d72f359496a7f847fd802cde0d75 pubkey=0xac30aacd9e91cb0727c34ca6b40fbfd4d255b998471e25c443cf6cf777d6bb823a58e162958f32c3c5ca80453387a5d2 requestTimestamp=1733519039 service=relay/api slot=64 slotStartSec=1733519039 ua="mev-boost/v1.8.1 Lighthouse/v5.3.0-2e0eb6d" version=6fc57d1-dev
time="2024-12-06T21:03:59Z" level=info msg="Original Bid" bid=6367000656865810 headSlot=63 method=getHeader mevBoostV=v1.8.1 msIntoSlot=14 parentHash=0x5bfa9c9e0a150e261eb201cbea17ea1a3df7d72f359496a7f847fd802cde0d75 pubkey=0xac30aacd9e91cb0727c34ca6b40fbfd4d255b998471e25c443cf6cf777d6bb823a58e162958f32c3c5ca80453387a5d2 requestTimestamp=1733519039 service=relay/api slot=64 slotStartSec=1733519039 ua="mev-boost/v1.8.1 Lighthouse/v5.3.0-2e0eb6d" version=6fc57d1-dev
time="2024-12-06T21:03:59Z" level=info msg="Enriched Bid" enrichedBid=11650660656865810 headSlot=63 method=getHeader mevBoostV=v1.8.1 msIntoSlot=14 parentHash=0x5bfa9c9e0a150e261eb201cbea17ea1a3df7d72f359496a7f847fd802cde0d75 pubkey=0xac30aacd9e91cb0727c34ca6b40fbfd4d255b998471e25c443cf6cf777d6bb823a58e162958f32c3c5ca80453387a5d2 requestTimestamp=1733519039 service=relay/api slot=64 slotStartSec=1733519039 ua="mev-boost/v1.8.1 Lighthouse/v5.3.0-2e0eb6d" version=6fc57d1-dev
time="2024-12-06T21:03:59Z" level=info msg="http: GET /eth/v1/builder/header/64/0x5bfa9c9e0a150e261eb201cbea17ea1a3df7d72f359496a7f847fd802cde0d75/0xac30aacd9e91cb0727c34ca6b40fbfd4d255b998471e25c443cf6cf777d6bb823a58e162958f32c3c5ca80453387a5d2 200" duration=0.067533 method=GET path=/eth/v1/builder/header/64/0x5bfa9c9e0a150e261eb201cbea17ea1a3df7d72f359496a7f847fd802cde0d75/0xac30aacd9e91cb0727c34ca6b40fbfd4d255b998471e25c443cf6cf777d6bb823a58e162958f32c3c5ca80453387a5d2 service=relay/api status=200 version=6fc57d1-dev
time="2024-12-06T21:03:59Z" level=info msg="request initiated --> handleGetPayload" contentLength=3485 headSlot=63 headSlotEpochPos=32 idArg= method=getPayload mevBoostV=v1.8.1 service=relay/api timestampRequestStart=1733519039109 ua="mev-boost/v1.8.1 Lighthouse/v5.3.0-2e0eb6d" version=6fc57d1-dev
time="2024-12-06T21:03:59Z" level=info msg="getPayload request received" blockHash=0xed08923d45eda4ec040c468de0c955c6f0ad33c4a7ec0bd3e7845f08ecefd554 contentLength=3485 feeRecipient=0x8943545177806ED17B9F23F0a21ee5948eCaa776 headSlot=63 headSlotEpochPos=32 idArg= method=getPayload mevBoostV=v1.8.1 msIntoSlot=110 proposerIndex=66 proposerPubkey=0xac30aacd9e91cb0727c34ca6b40fbfd4d255b998471e25c443cf6cf777d6bb823a58e162958f32c3c5ca80453387a5d2 service=relay/api slot=64 slotEpochPos=1 slotStartSec=1733519039 timestampAfterDecode=1733519039110 timestampAfterSignatureVerify=1733519039112 timestampRequestStart=1733519039109 ua="mev-boost/v1.8.1 Lighthouse/v5.3.0-2e0eb6d" version=6fc57d1-dev
getPayloadFromProf called!!!
getPayloadResponse returning payload from bundle merger: &{Version:deneb Bellatrix:null
 Capella:null
 Deneb:{execution_payload: {parent_hash: '0x5bfa9c9e0a150e261eb201cbea17ea1a3df7d72f359496a7f847fd802cde0d75', fee_recipient: '0x8943545177806ED17B9F23F0a21ee5948eCaa776', state_root: '0xb8b6641853acbb203e7d98fccf7673472ade0cf828034a634ece7743e927ffc1', receipts_root: '0xe2d69d15322f2dae870d8fe6788f9b3ba13c3b4e1fd0ccf902871f79dfbc5924', logs_bloom: '0x40200000000000000000000080000000000000000001000001000000004008000000000000028000000000000000200000800000000000000000000020000000000000000000000000002008000000200000000008000000000200000800000000000000002000000800000010000000000000000000000000000010000000000000000000000000001000000000000000000000000000080000004000020000000000000000040000000000000000400000000000000002000000000000000000001002000000000000000000000000000000200000001000000000000000000000000000000000000000000000000000000000000000000000000000000000', prev_randao: '0x0971fddf15f3130639d1350a9f6fb832f037ccefea7cf0e8224f77c86a97fc48', block_number: 64, gas_limit: 26611454, gas_used: 5309707, timestamp: 1733519039, extra_data: '0x496c6c756d696e61746520446d6f63726174697a6520447374726962757465', base_fee_per_gas: '438605', block_hash: '0xed08923d45eda4ec040c468de0c955c6f0ad33c4a7ec0bd3e7845f08ecefd554', transactions: ['0xf8d4068459b3cbf9830186a08080b880600060935d600060c75d7f69a1a1fc7703a5d92eb3ce90d76b811f840080e507d170eb51f9eaa806abf524607f526074609f5360be60a053604a60a1537fb5f3ee0a33ba67d1f5c626926605dde42cb6d5f51a569ffe5291eae5fca505e5609a527f1ade0ebd533b57baf3b63e2f039c7bb4ddd7c262c273686fda2cfa2e6ed28360306ba0d1196dd6b169aae62cfae9c0572c35ba1b328c210a654ef3f77e2844bba93305a06e4bea4072a0b880575824f0e6f49c100826f06d6db2e9f4cf4e05d0aa6d52ad', '0xf8e8078459b3cbf9830186a094b02a2eda1b317fbd16760128836b0ac59b560e9d80b88060b860f55360bd60f653609d60f753608a60f853606c60f95360ff60fa5360ad60fb5360a960fc5360f160fd53605560fe5360a360ff53609661010053608261010153606e6101025360a86101035360ed61010453605761010553602f61010653604f6101075360db6101085360fc61010953603a61010a5360d161010b53608360306ca0fa2dd5ca6765821cfb2be82422d1afe0e0fc456d576e4833b4d6d08bbd09f6aea022e601c19ca8fc6e18469f674ff6c39d4ecf5d95acce8fe9b5c0abc05cffc984', '0xf8e8078459b3cbf9830186a094f34ff9c75d55964319b3aef93834830e8c19332380b880da6000600f5d7f44abd3b0c5dbfb15c386b57d16bd46e13d8826d1c647406d07a51d5ebbd7e02b6095527f2f7c6c52be6a8c4a7fb8a521377235eb66ababd105a748160205001148df228c60b5527f7fab792e6952e3be8f38ec5e552ae654b1ffa893b818f0038ba7e3689e77241060d5527f3e82787352583dd0bfb540bab18360306ca0ae988009a027df5c7580430f20a70f991ccd2a926ef57004ba54211ab59640a0a07025d14a44243c5ec1e4bed4ece1c6cead34c6d1008c050a9d00dd62e724963c', '0x01f8ea83301824058459b3cbf9830186a094b02a2eda1b317fbd16760128836b0ac59b560e9d80b8807fcce7bbdde5a6abfdadf8f4553eb95d41dfd0255e4737f004b37701625172c71a60a1527f99cf9fe0497f5e8f2dbae69c1a7a2302ca3b17e1dc72db3aaa99405c90ebf32c60c1527f631754b12c89353449fb6d504c0f10d4a37f79de9745f0c9671fd33ebdee9d8560e1527fcb6c273118146a7336fc1052247819205771e4c001a09136ae31608e2b1215ef78ad3aa5454ebde332e3665764e388c5a5a5bee0319da006ed77cce3ce1394ef6c9a38d2379b518b137ceacab8a869ac2d3e3f4f5fa345', '0xf8d4048459b3cbf9830186a08080b880601649609e497fd561161fbbee4d77f6b50f300e2a35714dbbc5c69c59397b68ad5bf8f63d89166043527fe443c401f78709ac1ac2037e40df34aba5d77aae6f9e9b46b52d5dba58465fad6063527fd6cb4e0cc22135bff01094de51c9050b3767821b7a21069046d37a26c5e8283c6083527f908a48fa50329d226c57b309658360306ba0f8288d248688b649b011e48fd6958938662eef323d958b606aa8c1e39fc57d3da04fecc8ec7999d9b6c20abf0a9f11b431a1ef490e42ee023b0668c26ed12b3d2a', '0x01f8ea83301824058459b3cbf9830186a094f2f5d2dfd48979582938f309732883d8d0ef5e9580b8807f473394c500fe7fb16de32dfc87b57439bc45be1939cd2b374fbb55cb9697772d608f5260f560af5360d660b053606c60b153602e60b253600160b35360eb60b45360db60b553601a60b65360c560b753600060ee5d600060d15d60aa497fd814b18706f64a302d2bbfda7875140a6d9cb2a207195339825fa08e9d8e745e60c001a0d6d714d88e4db31069dd6c40b225b5f3cc451bdf818b95e510cb6cbcd40effc1a0355511071d49b3f5013126e4bbdb7b904fbe5b0bcbc469e9feb632d50c3bf518', '0xf8e8028459b3cbf9830186a094b02a2eda1b317fbd16760128836b0ac59b560e9d80b8807f7f6d24aadeb13e8956ab8526a68b34d590eb9ad7c692cd9fa1bb98840ea2a350604e527f7eb49b8deda6a2330b068bfffd3b7a6bf8e6f0f80aeb623637d82a931e456925606e527fe83f7c9244402cbc7b2c9289d63db19d893cf691e4a67a381b161ed1dec433a5608e527f1eced7d50f8798950799132ef071c8087abba38360306ca0d0d0bad9a9c7ec9e782a7b0a9c2700b9ee53da3c511a7843d296e57798e84170a028bbbdba80501425b059d9cec0e20325c194611cc2c29c91fb1eda85c4c8bbb5', '0x01f8d683301824038459b3cbf9830186a08080b8806000609e5d7f329507c646057459cddf77658ce16abb84513d70079ed7907b67cbea98fda9e7605b527f53276dd46a9f9567fc266af990c7eb52a1d73470687d04b9287a73cd6c83afbe607b527fde3309704c357b91cd2ede89548ec992a9d34724e63984fb8abcf5cf5fd80192609b527faef76d5c88ee0600002a87f9710ac001a0d1561d23a8f56ccec1a32a1504c993d70a3847931dce61058cba5ea218a923c6a00ec7995f13614ee85a0ba25850aae746074f41f0bb83f43036a00362dd909b21', '0xf8d4058459b3cbf9830186a08080b8807f3e66dc2c3c3026df53226e7b448a73bd7b04b448523389e773444672ef9302da60a1527f96760912b83f76fa329a985eec20d1fb27f3efb435b42a0bed39e90ee0a9840660c152604f60e153603c60e253600960e35395600060d15d60e1602853602d60295360ee602a53605e602b536055602c536081602d5360ab602e538360306ba0431d2ad9873468b4a3c3d5546c62b0deb090b503bd8a958de7fff2c62b2aed21a017dbea9d12398709f49cfa609348e6eed66b4ccec67995adada78072804ef2ea', '0xf8e8048459b3cbf9830186a0940e8d5bf78420af06a0c09cb5b3640fee48d9f72380b880600060bc5d7f8e7d447d7f95b4fddf9cacfa2600ba3d399ad8e89f8e80e33ff2fb70802dbfad60b8527f7fcb81b7b54a3e37edc073db2ad56be91d03c07aab0326ac4e4bcd9b3fb346e860d8527f8bbb62fdbdf037073d1576ad207885f3f8ed78b98ef2d2a70d393248324b53fb60f8527f2fbc3a49869ef364e8aa2f2c01b08360306ca035b03d3733e7ddfd28cebd04f50e78129b9bbd70f2b6330bef30846000e9da2fa01999c5115310b245d5e96ff43208fde6273f56356559faf114b8471fe040ffbe', '0xf8e8038459b3cbf9830186a094882ef8e39b2c60d8cd56108cada1e834c3589ea880b880837f8ff6daf369c4278917f1b7fbc0e06f1d62a92c762adb37925ad4d5af6113b5ef6099527f4f3807950d6f666a3d6b6dc3746fbd82eebfe927d2dc111827822923e7f22da060b952602160d95360de60da53605160db53606460dc5360f960dd53603c60de53607060df53606760e053602260e153605860e25360e760e3538360306ba0c20a4297914320df9b6d71b09c839fb368eab832a8cac007f0ef13ca3e1120ffa07c75448efa50b14ad9be742b481b33f24c076d1774a7ddfc3262891bddf61da2', '0xf8d4048459b3cbf9830186a08080b8807fca52d635416279a578c96d7f59e3a6fe86b6285c44059f9cfdd68d25d57426a9604b527fd1abeadbb113ffe9f3b1ce04e938894ba01e447e79ec7e6631c333b1ba67bfb0606b527f187074e812be82dd119bb8743e3e2209aa105ee4e5edfdb2b95a0683147032b3608b527fe87d705c251eb6a39da8113ffdfc7abb8ad8898360306ca09465da80c5369918a199d8b91a64fd382540ac54de8ddfd0421859a1f28b5e4ea075e20dba88c7569e22c931900f18b36fec9c429c201fefc90e0ae5cff3db41aa', '0x01f8ea83301824018459b3cbf9830186a094000000000000000000000000000000000000000080b8807f1492c782f70470941252f63616ab19aa283391349cbc51bcf15fd0c7248ecb97606a527f9318dfffaec06eb81cbbce5e62081f6864c4aac6a90757976abb14d82b37cdeb608a527f27730fb364a9a9fd91bf1dd60e0f731ee83f7fd77c9858b861c02c57d160f81760aa527f66432b025d514a1f49841b5dee6bef3b3cd0dcc001a097f3bac2d5ac03e954584f05f9896bf8595777a8668e3b2acc76c0c12797ade0a018269af5d50a4501df6c970cbdaffec45e72d6418fe3090f53ae5193065f5659', '0xf8d4068459b3cbf9830186a08080b880947fffbdc10b468c91ebe4ed04e09746902455c6b2ad9c7c596c414a127e1a1c646160ae527f7503a2932dd171d73db70c75e1520ffa9d71ad3e7d469aa10ceb6b2ab5d61be360ce526000602c5d600060d45d7f29a8ce92eb1017c1e2d9a0be0e22e068b4d047ca86420a13a5ee29441cf4d00a603f527f40ce335390fb5cd78360306ba0044ccb3ed4fbbd2fa8c0e607120bd027bce4a1c515e89bb30a24c6c375804502a0379632c94cadf18157e87818472b0908d19e519ba273b937c22debe5fb53adc6', '0x01f8d683301824058459b3cbf9830186a08080b880c77f575dd6dfbe6cd6e5d7d83465e590a4c595f11f113262e4d7cacde7e93ec6c03860cf527fb6f0f3d6b7a6bec46cbdee29960741f0b246c08d68cf8faf1d04479e0d8dade660ef527fd6aa57df6581e0255b5d8d725648c0f8132672fb2133e8fb9e1516fb5e9220c261010f526015607e5360d0607f53608f60805360d460c001a04e887c05c805d83a6829548414b7dbc9108ee95f4edf748e447298a6279a48a6a0504950a14d29902c4a16aa9f9c907e36ed32064a043493eda39672ff6a922629', '0xf8d3068459b3cbf9830186a08080b8807f6b41b03d0f27220e4eb8a554a295906ee4e88b689f3aab7f53a745309db6b6c36048527f310d20e08f408a97900bfa8ad0d4abd1538524ebccf79d641321cc38b1b12ee860685260be608853608b60895360cb608a53603a608b5360f2608c53608a608d53600060fc5d7ff752464f504ca8435cd1aa461034944efd1022b28360306ba0533ae394dc5c38251a3168a5179317bd1e22f9e74709b5079e89373827a8509d9ff3c70c2784ba77e070b7b385a6ec32cc00c7a86f8a95115485e884d6664f00', '0xf8d4068459b3cbf9830186a08080b8807fc03f773fead90f6d6029657415747432949d6b33c2254dadcad635b11a32484a60d0527f04c966230538f8995a9f93d2b9cc1d2fdb2e256888a2ad188f0bbef4a462357860f0527fb0835805dc68c23b0970cbfd4e9d36b1ad2a88c077be09e40e81154b0f4e9a95610110527fb1c97cdc56c06f7a05854e234daa2ec0fc478360306ca066cfce6da07f12e74de5dbe58303083c4b31840a88ea0bfd0b27b827499b7f79a07bc88df2f24073048b011c67d2d715310e5ddda4afcc1a9888912bf79d2a27c0', '0x01f8d683301824048459b3cbf9830186a08080b88003600063897e87595dfd7fd8fe5637f05257710ec332ac6465a7d9eb4c5e9be8f8910861fc0320ce7d4fd9608a527f74cab4965336acb1d7de8843badcd95049842c0feddb9aecb44d7fe62f0e0a9b60fc527fbd70b0f5659b7f957a9bf4df272b9d430cec380e862807b06beae102b5b8065361011c527fb028a984c617504bc080a0854dca6d2e458efeb5b2f080bf35fdea6afd9b35243ac61e258a372199a2d213a0443a5dd30be885a8f1f65d7e779a79796dea3dc60e1191bd42e2b0d45887de75', '0x01f8ea83301824038459b3cbf9830186a094f3c47f26b4efc15eb76fc61c566eaf354d29fa1c80b8807fb8543b055776a2e629acb100f5420e921e3bc2a5ecd4bbbe0a5129470e27ad56605a527f5dd21384382350a600033a6166a2f7cfc5af95a7f929779f68c5475977c62d0a607a527f81a318756c687c2d48007dcd57f36437feae46b15f81e5d19cab672b000ee3cf609a52603960ba5360fa60bb5360a260bc5360cd60bd53c080a07869fcc0f198e7b4c2a5367e52fff8fc3eb4b6fe9e6ecaf3a3e0745c7104d36ca02b1c51deca2ec808ed184d8f4d9a39cbc9350965102cfc9181b1abc2169ffb3c', '0x01f8ea83301824028459b3cbf9830186a094a40548a204b871b1eed2cf37a7e35f8df6de088080b880603a497f211020036857848546c15f544c6690acea4d141d290566d5135e48f80dc3077460e1527f501ad64e15470f5d3470b295aa716c658194aa89f0e8fa953474bafe15b4a0a7610101527fd8dc56084c53a75f027861d031f0f370b3104a7f83a166caa02c8401ea90e840610121527ff4df18af04c534e18355bc24bf9fc080a082b86692ba866a158753212211c0b05a61372d40c73f1dcb71ea6efa5c91b0eea01715b1799409d0edc81516c44b202a3040d8838bea0fbdbdac0a8774cd042fa7', '0xf8e8088459b3cbf9830186a094b02a2eda1b317fbd16760128836b0ac59b560e9d80b8807f1c170adf0a671b38727cf31648f1e9ceb11733e8a88ce44dbd0bfa51bd57ccfb6064527f6a0f2bcf602720297a1afe47054cc6a19c6a3ee1ec84d4c094f3ac80e11f2a5f6084527ff032070482be554ae29f2ac753b83b0476e3228b9de63b683acd3cce6f8ec00e60a4527f9bda414873c98ebc8f892fcdefa189a5aa24138360306ca0179e8c2800b3215f82e9b1a4c47890795d916b619848337da7a140431291bd95a07c50a3148524b7aca05fd1ab60c08eced5b2a74c8c6310b877e6f844a0f3acbf', '0xf8d4098459b3cbf9830186a08080b8807f643d79843133b2e7029a45fa81ca23edc9eedee093c91882582c3d11b6f6aec660d7527ff8524ec4f5d43627f332ff14012ff998aaaf87d989d6b6f6b35869aaa63a2fe760f75260756101175360756101185360c561011953608c61011a53603961011b5360b861011c53609261011d53602b61011e53603c61011f5360fe8360306ba0c9c45c9142f7ad9e5aee30289354981b088a0f821d81cab2562b2582ed3b8e97a0591b5f316415222f7dd1834948d1bc79bb38c79818de988cd5df6ea46e026a12', '0xf8e8088459b3cbf9830186a094000000000000000000000000000000000000000080b88073605c49600060a05d7f634bffbb1481af2061fa9009cdd989cb6f6461d29288f116c5ad0348a883693160f9527ff7e7dcb3eef78d7f4b545dccf8b48db8cbe4757e573b22222c79990c4d737ce9610119527f338384e630fee0b9e1fb3ccac978e0874b1472b96aa0a25f6db16afc05fe43f361013952605361015953602b618360306ca090bbe043a6ebf57d89d810fd60314ad53745c14aadd6e509b982ed2152d93c0ea0065f0e9a117974f9d1eb230d09697638e728ebb522835c2d3d5fe6332a697a1a', '0xf8d4018459b3cbf9830186a08080b880600060b35d600060155d6000604a5d7f93decff949a79a415381845efa75d8926a9fcdb36da122f3df8ef6960bd451e360d6527f89038666f67b17f9dac2b3dd07561a173e6308c12d2a078019eb5ae974ab5b5b60f65260546101165360ad6101175360ce61011853606c6101195360e461011a53602461011b53600561011c8360306ba09e468a115395d4741e9d0687aef9535a38e009714e2c1b8be21b676044d076b3a07be02f255333d5928de60cb2a1ffaa46af0b1fce210154404c0d84df7dde398e', '0xf8d4028459b3cbf9830186a08080b8807f1b492c5875c1267b48f03fbc7ff5b89daa7f48736c57370d6fb934c91794df1160cc527f087262c5bb17d8a61c4c295846a26381322baf8db83ab3c3e69384a64b94857b60ec527f25a670aaa3aa6192cfbe48cf944764824b499af415674e989e7fa68e3614140961010c527fdbd0d78d1cec12cc79ac928303ee654832fd8360306ba081a09f8d6d6b83913b6ae76030577340172d9d4ae09d593f0970f2d8729235cba05ab52dc398b650f4da312f335d687b79298ebcc0aef63c89c12c97261c90da16', '0xf8d4048459b3cbf9830186a08080b8807ff9596bd21f3f11f9d6e4e2d3e904cc8b4805c851c25641a3db329bb2ef81580760c9527f0e94f290b20409115e03bcc285647698c54257c2800998b6e328374c96e8015f60e952605c6101095360bc61010a53602c61010b53601a61010c53602461010d53602261010e53604f61010f5360236101105360066101115360828360306ba0efb770fa3ec0259625e0f96fdc19be77a6a9fc4504b025c74e0d9f342c9bd34ca07bf23c520df4af7f48ddccb46fcc30f62fde62a4bd2e097916330ae8e0567d4d', '0xf8d4068459b3cbf9830186a08080b8804b167fc21228dafa4b4127d59d7d54339b997f54d766ea28c90d7967c38e510f6a0e0d60d152600660f153601660f253608760f35360b060f453609760f55360be60f653605060f7537f292356e4d20aabdfaa2456cd3a8f33a5f1b609b01775e6ca2ed062702565b45e60a2527fcf4a8d0085b2069d23dc3d94e445e76c69498360306ba04cc08b45a2f43d1919a49f2c99662a26205172798c48e281996a346c077af666a00ec61230535de59bcbbd47d40c9aea64544ae72d347bf00d50e68ff310a4a523', '0xf8d3068459b3cbf9830186a08080b8806074497f0b4423ae2d3d84d48e88f2b0458fec262c46aa8a8212acc59cb66e28aacb7f7e60f75260bf6101175360aa61011853604a6101195360ca61011a53607b61011b5360ed61011c5360cf61011d53602761011e53609061011f53600261012053604d6101215360eb61012253609b6101235360dc61012453608b6101258360306b9f764a30df3621341261406bded3debfe08fae717d8317f02f7bd821623981c3a057ed4a211bb29a96b1660298464c92c2a8df7e0e2f28599c80b670bdf634f902', '0xf8d4068459b3cbf9830186a08080b8809d7f4bb230b63e5345dc13721ebc2247ea691945fa37d9116dbd5cb666ded28817056042527f843d60bfe54b52a3c0e37b77a454c84dd5126602b5b6a3f78def3d7a24a51cfa6062527faeb1f608963c3b4f70b13d34c65c5ec4010a4a14ebc13039ed011b8919ab348e6082527f82ac1962ee64623b925ede615a501a4029848360306ca0850abc1df143d558defc89257ef5373445e9614e2c182c44884c5e2e5523b55aa02a0b378bcbf6c2174bf9b9c0c335daaa9886ec8738bce996c5bdd370f904f0fe', '0x01f8ea83301824068459b3cbf9830186a094ddfa26b87579a0f37bf7a4083d2d24f8248e954c80b880600060e55d7f9f84a4f23be4f34585a0bd3cc621ff97b47b84364e59dbb25ac79305b3d4bb796053527f3aac4360cba54025b41541456b35d6417193e6188c2d73c21dd9c31d288378c46073527fa6a76584a89fb7e7571920fde92cdbbebb0ae6c58973d5f428ff1fcd15e02054609352604f60b353606c60b453606d60b553c001a09a71e44209f6a2dd8fd4d5a03bfb38c997c8217a57157763dbc297c97873570aa028e445dd1ee223ace74c4bc3572299fc54012f68b346c078ac960b09ce63f0d0', '0x01f8ea83301824058459b3cbf9830186a094000000000000000000000000000000000000000080b880600060d35d609e60735360c960745360e7607553600960765360f860775360ab607853604b607953602e607a53607a607b5360f9607c53603c607d53607f607e53605b607f53606f608053601460815360c160825360dc60835360da60845360d960855360b3608653602d6087536009608853602260ac53607b60ad53606660c001a0f6bcb64b008ed2157bad7fb6edd458506f7abc12a54b0749d70500e4d35247b7a013157511ecc4ae9d0d90c54856d7bb73a50b9a25597b3114e763f79765f5ed58', '0x01f8e983301824068459b3cbf9830186a0945b3f53f1b7f2b2618d22f57bd110701b81def88d80b8807fa515873af6eeb6a34d300a3f1d9c2b2c7254f1953a4e22a36fd2e92135907d6960f852608c61011853609361011953605961011a5360b761011b53606761011c53607361011d5360d261011e5360b261011f5360016101205360736101215360dd6101225360006101235360ea6101245360ab61012553607d61012653603bc0809f756f0b1079f7364777f430e5d7e2a8917499899d3d60fe4d18fa85f983ce73a0535211c789680b2fe8d55974994f27b09d0ffef6ceae2fce821281492207b636', '0x01f8d683301824028459b3cbf9830186a08080b8805d7f054b782eaeb008fa72468e75a44993cc511b754359ac3b82451ea0061f06705f608c527f8186b0ebaefac35ae2d251e6856b3c6a4d74880187641cc6c294e46baddf319560ac527f559220abccf3e1526b815829825c61f4b00d147e212d3320bfe760f01baa572c60cc5260d849517fa32e34a375739ea1349b4a5dd6b6c001a00c174655bfc3f2f322990c9e584c8cc5e482caf41f50fd53f527f363ce133ac3a062ee021c236e099c2d3f76da790d67aebe3d19f14a11bc0f3388766411ad50f0', '0x01f8d683301824088459b3cbf9830186a08080b8807f12ccb666206ad568bca0a75b5aa6f76de974e55a2030dc2868baca491cb5a19960e6527f75f98ce8a4a3193df30103dc067bbd0910f492f
e0c29132859395a0a5755368e610106527fa61bf18248b697aae9dae62f91d884dcb726fa358c40a3992521252ff07732b0610126527fe04f8c353550cf8188b8fa01665db3aac8c001a0f9b5e382802dae7a798421bdf66c9cb131392370822ba71e7832fddea3b6267ba04ab027e10cfb8817c2e3e45a2145f7a92e5deb54fbe8cdd0a70a5daccc73751c', '0x01f8ea83301824078459b3cbf9830186a094000000000000000000000000000000000000000080b8807fdb1a154fcfacefeff3c8b54606079f6ce48d89d4ace0f9c0baac4f13e4fcd03960b7527fbe47f9cccb1ac6796fd977503627c10f2d9b6a4ed15e8b686f98ad7688e8f97260d7527f9c2c645e8b927f705bcf1f9c842f8e5b4bfb55f7888e1113195005a09baa529c60f75260956101175360b061011853600961011953607ac001a05cc90d8b5406e729e373baeed0649ad998350537f6b7e214ff03323ce32213b4a00328421d9a2ca46c34a45465895c026713f309fedadbba41427ba81a1da02d55', '0xf8e8068459b3cbf9830186a094b02a2eda1b317fbd16760128836b0ac59b560e9d80b880600060495d600060ca5ddd7f4e5391847998564db4707004b9051b975a3817cfe4906529938ff38c7c223fe160b452609a60d45360ea60d553600f60d65360d060d75360cd60d85360a360d953605360da53609e60db53604060dc5360ac60dd5360bb60de53603e60df53607260e053601560e15360f860e2537f132fad0df38360306ca00ac459ea8f817093a01d99993cc50e0ee32764894d19a50b744e4c5061c53f8ba01285e7eaf5b91dde494a976588985f5a32f1a69246c827789ebcc89c12f19d50', '0x01f8ea83301824068459b3cbf9830186a0940c49437b74b44d2a8ae2617863d53f8e434b03c680b880417f2887ae4be62105b6ac8c9329c95c725004d9feabab085379aa3c7ded93f2d2a9608352607960a353600160a453609860a553605d60a65360fb60a753607f60a85360a960a953606f60aa53602760ab53605860ac5360c060ad5360bd60ae53600260af53604160b053606d60b15360b560b253604260b353609960b45360c080a016e2340393e4a0f8fca84dc3c3417aaa3e52f77e71327e6a9d202006dad2718ca06a57517a754ddfee85dfbc1208293912a3e1775b75617ea832ddb582cdcec694', '0x01f8d683301824038459b3cbf9830186a08080b8807ff6b58d5ec350d64ed941d0d232fa44c2f101c8169fbe8095a746668711db329160ec5260af61010c5360f661010d5360d061010e53607161010f5360cf61011053607b6101115360cc6101125360db6101135360ba6101145360586101155360306101165360256101175360d3610118537f72bf2b8f8cee3ae7b5736306b5c001a07b499f6c2779653dc1ad4505e5de93c6ca940c7dbe401fbcfe03178ba333cf60a058e17758da27e9acb38e33bfe90bea5fb420fd60123964020cfecc60c0a41f09', '0x01f8ea83301824038459b3cbf9830186a094b02a2eda1b317fbd16760128836b0ac59b560e9d80b880837f4903a2702e53e35bfa93a2c6966d10457c73767de3d7e0fb0c5b7b99ae6f7d6260cf527f407539798eea66936e079c717dbd56c1cf96ea9b121b8e6f3526fdb1c5481b4960ef527fc2ee7c699458a2770ed37b1ba080ebf6d595cb896627374f705d043c5abaf87b61010f527f2e63cb21843e23e0aef1aec36b9d8eb9fec001a08f1b2f146ac468ec05ad995fd77d8221bad1fb9606fc4be0fa7ff34db6ccb689a01b13ea9c94b0c44b5abf9d4849a2d01dfb1ea514ca6b1cb7a1342862c8b1bef3', '0x01f8d683301824068459b3cbf9830186a08080b8806000607d5d794a605f497f29313a706b97ca8420988acb84fe2a6b74a1200583b8e8bb9155b379f0d7333a6054527f7da46536cf5e4f5306d6cf0e1f4ddf06adea4ffd32cdae026be59d9ac54d2ce26074527f360249ace2db8670fef1d32ec69109c51a0286061647998d478ac9787eb2bcc06094527ff3208809b7584073afc080a0b229e4074406ac42845890c44e074476f313308a41b9955901e8d0375261fa0fa07fb166d94add58d5889d2c3761a27ed80394400ad5711458b41da9d78c9cd55d', '0xf8d4078459b3cbf9830186a08080b8807f32489043ed98dbcda4f27f60e6b53061c0a090ce27f073e7206affe3534a727b60d0527fdb175d237390f0936f38fe4a511ebce96e98f3a92df3ec7d20a4796b56250b4960f0527f97a340b6f472031db7a1e2fa84cabbfd9005f6e4fe372f9cdd34cfafff70738a61011052600661013053609e6101315360fb61013253608360306ca0628e33c49f5abae77799035c8402a7fa35b2d8efe4339effdafe582bd552c518a03ccbf80662e29d40f640b0e42101597e3cc22bcc9b31c08f42d0857ae1d0bb0f', '0x01f8d683301824098459b3cbf9830186a08080b880cf60384960c96014536013601553606f60165360d4601753609860185360a26019536037601a536098601b536040601c5360c1601d5360c1601e5360ae601f53601b60205360ad60215360f0602253602d602353600560245360736025536012602653600060275360ae602853601e6029536005602a53605e602b536005602cc001a08d3cc695c994757b19766f7453986f79c89b80f361e749885664d0c9b7e7bc16a0559f021ea9ca7023cf24df9fca87a0b1f65ffd4ad29091f02a8c13eb561fd6d2', '0x01f8d683301824068459b3cbf9830186a08080b8807fc6830a968a5c030ef84b6ac5fae83ae60506f40a92f33910d0999a1b0b05c784605e527f49db70db78177bf4f75bbdd1eead71fdea6e6288357bfb6f034b214aaf9bc729607e527ffa60e3e3d79b8c33f03e02674fac2676a55c5f25e08ee38a0e6b634266643666609e527f7f1ac3a5a58cbebfcd6fbe1d8c11ef2a37dea0c080a0a3208c060db60af48a900569e6eb22cff7269219265874444d036c757b77d618a02f0e996da511e36dde75d4681691a8d32eeb959500eb5cca5ad7a54458f9caa5', '0x01f8d683301824048459b3cbf9830186a08080b8807f9364aef4105ae912de7a9c4636e06f739b64eab82875ac4e2b724cfc7df8994d605a5260f8607a536099607b5360bc607c5360e5607d536068607e536026607f537fa6bfd2e1b123f981612d509b5d63f6218cbd30774aca7d7cdb104de0268db73d607c527fca9e4d452546ef114f00bb126a289f4ecc9adb0ccc4cc98449c080a0c5306f877660f9876191f5b8820338f459a9961e719cd31f2cd82956e246657ca0238a29ecedfef64992392bf26403ccbf715ff957deba4f8e4bcc824a8b950302', '0xf8d4058459b3cbf9830186a08080b8807f1d90b22a985c9171d1027bb1d42375a27012d2a4441b5da79403297159cdd53e60aa527f5e057265f46013ca0d90e5c824d587ada5938caccd2bd626bc44a6804c3b06b160ca527fb40182d592c17d742442cd6fbaee8e005836663df884161ab1e64c604171db8c60ea527f927a519da2476ecb9881b0a904042bd4aee1b08360306ca032f20a0fdd057b2ab2cf3a3cf5ee6e7be3624aa3d585847a8cb4b778943c54d2a00b036aba5bfb11a3e0ee39336869a2939b129a13590644ac02da6bd5b9495031', '0xf8d4028459b3cbf9830186a08080b8807f875618ecc5b72436d26d85812e47403db54ca3be34f56ec945edadb5ee6c6ff063c892ac4f527ffafd6f58b1f627b24e9fc86ab3ba13df8e3004389c6113c7ce80539dcb9b62d563c892ac6f5260ac63c892ac8f53604c63c892ac9053608463c892ac915360d963c892ac9253606163c892ac9353600463c892ac945360ab8360306ca0a011d46908c0fba94ea1fd38bba11f88d28ae11d3dfb6d9b6375355b1824ae83a06803f43cd6b8cceed15e28a81b1f87891b88776ec347cebf923a4b5bca4b1a4b', '0xf8e8078459b3cbf9830186a09409023bbf6e9acf53207d3ce801dab08c4a9741cf80b88060fe497f7be93e16c2453f360e2b8b4b35cfa3558ce505065d994a9c013bb1fd5292fca86007527fc7cc5406c4f06ac7507dfc8a5df22949718cc7537057ac7547fe65c6132480786027527f09d8fc744e2d263e3dcbd3e3729622812eccac5adbb6c76d9d51038b01b5b3926047527fab773862a583939ab3f711df3cf360af8360306ba0cd394055287ae5c2307699f3f4d59c16161c865c8552df65e2c9740c727d37f4a0175d976e66417199ac7ac51a03ca94f79745815afe5bb6d3cafa93c5363a5cf0', '0xf8e8048459b3cbf9830186a094b02a2eda1b317fbd16760128836b0ac59b560e9d80b880606e49600060815d600060295d7f360319320a02b9f20659887147e7d4d98bac1edad514eb94d323c58b7f626156602b527fdb151a5c4c8728648a2b7df6927a1f49d9757a5abdc45ea20264bb5e10cd14ff604b527faf230ffb7b539e071626031c4ffd4a3631ea7c910b46b96165ac47286682fbd9606b527ff7a98978aa0a8360306ca023ffa460af7aa62e5a2e2edc8118bf92d241f1518d1d584105762a5120bd168ea00e93dc09adff2484d69114608ee8ebd73ccaf7d6dfe758b6c4850663c2e565f9', '0x02f8ef83301824028459ac65358459b3cbf9830186a094000000000000000000000000000000000000000080b880547f1ccb4c6ea08d5b2224285ec95c2b7f6241fa5d7819c93afe414d6d4a5a357bad6087527f9d07f348206f8150f8f085592a924de233d3ce9fe204e4c3b66f232abf5a965160a7527ff233a519c09e2a2b6843bfab148396d0fb64fe737523c31c1276def147d4a68a60c7527fdad6203acd78a4c2dd2b96f67ce673b23c8ac001a05b94adbd00ad9ecd2e0bab93d24dafaedfd24ab72f8798599c93860ba2d36a50a02860389dae35a257a1169bb6be0683d847678c877035478ad98dde9922ccd6e2', '0x02f8ef833018240a8459ac65358459b3cbf9830186a0943f54102b4de1bd6a5d20b4f394a76ac662d6d9a080b88060b049600060b55d247fbe0d87ea6088ce1f2482d3f4cdc3ea618e0778f739228ea2187f53a601cb4a6660105260526030536088603153600a603253606a603353600b60345360f060355360676036536031603753600160385360506039537f9a7c6564012f189ea00cbef26fa150b01e17e328fa6a8def1d083a3ffd1ca802c080a0e2084f7d40a73148caa620f384f370e3d3f70b989a93990a6b79f03dd11e8764a02d452b3c51bb643cbae049ec918d15d6adfd07c34a11168ef6260e43b4d491a2', '0x02f8ef83301824088459ac65358459b3cbf9830186a094000000000000000000000000000000000000000080b880600060285d7f10c2e7c854d71b7541122585f870c05ae51480657ac1db9285b259f7a9aae91d607e527f974c5912767bb5f23d637cf32d7f3221b71f0af89e8e1f3985c544f189bcb0b8609e527f31e4f0927b98c9797036b90bb21cab5de321fa730cb708cd52a169370c4c28a260be5260e360de5360a560df5360cb60e053c080a0bb57f414eb6040381c8a2a5fddda930cc7bc87c354081c95fd403bdfb188279ba02ec69d964e449140422e2d1424778a7b0272f6741373764497992e58bd2d8cde', '0x02f8db83301824078459ac65358459b3cbf9830186a08080b8807fd24ea6cc98ae1c7367fbc05aa431f2c33482b6340773b9ba5b64ecd3495189726055527f05c28312c18a3fad75ed5647bdab76122d92a5f209bfc5a0eca5d781946b4bde6075527f9ac0a1e3b17467b78f54db1522e073a2450e200b20667f32650629cdc3a59885609552601e60b553601860b653602160b75360ce60b853c001a002929deb139326315038159abcd868e1c2688ffc4e93f97050baa1f400eeec29a003d79432ec1c1a84b8ae0ade5e27e846a39d2f56ecd903d89ce3cf928aa53c36', '0x02f8db83301824038459ac65358459b3cbf9830186a08080b8806000601a5d7f7042a6385f5263321be8bda155c50e56f71b321795664bae0bd85836521be6bf600e527fdd4543f8a60ac2d5e651c6b6b25fc4ddadc46c04e2e96e8798952bba0e06c772602e526078604e536061604f53604360505360f260515360a9605253609960535360ef605453606f6055536071605653601b60575360c001a02cd3b7cd136a1d0df58af0ed4908fa0ae630f1a947d8b3521155d0071c33aebaa04e64015948c9f0136729d5e64daa3b6a7e993a38ecce76b396394bb7968160d9', '0x02f8ef83301824058459ac65358459b3cbf9830186a094b02a2eda1b317fbd16760128836b0ac59b560e9d80b880c47f6edb12dd2ff9e0ef9633db30e53a88b041e8abaa88607610353bd8367aba9c1a60cf527fcec426ea1b053b32548349d6eab7cdf36f6fc00561290d15735003c133f4ba1460ef52601861010f53607861011053600461011153604361011253606561011353600060495d7fb9b6c6f54090f4c256bd4f32d061c0eb0d203bc080a0f88d3670a76c9a162ff7036fca320f630c188cd1091bbad89febb12894b4e3d0a07092022117b3f22d1db733e77dc9023e869ecd48bdc290ae356813dba294318a', '0x02f8da83301824078459ac65358459b3cbf9830186a08080b880600060c25d6053603853602d603953602d603a5360cd603b536094603c53605c603d53605b603e53601a603f53600a604053606860415360ec60425360296043536073604453603c60455360c560465360bc60475360ba6048537f8482c42d3f7708436a47b69c0a8fe0801a726434ecbe8dbd928ba5c564b8067f60c6527f25c001a003fabaa4307aa310d387c6f9e050ced816cc1cd0d53e0be83d10b220db4350eb9f6b5784c3cf939efa46e62a249e3f41ef470c46d3bd2a32e3877c4fc43b2476', '0x01f8ea83301824088459b3cbf9830186a0949783bcbfde312c60d6a7935b4de308f37ec2a52a80b880600060cb5d600060745d7fd9d874fd1e58b057f8d2112a5ad4352307cf78ab75fb8cb7a4660a22015dc283600b526066602b5360bc602c536049602d537fe1c2517e3d7cef6f1a7e5acbb6fcf7dbaadce941d73a43ed8fdbabe05ab0bc7c603d52602e605d53605e605e536019605f5360776060536089606153600a60625360c080a0046430c1445a0e37090f6bc215b4dfb751329e95ae3cd55511fedc396f510ec0a00d4d1f02164d24f6bc9380af342316c2f68712aec91defa6bf6753f04eef4f1f', '0x02f8db83301824038459ac65358459b3cbf9830186a08080b880e6600060295d6003609b5360c6609c5360f4609d536052609e5360f5609f53601160a05360bb60a153605060a253603860a353606160a453606160a55360b460a653608e60a753602260a85360ec60a953605a60aa5360e960ab53601460ac53601260ad53607d60ae53604260af53767f198a63e5376814bd9dd72198ab90a5c001a03d60d3708cd0446e1e7798a509e57036030970e1dc0851d734eda7cd0b2e4f10a001665e4423233962918eefe373f4f7a18b5dbd3bdc1bc5c61a21607765615fb0', '0xf8d4048459b3cbf9830186a08080b8802b19600060385d7fa2c2f5ed30844a2ede77298682ee2e7e66a9ef7e84749e6337ca93553f8748f36012527f4d4f50d009c454a2ec86347b0d3aa94ffcb6ba53184d6d6285c4f6093ff5b3f3603252601f6052536088605353602d6054536009605553603a605653609460575360b460585360fb605953600e605a5360aa605b8360306ca005d78dd6f474a0d0ef0aaf12d5dbbc3a46c0678f54dd0470262baca1ec426290a04b7d27cd5df1ba85d1e7f2be2d3a8138a66cf6ae9a0a64afb969f8493ad3571a', '0x02f8ef83301824058459ac65358459b3cbf9830186a0949b98aae4f08bbe09013350dee2bc33dbd1f4d55880b8807f57aec035b5b49cd09108f805a99b98b6b02354ecbccdbfa5211701ebfcbcdf1860ce527f05ec645a5aa821a96b2adfea46020d83185c63b8d800acfa9abd47daf3af262a60ee527f3f42a044a85134ba6f5513c7af4356ca06587afdc0943bb065dba7c9fdd74f8161010e527fc4fc5d9eadb5b0267f5de526579829ae5166c080a07442dcdb9342255c78fdfa19bb4c49be7ce4f68094ee5708b0e9f8e7f1c8acafa0632d041475ba25ed18fa8717b7b3057bcc5e958d98965c9c5d307a796c82f031', '0x01f8ea83301824068459b3cbf9830186a094b02a2eda1b317fbd16760128836b0ac59b560e9d80b880600060155d7f63bee35152a0b6de9a5311f4a3c18173d9cf12dc3cd78741ef76e9116112c5a6602b527fa72cdb4b4ffd0fcfb0bae2d5fb521037875ed2b41e5480993d41c79649ad78d7604b5260c7606b53600b606c53602f606d53609c606e5360ef606f5360b660705360be60715360c2607253609760735360b760745360c001a0b6f246655c7e38622591762a4c57985b105423fab8187a125ce30695587aa661a07703f315cd34ea8e824da7e879cc9eca9ce22cc75b1caeeb231777b173fca458', '0x02f8ef83301824048459ac65358459b3cbf9830186a094e7a9b3d7402dac71bbec4803bca7339e779cd8c380b8807fb8d85784a8454243591260ee3844236144b25360f6ee47c2fb05d1b26bfb321f605b527f205ed9fd1523cf79197a6f31dfa775eed1a2badf25b04cda596bd24baee0c13d607b527fb58ccc113971031669ba5b45e4dc08ae5a849b030bc0a670c3ff7d6f46232a8c609b527f9a3e3c53ffd39b5895273a2fad679e4ff65b61c001a0ff347d5e12591f0ef6befb75c39f3ccf06c9b9e6be515318cae9be54123066a8a03a880eba5cfabc91fda59bb9a255bb1f0ea12c5af3886600e9766c1302a26dd2', '0x02f8ef83301824098459ac65358459b3cbf9830186a094b02a2eda1b317fbd16760128836b0ac59b560e9d80b8807fef6c9e9c130e93d8dde0ac9e236784cbdc86a00a3e0155bf0685fa74fd6d557060f7527f7fd9ed1c186538a99f4c944659152de69612be3c81c0487c350fd6c3d2e56ac3610117527fa26175dea819a92dd1293483ba6fcd0c53c1b7ba14992b31a0107821ff1e82a7610137527fcb7b32eb5a49fd6314b5c470f54e7c92afc080a0e3da24cbce2750687ab219cea04e521625beafcbdfd9be32a34676faebedb96da02adaaeb20b356b4bd65312e1a2e05d7a62ba0660172bfc3e807305da28f2d483', '0x02f8db83301824038459ac65358459b3cbf9830186a08080b8804e7f8efc73ae6c48e7ac2d9302d5bd81b47223555bb964e9e54fc9203181e0fa35dd6096527f2198508da0fb2dc91edd4f93502941ab969d558facf7cadde32bde8c7831c53060b6527f9ccaf3a841aa93491a881534e43a08588bdc567aa107be82ebb750f38231ad8060d6527f0db21a5d5d5c802fc7ec92b1b2989d1fbcc4c001a0c1a3fdb74acafe541ead8265b200f04cb49c13e2a57abd1fc69142c5480be63ea06463cae903fd844c580ea2fbb27456b020c6f3641269b96254ca6d8785bc848e', '0x02f8db83301824068459ac65358459b3cbf9830186a08080b8801526600060565d600060b05d7fd468ec1aeaf2944c37959cd79b7d1ad5e5bdc3a404908ca0c9fee7a375ab2ba2605a527f3a8678bff3db92fcb67bc9d5a59e4e8fd57db188faa444293636987c934e648d607a527f38ae82de5dccc9ddc2acdfe189c9ce39cc2b55aa2a608025f6d23e31025bbe95609a527f0c6b27d1c2ed53c080a0441b5c5fd9ab0455c7b3ff9adff55fac7078b465d4de996fd139c2827f9615b6a01a123697c0aa38805c32936a220d3e208a797f807404d23730410f89aa986f78', '0xf8d4078459b3cbf9830186a08080b880607b60a653602a60a75360f460a853606560a953602960aa53606060ab53601660ac53608260ad5360ec60ae53600260af53601d60b053607960b153602560b253604360b353603b60b45360ba60b553607760b653609f60b753608260b853606560b95360c560ba53607560bb53606360bc5360a060bd5360bf60be536009608360306ba0cd832ba1fd467c2d70137b954f901d7d322acf744d51eaf04954cfcf9206da07a004423459b4d28ebd7651f06917f3a0288434b26e6d035718f39c6ce94fb42e03', '0x02f8ef83301824038459ac65358459b3cbf9830186a094f04fba3f435c1cb77c15a5ffbc3d767d6acda4be80b8807fcf0d3a2dc15ca6d8b40a6230d7056667e15725a9b670ae4b9d78ce3c3bef07c7605a527f674a0344071e2534657f3a80e40a54e8f99a05ddafb635d7552ed51aa887403e607a527ffd295f972d62cfeef6b96249c4b1d01e22ae65b70986f481d240e0a9453866f8609a527f16e36816517b03688889f98a7b9f804f430489c001a0819c63d5abd9655f2d36abd375bb1fdbaaed30ebe51b768e6a2e03cd1a2f7a46a06f7f79e37cda0881a33f0c784acf169e6d830b7607e5de914455deb85c014f10', '0x02f8db83301824038459ac65358459b3cbf9830186a08080b8806091606053603c6061536051606253607c60635360b06064536017606553600d60665360736067536008606853601260695360d8606a5360f6606b536027606c536040606d536081606e53607d606f53609960705360ce607153602960725360a9607353606160745360e760755360106076536064607753609e607853608160c001a0e3c942118f09f4835f1f62285f18e534834ae490556107ca85ca347e330fcfaaa0168449a284fd56c19d540ac5f6598702a91ced2da334ed1950fc6f5eabf61ac4', '0x02f8db83301824028459ac65358459b3cbf9830186a08080b880600a497fecdcdb9ef5046f3d9fe865921009652a457ea7bfe76f92479dbc98f20d2e054260dd527f5f64640aa4fe991242c8d2a01d70870310f0b006e3394bcf6109d0d987bfa05960fd527fac09285c46326c5539b97f7f580c0a6213c3000995f57edb7d8b264dab34186b61011d52603561013d534f600060d15d7f164255c001a080327d4690ea7954201b17c6ba786adabfd2add2aa8f5a6559ad0f996a4a7703a048a12f81bdef868a33c95de958e848bd07e8456be35cdada4050ea7c29e850b8', '0x01f8d683301824038459b3cbf9830186a08080b8807fab6a02f36c4b2ac4162a9e2e43a1731e59e40627116f7ef934f55203c9e7da5c6032527f7e228c0b484831dad82d5f9cf2994b7f3b0b548e733ce8eafdeb0b6ea78da1ef6052527f14cb180833dc733a6ab482920d7fb9912ff2e5c0ba876b05c54665f152098b2a6072527f2db2dc1228acaa242a877d84364d62d09768e5c080a0069800cf7d422bd352fe53cb10842fbe3f3203ee31b4d02017f244090e144e3ea02268d4268c74717be22
b8d408ed8af20110a8b5f1d99b6eb8c9575a177c2cd4c', '0x02f8ef83301824038459ac65358459b3cbf9830186a094b02a2eda1b317fbd16760128836b0ac59b560e9d80b8807f1ef90ee02e2fda9079679bbdaa10d95bbf749275dad12788e8fa7013fd2625a260d1527f99614e9b1e9d5915749f5dc22bfb9ddc183ad782ba5c58d2d0a0cda2df75252360f1527fa42c99622b62074ceb66c2848b64ce8a50eb1bf2df0bcf8516359a63a3f250a3610111527f8721be565dee6245d172f3b733dcf0b9cbcdc080a0fe657e35ccb0712eed16cd2f731c29012f746989ab9f75ed75f34d950f6f0ec0a07a059c831be6c98435e414008797b8c2e3b48bd1172ce370a1acbfd7191832d1', '0x02f8ef83301824058459ac65358459b3cbf9830186a09411a76c98308d05d14c662faaaa8128637b8200ab80b8807f265a3d7549468087a957d941eac41a90fa41bd2cbef5acb6dc3afc30baefde4d6040527fc7eccca1306e6f1acc659049b74035750ff1c32fa75d802c5e83ab3865b658e46060526021608053600060cc5d7fb672885ce258de70cc3f9f823468fd35d652d3bdd6b2186018e670d0b05d9d2b602e527f9b1dd841ffe7b4c1d2c001a0cbc146fd2438c07a58360c23e526b9648b66691a818754d1eb31e8e121293fbba06045c57cb2d8230abc18b39190f8112a27a094fe0af54036bda57bc165c00d54', '0xf8d4068459b3cbf9830186a08080b88065600060a25d0fbf6000605e5d7ff598c691c458a3e5c1ad4d11826138ec0cf81c69a5ce5c253975deec58a2bad86054527f3142cb7bc4db01985c468eb0f2cb3ccfe11a55f602499065c35d714f1412d9116074527f617c08bfef0307a6fe88c544a35fcc8693fe413ae3430ad1d13c924628dd6c406094527f20bfb122e0c28360306ca0ea7c4b3755dcfcd803710c640d59d26f7f9a2d62f80ef4978f1c49acc83f1547a063a4568b447471bbf38321d3bf3233fbb52b1538802f4a5fa8b15ed5f5a6d99b', '0x02f8ef83301824058459ac65358459b3cbf9830186a094b02a2eda1b317fbd16760128836b0ac59b560e9d80b8803a18602a60ea53606c60eb53607a60ec53602860ed53609460ee5360cb60ef53601260f053609360f153608060f253bf7fd1e267e33ce14ad76b66106bd4d8aaecb69bc6e8ecbaf99a8cbe53b2f2ec70a863def70ff0527fd57d23009c70263cbca229e7966f5d8014568f1c79fbf4e3e96695e94da13c4263def71010527ff9c001a0dd1b2d54980abfc584583c4c5667cb4d944b8ce38deb7273496cd4e5235b02eba025931a97d7c05eeb9f5739051c8f827558465cd826395196834c4b368513e047', '0x02f8db83301824058459ac65358459b3cbf9830186a08080b8807f11e34bfa64abe67e01d912129d087f54443bbc4aa519bb8da542521a3f15e868601f527fe218317a4cfc8d2def90a816f7b9ed938abdbe49a86e7d512f05be4fa0ceea63603f5260f3605f5360d6606053602060615360436062536094606353602460645360e460655360c360665360bb6067537f623468b01ca2fa585274c080a0620807181e5b250af970cd4e3509ff9c2b325f8e7075a4652bace2e44faceedfa01d30cf5d5fa9b4deb7619e1a0b3b57dce938080c2bcc9972770df4b8d7f27cc1', '0x02f8db83301824088459ac65358459b3cbf9830186a08080b8807f09f01b12d4afeedab8d65c10df89933991b90f0241b869f8e6459471ee90079e60d4527f5b163a4bba07e2a350c769456cc091222ee31c9fb7188c647062ba25e32e9fe460f4527f30064a5ffad92a00fca21894695d73a857aea476ce6107dd02da08225dff2daa610114527f4d22dd25aaf7e82706546c4b4b7e6b4b4351c001a0ae79e930d241ffe0893490b226d34a8de712842a5a2e0ddab2450e22b01237a8a022a16644494f04b4289bfc962d826c20ad5452012a8728c67459161759a635bd', '0x02f8ef83301824078459ac65358459b3cbf9830186a094000000000000000000000000000000000000000080b8806000602b5d7f63bc11b0575ddcda411f4d1429902985b4efabbe3aeaa6f750c184e4ad3dffa560fc527f5db79e46160c458af3ffdd364e40c7146c3d24a03c7421a91c1fa0fbd29a0ca961011c527f5eb071a91dec5a47ea130cc2da2faa73bf57a6eb5736423a9fa00064d2f10d2a61013c527fabc33ee4e0741fb1e6573fc6c001a086e32d507706906318e4a19a5b27f571c3a2162363fff91b64863aa4ffd8569ca0189a30f6336d4faa3914dffaa194febd9128d6d0ccf1fe5ae397ff1e11ec25e7', '0x02f8ef83301824088459ac65358459b3cbf9830186a094cd4332784f9f695b9d2e3c209dc98b3a9308f54f80b8807fc5f745a0dd88077e9fc7215cbd0b826c2bd5dfb6b222ed7c6a80d7180d81d21b6086527f81319874df54cb2b728008142a7d0598a6c38dbfaaae9f410153195c6b32a8ef60a6527fbba97837124829bb0a9e0d209cd0bdd2b688c7b0e9da245a747a776ea8bb5b8c60c6527f7df15377d7276c747cd30a6f828d7fe3019e12c080a06fe527c0ec777cea709202474f14339f2a3d4b99499be1342d6558c180f95d94a05a456694ca9f839ee0c18af77cb8a0e046e8b3042b65159bec79b1a306d9a944', '0x02f8ef83301824078459ac65358459b3cbf9830186a0943ab13e483b4b0390e6672200400b4ce52830b45f80b880600060095d600060045d7f6ae6cfa40c711ecb693bd4e3f7ff854c22302a271e4f1ca36f8ee3c1dbe6549760c9527f2ed871902ed6bba62122dde5a4411057161c388a56a134fae93fdaa343ef564960e9527fc58868c32954d7e222a71899beeb85071e904cb0223e74b0ac1bd5612a748d6a610109527f883841f60df67d02c001a0ed78180949ada852f35cb282fa1f10cf370506be7fc84c99b9169c9d3b788f79a0561ff3b523e5db5abd37807a6da045b2f87fac7f4eb5a5d1f97c041cbfd9734a', '0x02f8db83301824028459ac65358459b3cbf9830186a08080b8807f6b2b88c2a54fd894bc1bacfade31cac561989a462f663412656c3a4ed069023160bf527f97c30fe6061e5f44636bda833b4b68033108da913498346406a66d2fb20f9f6260df527fd8c051dcc8557e90683f6d272cc4837ba2a14fe2bb3ddc6b3743f60439b66c2060ff527fb870d130f17c83def4ff514525107826a17b6dc080a0cbab5bcecbcf626a831bf805c46c0058474dc32c4e8914dd5fe3109523a8d425a015c232b91cf11d878ebe7ce48a05ddfbe20d09f71bb644dac342f35761301985', '0x02f8db83301824068459ac65358459b3cbf9830186a08080b8807fdc4444c5fa7e264240a2faaa4d2b3d69f4d7179a52da58ac2ccfc6adb19abbaa608d527feaacf94911ba0ebd7f79aa72940e0e2365e4da19c2a4937995918b28b90e91cc60ad527f752ee0033974d432981a3680e36b8f7eb981a9db28043468a67b7ae101c568ab60cd527f997d03c54313d8664bebc126751f245cee97e4c001a0eec2c434c663b6029f574400ecb3cf1bad7b9da7b3a8948a00a2182f13c0f8dfa05d9fd6e473a38fb0154075751681ca14b83a5ac992f9df7b5e217c5047287f5a', '0x02f8db83301824068459ac65358459b3cbf9830186a08080b8807f46945bf99ffa8bd99a827ac3dfdc308a9faa101bb5274f310b90053227fd7d47608a527f8e2b95864f16358f0091b80e7eec0b580e9e9c1b5f9e0248d7197d104d99c97f60aa527fdff1b4a7b85b15a5fed5af5a1d9f189f169b5bc7012cb9239fecae43dc9fad4560ca527f13bb629be9edd2c80b50a9c084e1f7141816afc080a0e5a786e3f3362b0d83f8d088e23285ce8cd09edc6594df5fb68ca2bf8a52aae7a038c0f32079c9d16b29e7deb8440f94abfeeae5d2e91f19d91d764d622f86a9d4', '0x02f8ef83301824098459ac65358459b3cbf9830186a094c4f557415b04e564a8466af275076ea4cfd4da2780b8807fc3ccc617ff1060c7abe8b9c839fef11df284a2c7893840859b5e511c08aca94060d152608660f153602b60f25360ab60f353601f60f453601e60f553606160f653600260f753608d60f85360bd60f953601c60fa53600960fb53600960fc53603360fd5360ff60fe5360a660ff53605d6101005360b6610101536011610102c001a09aefaab92de6422ddbbfc7f6f31a6505490ab1646222bfbc99bcbe4ac2aa59e3a05c104eada2c6fb5cd4e22a671721b03bf963412423875c09fe2bb424e16d2051', '0x02f8db83301824058459ac65358459b3cbf9830186a08080b880600060225d7f4c30b0a72e4d80cd3700136777886e4bf54f69c90147fa8a5b4e1736bb0abde760a2527fe83c0c03fef5f4c41ec0772b44511f88cf5d5441e7fb241d892fdd998414cb3c60c2527fef5b82b0708ea6d592296b630d833edff7a2e97b28f4ec67b24968724e3300bb60e2527ffcfa7ce5b5973bbff5bea570dd96c001a0bd60e826178c959454286f9e5f5a0f6f1c232fbcbf4534fe51e57a56d6646fa9a037bd9b6020f8a821b9ae40ec3f34e09caf6e2233ac6a597279ac1ee815d1ea03', '0x02f8db83301824068459ac65358459b3cbf9830186a08080b8807f51fe9f68df8df2a09cfec19fe608d65266cb8c63606f8fa5bc3c1a3921b1c9276079527f597e91eef0eaeaf2fa3f89f72b0d9e0010dac562790e2365cae88f8dd88309146099527f3afd368bbed58bb4ddbe76de913b5381499c75c152db002c841f51d966c56ea960b9527f2e59b507a7ca5d6b1b0fc1161be540d8fe10f4c080a0ba9cb112d29508ff2992b27db45021669c644ecaa6817cd606050de7b42b2e55a02a854ce89f90c6da42443cafe79136906dd9a7c0d3e293510b8cdf6f4080f889', '0x02f8ef83301824058459ac65358459b3cbf9830186a094b02a2eda1b317fbd16760128836b0ac59b560e9d80b8807f166a7ddcb86174ec40ca98932f8c635f6368190eecd415bc9e2ff12bdf6760e46019527ff4329e783f09d34d70057d4077af0d2a8661fb331a9ab3788ab6f7a357b12fb06039527ff3bb22d88f97dc3bc69c429fb94e6d9b470b551886fd117370bcbb2d20f568ee6059527f58b504af64d3e713c4c71426e93242bfb89484c080a06c50dca64ac2c594a648048a05404bc5e047c753ab26d744df80539bf6db7096a00ccc9dd9924e5a8c7dfbbf8a132bc21851c41eaa076bb4c01984086f30082a62', '0x02f8ef83301824058459ac65358459b3cbf9830186a094b02a2eda1b317fbd16760128836b0ac59b560e9d80b880187f9c71c22906de67d9e7c4cf4ad524afe44ebd04a2bfbf501db9fa48b4e9513a706066527ff266a61180a4c0d0c4205ec16257df246b95f315f08e9a4e067252f9a7cc09bc6086527fc41e3566f9e867abf579fc9cc6ebd967771227cf9835afa93935096a3ba395c460a6527f43f4d860c57ef5dce082e6b060a38e78eba0c080a09b637b331cdc88d6d5cb0e1d9f337bc7b935380902aec3961e37a6a8f1f26c15a04a4d781e10acadbc85d104a297eb023d4e7dbcbcc3f02fd1aad6469b6ab7fc42', '0x02f8db83301824048459ac65358459b3cbf9830186a08080b8807f7c81c2e97789027835945794c3ac26666b09a939d66048036b81a8ff148296c160b1527f9930469c5e5cc3feedf11fcd69216d63d5483994d64dad4fb259a4965083e0dd60d1527fbb2ef7daa8cb8dab8b8dd35c3e66b2d26d1bf1b4957443731b5e21fb6d07ee8260f152600c61011153605e6101125360006101135360fcc080a004308a276ce34d1e10ba1270dd8bca44acf77f24519ae7edbaa37ae0734e682fa067d194e7d36211b56becf0d25ba864978f3c6bc90126f155a11428e96f8581aa', '0x02f86f8330182480808306b14d825208948943545177806ed17b9f23f0a21ee5948ecaa77687169ec0dc6fea1280c001a0e858f3a37e90c14a6562c58210c67f9d5bbe70175b34af37677480958c5a89bda001843c2b6a9cfc0d31adaeeff7c3a191a6d58b4eebdc8c59a1bc30d40e32670e', '0x02f90176833018241285012a05f2008512a05f2000830249f09471e67695db8bc44aa6bf2014142c42221967ee9880b901040cc7326300000000000000000000000000000000000000000000000000000000000000a000000000000000000000000000000000000000000000000001350cefe6293760000000000000000000000000f98265aea01677961bff51685b04ee3a6139206f00000000000000000000000065d08a056c17ae13370565b04cf77d2afa1cb9fa0000000000000000000000000000000000000000000000000000000000000000000000000000000000000000000000000000000000000000000000000000000200000000000000000000000024a9da1457f96c2b167d49377a776d302a5c4db3000000000000000000000000ac29373cbe03c88fb078488181f8a0650c58ca08c080a0367154da0d9c02cd6d290d65035a9275bce1ee77d777d8e3f01066d5ac72f07ba002496510c79fceece4fdd7c963d7fbd6ef452aa3f101b8e534ec4d4084ea86d5', '0x02f90176833018241385012a05f2008512a05f2000830249f09471e67695db8bc44aa6bf2014142c42221967ee9880b901040cc7326300000000000000000000000000000000000000000000000000000000000000a0000000000000000000000000000000000000000000000000061564351d659fc000000000000000000000000085998f6c99833d1127301928248c97b6f168bdad00000000000000000000000065d08a056c17ae13370565b04cf77d2afa1cb9fa0000000000000000000000000000000000000000000000000000000000000000000000000000000000000000000000000000000000000000000000000000000200000000000000000000000024a9da1457f96c2b167d49377a776d302a5c4db3000000000000000000000000ac29373cbe03c88fb078488181f8a0650c58ca08c080a0724f390fba30ac6dae6b15608ef6e9b2420243a9710400811d90298491ca19c6a0494af71ac8e4f9a1e71a9955169760336f40d2d7a695b89b09be0c95ba4da1db', '0x02f90176833018241485012a05f2008512a05f2000830249f09471e67695db8bc44aa6bf2014142c42221967ee9880b901040cc7326300000000000000000000000000000000000000000000000000000000000000a0000000000000000000000000000000000000000000000028b637f9080e5c000000000000000000000000000085998f6c99833d1127301928248c97b6f168bdad00000000000000000000000065d08a056c17ae13370565b04cf77d2afa1cb9fa00000000000000000000000000000000000000000000000000000000000000000000000000000000000000000000000000000000000000000000000000000002000000000000000000000000ac29373cbe03c88fb078488181f8a0650c58ca0800000000000000000000000024a9da1457f96c2b167d49377a776d302a5c4db3c001a083a81a8a19aa382754b524367d3fadc86116f031c9b332b6d5a007a895ba45fca07847221ec74f9e4446819fa029d62861d6fc7b378675577c6ba1f0591322de34', '0x02f90176833018241585012a05f2008512a05f2000830249f09471e67695db8bc44aa6bf2014142c42221967ee9880b901040cc7326300000000000000000000000000000000000000000000000000000000000000a000000000000000000000000000000000000000000000002f378d9d3e853c000000000000000000000000000085998f6c99833d1127301928248c97b6f168bdad00000000000000000000000065d08a056c17ae13370565b04cf77d2afa1cb9fa00000000000000000000000000000000000000000000000000000000000000000000000000000000000000000000000000000000000000000000000000000002000000000000000000000000ac29373cbe03c88fb078488181f8a0650c58ca0800000000000000000000000024a9da1457f96c2b167d49377a776d302a5c4db3c080a092a3e424c9c51eea9a6b5c547ecd465054d441bf8e51ad2a1d17ddfdf31c10e7a00fff0ae8e5c0c0a937a7e8e62140a776398213543f08c95dd60c39430b4d2128', '0x02f90176833018241685012a05f2008512a05f2000830249f09471e67695db8bc44aa6bf2014142c42221967ee9880b901040cc7326300000000000000000000000000000000000000000000000000000000000000a0000000000000000000000000000000000000000000000000089320d009f0de7800000000000000000000000085998f6c99833d1127301928248c97b6f168bdad00000000000000000000000065d08a056c17ae13370565b04cf77d2afa1cb9fa0000000000000000000000000000000000000000000000000000000000000000000000000000000000000000000000000000000000000000000000000000000200000000000000000000000024a9da1457f96c2b167d49377a776d302a5c4db3000000000000000000000000ac29373cbe03c88fb078488181f8a0650c58ca08c001a088ec4b205fedd44684962d46a7c23dc290edfa24b12a0c18e184feb5e78c0d68a00e7acef5ad6be4c6c69d82be7de72c2754995de24eb63a49b3c48abca252cbc3', '0x02f90176833018241785012a05f2008512a05f2000830249f09471e67695db8bc44aa6bf2014142c42221967ee9880b901040cc7326300000000000000000000000000000000000000000000000000000000000000a00000000000000000000000000000000000000000000000000b9ebf454dfc187900000000000000000000000085998f6c99833d1127301928248c97b6f168bdad00000000000000000000000065d08a056c17ae13370565b04cf77d2afa1cb9fa0000000000000000000000000000000000000000000000000000000000000000000000000000000000000000000000000000000000000000000000000000000200000000000000000000000024a9da1457f96c2b167d49377a776d302a5c4db3000000000000000000000000ac29373cbe03c88fb078488181f8a0650c58ca08c001a0da6249e506219762486e5617519ab2802d4ab4befb0b040cfff836e52c53f15aa001f62d6058ab3e2eec3a4e74441bd25ccbde6e9bd4a1598962bf1132c4ca0cf0', '0x02f90176833018241885012a05f2008512a05f2000830249f09471e67695db8bc44aa6bf2014142c42221967ee9880b901040cc7326300000000000000000000000000000000000000000000000000000000000000a0000000000000000000000000000000000000000000000000038c01c31a07d247000000000000000000000000f98265aea01677961bff51685b04ee3a6139206f00000000000000000000000065d08a056c17ae13370565b04cf77d2afa1cb9fa0000000000000000000000000000000000000000000000000000000000000000000000000000000000000000000000000000000000000000000000000000000200000000000000000000000024a9da1457f96c2b167d49377a776d302a5c4db3000000000000000000000000ac29373cbe03c88fb078488181f8a0650c58ca08c001a0a027a51242420849cd696789c7ee5b6b6c12e91d093ece27625b53085fc0f118a01595e52682bd0fa2e444bf9fc03d95cf68d4db6f3bd704ed112bc7783801903e', '0x02f90176833018241985012a05f2008512a05f2000830249f09471e67695db8bc44aa6bf2014142c42221967ee9880b901040cc7326300000000000000000000000000000000000000000000000000000000000000a00000000000000000000000000000000000000000000000000b36a88c6d336477000000000000000000000000f98265aea01677961bff51685b04ee3a6139206f00000000000000000000000065d08a056c17ae13370565b04cf77d2afa1cb9fa0000000000000000000000000000000000000000000000000000000000000000000000000000000000000000000000000000000000000000000000000000000200000000000000000000000024a9da1457f96c2b167d49377a776d302a5c4db3000000000000000000000000ac29373cbe03c88fb078488181f8a0650c58ca08c001a01b426afd373c8aa1c1a18bf8b87f8584485edfab2a75e80d9e8820226408531da00e157d0b228b38274ab8612ee5203456bec2132d1bd7a8fc83291f6d8496f95e', '0x02f90176833018241a85012a05f2008512a05f2000830249f09471e67695db8bc44aa6bf2014142c42221967ee9880b901040cc7326300000000000000000000000000000000000000000000000000000000000000a000000000000000000000000000000000000000000000000c6a036eb4bc740000000000000000000000000000f98265aea01677961bff51685b04ee3a6139206f00000000000000000000000065d08a056c17ae13370565b04cf77d2afa1cb9fa00000000000000000000000000000000000000000000000000000000000000000000000000000000000000000000000000000000000000000000000000000002000000000000000000000000ac29373cbe03c88fb078488181f8a0650c58ca0800000000000000000000000024a9da1457f96c2b167d49377a776d302a5c4db3c001a0d686c60b35f2cb0f0a7e9a072a84e5e5ade521c9636bfc1f69729810d25e6656a01ac2e103535f208090fd1afa62ad0fee87f55e5e192d165b9c944e6d12d65014', '0x02f90176833018241b85012a05f2008512a05f2000830249f09471e67695db8bc44aa6bf2014142c42221967ee9880b901040cc7326300000000000000000000000000000000000000000000000000000000000000a000000000000000000000000000000000000000000000000002a3890595adea5200000000000000000000000085998f6c99833d1127301928248c97b6f168bdad00000000000000000000000065d08a056c17ae13370565b04cf77d2afa1cb9fa0000000000000000000000000000000000000000000000000000000000000000000000000000000000000000000000000000000000000000000000000000000200000000000000000000000024a9da1457f96c2b167d49377a776d302a5c4db3000000000000000000000000ac29373cbe03c88fb078488181f8a0650c58ca08c080a046c1ff08907459846ae3c458885a205f72d11d9fa67730db8f8676814e1f6afba05aa5c2e99daffc8603a57d66df955ad039526cfd5352eef0265d354a9700fe24'], withdrawals: [], blob_gas_used: 0, ex
cess_blob_gas: 0}, blobs_bundle: {commitments: [], proofs: [], blobs: []}}
}
time="2024-12-06T21:03:59Z" level=debug msg="publishing block" blockHash=0xed08923d45eda4ec040c468de0c955c6f0ad33c4a7ec0bd3e7845f08ecefd554 component=beaconClient service=relay/api slot=64 uri="http://172.16.4.14:4000" version=6fc57d1-dev
time="2024-12-06T21:03:59Z" level=debug msg="publishing block" blockHash=0xed08923d45eda4ec040c468de0c955c6f0ad33c4a7ec0bd3e7845f08ecefd554 component=beaconClient service=relay/api slot=64 uri="http://172.16.4.15:4000" version=6fc57d1-dev
time="2024-12-06T21:03:59Z" level=debug msg="publishing block" blockHash=0xed08923d45eda4ec040c468de0c955c6f0ad33c4a7ec0bd3e7845f08ecefd554 component=beaconClient service=relay/api slot=64 uri="http://172.16.4.16:4000" version=6fc57d1-dev
time="2024-12-06T21:03:59Z" level=info msg="updated headSlot to 64" epoch=2 service=relay/api slotHead=64 slotStartNextEpoch=96 version=6fc57d1-dev
time="2024-12-06T21:03:59Z" level=debug msg="RefreshKnownValidators init" datastoreMethod=RefreshKnownValidators headSlot=64 headSlotPos=1 lastUpdateSlot=51 service=relay/api version=6fc57d1-dev
time="2024-12-06T21:03:59Z" level=debug msg="Updating builder cache with 1 builders from database" service=relay/api version=6fc57d1-dev
time="2024-12-06T21:03:59Z" level=info msg="proposer duties updated: 32, 33, 34, 35, 36, 37, 38, 39, 40, 41, 42, 43, 44, 45, 46, 47, 48, 49, 50, 51, 52, 53, 54, 55, 56, 57, 58, 59, 60, 61, 62, 63, 64, 65, 66, 67, 68, 69, 70, 71, 72, 73, 74, 75, 76, 77, 78, 79, 80, 81, 82, 83, 84, 85, 86, 87, 88, 89, 90, 91, 92, 93, 94, 95" service=relay/api version=6fc57d1-dev
time="2024-12-06T21:03:59Z" level=info msg="payload attributes received for slot: 65" service=relay/api version=6fc57d1-dev
time="2024-12-06T21:03:59Z" level=info msg="finished publish block request" beaconPublishURI="http://172.16.4.14:4000" beaconURI="http://172.16.4.14:4000" component=beaconInstance encodeDurationMs=3 payloadBytes=51157 publishContentType=json publishDurationMs=98 service=relay/api slot=64 version=6fc57d1-dev
time="2024-12-06T21:03:59Z" level=info msg="published block" beacon="http://172.16.4.14:4000" blockHash=0xed08923d45eda4ec040c468de0c955c6f0ad33c4a7ec0bd3e7845f08ecefd554 component=beaconClient service=relay/api slot=64 statusCode=200 version=6fc57d1-dev
time="2024-12-06T21:03:59Z" level=info msg="block published through beacon node" blockHash=0xed08923d45eda4ec040c468de0c955c6f0ad33c4a7ec0bd3e7845f08ecefd554 contentLength=3485 feeRecipient=0x8943545177806ED17B9F23F0a21ee5948eCaa776 headSlot=63 headSlotEpochPos=32 idArg= method=getPayload mevBoostV=v1.8.1 msIntoSlot=110 msNeededForPublishing=103 proposerIndex=66 proposerPubkey=0xac30aacd9e91cb0727c34ca6b40fbfd4d255b998471e25c443cf6cf777d6bb823a58e162958f32c3c5ca80453387a5d2 service=relay/api slot=64 slotEpochPos=1 slotStartSec=1733519039 timestampAfterAlreadyDeliveredCheck=1733519039130 timestampAfterDecode=1733519039110 timestampAfterLoadResponse=1733519039128 timestampAfterPublishing=1733519039234 timestampAfterSignatureVerify=1733519039112 timestampBeforePublishing=1733519039131 timestampRequestStart=1733519039109 ua="mev-boost/v1.8.1 Lighthouse/v5.3.0-2e0eb6d" version=6fc57d1-dev
time="2024-12-06T21:03:59Z" level=info msg="updated payload attributes" headSlot=64 payloadAttrParent=0xed08923d45eda4ec040c468de0c955c6f0ad33c4a7ec0bd3e7845f08ecefd554 payloadAttrSlot=65 randao=0x57fb69c38872aaadcb837216d9150ff20da4e13cd2bdc0f7fa008fd5b9313c43 service=relay/api timestamp=1733519041 version=6fc57d1-dev withdrawalsRoot=0x792930bbd5baac43bcc798ee49aa8185ef76bb3b44ba62b91d86ae569e4bb535
time="2024-12-06T21:03:59Z" level=info msg="finished publish block request" beaconPublishURI="http://172.16.4.16:4000" beaconURI="http://172.16.4.16:4000" component=beaconInstance encodeDurationMs=3 payloadBytes=51157 publishContentType=json publishDurationMs=120 service=relay/api slot=64 version=6fc57d1-dev
time="2024-12-06T21:03:59Z" level=info msg="request initiated" cancellationEnabled=false contentLength=2109 headSlot=64 method=submitNewBlock service=relay/api timestampRequestStart=1733519039760 version=6fc57d1-dev
time="2024-12-06T21:03:59Z" level=info msg="submitNewBlock failed: block with 0 value or no txs" blobGasUsed=0 blockHash=0x165f6e76741bfedfcbf6213c13051784cde7f87c426b1d7b473af817e358c9d5 builderIsHighPrio=false builderPubkey=0xaa1488eae4b06a1fff840a2b6db167afc520758dc2c8af0dfb57037954df3431b747e2f900fe8805f05d635e9a29717b cancellationEnabled=false contentLength=2109 excessBlobGas=0 headSlot=64 isLargeRequest=false method=submitNewBlock numBlobs=0 numTx=0 parentHash=0xed08923d45eda4ec040c468de0c955c6f0ad33c4a7ec0bd3e7845f08ecefd554 payloadBytes=2109 proposerPubkey=0x8de5a6200cebb09b2198e69fed84bcd512ec5cf317c5f1ee99aad03d2a9a8564bf3807c08da2664222268d59c34a06e4 reqContentType=json reqIsGzip=false service=relay/api slot=65 timestampAfterDecoding=1733519039760 timestampRequestStart=1733519039760 value=0 version=6fc57d1-dev
time="2024-12-06T21:03:59Z" level=info msg="request finished" blobGasUsed=0 blockHash=0x165f6e76741bfedfcbf6213c13051784cde7f87c426b1d7b473af817e358c9d5 builderIsHighPrio=false builderPubkey=0xaa1488eae4b06a1fff840a2b6db167afc520758dc2c8af0dfb57037954df3431b747e2f900fe8805f05d635e9a29717b cancellationEnabled=false contentLength=2109 excessBlobGas=0 headSlot=64 isLargeRequest=false method=submitNewBlock numBlobs=0 numTx=0 parentHash=0xed08923d45eda4ec040c468de0c955c6f0ad33c4a7ec0bd3e7845f08ecefd554 payloadBytes=2109 proposerPubkey=0x8de5a6200cebb09b2198e69fed84bcd512ec5cf317c5f1ee99aad03d2a9a8564bf3807c08da2664222268d59c34a06e4 reqContentType=json reqIsGzip=false requestDurationMs=0 service=relay/api slot=65 timestampAfterDecoding=1733519039760 timestampRequestFin=1733519039760 timestampRequestStart=1733519039760 value=0 version=6fc57d1-dev
time="2024-12-06T21:03:59Z" level=info msg="http: POST /relay/v1/builder/blocks 200" duration=0.001030 method=POST path=/relay/v1/builder/blocks service=relay/api status=200 version=6fc57d1-dev
time="2024-12-06T21:04:00Z" level=info msg="execution payload delivered" blobGasUsed=0 blockHash=0xed08923d45eda4ec040c468de0c955c6f0ad33c4a7ec0bd3e7845f08ecefd554 blockNumber=64 contentLength=3485 excessBlobGas=0 feeRecipient=0x8943545177806ED17B9F23F0a21ee5948eCaa776 headSlot=63 headSlotEpochPos=32 idArg= method=getPayload mevBoostV=v1.8.1 msIntoSlot=110 numBlobs=0 numTx=98 proposerIndex=66 proposerPubkey=0xac30aacd9e91cb0727c34ca6b40fbfd4d255b998471e25c443cf6cf777d6bb823a58e162958f32c3c5ca80453387a5d2 service=relay/api slot=64 slotEpochPos=1 slotStartSec=1733519039 timestampAfterAlreadyDeliveredCheck=1733519039130 timestampAfterDecode=1733519039110 timestampAfterLoadResponse=1733519039128 timestampAfterPublishing=1733519039234 timestampAfterSignatureVerify=1733519039112 timestampBeforePublishing=1733519039131 timestampRequestStart=1733519039109 ua="mev-boost/v1.8.1 Lighthouse/v5.3.0-2e0eb6d" version=6fc57d1-dev
time="2024-12-06T21:04:00Z" level=info msg="failed to get bidTrace for delivered payload from redis" blobGasUsed=0 blockHash=0xed08923d45eda4ec040c468de0c955c6f0ad33c4a7ec0bd3e7845f08ecefd554 blockNumber=64 contentLength=3485 error="redis: nil" excessBlobGas=0 feeRecipient=0x8943545177806ED17B9F23F0a21ee5948eCaa776 headSlot=63 headSlotEpochPos=32 idArg= method=getPayload mevBoostV=v1.8.1 msIntoSlot=110 numBlobs=0 numTx=98 proposerIndex=66 proposerPubkey=0xac30aacd9e91cb0727c34ca6b40fbfd4d255b998471e25c443cf6cf777d6bb823a58e162958f32c3c5ca80453387a5d2 service=relay/api slot=64 slotEpochPos=1 slotStartSec=1733519039 timestampAfterAlreadyDeliveredCheck=1733519039130 timestampAfterDecode=1733519039110 timestampAfterLoadResponse=1733519039128 timestampAfterPublishing=1733519039234 timestampAfterSignatureVerify=1733519039112 timestampBeforePublishing=1733519039131 timestampRequestStart=1733519039109 ua="mev-boost/v1.8.1 Lighthouse/v5.3.0-2e0eb6d" version=6fc57d1-dev
time="2024-12-06T21:04:00Z" level=info msg="request finished" blobGasUsed=0 blockHash=0xed08923d45eda4ec040c468de0c955c6f0ad33c4a7ec0bd3e7845f08ecefd554 blockNumber=64 contentLength=3485 excessBlobGas=0 feeRecipient=0x8943545177806ED17B9F23F0a21ee5948eCaa776 headSlot=63 headSlotEpochPos=32 idArg= method=getPayload mevBoostV=v1.8.1 msIntoSlot=110 numBlobs=0 numTx=98 proposerIndex=66 proposerPubkey=0xac30aacd9e91cb0727c34ca6b40fbfd4d255b998471e25c443cf6cf777d6bb823a58e162958f32c3c5ca80453387a5d2 requestDurationMs=1128 service=relay/api slot=64 slotEpochPos=1 slotStartSec=1733519039 timestampAfterAlreadyDeliveredCheck=1733519039130 timestampAfterDecode=1733519039110 timestampAfterLoadResponse=1733519039128 timestampAfterPublishing=1733519039234 timestampAfterSignatureVerify=1733519039112 timestampBeforePublishing=1733519039131 timestampRequestFin=1733519040237 timestampRequestStart=1733519039109 ua="mev-boost/v1.8.1 Lighthouse/v5.3.0-2e0eb6d" version=6fc57d1-dev
time="2024-12-06T21:04:00Z" level=info msg="http: POST /eth/v1/builder/blinded_blocks 200" duration=1.128493 method=POST path=/eth/v1/builder/blinded_blocks service=relay/api status=200 version=6fc57d1-dev
time="2024-12-06T21:04:00Z" level=info msg="finished publish block request" beaconPublishURI="http://172.16.4.15:4000" beaconURI="http://172.16.4.15:4000" component=beaconInstance encodeDurationMs=3 payloadBytes=51157 publishContentType=json publishDurationMs=1182 service=relay/api slot=64 version=6fc57d1-dev
time="2024-12-06T21:04:01Z" level=info msg="payload attributes received for slot: 66" service=relay/api version=6fc57d1-dev
time="2024-12-06T21:04:01Z" level=info msg="updated payload attributes" headSlot=64 payloadAttrParent=0xed08923d45eda4ec040c468de0c955c6f0ad33c4a7ec0bd3e7845f08ecefd554 payloadAttrSlot=66 randao=0x57fb69c38872aaadcb837216d9150ff20da4e13cd2bdc0f7fa008fd5b9313c43 service=relay/api timestamp=1733519043 version=6fc57d1-dev withdrawalsRoot=0x792930bbd5baac43bcc798ee49aa8185ef76bb3b44ba62b91d86ae569e4bb535
time="2024-12-06T21:04:01Z" level=debug msg="getHeader request received" headSlot=64 method=getHeader mevBoostV=v1.8.1 msIntoSlot=7 parentHash=0xed08923d45eda4ec040c468de0c955c6f0ad33c4a7ec0bd3e7845f08ecefd554 pubkey=0x8de5a6200cebb09b2198e69fed84bcd512ec5cf317c5f1ee99aad03d2a9a8564bf3807c08da2664222268d59c34a06e4 requestTimestamp=1733519041 service=relay/api slot=65 slotStartSec=1733519041 ua="mev-boost/v1.8.1 Lighthouse/v5.3.0-2e0eb6d" version=6fc57d1-dev
time="2024-12-06T21:04:01Z" level=error msg="bid was empty, skipping PROF augmentation" error="<nil>" headSlot=64 method=getHeader mevBoostV=v1.8.1 msIntoSlot=7 parentHash=0xed08923d45eda4ec040c468de0c955c6f0ad33c4a7ec0bd3e7845f08ecefd554 pubkey=0x8de5a6200cebb09b2198e69fed84bcd512ec5cf317c5f1ee99aad03d2a9a8564bf3807c08da2664222268d59c34a06e4 requestTimestamp=1733519041 service=relay/api slot=65 slotStartSec=1733519041 ua="mev-boost/v1.8.1 Lighthouse/v5.3.0-2e0eb6d" version=6fc57d1-dev
time="2024-12-06T21:04:01Z" level=info msg="http: GET /eth/v1/builder/header/65/0xed08923d45eda4ec040c468de0c955c6f0ad33c4a7ec0bd3e7845f08ecefd554/0x8de5a6200cebb09b2198e69fed84bcd512ec5cf317c5f1ee99aad03d2a9a8564bf3807c08da2664222268d59c34a06e4 204" duration=0.001466 method=GET path=/eth/v1/builder/header/65/0xed08923d45eda4ec040c468de0c955c6f0ad33c4a7ec0bd3e7845f08ecefd554/0x8de5a6200cebb09b2198e69fed84bcd512ec5cf317c5f1ee99aad03d2a9a8564bf3807c08da2664222268d59c34a06e4 service=relay/api status=204 version=6fc57d1-dev
time="2024-12-06T21:04:01Z" level=info msg="updated headSlot to 65" epoch=2 service=relay/api slotHead=65 slotStartNextEpoch=96 version=6fc57d1-dev
time="2024-12-06T21:04:01Z" level=debug msg="RefreshKnownValidators init" datastoreMethod=RefreshKnownValidators headSlot=65 headSlotPos=2 lastUpdateSlot=51 service=relay/api version=6fc57d1-dev
time="2024-12-06T21:04:01Z" level=debug msg="Updating builder cache with 1 builders from database" service=relay/api version=6fc57d1-dev
time="2024-12-06T21:04:01Z" level=info msg="payload attributes received for slot: 66" service=relay/api version=6fc57d1-dev
time="2024-12-06T21:04:01Z" level=info msg="updated payload attributes" headSlot=65 payloadAttrParent=0x256bb14cb668ffdc8e521cbddd4e0b88897a147d6b8d39c96d30508cc5083858 payloadAttrSlot=66 randao=0x3b2ba117d963974141580f4d69ce4837eaef808b70d7964a299e6fae45843d9e service=relay/api timestamp=1733519043 version=6fc57d1-dev withdrawalsRoot=0x792930bbd5baac43bcc798ee49aa8185ef76bb3b44ba62b91d86ae569e4bb535
time="2024-12-06T21:04:01Z" level=info msg="request initiated" cancellationEnabled=false contentLength=2109 headSlot=65 method=submitNewBlock service=relay/api timestampRequestStart=1733519041636 version=6fc57d1-dev
time="2024-12-06T21:04:01Z" level=info msg="submitNewBlock failed: block with 0 value or no txs" blobGasUsed=0 blockHash=0x1637e30a6a03b8f5d99d4ff38f6d46f4a56be49d920fba5a7bc4d351be4bdaea builderIsHighPrio=false builderPubkey=0xaa1488eae4b06a1fff840a2b6db167afc520758dc2c8af0dfb57037954df3431b747e2f900fe8805f05d635e9a29717b cancellationEnabled=false contentLength=2109 excessBlobGas=0 headSlot=65 isLargeRequest=false method=submitNewBlock numBlobs=0 numTx=0 parentHash=0x256bb14cb668ffdc8e521cbddd4e0b88897a147d6b8d39c96d30508cc5083858 payloadBytes=2109 proposerPubkey=0xabd3280a86fbb8d736717d8bd950920873ff7bb8a68ac4d7c339bb3c783c6f4e6e29912f6a3528e04b13aef57d4290a1 reqContentType=json reqIsGzip=false service=relay/api slot=66 timestampAfterDecoding=1733519041637 timestampRequestStart=1733519041636 value=0 version=6fc57d1-dev
time="2024-12-06T21:04:01Z" level=info msg="request finished" blobGasUsed=0 blockHash=0x1637e30a6a03b8f5d99d4ff38f6d46f4a56be49d920fba5a7bc4d351be4bdaea builderIsHighPrio=false builderPubkey=0xaa1488eae4b06a1fff840a2b6db167afc520758dc2c8af0dfb57037954df3431b747e2f900fe8805f05d635e9a29717b cancellationEnabled=false contentLength=2109 excessBlobGas=0 headSlot=65 isLargeRequest=false method=submitNewBlock numBlobs=0 numTx=0 parentHash=0x256bb14cb668ffdc8e521cbddd4e0b88897a147d6b8d39c96d30508cc5083858 payloadBytes=2109 proposerPubkey=0xabd3280a86fbb8d736717d8bd950920873ff7bb8a68ac4d7c339bb3c783c6f4e6e29912f6a3528e04b13aef57d4290a1 reqContentType=json reqIsGzip=false requestDurationMs=0 service=relay/api slot=66 timestampAfterDecoding=1733519041637 timestampRequestFin=1733519041637 timestampRequestStart=1733519041636 value=0 version=6fc57d1-dev
time="2024-12-06T21:04:01Z" level=info msg="http: POST /relay/v1/builder/blocks 200" duration=0.000924 method=POST path=/relay/v1/builder/blocks service=relay/api status=200 version=6fc57d1-dev
time="2024-12-06T21:04:03Z" level=info msg="payload attributes received for slot: 67" service=relay/api version=6fc57d1-dev
time="2024-12-06T21:04:03Z" level=info msg="updated payload attributes" headSlot=65 payloadAttrParent=0x256bb14cb668ffdc8e521cbddd4e0b88897a147d6b8d39c96d30508cc5083858 payloadAttrSlot=67 randao=0x3b2ba117d963974141580f4d69ce4837eaef808b70d7964a299e6fae45843d9e service=relay/api timestamp=1733519045 version=6fc57d1-dev withdrawalsRoot=0x792930bbd5baac43bcc798ee49aa8185ef76bb3b44ba62b91d86ae569e4bb535
time="2024-12-06T21:04:03Z" level=debug msg="getHeader request received" headSlot=65 method=getHeader mevBoostV=v1.8.1 msIntoSlot=7 parentHash=0x256bb14cb668ffdc8e521cbddd4e0b88897a147d6b8d39c96d30508cc5083858 pubkey=0xabd3280a86fbb8d736717d8bd950920873ff7bb8a68ac4d7c339bb3c783c6f4e6e29912f6a3528e04b13aef57d4290a1 requestTimestamp=1733519043 service=relay/api slot=66 slotStartSec=1733519043 ua="mev-boost/v1.8.1 Lighthouse/v5.3.0-2e0eb6d" version=6fc57d1-dev
time="2024-12-06T21:04:03Z" level=error msg="bid was empty, skipping PROF augmentation" error="<nil>" headSlot=65 method=getHeader mevBoostV=v1.8.1 msIntoSlot=7 parentHash=0x256bb14cb668ffdc8e521cbddd4e0b88897a147d6b8d39c96d30508cc5083858 pubkey=0xabd3280a86fbb8d736717d8bd950920873ff7bb8a68ac4d7c339bb3c783c6f4e6e29912f6a3528e04b13aef57d4290a1 requestTimestamp=1733519043 service=relay/api slot=66 slotStartSec=1733519043 ua="mev-boost/v1.8.1 Lighthouse/v5.3.0-2e0eb6d" version=6fc57d1-dev
time="2024-12-06T21:04:03Z" level=info msg="http: GET /eth/v1/builder/header/66/0x256bb14cb668ffdc8e521cbddd4e0b88897a147d6b8d39c96d30508cc5083858/0xabd3280a86fbb8d736717d8bd950920873ff7bb8a68ac4d7c339bb3c783c6f4e6e29912f6a3528e04b13aef57d4290a1 204" duration=0.000783 method=GET path=/eth/v1/builder/header/66/0x256bb14cb668ffdc8e521cbddd4e0b88897a147d6b8d39c96d30508cc5083858/0xabd3280a86fbb8d736717d8bd950920873ff7bb8a68ac4d7c339bb3c783c6f4e6e29912f6a3528e04b13aef57d4290a1 service=relay/api status=204 version=6fc57d1-dev
time="2024-12-06T21:04:03Z" level=info msg="updated headSlot to 66" epoch=2 service=relay/api slotHead=66 slotStartNextEpoch=96 version=6fc57d1-dev
time="2024-12-06T21:04:03Z" level=debug msg="RefreshKnownValidators init" datastoreMethod=RefreshKnownValidators headSlot=66 headSlotPos=3 lastUpdateSlot=51 service=relay/api version=6fc57d1-dev
time="2024-12-06T21:04:03Z" level=debug msg="Updating builder cache with 1 builders from database" service=relay/api version=6fc57d1-dev
time="2024-12-06T21:04:03Z" level=info msg="payload attributes received for slot: 67" service=relay/api version=6fc57d1-dev
time="2024-12-06T21:04:03Z" level=info msg="updated payload attributes" headSlot=66 payloadAttrParent=0x57d73417d50ac2f4ed4546c2d4029d57bdab2a3857479532e8d427d20fbca533 payloadAttrSlot=67 randao=0xb07f9ae500fbe6cad43bb24c9368cba355a42958c2c87bfd1e94c1a3343e3168 service=relay/api timestamp=1733519045 version=6fc57d1-dev withdrawalsRoot=0x792930bbd5baac43bcc798ee49aa8185ef76bb3b44ba62b91d86ae569e4bb535
time="2024-12-06T21:04:03Z" level=info msg="request initiated" cancellationEnabled=false contentLength=2109 headSlot=66 method=submitNewBlock service=relay/api timestampRequestStart=1733519043631 version=6fc57d1-dev
time="2024-12-06T21:04:03Z" level=info msg="submitNewBlock failed: block with 0 value or no txs" blobGasUsed=0 blockHash=0x98fc7a31334964295b85ea7c6c638f53b249bf7aee3050d1f788d5a6ee494e1c builderIsHighPrio=false builderPubkey=0xaa1488eae4b06a1fff840a2b6db167afc520758dc2c8af0dfb57037954df3431b747e2f900fe8805f05d635e9a29717b cancellationEnabled=false contentLength=2109 excessBlobGas=0 headSlot=66 isLargeRequest=false method=submitNewBlock numBlobs=0 numTx=0 parentHash=0x57d73417d50ac2f4ed4546c2d4029d57bdab2a3857479532e8d427d20fbca533 payloadBytes=2109 proposerPubkey=0x81ea9f74ef7d935b807474e38954ae3934856219a23e074954b2e860c5a3c400f9aedb42cd27cb4ceb697ca36d1e58cb reqContentType=json reqIsGzip=false service=relay/api slot=67 timestampAfterDecoding=1733519043632 timestampRequestStart=1733519043631 value=0 version=6fc57d1-dev
time="2024-12-06T21:04:03Z" level=info msg="request finished" blobGasUsed=0 blockHash=0x98fc7a31334964295b85ea7c6c638f53b249bf7aee3050d1f788d5a6ee494e1c builderIsHighPrio=false builderPubkey=0xaa1488eae4b06a1fff840a2b6db167afc520758dc2c8af0dfb57037954df3431b747e2f900fe8805f05d635e9a29717b cancellationEnabled=false contentLength=2109 excessBlobGas=0 headSlot=66 isLargeRequest=false method=submitNewBlock numBlobs=0 numTx=0 parentHash=0x57d73417d50ac2f4ed4546c2d4029d57bdab2a3857479532e8d427d20fbca533 payloadBytes=2109 proposerPubkey=0x81ea9f74ef7d935b807474e38954ae3934856219a23e074954b2e860c5a3c400f9aedb42cd27cb4ceb697ca36d1e58cb reqContentType=json reqIsGzip=false requestDurationMs=0 service=relay/api slot=67 timestampAfterDecoding=1733519043632 timestampRequestFin=1733519043632 timestampRequestStart=1733519043631 value=0 version=6fc57d1-dev
time="2024-12-06T21:04:03Z" level=info msg="http: POST /relay/v1/builder/blocks 200" duration=0.000836 method=POST path=/relay/v1/builder/blocks service=relay/api status=200 version=6fc57d1-dev
time="2024-12-06T21:04:05Z" level=info msg="payload attributes received for slot: 68" service=relay/api version=6fc57d1-dev
time="2024-12-06T21:04:05Z" level=info msg="updated payload attributes" headSlot=66 payloadAttrParent=0x57d73417d50ac2f4ed4546c2d4029d57bdab2a3857479532e8d427d20fbca533 payloadAttrSlot=68 randao=0xb07f9ae500fbe6cad43bb24c9368cba355a42958c2c87bfd1e94c1a3343e3168 service=relay/api timestamp=1733519047 version=6fc57d1-dev withdrawalsRoot=0x792930bbd5baac43bcc798ee49aa8185ef76bb3b44ba62b91d86ae569e4bb535
time="2024-12-06T21:04:05Z" level=debug msg="getHeader request received" headSlot=66 method=getHeader mevBoostV=v1.8.1 msIntoSlot=8 parentHash=0x57d73417d50ac2f4ed4546c2d4029d57bdab2a3857479532e8d427d20fbca533 pubkey=0x81ea9f74ef7d935b807474e38954ae3934856219a23e074954b2e860c5a3c400f9aedb42cd27cb4ceb697ca36d1e58cb requestTimestamp=1733519045 service=relay/api slot=67 slotStartSec=1733519045 ua="mev-boost/v1.8.1 Lighthouse/v5.3.0-2e0eb6d" version=6fc57d1-dev
time="2024-12-06T21:04:05Z" level=error msg="bid was empty, skipping PROF augmentation" error="<nil>" headSlot=66 method=getHeader mevBoostV=v1.8.1 msIntoSlot=8 parentHash=0x57d73417d50ac2f4ed4546c2d4029d57bdab2a3857479532e8d427d20fbca533 pubkey=0x81ea9f74ef7d935b807474e38954ae3934856219a23e074954b2e860c5a3c400f9aedb42cd27cb4ceb697ca36d1e58cb requestTimestamp=1733519045 service=relay/api slot=67 slotStartSec=1733519045 ua="mev-boost/v1.8.1 Lighthouse/v5.3.0-2e0eb6d" version=6fc57d1-dev
time="2024-12-06T21:04:05Z" level=info msg="http: GET /eth/v1/builder/header/67/0x57d73417d50ac2f4ed4546c2d4029d57bdab2a3857479532e8d427d20fbca533/0x81ea9f74ef7d935b807474e38954ae3934856219a23e074954b2e860c5a3c400f9aedb42cd27cb4ceb697ca36d1e58cb 204" duration=0.000345 method=GET path=/eth/v1/builder/header/67/0x57d73417d50ac2f4ed4546c2d4029d57bdab2a3857479532e8d427d20fbca533/0x81ea9f74ef7d935b807474e38954ae3934856219a23e074954b2e860c5a3c400f9aedb42cd27cb4ceb697ca36d1e58cb service=relay/api status=204 version=6fc57d1-dev
time="2024-12-06T21:04:05Z" level=info msg="updated headSlot to 67" epoch=2 service=relay/api slotHead=67 slotStartNextEpoch=96 version=6fc57d1-dev
time="2024-12-06T21:04:05Z" level=debug msg="RefreshKnownValidators init" datastoreMethod=RefreshKnownValidators headSlot=67 headSlotPos=4 lastUpdateSlot=51 service=relay/api version=6fc57d1-dev
time="2024-12-06T21:04:05Z" level=debug msg="Updating builder cache with 1 builders from database" service=relay/api version=6fc57d1-dev
time="2024-12-06T21:04:05Z" level=info msg="payload attributes received for slot: 68" service=relay/api version=6fc57d1-dev
time="2024-12-06T21:04:05Z" level=info msg="updated payload attributes" headSlot=67 payloadAttrParent=0x2fb6592fd073eda6a4d59b541faece62a081e898518d5fa36c59972f171aa4d1 payloadAttrSlot=68 randao=0x1abf0192a2c6efcff68a009bd344e03821bc8da7f7552e4064dad2c698c79834 service=relay/api timestamp=1733519047 version=6fc57d1-dev withdrawalsRoot=0x792930bbd5baac43bcc798ee49aa8185ef76bb3b44ba62b91d86ae569e4bb535
time="2024-12-06T21:04:05Z" level=info msg="request initiated" cancellationEnabled=false contentLength=2109 headSlot=67 method=submitNewBlock service=relay/api timestampRequestStart=1733519045633 version=6fc57d1-dev
time="2024-12-06T21:04:05Z" level=info msg="submitNewBlock failed: block with 0 value or no txs" blobGasUsed=0 blockHash=0xaed80932922193792a8c5cb39512de78acf83e3f8cc4db37099156d51d3e0f9f builderIsHighPrio=false builderPubkey=0xaa1488eae4b06a1fff840a2b6db167afc520758dc2c8af0dfb57037954df3431b747e2f900fe8805f05d635e9a29717b cancellationEnabled=false contentLength=2109 excessBlobGas=0 headSlot=67 isLargeRequest=false method=submitNewBlock numBlobs=0 numTx=0 parentHash=0x2fb6592fd073eda6a4d59b541faece62a081e898518d5fa36c59972f171aa4d1 payloadBytes=2109 proposerPubkey=0x8d9dc5d04f5b105ddd3e84529e16f33748969fea81729ea7dc087fee8f1e3e2faeaaee3ca7ee5dc264a22cbe0ff809b3 reqContentType=json reqIsGzip=false service=relay/api slot=68 timestampAfterDecoding=1733519045634 timestampRequestStart=1733519045633 value=0 version=6fc57d1-dev
time="2024-12-06T21:04:05Z" level=info msg="request finished" blobGasUsed=0 blockHash=0xaed80932922193792a8c5cb39512de78acf83e3f8cc4db37099156d51d3e0f9f builderIsHighPrio=false builderPubkey=0xaa1488eae4b06a1fff840a2b6db167afc520758dc2c8af0dfb57037954df3431b747e2f900fe8805f05d635e9a29717b cancellationEnabled=false contentLength=2109 excessBlobGas=0 headSlot=67 isLargeRequest=false method=submitNewBlock numBlobs=0 numTx=0 parentHash=0x2fb6592fd073eda6a4d59b541faece62a081e898518d5fa36c59972f171aa4d1 payloadBytes=2109 proposerPubkey=0x8d9dc5d04f5b105ddd3e84529e16f33748969fea81729ea7dc087fee8f1e3e2faeaaee3ca7ee5dc264a22cbe0ff809b3 reqContentType=json reqIsGzip=false requestDurationMs=0 service=relay/api slot=68 timestampAfterDecoding=1733519045634 timestampRequestFin=1733519045634 timestampRequestStart=1733519045633 value=0 version=6fc57d1-dev
time="2024-12-06T21:04:05Z" level=info msg="http: POST /relay/v1/builder/blocks 200" duration=0.001078 method=POST path=/relay/v1/builder/blocks service=relay/api status=200 version=6fc57d1-dev
time="2024-12-06T21:04:07Z" level=info msg="payload attributes received for slot: 69" service=relay/api version=6fc57d1-dev
time="2024-12-06T21:04:07Z" level=info msg="updated payload attributes" headSlot=67 payloadAttrParent=0x2fb6592fd073eda6a4d59b541faece62a081e898518d5fa36c59972f171aa4d1 payloadAttrSlot=69 randao=0x1abf0192a2c6efcff68a009bd344e03821bc8da7f7552e4064dad2c698c79834 service=relay/api timestamp=1733519049 version=6fc57d1-dev withdrawalsRoot=0x792930bbd5baac43bcc798ee49aa8185ef76bb3b44ba62b91d86ae569e4bb535
time="2024-12-06T21:04:07Z" level=debug msg="getHeader request received" headSlot=67 method=getHeader mevBoostV=v1.8.1 msIntoSlot=8 parentHash=0x2fb6592fd073eda6a4d59b541faece62a081e898518d5fa36c59972f171aa4d1 pubkey=0x8d9dc5d04f5b105ddd3e84529e16f33748969fea81729ea7dc087fee8f1e3e2faeaaee3ca7ee5dc264a22cbe0ff809b3 requestTimestamp=1733519047 service=relay/api slot=68 slotStartSec=1733519047 ua="mev-boost/v1.8.1 Lighthouse/v5.3.0-2e0eb6d" version=6fc57d1-dev
time="2024-12-06T21:04:07Z" level=error msg="bid was empty, skipping PROF augmentation" error="<nil>" headSlot=67 method=getHeader mevBoostV=v1.8.1 msIntoSlot=8 parentHash=0x2fb6592fd073eda6a4d59b541faece62a081e898518d5fa36c59972f171aa4d1 pubkey=0x8d9dc5d04f5b105ddd3e84529e16f33748969fea81729ea7dc087fee8f1e3e2faeaaee3ca7ee5dc264a22cbe0ff809b3 requestTimestamp=1733519047 service=relay/api slot=68 slotStartSec=1733519047 ua="mev-boost/v1.8.1 Lighthouse/v5.3.0-2e0eb6d" version=6fc57d1-dev
time="2024-12-06T21:04:07Z" level=info msg="http: GET /eth/v1/builder/header/68/0x2fb6592fd073eda6a4d59b541faece62a081e898518d5fa36c59972f171aa4d1/0x8d9dc5d04f5b105ddd3e84529e16f33748969fea81729ea7dc087fee8f1e3e2faeaaee3ca7ee5dc264a22cbe0ff809b3 204" duration=0.000384 method=GET path=/eth/v1/builder/header/68/0x2fb6592fd073eda6a4d59b541faece62a081e898518d5fa36c59972f171aa4d1/0x8d9dc5d04f5b105ddd3e84529e16f33748969fea81729ea7dc087fee8f1e3e2faeaaee3ca7ee5dc264a22cbe0ff809b3 service=relay/api status=204 version=6fc57d1-dev
time="2024-12-06T21:04:07Z" level=info msg="updated headSlot to 68" epoch=2 service=relay/api slotHead=68 slotStartNextEpoch=96 version=6fc57d1-dev
time="2024-12-06T21:04:07Z" level=debug msg="Updating builder cache with 1 builders from database" service=relay/api version=6fc57d1-dev
time="2024-12-06T21:04:07Z" level=info msg="payload attributes received for slot: 69" service=relay/api version=6fc57d1-dev
time="2024-12-06T21:04:07Z" level=info msg="updated payload attributes" headSlot=68 payloadAttrParent=0x2aecd95772f6db14bd62c21a54cf33771e093ff827fdc9e6ae790000b4ef2b00 payloadAttrSlot=69 randao=0x7b792ad1ce91fac26be3ffe13d4ba948db874505962df5cdc301461ff33c9379 service=relay/api timestamp=1733519049 version=6fc57d1-dev withdrawalsRoot=0x792930bbd5baac43bcc798ee49aa8185ef76bb3b44ba62b91d86ae569e4bb535
time="2024-12-06T21:04:07Z" level=info msg="request initiated" cancellationEnabled=false contentLength=2109 headSlot=68 method=submitNewBlock service=relay/api timestampRequestStart=1733519047636 version=6fc57d1-dev
time="2024-12-06T21:04:07Z" level=info msg="submitNewBlock failed: block with 0 value or no txs" blobGasUsed=0 blockHash=0xa14feb563c3c08fbc8c4c2457bb2e8a5ebbe6b30ce6ffcdfa00ded228c7f3308 builderIsHighPrio=false builderPubkey=0xaa1488eae4b06a1fff840a2b6db167afc520758dc2c8af0dfb57037954df3431b747e2f900fe8805f05d635e9a29717b cancellationEnabled=false contentLength=2109 excessBlobGas=0 headSlot=68 isLargeRequest=false method=submitNewBlock numBlobs=0 numTx=0 parentHash=0x2aecd95772f6db14bd62c21a54cf33771e093ff827fdc9e6ae790000b4ef2b00 payloadBytes=2109 proposerPubkey=0x9918433b8f0bc5e126da3fdef8d7b71456492dae6d2d07f2e10c7a7f852046f84ed0ce6d3bfec42200670db27dcf3037 reqContentType=json reqIsGzip=false service=relay/api slot=69 timestampAfterDecoding=1733519047637 timestampRequestStart=1733519047636 value=0 version=6fc57d1-dev
time="2024-12-06T21:04:07Z" level=info msg="request finished" blobGasUsed=0 blockHash=0xa14feb563c3c08fbc8c4c2457bb2e8a5ebbe6b30ce6ffcdfa00ded228c7f3308 builderIsHighPrio=false builderPubkey=0xaa1488eae4b06a1fff840a2b6db167afc520758dc2c8af0dfb57037954df3431b747e2f900fe8805f05d635e9a29717b cancellationEnabled=false contentLength=2109 excessBlobGas=0 headSlot=68 isLargeRequest=false method=submitNewBlock numBlobs=0 numTx=0 parentHash=0x2aecd95772f6db14bd62c21a54cf33771e093ff827fdc9e6ae790000b4ef2b00 payloadBytes=2109 proposerPubkey=0x9918433b8f0bc5e126da3fdef8d7b71456492dae6d2d07f2e10c7a7f852046f84ed0ce6d3bfec42200670db27dcf3037 reqContentType=json reqIsGzip=false requestDurationMs=0 service=relay/api slot=69 timestampAfterDecoding=1733519047637 timestampRequestFin=1733519047637 timestampRequestStart=1733519047636 value=0 version=6fc57d1-dev
time="2024-12-06T21:04:07Z" level=info msg="http: POST /relay/v1/builder/blocks 200" duration=0.000857 method=POST path=/relay/v1/builder/blocks service=relay/api status=200 version=6fc57d1-dev
time="2024-12-06T21:04:09Z" level=info msg="payload attributes received for slot: 70" service=relay/api version=6fc57d1-dev
time="2024-12-06T21:04:09Z" level=info msg="updated payload attributes" headSlot=68 payloadAttrParent=0x2aecd95772f6db14bd62c21a54cf33771e093ff827fdc9e6ae790000b4ef2b00 payloadAttrSlot=70 randao=0x7b792ad1ce91fac26be3ffe13d4ba948db874505962df5cdc301461ff33c9379 service=relay/api timestamp=1733519051 version=6fc57d1-dev withdrawalsRoot=0x792930bbd5baac43bcc798ee49aa8185ef76bb3b44ba62b91d86ae569e4bb535
time="2024-12-06T21:04:09Z" level=debug msg="getHeader request received" headSlot=68 method=getHeader mevBoostV=v1.8.1 msIntoSlot=8 parentHash=0x2aecd95772f6db14bd62c21a54cf33771e093ff827fdc9e6ae790000b4ef2b00 pubkey=0x9918433b8f0bc5e126da3fdef8d7b71456492dae6d2d07f2e10c7a7f852046f84ed0ce6d3bfec42200670db27dcf3037 requestTimestamp=1733519049 service=relay/api slot=69 slotStartSec=1733519049 ua="mev-boost/v1.8.1 Lighthouse/v5.3.0-2e0eb6d" version=6fc57d1-dev
time="2024-12-06T21:04:09Z" level=error msg="bid was empty, skipping PROF augmentation" error="<nil>" headSlot=68 method=getHeader mevBoostV=v1.8.1 msIntoSlot=8 parentHash=0x2aecd95772f6db14bd62c21a54cf33771e093ff827fdc9e6ae790000b4ef2b00 pubkey=0x9918433b8f0bc5e126da3fdef8d7b71456492dae6d2d07f2e10c7a7f852046f84ed0ce6d3bfec42200670db27dcf3037 requestTimestamp=1733519049 service=relay/api slot=69 slotStartSec=1733519049 ua="mev-boost/v1.8.1 Lighthouse/v5.3.0-2e0eb6d" version=6fc57d1-dev
time="2024-12-06T21:04:09Z" level=info msg="http: GET /eth/v1/builder/header/69/0x2aecd95772f6db14bd62c21a54cf33771e093ff827fdc9e6ae790000b4ef2b00/0x9918433b8f0bc5e126da3fdef8d7b71456492dae6d2d07f2e10c7a7f852046f84ed0ce6d3bfec42200670db27dcf3037 204" duration=0.000804 method=GET path=/eth/v1/builder/header/69/0x2aecd95772f6db14bd62c21a54cf33771e093ff827fdc9e6ae790000b4ef2b00/0x9918433b8f0bc5e126da3fdef8d7b71456492dae6d2d07f2e10c7a7f852046f84ed0ce6d3bfec42200670db27dcf3037 service=relay/api status=204 version=6fc57d1-dev
time="2024-12-06T21:04:09Z" level=info msg="updated headSlot to 69" epoch=2 service=relay/api slotHead=69 slotStartNextEpoch=96 version=6fc57d1-dev
time="2024-12-06T21:04:09Z" level=debug msg="Updating builder cache with 1 builders from database" service=relay/api version=6fc57d1-dev
time="2024-12-06T21:04:09Z" level=info msg="payload attributes received for slot: 70" service=relay/api version=6fc57d1-dev
time="2024-12-06T21:04:09Z" level=info msg="updated payload attributes" headSlot=69 payloadAttrParent=0xceea98b573d28d1ea658398cea7328c08d9953abcb1370dc9a8a75c612f0e647 payloadAttrSlot=70 randao=0xd2e5b2ac725a00e05ba989805f9fdbf7570b393ecc2fa04677e1e5335f5692e8 service=relay/api timestamp=1733519051 version=6fc57d1-dev withdrawalsRoot=0x792930bbd5baac43bcc798ee49aa8185ef76bb3b44ba62b91d86ae569e4bb535
time="2024-12-06T21:04:09Z" level=info msg="request initiated" cancellationEnabled=false contentLength=2109 headSlot=69 method=submitNewBlock service=relay/api timestampRequestStart=1733519049624 version=6fc57d1-dev
time="2024-12-06T21:04:09Z" level=info msg="submitNewBlock failed: block with 0 value or no txs" blobGasUsed=0 blockHash=0xe27f371af66f9ded9a22e74e9f554397c5a77ae36ba381b679fb0450ddb196c6 builderIsHighPrio=false builderPubkey=0xaa1488eae4b06a1fff840a2b6db167afc520758dc2c8af0dfb57037954df3431b747e2f900fe8805f05d635e9a29717b cancellationEnabled=false contentLength=2109 excessBlobGas=0 headSlot=69 isLargeRequest=false method=submitNewBlock numBlobs=0 numTx=0 parentHash=0xceea98b573d28d1ea658398cea7328c08d9953abcb1370dc9a8a75c612f0e647 payloadBytes=2109 proposerPubkey=0xa759f6bcca8f35fcaadc406cc4b828c016c0ed23882987a79f52f2933b5cedefe24e31df6fd0d38e8a802dbafd750d01 reqContentType=json reqIsGzip=false service=relay/api slot=70 timestampAfterDecoding=1733519049625 timestampRequestStart=1733519049624 value=0 version=6fc57d1-dev
time="2024-12-06T21:04:09Z" level=info msg="request finished" blobGasUsed=0 blockHash=0xe27f371af66f9ded9a22e74e9f554397c5a77ae36ba381b679fb0450ddb196c6 builderIsHighPrio=false builderPubkey=0xaa1488eae4b06a1fff840a2b6db167afc520758dc2c8af0dfb57037954df3431b747e2f900fe8805f05d635e9a29717b cancellationEnabled=false contentLength=2109 excessBlobGas=0 headSlot=69 isLargeRequest=false method=submitNewBlock numBlobs=0 numTx=0 parentHash=0xceea98b573d28d1ea658398cea7328c08d9953abcb1370dc9a8a75c612f0e647 payloadBytes=2109 proposerPubkey=0xa759f6bcca8f35fcaadc406cc4b828c016c0ed23882987a79f52f2933b5cedefe24e31df6fd0d38e8a802dbafd750d01 reqContentType=json reqIsGzip=false requestDurationMs=0 service=relay/api slot=70 timestampAfterDecoding=1733519049625 timestampRequestFin=1733519049625 timestampRequestStart=1733519049624 value=0 version=6fc57d1-dev
time="2024-12-06T21:04:09Z" level=info msg="http: POST /relay/v1/builder/blocks 200" duration=0.000940 method=POST path=/relay/v1/builder/blocks service=relay/api status=200 version=6fc57d1-dev
time="2024-12-06T21:04:10Z" level=info msg="request initiated" cancellationEnabled=false contentLength=6093 headSlot=69 method=submitNewBlock service=relay/api timestampRequestStart=1733519050626 version=6fc57d1-dev
time="2024-12-06T21:04:10Z" level=info msg="block validation successful" blobGasUsed=0 blockHash=0x555819df7c94f0b209bb3deac4dd4399cb02903c8ba330a472922f4c10592d0a builderIsHighPrio=false builderPubkey=0xaa1488eae4b06a1fff840a2b6db167afc520758dc2c8af0dfb57037954df3431b747e2f900fe8805f05d635e9a29717b cancellationEnabled=false contentLength=6093 durationMs=7 excessBlobGas=0 fastTrackValidation=false headSlot=69 isLargeRequest=false method=submitNewBlock newBidIsTopBid=true numBlobs=0 numTx=17 numWaiting=0 parentHash=0xceea98b573d28d1ea658398cea7328c08d9953abcb1370dc9a8a75c612f0e647 payloadBytes=6093 proposerPubkey=0xa759f6bcca8f35fcaadc406cc4b828c016c0ed23882987a79f52f2933b5cedefe24e31df6fd0d38e8a802dbafd750d01 reqContentType=json reqIsGzip=false service=relay/api slot=70 timestampAfterCheckingFloorBid=1733519050629 timestampAfterCheckingTopBid=1733519050630 timestampAfterDecoding=1733519050627 timestampAfterSignatureCheck=1733519050629 timestampBeforeCheckingFloorBid=1733519050629 timestampBeforeCheckingTopBid=1733519050629 timestampBeforeSignatureCheck=1733519050627 timestampBeforeValidation=1733519050630 timestampRequestStart=1733519050626 topBidValue=0 value=505507646700000 version=6fc57d1-dev
time="2024-12-06T21:04:10Z" level=info msg="received block from builder" blobGasUsed=0 blockHash=0x555819df7c94f0b209bb3deac4dd4399cb02903c8ba330a472922f4c10592d0a builderIsHighPrio=false builderPubkey=0xaa1488eae4b06a1fff840a2b6db167afc520758dc2c8af0dfb57037954df3431b747e2f900fe8805f05d635e9a29717b cancellationEnabled=false contentLength=6093 excessBlobGas=0 fastTrackValidation=false headSlot=69 isLargeRequest=false method=submitNewBlock newBidIsTopBid=true numBlobs=0 numTx=17 parentHash=0xceea98b573d28d1ea658398cea7328c08d9953abcb1370dc9a8a75c612f0e647 payloadBytes=6093 prevTopBidValue=0 profileDecodeUs=528 profilePrechecksUs=3164 profileRedisSavePayloadUs=42 profileRedisUpdateFloorUs=573 profileRedisUpdateTopBidUs=1213 profileRedisUs=4794 profileSimUs=8197 profileTotalUs=16908 proposerPubkey=0xa759f6bcca8f35fcaadc406cc4b828c016c0ed23882987a79f52f2933b5cedefe24e31df6fd0d38e8a802dbafd750d01 reqContentType=json reqIsGzip=false service=relay/api slot=70 timestampAfterBidUpdate=1733519050643 timestampAfterCheckingFloorBid=1733519050629 timestampAfterCheckingTopBid=1733519050630 timestampAfterDecoding=1733519050627 timestampAfterSignatureCheck=1733519050629 timestampAfterValidation=1733519050638 timestampBeforeCheckingFloorBid=1733519050629 timestampBeforeCheckingTopBid=1733519050629 timestampBeforeSignatureCheck=1733519050627 timestampBeforeValidation=1733519050630 timestampEligibleAt=1733519050643 timestampRequestStart=1733519050626 topBidValue=505507646700000 validationDurationMs=8 value=505507646700000 version=6fc57d1-dev wasBidSavedInRedis=true wasTopBidUpdated=true
time="2024-12-06T21:04:10Z" level=info msg="request finished" blobGasUsed=0 blockHash=0x555819df7c94f0b209bb3deac4dd4399cb02903c8ba330a472922f4c10592d0a builderIsHighPrio=false builderPubkey=0xaa1488eae4b06a1fff840a2b6db167afc520758dc2c8af0dfb57037954df3431b747e2f900fe8805f05d635e9a29717b cancellationEnabled=false contentLength=6093 excessBlobGas=0 fastTrackValidation=false headSlot=69 isLargeRequest=false method=submitNewBlock newBidIsTopBid=true numBlobs=0 numTx=17 parentHash=0xceea98b573d28d1ea658398cea7328c08d9953abcb1370dc9a8a75c612f0e647 payloadBytes=6093 prevTopBidValue=0 profileRedisSavePayloadUs=42 profileRedisUpdateFloorUs=573 profileRedisUpdateTopBidUs=1213 proposerPubkey=0xa759f6bcca8f35fcaadc406cc4b828c016c0ed23882987a79f52f2933b5cedefe24e31df6fd0d38e8a802dbafd750d01 reqContentType=json reqIsGzip=false requestDurationMs=27 service=relay/api slot=70 timestampAfterBidUpdate=1733519050643 timestampAfterCheckingFloorBid=1733519050629 timestampAfterCheckingTopBid=1733519050630 timestampAfterDecoding=1733519050627 timestampAfterSignatureCheck=1733519050629 timestampAfterValidation=1733519050638 timestampBeforeCheckingFloorBid=1733519050629 timestampBeforeCheckingTopBid=1733519050629 timestampBeforeSignatureCheck=1733519050627 timestampBeforeValidation=1733519050630 timestampEligibleAt=1733519050643 timestampRequestFin=1733519050653 timestampRequestStart=1733519050626 topBidValue=505507646700000 validationDurationMs=8 value=505507646700000 version=6fc57d1-dev wasBidSavedInRedis=true wasTopBidUpdated=true
time="2024-12-06T21:04:10Z" level=info msg="http: POST /relay/v1/builder/blocks 200" duration=0.027733 method=POST path=/relay/v1/builder/blocks service=relay/api status=200 version=6fc57d1-dev
time="2024-12-06T21:04:11Z" level=info msg="payload attributes received for slot: 71" service=relay/api version=6fc57d1-dev
time="2024-12-06T21:04:11Z" level=info msg="updated payload attributes" headSlot=69 payloadAttrParent=0xceea98b573d28d1ea658398cea7328c08d9953abcb1370dc9a8a75c612f0e647 payloadAttrSlot=71 randao=0xd2e5b2ac725a00e05ba989805f9fdbf7570b393ecc2fa04677e1e5335f5692e8 service=relay/api timestamp=1733519053 version=6fc57d1-dev withdrawalsRoot=0x792930bbd5baac43bcc798ee49aa8185ef76bb3b44ba62b91d86ae569e4bb535
time="2024-12-06T21:04:11Z" level=debug msg="getHeader request received" headSlot=69 method=getHeader mevBoostV=v1.8.1 msIntoSlot=6 parentHash=0xceea98b573d28d1ea658398cea7328c08d9953abcb1370dc9a8a75c612f0e647 pubkey=0xa759f6bcca8f35fcaadc406cc4b828c016c0ed23882987a79f52f2933b5cedefe24e31df6fd0d38e8a802dbafd750d01 requestTimestamp=1733519051 service=relay/api slot=70 slotStartSec=1733519051 ua="mev-boost/v1.8.1 Lighthouse/v5.3.0-2e0eb6d" version=6fc57d1-dev
time="2024-12-06T21:04:11Z" level=debug msg="getPayload response from redis" datastoreMethod=GetGetPayloadResponse headSlot=69 method=getHeader mevBoostV=v1.8.1 msIntoSlot=6 parentHash=0xceea98b573d28d1ea658398cea7328c08d9953abcb1370dc9a8a75c612f0e647 pubkey=0xa759f6bcca8f35fcaadc406cc4b828c016c0ed23882987a79f52f2933b5cedefe24e31df6fd0d38e8a802dbafd750d01 requestTimestamp=1733519051 service=relay/api slot=70 slotStartSec=1733519051 ua="mev-boost/v1.8.1 Lighthouse/v5.3.0-2e0eb6d" version=6fc57d1-dev
time="2024-12-06T21:04:11Z" level=info msg="parent beacon root found in payload attributes" service=relay/api version=6fc57d1-dev
time="2024-12-06T21:04:11Z" level=info msg="enrich block response received / responseuuid:\"94d89efe-eca0-408d-924a-2b1c177c49c1\" executionPayloadHeader:{ParentHash:\"\\xce\ua635sҍ\\x1e\\xa6X9\\x8c\\xeas(\\xc0\\x8d\\x99S\\xab\\xcb\\x13pܚ\\x8au\\xc6\\x12\\xf0\\xe6G\" StateRoot:\"my\\xf1\\xe1\\xe2\\xd9o-Є\\xfa\\xbc\\x7fTe\\xb44$\\x8dg\\xfe#<M¢\\x8b\\x0f$\\xfaɊ\" ReceiptsRoot:\"w\\x01\\x9aV\\x819\\xadǪ\\xf4R\\xf5a(\\xa1\\x8b\\xad\\xa3,\\x9d\\x96\\x99\\xf4J:h\\xe8\\xaep\\xb7\\xf1\" LogsBloom:\"@ \\x00\\x00\\x00\\x00\\x00\\x00\\x00\\x00\\x00\\x00\\x80\\x00\\x00\\x00\\x00\\x00\\x00\\x00\\x00\\x01\\x00\\x00\\x01\\x00\\x00\\x00\\x00@\\x08\\x00\\x00\\x00\\x00\\x00\\x00\\x02\\x80\\x00\\x00\\x00\\x00\\x00\\x00\\x00 \\x00\\x00\\x80\\x00\\x00\\x00\\x00\\x00\\x00\\x00\\x00\\x00\\x00 \\x00\\x00\\x00\\x00\\x00\\x00\\x00\\x00\\x00\\x00\\x00\\x00\\x00 \\x08\\x00\\x00\\x00 \\x00\\x00\\x00\\x00\\x08\\x00\\x00\\x00\\x00\\x02\\x00\\x00\\x08\\x00\\x00\\x00\\x00\\x00\\x00\\x00\\x00 \\x00\\x00\\x08\\x00\\x00\\x00\\x10\\x00\\x00\\x00\\x00\\x00\\x00\\x00\\x00\\x00\\x00\\x00\\x00\\x00\\x00\\x10\\x00\\x00\\x00\\x00\\x00\\x00\\x00\\x00\\x00\\x00\\x00\\x00\\x00\\x10\\x00\\x00\\x00\\x00\\x00\\x00\\x00\\x00\\x00\\x00\\x00\\x00\\x00\\x08\\x00\\x00\\x00@\\x00\\x02\\x00\\x00\\x00\\x00\\x00\\x00\\x00\\x00\\x04\\x00\\x00\\x00\\x00\\x00\\x00\\x00\\x00@\\x00\\x00\\x00\\x00\\x00\\x00\\x00\\x02\\x00\\x00\\x00\\x00\\x00\\x00\\x00\\x00\\x00\\x00\\x10\\x02\\x00\\x00\\x00\\x00\\x00\\x00\\x00\\x00\\x00\\x00\\x00\\x00\\x00\\x00\\x00 \\x00\\x00\\x00\\x10\\x00\\x00\\x00\\x00\\x00\\x00\\x00\\x00\\x00\\x00\\x00\\x00\\x00\\x00\\x00\\x00\\x00\\x00\\x00\\x00\\x00\\x00\\x00\\x00\\x00\\x00\\x00\\x00\\x00\\x00\\x00\\x00\\x00\\x00\\x00\\x00\\x00\\x00\\x00\\x00\" PrevRandao:\"\\xd2岬rZ\\x00\\xe0[\\xa9\\x89\\x80_\\x9f\\xdb\\xf7W\\x0b9>\\xcc/\\xa0Fw\\xe1\\xe53_V\\x92\\xe8\" ExtraData:\"Illuminate Dmocratize Dstribute\" BaseFeePerGas:\"\\x03,\\xc4\" FeeRecipient:\"\\x89CTQw\\x80n\\xd1{\\x9f#\\xf0\\xa2\\x1e唎ʧv\" BlockHash:\"Z\\xa5\\x04\\x04\\xf5\\x12?\\xb5\\x19\\xe3\\x9d+\\xff\\x16b\\xbdn\\xfah\\xbd\\xc7\\xc7%i\\xf1:ߞ\\x8a\\x84H\\xa2\" TransactionsRoot:\"j\\x1a\\x9c\\xef\\xe5&\\xaag\\x8d*\\x17\\xb8`5\\x18\\xaf<\\xb9\\xf1\\x9eq\\xf1NTV\\xd0\\\\q\\x0fc\\x83\\x0b\" WithdrawalsRoot:\"y)0\\xbbպ\\xacC\\xbcǘ\\xeeI\\xaa\\x81\\x85\\xefv\\xbb;D\\xbab\\xb9\\x1d\\x86\\xaeV\\x9eK\\xb55\" BlockNumber:70 GasLimit:26767752 Timestamp:1733519051 GasUsed:1344462} value:5442817646700000" service=relay/api version=6fc57d1-dev
time="2024-12-06T21:04:11Z" level=info msg="bid enriched with PROF" service=relay/api value=5442817646700000 version=6fc57d1-dev
time="2024-12-06T21:04:11Z" level=info msg="SUCCESS: bid enriched with PROF" enrichedHeader="{[206 234 152 181 115 210 141 30 166 88 57 140 234 115 40 192 141 153 83 171 203 19 112 220 154 138 117 198 18 240 230 71] [137 67 84 81 119 128 110 209 123 159 35 240 162 30 229 148 142 202 167 118] [109 121 241 225 226 217 111 45 208 132 250 188 127 84 101 180 52 36 141 103 254 35 60 77 194 162 139 15 36 250 201 138] [119 1 154 86 129 57 173 79 204 168 244 82 245 97 40 161 139 173 163 44 157 150 153 244 74 58 104 232 174 112 183 241] [64 32 0 0 0 0 0 0 0 0 0 0 128 0 0 0 0 0 0 0 0 1 0 0 1 0 0 0 0 64 8 0 0 0 0 0 0 2 128 0 0 0 0 0 0 0 32 0 0 128 0 0 0 0 0 0 0 0 0 0 32 0 0 0 0 0 0 0 0 0 0 0 0 0 32 8 0 0 0 32 0 0 0 0 8 0 0 0 0 2 0 0 8 0 0 0 0 0 0 0 0 32 0 0 8 0 0 0 16 0 0 0 0 0 0 0 0 0 0 0 0 0 0 16 0 0 0 0 0 0 0 0 0 0 0 0 0 16 0 0 0 0 0 0 0 0 0 0 0 0 0 8 0 0 0 64 0 2 0 0 0 0 0 0 0 0 4 0 0 0 0 0 0 0 0 64 0 0 0 0 0 0 0 2 0 0 0 0 0 0 0 0 0 0 16 2 0 0 0 0 0 0 0 0 0 0 0 0 0 0 0 32 0 0 0 16 0 0 0 0 0 0 0 0 0 0 0 0 0 0 0 0 0 0 0 0 0 0 0 0 0 0 0 0 0 0 0 0 0 0 0 0 0 0 0 0] [210 229 178 172 114 90 0 224 91 169 137 128 95 159 219 247 87 11 57 62 204 47 160 70 119 225 229 51 95 86 146 232] 70 26767752 1344462 1733519051 [73 108 108 117 109 105 110 97 116 101 32 68 109 111 99 114 97 116 105 122 101 32 68 115 116 114 105 98 117 116 101] 208068 [90 165 4 4 245 18 63 181 25 227 157 43 255 22 98 189 110 250 104 189 199 199 37 105 241 58 223 158 138 132 72 162] [106 26 156 239 229 38 170 103 141 42 23 184 96 53 24 175 60 185 241 158 113 241 78 84 86 208 92 113 15 99 131 11] [121 41 48 187 213 186 172 67 188 199 152 238 73 170 129 133 239 118 187 59 68 186 98 185 29 134 174 86 158 75 181 53] 0 0}" headSlot=69 method=getHeader mevBoostV=v1.8.1 msIntoSlot=6 parentHash=0xceea98b573d28d1ea658398cea7328c08d9953abcb1370dc9a8a75c612f0e647 pubkey=0xa759f6bcca8f35fcaadc406cc4b828c016c0ed23882987a79f52f2933b5cedefe24e31df6fd0d38e8a802dbafd750d01 requestTimestamp=1733519051 service=relay/api slot=70 slotStartSec=1733519051 ua="mev-boost/v1.8.1 Lighthouse/v5.3.0-2e0eb6d" version=6fc57d1-dev
time="2024-12-06T21:04:11Z" level=info msg="TIME: bid enriched with PROF" enrichTime=18.672401ms headSlot=69 method=getHeader mevBoostV=v1.8.1 msIntoSlot=6 parentHash=0xceea98b573d28d1ea658398cea7328c08d9953abcb1370dc9a8a75c612f0e647 pubkey=0xa759f6bcca8f35fcaadc406cc4b828c016c0ed23882987a79f52f2933b5cedefe24e31df6fd0d38e8a802dbafd750d01 requestTimestamp=1733519051 service=relay/api slot=70 slotStartSec=1733519051 ua="mev-boost/v1.8.1 Lighthouse/v5.3.0-2e0eb6d" version=6fc57d1-dev
time="2024-12-06T21:04:11Z" level=info msg="Original Bid" bid=505507646700000 headSlot=69 method=getHeader mevBoostV=v1.8.1 msIntoSlot=6 parentHash=0xceea98b573d28d1ea658398cea7328c08d9953abcb1370dc9a8a75c612f0e647 pubkey=0xa759f6bcca8f35fcaadc406cc4b828c016c0ed23882987a79f52f2933b5cedefe24e31df6fd0d38e8a802dbafd750d01 requestTimestamp=1733519051 service=relay/api slot=70 slotStartSec=1733519051 ua="mev-boost/v1.8.1 Lighthouse/v5.3.0-2e0eb6d" version=6fc57d1-dev
time="2024-12-06T21:04:11Z" level=info msg="Enriched Bid" enrichedBid=5442817646700000 headSlot=69 method=getHeader mevBoostV=v1.8.1 msIntoSlot=6 parentHash=0xceea98b573d28d1ea658398cea7328c08d9953abcb1370dc9a8a75c612f0e647 pubkey=0xa759f6bcca8f35fcaadc406cc4b828c016c0ed23882987a79f52f2933b5cedefe24e31df6fd0d38e8a802dbafd750d01 requestTimestamp=1733519051 service=relay/api slot=70 slotStartSec=1733519051 ua="mev-boost/v1.8.1 Lighthouse/v5.3.0-2e0eb6d" version=6fc57d1-dev
time="2024-12-06T21:04:11Z" level=info msg="http: GET /eth/v1/builder/header/70/0xceea98b573d28d1ea658398cea7328c08d9953abcb1370dc9a8a75c612f0e647/0xa759f6bcca8f35fcaadc406cc4b828c016c0ed23882987a79f52f2933b5cedefe24e31df6fd0d38e8a802dbafd750d01 200" duration=0.022486 method=GET path=/eth/v1/builder/header/70/0xceea98b573d28d1ea658398cea7328c08d9953abcb1370dc9a8a75c612f0e647/0xa759f6bcca8f35fcaadc406cc4b828c016c0ed23882987a79f52f2933b5cedefe24e31df6fd0d38e8a802dbafd750d01 service=relay/api status=200 version=6fc57d1-dev
time="2024-12-06T21:04:11Z" level=info msg="request initiated --> handleGetPayload" contentLength=3485 headSlot=69 headSlotEpochPos=6 idArg= method=getPayload mevBoostV=v1.8.1 service=relay/api timestampRequestStart=1733519051105 ua="mev-boost/v1.8.1 Lighthouse/v5.3.0-2e0eb6d" version=6fc57d1-dev
time="2024-12-06T21:04:11Z" level=info msg="getPayload request received" blockHash=0x5aa50404f5123fb519e39d2bff1662bd6efa68bdc7c72569f13adf9e8a8448a2 contentLength=3485 feeRecipient=0x8943545177806ED17B9F23F0a21ee5948eCaa776 headSlot=69 headSlotEpochPos=6 idArg= method=getPayload mevBoostV=v1.8.1 msIntoSlot=106 proposerIndex=36 proposerPubkey=0xa759f6bcca8f35fcaadc406cc4b828c016c0ed23882987a79f52f2933b5cedefe24e31df6fd0d38e8a802dbafd750d01 service=relay/api slot=70 slotEpochPos=7 slotStartSec=1733519051 timestampAfterDecode=1733519051106 timestampAfterSignatureVerify=1733519051108 timestampRequestStart=1733519051105 ua="mev-boost/v1.8.1 Lighthouse/v5.3.0-2e0eb6d" version=6fc57d1-dev
getPayloadFromProf called!!!
time="2024-12-06T21:04:11Z" level=info msg="Querying validators from beacon node... (this may take a while)" datastoreMethod=RefreshKnownValidators headSlot=67 headSlotPos=4 lastUpdateSlot=51 service=relay/api version=6fc57d1-dev
time="2024-12-06T21:04:11Z" level=debug msg="fetching validators" component=beaconClient service=relay/api uri="http://172.16.4.16:4000" version=6fc57d1-dev
time="2024-12-06T21:04:11Z" level=info msg="received known validators from beacon-node" datastoreMethod=RefreshKnownValidators durationFetchValidatorsMs=4 headSlot=67 headSlotPos=4 lastUpdateSlot=51 numKnownValidators=128 service=relay/api version=6fc57d1-dev
getPayloadResponse returning payload from bundle merger: &{Version:deneb Bellatrix:null
 Capella:null
 Deneb:{execution_payload: {parent_hash: '0xceea98b573d28d1ea658398cea7328c08d9953abcb1370dc9a8a75c612f0e647', fee_recipient: '0x8943545177806ED17B9F23F0a21ee5948eCaa776', state_root: '0x6d79f1e1e2d96f2dd084fabc7f5465b434248d67fe233c4dc2a28b0f24fac98a', receipts_root: '0x77019a568139ad4fcca8f452f56128a18bada32c9d9699f44a3a68e8ae70b7f1', logs_bloom: '0x40200000000000000000000080000000000000000001000001000000004008000000000000028000000000000000200000800000000000000000000020000000000000000000000000002008000000200000000008000000000200000800000000000000002000000800000010000000000000000000000000000010000000000000000000000000001000000000000000000000000000080000004000020000000000000000040000000000000000400000000000000002000000000000000000001002000000000000000000000000000000200000001000000000000000000000000000000000000000000000000000000000000000000000000000000000', prev_randao: '0xd2e5b2ac725a00e05ba989805f9fdbf7570b393ecc2fa04677e1e5335f5692e8', block_number: 70, gas_limit: 26767752, gas_used: 1344462, timestamp: 1733519051, extra_data: '0x496c6c756d696e61746520446d6f63726174697a6520447374726962757465', base_fee_per_gas: '208068', block_hash: '0x5aa50404f5123fb519e39d2bff1662bd6efa68bdc7c72569f13adf9e8a8448a2', transactions: ['0xf8708202bc8459b00614825208946177843db3138ae69679a54b95cf345ed759450d880429d069189e0000808360306ba06f29f6920e867833d55824a73058c50a26d78140711b757cb3060018cd54f256a061e9fc552f20917e5ee0d9bcb76f45e3a64791f3f776a72be660e716309a251b', '0xf8708202bd8459b0061482520894687704db07e902e9a8b3754031d168d46e3d586e880429d069189e0000808360306ca00db3d6f27fb2034df03216fbe2c67666d1bef3a60e2cd7af177993ba14c49393a077afcbab483f17f0debfa2bfe86dda0598fdabd862dd165cc621a253fd0d58c1', '0xf8708202be8459b006148252089415e6a5a2e131dd5467fa1ff3acd104f45ee5940b880429d069189e0000808360306ba0b11145ac36490ff923eec16ea93284e3b5427064452beaffcbf58ea1b29758eaa05fdd6432a663f71521413ae450649c72b5748de85601d1014921d6f9114bcff3', '0xf8708202bf8459b006148252089480c4c7125967139acaa931ee984a9db4100e0f3b880429d069189e0000808360306ba0a76b4d4921b0f3b6d021d2e547d77225f5503f852dc7492b6044e28effafef61a004ea971efd1f04e8101e958e163717d67cc5a8fe6a6a29fb54b108da7bb67c5d', '0xf8708202c08459b0061482520894d08a63244fcd28b0aec5075052cdce31ba04fead880429d069189e0000808360306ca0548148d824a863c3276201d7e556706174431abb61721d24eeeb415aaba994efa028e85bdcbeafd74d62f3852ac67532dae13cbd675203a4368907d94a2fd16890', '0xf8708202c18459b00614825208940b06ef8be65fcda88f2dbae5813480f997ee8e35880429d069189e0000808360306ba0f024a5fe3379595bede2d4c3b8c71099a9cf7272c5ebe1c0f7dce0aef706f7bba03d38b80ba06d37364970bbc5cde73996cda94176890dfb63d34340a61f09046a', '0xf8708202c28459b00614825208941cb96c5809da5977f99f69c11ee58bae5711c5f1880429d069189e0000808360306ba0e36c5a25d250d1060654d4abf4f3b244e70f853e19880e074ddf37d9e033b310a0342d7255b462b1c7391e5dfdbb5bd585255e5f1ec962e7e0618e3a68d953e816', '0xf8708202c38459b00614825208942aa48ee899410a6d97c01b0bb0eeaf1771cc435b880429d069189e0000808360306ca01ffde71d6e52e61d13bfbe313862ac6086c2c16587cc65bd18f85101e9f53e2da04f8e5dfaec1e54be7eeb24a9d478fd2b6b77283e5b5cd41cec06820f150d65a7', '0xf8708202c48459b006148252089407b9d920dd8e8d83dc1125c94fc0b3cdcdf602fb880429d069189e0000808360306ba0e077e7123b44eb94931092d6c6ffb15c44156f914f0e7534b4659b82884081b7a02a19f5c193aff81762bfbae5b5e7d80d75cf38d511d7cd4913a1e0b6984be8d9', '0xf8708202c58459b0061482520894fcb6e353ad4f79245c7cb704abcffe2f48684241880429d069189e0000808360306ba096c7704838a0256b19abdaa89ca21cfeb4905d691cf609b2f9809a8dc13e72daa00ab845f6c60da2dd10309b560b92c23ecf6bfec603226b4a116731f0733ab05d', '0xf8708202c68459b00614825208940d3de4256d6322683fdea9ee23765ccbfcb83da4880429d069189e0000808360306ca0ab11e6a44f7c85402c3012faa96d6e9bf7eb3fd385f9623576e316a1c79fb866a02e9687364b0be79be2e25664d80d4cad14bc5450f2ff5465534d64e6a06eb6fb', '0xf8708202c78459b00614825208946021752d8d9b2f221d4fea4349dea34ddbcfce50880429d069189e0000808360306ca0b397423c821aabb781929026634bc714bb575411d43a7f6b6eda0dcf3c6249d6a06bca3bf871f3fc99bb52d8ee46c8ad248e3d9dff927eb02466a1e27279d7d2ed', '0xf8708202c88459b006148252089461e296d527edc89e831cf593ec341f16197eeafb880429d069189e0000808360306ba0e7146990c820eaff348132c8549e4109a1e74f7dd60acf788b4c03908bfeabe1a0470c35e38cb0794ce35d6b3cff5557e94405544a10de1fef71b35fb8a6798b58', '0xf8708202c98459b0061482520894cf7317ee7a3b497ecf634b94bff60ff91b925747880429d069189e0000808360306ca03ac9ee691698d6d79246d0366131df41d7bb6cc0e68689eb32b47da77d464f49a0151ed56d7ceadc21109df55d86454e8c767f06b6bf202c6e121b2cce7dbdd9b4', '0xf8708202ca8459b00614825208947e7b519df31f77ced83eea1b16aedb6dcb0f0b24880429d069189e0000808360306ba0946b0927aeac049369b1325a41cb8bb1a531c9c8dfd64895669041553fb41f57a02867f9f98a60ac9a3caf1c99a1728e9d56b04a765d0f981413c2a6088b31097e', '0xf8708202cb8459b006148252089488a075e0fb1c9309a200a8bf0a88b214bf7ceb8d880429d069189e0000808360306ca0ceecb63e59358ba8d7efdd468bcd45dd3bb524487f5ae338bb5097d44bc87128a073376b1137110fb9ac0d1f9e87464f5fad1fa8731d641de8ebe79286934f9cc8', '0x02f86f83301824018083032cc4825208948943545177806ed17b9f23f0a21ee5948ecaa7768701cbc1abb679e080c001a0c8db853e4f256faf5569e9cc4a7e305bab132a961c5dfa7655ffed1651e7b131a015f1998435231f8f12cfc64b89e160d64a3aaeefdee29808f7c072b4ded327af', '0x02f90176833018241c85012a05f2008512a05f2000830249f09471e67695db8bc44aa6bf2014142c42221967ee9880b901040cc7326300000000000000000000000000000000000000000000000000000000000000a000000000000000000000000000000000000000000000000e5d9d1ff84684000000000000000000000000000085998f6c99833d1127301928248c97b6f168bdad00000000000000000000000065d08a056c17ae13370565b04cf77d2afa1cb9fa00000000000000000000000000000000000000000000000000000000000000000000000000000000000000000000000000000000000000000000000000000002000000000000000000000000ac29373cbe03c88fb078488181f8a0650c58ca0800000000000000000000000024a9da1457f96c2b167d49377a776d302a5c4db3c080a06af3a5b9a3bc2c7a1e234a4387b9fb575890e516eebd349a177d7e4504f49a02a021a6cf30c47cb5778f03d3331df59f6546c1b2af93f616113172d3d7854b7238', '0x02f90176833018241d85012a05f2008512a05f2000830249f09471e67695db8bc44aa6bf2014142c42221967ee9880b901040cc7326300000000000000000000000000000000000000000000000000000000000000a00000000000000000000000000000000000000000000000100bd33fb98ba00000000000000000000000000000f98265aea01677961bff51685b04ee3a6139206f00000000000000000000000065d08a056c17ae13370565b04cf77d2afa1cb9fa00000000000000000000000000000000000000000000000000000000000000000000000000000000000000000000000000000000000000000000000000000002000000000000000000000000ac29373cbe03c88fb078488181f8a0650c58ca0800000000000000000000000024a9da1457f96c2b167d49377a776d302a5c4db3c001a04995fb7629e7661af205bc8725743a8aaff4ac9bda88bcd09bbd362461b3d142a05cd6584dc6733896455859c8fe45f82643deee1b86f52311e2669e75e587e2a9', '0x02f90176833018241e85012a05f2008512a05f2000830249f09471e67695db8bc44aa6bf2014142c42221967ee9880b901040cc7326300000000000000000000000000000000000000000000000000000000000000a00000000000000000000000000000000000000000000000068155a43676e0000000000000000000000000000085998f6c99833d1127301928248c97b6f168bdad00000000000000000000000065d08a056c17ae13370565b04cf77d2afa1cb9fa00000000000000000000000000000000000000000000000000000000000000000000000000000000000000000000000000000000000000000000000000000002000000000000000000000000ac29373cbe03c88fb078488181f8a0650c58ca0800000000000000000000000024a9da1457f96c2b167d49377a776d302a5c4db3c080a014f8888320dfa398c453d71199d5625d640afff85c9d32dd69f4467d896d5f79a018421ecfc2b491a417c310e6adbafe9e579e9554134960ecb668f886231bd993', '0x02f90176833018241f85012a05f2008512a05f2000830249f09471e67695db8bc44aa6bf2014142c42221967ee9880b901040cc7326300000000000000000000000000000000000000000000000000000000000000a000000000000000000000000000000000000000000000001bf8f0421d6590000000000000000000000000000085998f6c99833d1127301928248c97b6f168bdad00000000000000000000000065d08a056c17ae13370565b04cf77d2afa1cb9fa00000000000000000000000000000000000000000000000000000000000000000000000000000000000000000000000000000000000000000000000000000002000000000000000000000000ac29373cbe03c88fb078488181f8a0650c58ca0800000000000000000000000024a9da1457f96c2b167d49377a776d302a5c4db3c080a08f101fec1168d7a5229b0ae3ea1289cd05bf63564117d7abb12f102be4ebcc22a0721c48c2158ec40bca79b64b6b6f142ce7c5bea9b2e90bca84c2345e2b9b4a57', '0x02f90175833018242085012a05f2008512a05f2000830249f09471e67695db8bc44aa6bf2014142c42221967ee9880b901040cc7326300000000000000000000000000000000000000000000000000000000000000a0000000000000000000000000000000000000000000000000044b74410e8e18d4000000000000000000000000f98265aea01677961bff51685b04ee3a6139206f00000000000000000000000065d08a056c17ae13370565b04cf77d2afa1cb9fa0000000000000000000000000000000000000000000000000000000000000000000000000000000000000000000000000000000000000000000000000000000200000000000000000000000024a9da1457f96c2b167d49377a776d302a5c4db3000000000000000000000000ac29373cbe03c88fb078488181f8a0650c58ca08c080a0f64643a0720a7b23a52d772d20dca8cac8ef08dbdeb1bd5d411c954d318ccbb79fa6766d9d12180b9c5c3193e9c045fc12bf45888df98e1edd8d23398dc30f92', '0x02f90175833018242185012a05f2008512a05f2000830249f09471e67695db8bc44aa6bf2014142c42221967ee9880b901040cc7326300000000000000000000000000000000000000000000000000000000000000a00000000000000000000000000000000000000000000000000261e56caf8e81ac000000000000000000000000f98265aea01677961bff51685b04ee3a6139206f00000000000000000000000065d08a056c17ae13370565b04cf77d2afa1cb9fa0000000000000000000000000000000000000000000000000000000000000000000000000000000000000000000000000000000000000000000000000000000200000000000000000000000024a9da1457f96c2b167d49377a776d302a5c4db3000000000000000000000000ac29373cbe03c88fb078488181f8a0650c58ca08c0019f2e3c3455ae74ca3fda2d2a3c2976cbfbce15223a132e4084ba6eee65300689a01e305bbfa1e6cc37fd4cfadf9c760b864757b6dc14b85bde4428b3195b21edb6', '0x02f90176833018242285012a05f2008512a05f2000830249f09471e67695db8bc44aa6bf2014142c42221967ee9880b901040cc7326300000000000000000000000000000000000000000000000000000000000000a00000000000000000000000000000000000000000000000169b099aa3a9e40000000000000000000000000000f98265aea01677961bff51685b04ee3a6139206f00000000000000000000000065d08a056c17ae13370565b04cf77d2afa1cb9fa00000000000000000000000000000000000000000000000000000000000000000000000000000000000000000000000000000000000000000000000000000002000000000000000000000000ac29373cbe03c88fb078488181f8a0650c58ca0800000000000000000000000024a9da1457f96c2b167d49377a776d302a5c4db3c080a063925437fbf38f72cd0b9191518f1c8f69f9ac659d890a129074c3211d809bdfa01c1fb51e0a7a2b89084476c5a74b0729efe72c8c3a65427ea0aace12c5360cf7', '0x02f90176833018242385012a05f2008512a05f2000830249f09471e67695db8bc44aa6bf2014142c42221967ee9880b901040cc7326300000000000000000000000000000000000000000000000000000000000000a00000000000000000000000000000000000000000000000381b82a855c14c000000000000000000000000000085998f6c99833d1127301928248c97b6f168bdad00000000000000000000000065d08a056c17ae13370565b04cf77d2afa1cb9fa00000000000000000000000000000000000000000000000000000000000000000000000000000000000000000000000000000000000000000000000000000002000000000000000000000000ac29373cbe03c88fb078488181f8a0650c58ca0800000000000000000000000024a9da1457f96c2b167d49377a776d302a5c4db3c001a0e5a5d2662ae73dff7784460686a39844bf80346bb2ef24c3aa7ed06715b4bdcfa00856746af35635520ab77327c5e8154c65bfa784c0000cf48a249cfb3a62234e', '0x02f90176833018242485012a05f2008512a05f2000830249f09471e67695db8bc44aa6bf2014142c42221967ee9880b901040cc7326300000000000000000000000000000000000000000000000000000000000000a000000000000000000000000000000000000000000000000dfc78210eb2c80000000000000000000000000000f98265aea01677961bff51685b04ee3a6139206f00000000000000000000000065d08a056c17ae13370565b04cf77d2afa1cb9fa00000000000000000000000000000000000000000000000000000000000000000000000000000000000000000000000000000000000000000000000000000002000000000000000000000000ac29373cbe03c88fb078488181f8a0650c58ca0800000000000000000000000024a9da1457f96c2b167d49377a776d302a5c4db3c001a05e860ef6d37447668dd40244ab229d580890ad56ad0fd5598b6399b345013303a07196962e4e0ddbd3a0fa2b33cf00752aff451339cf8ca41731c4026a5331924d', '0x02f90176833018242585012a05f2008512a05f2000830249f09471e67695db8bc44aa6bf2014142c42221967ee9880b901040cc7326300000000000000000000000000000000000000000000000000000000000000a0000000000000000000000000000000000000000000000039d7997ecaadcc000000000000000000000000000085998f6c99833d1127301928248c97b6f168bdad00000000000000000000000065d08a056c17ae13370565b04cf77d2afa1cb9fa00000000000000000000000000000000000000000000000000000000000000000000000000000000000000000000000000000000000000000000000000000002000000000000000000000000ac29373cbe03c88fb078488181f8a0650c58ca0800000000000000000000000024a9da1457f96c2b167d49377a776d302a5c4db3c080a0cb858b2024646bd030580cb6b239183a2aafc2b29b914da3b3b67806c18ea53aa00633b1de8cea8646d0f0c793d43ac67a14ce610a4fcdc98948ff6c06642b1e9c'], withdrawals: [], blob_gas_used: 0, excess_blob_gas: 0}, blobs_bundle: {commitments: [], proofs: [], blobs: []}}
}
time="2024-12-06T21:04:11Z" level=info msg="known validators updated" datastoreMethod=RefreshKnownValidators durationFetchValidatorsMs=4 headSlot=67 headSlotPos=4 lastUpdateSlot=51 numKnownValidators=128 service=relay/api version=6fc57d1-dev
time="2024-12-06T21:04:11Z" level=debug msg="publishing block" blockHash=0x5aa50404f5123fb519e39d2bff1662bd6efa68bdc7c72569f13adf9e8a8448a2 component=beaconClient service=relay/api slot=70 uri="http://172.16.4.14:4000" version=6fc57d1-dev
time="2024-12-06T21:04:11Z" level=debug msg="publishing block" blockHash=0x5aa50404f5123fb519e39d2bff1662bd6efa68bdc7c72569f13adf9e8a8448a2 component=beaconClient service=relay/api slot=70 uri="http://172.16.4.15:4000" version=6fc57d1-dev
time="2024-12-06T21:04:11Z" level=debug msg="publishing block" blockHash=0x5aa50404f5123fb519e39d2bff1662bd6efa68bdc7c72569f13adf9e8a8448a2 component=beaconClient service=relay/api slot=70 uri="http://172.16.4.16:4000" version=6fc57d1-dev
time="2024-12-06T21:04:11Z" level=info msg="updated headSlot to 70" epoch=2 service=relay/api slotHead=70 slotStartNextEpoch=96 version=6fc57d1-dev
time="2024-12-06T21:04:11Z" level=debug msg="Updating builder cache with 1 builders from database" service=relay/api version=6fc57d1-dev
time="2024-12-06T21:04:11Z" level=info msg="payload attributes received for slot: 71" service=relay/api version=6fc57d1-dev
time="2024-12-06T21:04:11Z" level=info msg="updated payload attributes" headSlot=70 payloadAttrParent=0x5aa50404f5123fb519e39d2bff1662bd6efa68bdc7c72569f13adf9e8a8448a2 payloadAttrSlot=71 randao=0x2e40e50241fa23e0c1d0d7a9f7cc4169cbdaced649ea646260649f33a3c581d2 service=relay/api timestamp=1733519053 version=6fc57d1-dev withdrawalsRoot=0x792930bbd5baac43bcc798ee49aa8185ef76bb3b44ba62b91d86ae569e4bb535
time="2024-12-06T21:04:11Z" level=info msg="finished publish block request" beaconPublishURI="http://172.16.4.15:4000" beaconURI="http://172.16.4.15:4000" component=beaconInstance encodeDurationMs=1 payloadBytes=14946 publishContentType=json publishDurationMs=33 service=relay/api slot=70 version=6fc57d1-dev
time="2024-12-06T21:04:11Z" level=info msg="published block" beacon="http://172.16.4.15:4000" blockHash=0x5aa50404f5123fb519e39d2bff1662bd6efa68bdc7c72569f13adf9e8a8448a2 component=beaconClient service=relay/api slot=70 statusCode=200 version=6fc57d1-dev
time="2024-12-06T21:04:11Z" level=info msg="block published through beacon node" blockHash=0x5aa50404f5123fb519e39d2bff1662bd6efa68bdc7c72569f13adf9e8a8448a2 contentLength=3485 feeRecipient=0x8943545177806ED17B9F23F0a21ee5948eCaa776 headSlot=69 headSlotEpochPos=6 idArg= method=getPayload mevBoostV=v1.8.1 msIntoSlot=106 msNeededForPublishing=35 proposerIndex=36 proposerPubkey=0xa759f6bcca8f35fcaadc406cc4b828c016c0ed23882987a79f52f2933b5cedefe24e31df6fd0d38e8a802dbafd750d01 service=relay/api slot=70 slotEpochPos=7 slotStartSec=1733519051 timestampAfterAlreadyDeliveredCheck=1733519051115 timestampAfterDecode=1733519051106 timestampAfterLoadResponse=1733519051115 timestampAfterPublishing=1733519051150 timestampAfterSignatureVerify=1733519051108 timestampBeforePublishing=1733519051115 timestampRequestStart=1733519051105 ua="mev-boost/v1.8.1 Lighthouse/v5.3.0-2e0eb6d" version=6fc57d1-dev
time="2024-12-06T21:04:11Z" level=info msg="finished publish block request" beaconPublishURI="http://172.16.4.16:4000" beaconURI="http://172.16.4.16:4000" component=beaconInstance encodeDurationMs=1 payloadBytes=14946 publishContentType=json publishDurationMs=38 service=relay/api slot=70 version=6fc57d1-dev
time="2024-12-06T21:04:11Z" level=info msg="request initiated" cancellationEnabled=false contentLength=16346 headSlot=70 method=submitNewBlock service=relay/api timestampRequestStart=1733519051660 version=6fc57d1-dev
time="2024-12-06T21:04:11Z" level=info msg="block validation successful" blobGasUsed=0 blockHash=0x1598afdf8ce87ee8a30864ce6ada4eb1bb3e0c70bd10028dfe346016dec3ed65 builderIsHighPrio=false builderPubkey=0xaa1488eae4b06a1fff840a2b6db167afc520758dc2c8af0dfb57037954df3431b747e2f900fe8805f05d635e9a29717b cancellationEnabled=false contentLength=16346 durationMs=8 excessBlobGas=0 fastTrackValidation=false headSlot=70 isLargeRequest=false method=submitNewBlock newBidIsTopBid=true numBlobs=0 numTx=61 numWaiting=0 parentHash=0x5aa50404f5123fb519e39d2bff1662bd6efa68bdc7c72569f13adf9e8a8448a2 payloadBytes=16346 proposerPubkey=0x986a201d308cce68d381d103680725fbce0fd9f618de12d371fd5c909049ba3081de693de9e0560364c201505b2fabaa reqContentType=json reqIsGzip=false service=relay/api slot=71 timestampAfterCheckingFloorBid=1733519051663 timestampAfterCheckingTopBid=1733519051663 timestampAfterDecoding=1733519051661 timestampAfterSignatureCheck=1733519051663 timestampBeforeCheckingFloorBid=1733519051663 timestampBeforeCheckingTopBid=1733519051663 timestampBeforeSignatureCheck=1733519051661 timestampBeforeValidation=1733519051663 timestampRequestStart=1733519051660 topBidValue=0 value=1895695660047000 version=6fc57d1-dev
time="2024-12-06T21:04:11Z" level=info msg="received block from builder" blobGasUsed=0 blockHash=0x1598afdf8ce87ee8a30864ce6ada4eb1bb3e0c70bd10028dfe346016dec3ed65 builderIsHighPrio=false builderPubkey=0xaa1488eae4b06a1fff840a2b6db167afc520758dc2c8af0dfb57037954df3431b747e2f900fe8805f05d635e9a29717b cancellationEnabled=false contentLength=16346 excessBlobGas=0 fastTrackValidation=false headSlot=70 isLargeRequest=false method=submitNewBlock newBidIsTopBid=true numBlobs=0 numTx=61 parentHash=0x5aa50404f5123fb519e39d2bff1662bd6efa68bdc7c72569f13adf9e8a8448a2 payloadBytes=16346 prevTopBidValue=0 profileDecodeUs=735 profilePrechecksUs=1888 profileRedisSavePayloadUs=39 profileRedisUpdateFloorUs=78 profileRedisUpdateTopBidUs=195 profileRedisUs=1577 profileSimUs=8412 profileTotalUs=12765 proposerPubkey=0x986a201d308cce68d381d103680725fbce0fd9f618de12d371fd5c909049ba3081de693de9e0560364c201505b2fabaa reqContentType=json reqIsGzip=false service=relay/api slot=71 timestampAfterBidUpdate=1733519051673 timestampAfterCheckingFloorBid=1733519051663 timestampAfterCheckingTopBid=1733519051663 timestampAfterDecoding=1733519051661 timestampAfterSignatureCheck=1733519051663 timestampAfterValidation=1733519051672 timestampBeforeCheckingFloorBid=1733519051663 timestampBeforeCheckingTopBid=1733519051663 timestampBeforeSignatureCheck=1733519051661 timestampBeforeValidation=1733519051663 timestampEligibleAt=1733519051673 timestampRequestStart=1733519051660 topBidValue=1895695660047000 validationDurationMs=8 value=1895695660047000 version=6fc57d1-dev wasBidSavedInRedis=true wasTopBidUpdated=true
time="2024-12-06T21:04:11Z" level=info msg="request finished" blobGasUsed=0 blockHash=0x1598afdf8ce87ee8a30864ce6ada4eb1bb3e0c70bd10028dfe346016dec3ed65 builderIsHighPrio=false builderPubkey=0xaa1488eae4b06a1fff840a2b6db167afc520758dc2c8af0dfb57037954df3431b747e2f900fe8805f05d635e9a29717b cancellationEnabled=false contentLength=16346 excessBlobGas=0 fastTrackValidation=false headSlot=70 isLargeRequest=false method=submitNewBlock newBidIsTopBid=true numBlobs=0 numTx=61 parentHash=0x5aa50404f5123fb519e39d2bff1662bd6efa68bdc7c72569f13adf9e8a8448a2 payloadBytes=16346 prevTopBidValue=0 profileRedisSavePayloadUs=39 profileRedisUpdateFloorUs=78 profileRedisUpdateTopBidUs=195 proposerPubkey=0x986a201d308cce68d381d103680725fbce0fd9f618de12d371fd5c909049ba3081de693de9e0560364c201505b2fabaa reqContentType=json reqIsGzip=false requestDurationMs=19 service=relay/api slot=71 timestampAfterBidUpdate=1733519051673 timestampAfterCheckingFloorBid=1733519051663 timestampAfterCheckingTopBid=1733519051663 timestampAfterDecoding=1733519051661 timestampAfterSignatureCheck=1733519051663 timestampAfterValidation=1733519051672 timestampBeforeCheckingFloorBid=1733519051663 timestampBeforeCheckingTopBid=1733519051663 timestampBeforeSignatureCheck=1733519051661 timestampBeforeValidation=1733519051663 timestampEligibleAt=1733519051673 timestampRequestFin=1733519051680 timestampRequestStart=1733519051660 topBidValue=1895695660047000 validationDurationMs=8 value=1895695660047000 version=6fc57d1-dev wasBidSavedInRedis=true wasTopBidUpdated=true
time="2024-12-06T21:04:11Z" level=info msg="http: POST /relay/v1/builder/blocks 200" duration=0.019942 method=POST path=/relay/v1/builder/blocks service=relay/api status=200 version=6fc57d1-dev
time="2024-12-06T21:04:12Z" level=info msg="execution payload delivered" blobGasUsed=0 blockHash=0x5aa50404f5123fb519e39d2bff1662bd6efa68bdc7c72569f13adf9e8a8448a2 blockNumber=70 contentLength=3485 excessBlobGas=0 feeRecipient=0x8943545177806ED17B9F23F0a21ee5948eCaa776 headSlot=69 headSlotEpochPos=6 idArg= method=getPayload mevBoostV=v1.8.1 msIntoSlot=106 numBlobs=0 numTx=27 proposerIndex=36 proposerPubkey=0xa759f6bcca8f35fcaadc406cc4b828c016c0ed23882987a79f52f2933b5cedefe24e31df6fd0d38e8a802dbafd750d01 service=relay/api slot=70 slotEpochPos=7 slotStartSec=1733519051 timestampAfterAlreadyDeliveredCheck=1733519051115 timestampAfterDecode=1733519051106 timestampAfterLoadResponse=1733519051115 timestampAfterPublishing=1733519051150 timestampAfterSignatureVerify=1733519051108 timestampBeforePublishing=1733519051115 timestampRequestStart=1733519051105 ua="mev-boost/v1.8.1 Lighthouse/v5.3.0-2e0eb6d" version=6fc57d1-dev
time="2024-12-06T21:04:12Z" level=info msg="failed to get bidTrace for delivered payload from redis" blobGasUsed=0 blockHash=0x5aa50404f5123fb519e39d2bff1662bd6efa68bdc7c72569f13adf9e8a8448a2 blockNumber=70 contentLength=3485 error="redis: nil" excessBlobGas=0 feeRecipient=0x8943545177806ED17B9F23F0a21ee5948eCaa776 headSlot=69 headSlotEpochPos=6 idArg= method=getPayload mevBoostV=v1.8.1 msIntoSlot=106 numBlobs=0 numTx=27 proposerIndex=36 proposerPubkey=0xa759f6bcca8f35fcaadc406cc4b828c016c0ed23882987a79f52f2933b5cedefe24e31df6fd0d38e8a802dbafd750d01 service=relay/api slot=70 slotEpochPos=7 slotStartSec=1733519051 timestampAfterAlreadyDeliveredCheck=1733519051115 timestampAfterDecode=1733519051106 timestampAfterLoadResponse=1733519051115 timestampAfterPublishing=1733519051150 timestampAfterSignatureVerify=1733519051108 timestampBeforePublishing=1733519051115 timestampRequestStart=1733519051105 ua="mev-boost/v1.8.1 Lighthouse/v5.3.0-2e0eb6d" version=6fc57d1-dev
time="2024-12-06T21:04:12Z" level=info msg="request finished" blobGasUsed=0 blockHash=0x5aa50404f5123fb519e39d2bff1662bd6efa68bdc7c72569f13adf9e8a8448a2 blockNumber=70 contentLength=3485 excessBlobGas=0 feeRecipient=0x8943545177806ED17B9F23F0a21ee5948eCaa776 headSlot=69 headSlotEpochPos=6 idArg= method=getPayload mevBoostV=v1.8.1 msIntoSlot=106 numBlobs=0 numTx=27 proposerIndex=36 proposerPubkey=0xa759f6bcca8f35fcaadc406cc4b828c016c0ed23882987a79f52f2933b5cedefe24e31df6fd0d38e8a802dbafd750d01 requestDurationMs=1047 service=relay/api slot=70 slotEpochPos=7 slotStartSec=1733519051 timestampAfterAlreadyDeliveredCheck=1733519051115 timestampAfterDecode=1733519051106 timestampAfterLoadResponse=1733519051115 timestampAfterPublishing=1733519051150 timestampAfterSignatureVerify=1733519051108 timestampBeforePublishing=1733519051115 timestampRequestFin=1733519052153 timestampRequestStart=1733519051105 ua="mev-boost/v1.8.1 Lighthouse/v5.3.0-2e0eb6d" version=6fc57d1-dev
time="2024-12-06T21:04:12Z" level=info msg="http: POST /eth/v1/builder/blinded_blocks 200" duration=1.047998 method=POST path=/eth/v1/builder/blinded_blocks service=relay/api status=200 version=6fc57d1-dev
time="2024-12-06T21:04:12Z" level=info msg="request initiated" cancellationEnabled=false contentLength=21938 headSlot=70 method=submitNewBlock service=relay/api timestampRequestStart=1733519052165 version=6fc57d1-dev
time="2024-12-06T21:04:12Z" level=info msg="block validation successful" blobGasUsed=0 blockHash=0x3e56fb594c5df4ab63122d82eb1b6408d3e94bf4c0787a70c4f5cfa523852492 builderIsHighPrio=false builderPubkey=0xaa1488eae4b06a1fff840a2b6db167afc520758dc2c8af0dfb57037954df3431b747e2f900fe8805f05d635e9a29717b cancellationEnabled=false contentLength=21938 durationMs=21 excessBlobGas=0 fastTrackValidation=false headSlot=70 isLargeRequest=false method=submitNewBlock newBidIsTopBid=true numBlobs=0 numTx=85 numWaiting=0 parentHash=0x5aa50404f5123fb519e39d2bff1662bd6efa68bdc7c72569f13adf9e8a8448a2 payloadBytes=21938 proposerPubkey=0x986a201d308cce68d381d103680725fbce0fd9f618de12d371fd5c909049ba3081de693de9e0560364c201505b2fabaa reqContentType=json reqIsGzip=false service=relay/api slot=71 timestampAfterCheckingFloorBid=1733519052170 timestampAfterCheckingTopBid=1733519052170 timestampAfterDecoding=1733519052166 timestampAfterSignatureCheck=1733519052169 timestampBeforeCheckingFloorBid=1733519052169 timestampBeforeCheckingTopBid=1733519052170 timestampBeforeSignatureCheck=1733519052167 timestampBeforeValidation=1733519052170 timestampRequestStart=1733519052165 topBidValue=1895695660047000 value=2653975475319000 version=6fc57d1-dev
time="2024-12-06T21:04:12Z" level=info msg="finished publish block request" beaconPublishURI="http://172.16.4.14:4000" beaconURI="http://172.16.4.14:4000" component=beaconInstance encodeDurationMs=1 payloadBytes=14946 publishContentType=json publishDurationMs=1076 service=relay/api slot=70 version=6fc57d1-dev
time="2024-12-06T21:04:12Z" level=info msg="received block from builder" blobGasUsed=0 blockHash=0x3e56fb594c5df4ab63122d82eb1b6408d3e94bf4c0787a70c4f5cfa523852492 builderIsHighPrio=false builderPubkey=0xaa1488eae4b06a1fff840a2b6db167afc520758dc2c8af0dfb57037954df3431b747e2f900fe8805f05d635e9a29717b cancellationEnabled=false contentLength=21938 excessBlobGas=0 fastTrackValidation=false headSlot=70 isLargeRequest=false method=submitNewBlock newBidIsTopBid=true numBlobs=0 numTx=85 parentHash=0x5aa50404f5123fb519e39d2bff1662bd6efa68bdc7c72569f13adf9e8a8448a2 payloadBytes=21938 prevTopBidValue=1895695660047000 profileDecodeUs=1310 profilePrechecksUs=3386 profileRedisSavePayloadUs=106 profileRedisUpdateFloorUs=100 profileRedisUpdateTopBidUs=712 profileRedisUs=4104 profileSimUs=22077 profileTotalUs=31295 proposerPubkey=0x986a201d308cce68d381d103680725fbce0fd9f618de12d371fd5c909049ba3081de693de9e0560364c201505b2fabaa reqContentType=json reqIsGzip=false service=relay/api slot=71 timestampAfterBidUpdate=1733519052196 timestampAfterCheckingFloorBid=1733519052170 timestampAfterCheckingTopBid=1733519052170 timestampAfterDecoding=1733519052166 timestampAfterSignatureCheck=1733519052169 timestampAfterValidation=1733519052192 timestampBeforeCheckingFloorBid=1733519052169 timestampBeforeCheckingTopBid=1733519052170 timestampBeforeSignatureCheck=1733519052167 timestampBeforeValidation=1733519052170 timestampEligibleAt=1733519052196 timestampRequestStart=1733519052165 topBidValue=2653975475319000 validationDurationMs=22 value=2653975475319000 version=6fc57d1-dev wasBidSavedInRedis=true wasTopBidUpdated=true
time="2024-12-06T21:04:12Z" level=info msg="request finished" blobGasUsed=0 blockHash=0x3e56fb594c5df4ab63122d82eb1b6408d3e94bf4c0787a70c4f5cfa523852492 builderIsHighPrio=false builderPubkey=0xaa1488eae4b06a1fff840a2b6db167afc520758dc2c8af0dfb57037954df3431b747e2f900fe8805f05d635e9a29717b cancellationEnabled=false contentLength=21938 excessBlobGas=0 fastTrackValidation=false headSlot=70 isLargeRequest=false method=submitNewBlock newBidIsTopBid=true numBlobs=0 numTx=85 parentHash=0x5aa50404f5123fb519e39d2bff1662bd6efa68bdc7c72569f13adf9e8a8448a2 payloadBytes=21938 prevTopBidValue=1895695660047000 profileRedisSavePayloadUs=106 profileRedisUpdateFloorUs=100 profileRedisUpdateTopBidUs=712 proposerPubkey=0x986a201d308cce68d381d103680725fbce0fd9f618de12d371fd5c909049ba3081de693de9e0560364c201505b2fabaa reqContentType=json reqIsGzip=false requestDurationMs=39 service=relay/api slot=71 timestampAfterBidUpdate=1733519052196 timestampAfterCheckingFloorBid=1733519052170 timestampAfterCheckingTopBid=1733519052170 timestampAfterDecoding=1733519052166 timestampAfterSignatureCheck=1733519052169 timestampAfterValidation=1733519052192 timestampBeforeCheckingFloorBid=1733519052169 timestampBeforeCheckingTopBid=1733519052170 timestampBeforeSignatureCheck=1733519052167 timestampBeforeValidation=1733519052170 timestampEligibleAt=1733519052196 timestampRequestFin=1733519052204 timestampRequestStart=1733519052165 topBidValue=2653975475319000 validationDurationMs=22 value=2653975475319000 version=6fc57d1-dev wasBidSavedInRedis=true wasTopBidUpdated=true
time="2024-12-06T21:04:12Z" level=info msg="http: POST /relay/v1/builder/blocks 200" duration=0.039685 method=POST path=/relay/v1/builder/blocks service=relay/api status=200 version=6fc57d1-dev
time="2024-12-06T21:04:12Z" level=info msg="request initiated" cancellationEnabled=false contentLength=27713 headSlot=70 method=submitNewBlock service=relay/api timestampRequestStart=1733519052666 version=6fc57d1-dev
time="2024-12-06T21:04:12Z" level=info msg="block validation successful" blobGasUsed=0 blockHash=0xa18a285fcfdc6f7450b574b2d0a922f93339abbbb30cda4d582978de6c2204bb builderIsHighPrio=false builderPubkey=0xaa1488eae4b06a1fff840a2b6db167afc520758dc2c8af0dfb57037954df3431b747e2f900fe8805f05d635e9a29717b cancellationEnabled=false contentLength=27713 durationMs=29 excessBlobGas=0 fastTrackValidation=false headSlot=70 isLargeRequest=false method=submitNewBlock newBidIsTopBid=true numBlobs=0 numTx=110 numWaiting=0 parentHash=0x5aa50404f5123fb519e39d2bff1662bd6efa68bdc7c72569f13adf9e8a8448a2 payloadBytes=27713 proposerPubkey=0x986a201d308cce68d381d103680725fbce0fd9f618de12d371fd5c909049ba3081de693de9e0560364c201505b2fabaa reqContentType=json reqIsGzip=false service=relay/api slot=71 timestampAfterCheckingFloorBid=1733519052672 timestampAfterCheckingTopBid=1733519052673 timestampAfterDecoding=1733519052669 timestampAfterSignatureCheck=1733519052671 timestampBeforeCheckingFloorBid=1733519052671 timestampBeforeCheckingTopBid=1733519052672 timestampBeforeSignatureCheck=1733519052669 timestampBeforeValidation=1733519052673 timestampRequestStart=1733519052666 topBidValue=2653975475319000 value=3443834678319000 version=6fc57d1-dev
time="2024-12-06T21:04:12Z" level=info msg="received block from builder" blobGasUsed=0 blockHash=0xa18a285fcfdc6f7450b574b2d0a922f93339abbbb30cda4d582978de6c2204bb builderIsHighPrio=false builderPubkey=0xaa1488eae4b06a1fff840a2b6db167afc520758dc2c8af0dfb57037954df3431b747e2f900fe8805f05d635e9a29717b cancellationEnabled=false contentLength=27713 excessBlobGas=0 fastTrackValidation=false headSlot=70 isLargeRequest=false method=submitNewBlock newBidIsTopBid=true numBlobs=0 numTx=110 parentHash=0x5aa50404f5123fb519e39d2bff1662bd6efa68bdc7c72569f13adf9e8a8448a2 payloadBytes=27713 prevTopBidValue=2653975475319000 profileDecodeUs=1684 profilePrechecksUs=4031 profileRedisSavePayloadUs=21 profileRedisUpdateFloorUs=123 profileRedisUpdateTopBidUs=321 profileRedisUs=2682 profileSimUs=30174 profileTotalUs=39230 proposerPubkey=0x986a201d308cce68d381d103680725fbce0fd9f618de12d371fd5c909049ba3081de693de9e0560364c201505b2fabaa reqContentType=json reqIsGzip=false service=relay/api slot=71 timestampAfterBidUpdate=1733519052705 timestampAfterCheckingFloorBid=1733519052672 timestampAfterCheckingTopBid=1733519052673 timestampAfterDecoding=1733519052669 timestampAfterSignatureCheck=1733519052671 timestampAfterValidation=1733519052703 timestampBeforeCheckingFloorBid=1733519052671 timestampBeforeCheckingTopBid=1733519052672 timestampBeforeSignatureCheck=1733519052669 timestampBeforeValidation=1733519052673 timestampEligibleAt=1733519052705 timestampRequestStart=1733519052666 topBidValue=3443834678319000 validationDurationMs=30 value=3443834678319000 version=6fc57d1-dev wasBidSavedInRedis=true wasTopBidUpdated=true
time="2024-12-06T21:04:12Z" level=info msg="request finished" blobGasUsed=0 blockHash=0xa18a285fcfdc6f7450b574b2d0a922f93339abbbb30cda4d582978de6c2204bb builderIsHighPrio=false builderPubkey=0xaa1488eae4b06a1fff840a2b6db167afc520758dc2c8af0dfb57037954df3431b747e2f900fe8805f05d635e9a29717b cancellationEnabled=false contentLength=27713 excessBlobGas=0 fastTrackValidation=false headSlot=70 isLargeRequest=false method=submitNewBlock newBidIsTopBid=true numBlobs=0 numTx=110 parentHash=0x5aa50404f5123fb519e39d2bff1662bd6efa68bdc7c72569f13adf9e8a8448a2 payloadBytes=27713 prevTopBidValue=2653975475319000 profileRedisSavePayloadUs=21 profileRedisUpdateFloorUs=123 profileRedisUpdateTopBidUs=321 proposerPubkey=0x986a201d308cce68d381d103680725fbce0fd9f618de12d371fd5c909049ba3081de693de9e0560364c201505b2fabaa reqContentType=json reqIsGzip=false requestDurationMs=52 service=relay/api slot=71 timestampAfterBidUpdate=1733519052705 timestampAfterCheckingFloorBid=1733519052672 timestampAfterCheckingTopBid=1733519052673 timestampAfterDecoding=1733519052669 timestampAfterSignatureCheck=1733519052671 timestampAfterValidation=1733519052703 timestampBeforeCheckingFloorBid=1733519052671 timestampBeforeCheckingTopBid=1733519052672 timestampBeforeSignatureCheck=1733519052669 timestampBeforeValidation=1733519052673 timestampEligibleAt=1733519052705 timestampRequestFin=1733519052719 timestampRequestStart=1733519052666 topBidValue=3443834678319000 validationDurationMs=30 value=3443834678319000 version=6fc57d1-dev wasBidSavedInRedis=true wasTopBidUpdated=true
time="2024-12-06T21:04:12Z" level=info msg="http: POST /relay/v1/builder/blocks 200" duration=0.052795 method=POST path=/relay/v1/builder/blocks service=relay/api status=200 version=6fc57d1-dev
time="2024-12-06T21:04:13Z" level=info msg="payload attributes received for slot: 72" service=relay/api version=6fc57d1-dev
time="2024-12-06T21:04:13Z" level=info msg="updated payload attributes" headSlot=70 payloadAttrParent=0x5aa50404f5123fb519e39d2bff1662bd6efa68bdc7c72569f13adf9e8a8448a2 payloadAttrSlot=72 randao=0x2e40e50241fa23e0c1d0d7a9f7cc4169cbdaced649ea646260649f33a3c581d2 service=relay/api timestamp=1733519055 version=6fc57d1-dev withdrawalsRoot=0x792930bbd5baac43bcc798ee49aa8185ef76bb3b44ba62b91d86ae569e4bb535
time="2024-12-06T21:04:13Z" level=debug msg="getHeader request received" headSlot=70 method=getHeader mevBoostV=v1.8.1 msIntoSlot=10 parentHash=0x5aa50404f5123fb519e39d2bff1662bd6efa68bdc7c72569f13adf9e8a8448a2 pubkey=0x986a201d308cce68d381d103680725fbce0fd9f618de12d371fd5c909049ba3081de693de9e0560364c201505b2fabaa requestTimestamp=1733519053 service=relay/api slot=71 slotStartSec=1733519053 ua="mev-boost/v1.8.1 Lighthouse/v5.3.0-2e0eb6d" version=6fc57d1-dev
time="2024-12-06T21:04:13Z" level=debug msg="getPayload response from redis" datastoreMethod=GetGetPayloadResponse headSlot=70 method=getHeader mevBoostV=v1.8.1 msIntoSlot=10 parentHash=0x5aa50404f5123fb519e39d2bff1662bd6efa68bdc7c72569f13adf9e8a8448a2 pubkey=0x986a201d308cce68d381d103680725fbce0fd9f618de12d371fd5c909049ba3081de693de9e0560364c201505b2fabaa requestTimestamp=1733519053 service=relay/api slot=71 slotStartSec=1733519053 ua="mev-boost/v1.8.1 Lighthouse/v5.3.0-2e0eb6d" version=6fc57d1-dev
time="2024-12-06T21:04:13Z" level=info msg="parent beacon root found in payload attributes" service=relay/api version=6fc57d1-dev
time="2024-12-06T21:04:13Z" level=info msg="enrich block response received / responseuuid:\"74e3183b-f31e-47de-b740-7a3d70994f3c\" executionPayloadHeader:{ParentHash:\"Z\\xa5\\x04\\x04\\xf5\\x12?\\xb5\\x19\\xe3\\x9d+\\xff\\x16b\\xbdn\\xfah\\xbd\\xc7\\xc7%i\\xf1:ߞ\\x8a\\x84H\\xa2\" StateRoot:\"%\\x01\\xbe\\x84\\xa0-Nj\\xde\\xe2C\\x9a\\xf3\\xf6gL3\\x04\\xc1C\\xf5\\xf3\\xe0\\xdaH\\u0084\\xd8Tu\\xc7_\" ReceiptsRoot:\"\\xc9u\\xdc|Y\\xcc%\\xfb\\x98O[\\u0096\\\"Y\\xce\\xe9\\xa3z\\xd2V\\xe4&\\x98JG{\\x80\\xde\\xca\\n\\xe1\" LogsBloom:\"@ \\x00\\x00\\x00\\x00\\x00\\x00\\x00\\x00\\x00\\x00\\x80\\x00\\x00\\x00\\x00\\x00\\x00\\x00\\x00\\x01\\x00\\x00\\x01\\x00\\x00\\x00\\x00@\\x08\\x00\\x00\\x00\\x00\\x00\\x00\\x02\\x80\\x00\\x00\\x00\\x00\\x00\\x00\\x00 \\x00\\x00\\x80\\x00\\x00\\x00\\x00\\x00\\x00\\x00\\x00\\x00\\x00 \\x00\\x00\\x00\\x00\\x00\\x00\\x00\\x00\\x00\\x00\\x00\\x00\\x00 \\x08\\x00\\x00\\x00 \\x00\\x00\\x00\\x00\\x08\\x00\\x00\\x00\\x00\\x02\\x00\\x00\\x08\\x00\\x00\\x00\\x00\\x00\\x00\\x00\\x00 \\x00\\x00\\x08\\x00\\x00\\x00\\x10\\x00\\x00\\x00\\x00\\x00\\x00\\x00\\x00\\x00\\x00\\x00\\x00\\x00\\x00\\x10\\x00\\x00\\x00\\x00\\x00\\x00\\x00\\x00\\x00\\x00\\x00\\x00\\x00\\x10\\x00\\x00\\x00\\x00\\x00\\x00\\x00\\x00\\x00\\x00\\x00\\x00\\x00\\x08\\x00\\x00\\x00@\\x00\\x02\\x00\\x00\\x00\\x00\\x00\\x00\\x00\\x00\\x04\\x00\\x00\\x00\\x00\\x00\\x00\\x00\\x00@\\x00\\x00\\x00\\x00\\x00\\x00\\x00\\x02\\x00\\x00\\x00\\x00\\x00\\x00\\x00\\x00\\x00\\x00\\x10\\x02\\x00\\x00\\x00\\x00\\x00\\x00\\x00\\x00\\x00\\x00\\x00\\x00\\x00\\x00\\x00 \\x00\\x00\\x00\\x10\\x00\\x00\\x00\\x00\\x00\\x00\\x00\\x00\\x00\\x00\\x00\\x00\\x00\\x00\\x00\\x00\\x00\\x00\\x00\\x00\\x00\\x00\\x00\\x00\\x00\\x00\\x00\\x00\\x00\\x00\\x00\\x00\\x00\\x00\\x00\\x00\\x00\\x00\\x00\\x00\" PrevRandao:\".@\\xe5\\x02A\\xfa#\\xe0\\xc1\\xd0ש\\xf7\\xccAi\\xcb\\xda\\xce\\xd6I\\xeadb`d\\x9f3\\xa3Ł\\xd2\" ExtraData:\"Illuminate Dmocratize Dstribute\" BaseFeePerGas:\"\\x02\\xd1a\" FeeRecipient:\"\\x89CTQw\\x80n\\xd1{\\x9f#\\xf0\\xa2\\x1e唎ʧv\" BlockHash:\"\\xf6\\rɓ߷\\xce\\xf0\\x0cA\\xdb\\x0b\\xaf\\xe1\\xfc\\xb6\\xb6\\xa7Jo\\xc7\\x1f:\\xb96֩y1e\\x1c\\x1e\" TransactionsRoot:\"<D\\x91\\x94D\\xa6\\xf0 n2\\xeaV\\xe2\\xb2˂\\xe1q/\\xf0\\x8d\\xaeT/\\x96\\xb8\\xaaIn\\xf25\\x05\" WithdrawalsRoot:\"y)0\\xbbպ\\xacC\\xbcǘ\\xeeI\\xaa\\x81\\x85\\xefv\\xbb;D\\xbab\\xb9\\x1d\\x86\\xaeV\\x9eK\\xb55\" BlockNumber:71 GasLimit:26793891 Timestamp:1733519053 GasUsed:2718054} value:5484104678319000" service=relay/api version=6fc57d1-dev
time="2024-12-06T21:04:13Z" level=info msg="bid enriched with PROF" service=relay/api value=5484104678319000 version=6fc57d1-dev
time="2024-12-06T21:04:13Z" level=info msg="SUCCESS: bid enriched with PROF" enrichedHeader="{[90 165 4 4 245 18 63 181 25 227 157 43 255 22 98 189 110 250 104 189 199 199 37 105 241 58 223 158 138 132 72 162] [137 67 84 81 119 128 110 209 123 159 35 240 162 30 229 148 142 202 167 118] [37 1 190 132 160 45 78 106 222 226 67 154 243 246 103 76 51 4 193 67 245 243 224 218 72 194 132 216 84 117 199 95] [201 117 220 124 89 204 37 251 152 79 91 194 150 34 89 206 233 163 122 210 86 228 38 152 74 71 123 128 222 202 10 225] [64 32 0 0 0 0 0 0 0 0 0 0 128 0 0 0 0 0 0 0 0 1 0 0 1 0 0 0 0 64 8 0 0 0 0 0 0 2 128 0 0 0 0 0 0 0 32 0 0 128 0 0 0 0 0 0 0 0 0 0 32 0 0 0 0 0 0 0 0 0 0 0 0 0 32 8 0 0 0 32 0 0 0 0 8 0 0 0 0 2 0 0 8 0 0 0 0 0 0 0 0 32 0 0 8 0 0 0 16 0 0 0 0 0 0 0 0 0 0 0 0 0 0 16 0 0 0 0 0 0 0 0 0 0 0 0 0 16 0 0 0 0 0 0 0 0 0 0 0 0 0 8 0 0 0 64 0 2 0 0 0 0 0 0 0 0 4 0 0 0 0 0 0 0 0 64 0 0 0 0 0 0 0 2 0 0 0 0 0 0 0 0 0 0 16 2 0 0 0 0 0 0 0 0 0 0 0 0 0 0 0 32 0 0 0 16 0 0 0 0 0 0 0 0 0 0 0 0 0 0 0 0 0 0 0 0 0 0 0 0 0 0 0 0 0 0 0 0 0 0 0 0 0 0 0 0] [46 64 229 2 65 250 35 224 193 208 215 169 247 204 65 105 203 218 206 214 73 234 100 98 96 100 159 51 163 197 129 210] 71 26793891 2718054 1733519053 [73 108 108 117 109 105 110 97 116 101 32 68 109 111 99 114 97 116 105 122 101 32 68 115 116 114 105 98 117 116 101] 184673 [246 13 201 147 223 183 206 240 12 65 219 11 175 225 252 182 182 167 74 111 199 31 58 185 54 214 169 121 49 101 28 30] [60 68 145 148 68 166 240 32 110 50 234 86 226 178 203 130 225 113 47 240 141 174 84 47 150 184 170 73 110 242 53 5] [121 41 48 187 213 186 172 67 188 199 152 238 73 170 129 133 239 118 187 59 68 186 98 185 29 134 174 86 158 75 181 53] 0 0}" headSlot=70 method=getHeader mevBoostV=v1.8.1 msIntoSlot=10 parentHash=0x5aa50404f5123fb519e39d2bff1662bd6efa68bdc7c72569f13adf9e8a8448a2 pubkey=0x986a201d308cce68d381d103680725fbce0fd9f618de12d371fd5c909049ba3081de693de9e0560364c201505b2fabaa requestTimestamp=1733519053 service=relay/api slot=71 slotStartSec=1733519053 ua="mev-boost/v1.8.1 Lighthouse/v5.3.0-2e0eb6d" version=6fc57d1-dev
time="2024-12-06T21:04:13Z" level=info msg="TIME: bid enriched with PROF" enrichTime=75.816072ms headSlot=70 method=getHeader mevBoostV=v1.8.1 msIntoSlot=10 parentHash=0x5aa50404f5123fb519e39d2bff1662bd6efa68bdc7c72569f13adf9e8a8448a2 pubkey=0x986a201d308cce68d381d103680725fbce0fd9f618de12d371fd5c909049ba3081de693de9e0560364c201505b2fabaa requestTimestamp=1733519053 service=relay/api slot=71 slotStartSec=1733519053 ua="mev-boost/v1.8.1 Lighthouse/v5.3.0-2e0eb6d" version=6fc57d1-dev
time="2024-12-06T21:04:13Z" level=info msg="Original Bid" bid=3443834678319000 headSlot=70 method=getHeader mevBoostV=v1.8.1 msIntoSlot=10 parentHash=0x5aa50404f5123fb519e39d2bff1662bd6efa68bdc7c72569f13adf9e8a8448a2 pubkey=0x986a201d308cce68d381d103680725fbce0fd9f618de12d371fd5c909049ba3081de693de9e0560364c201505b2fabaa requestTimestamp=1733519053 service=relay/api slot=71 slotStartSec=1733519053 ua="mev-boost/v1.8.1 Lighthouse/v5.3.0-2e0eb6d" version=6fc57d1-dev
time="2024-12-06T21:04:13Z" level=info msg="Enriched Bid" enrichedBid=5484104678319000 headSlot=70 method=getHeader mevBoostV=v1.8.1 msIntoSlot=10 parentHash=0x5aa50404f5123fb519e39d2bff1662bd6efa68bdc7c72569f13adf9e8a8448a2 pubkey=0x986a201d308cce68d381d103680725fbce0fd9f618de12d371fd5c909049ba3081de693de9e0560364c201505b2fabaa requestTimestamp=1733519053 service=relay/api slot=71 slotStartSec=1733519053 ua="mev-boost/v1.8.1 Lighthouse/v5.3.0-2e0eb6d" version=6fc57d1-dev
time="2024-12-06T21:04:13Z" level=info msg="http: GET /eth/v1/builder/header/71/0x5aa50404f5123fb519e39d2bff1662bd6efa68bdc7c72569f13adf9e8a8448a2/0x986a201d308cce68d381d103680725fbce0fd9f618de12d371fd5c909049ba3081de693de9e0560364c201505b2fabaa 200" duration=0.079703 method=GET path=/eth/v1/builder/header/71/0x5aa50404f5123fb519e39d2bff1662bd6efa68bdc7c72569f13adf9e8a8448a2/0x986a201d308cce68d381d103680725fbce0fd9f618de12d371fd5c909049ba3081de693de9e0560364c201505b2fabaa service=relay/api status=200 version=6fc57d1-dev
time="2024-12-06T21:04:13Z" level=info msg="request initiated --> handleGetPayload" contentLength=3485 headSlot=70 headSlotEpochPos=7 idArg= method=getPayload mevBoostV=v1.8.1 service=relay/api timestampRequestStart=1733519053195 ua="mev-boost/v1.8.1 Lighthouse/v5.3.0-2e0eb6d" version=6fc57d1-dev
time="2024-12-06T21:04:13Z" level=info msg="getPayload request received" blockHash=0xf60dc993dfb7cef00c41db0bafe1fcb6b6a74a6fc71f3ab936d6a97931651c1e contentLength=3485 feeRecipient=0x8943545177806ED17B9F23F0a21ee5948eCaa776 headSlot=70 headSlotEpochPos=7 idArg= method=getPayload mevBoostV=v1.8.1 msIntoSlot=196 proposerIndex=95 proposerPubkey=0x986a201d308cce68d381d103680725fbce0fd9f618de12d371fd5c909049ba3081de693de9e0560364c201505b2fabaa service=relay/api slot=71 slotEpochPos=8 slotStartSec=1733519053 timestampAfterDecode=1733519053196 timestampAfterSignatureVerify=1733519053198 timestampRequestStart=1733519053195 ua="mev-boost/v1.8.1 Lighthouse/v5.3.0-2e0eb6d" version=6fc57d1-dev
getPayloadFromProf called!!!
getPayloadResponse returning payload from bundle merger: &{Version:deneb Bellatrix:null
 Capella:null
 Deneb:{execution_payload: {parent_hash: '0x5aa50404f5123fb519e39d2bff1662bd6efa68bdc7c72569f13adf9e8a8448a2', fee_recipient: '0x8943545177806ED17B9F23F0a21ee5948eCaa776', state_root: '0x2501be84a02d4e6adee2439af3f6674c3304c143f5f3e0da48c284d85475c75f', receipts_root: '0xc975dc7c59cc25fb984f5bc2962259cee9a37ad256e426984a477b80deca0ae1', logs_bloom: '0x40200000000000000000000080000000000000000001000001000000004008000000000000028000000000000000200000800000000000000000000020000000000000000000000000002008000000200000000008000000000200000800000000000000002000000800000010000000000000000000000000000010000000000000000000000000001000000000000000000000000000080000004000020000000000000000040000000000000000400000000000000002000000000000000000001002000000000000000000000000000000200000001000000000000000000000000000000000000000000000000000000000000000000000000000000000', prev_randao: '0x2e40e50241fa23e0c1d0d7a9f7cc4169cbdaced649ea646260649f33a3c581d2', block_number: 71, gas_limit: 26793891, gas_used: 2718054, timestamp: 1733519053, extra_data: '0x496c6c756d696e61746520446d6f63726174697a6520447374726962757465', base_fee_per_gas: '184673', block_hash: '0xf60dc993dfb7cef00c41db0bafe1fcb6b6a74a6fc71f3ab936d6a97931651c1e', transactions: ['0xf8708202cc8459b0061482520894c8d7cfb58f3ac02568e6505bf3fb5eb6f0807039880429d069189e0000808360306ca0839659f663054e8a15a23f481e7de460e01e8233ba068fbfc41dd7bad99ee389a07194121a8ebecbeab3bf6b7ba39045db0782f3e6738eaebc0b069331c63597b3', '0xf8708202cd8459b0061482520894e0132e8d7b1b766e0ade5543d6c6c0b2d5a2f01d880429d069189e0000808360306ba0adb32f29c826a34614b82a826faa4437831bdac0d2dc63b100dc269afab15bfea0066c8089e0b61c4510318bc31c781cd150b2798c9fdb1b182002873373c4b089', '0xf8708202ce8459b0061482520894eb674c0411db79654afdc1e131f3b6e734baee6c880429d069189e0000808360306ba0c6693df9bb6824af5559fbb451cd5ab63aeb2cf195f41c8d08b81eef405f2f49a00244fa4a6d678b1964b479f7b1988841577a3aa9d26b74d6f408e75092d75f0a', '0xf8708202cf8459b0061482520894dc07c60993cf689438b8c85f86b0ed938dca77ea880429d069189e0000808360306ba0468438626e5b0cdd3da763123851f4cf1cbf5c5f589cbf91540ca821ec4e7e09a02c253b202a6b5ca87504cdc65b2035d7e0bcf28c3a354b49b036210501fe988b', '0xf8708202d08459b0061482520894110ddc93db59ed31a03518510221ec2f35d28f2f880429d069189e0000808360306ba04aa261b4afc18e7e78445524cb99d0a66e908850f16d758ab58a96b9fcffe507a07e0aad221f568281aec8f11a5f57a9133bc2714b4aab56e567f86dc29638a9e4', '0xf8708202d18459b0061482520894b599a876aaac824cfce21bdf15627c9fd8634c30880429d069189e0000808360306ca03268a442958f238a3189d09ebda673bda604923beacff44e9972930d86921251a02ce1647723140aca6d86d18e1f37976ff88551588d4db7cdeecce57c3b319df8', '0xf8708202d28459b0061482520894d36e5540dd71acbd6416d60252c4d7c34a3c8245880429d069189e0000808360306ca06639fabda9abc988d86dbc38ca09af1c8a8f06bfc08b53497f6f71bfdd2e4d67a02f9e5f33051c262b244a293523e5fd233006898050452bafcc3776fc30dfb191', '0xf8708202d38459b00614825208943adeca35af56206a74987a8fe13c669365c770cf880429d069189e0000808360306ca0a7145262adce57a8349a68138838f7fcd17c4a4d504980bda47142c081c8f63ca070e9bec6005d085ebe6e28937be15686160610870fbac0629099f5de8a484dac', '0xf8708202d48459b0061482520894d77b95acd12f7b4b5692b55717b7bbca11651954880429d069189e0000808360306ba03cb23d2df79f93b02856f09b02c050d38fb336750103c9dce2b962114297f7d2a040dd01a2cbe4a72e0d268fc751efed2b43d6be22ef2d194ae99b9228d834e271', '0xf8708202d58459b0061482520894f388bf5766b5ed5d4e1cbf15772e677dbfa80b00880429d069189e0000808360306ba0c5988820892ff892f611ba4c5425b982a90b7b585f1e3b68e7edd837a70c843ea06229f539fca0e60bd65ee4938742d521dc74656fdf1410b928b8c8711ec14118', '0xf8708202d68459b006148252089435d4996296e58560e6ef47787d51b55f1e2bd92a880429d069189e0000808360306ba03720ce4067cde71e1794fdedda036bcd4b76de3129ec62236c546c449f059c94a0506cd79d1738b0f39a27e26d7cf48a54ade0f183c63a9d169137a9c87e55ed9a', '0xf8708202d78459b0061482520894a4c3b77b898e53d6095f11c53a1ce272cff9af31880429d069189e0000808360306ca00aa0487f7ad3ca4563bb6aeacb47db5c76cd4851a5defbf8e030a606f753f4b4a0494408ba35bfa9988edb5155d02da3c2e4054abbd7dc07c4d6da095da8208e72', '0xf8708202d88459b00614825208946e84f6113fc1919714f0266705813fb81a17181f880429d069189e0000808360306ca0695a7a0bad10dd3885ac10338ab8447179a3f86d798479b6a18b5c3dd278ae1aa0091590bbd4b4da3d45e39e05d7018588c4b92594d929270e5f46bd0fcb96db0f', '0xf8708202d98459b0061482520894e9ae1a806004e1452baae0493920815aadd84798880429d069189e0000808360306ca0f8fcbbcf4cb1963dea2c4016294bdfa27490db70a8b2e0741949efcb68c5929aa07f85cca630e836419d8b762e25ac815406bde12d7482a963fd5661e55cd71b27', '0xf8708202da8459b0061482520894fe1905d8ebd20e037274eef441283c811ea82c16880429d069189e0000808360306ba095c874fcc1eacc0715b426f058f38ba0587ea716d3663e06a73344b1c7bf3133a00f41450ffc25727f9441708f8c6b3e0a673fc6705f509f2da95f445fae1cbda7', '0xf8708202db8459b00614825208946adece88e477f53a143a4c29d97940df2ec768e0880429d069189e0000808360306ca0caff3696abf7330a1b4fbbb359bd5563975ccfa75989912113b8dc0e2bb28546a03d2fb28f01dda65853a4c480751f2825bc8d9732021ba2df1ce222d29a4789fc', '0xf8708202dc8459b00614825208940d34d140a7376892c4593fcea3ae26f5d6f202d7880429d069189e0000808360306ca0c58c7bf6d49fc3c8bbe3e8aa6c62c0af9ad28f6d04044ac6e13d11fa7509981da03fb6b4312458ada7f426c3baeb1e7dd2bdde54f794e024ba0fb9d90cb803021c', '0xf8708202dd8459b0061482520894d1c7fa75b9bc55d041fcdf215f3e3a351c9f9edc880429d069189e0000808360306ba05a904d952734890f4b304efe5fbbe428fd6d330d4f5f0ea42fc51cb23374c5aaa0767646af4d84440ffdab8d75fbd5cf7b86172213345c10dbd79d1cdb6056a2a5', '0xf8708202de8459b0061482520894418ebe350a8c6387bf5e42f3502742af8e0781f1880429d069189e0000808360306ba068311d26c92bcb66332d60bb38d56ff1004bfe17b17fb502115fdd181da68358a049f9f1fc9a75a1abbbed806802c1068e4f77f6a2a042a5a5186a4b6b898dd614', '0xf8708202df8459b006148252089484914d2770c711d27888c775c547b1d933b48c47880429d069189e0000808360306ca0dbaa10d3f8dce495368865f642071da7b0b6c739338ee42eea0531954aac0180a04f7c2b79be8141296429b6bb646e17e07bd0c839d7e33bf518959c2aa9ff2b6d', '0xf8708202e08459b00614825208948f51e560b85edf2e653c689c4e9fac02ce0556b8880429d069189e0000808360306ca0b5532154ba5459acf542819cf816647dc5907670f9d7070ed35729a798ce1eefa0422ae59a7477f680af3347942dda2184bb7e4d43ecee654cc91879165fe05f29', '0xf8708202e18459b0061482520894ee2503205c24dc66346e356f13f333fb8782d358880429d069189e0000808360306ca057676a910339d274b9ac21bdd970ba9630cf2033606a3e0ba2bca672eada14afa020e070d0313ee50f4550bbda0762b64522b6733f7e19333eae241c4f5ae5d96b', '0xf8708202e28459b0061482520894096ba6c59bd667a0fea9a356bcc988e4d9f2d8eb880429d069189e0000808360306ba09b9db174752082840697dfc0c567df5680b89f4128fef012e2f670981eebe9b0a047da407b5fcfab143dfae8020f41be0fa8b1d185751368a11edd0e5b8919022a', '0xf8708202e38459b0061482520894da0adce4f1dc7debe7b2b52e8fe9ace6c7ea9c66880429d069189e0000808360306ba082772af71e0ea1f04013f375477b22c6694a3ed8f3cbf040e768cb965e3e0e25a07e5bbacf8a9068b28f8c21b7a5902251d5d471ac0118827991a5462ba6d30f39', '0xf8708202e48459b0061482520894af7d412aeab7525c0541dc3aa6c1085cfb8c9099880429d069189e0000808360306ba0d51af425d63b1053fd789d00d8959bf5404e0fb09bca87f96cd12786cfec41d9a04e505aaab9067cb05484c629d986a2509aa795ebe1c1e3be903a8190561e230a', '0xf8708202e58459b00614825208943cf8c0d567261eaf4ac0872d33a9f48af361769f880429d069189e0000808360306ca0acd96eb5cc0fb61b028f2d0c40c16b264db6277efb44e5aa33c8bd993c18ff46a0413cb3a8f4df1e73e6b307e096492bda4824e377effd05b7955fab285100161a', '0xf8708202e68459b00614825208944779242587ba9e828999249eadd82984430f4843880429d069189e0000808360306ca065fba540f863035e94e2fd02187e182d2d0b3e3cc360690511cee94d97a7d9ada02fb45d64daa06865804d6f4b0f4fa74e4ef0887798d7c341f7368948d7f7dfdd', '0xf8708202e78459b0061482520894ea531cfe2de357ecff3855b88dbd07f60b03cdca880429d069189e0000808360306ba0f273f3472c45e25caad8f5016eb22e836cabe7a1391f373cc73a7db7d2811815a00f17f8de4890074979394d71e76b495ecd9d9ad50af60fe25ced12895c408128', '0xf8708202e88459b0061482520894d00b5f53ea2a66ad33c3fee304bb22857dfb8a87880429d069189e0000808360306ba0636e4be4105c07eacdea231c79f55972056b27497772cf5b2fddb158d7d5b09ba034c270c688834cbea55c7abec1f4f5f45b8bf5e76c67e23f8726a0ee035dd7a2', '0xf8708202e98459b00614825208947ead29f6616f78f21a951c9686dd257be7b8efe4880429d069189e0000808360306ca0df106b3dbae492482b1be949d5fba4bec3c37ed2218145fef8ce754c74abca00a0122e77f2dd44527a2f2e5d15a521b0e438e8f672e6d3d343f1eeec7b693593cd', '0xf8708202ea8459b0061482520894d503c13ee55c1ea128357d4018ec58d0d5e5c3db880429d069189e0000808360306ba03c239e2d1d4e9beede0ec53b6043f50cd1c8191e24495707ef443ad84e19ff5da06a3e78f2cf7b4397e175680de44a3704f84dbbe7f1ad21f2e77b1b690d761e7c', '0xf8708202eb8459b00614825208944ac670d8760faf780468638ef80034876ed8918d880429d069189e0000808360306ba0facb8f10aafbcca79329c62085b10f0805719ac5bc022054526f4d32901d438da03cb7c134b239f3260078a5f773cc38e368e4b30548cdca2f50c706902749073f', '0xf86f8202ec8459b006148252089424ffb8c97ce443f8d3265ba3316defcfc07c659c880429d069189e0000808360306ca043e17909999600af329ebd4862f712e411bdccf7aa74968af9c421cf22b4eda19f4ef2fbac5cebc637eb1dbccdf37a5ffaa78cd8d4627b79df2d07261db27598', '0xf8708202ed8459b00614825208940c5cafc547ab98c9ceaa1c07fdd6bf7820aeb954880429d069189e0000808360306ca042b71164c583d3c7ef1b8d41b4a09329d0ada0c36aa9c62c0071fbf60196e16aa04e3bca81b8726f55d2408242f9707290e124d18eba7c17c30dc294e5f7dac185', '0xf8708202ee8459b0061482520894db8d964741c53e55df9c2d4e9414c6c96482874e880429d069189e0000808360306ba0dd42f331ddeb3f6ba48ec3b50c0d0ef0ca190f731f00a473a3f86620dc9fdc86a07ca8c64fa7f89ab8a39a2f68f184807342b11ea9f3a9213f0b8c6ed92ef28a56', '0xf8708202ef8459b0061482520894ba85bb35ae6ff7a34745993fcf92b9afd34124f1880429d069189e0000808360306ca0a74d6f13072174d029eedbc290fb6f68f4fef47693f82d10205f393f80c31a5fa076e5a8fa17de37ebd0044add8cc9f62924eb4c0e8895b6f3d24d1ef2d0a98bf0', '0xf8708202f08459b006148252089458871015f5a2d3948264f7c16ad194c80ffd531d880429d069189e0000808360306ca0daadf22cdd18a6b1303719610c4be9bdb842bb1dc8489b0ea39347fff38c46e3a028fab28d4d14ef2c7aef3819e3c2a785f6b72c0dad14d1e3e1b521ac6617af80', '0xf8708202f18459b00614825208942a90af45df70b0031f218cc122598ddf3e10469f880429d069189e0000808360306ca0472cead7323e16abecac5cc004d89ab75bb67d1d39cdee22ffeb9fb780ed0604a05551e5b0f1c4a373273b4912b8a7f2f8934fddfe41f826130cf2e146fb80102e', '0xf8708202f28459b0061482520894761bbaaea6ceb265f5262c3b559adc2ad3ed2f09880429d069189e0000808360306ba0c23e89defb8f2900d81f79c2465062468082f391e75d599c7e9dedcc2f6ce0f8a006475eae5093826ef23dd0f2f6c1636b20afa110063db9a19062830a0ba39a04', '0xf8708202f38459b0061482520894dfe86f51c5e603f1420d1f0ab366bd3bfe23d2a7880429d069189e0000808360306ca07beb5aec52d740b0b07fd5f81c58fc2e6ceac02b3ef7586a722fb4703f171770a002d2d0729482aade6c1a9ac306ea89fecb83197a1be837f955bf0a5fadc2f4d0', '0xf8708202f48459b0061482520894d616547158b05ab5079106dc0336d72763a72871880429d069189e0000808360306ba0f7f64ca7373d284997a3aeba4a5c84162bf817250eb9871b51d95ad6adb2c8b2a046a13771aa3b9eb958efe0642602f0be68323d327a1ac91eeb038c9e9aeb0197', '0xf8708202f58459b0061482520894dc68cd278cb7f5f666ce7b0a3a214a8540ed4dfa880429d069189e0000808360306ba00184384da5f4c078d0fe553b8e0d1d963ce8c5ccc328fa3daa2457b452f8291ea04407b8b0af32880dd084fdfe64e56ebeaf3d3e5fc8fb9719040ffd40a3174e27', '0xf8708202f68459b006148252089411f8107da05b6905e8cc0227ca3b0c6eb764fac0880429d069189e0000808360306ca09f4f3da0948bf59a0bec0a20b9a0a806d2256b3a656fed293ab78f8d01cc32fca05d1b334f9eb5d94d416f03f900141a81cb78c4325c9bdc92fb69f9de77775fee', '0xf8708202f78459b006148252089404da906545679850a7ee0ef6836e183031bedc88880429d069189e0000808360306ca0719899b961d59eea488a70dd5b2271f672ee80367ba8de50cf0236c1a8dd941fa04bf6fec5ddb1935e531ff846c923dbceb787ed3542d093621a3efce360e9f669', '0xf8708202f88459b00614825208948bdc25c43c010fd3db6281fcd8f7a0bed18838e3880429d069189e0000808360306ba03b909d321d3803c18c7ef44d80019d607994b2b8dc418b7b02b3a01f3697371fa06221315ba5af6dd01db4c321e726b501ae3662acd5e079b29711b428569e18cb', '0xf8708202f98459b0061482520894af16f746b8a834a383fd0597d941fee52b7791eb880429d069189e0000808360306ca03e48e52d7605a9891a03004513d9c55dc2732c6a416b5f58444007eabccfbc4ca07ad0d855fff6e7f1fbe77ba557c0c80131dc71fc28564a8661c022abac8e7675', '0xf8708202fa8459b00614825208940c5c736600f8ea58ccb89aa72e3f3634651fd551880429d069189e0000808360306ba0cc544d19578bac0581631b459e19d4e357d7efef55c79603606be6722a6907a9a015c23c9b4b04e50e8a6238dd6d20a6d13f3950fafb25f5c137795c3a20dc4643', '0xf8708202fb8459b00614825208946f475e0f0e9eda58556fddc04de9b1a9b6a4cfb4880429d069189e0000808360306ba059a6552d8d00fd81bb503c9c5404715c2e7f944e0c929e6aa9874b51adfda5e5a0043d4dc0f3eaa4e53f1599fc893fde67e151c3c4f959740c905b8a585063df03', '0xf8708202fc8459b00614825208949b2e76498a695c4dc7d0890069cffa84a9581d24880429d069189e0000808360306ca09dade892292621e5cca4188ea32a85985ebda720466ab3ffcc3d61bcf604552ba04bf1305367fce6abe14902353ffb1e03b9d93058cf6184d92dd0e64bf26a571c', '0xf8708202fd8459b0061482520894e2d2b2069f4a54fcc171223ff0c17adbd743c285880429d069189e0000808360306ba0b0820e91613f4d13b67e09ba616088d4f2e85d73a73bf8bbd4156660cfaa0980a05ce88fc1f4d1c992617da00458f7d0f57527db2ef38c2cae60485be962a964a7', '0xf8708202fe8459b0061482520894386bd49f04322544f3c7178fa5ae1a24b947b454880429d069189e0000808360306ba0f7965e3505abf754d0907862b0739c546bb6913d80c9fa57126ffd0d16d21b02a010a7471b10d5049f31ce515add82310ddf3ca8aa03aad3d67f48e86f3fee89ee', '0xf8708202ff8459b006148252089400af839c3fc067fafc2e0a205858d6957f0dd18d880429d069189e0000808360306ca03c8b5feff30e1663b88d4b0d7ffe833f5cf30308b8edf198df37a695a9c46330a0694af63d8dca180dd36dd11e64569b267a62b07779ad1abf769fce71a5423087', '0xf8708203008459b0061482520894ebb6d32a650afa9221b55a11c6a6de52b6f07cd7880429d069189e0000808360306ca06963435b5d1095f798b58f08bedf1f95622f299d16ef5522c41cf9ff88e6fddaa02cf8953421b982ec537298bc1802b8c0e69be3966b8555d2908da2a3a8b879d2', '0xf8708203018459b0061482520894011d26a3a9adc9203c8943a6a77aa8657af52420880429d069189e0000808360306ca022c54c450236cce9fef7957dc479343c4b10ca46d18970dc22b43a0fd8d3d877a01008b7c52b430a0d1f7519014526e8222231c43cbdb4b6ec29f29a4bfeb5c1d9', '0xf8708203028459b00614825208949c85bc61a89fb5abd957e6c819c653fc1aa0d11b880429d069189e0000808360306ca09190e7d98790bc855dba27a8b668a3e16996b8f1be385b1ca31d9067dc382b04a0682d3a7c06316385afe15372c1890a5b125171a920a521d9dc6fecfe5b4b2e44', '0xf8708203038459b0061482520894bd8e8435b7897d87cf7cedb5cf8c5dd865dbf720880429d069189e0000808360306ba0dc8e27646a427ce6e96cd60473100848456ed09307e8b88b429351164495882ca01ddc677df64eec6e022df9a86ae7ff4a3ab563a8b8fe1b8b580d7890ef6bf6ed', '0xf8708203048459b0061482520894adebee2e3ff041078b62380d001c6e51b4f15598880429d069189e0000808360306ca096b742d5fe55697387cba636920c99390dfd8950bfbcdf3f0d07ef15c782cad5a01a9163b1191ee9b73b538718b0d8d6f1574945fa5fdbe8f54cef684385ea1eca', '0xf8708203058459b006148252089471e94c459c9f05085fc0d34b5f21e648e05dc6b3880429d069189e0000808360306ca03b0b15657a1d80b8d9687b6b61677776743a3802dcd4c2d5d4a76ff1d597cdfaa062409e2848c8b905f19a6eabd2c08b3ed5d542d74c7b322d7dc3c4fb5adb71a0', '0xf8708203068459b00614825208947c1fe317db82c9298b87c56c3194178271b621e1880429d069189e0000808360306ba0e6893565a2b112d9f7c6f77e73d132cd4a4392eed6a58bc2bf934725f2480025a04c4f98295076bcaa7de8b94bef0dd43f813ce6e50220cb37ba7e628808b5867f', '0xf8708203078459b0061482520894e069d1c9abf5127bdc3a164fb93b96bfa9f74ce0880429d069189e0000808360306ca08dd826219494fb79a327990677659f646d2e11e200972e21fab74eab09855abca01356d8c8432df4afa6f9f9e32bbbb2ee687a15c6ec07098658fa89cf4d406e91', '0xf8708203088459b0061482520894b9bbddd1eb6ef8fb1bdc6a853d5ad7486a9487dd880429d069189e0000808360306ca0358170c17907b0415edb67490667bca1b159c5ac1a7d4e21d4e5512ffc3f8ff1a0585fdd678db86b8e51f3a7940ad460d07b074ffe4b172fd7476b83b5d0d11942', '0xf8708203098459b0061482520894a804387cdaf986d45831e8074efb2115af053f7a880429d069189e0000808360306ba01439c2673f0c3677d8fcb58a74d4a42b581f371a5da4d700e783b33df0d43bb5a0241d9cac3cca92d869bd0b7608d22072886230acc4e2da809c1ca13f172b6528', '0xf87082030a8459b0061482520894f23501d784a041fc911b4c86c2bfb1f63ec170ea880429d069189e0000808360306ba0fd002233daee8e2b44bfceb0d824619fbf68526c2d7ef91c366f3b300f48e558a0124191625357f9dcf918bd51160f83a9c4489984aa291dca4c8513889e6ef565', '0xf87082030b8459b00614825208943928be2a7058088313c0fb3294014e88a3c5ed4a880429d069189e0000808360306ba02d0337a2bafc336a8127fb3becdfc14c795028f8dff4fe12cf8a623fdd1e594da06161462fe0bea80fcb6abfaeb7b25a60b1a08654f3b37a3b11d9666470d6ddcb', '0xf87082030c8459b0061482520894196aa07204141478459c14106ef5e5282efe9957880429d069189e0000808360306ca0ea3baf43143d7f0532bff56b27ad947bbbc44f801f4de89f50d128fcf468bd30a046d8a
e83acfcbdd947166d09edc383bec1c97c78c1c8469fef9b731fcdf4dec8', '0xf87082030d8459b0061482520894763cbf89560e2da270000822abda9584db693fa3880429d069189e0000808360306ba0dd5089924a49987e3226aaaa3bb72113cb093474881d8ec898d2f5b63aff5bb0a03588af023d34f4608ddd821e336f609754d1ae90dada419fc55efbb53d1b238b', '0xf87082030e8459b00614825208947feaea0ff70ffc9eec2104f57f7136aff4dea680880429d069189e0000808360306ba03ad67aa85e3c530afc98e7b2f155f2eab822882a52b52d9997f0def691c4d12fa06ee7169252669f4a134a58f2a59068ece28c17d0267a54989f89c3cd93edbc0e', '0xf87082030f8459b0061482520894e5466aacd9dd6d3bb35060a1ccc76a438de88ca1880429d069189e0000808360306ca0f198e4a033b6a625f2d5728342804642d1a9e375dcc96166a6b2eeca0f793109a040b052d890c07b04c94837783237963d6559ed37c44369b843c4fcaf91a49f2f', '0xf8708203108459b0061482520894f670980415cfe8c4f8d10645ecf974c9a2fea00e880429d069189e0000808360306ca023f6e0ae6cf7f1121e981c123ad00a007c72d270e736b5eb15e21ef1dbe8daeba063c6e816ac9a377d673abb9b371066b636d04263b104ba49e4c7506d4e29785e', '0xf8708203118459b0061482520894a29115bce7829ffdd989b7cf1bdd1eac06a2cb36880429d069189e0000808360306ca023c42bc9fc548947d2a1992ea8b325e93693e0d70c9d084a3f3d7fa366b2d249a036d4d9dc93c31460e8c7a9a787f2f9350ffcfe99042388313ef95b14c8fb5d33', '0xf8708203128459b00614825208948f528aa67dc1846c893465fa1c8c26556bc5fe19880429d069189e0000808360306ca0df906756b59e4ff51e3872f1fb5a459775d06eecd4e8af987ad4df00b5b3b264a0188c038953d7ef10c307af1072ca7aed2d6bd39a67474b50da48a82825c2da0d', '0xf8708203138459b00614825208944dc4ec6ac43c8c45777292db987203c0248e17b7880429d069189e0000808360306ba0682228cc6ded5f105405e5d9f43a3caa1ae7b917512bda4404930421d59caf9ba012b7ce8840d31480ab33d930c1b336c43093f50140cd7bf98aec02a5b743af7e', '0xf8708203148459b00614825208940d2f39f251cb547cba567a31e5e9f93c19dffa85880429d069189e0000808360306ca038d51f8b4d77e42c38c505dd7fbe17e28191051fef82b2f0bfd4ae353ead0c7fa00d19f51dc98eb3263e56102473f1e4bd3a522a3b134e4f05eb8e96bca9e0c365', '0xf8708203158459b00614825208949eb31fb94ce5111e2a04cb9d156b513887ccbd00880429d069189e0000808360306ca04daf7e19338ee5e3e0c2701ebb8aacd7cef41de32bbd0462af1205f1aff09fcba00fad54608132af861f20543ec8b8aa020aae23d908fd80d0b0e83be1c5cd0968', '0xf8708203168459b006148252089404b88ef83f8c41b1465d360a1e82f07ae190892a880429d069189e0000808360306ca09ceffbcf0e80ebd7702141fd896956848fb9d90eb85865e40f11c65081af2c4aa04d8cde6246dc6d4fc8bddb57782b477534949323386499f33e43fed7a4f831ad', '0xf8708203178459b0061482520894af23e04b04fbe15630eadd32a6f27a5a65ea554a880429d069189e0000808360306ca064dddc4d1ea067c0ced9592e10dd276ba91ca8074617a76fc8c3644e1ac64fa2a021dae73901fab1754b93e7d842b74922dfea8a4d844b7f6cc412077606593903', '0xf8708203188459b0061482520894746cdff371e3f1e905b3ac52280078bac2dec7dd880429d069189e0000808360306ca07e825e507edb8b4fc6552243232367d2e4ce79bd924a721c3f4cb01f4bedefb3a07b818d4db6f3246e539d6e5633e71c2d42c0d4e44b25ae68418432d24716b204', '0xf8708203198459b0061482520894c33e5155bdbf1a0a7ceb1b80f8586c5cda5c3781880429d069189e0000808360306ca036b4baa44a9d3cca5366a403ac8987c3496dc750b64bbd85d9566b7b49e3ad39a00d156785d06aa36bad3a3ff7ac696f2bfbe3399e88f2b404c16ca8b6daf9512e', '0xf87082031a8459b0061482520894e7fdef5f5219068f3d0f88a7445005574c662798880429d069189e0000808360306ba0466c25c8faddfdafafd18eec9e8d671a2b99f22b6376c585da3c0d5c27344046a032e3ac6c2960493effe6d94628baabe9feb652649df145df33b92b6f6e075ce4', '0xf87082031b8459b0061482520894f0a81a63c5e09b0bd08e027de48058e377d3732d880429d069189e0000808360306ba01b3cb8fdb681f7170d1a0a7d049844449747aba687ffb473b3781fa92e010c74a060a05684f87e85f6b73171610706e7d9d383216450c8651adbd459c1165f5ea3', '0xf87082031c8459b00614825208949878ab34dc3b4a63c80fdb733491472c11d59a56880429d069189e0000808360306ba007069cb4e4074cc2b49743ca40f47c6c6749d961ad3ed089c653d9e51acd9c6da06f745806d281e355afddbe9eea2d59c85ed9b9964cc05767b3d460f940b200aa', '0xf87082031d8459b0061482520894912859bebae3086ac7a062dee5d68aa8ed2d71ec880429d069189e0000808360306ca05926c525278c932f395fc5d5e52d654051cb16aa2ae6f407f53fc73693e28fd5a0351bc4af0a9368abbeb53bbf7c34fb8b85b46f98f66be6edf3ee5a29d878e0e6', '0xf87082031e8459b00614825208945a0b737ed85049410e5ea61f444d07d5c8c0359f880429d069189e0000808360306ba0490365d642b69396f6610d49f81a70b6666efbfee2d4bd086246c8fcc2bde159a05797145c264b45ced4c8f4253b9420b13de51478adce80e592015563b435e6af', '0xf87082031f8459b0061482520894305a5dfd46e6128abce28c03b3ad971f4e4915ff880429d069189e0000808360306ca00ceff97f39eb4bc67ff16afeb7c5d05bc96609909ea07e372564e0cd1f0ef91aa02d424e7aa564b3937cbff7eea1ff7af382c20058bc60ba386d770869098c1d2e', '0xf86f8202588459af91f9825208946177843db3138ae69679a54b95cf345ed759450d870aa87bee538000808360306ba04b9c4ec7f8969a07f2ab93e45809925413cc5da31c4f102dc008ab7c00b07ccfa032dda0587127c6ff7d98c70ca143fde5c236ddb1b28bea6a4ca4293bbd9961fc', '0xf86f8202598459af91f982520894687704db07e902e9a8b3754031d168d46e3d586e870aa87bee538000808360306ba06efecd42ee7361ed4f9c338e3e6f7df52a9b622642316aa73135c1334d9c0ddaa059719975a33daf66987bfc3a47f73c13e51412b073ef9555da3c5c1fe52875a1', '0xf86f82025a8459af91f98252089415e6a5a2e131dd5467fa1ff3acd104f45ee5940b870aa87bee538000808360306ca051d444d0aaec59128c16ceb2e507159070c42ccdd7a828c769ae4edaf802df01a0438255cbd7a1ccac120dac716130a5fec7cd12e4747877e079052983ef67200a', '0xf86f82025b8459af91f98252089480c4c7125967139acaa931ee984a9db4100e0f3b870aa87bee538000808360306ba00d85f6f659432cdee66b4e852cf4e661eb5689b3ed90afb131ec54a84dc6e943a071539a3cda5363a081681250c60c240263919c99db279d588bb8392885e83846', '0xf86f82025c8459af91f982520894d08a63244fcd28b0aec5075052cdce31ba04fead870aa87bee538000808360306ba0f16c1cc4934040501487e3d205e7ef7206ae1ce672a6c3bf4003ed9eb6a3d142a07dd9c0859e334feef77ad31b03c44874bd03913b0d3f132bb7e128b1b6d87c70', '0xf86f82025d8459af91f9825208940b06ef8be65fcda88f2dbae5813480f997ee8e35870aa87bee538000808360306ca01612669e11c5eb989ec3404c425b195a3232c2a621fd39eca5811e046725b3efa07d3eb8632bac985d5ca6b31f286cac4a166b419483d66667fd17b005e583e178', '0xf86f82025e8459af91f9825208941cb96c5809da5977f99f69c11ee58bae5711c5f1870aa87bee538000808360306ba070462c8c8f1ac396a8ea0e344ed2c72d70bbf6e0f26b82e8229c6b8fc354aa09a0688f53018a6a51cc1a7e23ac774a516304f023df8f4ac03632d79cad88535d18', '0xf86f82025f8459af91f9825208942aa48ee899410a6d97c01b0bb0eeaf1771cc435b870aa87bee538000808360306ba0a8db30e001915dd011bbcffce385c11e837622351d5b6fbcdd810fe4715d7096a06a4b79c96fc2d2aaad5285cc8e15939d0bba97e441ef2468145825770b71b4cf', '0xf86f8202608459af91f98252089407b9d920dd8e8d83dc1125c94fc0b3cdcdf602fb870aa87bee538000808360306ba0d87579b3001e30e8869422bead9a3882975c3f20b5fe9689a29dc82403d1f07ea012a876e7e703b743019f82a20b733d7004c18fc1af0b9a6c9ec40e70217f21a9', '0xf86f8202618459af91f982520894fcb6e353ad4f79245c7cb704abcffe2f48684241870aa87bee538000808360306ca0267c27b98499adf182ce590464534ac65b9f4fec8b11dbf55e6452f5551ee701a07f14a5101e6b162dc3ebc9d4fbdae0e9ec78d1ad08dba9d1f9993eb9660ed758', '0xf86f8202628459af91f9825208940d3de4256d6322683fdea9ee23765ccbfcb83da4870aa87bee538000808360306ba091bba4b2d78f181f5957cca9a95b4de308bd9f2061a8c0ed6045438bf65f480aa0412afce19440d38975142c3810f487c0b7ef47133e472ba2394cf540ec7ae955', '0xf86f8202638459af91f9825208946021752d8d9b2f221d4fea4349dea34ddbcfce50870aa87bee538000808360306ca0ac6b47ef7a00a5392ae439da645d7f706e462ae9b486816412f11a1c1bff4fbaa06f4c6e484db7c8ecf37593acf1ebf162dc97e49e30f30695ad7a0125c1e28e51', '0xf86f8202648459af91f98252089461e296d527edc89e831cf593ec341f16197eeafb870aa87bee538000808360306ca00ecc09351fc4c12495ed5ea98eb2908c9e6020fbc1d0921687e6e06fbccf53eda00962c80123cecec56e004c39ecf7eeb555465a2e4df84c4d4105a7f12636e3e3', '0xf86f8202658459af91f982520894cf7317ee7a3b497ecf634b94bff60ff91b925747870aa87bee538000808360306ca0b5733f99efc8b0533eead1bdb7aea7eadf797711fc425fb636c1136964061c2da0738bea30dcd8fab1d25ab6e4336861e176e8b7fa7024be19c23163589fba4543', '0xf86f8202668459af91f9825208947e7b519df31f77ced83eea1b16aedb6dcb0f0b24870aa87bee538000808360306ba0348d2e8126128e65d2c59087f55268ff63ca1ee32f7a0e07cc3b8dfd820a1bb2a03eb844c00e65052430c31646b0847e967cc04f4016a377c18250b20b04735ce5', '0xf86f8202678459af91f98252089488a075e0fb1c9309a200a8bf0a88b214bf7ceb8d870aa87bee538000808360306ca0f51f825031460dbe33562d01f88286b7f5afe8dd41c438a3f2e588e66847d9eaa027578992d429c3f8ff7e56e6dece2f09ce3d3a89b2c8dab1774d4890755a9fc7', '0xf86f8202688459af91f982520894c8d7cfb58f3ac02568e6505bf3fb5eb6f0807039870aa87bee538000808360306ba0a40098de2a6726e0cde157536dd8787d98e92d08be70f9b170268a56c8c3db22a002b80fa04fff292611d35a7d5aba9fad06b08449d3a36c29603441d54b04a205', '0xf86f8202698459af91f982520894e0132e8d7b1b766e0ade5543d6c6c0b2d5a2f01d870aa87bee538000808360306ba0a690dd06470fdaa97fb71daab7c69d378ca8d7b1fe476db66abdd25ac4ad1bada038104cf3603b8c7f45ecaaa477a869cd63ef5cf750790281155dec069b5009c0', '0xf86f82026a8459af91f982520894eb674c0411db79654afdc1e131f3b6e734baee6c870aa87bee538000808360306ba00d3a4c68b90e8456b5a6caf0bfe4fea2b46c1e529d345143f7f1bc723396954ca018f2a59d1b35d6800ceb9c6c65d22678501259258f17feb0f761ab65e8e9e085', '0xf86f82026b8459af91f982520894dc07c60993cf689438b8c85f86b0ed938dca77ea870aa87bee538000808360306ba0b3518114bdf22f63a07c7237b0b61dbf258cc16f4858912010eae8e3ece0d3bba07e66f6651da27b4bd509c5670537e5c27192bc4f38f6c49599ed49bf8b7b50e2', '0xf86f82026c8459af91f982520894110ddc93db59ed31a03518510221ec2f35d28f2f870aa87bee538000808360306ca0e19da675c8a3dc3ee594fa9ef23826838c6b8b9709c52c46461e2813b071b70ea05fa03f81b70c565c57202434f3066091cf22e2aecadc42deda7c6456acaee522', '0xf86f82026d8459af91f982520894b599a876aaac824cfce21bdf15627c9fd8634c30870aa87bee538000808360306ba04e39484ad0c0087e00e2f77be48e9bd57132945ae9c61da3316e120ffdf0bd36a053ba9338fc928f5fa68dc171a5f0a926580c6fa4181995b49b7edf21c2c9424b', '0xf86f82026e8459af91f982520894d36e5540dd71acbd6416d60252c4d7c34a3c8245870aa87bee538000808360306ba03af7646952e2197a67994728533e0c1ad8a7d4180c637fd76524758684facc78a067f125f97e807770d5c0e4b298d6a595aacc6c203619057de7299ab876df7a33', '0xf86f82026f8459af91f9825208943adeca35af56206a74987a8fe13c669365c770cf870aa87bee538000808360306ca065f2207d6e504f15d252afe48558476b9a7c4e8e9011ef120dc70d7fbfa97570a019f4e8ed0524c21831b04fef056cbdea14f0623da2ded950905186d55dd9aa1c', '0xf86f8202708459af91f982520894d77b95acd12f7b4b5692b55717b7bbca11651954870aa87bee538000808360306ca0aa6e1b21433acef3e1eaadc76de0c7dae7ebb424a2a48bc8d6450dc237d3839fa057d3eefd696638df0535a57bfed98b785ea8d138c9d50ca975b81371a8bcd037', '0x02f86f8330182402808302d161825208948943545177806ed17b9f23f0a21ee5948ecaa776870c3c263eaa979880c080a03c989dea33f05a5c81c9ef81efb5899a32533d8956730100c895dd09131c5ff9a054d538f004e0f90f15a24182007b250a365829da4711db786fa6ac7d47130568', '0x02f90176833018242685012a05f2008512a05f2000830249f09471e67695db8bc44aa6bf2014142c42221967ee9880b901040cc7326300000000000000000000000000000000000000000000000000000000000000a000000000000000000000000000000000000000000000002b505a3ab7711c0000000000000000000000000000f98265aea01677961bff51685b04ee3a6139206f00000000000000000000000065d08a056c17ae13370565b04cf77d2afa1cb9fa00000000000000000000000000000000000000000000000000000000000000000000000000000000000000000000000000000000000000000000000000000002000000000000000000000000ac29373cbe03c88fb078488181f8a0650c58ca0800000000000000000000000024a9da1457f96c2b167d49377a776d302a5c4db3c080a0e6e8cfd413c2d384ef5a7148cc6a0a6f84841d47355b54ed93e0ff54a6cd1e2aa0657a9844ec621bbbedb22cdb1481f4cd3ca695cebec222a10e7f4b7946e79fc2', '0x02f90176833018242785012a05f2008512a05f2000830249f09471e67695db8bc44aa6bf2014142c42221967ee9880b901040cc7326300000000000000000000000000000000000000000000000000000000000000a00000000000000000000000000000000000000000000000000594bfcf8be58d9b000000000000000000000000f98265aea01677961bff51685b04ee3a6139206f00000000000000000000000065d08a056c17ae13370565b04cf77d2afa1cb9fa0000000000000000000000000000000000000000000000000000000000000000000000000000000000000000000000000000000000000000000000000000000200000000000000000000000024a9da1457f96c2b167d49377a776d302a5c4db3000000000000000000000000ac29373cbe03c88fb078488181f8a0650c58ca08c001a07eb8793aa4a40922e34669224ebfe9ac1146f0fea544d289a991bb2bf988e0e8a054d9eb8a6a05b4c0f3827385fb38b00e244ab623dc89b5a93574fd5008a8f735', '0x02f90176833018242885012a05f2008512a05f2000830249f09471e67695db8bc44aa6bf2014142c42221967ee9880b901040cc7326300000000000000000000000000000000000000000000000000000000000000a000000000000000000000000000000000000000000000000006dfef3712d2abfb00000000000000000000000085998f6c99833d1127301928248c97b6f168bdad00000000000000000000000065d08a056c17ae13370565b04cf77d2afa1cb9fa0000000000000000000000000000000000000000000000000000000000000000000000000000000000000000000000000000000000000000000000000000000200000000000000000000000024a9da1457f96c2b167d49377a776d302a5c4db3000000000000000000000000ac29373cbe03c88fb078488181f8a0650c58ca08c080a051ddd5457ec1c2d306ecdf839a5b12d07e4186cad3564c628985d67d7189384ca019389fa69222cf8aad48a58601b0ff829c77ff6c10d86e47eeac43dbc1ec296c', '0x02f90176833018242985012a05f2008512a05f2000830249f09471e67695db8bc44aa6bf2014142c42221967ee9880b901040cc7326300000000000000000000000000000000000000000000000000000000000000a000000000000000000000000000000000000000000000000002dfb451bdf55f9400000000000000000000000085998f6c99833d1127301928248c97b6f168bdad00000000000000000000000065d08a056c17ae13370565b04cf77d2afa1cb9fa0000000000000000000000000000000000000000000000000000000000000000000000000000000000000000000000000000000000000000000000000000000200000000000000000000000024a9da1457f96c2b167d49377a776d302a5c4db3000000000000000000000000ac29373cbe03c88fb078488181f8a0650c58ca08c001a096449b4125869422e4000109f39ccb1dfedfeb737939f45608177aa0110b886ca028386a706e832230006b4c202d3c6cc201497cd3817ce647ba73aac564a7c3ea'], withdrawals: [], blob_gas_used: 0, excess_blob_gas: 0}, blobs_bundle: {commitments: [], proofs: [], blobs: []}}
}
time="2024-12-06T21:04:13Z" level=debug msg="publishing block" blockHash=0xf60dc993dfb7cef00c41db0bafe1fcb6b6a74a6fc71f3ab936d6a97931651c1e component=beaconClient service=relay/api slot=71 uri="http://172.16.4.15:4000" version=6fc57d1-dev
time="2024-12-06T21:04:13Z" level=debug msg="publishing block" blockHash=0xf60dc993dfb7cef00c41db0bafe1fcb6b6a74a6fc71f3ab936d6a97931651c1e component=beaconClient service=relay/api slot=71 uri="http://172.16.4.14:4000" version=6fc57d1-dev
time="2024-12-06T21:04:13Z" level=debug msg="publishing block" blockHash=0xf60dc993dfb7cef00c41db0bafe1fcb6b6a74a6fc71f3ab936d6a97931651c1e component=beaconClient service=relay/api slot=71 uri="http://172.16.4.16:4000" version=6fc57d1-dev
time="2024-12-06T21:04:13Z" level=info msg="updated headSlot to 71" epoch=2 service=relay/api slotHead=71 slotStartNextEpoch=96 version=6fc57d1-dev
time="2024-12-06T21:04:13Z" level=debug msg="Updating builder cache with 1 builders from database" service=relay/api version=6fc57d1-dev
time="2024-12-06T21:04:13Z" level=info msg="finished publish block request" beaconPublishURI="http://172.16.4.14:4000" beaconURI="http://172.16.4.14:4000" component=beaconInstance encodeDurationMs=2 payloadBytes=32001 publishContentType=json publishDurationMs=49 service=relay/api slot=71 version=6fc57d1-dev
time="2024-12-06T21:04:13Z" level=info msg="published block" beacon="http://172.16.4.14:4000" blockHash=0xf60dc993dfb7cef00c41db0bafe1fcb6b6a74a6fc71f3ab936d6a97931651c1e component=beaconClient service=relay/api slot=71 statusCode=200 version=6fc57d1-dev
time="2024-12-06T21:04:13Z" level=info msg="block published through beacon node" blockHash=0xf60dc993dfb7cef00c41db0bafe1fcb6b6a74a6fc71f3ab936d6a97931651c1e contentLength=3485 feeRecipient=0x8943545177806ED17B9F23F0a21ee5948eCaa776 headSlot=70 headSlotEpochPos=7 idArg= method=getPayload mevBoostV=v1.8.1 msIntoSlot=196 msNeededForPublishing=53 proposerIndex=95 proposerPubkey=0x986a201d308cce68d381d103680725fbce0fd9f618de12d371fd5c909049ba3081de693de9e0560364c201505b2fabaa service=relay/api slot=71 slotEpochPos=8 slotStartSec=1733519053 timestampAfterAlreadyDeliveredCheck=1733519053210 timestampAfterDecode=1733519053196 timestampAfterLoadResponse=1733519053209 timestampAfterPublishing=1733519053264 timestampAfterSignatureVerify=1733519053198 timestampBeforePublishing=1733519053211 timestampRequestStart=1733519053195 ua="mev-boost/v1.8.1 Lighthouse/v5.3.0-2e0eb6d" version=6fc57d1-dev
time="2024-12-06T21:04:13Z" level=info msg="payload attributes received for slot: 72" service=relay/api version=6fc57d1-dev
time="2024-12-06T21:04:13Z" level=info msg="updated payload attributes" headSlot=71 payloadAttrParent=0xf60dc993dfb7cef00c41db0bafe1fcb6b6a74a6fc71f3ab936d6a97931651c1e payloadAttrSlot=72 randao=0x89de2b09ee4883a502551ba6f01239f3d92e56962149fdbcbcf68327162bc3ec service=relay/api timestamp=1733519055 version=6fc57d1-dev withdrawalsRoot=0x792930bbd5baac43bcc798ee49aa8185ef76bb3b44ba62b91d86ae569e4bb535
time="2024-12-06T21:04:13Z" level=info msg="finished publish block request" beaconPublishURI="http://172.16.4.16:4000" beaconURI="http://172.16.4.16:4000" component=beaconInstance encodeDurationMs=2 payloadBytes=32001 publishContentType=json publishDurationMs=66 service=relay/api slot=71 version=6fc57d1-dev
time="2024-12-06T21:04:13Z" level=info msg="request initiated" cancellationEnabled=false contentLength=18769 headSlot=71 method=submitNewBlock service=relay/api timestampRequestStart=1733519053804 version=6fc57d1-dev
time="2024-12-06T21:04:13Z" level=info msg="block validation successful" blobGasUsed=0 blockHash=0x4a367b57b36ed1b101a43e03e43a9cb529f497e03c2e0fe470fe7b203e53b91c builderIsHighPrio=false builderPubkey=0xaa1488eae4b06a1fff840a2b6db167afc520758dc2c8af0dfb57037954df3431b747e2f900fe8805f05d635e9a29717b cancellationEnabled=false contentLength=18769 durationMs=19 excessBlobGas=0 fastTrackValidation=false headSlot=71 isLargeRequest=false method=submitNewBlock newBidIsTopBid=true numBlobs=0 numTx=72 numWaiting=0 parentHash=0xf60dc993dfb7cef00c41db0bafe1fcb6b6a74a6fc71f3ab936d6a97931651c1e payloadBytes=18769 proposerPubkey=0xb1f2588848bded71a0ad83d124b5ff2d1ab964068e4eab97edc678eddc9aaa6175b51f561c4ec96c818ad5f6c59aa936 reqContentType=json reqIsGzip=false service=relay/api slot=72 timestampAfterCheckingFloorBid=1733519053810 timestampAfterCheckingTopBid=1733519053810 timestampAfterDecoding=1733519053806 timestampAfterSignatureCheck=1733519053808 timestampBeforeCheckingFloorBid=1733519053808 timestampBeforeCheckingTopBid=1733519053810 timestampBeforeSignatureCheck=1733519053806 timestampBeforeValidation=1733519053810 timestampRequestStart=1733519053804 topBidValue=0 value=2243207866452000 version=6fc57d1-dev
time="2024-12-06T21:04:13Z" level=info msg="received block from builder" blobGasUsed=0 blockHash=0x4a367b57b36ed1b101a43e03e43a9cb529f497e03c2e0fe470fe7b203e53b91c builderIsHighPrio=false builderPubkey=0xaa1488eae4b06a1fff840a2b6db167afc520758dc2c8af0dfb57037954df3431b747e2f900fe8805f05d635e9a29717b cancellationEnabled=false contentLength=18769 excessBlobGas=0 fastTrackValidation=false headSlot=71 isLargeRequest=false method=submitNewBlock newBidIsTopBid=true numBlobs=0 numTx=72 parentHash=0xf60dc993dfb7cef00c41db0bafe1fcb6b6a74a6fc71f3ab936d6a97931651c1e payloadBytes=18769 prevTopBidValue=0 profileDecodeUs=1164 profilePrechecksUs=3609 profileRedisSavePayloadUs=182 profileRedisUpdateFloorUs=272 profileRedisUpdateTopBidUs=1336 profileRedisUs=4021 profileSimUs=19810 profileTotalUs=29245 proposerPubkey=0xb1f2588848bded71a0ad83d124b5ff2d1ab964068e4eab97edc678eddc9aaa6175b51f561c4ec96c818ad5f6c59aa936 reqContentType=json reqIsGzip=false service=relay/api slot=72 timestampAfterBidUpdate=1733519053834 timestampAfterCheckingFloorBid=1733519053810 timestampAfterCheckingTopBid=1733519053810 timestampAfterDecoding=1733519053806 timestampAfterSignatureCheck=1733519053808 timestampAfterValidation=1733519053830 timestampBeforeCheckingFloorBid=1733519053808 timestampBeforeCheckingTopBid=1733519053810 timestampBeforeSignatureCheck=1733519053806 timestampBeforeValidation=1733519053810 timestampEligibleAt=1733519053834 timestampRequestStart=1733519053804 topBidValue=2243207866452000 validationDurationMs=19 value=2243207866452000 version=6fc57d1-dev wasBidSavedInRedis=true wasTopBidUpdated=true
time="2024-12-06T21:04:13Z" level=info msg="request finished" blobGasUsed=0 blockHash=0x4a367b57b36ed1b101a43e03e43a9cb529f497e03c2e0fe470fe7b203e53b91c builderIsHighPrio=false builderPubkey=0xaa1488eae4b06a1fff840a2b6db167afc520758dc2c8af0dfb57037954df3431b747e2f900fe8805f05d635e9a29717b cancellationEnabled=false contentLength=18769 excessBlobGas=0 fastTrackValidation=false headSlot=71 isLargeRequest=false method=submitNewBlock newBidIsTopBid=true numBlobs=0 numTx=72 parentHash=0xf60dc993dfb7cef00c41db0bafe1fcb6b6a74a6fc71f3ab936d6a97931651c1e payloadBytes=18769 prevTopBidValue=0 profileRedisSavePayloadUs=182 profileRedisUpdateFloorUs=272 profileRedisUpdateTopBidUs=1336 proposerPubkey=0xb1f2588848bded71a0ad83d124b5ff2d1ab964068e4eab97edc678eddc9aaa6175b51f561c4ec96c818ad5f6c59aa936 reqContentType=json reqIsGzip=false requestDurationMs=40 service=relay/api slot=72 timestampAfterBidUpdate=1733519053834 timestampAfterCheckingFloorBid=1733519053810 timestampAfterCheckingTopBid=1733519053810 timestampAfterDecoding=1733519053806 timestampAfterSignatureCheck=1733519053808 timestampAfterValidation=1733519053830 timestampBeforeCheckingFloorBid=1733519053808 timestampBeforeCheckingTopBid=1733519053810 timestampBeforeSignatureCheck=1733519053806 timestampBeforeValidation=1733519053810 timestampEligibleAt=1733519053834 timestampRequestFin=1733519053845 timestampRequestStart=1733519053804 topBidValue=2243207866452000 validationDurationMs=19 value=2243207866452000 version=6fc57d1-dev wasBidSavedInRedis=true wasTopBidUpdated=true
time="2024-12-06T21:04:13Z" level=info msg="http: POST /relay/v1/builder/blocks 200" duration=0.040938 method=POST path=/relay/v1/builder/blocks service=relay/api status=200 version=6fc57d1-dev
time="2024-12-06T21:04:14Z" level=info msg="execution payload delivered" blobGasUsed=0 blockHash=0xf60dc993dfb7cef00c41db0bafe1fcb6b6a74a6fc71f3ab936d6a97931651c1e blockNumber=71 contentLength=3485 excessBlobGas=0 feeRecipient=0x8943545177806ED17B9F23F0a21ee5948eCaa776 headSlot=70 headSlotEpochPos=7 idArg= method=getPayload mevBoostV=v1.8.1 msIntoSlot=196 numBlobs=0 numTx=114 proposerIndex=95 proposerPubkey=0x986a201d308cce68d381d103680725fbce0fd9f618de12d371fd5c909049ba3081de693de9e0560364c201505b2fabaa service=relay/api slot=71 slotEpochPos=8 slotStartSec=1733519053 timestampAfterAlreadyDeliveredCheck=1733519053210 timestampAfterDecode=1733519053196 timestampAfterLoadResponse=1733519053209 timestampAfterPublishing=1733519053264 timestampAfterSignatureVerify=1733519053198 timestampBeforePublishing=1733519053211 timestampRequestStart=1733519053195 ua="mev-boost/v1.8.1 Lighthouse/v5.3.0-2e0eb6d" version=6fc57d1-dev
time="2024-12-06T21:04:14Z" level=info msg="failed to get bidTrace for delivered payload from redis" blobGasUsed=0 blockHash=0xf60dc993dfb7cef00c41db0bafe1fcb6b6a74a6fc71f3ab936d6a97931651c1e blockNumber=71 contentLength=3485 error="redis: nil" excessBlobGas=0 feeRecipient=0x8943545177806ED17B9F23F0a21ee5948eCaa776 headSlot=70 headSlotEpochPos=7 idArg= method=getPayload mevBoostV=v1.8.1 msIntoSlot=196 numBlobs=0 numTx=114 proposerIndex=95 proposerPubkey=0x986a201d308cce68d381d103680725fbce0fd9f618de12d371fd5c909049ba3081de693de9e0560364c201505b2fabaa service=relay/api slot=71 slotEpochPos=8 slotStartSec=1733519053 timestampAfterAlreadyDeliveredCheck=1733519053210 timestampAfterDecode=1733519053196 timestampAfterLoadResponse=1733519053209 timestampAfterPublishing=1733519053264 timestampAfterSignatureVerify=1733519053198 timestampBeforePublishing=1733519053211 timestampRequestStart=1733519053195 ua="mev-boost/v1.8.1 Lighthouse/v5.3.0-2e0eb6d" version=6fc57d1-dev
time="2024-12-06T21:04:14Z" level=info msg="request finished" blobGasUsed=0 blockHash=0xf60dc993dfb7cef00c41db0bafe1fcb6b6a74a6fc71f3ab936d6a97931651c1e blockNumber=71 contentLength=3485 excessBlobGas=0 feeRecipient=0x8943545177806ED17B9F23F0a21ee5948eCaa776 headSlot=70 headSlotEpochPos=7 idArg= method=getPayload mevBoostV=v1.8.1 msIntoSlot=196 numBlobs=0 numTx=114 proposerIndex=95 proposerPubkey=0x986a201d308cce68d381d103680725fbce0fd9f618de12d371fd5c909049ba3081de693de9e0560364c201505b2fabaa requestDurationMs=1072 service=relay/api slot=71 slotEpochPos=8 slotStartSec=1733519053 timestampAfterAlreadyDeliveredCheck=1733519053210 timestampAfterDecode=1733519053196 timestampAfterLoadResponse=1733519053209 timestampAfterPublishing=1733519053264 timestampAfterSignatureVerify=1733519053198 timestampBeforePublishing=1733519053211 timestampRequestFin=1733519054268 timestampRequestStart=1733519053195 ua="mev-boost/v1.8.1 Lighthouse/v5.3.0-2e0eb6d" version=6fc57d1-dev
time="2024-12-06T21:04:14Z" level=info msg="http: POST /eth/v1/builder/blinded_blocks 200" duration=1.072861 method=POST path=/eth/v1/builder/blinded_blocks service=relay/api status=200 version=6fc57d1-dev
time="2024-12-06T21:04:14Z" level=info msg="request initiated" cancellationEnabled=false contentLength=19693 headSlot=71 method=submitNewBlock service=relay/api timestampRequestStart=1733519054290 version=6fc57d1-dev
time="2024-12-06T21:04:14Z" level=info msg="block validation successful" blobGasUsed=0 blockHash=0x3f4e332c17770b6105106e5c985322f79a8d2e1505268a6ad03504a5ac104101 builderIsHighPrio=false builderPubkey=0xaa1488eae4b06a1fff840a2b6db167afc520758dc2c8af0dfb57037954df3431b747e2f900fe8805f05d635e9a29717b cancellationEnabled=false contentLength=19693 durationMs=19 excessBlobGas=0 fastTrackValidation=false headSlot=71 isLargeRequest=false method=submitNewBlock newBidIsTopBid=true numBlobs=0 numTx=76 numWaiting=0 parentHash=0xf60dc993dfb7cef00c41db0bafe1fcb6b6a74a6fc71f3ab936d6a97931651c1e payloadBytes=19693 proposerPubkey=0xb1f2588848bded71a0ad83d124b5ff2d1ab964068e4eab97edc678eddc9aaa6175b51f561c4ec96c818ad5f6c59aa936 reqContentType=json reqIsGzip=false service=relay/api slot=72 timestampAfterCheckingFloorBid=1733519054295 timestampAfterCheckingTopBid=1733519054295 timestampAfterDecoding=1733519054292 timestampAfterSignatureCheck=1733519054294 timestampBeforeCheckingFloorBid=1733519054294 timestampBeforeCheckingTopBid=1733519054295 timestampBeforeSignatureCheck=1733519054292 timestampBeforeValidation=1733519054295 timestampRequestStart=1733519054290 topBidValue=2243207866452000 value=2369584919352000 version=6fc57d1-dev
time="2024-12-06T21:04:14Z" level=info msg="received block from builder" blobGasUsed=0 blockHash=0x3f4e332c17770b6105106e5c985322f79a8d2e1505268a6ad03504a5ac104101 builderIsHighPrio=false builderPubkey=0xaa1488eae4b06a1fff840a2b6db167afc520758dc2c8af0dfb57037954df3431b747e2f900fe8805f05d635e9a29717b cancellationEnabled=false contentLength=19693 excessBlobGas=0 fastTrackValidation=false headSlot=71 isLargeRequest=false method=submitNewBlock newBidIsTopBid=true numBlobs=0 numTx=76 parentHash=0xf60dc993dfb7cef00c41db0bafe1fcb6b6a74a6fc71f3ab936d6a97931651c1e payloadBytes=19693 prevTopBidValue=2243207866452000 profileDecodeUs=1203 profilePrechecksUs=3584 profileRedisSavePayloadUs=127 profileRedisUpdateFloorUs=154 profileRedisUpdateTopBidUs=848 profileRedisUs=3978 profileSimUs=19470 profileTotalUs=28710 proposerPubkey=0xb1f2588848bded71a0ad83d124b5ff2d1ab964068e4eab97edc678eddc9aaa6175b51f561c4ec96c818ad5f6c59aa936 reqContentType=json reqIsGzip=false service=relay/api slot=72 timestampAfterBidUpdate=1733519054319 timestampAfterCheckingFloorBid=1733519054295 timestampAfterCheckingTopBid=1733519054295 timestampAfterDecoding=1733519054292 timestampAfterSignatureCheck=1733519054294 timestampAfterValidation=1733519054315 timestampBeforeCheckingFloorBid=1733519054294 timestampBeforeCheckingTopBid=1733519054295 timestampBeforeSignatureCheck=1733519054292 timestampBeforeValidation=1733519054295 timestampEligibleAt=1733519054319 timestampRequestStart=1733519054290 topBidValue=2369584919352000 validationDurationMs=19 value=2369584919352000 version=6fc57d1-dev wasBidSavedInRedis=true wasTopBidUpdated=true
time="2024-12-06T21:04:14Z" level=info msg="request finished" blobGasUsed=0 blockHash=0x3f4e332c17770b6105106e5c985322f79a8d2e1505268a6ad03504a5ac104101 builderIsHighPrio=false builderPubkey=0xaa1488eae4b06a1fff840a2b6db167afc520758dc2c8af0dfb57037954df3431b747e2f900fe8805f05d635e9a29717b cancellationEnabled=false contentLength=19693 excessBlobGas=0 fastTrackValidation=false headSlot=71 isLargeRequest=false method=submitNewBlock newBidIsTopBid=true numBlobs=0 numTx=76 parentHash=0xf60dc993dfb7cef00c41db0bafe1fcb6b6a74a6fc71f3ab936d6a97931651c1e payloadBytes=19693 prevTopBidValue=2243207866452000 profileRedisSavePayloadUs=127 profileRedisUpdateFloorUs=154 profileRedisUpdateTopBidUs=848 proposerPubkey=0xb1f2588848bded71a0ad83d124b5ff2d1ab964068e4eab97edc678eddc9aaa6175b51f561c4ec96c818ad5f6c59aa936 reqContentType=json reqIsGzip=false requestDurationMs=41 service=relay/api slot=72 timestampAfterBidUpdate=1733519054319 timestampAfterCheckingFloorBid=1733519054295 timestampAfterCheckingTopBid=1733519054295 timestampAfterDecoding=1733519054292 timestampAfterSignatureCheck=1733519054294 timestampAfterValidation=1733519054315 timestampBeforeCheckingFloorBid=1733519054294 timestampBeforeCheckingTopBid=1733519054295 timestampBeforeSignatureCheck=1733519054292 timestampBeforeValidation=1733519054295 timestampEligibleAt=1733519054319 timestampRequestFin=1733519054331 timestampRequestStart=1733519054290 topBidValue=2369584919352000 validationDurationMs=19 value=2369584919352000 version=6fc57d1-dev wasBidSavedInRedis=true wasTopBidUpdated=true
time="2024-12-06T21:04:14Z" level=info msg="http: POST /relay/v1/builder/blocks 200" duration=0.041840 method=POST path=/relay/v1/builder/blocks service=relay/api status=200 version=6fc57d1-dev
time="2024-12-06T21:04:14Z" level=info msg="finished publish block request" beaconPublishURI="http://172.16.4.15:4000" beaconURI="http://172.16.4.15:4000" component=beaconInstance encodeDurationMs=2 payloadBytes=32001 publishContentType=json publishDurationMs=1146 service=relay/api slot=71 version=6fc57d1-dev
time="2024-12-06T21:04:15Z" level=info msg="payload attributes received for slot: 73" service=relay/api version=6fc57d1-dev
time="2024-12-06T21:04:15Z" level=info msg="updated payload attributes" headSlot=71 payloadAttrParent=0xf60dc993dfb7cef00c41db0bafe1fcb6b6a74a6fc71f3ab936d6a97931651c1e payloadAttrSlot=73 randao=0x89de2b09ee4883a502551ba6f01239f3d92e56962149fdbcbcf68327162bc3ec service=relay/api timestamp=1733519057 version=6fc57d1-dev withdrawalsRoot=0x792930bbd5baac43bcc798ee49aa8185ef76bb3b44ba62b91d86ae569e4bb535
time="2024-12-06T21:04:15Z" level=debug msg="getHeader request received" headSlot=71 method=getHeader mevBoostV=v1.8.1 msIntoSlot=7 parentHash=0xf60dc993dfb7cef00c41db0bafe1fcb6b6a74a6fc71f3ab936d6a97931651c1e pubkey=0xb1f2588848bded71a0ad83d124b5ff2d1ab964068e4eab97edc678eddc9aaa6175b51f561c4ec96c818ad5f6c59aa936 requestTimestamp=1733519055 service=relay/api slot=72 slotStartSec=1733519055 ua="mev-boost/v1.8.1 Lighthouse/v5.3.0-2e0eb6d" version=6fc57d1-dev
time="2024-12-06T21:04:15Z" level=debug msg="getPayload response from redis" datastoreMethod=GetGetPayloadResponse headSlot=71 method=getHeader mevBoostV=v1.8.1 msIntoSlot=7 parentHash=0xf60dc993dfb7cef00c41db0bafe1fcb6b6a74a6fc71f3ab936d6a97931651c1e pubkey=0xb1f2588848bded71a0ad83d124b5ff2d1ab964068e4eab97edc678eddc9aaa6175b51f561c4ec96c818ad5f6c59aa936 requestTimestamp=1733519055 service=relay/api slot=72 slotStartSec=1733519055 ua="mev-boost/v1.8.1 Lighthouse/v5.3.0-2e0eb6d" version=6fc57d1-dev
time="2024-12-06T21:04:15Z" level=info msg="parent beacon root found in payload attributes" service=relay/api version=6fc57d1-dev
time="2024-12-06T21:04:15Z" level=error msg="failed to enrich bid with PROF" error="failed to receive enrich block response: rpc error: code = Internal desc = Error retrieving PROF bundle: no bundles available for processing" headSlot=71 method=getHeader mevBoostV=v1.8.1 msIntoSlot=7 parentHash=0xf60dc993dfb7cef00c41db0bafe1fcb6b6a74a6fc71f3ab936d6a97931651c1e pubkey=0xb1f2588848bded71a0ad83d124b5ff2d1ab964068e4eab97edc678eddc9aaa6175b51f561c4ec96c818ad5f6c59aa936 requestTimestamp=1733519055 service=relay/api slot=72 slotStartSec=1733519055 ua="mev-boost/v1.8.1 Lighthouse/v5.3.0-2e0eb6d" version=6fc57d1-dev
time="2024-12-06T21:04:15Z" level=info msg="http: GET /eth/v1/builder/header/72/0xf60dc993dfb7cef00c41db0bafe1fcb6b6a74a6fc71f3ab936d6a97931651c1e/0xb1f2588848bded71a0ad83d124b5ff2d1ab964068e4eab97edc678eddc9aaa6175b51f561c4ec96c818ad5f6c59aa936 500" duration=0.003236 method=GET path=/eth/v1/builder/header/72/0xf60dc993dfb7cef00c41db0bafe1fcb6b6a74a6fc71f3ab936d6a97931651c1e/0xb1f2588848bded71a0ad83d124b5ff2d1ab964068e4eab97edc678eddc9aaa6175b51f561c4ec96c818ad5f6c59aa936 service=relay/api status=500 version=6fc57d1-dev
time="2024-12-06T21:04:15Z" level=info msg="updated headSlot to 72" epoch=2 service=relay/api slotHead=72 slotStartNextEpoch=96 version=6fc57d1-dev
time="2024-12-06T21:04:15Z" level=info msg="proposer duties updated: 100, 101, 102, 103, 104, 105, 106, 107, 108, 109, 110, 111, 112, 113, 114, 115, 116, 117, 118, 119, 120, 121, 122, 123, 124, 125, 126, 127, 64, 65, 66, 67, 68, 69, 70, 71, 72, 73, 74, 75, 76, 77, 78, 79, 80, 81, 82, 83, 84, 85, 86, 87, 88, 89, 90, 91, 92, 93, 94, 95, 96, 97, 98, 99" service=relay/api version=6fc57d1-dev
time="2024-12-06T21:04:15Z" level=info msg="payload attributes received for slot: 73" service=relay/api version=6fc57d1-dev
time="2024-12-06T21:04:15Z" level=info msg="updated payload attributes" headSlot=72 payloadAttrParent=0x15c16b2a9f6895023c005236df04d6b9860bea2e4826ed6167bb670f9c62c81d payloadAttrSlot=73 randao=0x4b1590c5e4c0750cc3948add53d3e8a2b534aa7424f74d6bd9952815ac90aeeb service=relay/api timestamp=1733519057 version=6fc57d1-dev withdrawalsRoot=0x792930bbd5baac43bcc798ee49aa8185ef76bb3b44ba62b91d86ae569e4bb535
time="2024-12-06T21:04:15Z" level=debug msg="Updating builder cache with 1 builders from database" service=relay/api version=6fc57d1-dev
time="2024-12-06T21:04:15Z" level=info msg="request initiated" cancellationEnabled=false contentLength=2109 headSlot=72 method=submitNewBlock service=relay/api timestampRequestStart=1733519055666 version=6fc57d1-dev
time="2024-12-06T21:04:15Z" level=info msg="submitNewBlock failed: block with 0 value or no txs" blobGasUsed=0 blockHash=0x378ab602be7ffc9a1a4f37571bf557b26e3cebb4ad54b0424322138e33c0563a builderIsHighPrio=false builderPubkey=0xaa1488eae4b06a1fff840a2b6db167afc520758dc2c8af0dfb57037954df3431b747e2f900fe8805f05d635e9a29717b cancellationEnabled=false contentLength=2109 excessBlobGas=0 headSlot=72 isLargeRequest=false method=submitNewBlock numBlobs=0 numTx=0 parentHash=0x15c16b2a9f6895023c005236df04d6b9860bea2e4826ed6167bb670f9c62c81d payloadBytes=2109 proposerPubkey=0xb43ccb05317c2b666470ab251e987d6bf31f5ead6b5edac5fe007dd334ae6ce1a92e24c19e5ab387cd8fa253b63bb78c reqContentType=json reqIsGzip=false service=relay/api slot=73 timestampAfterDecoding=1733519055666 timestampRequestStart=1733519055666 value=0 version=6fc57d1-dev
time="2024-12-06T21:04:15Z" level=info msg="request finished" blobGasUsed=0 blockHash=0x378ab602be7ffc9a1a4f37571bf557b26e3cebb4ad54b0424322138e33c0563a builderIsHighPrio=false builderPubkey=0xaa1488eae4b06a1fff840a2b6db167afc520758dc2c8af0dfb57037954df3431b747e2f900fe8805f05d635e9a29717b cancellationEnabled=false contentLength=2109 excessBlobGas=0 headSlot=72 isLargeRequest=false method=submitNewBlock numBlobs=0 numTx=0 parentHash=0x15c16b2a9f6895023c005236df04d6b9860bea2e4826ed6167bb670f9c62c81d payloadBytes=2109 proposerPubkey=0xb43ccb05317c2b666470ab251e987d6bf31f5ead6b5edac5fe007dd334ae6ce1a92e24c19e5ab387cd8fa253b63bb78c reqContentType=json reqIsGzip=false requestDurationMs=0 service=relay/api slot=73 timestampAfterDecoding=1733519055666 timestampRequestFin=1733519055666 timestampRequestStart=1733519055666 value=0 version=6fc57d1-dev
time="2024-12-06T21:04:15Z" level=info msg="http: POST /relay/v1/builder/blocks 200" duration=0.000923 method=POST path=/relay/v1/builder/blocks service=relay/api status=200 version=6fc57d1-dev
time="2024-12-06T21:04:16Z" level=info msg="request initiated" cancellationEnabled=false contentLength=2799 headSlot=72 method=submitNewBlock service=relay/api timestampRequestStart=1733519056166 version=6fc57d1-dev
time="2024-12-06T21:04:16Z" level=info msg="block validation successful" blobGasUsed=0 blockHash=0x9f83c152e804781b979f91fc5168ad4440874c6b34d2c209cd5f49ddc48f06e7 builderIsHighPrio=false builderPubkey=0xaa1488eae4b06a1fff840a2b6db167afc520758dc2c8af0dfb57037954df3431b747e2f900fe8805f05d635e9a29717b cancellationEnabled=false contentLength=2799 durationMs=5 excessBlobGas=0 fastTrackValidation=false headSlot=72 isLargeRequest=false method=submitNewBlock newBidIsTopBid=true numBlobs=0 numTx=2 numWaiting=0 parentHash=0x15c16b2a9f6895023c005236df04d6b9860bea2e4826ed6167bb670f9c62c81d payloadBytes=2799 proposerPubkey=0xb43ccb05317c2b666470ab251e987d6bf31f5ead6b5edac5fe007dd334ae6ce1a92e24c19e5ab387cd8fa253b63bb78c reqContentType=json reqIsGzip=false service=relay/api slot=73 timestampAfterCheckingFloorBid=1733519056171 timestampAfterCheckingTopBid=1733519056171 timestampAfterDecoding=1733519056167 timestampAfterSignatureCheck=1733519056170 timestampBeforeCheckingFloorBid=1733519056170 timestampBeforeCheckingTopBid=1733519056171 timestampBeforeSignatureCheck=1733519056167 timestampBeforeValidation=1733519056171 timestampRequestStart=1733519056166 topBidValue=0 value=83368133007220 version=6fc57d1-dev
time="2024-12-06T21:04:16Z" level=info msg="received block from builder" blobGasUsed=0 blockHash=0x9f83c152e804781b979f91fc5168ad4440874c6b34d2c209cd5f49ddc48f06e7 builderIsHighPrio=false builderPubkey=0xaa1488eae4b06a1fff840a2b6db167afc520758dc2c8af0dfb57037954df3431b747e2f900fe8805f05d635e9a29717b cancellationEnabled=false contentLength=2799 excessBlobGas=0 fastTrackValidation=false headSlot=72 isLargeRequest=false method=submitNewBlock newBidIsTopBid=true numBlobs=0 numTx=2 parentHash=0x15c16b2a9f6895023c005236df04d6b9860bea2e4826ed6167bb670f9c62c81d payloadBytes=2799 prevTopBidValue=0 profileDecodeUs=594 profilePrechecksUs=4205 profileRedisSavePayloadUs=33 profileRedisUpdateFloorUs=118 profileRedisUpdateTopBidUs=232 profileRedisUs=1417 profileSimUs=5285 profileTotalUs=11983 proposerPubkey=0xb43ccb05317c2b666470ab251e987d6bf31f5ead6b5edac5fe007dd334ae6ce1a92e24c19e5ab387cd8fa253b63bb78c reqContentType=json reqIsGzip=false service=relay/api slot=73 timestampAfterBidUpdate=1733519056178 timestampAfterCheckingFloorBid=1733519056171 timestampAfterCheckingTopBid=1733519056171 timestampAfterDecoding=1733519056167 timestampAfterSignatureCheck=1733519056170 timestampAfterValidation=1733519056176 timestampBeforeCheckingFloorBid=1733519056170 timestampBeforeCheckingTopBid=1733519056171 timestampBeforeSignatureCheck=1733519056167 timestampBeforeValidation=1733519056171 timestampEligibleAt=1733519056178 timestampRequestStart=1733519056166 topBidValue=83368133007220 validationDurationMs=5 value=83368133007220 version=6fc57d1-dev wasBidSavedInRedis=true wasTopBidUpdated=true
time="2024-12-06T21:04:16Z" level=info msg="request finished" blobGasUsed=0 blockHash=0x9f83c152e804781b979f91fc5168ad4440874c6b34d2c209cd5f49ddc48f06e7 builderIsHighPrio=false builderPubkey=0xaa1488eae4b06a1fff840a2b6db167afc520758dc2c8af0dfb57037954df3431b747e2f900fe8805f05d635e9a29717b cancellationEnabled=false contentLength=2799 excessBlobGas=0 fastTrackValidation=false headSlot=72 isLargeRequest=false method=submitNewBlock newBidIsTopBid=true numBlobs=0 numTx=2 parentHash=0x15c16b2a9f6895023c005236df04d6b9860bea2e4826ed6167bb670f9c62c81d payloadBytes=2799 prevTopBidValue=0 profileRedisSavePayloadUs=33 profileRedisUpdateFloorUs=118 profileRedisUpdateTopBidUs=232 proposerPubkey=0xb43ccb05317c2b666470ab251e987d6bf31f5ead6b5edac5fe007dd334ae6ce1a92e24c19e5ab387cd8fa253b63bb78c reqContentType=json reqIsGzip=false requestDurationMs=16 service=relay/api slot=73 timestampAfterBidUpdate=1733519056178 timestampAfterCheckingFloorBid=1733519056171 timestampAfterCheckingTopBid=1733519056171 timestampAfterDecoding=1733519056167 timestampAfterSignatureCheck=1733519056170 timestampAfterValidation=1733519056176 timestampBeforeCheckingFloorBid=1733519056170 timestampBeforeCheckingTopBid=1733519056171 timestampBeforeSignatureCheck=1733519056167 timestampBeforeValidation=1733519056171 timestampEligibleAt=1733519056178 timestampRequestFin=1733519056182 timestampRequestStart=1733519056166 topBidValue=83368133007220 validationDurationMs=5 value=83368133007220 version=6fc57d1-dev wasBidSavedInRedis=true wasTopBidUpdated=true
time="2024-12-06T21:04:16Z" level=info msg="http: POST /relay/v1/builder/blocks 200" duration=0.017365 method=POST path=/relay/v1/builder/blocks service=relay/api status=200 version=6fc57d1-dev
time="2024-12-06T21:04:16Z" level=info msg="request initiated" cancellationEnabled=false contentLength=20391 headSlot=72 method=submitNewBlock service=relay/api timestampRequestStart=1733519056671 version=6fc57d1-dev
time="2024-12-06T21:04:16Z" level=info msg="block validation successful" blobGasUsed=0 blockHash=0xc6480994073d4c88bfb15742147af275a4f00dafafae26f7f47d37c4056d2aee builderIsHighPrio=false builderPubkey=0xaa1488eae4b06a1fff840a2b6db167afc520758dc2c8af0dfb57037954df3431b747e2f900fe8805f05d635e9a29717b cancellationEnabled=false contentLength=20391 durationMs=14 excessBlobGas=0 fastTrackValidation=false headSlot=72 isLargeRequest=false method=submitNewBlock newBidIsTopBid=true numBlobs=0 numTx=40 numWaiting=0 parentHash=0x15c16b2a9f6895023c005236df04d6b9860bea2e4826ed6167bb670f9c62c81d payloadBytes=20391 proposerPubkey=0xb43ccb05317c2b666470ab251e987d6bf31f5ead6b5edac5fe007dd334ae6ce1a92e24c19e5ab387cd8fa253b63bb78c reqContentType=json reqIsGzip=false service=relay/api slot=73 timestampAfterCheckingFloorBid=1733519056676 timestampAfterCheckingTopBid=1733519056676 timestampAfterDecoding=1733519056673 timestampAfterSignatureCheck=1733519056676 timestampBeforeCheckingFloorBid=1733519056676 timestampBeforeCheckingTopBid=1733519056676 timestampBeforeSignatureCheck=1733519056673 timestampBeforeValidation=1733519056676 timestampRequestStart=1733519056671 topBidValue=83368133007220 value=2395967219952896 version=6fc57d1-dev
time="2024-12-06T21:04:16Z" level=info msg="received block from builder" blobGasUsed=0 blockHash=0xc6480994073d4c88bfb15742147af275a4f00dafafae26f7f47d37c4056d2aee builderIsHighPrio=false builderPubkey=0xaa1488eae4b06a1fff840a2b6db167afc520758dc2c8af0dfb57037954df3431b747e2f900fe8805f05d635e9a29717b cancellationEnabled=false contentLength=20391 excessBlobGas=0 fastTrackValidation=false headSlot=72 isLargeRequest=false method=submitNewBlock newBidIsTopBid=true numBlobs=0 numTx=40 parentHash=0x15c16b2a9f6895023c005236df04d6b9860bea2e4826ed6167bb670f9c62c81d payloadBytes=20391 prevTopBidValue=83368133007220 profileDecodeUs=1447 profilePrechecksUs=3900 profileRedisSavePayloadUs=158 profileRedisUpdateFloorUs=101 profileRedisUpdateTopBidUs=372 profileRedisUs=3236 profileSimUs=14886 profileTotalUs=23624 proposerPubkey=0xb43ccb05317c2b666470ab251e987d6bf31f5ead6b5edac5fe007dd334ae6ce1a92e24c19e5ab387cd8fa253b63bb78c reqContentType=json reqIsGzip=false service=relay/api slot=73 timestampAfterBidUpdate=1733519056695 timestampAfterCheckingFloorBid=1733519056676 timestampAfterCheckingTopBid=1733519056676 timestampAfterDecoding=1733519056673 timestampAfterSignatureCheck=1733519056676 timestampAfterValidation=1733519056691 timestampBeforeCheckingFloorBid=1733519056676 timestampBeforeCheckingTopBid=1733519056676 timestampBeforeSignatureCheck=1733519056673 timestampBeforeValidation=1733519056676 timestampEligibleAt=1733519056695 timestampRequestStart=1733519056671 topBidValue=2395967219952896 validationDurationMs=14 value=2395967219952896 version=6fc57d1-dev wasBidSavedInRedis=true wasTopBidUpdated=true
time="2024-12-06T21:04:16Z" level=info msg="request finished" blobGasUsed=0 blockHash=0xc6480994073d4c88bfb15742147af275a4f00dafafae26f7f47d37c4056d2aee builderIsHighPrio=false builderPubkey=0xaa1488eae4b06a1fff840a2b6db167afc520758dc2c8af0dfb57037954df3431b747e2f900fe8805f05d635e9a29717b cancellationEnabled=false contentLength=20391 excessBlobGas=0 fastTrackValidation=false headSlot=72 isLargeRequest=false method=submitNewBlock newBidIsTopBid=true numBlobs=0 numTx=40 parentHash=0x15c16b2a9f6895023c005236df04d6b9860bea2e4826ed6167bb670f9c62c81d payloadBytes=20391 prevTopBidValue=83368133007220 profileRedisSavePayloadUs=158 profileRedisUpdateFloorUs=101 profileRedisUpdateTopBidUs=372 proposerPubkey=0xb43ccb05317c2b666470ab251e987d6bf31f5ead6b5edac5fe007dd334ae6ce1a92e24c19e5ab387cd8fa253b63bb78c reqContentType=json reqIsGzip=false requestDurationMs=38 service=relay/api slot=73 timestampAfterBidUpdate=1733519056695 timestampAfterCheckingFloorBid=1733519056676 timestampAfterCheckingTopBid=1733519056676 timestampAfterDecoding=1733519056673 timestampAfterSignatureCheck=1733519056676 timestampAfterValidation=1733519056691 timestampBeforeCheckingFloorBid=1733519056676 timestampBeforeCheckingTopBid=1733519056676 timestampBeforeSignatureCheck=1733519056673 timestampBeforeValidation=1733519056676 timestampEligibleAt=1733519056695 timestampRequestFin=1733519056709 timestampRequestStart=1733519056671 topBidValue=2395967219952896 validationDurationMs=14 value=2395967219952896 version=6fc57d1-dev wasBidSavedInRedis=true wasTopBidUpdated=true
time="2024-12-06T21:04:16Z" level=info msg="http: POST /relay/v1/builder/blocks 200" duration=0.038350 method=POST path=/relay/v1/builder/blocks service=relay/api status=200 version=6fc57d1-dev
time="2024-12-06T21:04:17Z" level=info msg="payload attributes received for slot: 74" service=relay/api version=6fc57d1-dev
time="2024-12-06T21:04:17Z" level=info msg="updated payload attributes" headSlot=72 payloadAttrParent=0x15c16b2a9f6895023c005236df04d6b9860bea2e4826ed6167bb670f9c62c81d payloadAttrSlot=74 randao=0x4b1590c5e4c0750cc3948add53d3e8a2b534aa7424f74d6bd9952815ac90aeeb service=relay/api timestamp=1733519059 version=6fc57d1-dev withdrawalsRoot=0x792930bbd5baac43bcc798ee49aa8185ef76bb3b44ba62b91d86ae569e4bb535
time="2024-12-06T21:04:17Z" level=debug msg="getHeader request received" headSlot=72 method=getHeader mevBoostV=v1.8.1 msIntoSlot=6 parentHash=0x15c16b2a9f6895023c005236df04d6b9860bea2e4826ed6167bb670f9c62c81d pubkey=0xb43ccb05317c2b666470ab251e987d6bf31f5ead6b5edac5fe007dd334ae6ce1a92e24c19e5ab387cd8fa253b63bb78c requestTimestamp=1733519057 service=relay/api slot=73 slotStartSec=1733519057 ua="mev-boost/v1.8.1 Lighthouse/v5.3.0-2e0eb6d" version=6fc57d1-dev
time="2024-12-06T21:04:17Z" level=debug msg="getPayload response from redis" datastoreMethod=GetGetPayloadResponse headSlot=72 method=getHeader mevBoostV=v1.8.1 msIntoSlot=6 parentHash=0x15c16b2a9f6895023c005236df04d6b9860bea2e4826ed6167bb670f9c62c81d pubkey=0xb43ccb05317c2b666470ab251e987d6bf31f5ead6b5edac5fe007dd334ae6ce1a92e24c19e5ab387cd8fa253b63bb78c requestTimestamp=1733519057 service=relay/api slot=73 slotStartSec=1733519057 ua="mev-boost/v1.8.1 Lighthouse/v5.3.0-2e0eb6d" version=6fc57d1-dev
time="2024-12-06T21:04:17Z" level=info msg="parent beacon root found in payload attributes" service=relay/api version=6fc57d1-dev
time="2024-12-06T21:04:17Z" level=error msg="failed to enrich bid with PROF" error="failed to receive enrich block response: rpc error: code = Internal desc = Error retrieving PROF bundle: no bundles available for processing" headSlot=72 method=getHeader mevBoostV=v1.8.1 msIntoSlot=6 parentHash=0x15c16b2a9f6895023c005236df04d6b9860bea2e4826ed6167bb670f9c62c81d pubkey=0xb43ccb05317c2b666470ab251e987d6bf31f5ead6b5edac5fe007dd334ae6ce1a92e24c19e5ab387cd8fa253b63bb78c requestTimestamp=1733519057 service=relay/api slot=73 slotStartSec=1733519057 ua="mev-boost/v1.8.1 Lighthouse/v5.3.0-2e0eb6d" version=6fc57d1-dev
time="2024-12-06T21:04:17Z" level=info msg="http: GET /eth/v1/builder/header/73/0x15c16b2a9f6895023c005236df04d6b9860bea2e4826ed6167bb670f9c62c81d/0xb43ccb05317c2b666470ab251e987d6bf31f5ead6b5edac5fe007dd334ae6ce1a92e24c19e5ab387cd8fa253b63bb78c 500" duration=0.002460 method=GET path=/eth/v1/builder/header/73/0x15c16b2a9f6895023c005236df04d6b9860bea2e4826ed6167bb670f9c62c81d/0xb43ccb05317c2b666470ab251e987d6bf31f5ead6b5edac5fe007dd334ae6ce1a92e24c19e5ab387cd8fa253b63bb78c service=relay/api status=500 version=6fc57d1-dev
time="2024-12-06T21:04:17Z" level=info msg="updated headSlot to 73" epoch=2 service=relay/api slotHead=73 slotStartNextEpoch=96 version=6fc57d1-dev
time="2024-12-06T21:04:17Z" level=debug msg="RefreshKnownValidators init" datastoreMethod=RefreshKnownValidators headSlot=73 headSlotPos=10 lastUpdateSlot=67 service=relay/api version=6fc57d1-dev
time="2024-12-06T21:04:17Z" level=debug msg="Updating builder cache with 1 builders from database" service=relay/api version=6fc57d1-dev
time="2024-12-06T21:04:17Z" level=info msg="payload attributes received for slot: 74" service=relay/api version=6fc57d1-dev
time="2024-12-06T21:04:17Z" level=info msg="updated payload attributes" headSlot=73 payloadAttrParent=0x33904fa8bd3f836562f59fff6c06d62067539803fb45053fcf666caca9cc0f8f payloadAttrSlot=74 randao=0xa5d921ccc17bc3a60e963d26a5619aebd5a774acf6b3139883a06b3c4e17b1d4 service=relay/api timestamp=1733519059 version=6fc57d1-dev withdrawalsRoot=0x792930bbd5baac43bcc798ee49aa8185ef76bb3b44ba62b91d86ae569e4bb535
time="2024-12-06T21:04:17Z" level=info msg="request initiated" cancellationEnabled=false contentLength=45983 headSlot=73 method=submitNewBlock service=relay/api timestampRequestStart=1733519057649 version=6fc57d1-dev
time="2024-12-06T21:04:17Z" level=info msg="block validation successful" blobGasUsed=0 blockHash=0xd13db7f3b838953f245236aa05c700b133feedc9d882e39563aa7592422caf34 builderIsHighPrio=false builderPubkey=0xaa1488eae4b06a1fff840a2b6db167afc520758dc2c8af0dfb57037954df3431b747e2f900fe8805f05d635e9a29717b cancellationEnabled=false contentLength=45983 durationMs=23 excessBlobGas=0 fastTrackValidation=false headSlot=73 isLargeRequest=false method=submitNewBlock newBidIsTopBid=true numBlobs=0 numTx=96 numWaiting=0 parentHash=0x33904fa8bd3f836562f59fff6c06d62067539803fb45053fcf666caca9cc0f8f payloadBytes=45983 proposerPubkey=0x9918433b8f0bc5e126da3fdef8d7b71456492dae6d2d07f2e10c7a7f852046f84ed0ce6d3bfec42200670db27dcf3037 reqContentType=json reqIsGzip=false service=relay/api slot=74 timestampAfterCheckingFloorBid=1733519057656 timestampAfterCheckingTopBid=1733519057656 timestampAfterDecoding=1733519057653 timestampAfterSignatureCheck=1733519057655 timestampBeforeCheckingFloorBid=1733519057655 timestampBeforeCheckingTopBid=1733519057656 timestampBeforeSignatureCheck=1733519057653 timestampBeforeValidation=1733519057656 timestampRequestStart=1733519057649 topBidValue=0 value=6501497105958075 version=6fc57d1-dev
time="2024-12-06T21:04:17Z" level=info msg="received block from builder" blobGasUsed=0 blockHash=0xd13db7f3b838953f245236aa05c700b133feedc9d882e39563aa7592422caf34 builderIsHighPrio=false builderPubkey=0xaa1488eae4b06a1fff840a2b6db167afc520758dc2c8af0dfb57037954df3431b747e2f900fe8805f05d635e9a29717b cancellationEnabled=false contentLength=45983 excessBlobGas=0 fastTrackValidation=false headSlot=73 isLargeRequest=false method=submitNewBlock newBidIsTopBid=true numBlobs=0 numTx=96 parentHash=0x33904fa8bd3f836562f59fff6c06d62067539803fb45053fcf666caca9cc0f8f payloadBytes=45983 prevTopBidValue=0 profileDecodeUs=2942 profilePrechecksUs=3348 profileRedisSavePayloadUs=90 profileRedisUpdateFloorUs=165 profileRedisUpdateTopBidUs=513 profileRedisUs=2821 profileSimUs=23417 profileTotalUs=32838 proposerPubkey=0x9918433b8f0bc5e126da3fdef8d7b71456492dae6d2d07f2e10c7a7f852046f84ed0ce6d3bfec42200670db27dcf3037 reqContentType=json reqIsGzip=false service=relay/api slot=74 timestampAfterBidUpdate=1733519057682 timestampAfterCheckingFloorBid=1733519057656 timestampAfterCheckingTopBid=1733519057656 timestampAfterDecoding=1733519057653 timestampAfterSignatureCheck=1733519057655 timestampAfterValidation=1733519057679 timestampBeforeCheckingFloorBid=1733519057655 timestampBeforeCheckingTopBid=1733519057656 timestampBeforeSignatureCheck=1733519057653 timestampBeforeValidation=1733519057656 timestampEligibleAt=1733519057682 timestampRequestStart=1733519057649 topBidValue=6501497105958075 validationDurationMs=23 value=6501497105958075 version=6fc57d1-dev wasBidSavedInRedis=true wasTopBidUpdated=true
time="2024-12-06T21:04:17Z" level=info msg="request finished" blobGasUsed=0 blockHash=0xd13db7f3b838953f245236aa05c700b133feedc9d882e39563aa7592422caf34 builderIsHighPrio=false builderPubkey=0xaa1488eae4b06a1fff840a2b6db167afc520758dc2c8af0dfb57037954df3431b747e2f900fe8805f05d635e9a29717b cancellationEnabled=false contentLength=45983 excessBlobGas=0 fastTrackValidation=false headSlot=73 isLargeRequest=false method=submitNewBlock newBidIsTopBid=true numBlobs=0 numTx=96 parentHash=0x33904fa8bd3f836562f59fff6c06d62067539803fb45053fcf666caca9cc0f8f payloadBytes=45983 prevTopBidValue=0 profileRedisSavePayloadUs=90 profileRedisUpdateFloorUs=165 profileRedisUpdateTopBidUs=513 proposerPubkey=0x9918433b8f0bc5e126da3fdef8d7b71456492dae6d2d07f2e10c7a7f852046f84ed0ce6d3bfec42200670db27dcf3037 reqContentType=json reqIsGzip=false requestDurationMs=44 service=relay/api slot=74 timestampAfterBidUpdate=1733519057682 timestampAfterCheckingFloorBid=1733519057656 timestampAfterCheckingTopBid=1733519057656 timestampAfterDecoding=1733519057653 timestampAfterSignatureCheck=1733519057655 timestampAfterValidation=1733519057679 timestampBeforeCheckingFloorBid=1733519057655 timestampBeforeCheckingTopBid=1733519057656 timestampBeforeSignatureCheck=1733519057653 timestampBeforeValidation=1733519057656 timestampEligibleAt=1733519057682 timestampRequestFin=1733519057694 timestampRequestStart=1733519057649 topBidValue=6501497105958075 validationDurationMs=23 value=6501497105958075 version=6fc57d1-dev wasBidSavedInRedis=true wasTopBidUpdated=true
time="2024-12-06T21:04:17Z" level=info msg="http: POST /relay/v1/builder/blocks 200" duration=0.044538 method=POST path=/relay/v1/builder/blocks service=relay/api status=200 version=6fc57d1-dev
time="2024-12-06T21:04:19Z" level=info msg="payload attributes received for slot: 75" service=relay/api version=6fc57d1-dev
time="2024-12-06T21:04:19Z" level=info msg="updated payload attributes" headSlot=73 payloadAttrParent=0x33904fa8bd3f836562f59fff6c06d62067539803fb45053fcf666caca9cc0f8f payloadAttrSlot=75 randao=0xa5d921ccc17bc3a60e963d26a5619aebd5a774acf6b3139883a06b3c4e17b1d4 service=relay/api timestamp=1733519061 version=6fc57d1-dev withdrawalsRoot=0x792930bbd5baac43bcc798ee49aa8185ef76bb3b44ba62b91d86ae569e4bb535
time="2024-12-06T21:04:19Z" level=debug msg="getHeader request received" headSlot=73 method=getHeader mevBoostV=v1.8.1 msIntoSlot=7 parentHash=0x33904fa8bd3f836562f59fff6c06d62067539803fb45053fcf666caca9cc0f8f pubkey=0x9918433b8f0bc5e126da3fdef8d7b71456492dae6d2d07f2e10c7a7f852046f84ed0ce6d3bfec42200670db27dcf3037 requestTimestamp=1733519059 service=relay/api slot=74 slotStartSec=1733519059 ua="mev-boost/v1.8.1 Lighthouse/v5.3.0-2e0eb6d" version=6fc57d1-dev
time="2024-12-06T21:04:19Z" level=debug msg="getPayload response from redis" datastoreMethod=GetGetPayloadResponse headSlot=73 method=getHeader mevBoostV=v1.8.1 msIntoSlot=7 parentHash=0x33904fa8bd3f836562f59fff6c06d62067539803fb45053fcf666caca9cc0f8f pubkey=0x9918433b8f0bc5e126da3fdef8d7b71456492dae6d2d07f2e10c7a7f852046f84ed0ce6d3bfec42200670db27dcf3037 requestTimestamp=1733519059 service=relay/api slot=74 slotStartSec=1733519059 ua="mev-boost/v1.8.1 Lighthouse/v5.3.0-2e0eb6d" version=6fc57d1-dev
time="2024-12-06T21:04:19Z" level=info msg="parent beacon root found in payload attributes" service=relay/api version=6fc57d1-dev
time="2024-12-06T21:04:19Z" level=info msg="enrich block response received / responseuuid:\"be931637-45d9-4f8c-b938-f340b90bf224\" executionPayloadHeader:{ParentHash:\"3\\x90O\\xa8\\xbd?\\x83eb\\xf5\\x9f\\xffl\\x06\\xd6 gS\\x98\\x03\\xfbE\\x05?\\xcffl\\xac\\xa9\\xcc\\x0f\\x8f\" StateRoot:\"\\xa7\\xc2 ߍ\\xb3C\\xeb\\xbc\\xf8\\xbaB\\xb6\\x1dG|\\x8d\\xb5\\xbc[\\xb7?\\xa26J\\xf7\\x8d\\xe1\\xa4B#0\" ReceiptsRoot:\"d\\xd7\\xfd\\xb3\\xb7\\xbd\\x05\\xb7P\\x9b\\xefO\\xc8]\\xa1}\\xa5)\\xddb\\xa8v\\x11\\xe5\\xa7\\xfcS\\xbb\\x80\\x0b\\xd0~\" LogsBloom:\"@ \\x00\\x00\\x00\\x00\\x00\\x00\\x00\\x00\\x00\\x00\\x80\\x00\\x00\\x00\\x00\\x00\\x00\\x00\\x00\\x01\\x00\\x00\\x00\\x00\\x00\\x00\\x00\\x00\\x00\\x00\\x00\\x00\\x00\\x00\\x00\\x02\\x80\\x00\\x00\\x00\\x00\\x00\\x00\\x00 \\x00\\x00\\x00\\x00\\x00\\x00\\x00\\x00\\x00\\x00\\x00\\x00\\x00 \\x00\\x00\\x00\\x00\\x00\\x00\\x00\\x00\\x00\\x00\\x00\\x00\\x00\\x00\\x08\\x00\\x00\\x00 \\x00\\x00\\x00\\x00\\x08\\x00\\x00\\x00\\x00\\x02\\x00\\x00\\x08\\x00\\x00\\x00\\x00\\x00\\x00\\x00\\x00 \\x00\\x00\\x00\\x00\\x00\\x00\\x10\\x00\\x00\\x00\\x00\\x00\\x00\\x00\\x00\\x00\\x00\\x00\\x00\\x00\\x00\\x10\\x00\\x00\\x00\\x00\\x00\\x00\\x00\\x00\\x00\\x00\\x00\\x00\\x00\\x10\\x00\\x00\\x00\\x00\\x00\\x00\\x00\\x00\\x00\\x00\\x00\\x00\\x00\\x08\\x00\\x00\\x00@\\x00\\x02\\x00\\x00\\x00\\x00\\x00\\x00\\x00\\x00\\x04\\x00\\x00\\x00\\x00\\x00\\x00\\x00\\x00@\\x00\\x00\\x00\\x00\\x00\\x00\\x00\\x02\\x00\\x00\\x00\\x00\\x00\\x00\\x00\\x00\\x00\\x00\\x10\\x02\\x00\\x00\\x00\\x00\\x00\\x00\\x00\\x00\\x00\\x00\\x00\\x00\\x00\\x00\\x00 \\x00\\x00\\x00\\x10\\x00\\x00\\x00\\x00\\x00\\x00\\x00\\x00\\x00\\x00\\x00\\x00\\x00\\x00\\x00\\x00\\x00\\x00\\x00\\x00\\x00\\x00\\x00\\x00\\x00\\x00\\x00\\x00\\x00\\x00\\x00\\x00\\x00\\x00\\x00\\x00\\x00\\x00\\x00\\x00\" PrevRandao:\"\\xa5\\xd9!\\xcc\\xc1{æ\\x0e\\x96=&\\xa5a\\x9a\\xebէt\\xac\\xf6\\xb3\\x13\\x98\\x83\\xa0k<N\\x17\\xb1\\xd4\" ExtraData:\"Illuminate Dmocratize Dstribute\" BaseFeePerGas:\"\\x01\\xfaX\" FeeRecipient:\"\\x89CTQw\\x80n\\xd1{\\x9f#\\xf0\\xa2\\x1e唎ʧv\" BlockHash:\"\\xfay\\x17D\\xf3\\x1c.\\x92\\x94F\\x7f\\x16\\xab8\\x80rlVfZ\\xe3\\xa1:6\\x13\\xa55r\\xc1\\xc3m\\xb9\" TransactionsRoot:\"6l\\x9aQH\\xb0nd\\xbb֑ڛ\\n\\x86>\\xce0)\\xa1ۣ\\xcac\\x831\\xa9\\x84T\\\"\\xe5\\x94\" WithdrawalsRoot:\"y)0\\xbbպ\\xacC\\xbcǘ\\xeeI\\xaa\\x81\\x85\\xefv\\xbb;D\\xbab\\xb9\\x1d\\x86\\xaeV\\x9eK\\xb55\" BlockNumber:74 GasLimit:26872461 Timestamp:1733519059 GasUsed:4449564} value:7037342105958075" service=relay/api version=6fc57d1-dev
time="2024-12-06T21:04:19Z" level=info msg="bid enriched with PROF" service=relay/api value=7037342105958075 version=6fc57d1-dev
time="2024-12-06T21:04:19Z" level=info msg="SUCCESS: bid enriched with PROF" enrichedHeader="{[51 144 79 168 189 63 131 101 98 245 159 255 108 6 214 32 103 83 152 3 251 69 5 63 207 102 108 172 169 204 15 143] [137 67 84 81 119 128 110 209 123 159 35 240 162 30 229 148 142 202 167 118] [167 194 32 223 141 179 67 235 188 248 186 66 182 29 71 124 141 181 188 91 183 63 162 54 74 247 141 225 164 66 35 48] [100 215 253 179 183 189 5 183 80 155 239 79 200 93 161 125 165 41 221 98 168 118 17 229 167 252 83 187 128 11 208 126] [64 32 0 0 0 0 0 0 0 0 0 0 128 0 0 0 0 0 0 0 0 1 0 0 0 0 0 0 0 0 0 0 0 0 0 0 0 2 128 0 0 0 0 0 0 0 32 0 0 0 0 0 0 0 0 0 0 0 0 0 32 0 0 0 0 0 0 0 0 0 0 0 0 0 0 8 0 0 0 32 0 0 0 0 8 0 0 0 0 2 0 0 8 0 0 0 0 0 0 0 0 32 0 0 0 0 0 0 16 0 0 0 0 0 0 0 0 0 0 0 0 0 0 16 0 0 0 0 0 0 0 0 0 0 0 0 0 16 0 0 0 0 0 0 0 0 0 0 0 0 0 8 0 0 0 64 0 2 0 0 0 0 0 0 0 0 4 0 0 0 0 0 0 0 0 64 0 0 0 0 0 0 0 2 0 0 0 0 0 0 0 0 0 0 16 2 0 0 0 0 0 0 0 0 0 0 0 0 0 0 0 32 0 0 0 16 0 0 0 0 0 0 0 0 0 0 0 0 0 0 0 0 0 0 0 0 0 0 0 0 0 0 0 0 0 0 0 0 0 0 0 0 0 0 0 0] [165 217 33 204 193 123 195 166 14 150 61 38 165 97 154 235 213 167 116 172 246 179 19 152 131 160 107 60 78 23 177 212] 74 26872461 4449564 1733519059 [73 108 108 117 109 105 110 97 116 101 32 68 109 111 99 114 97 116 105 122 101 32 68 115 116 114 105 98 117 116 101] 129624 [250 121 23 68 243 28 46 146 148 70 127 22 171 56 128 114 108 86 102 90 227 161 58 54 19 165 53 114 193 195 109 185] [54 108 154 81 72 176 110 100 187 214 145 218 155 10 134 62 206 48 41 161 219 163 202 99 131 49 169 132 84 34 229 148] [121 41 48 187 213 186 172 67 188 199 152 238 73 170 129 133 239 118 187 59 68 186 98 185 29 134 174 86 158 75 181 53] 0 0}" headSlot=73 method=getHeader mevBoostV=v1.8.1 msIntoSlot=7 parentHash=0x33904fa8bd3f836562f59fff6c06d62067539803fb45053fcf666caca9cc0f8f pubkey=0x9918433b8f0bc5e126da3fdef8d7b71456492dae6d2d07f2e10c7a7f852046f84ed0ce6d3bfec42200670db27dcf3037 requestTimestamp=1733519059 service=relay/api slot=74 slotStartSec=1733519059 ua="mev-boost/v1.8.1 Lighthouse/v5.3.0-2e0eb6d" version=6fc57d1-dev
time="2024-12-06T21:04:19Z" level=info msg="TIME: bid enriched with PROF" enrichTime=39.582854ms headSlot=73 method=getHeader mevBoostV=v1.8.1 msIntoSlot=7 parentHash=0x33904fa8bd3f836562f59fff6c06d62067539803fb45053fcf666caca9cc0f8f pubkey=0x9918433b8f0bc5e126da3fdef8d7b71456492dae6d2d07f2e10c7a7f852046f84ed0ce6d3bfec42200670db27dcf3037 requestTimestamp=1733519059 service=relay/api slot=74 slotStartSec=1733519059 ua="mev-boost/v1.8.1 Lighthouse/v5.3.0-2e0eb6d" version=6fc57d1-dev
time="2024-12-06T21:04:19Z" level=info msg="Original Bid" bid=6501497105958075 headSlot=73 method=getHeader mevBoostV=v1.8.1 msIntoSlot=7 parentHash=0x33904fa8bd3f836562f59fff6c06d62067539803fb45053fcf666caca9cc0f8f pubkey=0x9918433b8f0bc5e126da3fdef8d7b71456492dae6d2d07f2e10c7a7f852046f84ed0ce6d3bfec42200670db27dcf3037 requestTimestamp=1733519059 service=relay/api slot=74 slotStartSec=1733519059 ua="mev-boost/v1.8.1 Lighthouse/v5.3.0-2e0eb6d" version=6fc57d1-dev
time="2024-12-06T21:04:19Z" level=info msg="Enriched Bid" enrichedBid=7037342105958075 headSlot=73 method=getHeader mevBoostV=v1.8.1 msIntoSlot=7 parentHash=0x33904fa8bd3f836562f59fff6c06d62067539803fb45053fcf666caca9cc0f8f pubkey=0x9918433b8f0bc5e126da3fdef8d7b71456492dae6d2d07f2e10c7a7f852046f84ed0ce6d3bfec42200670db27dcf3037 requestTimestamp=1733519059 service=relay/api slot=74 slotStartSec=1733519059 ua="mev-boost/v1.8.1 Lighthouse/v5.3.0-2e0eb6d" version=6fc57d1-dev
time="2024-12-06T21:04:19Z" level=info msg="http: GET /eth/v1/builder/header/74/0x33904fa8bd3f836562f59fff6c06d62067539803fb45053fcf666caca9cc0f8f/0x9918433b8f0bc5e126da3fdef8d7b71456492dae6d2d07f2e10c7a7f852046f84ed0ce6d3bfec42200670db27dcf3037 200" duration=0.041863 method=GET path=/eth/v1/builder/header/74/0x33904fa8bd3f836562f59fff6c06d62067539803fb45053fcf666caca9cc0f8f/0x9918433b8f0bc5e126da3fdef8d7b71456492dae6d2d07f2e10c7a7f852046f84ed0ce6d3bfec42200670db27dcf3037 service=relay/api status=200 version=6fc57d1-dev
time="2024-12-06T21:04:19Z" level=info msg="request initiated --> handleGetPayload" contentLength=3485 headSlot=73 headSlotEpochPos=10 idArg= method=getPayload mevBoostV=v1.8.1 service=relay/api timestampRequestStart=1733519059097 ua="mev-boost/v1.8.1 Lighthouse/v5.3.0-2e0eb6d" version=6fc57d1-dev
time="2024-12-06T21:04:19Z" level=info msg="getPayload request received" blockHash=0xfa791744f31c2e9294467f16ab3880726c56665ae3a13a3613a53572c1c36db9 contentLength=3485 feeRecipient=0x8943545177806ED17B9F23F0a21ee5948eCaa776 headSlot=73 headSlotEpochPos=10 idArg= method=getPayload mevBoostV=v1.8.1 msIntoSlot=98 proposerIndex=45 proposerPubkey=0x9918433b8f0bc5e126da3fdef8d7b71456492dae6d2d07f2e10c7a7f852046f84ed0ce6d3bfec42200670db27dcf3037 service=relay/api slot=74 slotEpochPos=11 slotStartSec=1733519059 timestampAfterDecode=1733519059098 timestampAfterSignatureVerify=1733519059100 timestampRequestStart=1733519059097 ua="mev-boost/v1.8.1 Lighthouse/v5.3.0-2e0eb6d" version=6fc57d1-dev
getPayloadFromProf called!!!
getPayloadResponse returning payload from bundle merger: &{Version:deneb Bellatrix:null
 Capella:null
 Deneb:{execution_payload: {parent_hash: '0x33904fa8bd3f836562f59fff6c06d62067539803fb45053fcf666caca9cc0f8f', fee_recipient: '0x8943545177806ED17B9F23F0a21ee5948eCaa776', state_root: '0xa7c220df8db343ebbcf8ba42b61d477c8db5bc5bb73fa2364af78de1a4422330', receipts_root: '0x64d7fdb3b7bd05b7509bef4fc85da17da529dd62a87611e5a7fc53bb800bd07e', logs_bloom: '0x40200000000000000000000080000000000000000001000000000000000000000000000000028000000000000000200000000000000000000000000020000000000000000000000000000008000000200000000008000000000200000800000000000000002000000000000010000000000000000000000000000010000000000000000000000000001000000000000000000000000000080000004000020000000000000000040000000000000000400000000000000002000000000000000000001002000000000000000000000000000000200000001000000000000000000000000000000000000000000000000000000000000000000000000000000000', prev_randao: '0xa5d921ccc17bc3a60e963d26a5619aebd5a774acf6b3139883a06b3c4e17b1d4', block_number: 74, gas_limit: 26872461, gas_used: 4449564, timestamp: 1733519059, extra_data: '0x496c6c756d696e61746520446d6f63726174697a6520447374726962757465', base_fee_per_gas: '129624', block_hash: '0xfa791744f31c2e9294467f16ab3880726c56665ae3a13a3613a53572c1c36db9', transactions: ['0x01f8d683301824068459aeeeb6830186a08080b880600060a65d7f351f8d0c6fc70b438828b212a9427d412eaa6f8743b34557a87228a2edfd0a866095527fc64e158001f7a1421e296d93aebef404d3a7747ef4393ab2dacaa3b03085163060b5527f37e58d40e1daa8ab5c5cad3e2bfaec0b51ec54a85d25c98544a9f4d0e91f327360d5527fd152cd68d26d0ac7ab7d878299c9c001a07fe6ba7c79ab2441ca78938a335221dff78edd28bfb9248102912b2cf2229998a06c4035e46cf8fe1b9a5977c6794d8828618bfa3f5af6b68da66a2324ba1afad4', '0x01f8ea83301824038459aeeeb6830186a0947dd5cece098eb957e82d6e23d5b5028ab8bc048b80b88060db603753605460385360a7603953608f603a53607c603b5360a1603c53605f603d536004603e537f0df70e2f583daf887d4e874ecc6efd046cbb7d6961541160d68cdcbc557f59f4607b527ffcf912e7f7f51074844d678c39d13c9e2f5ef6a408356df1e6b53015a8d2d749609b527fac926e60e0db978bc5f8bc12c1a49bc080a00d891f1d45fcec82fbcfa02172d8c19094e8fed3e81a8cbcf1d1bc38128f5ff0a0190b8141d3792de7cd995d707302339fa5a7f2e71078d144e304c927081e6a45', '0xf8e8088459aeeeb6830186a094000000000000000000000000000000000000000080b8807ff4a7f29e54d927faac2a8a429c2d91bd748f7d93c06efb6fb5c2c7c3d079861960ac527f46bc96fb17a7ff6b4203540b796470fbcfb7057b50b3069d511cbf4862cfeebf60cc527f7d21e6b75f9449e8f4f4777cf3f130848ac4e04057bf9341070fd7569218f88a60ec527f29403156976719952b4d12436bdbe7093f84cb8360306ca04c36bf70d331cae89e8d308694eb941dce18f51248a8b119e4d1c3c270df8578a042026c355bfb0c8851d5695a1a31166cdc0d2b695b6ad1d8cf0a3765597d9a19', '0xf8e8068459aeeeb6830186a09498c3dccbf1101c283bd492d772bd35a7739d27fd80b880600060dc5d600060b95d7fa8f529d4fceccec98a65104b5b20b574b184fcf4d40d4aa85ad5a05bec6ac8e3608b527fb1db92a0b3620f82a261eadf5b0ec017b62cf8ef9bb70d9cc0e7e75a008b4e9960ab52608f60cb53604660cc53609660cd5360a460ce5360d860cf5360a760d053607e60d15360fc60d253606160d353608360306ba064339bcae47b3417b1ce0726491da8be92b9ed9d438b7fe0e0a0e68c5a1116d1a075ba1d1a274e14fab1ef6df0c6ae02787a1966da6ef4383ecded30258083be1b', '0x01f8d683301824068459aeeeb6830186a08080b8807ff73463be6fcd47b864243bd0dce382990a783f54aadbeb0ca94d383508feb7d860485260aa60685360e66069536073606a536026606b53606d606c536069606d5360df606e537f54d7f17efb80688eae012990a7f424bc56a5401e9ba5e81fb9ffb1bffb9a24a96084527febb64f5beccf20c0babcf94ff8c43628b0911795c001a087b1569b8fefa26c8f9d5899274d40cd6909e31c8c5bb4bb1668ce8979b227bfa0373c77c72f25cfa50af68120cf49a1dd67930e07b994444f8e84f1b7e8e0fc26', '0xf8e8058459aeeeb6830186a094000000000000000000000000000000000000000080b880a1307f3a941499a8196d527b3ac83e7824f9605d35d8bd27fc5cefd1764fbf14ecd73060255260326045536056604653607060475360f8604853601d6049536063604a53601c604b536080604c536092604d53608f604e536062604f53602560505360b6605153606d605253601f6053536039605453604960555360266056538360306ba0a81912fe3ab90c98317e2c849bacac0990e71aacc41c4c2a9b972b7dd38d5ab7a014d5fb4e9363ab2e69543fb70960808005ae430d7f5330301a71bf65cdfaccb3', '0xf8e8058459aeeeb6830186a0945fd67c746bbc2be76bbc9b0f5e31dafb2eff7c5c80b8806000600f5d7fde3fa62580bcf7b56595d2c9b841033a660705384cc00efbf714a0b9ad80d344606a527ff9a92057919f23e9e5676ddbd8cc862117d779fef3fa4a76a850bfa57b58da3a608a52606860aa53603660ab5360e360ac53607860ad53606c60ae5360ba60af5360c160b05360be60b153609b60b25360cc60b353608360306ca07777b699eaa37e7190d03d42d54794b43442b188bace9ee0a16e6416c324c2d8a05aef42f92466b58eba8b47ce08c16ff55366ba054c46baf3ee5eece58ec2827f', '0xf8e8068459aeeeb6830186a094000000000000000000000000000000000000000080b8807fc167910f590feabcb1157af7bb78c8209d259ccb30d15dc872859e1692988701608e527fe3a6a4e717834874f76e69aefee95eb3de6b058ca34e844be35b15fa4d0ce62760ae527f24437ec8c3076eebee9e398e219dc92ae6e8b8fd2f45517f98126ff6748ee87060ce527f9f5ba069cf0cae0c0068fe3ca3cecb0aba3f238360306ca0716f07f6337ecddd7e06c0f4ea7a91b51c5a61cdcfe139e282bc4cadba0903afa06c4ded56fae06bdf0929840594fcb0f3b7c1605802596874954f2809098979d8', '0x01f8ea83301824028459aeeeb6830186a094a44635a0fc5d3dec9ea43b340445708e0201a93880b88052600060175d600060145d7fb3a619f7b4186d02cb59144478dbebbd7c9f1a4300c35811bb64666140ed2080601e527f2f10f6e5fb5c460b56043f6b7a7d3383c8a71514d7f9d8a5cd2cd09aa25849b9603e527f8a88f2c32843396ac933843f9b932385bb6e3c53bddf3f1ad28c7681e42c0554605e527fc8da7dc274bd22bfc001a0af3bf4b16d9e1b18cb59e09a7c3830f17df520cf546f71601ffc08476717ee5ba0493a1258526f1f2b74f26c03e9837086d8af3a83d9b56910c602b199d3ff4510', '0x01f8d683301824038459aeeeb6830186a08080b880600060bf5d7fd16ff2e9f3e73385c21f8ca877b3ebed1fdf2e0165f60a46a74f0db2cf942cf6607a527f48683898bf92956758fc4bb80690c7acc3c7cde6c22226dbe132e573759f8094609a527f5c0d032f6e7e64c8f89d478afee9b1b3bbfaa63f8d520a3ad40083f183b6f6b760ba527f5a1062710ffc7b4c8a532e5e53a2c001a0062a2d1e4896d3465a5a99e2fd42a0cce18d50f6d3c5297e3b65131e0b9c7afda01b5e71403431a7edd05751f0ab17cb48422848a9194aae9765d95f090812dfc6', '0xf8e8078459aeeeb6830186a094b3ccafa79b98da5c9d57f267f28d1e637a7f60ec80b880601960785360d5607953607e607a536058607b5360a8607c5360b9607d5360f3607e536000607f536023608053605d60815360316082536079608353600e6084537fb733cd9fd9aa7f398fd9e5333eaea8bc8e2ec55de63f5e56461b7b16cd560c5d6070527f1e4546463ffb6de0647964d3bc2c4108f32e4c0ffc8a42a8c5cd8360306ba0935a6a8de5b023edf0def009a80970e10086ded706f657b588e2b877fd642acba0215cc957194dfc4d8e2c397edea50c1407fce0027fd4d37444f35e01182962ec', '0xf8d4048459aeeeb6830186a08080b8806000602e5d6010497fb7a471c98304ac6b6259c29fdb91d1a911aaab5d5f683c8fc1068ff65209789360e2527f12c4225ec530c0617ed38c06d3096f96ea259341cacf82076eab0e72e1c9aa76610102527f2d9bb0ec9e9563d096fe86db5c4a6604da676ae915d5ada133cfbdaf83d12d60610122527f8373c7d90dd411bb1b8360306ba0d8cc85b38ad0462eda0817bc058ac4d79cf9c1c46b2970fe3301fb15b0461ba1a06b549c009d8b7a4ee8e60e0898582c99244796d359cbcf67a9c02186b2c1c6f1', '0x01f8ea83301824058459aeeeb6830186a0942bd0d56243e25c01bb17c8a3ee140cab5d3ecf3280b880f8609960e653602360e75360ce60e853607960e95360d560ea53605c60eb5360dd60ec53600460ed53608860ee53602560ef5360fd60f05360d460f153602960f253601360f353608260f45360f060f553607e60f653602b60f753602e60f85360c060f953604260fa5360e760fb53603d60fc53604960fd53604760fe536098c001a0f972e3a546069ca6f06ef3c6ee631a224729e4614d1d87c402ec9775fabcaac9a02f2f42cad7fa4b58c78f3a83d4e5da4e53bfcfbf0f048e1eaae8e4c0b8a96219', '0x01f8ea83301824078459aeeeb6830186a094000000000000000000000000000000000000000080b8807f8ad68ce319410ed72b4a4a52c4a1b8aec3f02185573068c06049f03ffe905dee60bd527f3066f3980bb534e4a5f1a11d8d03576f63121357258a71eff29c48f8a1976ae860dd527f67598113e9ac3aed128552633feab94d9a11f5cf9ce4acfb1fdcc6448cde82f960fd527fab60f48411d1eae5c2f862c2e20317febffd9ac001a0b5113f1a3c8657cf6824df2996d11011f13bc4534c174c8b706a717b92d770b8a04832ccf00c49cfeec7851b79945ff68b1c9f7b8a2dde8a32e3201b3c7464ced5', '0x01f8ea83301824088459aeeeb6830186a094000000000000000000000000000000000000000080b8807f4744857e6baa874e90a1cb5f91fe9ceaa77a77044c315c332229d47e567d1dda60a1527fbc5fef41b864769adb346378e1436496bb88446ee7d539b65cd57a4a13445b4560c1527fe1fc68dc6e47a5626035a096c91f42968345bb771de7fadbd2df6554ee837be460e1527feef1c34d5860684610c7092a351da90cf96b39c080a0e4904ba562db4d1c8c030ec68becb14e0e235605bbb47e699b64464bc754d4b9a00db14fee0d37ab0c034cfc62832244311b8967c7974ab0e923614e516578f233', '0xf8d4088459aeeeb6830186a08080b880603d603953601b603a53608a603b536001603c53604a603d5360b5603e536031603f536098604053602760415360fc60425360d860435360376044537fd7cab239c1e19e6423830b318523382d592b7edc05324d9936172cbe0734dec560fd527fc82257ba432e8ec9aa9a3c94678fcbccace130872a25e5e4e9ce5b092239f18360306ca09057686dda22985c50256c8855a19d18966efa10fdfd97d4ff6d0ea022f54f29a04b68803ed29e8c14ca925eadce1c7f185aaea870bf45d504c1738960fea0aa11', '0xf8d3038459aeeeb6830186a08080b8805d7f79da71c92305e479ddf92e5c74b552824c8b0c2e1fe43ebfe0812e92632ab9c160b7527fd48aaf48c50f5ea5aafa9763fe9cd0526d61b1d15a9ed0def6380beefde987f160d7527fd92faf06cf5bf0fa4557e24a8ff494e713eaf30c5e16629d612e673aa9764d7960f7527f35f268f7815b46b5e0152ebe7466c4f550138360306b9f3f1ae5f690abc7c8bee3b4fd1420744a76158ca76b2d7ad57747d169c1762fa01c8e90ec4959a0dfe47c765ec4446eaafcb226b209b46e09cb2609d2aafc5111', '0x01f8d683301824078459aeeeb6830186a08080b8807fb36e0e328dd74f39fa88fd145af5f94185e2d92038977d6a876788f50036925e6023527f9a30dce994db4cfa076ca22bb0a34ae4597d4c1100815451ee447aef5286a3e66043527fa16a17e193444254d1fa4f8acec36563f08944e626e8b85e35d728363afe59f66063527fd14d5192d8c1115aec9408949fba3d733289eac080a03d512380896448550d6cb75450321fdcd6cfb923258031c4e1bcbfa3ad14d9aca04af86928464890f177fec94b95ad8b933e78b24848ee52c13de2e4b0a0974252', '0x01f8ea83301824068459aeeeb6830186a09444dbba6dd376c4392839521a0496c07c4dddd96b80b880600060c15d6068497f8111c6d5e4170b225502e786eb64701b87769971f5878b11736c79c010d291e5602d527ff27aad226b495bb7979cd76afac33b2fee59083aedcf1e8be69f4a1ea7c72d1a604d526086606d537f427ffae280877f013413dfc2553f7081d976ec1882956996f4153c6a24dae144601b527ed43a954d4fb1c080a06314a3bb3fe3dd8e6d6eda40b142fb949e5af6b65038b9eb3a55d4e3cf83ce3ea0280ccd34f70bd607647b2c5a01bc5dba294e8e1f03dd2328587d389e74b90d2b', '0xf8e8048459aeeeb6830186a094667c7c238d21a61698d45ce9656453bb06b0fd0980b880600060415d601749600060525d7f98e0304e49862aba70b6df907f7868985b1b5e605ee1c59a5f1cea764d929c6260e1527feb5d586737b7831be9a932e53a88ae27ac9d562909a2f1388a982eca1f15cba3610101527f36d930585857b0da860b3d53dfacd4e14230a4ed4f93da880a591c47f1894807610121527fcb29be338360306ba0214a1f29a4f2c9af85283f7eeaaaa811c8f71b149542433d2175fc362b96ed80a0703bdc5f4a0e9a674d0e9bc02f880527f3888df150eae89ffdefc0b946460582', '0xf8d4068459aeeeb6830186a08080b880607260485360e960495360c0604a5360b4604b53609f604c536038604d5360f7604e536045604f5360346050536002605153604f605253600a60535360cd60545360d660555360c8605653605960575360d9605853606f60595360c7605a536080605b536008605c53608d605d53605b605e536060605f536014606053606b608360306ca0eb59ede64b0ef1e27efb51c07fb561014521137a008f53f6418950dbb69b38bfa03dc3981874df459c45ac68a412032b7eb8ff7872925955c478eeeaa090689ce2', '0x01f8ea83301824048459aeeeb6830186a094b57b5f7cad6582946659f87bad0944abd62f00ff80b8807f691e711a53367e0083ebea62695872254092eb722ce577605323349e6c927cd160bc527fad121474683628357da3eb06b9d1d6e8676e0933c5680d2786ae6950f84a6d1f60dc527f2b0325a800c62176573b10111a05f7013e2b61d0b6e21e224d56f16c02e84eef60fc527ffd4cbe2473924b554ed37c503a0c86db4fd9c0c001a095a05ff2c86b7d8c097ef370689cc95a7b803a48de396198cd125fb62b745e96a04110f90ea7832f149b77381d3f24db022e07d8607b337e8fae3c14be7eec76f8', '0xf8d4048459aeeeb6830186a08080b8807f812e718e8df73ea30ec26b05b5b0b37cdd62941c52d244c59e3b94708e7f2cdd604c527ffc6b4d4fd4bceda50f959ed622efbdf44b4124b6a3252b21aebaf1535abe1782606c52605e608c536023608d536082608e53600b608f5360c7609053605660915360706092536060609353607e60945360b76095536085609653608360306ba09b853576469b23d94e1ec231d51abb08fee4dd956eeebe023166b492e090f976a043cb32adc048cdcb839ca038ae96c710c6e71b6a424e51feae14c48c350730af', '0xf8e8048459aeeeb6830186a094d958dba50542965280438be92737cc07702f1a1680b8807f02ee854df423aa72d0f14158a975135e668f61b5b8c24b63f04ee85c238f47666051527ff101b2466c814e3bb79b2e6897c682b1634d362c03a1d4c6326c07fdee37d9926071527f9bf8555bfda37c2a3074b1590d99b83095e9152bd5ee8757ceead4fb07ed6fb26091527fe39eb2a5e56e493693565798c0ce9214b95d358360306ca00f2202fcaefcff7157e681a049f62282f6e352ae22cab39125acbfc2af72987ba01e13a10d298664324a603277f190e0bddffbf5aaed8b8d6ce318e26a0d5b7c9b', '0x01f8d683301824078459aeeeb6830186a08080b880600060965d7f0a5a479792c98ff26d211433a2c55043e43343f45858fb1ae43580653fb7671b60c7527ff5df30adedad4bf6fcc84ac4ce36f89b3be5e82fb5eff98588179ff9ecd65cd160e7527f0a62c226ab72b14cf3eff079cd722d186a49839a49dca05f88023d0a0db53f8e610107527fea41615fa301aceffe3e3eb9e7c080a0727cabcc5c30be87e284842de6f5e47a45f956edc1da1031abde2634ff124d5ea02d572b160b1806a2a9895140e31b38b7a41d9b469a5ed5ab16e0427a7ab93867', '0xf8d4048459aeeeb6830186a08080b8807fcf9213c46254c7b1fab6af020ed8c534274e49a623f69ea27e02cc7ebebb7aa4603b527f529d7710193e74c30fe864220c626bbcf3e6831f61f319629f733359e43afade605b5260ff607b5360ee607c5360d0607d53603c607e536072607f53606e6080536061608153603e60825360c660835360526084536000601d5d668360306ba06a235c3c1039c0d693cc06fee638f9bf1b68a186f54c77a71c3b51201ed1ed34a01c83c6a2ae39f7d3703f50684f1d5fc5d305e51e51abb45c9e6dc11902a999ea', '0x01f8ea83301824038459aeeeb6830186a094b02a2eda1b317fbd16760128836b0ac59b560e9d80b8806000604e5d60bf601053603a60115360db60125360f7601353603f60145360ba601553602760165360f560175360f1601853607d60195360a4601a5360d1601b5360ee601c53608f601d53600d601e5360f7601f53604460205360ef602153602f602253601c60235360e860245360ff60255360b4602653609d602753604b60c001a05a1290ee97b85ab0a1618edf6714fad8da3d19dc8208df0c19eb10f8f2ce0578a057a0a66a86017699e64bed16f42b4058679b31efa8511cea06ec3ac71c4bb56e', '0xf8e8038459aeeeb6830186a09449be5875c62df0106451efde34340e208b27d3cd80b8807f0c9be61df3d453cec556b3175e1da0470ad4706acd5e17cdafccdca404fef2316038527f845cb8fa7b837df6cc75ee338dff7c39a26d4fc16fcbaf42cd6784d90fc835d26058527f80f50c5d797d22c7ed59002c9554c188a200dd3be6b40f2bc2434e3d2ff3e6d06078527f6283324b56a096091e59a73ccaacfbc3c378498360306ca02f1c5da3572d2736905d7bb34b6a0826ed186e8dbefb4f6a6cfc9c1efe3f5e6ca03e05fe6b535bb2d61f4f25dbec7adfa56808504b65bafb9795bbeef38556eb55', '0xf8e8078459aeeeb6830186a09434709d42923adb2b4537b35bd85ab71582f9648b80b8806000606a5d7f20c4c1bd62f7076bcabb64528b534f9112b4bfec86d0c1ea6f5d0a64a3cf615560b1527fe1af52c6d460017417aa348463d35a2983b1d4dd71d7ff39c0d2d74c63d2dd1f60d1527fbee241479c1a672aaa7a9fc129c1585977dde0d1152123aee07ee93cd8d92f3660f1527f97781ee227f27e2acfd2b00e799f8360306ca03fdfbb4ae42eeffb5bcdca62b637e71722f07d20ae042553055ca800a7331b42a0157277f583be9e00f209f2a761d4f28bb774df98e9b1bc7b540c74eb47da56ff', '0xf8e8048459aeeeb6830186a094286f34cf8feda83362bbb53755ba8d085677691380b880608160d753601060d853600e60d953606060da5360f360db5360ca60dc53604360dd53601460de53608860df537fe509cf29b91d03cf6d170524e9bca5da588d110a86178f67aed4e53d543549c26025527f3408f6a16530610a20b8d58ffa7a833605f293fead3a8afb4ab9521d3a06144b6045527fa2567937364ee3395b928360306ba03b9434fa45a4ffe85cf09d60256de427b845cb93dca8ac10e7caf71386660b5ea037e8b52c9346e12dd471cd0468148693572172422c757dd6ef42fb1d3c51800e', '0xf8e8078459aeeeb6830186a094000000000000000000000000000000000000000080b8808560f14960ee60615360f3606253608860635360cf606453603d60655360076066536026606753603260685360506069536083606a5360e9606b53608a606c5360f1606d536093606e53602d606f5360db607053609c607153604b6072536057607353604560745360e3607553608c60765360bd607753605c497f4b90fe584a8360306ca0c0dde6bb090007b9447f8422c3513cb8e9f9de995f7c5ac87dfbf9e2d0dba8cba0687ae08980689ca0516821b138bb6bcbebae4e3affdb5c7eac098ed22f92b0f6', '0x01f8d683301824058459aeeeb6830186a08080b8807f91d253785f7843d8f7503dee8522114261af86ce3bbd38e8a34769c3142be3ba600a527ff7b4a7c5cfa36b3bea1d62ad4634411ce1c959368bc88262abc706f4ada3d500602a527fdb3cbd7935f959b2bdce105b5fd6ab3b09e437295c4dcc21ff5fc1f236ed8a85604a527f24288b3b84340d97f533f6008528aead9b3dc2c080a06156b7d0a2a0182dc2e7df8e54e794ed09e9bdc00e92e02a54cc1e7092e4170aa00171c1cad1c809a4823cbc5260de657348e133b7f1919cece0219640b704b1d2', '0xf8d4038459aeeeb6830186a08080b88060ca60125360a160135360bc60145360b46015537fe1b252c52a9cbeda4b599d93e2333c1a9170c081d9bd0d3e7494e26b297383f560d3527f819f59c031390cd204b666000070d650a725c5ba9d0be4abf1397f3066fb5d4460f3527f7e3af1f26e90a6596b93805e5b6c4e2fee992d1f6e9b140e7511daf6c71b99516101138360306ca01496adf599d07fc6c75083911271a30fd707c28acb752eaa0a744cc005063218a03c061b2c7
9a96722755903c0e577d223abf82bb974c3e7d81667fa30205727c6', '0xf8e8048459aeeeb6830186a094b02a2eda1b317fbd16760128836b0ac59b560e9d80b880600060555d127f7522d52a1f432b38b28d95864984292d598c0e2bdfa6cfc0982dc62e1d68e90e607852609b60985360656099536066609a536084609b5360bf609c5360fd609d536081609e53603e609f53600d60a053602460a153606e60a25360d960a3537f0257a2fed21b93c766974aee2480c13136201466a1dd7b41128360306ca0ce8104892d832764b912377ad2168e67fed54878a52d3916a3a4c112083b77c3a010a1c406679b82ff36ebb1f99170106f7547fd3da54c0a34a26a87071f818770', '0x01f8d683301824098459aeeeb6830186a08080b8806011604753601560485360fd604953603e604a5360ec604b536026604c537f55d5046eca1e600264b662c8e7b3ccc54ae937674ac82e06c5d8b11cf8dc5f7b6044527f2af29f716fe454d0abdc7b2b8de8953b69550eb93c1fa54d7683ca3039e42f6660645260e6608453604460855360c76086536017608753606060885360c080a0bbe4dfb958dfe0cf511b4b68f9da2457236d0ca992ad3cca86efe990581295bda03159fed3a802c8f4155959002364b0ca5a04f54fa4f1476d3d97b179a0c16ae1', '0x01f8d683301824058459aeeeb6830186a08080b8807ff04f4f32714564d4a62fe49a02a20a41364418dfb3dc093c86337833ca7760f0607e527f664bc0ec9668bf1e271e6a20e5391de283311dd9726f2ee7f6d28df95a141b7c609e527f992946975743089acf2ffa2ec1106035b398d15cb78d1db90ae3fad862769e3260be527f4e7c0f129f46e0e370efc1f7e7a0b9da30b068c080a0935b898803a06c818fafa9e7933a83eadf560826aae95d94b3862f53fe1dfd24a07de04b7b2443e012ce6f50ed5f8c9ff09a9e96135e4d3c1abe68fbc9095cf16c', '0x01f8d683301824088459aeeeb6830186a08080b8806034497f0477188c1f2ad6c9396f2d25e911638018af5c2d7f1ac0f5c2f16a78a39e64d7605f527f635f7f8ede68599a43957ff478ab35a635b6e3d0e52f6c8d5c54f552812da42d607f527f08d85863a2c77ed957fe6cd3d1c1f263d029bd88beb858f6b10af0a4520a42cb609f527f13ed48f818d0eb6c8e3bf5dbd4a6ebe0c080a06823938cf789350a77b97376774adc955cd1b3dc2311d903705a1ba6a294dba9a053271553e3f2018f7da6ef0be63713786823d43d8e792959a35ed003095894ca', '0xf8d4058459aeeeb6830186a08080b8807f56da73f5144645e2838a0369fbceeaa0b6f855b4ba287a77df50196979edfe206012527f4d960c28597bf5d8d95f71a8c14adabfc3afc03f2582032dfd59b635279b01a16032527f8b05476378eaccaa218314fea561b530404668c49f3b990e848ad051da3d62b26052527f1cf287f0d5c332761f7a4392bd2c44528bc5918360306ba05ba957d3eac0688ad19b87bf698d857981fd4f476fa9f169527195de02504b11a03958f21b04fadb9d0bf28412d9c589a4f3a9f9304190f77865e7a6813eae9c07', '0x01f8ea83301824068459aeeeb6830186a094000000000000000000000000000000000000000080b8807f258e01b5621047f627eaafd71c7de14388fd0560a55bb90ee93802103a6c58fd6003527f15b55c315e4ae09bd175e8ecf6c0c93aff0308e10dff26edbcd65dddc5e9e1f36023527fa0d98b892cf33f9adc2887b13875d87dc3950b01ee64038cc0318882c18611016043527fe5f6e8e4fbd5f82dd7f5ce6b5315fd6bed4bddc001a08f8adc40d83e21a3275adbd690fa4553df36dcbbc0274224a65b9cf4abefb601a01b34d87ba5d350f53e9493bbd57815b684c313a221d5c324ba881ee447bdc444', '0x01f8d683301824048459aeeeb6830186a08080b8807f79173edde1d419a8aa600ff219a326f361873babeea72be77a9249c62c668e59604e526040606e53607d606f5360d560705360416071536072607253605b607353608d607453606c60755360af60765360bc607753607c60785360b960795360c3607a536093607b5360f9607c5360e4607d5360dd607e53606e607f5360fac080a0c9552d4d4e4e49319295f35060a10ddca4fcaeef9f925e13681ba7cea2dbfafda0737d880ad1edaaf54e338681df0e986f8b5c47b016dd2931ed7177795c4a8042', '0xf8e8088459aeeeb6830186a094b02a2eda1b317fbd16760128836b0ac59b560e9d80b880600060825d7f170fa4a78c632f33e4be2bdb3b35529f6631a9e7f35c52708f92ae64e041902060b7527fce0c01a6ba1e7b0b03d87676c029349a9347dd6de57c8f4ce301fa021c3a0fe460d7527fd8631ed839f6b5e626d007cb31bb1186375164f248d82ab99b9c1ed422b3f98660f7527ffab045ecc0a58da0412bd7aab5628360306ba041a4c53d492edbada30293324814b4be353d7d87c457085570fad8cc85145b6ea05f6c5fc985d4ee69131e5c9bb03320d7f329ed762f93149137866eaf35f0cdca', '0x01f8d683301824078459aeeeb6830186a08080b88060e4609853608460995360bf609a536069609b536064609c5360bc609d53600a609e536068609f53602560a05360ea60a153602260a25360e060a35360e560a45360ac60a55360a560a653606c60a753603660a85360db60a95360b460aa53606860ab53602760ac53601460ad53603b60ae53600b60af5360f360b053605660c001a0f013e3bc85db4fe70f66817b33293e6b2c8855d8e2c8b1aa296069ec7daaad5ca01aa757f647ccb6e80ffd15e38ac651f32aaeb42aee11367e4cf5c598a1dcb081', '0xf8e8068459aeeeb6830186a09448076cfc31ab31341e647a5d8ab53ea73ba31e3180b8807f95fb9040aaa1fd25bee6460305d1dee91cc96de00c362e89130fa69282bbf1cb60195260466039536069603a5360af603b53607e603c5360d2603d5360cf497f02006822f587fdd86cd4d2c5217a310037a3ddfe269dc289b358155989c953d46063527fd1aef5d4d222b9f8942dda304b3683581d6b525cdfe1dfd5c84b2d8360306ca04c697a3ffb58061916c274426343cc12530b1ecf3c829c9eefe2846820d8d5ada062827930679af68edb6ba84429b2fefdf20eca3ccb3f33cef9c3ba386f7794bf', '0xf8e8088459aeeeb6830186a0942ac145843c4a5b8bb63c31f28473ddd0ae02ca5480b8806013600953609c600a5360e8600b53601d600c5360f2600d53600f600e53608b600f5360b860105360cc60115360b8601253601060135360ba60145360c360155360f46016536013601753602f60185360fa601953600060945d600060c35d7fbd8031d1abaf8f8660ba58b0307c751407cfdb01c2c1e60d97b094692327362e8360306ca0325f574779701bcb4926121b2cec3b41315885f9b8d1790c927fdbd3fe268db3a06f4d9dfa8ab340fd23c3330ebf66a3a3c59be729263f78acdf0635263a7216a1', '0xf8d4048459aeeeb6830186a08080b8807fa9af04f49e27524dd724f399ca9f0126552d1e82ca2e2f9c5e214b25ccb11ed76018527fc0f15045c8f0866267390ebed6fd35b8fd247f2084cee02dbe1504f70797ae206038527f5e40c8fec54bff11aa457a9a9e6e58cfb0a62e25b94f931422c5a09b964ce9186058527f073a5e202d1f1eef6a3800614ac7056d4917dc8360306ca05553e411ad75c1757713edfb8adbcbccbf2cdf212bce022cb20937e771142831a046ceb37b9635f1f06e17d226004e0e483ece79c32d560d5272220dde5887c884', '0x01f8ea83301824098459aeeeb6830186a094ae4f3b74e627693bba43e02bd44d30907801b73780b880f3600060d45d7f7fbefa69886546df56809c473b083c9fce6d48f6f9e3791b00a402990ce9fc4860a55260f560c553602560c653601a60c75360f860c85360d860c95360e460ca5360fe60cb53606460cc53601b60cd5360a360ce5360ae60cf53605260d0537f2e5009f09c0865dbc87e907b7dc98e18cad163ba95f05d11ecc080a0389ce180a7bc124a8f2b53d663745c0ee21af868e90d7225dc271f40023f883ba0770743ef52e171c108187ea7c24d2498b24d72e05aac828b3c7a3dca30b19b10', '0xf8e8078459aeeeb6830186a094000000000000000000000000000000000000000080b880600060e75d7fffa399dbd50ba75e462ab0f7f4670fd1089d743fc79ed927719243f5bbdccfc6609a527f2ddaba3ca0257dd4702c18c045d8f11d7ba893e34b5970ab3b489d5c41fa514860ba527f7bfd0bbff68aba3a2ca56cf37a79ae5b45c1929ef5b2681e7b93cfb16c015e7660da52605560fa53609960fb53600560fc538360306ba05922d9eb53f1c19ad0c70fad98a0949cf069cdb32d11ea1a49347cde8ea25012a034b064e20fd15fdde16f3ba8244b1baf408a7d39ca7cb52799a4f8e73625b94b', '0xf8d4078459aeeeb6830186a08080b8806060601353604360145360f7601553604c60165360a960175360a060185360cd60195360ec601a537f681b9c7bb7201e6ffc560766e688345e212232c7d3d91f03c652f9e48fd5c61660e6527fbb550b6eb3078b4d69ce27f26f16aa6588750793f5efe4a06a0e43574a8fe93f610106527f1c5d84fe5b06e504c3c90fbea1d38360306ca06c636c28882eea9b8b27ffe537e623eea34835c28a64f1dcb391306c21e76de0a041eaac72dd504d2f68d72ac1ed5b76f2fbeb7abf5d3f2974878a49b54d1504b0', '0xf8d4078459aeeeb6830186a08080b880826000605a5d7fccc1f3c36ec68e1cda6b819b2e3fbdfa020726983d47427e965c818f0947b68e6077527f8d2cd0e5d4afba2e35039febb0e43cdb6413b589dbcc098dae6559697d84cedf609752603a60b75360ca60b853603660b953601e60ba53605060bb5360ba60bc53608660bd53606b60be5360d160bf53607060c0538360306ca0655241452dc108f9a0958b33ea08eadb96fd332db4cb8f15bb9cfbfa6cf7ec8fa0426d4eebc503b8f045b1f64baf5771810c39a6fe398ad88a8863810c7d4fb360', '0x01f8d683301824058459aeeeb6830186a08080b880600060345d7f1f9225bbf13d7c8e39295b8517899c614f6c30618f1724b21d5ef2a4f61c594660a3527f9bb772b04b42b54a36148108107803450b4564cad144012fd2ff337ac651555860c3527f497b01d154b7d6a35954edb93ccae70f6187e0008b0f5b2096a4163cf42b874960e3527f91ce1f771eea912002e8f6f2121cc001a0452950df37e6bf272d4f92d644994c4a3dd21d8dec2712b2846ac530d01f2abfa05cad3b4eae2643971565d794ff51450cc15a72c446c804a2b51bd050e0864408', '0x01f8d683301824098459aeeeb6830186a08080b8807fbc9c2b0dbac661136270a273c163ad1b01a02f943f593019fb28e567a2f36d25605f527fdbcb21049f791e8ef00889fedf6df66944125583ba05947987447bd39a20d636607f527fed889a1bedf01b1398bde4e8f78628860ec5fb3228db99bd24a647ed7e3c96b8609f527fc9e4a3f01d9f8075330be5b53f0c5b71055894c001a00c71cac820af00a3f1c11ed8c11b6072c59066428309562ccabf30143e682269a02740951dd6a6f2138a8172554a428e5b01d72b6263aa7ddd3ea7c321bf76da3c', '0xf8d4068459aeeeb6830186a08080b880600060745d7fd13a1403123824fd7f9817a2657ef4cc79423f1effb249d6847ad9b5df59c0ec6029527f13e6dc27e6014466814bf09c61b1129323e397e40c4cb5ac790a926e815055ad60495260386069537ff68db7253adbf83a939526ca485e87ddfae918757d53d6f8dc83b90d29afd3da60f2527f03b9de6070e2ddc2568360306ca06e4444ea59db0dd3372fc63279be4f3d7b315998282fdc346b4f489c74a2a00fa05f7a408b184a578728bc344b6afe8726ab00a122409c4a8dc1927e275b2707c3', '0x01f8d6833018240a8459aeeeb6830186a08080b8807fe73d7025f23818393f761efe2631efd5d1c9133a1d6cba95a842a4e71f429bc36084527feb3a5671a06b119faee04af3a8bbc63099ddb9f1adf82ce52b429caa84bc11d060a4527fff12bc3a92d8c97facad47bf1d8688227370df099e6aa3a6bb65619a5f9b683460c4527f3c2bd212852c95e9251130a51845c55f5ce529c001a01ab5be3e828f9ba741071f61f7a08eca43f7af34f4c16616fff1c431c51ea6b9a068f3fedc8eda27ca4837d7c59e1341b1fff04352d7ac0c4714db424c510c2ff3', '0xf8d4088459aeeeb6830186a08080b880607749600060a25d7f09e3dc807e8cefc55dabd078e7ee1ac0c6c071093d8b8491a6754d0c789b69b4607152602f609153609b6092536082609353609d6094536000600d5d600060465d7fcbdcafcca335cf125b7390d2b244703bd8ece658a408687dbf24a5d277b29c22607e527fda98284551d4d24ed1dd0a1fe24781681e8360306ca0f00dbad7ba43f2eac3b8606b6065d863a3def9af659b29ef0c182bccd8bc4627a035bce7f37c0e014777d66f40ec364b5577483ad8234598e92da244b1057004d8', '0x02f8ef83301824058459ac65358459aeeeb6830186a094b02a2eda1b317fbd16760128836b0ac59b560e9d80b88023600060225d7f05dde07d0277f466d936f01f98819c2214ee876453809e031fb614de65af10e060a9527fd10bb76092c3ded63d4c5f85d6a1d81669b95923a9b4e4a45ef023d945fa0def60c9527f920831db645fff95bf0a6d53f855e8619caec47e01ecc3ee5b6350642cd360ce60e9527f3347da8c36ee5a5561dca7505ec080a0e2cafbd35cdee5a56004fb192f5ba6071d58e173770cb340dbfaf8002226bd21a027673ff214c98fc7578d7f0a04afc4124407f32439ea0c9e5b6ca07fe7cf1ee6', '0xf8e8068459aeeeb6830186a094eb69edd0b93e2bfed58209c9245a58038286ded080b880f3600060a65d6f7f67f713ca316d04ed1e973164eb1119cd5877de88aaff438c27d6d4737c0500ec605c526037607c53bb7f4184b0e76af48264dd71d712c893641a17ccfbb0fb8abc9d5bd8fb5e77ee216e600b527feb79750c0dc36c7e7f384a5a557a22d4d41f0b04603ae9183e083eee753bc0d6602b527fbc73bcf7a3018360306ca053fe11a60b3c64c5d4730cdab03bcbb268ce3ad541b7ad4bca3c0ba6cf2dee78a06cb8c44683553d6e07d0b17b7c84d48ba15e6814a6ab8854ea4910b4e44aa0a2', '0x02f8ef83301824038459ac65358459aeeeb6830186a09456c652ba099760e1e7efa6fd57795fbabdf8432780b8807f92c0d864f59509fc269cc7cd0ccf13e5fbf7952aa1f11ef693dbd0f9b3a9670060d3527fcbdb2378fd28dbdc0bba71e1d480975a8a17be545e7ee9aae82b24f718bc519860f3527f1217443787a57f2e1cd81c2062ce5116d8137624a063beddb594d5a62f6b1eec610113527f8cf5d40331c2ff38e3c20b017fbe32b8069fc001a01ce8eb5ec2d262a78328866241714401720d14dee31f704f8e30f1a87045e4cfa014808974ca567f1f90cd7320e40eaed641d12c968c76b966942de5f0a826a2fb', '0xf8e8048459aeeeb6830186a094d024dbecfd300f2c60e4dc6c1d21006a562ef63980b8807f7a6df8c41b0827a36d1bc8abac03eb74cf476b7d449c5da3ab1f80507c33adf560f6527f05b3cea9cc7827b975aae21403c83af7575b92e72461915339b62c33aa4ec8056101165260056101365360b161013753602061013853609461013953605161013a53603561013b53606361013c53609361013d53604361013e53608360306ca093d8725b73076ad08c4a5c3eae1b0cfd474188df8e2d1529fb7fe4e33171a242a02c57e13c51892d203fd83852306f86396aaa8f641e2abc519fd6c2790ed85c4c', '0x02f8ef83301824038459ac65358459aeeeb6830186a094b02a2eda1b317fbd16760128836b0ac59b560e9d80b880600060a45d3b6000600f5d600060655d7f9c31f8338a3fb39db2dfbc4c56d31c25fa62424a723c2bd05803848c8580f31960e55260c161010553606c61010653600861010753601c61010853607961010953600f61010a5360a061010b5360a761010c53605a61010d53602461010e53600761010f5360516101105360206101c080a00343dc341e04965f9ab99f31f0086bcfa2fd0d4968498e452efb1bbe4082d417a01fa9d8db4722019c1fd1f82ca8dfdb547f1ffd933fc3138b7679371f9b520832', '0x02f8db83301824088459ac65358459aeeeb6830186a08080b8806000602e5d377f4f68e3ac966c8f2e0fee551ecdf37d5f6f9738ba6b626acacf33bd0b7d2ad45d6014527fcd1d2a09d64f76445d91ad8f1cb40ca22c360f9a3252a76726335f74ef7739586034527fc9fdcd1c250a8bda4f6f94ce937cde5dfb4a7d9710ee32834bad8de5583afb6c605452600660745360b960755360096076c080a038a4a7967c37e565d2c959ba693a22831059437f5bc3b584e7b358dfd2a0d68ea01175effe01ef0946d7788c4b037a9c675fb5b7dae547d580baa254bc4a3e2fe7', '0x02f8ef83301824068459ac65358459aeeeb6830186a0949f27121ef65fac9660f4280eda4b8439a6988b9180b8807ff6ea08212e09582319f26dd1c26beded83fe869100b54b36ca9b73759bd7d0dd6034527f8065906318bd9ead28336cad0c468ba4c9c99460cf2f163662671891b2504caf6054527fb61fb2e12b8afe7c761b2b83e4839e39389b62d0c5fe22ed4119492965f696666074527f0194f0b6f3bc217c314ebf0d8dcac117734676c001a05ef4cf055c3bf9adcbef9e0f1525ef826f27fc06e01c3d68b6581a894dcfa5dea077d0753558329a709614cdfe545da1666cdb9c04a6e63d11dca05319b0539f21', '0x02f8db83301824068459ac65358459aeeeb6830186a08080b88082600060b95d6000604c5d600060095d6082497f23dd12cc8688f111e28987a718110ea9fd0a88f40f567315964be3207ab675a1607b527f86275647d0f178eb76d5b55909ff681bd583a1370028703c8ec2eec954b6767e609b527f63a929791320429ee103a98e62bb79bb1a5a06044da9da110c0257c4eb78bc5d60bb527fc080a0339a60919c397918bd48d10404eaea24bc1fa5a49111e6e45c7b64945a851fd4a028da36df79db638b36a0fdccb7b154f75de9398296178a33a7fa51aea8ab963b', '0x02f8db83301824048459ac65358459aeeeb6830186a08080b880957fa81e6d809ca4d641bf87c44ae04eb9a80e6ef78572a7f92e5927c58157afe2c2600c527f8784468fbf8d0c8dea4fae571f116e5663e0cae5a969cab1b7e2ca5500c6b2b8602c527f6faf242222f774f5cf62c463156c9eb440ec9ba3c3dea9d3a12f428ca48e5a0a604c527f98f30a6607285d0249c99de9cc8505101344c001a0137031d872ab19c1f40a32b663f891bb089944fe86eb2fd39a5624e1e09efdcaa02d65d34d53763e2a0be6cb6d2c22985ce5f59cd3ad63cff8cfb5523e656a581f', '0x02f8ef83301824078459ac65358459aeeeb6830186a094a92f68b2b224fad6bcebeebca758b53cde5bc9fb80b880600060775d7fac99605a092a04e2715a4508fe4763c38e29448335bd98d2c58345f995ca520760d9527f1d8a53fd9df8199565e08b553316a828fc26a0838b69eed8067be6e36b6e21be60f9527fbd2c5a1d9635c11c03927da29ce61a54c9449ac1dbf762efc34aee67ec9da287610119527f08fe40b0fca8d773bd93b4ed84c080a056bfc35816aa919a8bff23031676954aced39482aa227b4ea9337cf4fb415cdea04a101e6a004485339c65a6f2ab97cb6a9e460599100f1df768977c1b320bc5b5', '0x02f8db83301824098459ac65358459aeeeb6830186a08080b880600060f05d6000609a5d7fec4584626b00e7d91a6885db7c80704630ba6e0db2c541c2dd99518943dd84fc6017527fc8390859db2a784af3012f7c471c751b9c2a604e89bdd694fa1a3cdf7a4efadd6037527fef627a51eb3de1a023739ba0396b2b075918cd8b6812912b6b9ad281f092d8246057527fcb862377a5871fd006c080a0f7abe0bc67a56c416a830efb96cb55cc195bb5bdc6960154eded5ab55048f79aa032aa92f602ca16a875627a61025845140232a97c3b85c2edbaa0b0f9ad51a010', '0x01f8d6833018240a8459aeeeb6830186a08080b880600060985d7f7cbe675e296f9ab1ee9bbd7c96ef10fa2ce0f40bf608a47fe5d8f90b5334a34760a4527ff5a5905ce1d5bdeec9259d1d84036f139eab46aa276feb1ac1a119b53cf25a4460c4527fc43ddf2286e4b9767bb3fd04dfab03294c8da31e1226d5c7b8c7c3f56ab610a060e4527f299fea06838ca98d505ab1f42a1cc001a0e7a4affb956a363532543c1eb1274d78632ed5060a0fdfe17f7b94cc5690fe2aa01073534bb60605ce826fdd08a71b540e8b337e7eeb5cd7a5dc75ab984cbfe09b', '0x02f8ef83301824058459ac65358459aeeeb6830186a094b02a2eda1b317fbd16760128836b0ac59b560e9d80b880ddec600060ee5d537f3f7e218289b8bd8e9dbe1bed66fd534c7417e16bc2f3e84f82771664fcb3a85a601c527fc200bb010fa6fe22f45bcdc2ed7d329d1d37b539a41fab5a4fceae13fd3b6575603c5260c5605c5360c7605d5360b0605e53608a605f5360ba606053602c60615360e660625360df6063536065606453603a60c080a01971ed3ce0eb09db9137ae215ec21b702cd75419f2db424edbf957ce7d545e00a0089ca80a375bb1228d5dee47bc24f2f5b34ac6691eb2147126206d71e6ebf1ab', '0x02f8ef83301824098459ac65358459aeeeb6830186a094000000000000000000000000000000000000000080b8807f419f68ddb6fcdabbec4641c86e4d0569dc2eafa39a12e028537fb0b7294abfb86006527feefeb541a0745c394396b8ece89e8e20f623dd832642c5e8c463324f1479c9c16026527fe485bd6e2c430f4af8743b3c9a70c6e0ebb3cf38c05dcf49f6daa1ad3ab0bfd46046527f573fc03e8b7f4c29edddbbaa8023b98c78e9fcc080a08a1e4f55948a3bda988ebdcf5b341a1a5d436b1b391973acd8fbca722431016ca048a08485ce1f6e159711541761faa6989edebfda02e749871bc0e77d67b28e24', '0x02f8db83301824058459ac65358459aeeeb6830186a08080b8807f21d96aa4af679a576898370169fb81fdb8100543eef37fe4eb24d843473b9acd60e4527f40d767de6314d4249c8a32265f6cd93de325bfd11f7e4dfe8ea9e8ca46c88759610104527f156105448eb0a9819524402a9fa1e0a2faa6ce3a0f577dc5a73
75a12096558fd610124527fa73474772fa4352dfa8e99d70ddeb1fcd9c080a0ee0d6f19336171b4e103530f5b74c1c38848e2a29be512a24dba2957f1db2cdca05fba14e7bffed498cb9b688b3e695f366563e6287ef7216c88456be4db3354bd', '0x02f8db83301824058459ac65358459aeeeb6830186a08080b880600060485d600060fe5d436000603a5d20600060f15d60a8606253606e606353609d60645360916065536041606653605a606753609d606853600f60695360fb606a53604a606b536038606c53608a606d536033606e5360f4606f5360e6607053601360715360526072536050607353605a60745360bc607553601960765360c080a0a22221b2e21afea828bfee9358a68d0ae212cdaed7d78c1b820bd429f346528ea02714733a24233c299c651b3c7c450a8b04e0b9abfce01e183837acc9fd19a427', '0x01f8d683301824068459aeeeb6830186a08080b8807fdb9fa59d4e7bcce30df639341269d615806ac1d1d82f7bb65af58d9b6a3128a860e1527ff21f93f0631f4e71b0258a9c431f68851066f437c0a15a30f389845238d54010610101527faaad8c18d94f6d2e83ce0355f9276e75dd54e45e439205ceea1dd8ada94894e9610121527f7cbbc7ab8c988c1d274f8da23dbcc80230c001a049cbc0f2485d142d2b67c632d703896c1c759772140f2d81abdb66591112500aa068f5f252cd34b45a9d171bd7970d7b20dce3e2ca51d5b8c6d7cd497f77127f2d', '0x02f8ef833018240b8459ac65358459aeeeb6830186a094cd20400ac29e558b73ea47a7d6f10b726f76d74480b8807fe96d76196c7531d263b02ce53fa4e9eb76feac5c74bf6525161211de84fcca4560c3527ff46813c82da1b2a7a9d17f29e1f7dab52bc1b379515fe3dc404da6500985fb6960e3527fd4eb96df28f5a8232a156aa1c7a1793ff4ba1bea5c346b9ba1b008580f3ff858610103527fd04f749ba61779c48ca14c79de739994d304c001a06e1b31ef144fa166de573fa6a8ecd5e7c8ffdda179ae970d12fc41ece5990294a05099cb02a5bac857232bfc0eff77fde6c5e93e3944b3fec8b490e5758cb1acdd', '0x02f8ef83301824038459ac65358459aeeeb6830186a094b02a2eda1b317fbd16760128836b0ac59b560e9d80b880600060305d7fb1686097bceb6b1a1147db375c89ab7a7ee90abd9ed1339b39178689c242ade460ce527ff6648fb04ef67463fed0ffb11318dd8baaf88ae69cdb531391960c453b14da0060ee5260ca61010e53605661010f5360866101105360e261011153602261011253608b6101135360d961011453609761011553602161c001a05a76898ac111b89971200a49bed3a582b2d8ca7f9bdd0bf5d55356ba2654f988a06755e5c2a1f35f7c2ebeb1f79a369817088532c400fbe1d1ed877da5c5e8aefd', '0x02f8db83301824058459ac65358459aeeeb6830186a08080b880600060cd5d6000602d5d600060255d7f6533a4575ef7088f5dd271cdb677a8c1afb52a6843a87c38cf9c2506a52b8ca4600a527fb5435759cb3e9f8c2b1b2c07f213264ad019e5d4f579a82db742e5fc3144dbc4602a5260d6604a536055604b53607f604c536077604d536086604e537fbbac42bf15e6dbbe53b71fbc098f7fc001a0c33224c33ff8a76854148ddc691be233ad26e73868a60b803136051558cbc9efa034032955390c09885c87802d6c4f812aa4abd567def033eeb18317c05287ecd6', '0x02f8ef83301824068459ac65358459aeeeb6830186a0944e6310d12ff451880b162da9d3906b721ff72d0c80b8806020603f53602460405360a16041536092604253607a604353604a604453607860455360be604653604060475360a7604853606960495360e6604a5360a8604b536062604c53600f604d536046604e536063604f53609960505360936051536017605253605e605353607e497ff7db00422ad7ba138cb3bd7c4883da68344eeac080a0862b4d8b830bfbb0756cb7c4f6224c63ead726b27abf01c058fa1f15bc9824a8a0573c4cc71e6a3893ffe73dea42c83e814044f3d1e5ac819a5878d247876c0240', '0x01f8d683301824078459aeeeb6830186a08080b880601449600060785d600060995d7f77f719515a35b7c939ee0d09e1d47113aeb1c1ab9a654b5e57bce48419be8776602d527fc519c903dd20544f045bd95fc4d4eb1147cc5443e3e30965435f3028e56d8b75604d527ffdc1f8e408845a0d4271636420e15d9ecce6fab841430140b323390b3f8926d9606d5260e8608d5360d0c001a0348229c6cd913c7535a7779df1a8edeb59278a035757e5e76515aaf3306dfcaba043af0328dec18044b8a5ca9d6b627366b445414af7edef177915aef10211a821', '0x02f8db83301824058459ac65358459aeeeb6830186a08080b880ca600060a55da47fdb33386ce4806ab167955e402e96b189018c85d426522f419bbd4f438c71c4a56034527fe9f73ab000ef8d08097bce04698ea4123c4f9bdfc7841d2af6c7f12197bb35186054527fef94bb084b92e405b123c7fcdebd566371f6a35f9eaeaaa1301b6df68462b1516074527f936773cf4866dc9025491b10c080a0ad1299fd2be4c07fa3b26aef5a5dd9a51781fec72846963feb6ae42350f16c2da02e72643ecec26c2f8e86391b9b91eaa72beca59790e510f24f1b24bbd21fad93', '0x02f8db83301824058459ac65358459aeeeb6830186a08080b8806000606e5d600f49600060235d7f10bb06fbf4bb5fe9903d162611f86e4c54aaf63bd0c5e62ecd0748bd5909e88b60d45260a460f453606c60f55360b560f65360d960f753609660f853601d60f95360f560fa53600b60fb53608d60fc53604760fd5360ea60fe53605660ff53602061010053603a610101537f4d7d09178158c080a00c9aa719d95115f9bd15bebf86f488940d2faaf00db42416d7ffd7d0d02e9297a01e8d4634d65d4b22233f2e7ca99901603107de896a1034a03cb255faa2eab729', '0x02f8db83301824048459ac65358459aeeeb6830186a08080b8807f8f006e598cc84b30463ff569d4be8a3a7d8f0563d63276f2a993792a3aefc3ec606c527f3792610b321cfa360fa42772175cbd833a4ae6a4ec9a893e943305a991aff654608c527f90028f7342f62b0b69f1d8bccea2214c78c987ecbf042203cc33b3f9d1ebfd6160ac527fb42eaf4a9350fe2f753589a355df54232ca95bc080a042fdca41c5f3b4fbe3ba31633338bc22f48112ac7893025720794414474a9c81a06027a2a29e75eea33c1dfc2aa27e1807f1b74c98a7c2ff332cecc5980470f059', '0x02f8db83301824058459ac65358459aeeeb6830186a08080b880600060cc5d7ff725cd55207b2115906872192aa680fce495ac90545802f25ba440b77a8107f7603a527f86934ca9ac89f3e42eceabc89d60c36d695fcbb7e80b0090239e7fcd4fa5a7f0605a527f0c98c6c9499ebb1d14d6a2bffd360e9a210a44560bcbe93bb896834171ba30f5607a527f4ffa424502683069e58cc710fd2bc080a047d766f694a90bdc1204e590a664cf7e109f35fc0f1b42f93b97fba37d8f5501a06c59b75c27ee7377ebae88e516f21412ac9d96567eb649f2dd11e103b5ea4dc7', '0x02f8db83301824068459ac65358459aeeeb6830186a08080b8807f29dda264ad9a60f94462a642372c43600c28645ed91d421794af26e51902565760d6527f4174200b2c276ba02e4bba7876487890c911d3c7b78eb170aee617fde93ed60560f6527f1893863a0f6040febbabac72c44c0eb3f4099862f642f1d5aac6bc91734f012b61011652967f9f3b0d2558469b6be268f9e06eb95abf1bc080a0d0492288d4c8801c516abd53255fbb9e3c7acbd0017f8a090049007ee3e6fb30a002eae15af0f377eef4fa0813a6975eae5999c6224d140cc1b69ee1d196966e82', '0x02f8ef83301824078459ac65358459aeeeb6830186a094716429fbb37b777e4f20a06821b3cd3b3fe3178f80b8806000609a5d6000605a5d25cc217ffdc5ed306666161ed8415b1cafb6c67ce7b85baebf4809ba40163a02b3fee3886052527f018e14d8e772f7d2450f4a130431797a5cb0301e9d4c9fd3c90d5c25b9fb204d6072527f46fe16450e7118569801e873ffb06b45fce601ccffc992080e23667cd418ff516092527f1f01979403e9c001a0c8a20ac9a6cbe96b9e465461de99a17cc08580d74b4fe4f90ad34e08ea0d80efa01aa972dc8ae31d174fd90f410e7d7ce8742807de8889b67e069f24d849c71b76', '0xf8e8088459aeeeb6830186a094d726f7c059fb7689ced6d93aa3667daede58c11880b8807fe51b688049f3aa344d7bb8482a7f82bc779c543bd99ead62c24d56aa67c491b56019527f83d8cab4f54eddf5966aa47d978471e568ccceb8cf10ed74896b1166625b7eda6039526090605953609f605a536077605b536002605c53606b605d53609a605e536090605f53609860605360e160615360216062536017606353608360306ca0dcf26820a79cf69b572feae4079d324de58bf58ad9d307caeab157c37ccd1b1fa0119a9182210fc8e9a7f89f5fce40b1334e81c2dde8e590eb9426c22161c73e28', '0x02f8db83301824028459ac65358459aeeeb6830186a08080b8806000605f5d600060d05d7f1606cdd364f0840fb5e8b09389c8bd873e37058a483caadf19cd51d17f2730bb6024527f052ffa815eb28a6a3a3814398b5c8501439d37c897170d07a562e0510f19bed06044527fc3a7cf20635d681f556cef1e63af54df92bda0309713283ba69c2d2ef80c99f86064527f22cc5352033fd6b83cc001a02d6c9c3f33f6b9384b202752ee9bf4295237e6460407428749e00d7c54933572a07c580db94aa60b66822e4fac3501d2722062c616d9adddb3a7d797fe9df93b9d', '0x02f8db83301824048459ac65358459aeeeb6830186a08080b8806000609a5d7ff87d1a2feff07ac1249ee00926104f1af70ffdd3acfbb9e6508ec90d2f86e16960315260ed6051536055605253bd600060a35d7f737c78ba599fb5cb9f28c3c0d49eb4c330e3cb07d88219d9229cc7eabf8f281a6055527f2e437095f836c4f4eb07e869abc6b1cdf5af1fb6505f1a0ca95e8f421a8f810e6075c001a02789fed8eff171c644daab770f7ecde1dd6c5ff9734ebc1e5082823a45b015a5a05eac30019a1328cd7b51ab1752e0adae66d5d64a40d3abaaebd6f58385ce73d9', '0x02f8ef83301824068459ac65358459aeeeb6830186a0942a0d447919bde4e3c227d7c7d7f6be3333e11b8680b8807fecc119da7873999f0f509d85f2a75b8d1dc89f110a63577c8653f8689a53063a604d527f08a24590e8cd1841ae4612b2ad17fc51e40473ddf7fd142dc079dfa60f360024606d527f564beef16d30237e70116e84b32c5cf9deb8c825861ea913a0c034b385201140608d527fadf59678d6022535c7e83c6a1682d781e91e4bc001a00366518f3f0af20717b6b6eabf6a84585f5c0f2543e95feaae86012bef7ae5fea0196a1b2be7a09b6c9d75af64bf5d8f6569223124d4f22583a1fbea5b8897c9b2', '0x02f8db83301824048459ac65358459aeeeb6830186a08080b8807f3a8afa9a716cc4c94ff82aae086cd0efcb6a5cb2096b29c9d58af4a3556d313560aa527f0240a2f25a3a993b4a2bc67562fc84b219cd43c4586411624620ed9c8b9d827b60ca527f3acfdb1a774ac1aa0c3a2ee93b71a10cc31652b674bc38ee3d87b2650b9fac4360ea527fa5724add8131d3e2ba20a52809864313ca3073c001a0cce312ac77eb5082b3a7cdb33df39993b743b85bd47adc43a8e7f3a9382afaa8a04c442150304a98ff591c04e89e1096cf4aa8750212aeedfa9a6b2ae6afff698b', '0x02f8db83301824088459ac65358459aeeeb6830186a08080b880600060ef5d60c5498f7f5ead82df26787c8998086b5ca9b3ce039faa77c88bf8e885cbf33f40f207b1b260b5527fa7bbff9db119b1ea99b3a5069ebad08499ddfcabe2f4deb5dd7fec4287df696e60d5527fc06c45364fee8256dc6d1e0c011768f737bd13746a9a02eac36825cd5bb6a2d960f5527f64f952d4425fad1c3a11c080a016639182655c87c70b595a4e94e733539042c15dc321719e1d8cca6669c2a9e6a0237ebb3749420bbbd08e7386237d733500c15fbdb0cc3a1959afa11ff5c9a002', '0x02f8db83301824068459ac65358459aeeeb6830186a08080b880317fc08675f0a3a29d5d43911655d2158f509b374f6b691c8c33a4cfbad0fa21ab65608d527f2f131f7a1192cc18c793aee5e0c8f647687ba89b3e5cf48ec799332c9d126b3160ad52606560cd53606560ce5360ae60cf53600c60d053600060b95d60f160b353601e60b453608860b553608460b653601f60b75360dd60b853c001a072fa3fed877bd64258cec6a881ba3f82fc9cfd61959fb679e71c5fe54c75a1c5a0302fd8cf718d709d3ef8fb9e497f3ed84b5a3be32edcbd51386e5409da4b696b', '0x02f8db83301824098459ac65358459aeeeb6830186a08080b880603260f153605360f253602660f35360eb60f453600560f55360da60f65360b360f753609c60f85360e660f953601360fa53606160fb53607e60fc5360c960fd5360db60fe5360d360ff53609c610100536067610101537f19fb16dbd493f3a6bc096bd8e747a4a327f6b1bc9f3994dc39e0ad8995ab62ba60c7527fa6f832eec080a0d8c59c16254880418cef6a997368256088d8cbf09e8943322c7fffb5a8204014a038c5949c314f160e52206308b5ee2b72fdf812b9f8bec3e66fbc36f9bca2866e', '0x02f8ef83301824078459ac65358459aeeeb6830186a094b02a2eda1b317fbd16760128836b0ac59b560e9d80b880600060e85d7f9b869963bdd49699f4fedb6cdba14f613271ed03208b5f902c6a9a90713dbf08606d527f1fcd1576ebfe2e2af935cf6bb34875b562d9b01b8fd03b61aff993018e1ac1be608d527fe9b673b6826fac7ce7f2c808627c4c46eb6a6d26efbafb3ba3c9906f1fd853ff60ad527fa59f88ef69b00bc2e3e1cf4e1cf2c080a0d4418a0d66b26cc967e50671892c580ee512016fbb73c0704769c7802a3fff48a066d41cc9dcfaf9dc947f0e617f474cf3cce5978092ced1b2039c9005e51901c5', '0x02f8ef83301824058459ac65358459aeeeb6830186a09460fdeb87c4a0510be5c54711eb66338239d1655180b8807f8119cd68560ba2b695a691fca041c820871c1fcc2205ce5761f6450ab22fd0d56000527f93435b2699b586d4c50b89a4bf14b8548411069442057363b4a0340742b222466020527fcac47fb1cdf876cf6e568bcbf4f79068d9cc97c98d974836140e876fe66c52676040527fe207445d9a16e9f930aaaac375f71a7f420bd2c080a008c69bc4e65ccb5f2e80590fb74900e8d4df4f96928094c3318934bd78d76971a0527d1f2009e3e5c478db3d95f22e482332f4de710f91ff228ff163aa58f20e18', '0x02f8db83301824068459ac65358459aeeeb6830186a08080b8807f650991f8f20a32c43f91231374df8aa455fe486baeb602071a65e8692e34662e60a2527f3bd62d1ac7f9d88e5875a1e39dfe9b1b2b8d59c4a21d6d7908aed2de738d67dd60c2527f895e9a1dfd86f6283e5109c3f793dc6ad9a0d9da1aacdf2c8a6714d4ddb7c40560e2527f963d048bb1076da29c7d7cfae6bd790a9fb025c001a0e71238e20a168d4c10d9dda99b872099f65f87af883b1c929579458d3f28a15fa03c9aa73273827bd31f67f674aa5b037f2a4aec483d4831905504bf2d42612712', '0x02f8db83301824058459ac65358459aeeeb6830186a08080b8807fb7b22de2cf26731a803c337c5f4be90f07de2883fac9bd849f0f0551b328bfce6014527f30c241cf0637258411bd3c116433daf448cb30c4edcc6f6f1b73300ae757be1f6034527f5a430de2ef03baa8cda3e5fb6def85be0b2c15284abcf753c34bc436ff9b3bd86054527fd4f2f3414836aaeeead3d994318ab320ad31b1c080a0b2b1a35e0cdb3f5221f34ee15af61c9e78b7a881fac9c5b8b3793c2c60b1c39da06b50c9de34a53b8ab8659eda425ceca68cec14cb8443f8eef0ef4101fe4f3843', '0x02f8db83301824068459ac65358459aeeeb6830186a08080b880600060475d386000608f5d7f9fe0b5f4b933e5acbc3fbe9dfffb004bc2b2702bf3cc8b7042b5320941772faf605a5260df607a537fc6b67c89990ca2b850e08f4ccb99a851a771344dd5d7da4a78d9d65bc909cf37605e527fc45d4d5a48ae34ae54f312b882af44c69d6bc85b6811dca1fd4074d831492122607e526067609ec001a042c546eba1755b657aa87bf164965916832f83d680ca64d79aae66f3df272569a043dff601484ad386ea3d070932b916c401999c0d5e0ea57eed80cd77e97435ec', '0x02f86f8330182403808301fa58825208948943545177806ed17b9f23f0a21ee5948ecaa77687171913c18244bb80c001a018eccb9e5aa9077b1d37b156342fde8bbd9eaf532b903a467f154d7cb86cf3e2a01be06d9144aa960caf4a60e663afb48c23c73f001176bbbf2c8facd076e5ed82', '0x02f90176833018242a85012a05f2008512a05f2000830249f09471e67695db8bc44aa6bf2014142c42221967ee9880b901040cc7326300000000000000000000000000000000000000000000000000000000000000a000000000000000000000000000000000000000000000000ccb286d9e5030000000000000000000000000000085998f6c99833d1127301928248c97b6f168bdad00000000000000000000000065d08a056c17ae13370565b04cf77d2afa1cb9fa00000000000000000000000000000000000000000000000000000000000000000000000000000000000000000000000000000000000000000000000000000002000000000000000000000000ac29373cbe03c88fb078488181f8a0650c58ca0800000000000000000000000024a9da1457f96c2b167d49377a776d302a5c4db3c080a03d5b24d8c5747352ae87a5e71ffc5bb6a3ff0ffa3c61680a5e259f04a2007d16a07e2661e150069c9823b0e05236b6fa4b4418327336883eed541417842302cd4c'], withdrawals: [], blob_gas_used: 0, excess_blob_gas: 0}, blobs_bundle: {commitments: [], proofs: [], blobs: []}}
}
time="2024-12-06T21:04:19Z" level=debug msg="publishing block" blockHash=0xfa791744f31c2e9294467f16ab3880726c56665ae3a13a3613a53572c1c36db9 component=beaconClient service=relay/api slot=74 uri="http://172.16.4.15:4000" version=6fc57d1-dev
time="2024-12-06T21:04:19Z" level=debug msg="publishing block" blockHash=0xfa791744f31c2e9294467f16ab3880726c56665ae3a13a3613a53572c1c36db9 component=beaconClient service=relay/api slot=74 uri="http://172.16.4.14:4000" version=6fc57d1-dev
time="2024-12-06T21:04:19Z" level=debug msg="publishing block" blockHash=0xfa791744f31c2e9294467f16ab3880726c56665ae3a13a3613a53572c1c36db9 component=beaconClient service=relay/api slot=74 uri="http://172.16.4.16:4000" version=6fc57d1-dev
time="2024-12-06T21:04:19Z" level=info msg="updated headSlot to 74" epoch=2 service=relay/api slotHead=74 slotStartNextEpoch=96 version=6fc57d1-dev
time="2024-12-06T21:04:19Z" level=debug msg="RefreshKnownValidators init" datastoreMethod=RefreshKnownValidators headSlot=74 headSlotPos=11 lastUpdateSlot=67 service=relay/api version=6fc57d1-dev
time="2024-12-06T21:04:19Z" level=debug msg="Updating builder cache with 1 builders from database" service=relay/api version=6fc57d1-dev
time="2024-12-06T21:04:19Z" level=info msg="finished publish block request" beaconPublishURI="http://172.16.4.15:4000" beaconURI="http://172.16.4.15:4000" component=beaconInstance encodeDurationMs=1 payloadBytes=47988 publishContentType=json publishDurationMs=65 service=relay/api slot=74 version=6fc57d1-dev
time="2024-12-06T21:04:19Z" level=info msg="published block" beacon="http://172.16.4.15:4000" blockHash=0xfa791744f31c2e9294467f16ab3880726c56665ae3a13a3613a53572c1c36db9 component=beaconClient service=relay/api slot=74 statusCode=200 version=6fc57d1-dev
time="2024-12-06T21:04:19Z" level=info msg="block published through beacon node" blockHash=0xfa791744f31c2e9294467f16ab3880726c56665ae3a13a3613a53572c1c36db9 contentLength=3485 feeRecipient=0x8943545177806ED17B9F23F0a21ee5948eCaa776 headSlot=73 headSlotEpochPos=10 idArg= method=getPayload mevBoostV=v1.8.1 msIntoSlot=98 msNeededForPublishing=68 proposerIndex=45 proposerPubkey=0x9918433b8f0bc5e126da3fdef8d7b71456492dae6d2d07f2e10c7a7f852046f84ed0ce6d3bfec42200670db27dcf3037 service=relay/api slot=74 slotEpochPos=11 slotStartSec=1733519059 timestampAfterAlreadyDeliveredCheck=1733519059112 timestampAfterDecode=1733519059098 timestampAfterLoadResponse=1733519059111 timestampAfterPublishing=1733519059180 timestampAfterSignatureVerify=1733519059100 timestampBeforePublishing=1733519059112 timestampRequestStart=1733519059097 ua="mev-boost/v1.8.1 Lighthouse/v5.3.0-2e0eb6d" version=6fc57d1-dev
time="2024-12-06T21:04:19Z" level=info msg="payload attributes received for slot: 75" service=relay/api version=6fc57d1-dev
time="2024-12-06T21:04:19Z" level=info msg="updated payload attributes" headSlot=74 payloadAttrParent=0xfa791744f31c2e9294467f16ab3880726c56665ae3a13a3613a53572c1c36db9 payloadAttrSlot=75 randao=0x0c45b9b17db039843edc4b47c7b5e854592b0897acb146133740c810e27db045 service=relay/api timestamp=1733519061 version=6fc57d1-dev withdrawalsRoot=0x792930bbd5baac43bcc798ee49aa8185ef76bb3b44ba62b91d86ae569e4bb535
time="2024-12-06T21:04:19Z" level=info msg="finished publish block request" beaconPublishURI="http://172.16.4.16:4000" beaconURI="http://172.16.4.16:4000" component=beaconInstance encodeDurationMs=2 payloadBytes=47988 publishContentType=json publishDurationMs=86 service=relay/api slot=74 version=6fc57d1-dev
time="2024-12-06T21:04:19Z" level=info msg="request initiated" cancellationEnabled=false contentLength=2109 headSlot=74 method=submitNewBlock service=relay/api timestampRequestStart=1733519059702 version=6fc57d1-dev
time="2024-12-06T21:04:19Z" level=info msg="submitNewBlock failed: block with 0 value or no txs" blobGasUsed=0 blockHash=0x61494f35d87365dd6afc6f1af062b6982d164dba6ce4a4eef8c83cbc9bed8948 builderIsHighPrio=false builderPubkey=0xaa1488eae4b06a1fff840a2b6db167afc520758dc2c8af0dfb57037954df3431b747e2f900fe8805f05d635e9a29717b cancellationEnabled=false contentLength=2109 excessBlobGas=0 headSlot=74 isLargeRequest=false method=submitNewBlock numBlobs=0 numTx=0 parentHash=0xfa791744f31c2e9294467f16ab3880726c56665ae3a13a3613a53572c1c36db9 payloadBytes=2109 proposerPubkey=0x896a51e0b0de0f29029af38b796db1f1e6d0f9f9085ade40a313a60cb723fa3d58f6587175570086c4fbf0fe5331f1c8 reqContentType=json reqIsGzip=false service=relay/api slot=75 timestampAfterDecoding=1733519059703 timestampRequestStart=1733519059702 value=0 version=6fc57d1-dev
time="2024-12-06T21:04:19Z" level=info msg="request finished" blobGasUsed=0 blockHash=0x61494f35d87365dd6afc6f1af062b6982d164dba6ce4a4eef8c83cbc9bed8948 builderIsHighPrio=false builderPubkey=0xaa1488eae4b06a1fff840a2b6db167afc520758dc2c8af0dfb57037954df3431b747e2f900fe8805f05d635e9a29717b cancellationEnabled=false contentLength=2109 excessBlobGas=0 headSlot=74 isLargeRequest=false method=submitNewBlock numBlobs=0 numTx=0 parentHash=0xfa791744f31c2e9294467f16ab3880726c56665ae3a13a3613a53572c1c36db9 payloadBytes=2109 proposerPubkey=0x896a51e0b0de0f29029af38b796db1f1e6d0f9f9085ade40a313a60cb723fa3d58f6587175570086c4fbf0fe5331f1c8 reqContentType=json reqIsGzip=false requestDurationMs=0 service=relay/api slot=75 timestampAfterDecoding=1733519059703 timestampRequestFin=1733519059703 timestampRequestStart=1733519059702 value=0 version=6fc57d1-dev
time="2024-12-06T21:04:19Z" level=info msg="http: POST /relay/v1/builder/blocks 200" duration=0.000292 method=POST path=/relay/v1/builder/blocks service=relay/api status=200 version=6fc57d1-dev
time="2024-12-06T21:04:20Z" level=info msg="execution payload delivered" blobGasUsed=0 blockHash=0xfa791744f31c2e9294467f16ab3880726c56665ae3a13a3613a53572c1c36db9 blockNumber=74 contentLength=3485 excessBlobGas=0 feeRecipient=0x8943545177806ED17B9F23F0a21ee5948eCaa776 headSlot=73 headSlotEpochPos=10 idArg= method=getPayload mevBoostV=v1.8.1 msIntoSlot=98 numBlobs=0 numTx=97 proposerIndex=45 proposerPubkey=0x9918433b8f0bc5e126da3fdef8d7b71456492dae6d2d07f2e10c7a7f852046f84ed0ce6d3bfec42200670db27dcf3037 service=relay/api slot=74 slotEpochPos=11 slotStartSec=1733519059 timestampAfterAlreadyDeliveredCheck=1733519059112 timestampAfterDecode=1733519059098 timestampAfterLoadResponse=1733519059111 timestampAfterPublishing=1733519059180 timestampAfterSignatureVerify=1733519059100 timestampBeforePublishing=1733519059112 timestampRequestStart=1733519059097 ua="mev-boost/v1.8.1 Lighthouse/v5.3.0-2e0eb6d" version=6fc57d1-dev
time="2024-12-06T21:04:20Z" level=info msg="failed to get bidTrace for delivered payload from redis" blobGasUsed=0 blockHash=0xfa791744f31c2e9294467f16ab3880726c56665ae3a13a3613a53572c1c36db9 blockNumber=74 contentLength=3485 error="redis: nil" excessBlobGas=0 feeRecipient=0x8943545177806ED17B9F23F0a21ee5948eCaa776 headSlot=73 headSlotEpochPos=10 idArg= method=getPayload mevBoostV=v1.8.1 msIntoSlot=98 numBlobs=0 numTx=97 proposerIndex=45 proposerPubkey=0x9918433b8f0bc5e126da3fdef8d7b71456492dae6d2d07f2e10c7a7f852046f84ed0ce6d3bfec42200670db27dcf3037 service=relay/api slot=74 slotEpochPos=11 slotStartSec=1733519059 timestampAfterAlreadyDeliveredCheck=1733519059112 timestampAfterDecode=1733519059098 timestampAfterLoadResponse=1733519059111 timestampAfterPublishing=1733519059180 timestampAfterSignatureVerify=1733519059100 timestampBeforePublishing=1733519059112 timestampRequestStart=1733519059097 ua="mev-boost/v1.8.1 Lighthouse/v5.3.0-2e0eb6d" version=6fc57d1-dev
time="2024-12-06T21:04:20Z" level=info msg="request finished" blobGasUsed=0 blockHash=0xfa791744f31c2e9294467f16ab3880726c56665ae3a13a3613a53572c1c36db9 blockNumber=74 contentLength=3485 excessBlobGas=0 feeRecipient=0x8943545177806ED17B9F23F0a21ee5948eCaa776 headSlot=73 headSlotEpochPos=10 idArg= method=getPayload mevBoostV=v1.8.1 msIntoSlot=98 numBlobs=0 numTx=97 proposerIndex=45 proposerPubkey=0x9918433b8f0bc5e126da3fdef8d7b71456492dae6d2d07f2e10c7a7f852046f84ed0ce6d3bfec42200670db27dcf3037 requestDurationMs=1085 service=relay/api slot=74 slotEpochPos=11 slotStartSec=1733519059 timestampAfterAlreadyDeliveredCheck=1733519059112 timestampAfterDecode=1733519059098 timestampAfterLoadResponse=1733519059111 timestampAfterPublishing=1733519059180 timestampAfterSignatureVerify=1733519059100 timestampBeforePublishing=1733519059112 timestampRequestFin=1733519060183 timestampRequestStart=1733519059097 ua="mev-boost/v1.8.1 Lighthouse/v5.3.0-2e0eb6d" version=6fc57d1-dev
time="2024-12-06T21:04:20Z" level=info msg="http: POST /eth/v1/builder/blinded_blocks 200" duration=1.085796 method=POST path=/eth/v1/builder/blinded_blocks service=relay/api status=200 version=6fc57d1-dev
time="2024-12-06T21:04:20Z" level=info msg="finished publish block request" beaconPublishURI="http://172.16.4.14:4000" beaconURI="http://172.16.4.14:4000" component=beaconInstance encodeDurationMs=3 payloadBytes=47988 publishContentType=json publishDurationMs=1142 service=relay/api slot=74 version=6fc57d1-dev
time="2024-12-06T21:04:21Z" level=info msg="payload attributes received for slot: 76" service=relay/api version=6fc57d1-dev
time="2024-12-06T21:04:21Z" level=info msg="updated payload attributes" headSlot=74 payloadAttrParent=0xfa791744f31c2e9294467f16ab3880726c56665ae3a13a3613a53572c1c36db9 payloadAttrSlot=76 randao=0x0c45b9b17db039843edc4b47c7b5e854592b0897acb146133740c810e27db045 service=relay/api timestamp=1733519063 version=6fc57d1-dev withdrawalsRoot=0x792930bbd5baac43bcc798ee49aa8185ef76bb3b44ba62b91d86ae569e4bb535
time="2024-12-06T21:04:21Z" level=debug msg="getHeader request received" headSlot=74 method=getHeader mevBoostV=v1.8.1 msIntoSlot=6 parentHash=0xfa791744f31c2e9294467f16ab3880726c56665ae3a13a3613a53572c1c36db9 pubkey=0x896a51e0b0de0f29029af38b796db1f1e6d0f9f9085ade40a313a60cb723fa3d58f6587175570086c4fbf0fe5331f1c8 requestTimestamp=1733519061 service=relay/api slot=75 slotStartSec=1733519061 ua="mev-boost/v1.8.1 Lighthouse/v5.3.0-2e0eb6d" version=6fc57d1-dev
time="2024-12-06T21:04:21Z" level=error msg="bid was empty, skipping PROF augmentation" error="<nil>" headSlot=74 method=getHeader mevBoostV=v1.8.1 msIntoSlot=6 parentHash=0xfa791744f31c2e9294467f16ab3880726c56665ae3a13a3613a53572c1c36db9 pubkey=0x896a51e0b0de0f29029af38b796db1f1e6d0f9f9085ade40a313a60cb723fa3d58f6587175570086c4fbf0fe5331f1c8 requestTimestamp=1733519061 service=relay/api slot=75 slotStartSec=1733519061 ua="mev-boost/v1.8.1 Lighthouse/v5.3.0-2e0eb6d" version=6fc57d1-dev
time="2024-12-06T21:04:21Z" level=info msg="http: GET /eth/v1/builder/header/75/0xfa791744f31c2e9294467f16ab3880726c56665ae3a13a3613a53572c1c36db9/0x896a51e0b0de0f29029af38b796db1f1e6d0f9f9085ade40a313a60cb723fa3d58f6587175570086c4fbf0fe5331f1c8 204" duration=0.001068 method=GET path=/eth/v1/builder/header/75/0xfa791744f31c2e9294467f16ab3880726c56665ae3a13a3613a53572c1c36db9/0x896a51e0b0de0f29029af38b796db1f1e6d0f9f9085ade40a313a60cb723fa3d58f6587175570086c4fbf0fe5331f1c8 service=relay/api status=204 version=6fc57d1-dev
time="2024-12-06T21:04:21Z" level=info msg="updated headSlot to 75" epoch=2 service=relay/api slotHead=75 slotStartNextEpoch=96 version=6fc57d1-dev
time="2024-12-06T21:04:21Z" level=debug msg="RefreshKnownValidators init" datastoreMethod=RefreshKnownValidators headSlot=75 headSlotPos=12 lastUpdateSlot=67 service=relay/api version=6fc57d1-dev
time="2024-12-06T21:04:21Z" level=debug msg="Updating builder cache with 1 builders from database" service=relay/api version=6fc57d1-dev
time="2024-12-06T21:04:21Z" level=info msg="payload attributes received for slot: 76" service=relay/api version=6fc57d1-dev
time="2024-12-06T21:04:21Z" level=info msg="updated payload attributes" headSlot=75 payloadAttrParent=0x97645dc349ce87166e5f3ae357cc0e87d08869f088f9243656666fb114bcbb25 payloadAttrSlot=76 randao=0x0aebeefd3586f0115ea5d4be62a6d35cfc7d2fbc8808c91a0c606de765fb52ad service=relay/api timestamp=1733519063 version=6fc57d1-dev withdrawalsRoot=0x792930bbd5baac43bcc798ee49aa8185ef76bb3b44ba62b91d86ae569e4bb535
time="2024-12-06T21:04:21Z" level=info msg="request initiated" cancellationEnabled=false contentLength=2109 headSlot=75 method=submitNewBlock service=relay/api timestampRequestStart=1733519061634 version=6fc57d1-dev
time="2024-12-06T21:04:21Z" level=info msg="submitNewBlock failed: block with 0 value or no txs" blobGasUsed=0 blockHash=0x7a9b5a14ee57ef6fe9a06b1e223cdbed177d8ee108eb1772a842a60570e2a72f builderIsHighPrio=false builderPubkey=0xaa1488eae4b06a1fff840a2b6db167afc520758dc2c8af0dfb57037954df3431b747e2f900fe8805f05d635e9a29717b cancellationEnabled=false contentLength=2109 excessBlobGas=0 headSlot=75 isLargeRequest=false method=submitNewBlock numBlobs=0 numTx=0 parentHash=0x97645dc349ce87166e5f3ae357cc0e87d08869f088f9243656666fb114bcbb25 payloadBytes=2109 proposerPubkey=0xb72cb106b7bc1ecae219e0ae1830a509ed18a042b56a2779f4033419de69ba8ae8017090caed1f5377bfa68506157360 reqContentType=json reqIsGzip=false service=relay/api slot=76 timestampAfterDecoding=1733519061634 timestampRequestStart=1733519061634 value=0 version=6fc57d1-dev
time="2024-12-06T21:04:21Z" level=info msg="request finished" blobGasUsed=0 blockHash=0x7a9b5a14ee57ef6fe9a06b1e223cdbed177d8ee108eb1772a842a60570e2a72f builderIsHighPrio=false builderPubkey=0xaa1488eae4b06a1fff840a2b6db167afc520758dc2c8af0dfb57037954df3431b747e2f900fe8805f05d635e9a29717b cancellationEnabled=false contentLength=2109 excessBlobGas=0 headSlot=75 isLargeRequest=false method=submitNewBlock numBlobs=0 numTx=0 parentHash=0x97645dc349ce87166e5f3ae357cc0e87d08869f088f9243656666fb114bcbb25 payloadBytes=2109 proposerPubkey=0xb72cb106b7bc1ecae219e0ae1830a509ed18a042b56a2779f4033419de69ba8ae8017090caed1f5377bfa68506157360 reqContentType=json reqIsGzip=false requestDurationMs=0 service=relay/api slot=76 timestampAfterDecoding=1733519061634 timestampRequestFin=1733519061634 timestampRequestStart=1733519061634 value=0 version=6fc57d1-dev
time="2024-12-06T21:04:21Z" level=info msg="http: POST /relay/v1/builder/blocks 200" duration=0.000454 method=POST path=/relay/v1/builder/blocks service=relay/api status=200 version=6fc57d1-dev
time="2024-12-06T21:04:23Z" level=info msg="payload attributes received for slot: 77" service=relay/api version=6fc57d1-dev
time="2024-12-06T21:04:23Z" level=info msg="updated payload attributes" headSlot=75 payloadAttrParent=0x97645dc349ce87166e5f3ae357cc0e87d08869f088f9243656666fb114bcbb25 payloadAttrSlot=77 randao=0x0aebeefd3586f0115ea5d4be62a6d35cfc7d2fbc8808c91a0c606de765fb52ad service=relay/api timestamp=1733519065 version=6fc57d1-dev withdrawalsRoot=0x792930bbd5baac43bcc798ee49aa8185ef76bb3b44ba62b91d86ae569e4bb535
time="2024-12-06T21:04:23Z" level=debug msg="getHeader request received" headSlot=75 method=getHeader mevBoostV=v1.8.1 msIntoSlot=7 parentHash=0x97645dc349ce87166e5f3ae357cc0e87d08869f088f9243656666fb114bcbb25 pubkey=0xb72cb106b7bc1ecae219e0ae1830a509ed18a042b56a2779f4033419de69ba8ae8017090caed1f5377bfa68506157360 requestTimestamp=1733519063 service=relay/api slot=76 slotStartSec=1733519063 ua="mev-boost/v1.8.1 Lighthouse/v5.3.0-2e0eb6d" version=6fc57d1-dev
time="2024-12-06T21:04:23Z" level=error msg="bid was empty, skipping PROF augmentation" error="<nil>" headSlot=75 method=getHeader mevBoostV=v1.8.1 msIntoSlot=7 parentHash=0x97645dc349ce87166e5f3ae357cc0e87d08869f088f9243656666fb114bcbb25 pubkey=0xb72cb106b7bc1ecae219e0ae1830a509ed18a042b56a2779f4033419de69ba8ae8017090caed1f5377bfa68506157360 requestTimestamp=1733519063 service=relay/api slot=76 slotStartSec=1733519063 ua="mev-boost/v1.8.1 Lighthouse/v5.3.0-2e0eb6d" version=6fc57d1-dev
time="2024-12-06T21:04:23Z" level=info msg="http: GET /eth/v1/builder/header/76/0x97645dc349ce87166e5f3ae357cc0e87d08869f088f9243656666fb114bcbb25/0xb72cb106b7bc1ecae219e0ae1830a509ed18a042b56a2779f4033419de69ba8ae8017090caed1f5377bfa68506157360 204" duration=0.000773 method=GET path=/eth/v1/builder/header/76/0x97645dc349ce87166e5f3ae357cc0e87d08869f088f9243656666fb114bcbb25/0xb72cb106b7bc1ecae219e0ae1830a509ed18a042b56a2779f4033419de69ba8ae8017090caed1f5377bfa68506157360 service=relay/api status=204 version=6fc57d1-dev
time="2024-12-06T21:04:23Z" level=info msg="updated headSlot to 76" epoch=2 service=relay/api slotHead=76 slotStartNextEpoch=96 version=6fc57d1-dev
time="2024-12-06T21:04:23Z" level=debug msg="RefreshKnownValidators init" datastoreMethod=RefreshKnownValidators headSlot=76 headSlotPos=13 lastUpdateSlot=67 service=relay/api version=6fc57d1-dev
time="2024-12-06T21:04:23Z" level=debug msg="Updating builder cache with 1 builders from database" service=relay/api version=6fc57d1-dev
time="2024-12-06T21:04:23Z" level=info msg="payload attributes received for slot: 77" service=relay/api version=6fc57d1-dev
time="2024-12-06T21:04:23Z" level=info msg="updated payload attributes" headSlot=76 payloadAttrParent=0xe261592a68257c05db93c1a431364a8fedb33b7477a376966dd60c9297ab9069 payloadAttrSlot=77 randao=0x590941cef5fa6e0232034099ce3a2c3a76372115cd33f6553ec6d98f5983c7e4 service=relay/api timestamp=1733519065 version=6fc57d1-dev withdrawalsRoot=0x792930bbd5baac43bcc798ee49aa8185ef76bb3b44ba62b91d86ae569e4bb535
time="2024-12-06T21:04:23Z" level=info msg="request initiated" cancellationEnabled=false contentLength=2108 headSlot=76 method=submitNewBlock service=relay/api timestampRequestStart=1733519063640 version=6fc57d1-dev
time="2024-12-06T21:04:23Z" level=info msg="submitNewBlock failed: block with 0 value or no txs" blobGasUsed=0 blockHash=0x42b944bb7590b27d9b294e25ba7abe8523181c5801e094aa724a80c803ce76be builderIsHighPrio=false builderPubkey=0xaa1488eae4b06a1fff840a2b6db167afc520758dc2c8af0dfb57037954df3431b747e2f900fe8805f05d635e9a29717b cancellationEnabled=false contentLength=2108 excessBlobGas=0 headSlot=76 isLargeRequest=false method=submitNewBlock numBlobs=0 numTx=0 parentHash=0xe261592a68257c05db93c1a431364a8fedb33b7477a376966dd60c9297ab9069 payloadBytes=2108 proposerPubkey=0xabd3280a86fbb8d736717d8bd950920873ff7bb8a68ac4d7c339bb3c783c6f4e6e29912f6a3528e04b13aef57d4290a1 reqContentType=json reqIsGzip=false service=relay/api slot=77 timestampAfterDecoding=1733519063640 timestampRequestStart=1733519063640 value=0 version=6fc57d1-dev
time="2024-12-06T21:04:23Z" level=info msg="request finished" blobGasUsed=0 blockHash=0x42b944bb7590b27d9b294e25ba7abe8523181c5801e094aa724a80c803ce76be builderIsHighPrio=false builderPubkey=0xaa1488eae4b06a1fff840a2b6db167afc520758dc2c8af0dfb57037954df3431b747e2f900fe8805f05d635e9a29717b cancellationEnabled=false contentLength=2108 excessBlobGas=0 headSlot=76 isLargeRequest=false method=submitNewBlock numBlobs=0 numTx=0 parentHash=0xe261592a68257c05db93c1a431364a8fedb33b7477a376966dd60c9297ab9069 payloadBytes=2108 proposerPubkey=0xabd3280a86fbb8d736717d8bd950920873ff7bb8a68ac4d7c339bb3c783c6f4e6e29912f6a3528e04b13aef57d4290a1 reqContentType=json reqIsGzip=false requestDurationMs=0 service=relay/api slot=77 timestampAfterDecoding=1733519063640 timestampRequestFin=1733519063640 timestampRequestStart=1733519063640 value=0 version=6fc57d1-dev
time="2024-12-06T21:04:23Z" level=info msg="http: POST /relay/v1/builder/blocks 200" duration=0.000653 method=POST path=/relay/v1/builder/blocks service=relay/api status=200 version=6fc57d1-dev
time="2024-12-06T21:04:25Z" level=info msg="payload attributes received for slot: 78" service=relay/api version=6fc57d1-dev
time="2024-12-06T21:04:25Z" level=info msg="updated payload attributes" headSlot=76 payloadAttrParent=0xe261592a68257c05db93c1a431364a8fedb33b7477a376966dd60c9297ab9069 payloadAttrSlot=78 randao=0x590941cef5fa6e0232034099ce3a2c3a76372115cd33f6553ec6d98f5983c7e4 service=relay/api timestamp=1733519067 version=6fc57d1-dev withdrawalsRoot=0x792930bbd5baac43bcc798ee49aa8185ef76bb3b44ba62b91d86ae569e4bb535
time="2024-12-06T21:04:25Z" level=debug msg="getHeader request received" headSlot=76 method=getHeader mevBoostV=v1.8.1 msIntoSlot=7 parentHash=0xe261592a68257c05db93c1a431364a8fedb33b7477a376966dd60c9297ab9069 pubkey=0xabd3280a86fbb8d736717d8bd950920873ff7bb8a68ac4d7c339bb3c783c6f4e6e29912f6a3528e04b13aef57d4290a1 requestTimestamp=1733519065 service=relay/api slot=77 slotStartSec=1733519065 ua="mev-boost/v1.8.1 Lighthouse/v5.3.0-2e0eb6d" version=6fc57d1-dev
time="2024-12-06T21:04:25Z" level=error msg="bid was empty, skipping PROF augmentation" error="<nil>" headSlot=76 method=getHeader mevBoostV=v1.8.1 msIntoSlot=7 parentHash=0xe261592a68257c05db93c1a431364a8fedb33b7477a376966dd60c9297ab9069 pubkey=0xabd3280a86fbb8d736717d8bd950920873ff7bb8a68ac4d7c339bb3c783c6f4e6e29912f6a3528e04b13aef57d4290a1 requestTimestamp=1733519065 service=relay/api slot=77 slotStartSec=1733519065 ua="mev-boost/v1.8.1 Lighthouse/v5.3.0-2e0eb6d" version=6fc57d1-dev
time="2024-12-06T21:04:25Z" level=info msg="http: GET /eth/v1/builder/header/77/0xe261592a68257c05db93c1a431364a8fedb33b7477a376966dd60c9297ab9069/0xabd3280a86fbb8d736717d8bd950920873ff7bb8a68ac4d7c339bb3c783c6f4e6e29912f6a3528e04b13aef57d4290a1 204" duration=0.001041 method=GET path=/eth/v1/builder/header/77/0xe261592a68257c05db93c1a431364a8fedb33b7477a376966dd60c9297ab9069/0xabd3280a86fbb8d736717d8bd950920873ff7bb8a68ac4d7c339bb3c783c6f4e6e29912f6a3528e04b13aef57d4290a1 service=relay/api status=204 version=6fc57d1-dev
time="2024-12-06T21:04:25Z" level=info msg="updated headSlot to 77" epoch=2 service=relay/api slotHead=77 slotStartNextEpoch=96 version=6fc57d1-dev
time="2024-12-06T21:04:25Z" level=debug msg="RefreshKnownValidators init" datastoreMethod=RefreshKnownValidators headSlot=77 headSlotPos=14 lastUpdateSlot=67 service=relay/api version=6fc57d1-dev
time="2024-12-06T21:04:25Z" level=debug msg="Updating builder cache with 1 builders from database" service=relay/api version=6fc57d1-dev
time="2024-12-06T21:04:25Z" level=info msg="payload attributes received for slot: 78" service=relay/api version=6fc57d1-dev
time="2024-12-06T21:04:25Z" level=info msg="updated payload attributes" headSlot=77 payloadAttrParent=0x011a63908a8cab4280ff2d006147164646fb8d75c58c1445cca3735a29b49c69 payloadAttrSlot=78 randao=0xd25d7a3c2c621f89a760fd98349cafaec97c88c67f2c1be209cc77822839cb12 service=relay/api timestamp=1733519067 version=6fc57d1-dev withdrawalsRoot=0x792930bbd5baac43bcc798ee49aa8185ef76bb3b44ba62b91d86ae569e4bb535
time="2024-12-06T21:04:25Z" level=info msg="request initiated" cancellationEnabled=false contentLength=2108 headSlot=77 method=submitNewBlock service=relay/api timestampRequestStart=1733519065640 version=6fc57d1-dev
time="2024-12-06T21:04:25Z" level=info msg="submitNewBlock failed: block with 0 value or no txs" blobGasUsed=0 blockHash=0x0ae85715df8ff920ae6ce6cedaeefa41cc6bd58e78dc690e199a33de8cd4a9b4 builderIsHighPrio=false builderPubkey=0xaa1488eae4b06a1fff840a2b6db167afc520758dc2c8af0dfb57037954df3431b747e2f900fe8805f05d635e9a29717b cancellationEnabled=false contentLength=2108 excessBlobGas=0 headSlot=77 isLargeRequest=false method=submitNewBlock numBlobs=0 numTx=0 parentHash=0x011a63908a8cab4280ff2d006147164646fb8d75c58c1445cca3735a29b49c69 payloadBytes=2108 proposerPubkey=0x8d9dc5d04f5b105ddd3e84529e16f33748969fea81729ea7dc087fee8f1e3e2faeaaee3ca7ee5dc264a22cbe0ff809b3 reqContentType=json reqIsGzip=false service=relay/api slot=78 timestampAfterDecoding=1733519065640 timestampRequestStart=1733519065640 value=0 version=6fc57d1-dev
time="2024-12-06T21:04:25Z" level=info msg="request finished" blobGasUsed=0 blockHash=0x0ae85715df8ff920ae6ce6cedaeefa41cc6bd58e78dc690e199a33de8cd4a9b4 builderIsHighPrio=false builderPubkey=0xaa1488eae4b06a1fff840a2b6db167afc520758dc2c8af0dfb57037954df3431b747e2f900fe8805f05d635e9a29717b cancellationEnabled=false contentLength=2108 excessBlobGas=0 headSlot=77 isLargeRequest=false method=submitNewBlock numBlobs=0 numTx=0 parentHash=0x011a63908a8cab4280ff2d006147164646fb8d75c58c1445cca3735a29b49c69 payloadBytes=2108 proposerPubkey=0x8d9dc5d04f5b105ddd3e84529e16f33748969fea81729ea7dc087fee8f1e3e2faeaaee3ca7ee5dc264a22cbe0ff809b3 reqContentType=json reqIsGzip=false requestDurationMs=0 service=relay/api slot=78 timestampAfterDecoding=1733519065640 timestampRequestFin=1733519065640 timestampRequestStart=1733519065640 value=0 version=6fc57d1-dev
time="2024-12-06T21:04:25Z" level=info msg="http: POST /relay/v1/builder/blocks 200" duration=0.000459 method=POST path=/relay/v1/builder/blocks service=relay/api status=200 version=6fc57d1-dev
time="2024-12-06T21:04:27Z" level=info msg="payload attributes received for slot: 79" service=relay/api version=6fc57d1-dev
time="2024-12-06T21:04:27Z" level=info msg="updated payload attributes" headSlot=77 payloadAttrParent=0x011a63908a8cab4280ff2d006147164646fb8d75c58c1445cca3735a29b49c69 payloadAttrSlot=79 randao=0xd25d7a3c2c621f89a760fd98349cafaec97c88c67f2c1be209cc77822839cb12 service=relay/api timestamp=1733519069 version=6fc57d1-dev withdrawalsRoot=0x792930bbd5baac43bcc798ee49aa8185ef76bb3b44ba62b91d86ae569e4bb535
time="2024-12-06T21:04:27Z" level=debug msg="getHeader request received" headSlot=77 method=getHeader mevBoostV=v1.8.1 msIntoSlot=7 parentHash=0x011a63908a8cab4280ff2d006147164646fb8d75c58c1445cca3735a29b49c69 pubkey=0x8d9dc5d04f5b105ddd3e84529e16f33748969fea81729ea7dc087fee8f1e3e2faeaaee3ca7ee5dc264a22cbe0ff809b3 requestTimestamp=1733519067 service=relay/api slot=78 slotStartSec=1733519067 ua="mev-boost/v1.8.1 Lighthouse/v5.3.0-2e0eb6d" version=6fc57d1-dev
time="2024-12-06T21:04:27Z" level=error msg="bid was empty, skipping PROF augmentation" error="<nil>" headSlot=77 method=getHeader mevBoostV=v1.8.1 msIntoSlot=7 parentHash=0x011a63908a8cab4280ff2d006147164646fb8d75c58c1445cca3735a29b49c69 pubkey=0x8d9dc5d04f5b105ddd3e84529e16f33748969fea81729ea7dc087fee8f1e3e2faeaaee3ca7ee5dc264a22cbe0ff809b3 requestTimestamp=1733519067 service=relay/api slot=78 slotStartSec=1733519067 ua="mev-boost/v1.8.1 Lighthouse/v5.3.0-2e0eb6d" version=6fc57d1-dev
time="2024-12-06T21:04:27Z" level=info msg="http: GET /eth/v1/builder/header/78/0x011a63908a8cab4280ff2d006147164646fb8d75c58c1445cca3735a29b49c69/0x8d9dc5d04f5b105ddd3e84529e16f33748969fea81729ea7dc087fee8f1e3e2faeaaee3ca7ee5dc264a22cbe0ff809b3 204" duration=0.000569 method=GET path=/eth/v1/builder/header/78/0x011a63908a8cab4280ff2d006147164646fb8d75c58c1445cca3735a29b49c69/0x8d9dc5d04f5b105ddd3e84529e16f33748969fea81729ea7dc087fee8f1e3e2faeaaee3ca7ee5dc264a22cbe0ff809b3 service=relay/api status=204 version=6fc57d1-dev
time="2024-12-06T21:04:27Z" level=info msg="updated headSlot to 78" epoch=2 service=relay/api slotHead=78 slotStartNextEpoch=96 version=6fc57d1-dev
time="2024-12-06T21:04:27Z" level=debug msg="RefreshKnownValidators init" datastoreMethod=RefreshKnownValidators headSlot=78 headSlotPos=15 lastUpdateSlot=67 service=relay/api version=6fc57d1-dev
time="2024-12-06T21:04:27Z" level=debug msg="Updating builder cache with 1 builders from database" service=relay/api version=6fc57d1-dev
time="2024-12-06T21:04:27Z" level=info msg="payload attributes received for slot: 79" service=relay/api version=6fc57d1-dev
time="2024-12-06T21:04:27Z" level=info msg="updated payload attributes" headSlot=78 payloadAttrParent=0xefbdc6815448928d6f1e2defdc1d6f84241e45e4a22888c769e8c0662696caa2 payloadAttrSlot=79 randao=0xb39b517f40350a843a0902e2da93e6de334740641e54c06fae17e35b43c2c05f service=relay/api timestamp=1733519069 version=6fc57d1-dev withdrawalsRoot=0x792930bbd5baac43bcc798ee49aa8185ef76bb3b44ba62b91d86ae569e4bb535
time="2024-12-06T21:04:27Z" level=info msg="request initiated" cancellationEnabled=false contentLength=16811 headSlot=78 method=submitNewBlock service=relay/api timestampRequestStart=1733519067648 version=6fc57d1-dev
time="2024-12-06T21:04:27Z" level=info msg="block validation successful" blobGasUsed=0 blockHash=0xb66b54669b980aa6ca2020a02f9247174079416f6136dbe72f96a73b4e741e7f builderIsHighPrio=false builderPubkey=0xaa1488eae4b06a1fff840a2b6db167afc520758dc2c8af0dfb57037954df3431b747e2f900fe8805f05d635e9a29717b cancellationEnabled=false contentLength=16811 durationMs=20 excessBlobGas=0 fastTrackValidation=false headSlot=78 isLargeRequest=false method=submitNewBlock newBidIsTopBid=true numBlobs=0 numTx=63 numWaiting=0 parentHash=0xefbdc6815448928d6f1e2defdc1d6f84241e45e4a22888c769e8c0662696caa2 payloadBytes=16811 proposerPubkey=0xa03c2a82374e04b2e0594c4ce14fb3f225b46f13188f0d8002a523c7dcfb939ae4856053c2c9c695374d7c3685df1ca5 reqContentType=json reqIsGzip=false service=relay/api slot=79 timestampAfterCheckingFloorBid=1733519067653 timestampAfterCheckingTopBid=1733519067653 timestampAfterDecoding=1733519067649 timestampAfterSignatureCheck=1733519067651 timestampBeforeCheckingFloorBid=1733519067651 timestampBeforeCheckingTopBid=1733519067653 timestampBeforeSignatureCheck=1733519067649 timestampBeforeValidation=1733519067653 timestampRequestStart=1733519067648 topBidValue=0 value=1958858607888000 version=6fc57d1-dev
time="2024-12-06T21:04:27Z" level=info msg="received block from builder" blobGasUsed=0 blockHash=0xb66b54669b980aa6ca2020a02f9247174079416f6136dbe72f96a73b4e741e7f builderIsHighPrio=false builderPubkey=0xaa1488eae4b06a1fff840a2b6db167afc520758dc2c8af0dfb57037954df3431b747e2f900fe8805f05d635e9a29717b cancellationEnabled=false contentLength=16811 excessBlobGas=0 fastTrackValidation=false headSlot=78 isLargeRequest=false method=submitNewBlock newBidIsTopBid=true numBlobs=0 numTx=63 parentHash=0xefbdc6815448928d6f1e2defdc1d6f84241e45e4a22888c769e8c0662696caa2 payloadBytes=16811 prevTopBidValue=0 profileDecodeUs=976 profilePrechecksUs=3609 profileRedisSavePayloadUs=152 profileRedisUpdateFloorUs=284 profileRedisUpdateTopBidUs=830 profileRedisUs=3029 profileSimUs=20824 profileTotalUs=28919 proposerPubkey=0xa03c2a82374e04b2e0594c4ce14fb3f225b46f13188f0d8002a523c7dcfb939ae4856053c2c9c695374d7c3685df1ca5 reqContentType=json reqIsGzip=false service=relay/api slot=79 timestampAfterBidUpdate=1733519067676 timestampAfterCheckingFloorBid=1733519067653 timestampAfterCheckingTopBid=1733519067653 timestampAfterDecoding=1733519067649 timestampAfterSignatureCheck=1733519067651 timestampAfterValidation=1733519067673 timestampBeforeCheckingFloorBid=1733519067651 timestampBeforeCheckingTopBid=1733519067653 timestampBeforeSignatureCheck=1733519067649 timestampBeforeValidation=1733519067653 timestampEligibleAt=1733519067677 timestampRequestStart=1733519067648 topBidValue=1958858607888000 validationDurationMs=20 value=1958858607888000 version=6fc57d1-dev wasBidSavedInRedis=true wasTopBidUpdated=true
time="2024-12-06T21:04:27Z" level=info msg="request finished" blobGasUsed=0 blockHash=0xb66b54669b980aa6ca2020a02f9247174079416f6136dbe72f96a73b4e741e7f builderIsHighPrio=false builderPubkey=0xaa1488eae4b06a1fff840a2b6db167afc520758dc2c8af0dfb57037954df3431b747e2f900fe8805f05d635e9a29717b cancellationEnabled=false contentLength=16811 excessBlobGas=0 fastTrackValidation=false headSlot=78 isLargeRequest=false method=submitNewBlock newBidIsTopBid=true numBlobs=0 numTx=63 parentHash=0xefbdc6815448928d6f1e2defdc1d6f84241e45e4a22888c769e8c0662696caa2 payloadBytes=16811 prevTopBidValue=0 profileRedisSavePayloadUs=152 profileRedisUpdateFloorUs=284 profileRedisUpdateTopBidUs=830 proposerPubkey=0xa03c2a82374e04b2e0594c4ce14fb3f225b46f13188f0d8002a523c7dcfb939ae4856053c2c9c695374d7c3685df1ca5 reqContentType=json reqIsGzip=false requestDurationMs=38 service=relay/api slot=79 timestampAfterBidUpdate=1733519067676 timestampAfterCheckingFloorBid=1733519067653 timestampAfterCheckingTopBid=1733519067653 timestampAfterDecoding=1733519067649 timestampAfterSignatureCheck=1733519067651 timestampAfterValidation=1733519067673 timestampBeforeCheckingFloorBid=1733519067651 timestampBeforeCheckingTopBid=1733519067653 timestampBeforeSignatureCheck=1733519067649 timestampBeforeValidation=1733519067653 timestampEligibleAt=1733519067677 timestampRequestFin=1733519067686 timestampRequestStart=1733519067648 topBidValue=1958858607888000 validationDurationMs=20 value=1958858607888000 version=6fc57d1-dev wasBidSavedInRedis=true wasTopBidUpdated=true
time="2024-12-06T21:04:27Z" level=info msg="http: POST /relay/v1/builder/blocks 200" duration=0.038707 method=POST path=/relay/v1/builder/blocks service=relay/api status=200 version=6fc57d1-dev
time="2024-12-06T21:04:28Z" level=info msg="request initiated" cancellationEnabled=false contentLength=24265 headSlot=78 method=submitNewBlock service=relay/api timestampRequestStart=1733519068149 version=6fc57d1-dev
time="2024-12-06T21:04:28Z" level=info msg="block validation successful" blobGasUsed=0 blockHash=0x87dfc66c89423e157a90d15379f04d339285393228418471ac2b7d6200d8df53 builderIsHighPrio=false builderPubkey=0xaa1488eae4b06a1fff840a2b6db167afc520758dc2c8af0dfb57037954df3431b747e2f900fe8805f05d635e9a29717b cancellationEnabled=false contentLength=24265 durationMs=21 excessBlobGas=0 fastTrackValidation=false headSlot=78 isLargeRequest=false method=submitNewBlock newBidIsTopBid=true numBlobs=0 numTx=95 numWaiting=0 parentHash=0xefbdc6815448928d6f1e2defdc1d6f84241e45e4a22888c769e8c0662696caa2 payloadBytes=24265 proposerPubkey=0xa03c2a82374e04b2e0594c4ce14fb3f225b46f13188f0d8002a523c7dcfb939ae4856053c2c9c695374d7c3685df1ca5 reqContentType=json reqIsGzip=false service=relay/api slot=79 timestampAfterCheckingFloorBid=1733519068154 timestampAfterCheckingTopBid=1733519068154 timestampAfterDecoding=1733519068151 timestampAfterSignatureCheck=1733519068153 timestampBeforeCheckingFloorBid=1733519068153 timestampBeforeCheckingTopBid=1733519068154 timestampBeforeSignatureCheck=1733519068151 timestampBeforeValidation=1733519068154 timestampRequestStart=1733519068149 topBidValue=1958858607888000 value=2969879710224000 version=6fc57d1-dev
time="2024-12-06T21:04:28Z" level=info msg="received block from builder" blobGasUsed=0 blockHash=0x87dfc66c89423e157a90d15379f04d339285393228418471ac2b7d6200d8df53 builderIsHighPrio=false builderPubkey=0xaa1488eae4b06a1fff840a2b6db167afc520758dc2c8af0dfb57037954df3431b747e2f900fe8805f05d635e9a29717b cancellationEnabled=false contentLength=24265 excessBlobGas=0 fastTrackValidation=false headSlot=78 isLargeRequest=false method=submitNewBlock newBidIsTopBid=true numBlobs=0 numTx=95 parentHash=0xefbdc6815448928d6f1e2defdc1d6f84241e45e4a22888c769e8c0662696caa2 payloadBytes=24265 prevTopBidValue=1958858607888000 profileDecodeUs=1349 profilePrechecksUs=3251 profileRedisSavePayloadUs=28 profileRedisUpdateFloorUs=150 profileRedisUpdateTopBidUs=460 profileRedisUs=2818 profileSimUs=21443 profileTotalUs=29330 proposerPubkey=0xa03c2a82374e04b2e0594c4ce14fb3f225b46f13188f0d8002a523c7dcfb939ae4856053c2c9c695374d7c3685df1ca5 reqContentType=json reqIsGzip=false service=relay/api slot=79 timestampAfterBidUpdate=1733519068179 timestampAfterCheckingFloorBid=1733519068154 timestampAfterCheckingTopBid=1733519068154 timestampAfterDecoding=1733519068151 timestampAfterSignatureCheck=1733519068153 timestampAfterValidation=1733519068176 timestampBeforeCheckingFloorBid=1733519068153 timestampBeforeCheckingTopBid=1733519068154 timestampBeforeSignatureCheck=1733519068151 timestampBeforeValidation=1733519068154 timestampEligibleAt=1733519068179 timestampRequestStart=1733519068149 topBidValue=2969879710224000 validationDurationMs=21 value=2969879710224000 version=6fc57d1-dev wasBidSavedInRedis=true wasTopBidUpdated=true
time="2024-12-06T21:04:28Z" level=info msg="request finished" blobGasUsed=0 blockHash=0x87dfc66c89423e157a90d15379f04d339285393228418471ac2b7d6200d8df53 builderIsHighPrio=false builderPubkey=0xaa1488eae4b06a1fff840a2b6db167afc520758dc2c8af0dfb57037954df3431b747e2f900fe8805f05d635e9a29717b cancellationEnabled=false contentLength=24265 excessBlobGas=0 fastTrackValidation=false headSlot=78 isLargeRequest=false method=submitNewBlock newBidIsTopBid=true numBlobs=0 numTx=95 parentHash=0xefbdc6815448928d6f1e2defdc1d6f84241e45e4a22888c769e8c0662696caa2 payloadBytes=24265 prevTopBidValue=1958858607888000 profileRedisSavePayloadUs=28 profileRedisUpdateFloorUs=150 profileRedisUpdateTopBidUs=460 proposerPubkey=0xa03c2a82374e04b2e0594c4ce14fb3f225b46f13188f0d8002a523c7dcfb939ae4856053c2c9c695374d7c3685df1ca5 reqContentType=json reqIsGzip=false requestDurationMs=36 service=relay/api slot=79 timestampAfterBidUpdate=1733519068179 timestampAfterCheckingFloorBid=1733519068154 timestampAfterCheckingTopBid=1733519068154 timestampAfterDecoding=1733519068151 timestampAfterSignatureCheck=1733519068153 timestampAfterValidation=1733519068176 timestampBeforeCheckingFloorBid=1733519068153 timestampBeforeCheckingTopBid=1733519068154 timestampBeforeSignatureCheck=1733519068151 timestampBeforeValidation=1733519068154 timestampEligibleAt=1733519068179 timestampRequestFin=1733519068186 timestampRequestStart=1733519068149 topBidValue=2969879710224000 validationDurationMs=21 value=2969879710224000 version=6fc57d1-dev wasBidSavedInRedis=true wasTopBidUpdated=true
time="2024-12-06T21:04:28Z" level=info msg="http: POST /relay/v1/builder/blocks 200" duration=0.037197 method=POST path=/relay/v1/builder/blocks service=relay/api status=200 version=6fc57d1-dev
time="2024-12-06T21:04:28Z" level=info msg="request initiated" cancellationEnabled=false contentLength=25663 headSlot=78 method=submitNewBlock service=relay/api timestampRequestStart=1733519068661 version=6fc57d1-dev
time="2024-12-06T21:04:28Z" level=info msg="block validation successful" blobGasUsed=0 blockHash=0x72cb94fb8ee80037ea1f0ea1769efa7b6ce2b4bc3ab466c73215c662016313f1 builderIsHighPrio=false builderPubkey=0xaa1488eae4b06a1fff840a2b6db167afc520758dc2c8af0dfb57037954df3431b747e2f900fe8805f05d635e9a29717b cancellationEnabled=false contentLength=25663 durationMs=20 excessBlobGas=0 fastTrackValidation=false headSlot=78 isLargeRequest=false method=submitNewBlock newBidIsTopBid=true numBlobs=0 numTx=101 numWaiting=0 parentHash=0xefbdc6815448928d6f1e2defdc1d6f84241e45e4a22888c769e8c0662696caa2 payloadBytes=25663 proposerPubkey=0xa03c2a82374e04b2e0594c4ce14fb3f225b46f13188f0d8002a523c7dcfb939ae4856053c2c9c695374d7c3685df1ca5 reqContentType=json reqIsGzip=false service=relay/api slot=79 timestampAfterCheckingFloorBid=1733519068666 timestampAfterCheckingTopBid=1733519068666 timestampAfterDecoding=1733519068663 timestampAfterSignatureCheck=1733519068665 timestampBeforeCheckingFloorBid=1733519068665 timestampBeforeCheckingTopBid=1733519068666 timestampBeforeSignatureCheck=1733519068663 timestampBeforeValidation=1733519068666 timestampRequestStart=1733519068661 topBidValue=2969879710224000 value=3159446166912000 version=6fc57d1-dev
time="2024-12-06T21:04:28Z" level=info msg="received block from builder" blobGasUsed=0 blockHash=0x72cb94fb8ee80037ea1f0ea1769efa7b6ce2b4bc3ab466c73215c662016313f1 builderIsHighPrio=false builderPubkey=0xaa1488eae4b06a1fff840a2b6db167afc520758dc2c8af0dfb57037954df3431b747e2f900fe8805f05d635e9a29717b cancellationEnabled=false contentLength=25663 excessBlobGas=0 fastTrackValidation=false headSlot=78 isLargeRequest=false method=submitNewBlock newBidIsTopBid=true numBlobs=0 numTx=101 parentHash=0xefbdc6815448928d6f1e2defdc1d6f84241e45e4a22888c769e8c0662696caa2 payloadBytes=25663 prevTopBidValue=2969879710224000 profileDecodeUs=1371 profilePrechecksUs=2767 profileRedisSavePayloadUs=278 profileRedisUpdateFloorUs=372 profileRedisUpdateTopBidUs=1019 profileRedisUs=4165 profileSimUs=20895 profileTotalUs=29532 proposerPubkey=0xa03c2a82374e04b2e0594c4ce14fb3f225b46f13188f0d8002a523c7dcfb939ae4856053c2c9c695374d7c3685df1ca5 reqContentType=json reqIsGzip=false service=relay/api slot=79 timestampAfterBidUpdate=1733519068691 timestampAfterCheckingFloorBid=1733519068666 timestampAfterCheckingTopBid=1733519068666 timestampAfterDecoding=1733519068663 timestampAfterSignatureCheck=1733519068665 timestampAfterValidation=1733519068687 timestampBeforeCheckingFloorBid=1733519068665 timestampBeforeCheckingTopBid=1733519068666 timestampBeforeSignatureCheck=1733519068663 timestampBeforeValidation=1733519068666 timestampEligibleAt=1733519068691 timestampRequestStart=1733519068661 topBidValue=3159446166912000 validationDurationMs=20 value=3159446166912000 version=6fc57d1-dev wasBidSavedInRedis=true wasTopBidUpdated=true
time="2024-12-06T21:04:28Z" level=info msg="request finished" blobGasUsed=0 blockHash=0x72cb94fb8ee80037ea1f0ea1769efa7b6ce2b4bc3ab466c73215c662016313f1 builderIsHighPrio=false builderPubkey=0xaa1488eae4b06a1fff840a2b6db167afc520758dc2c8af0dfb57037954df3431b747e2f900fe8805f05d635e9a29717b cancellationEnabled=false contentLength=25663 excessBlobGas=0 fastTrackValidation=false headSlot=78 isLargeRequest=false method=submitNewBlock newBidIsTopBid=true numBlobs=0 numTx=101 parentHash=0xefbdc6815448928d6f1e2defdc1d6f84241e45e4a22888c769e8c0662696caa2 payloadBytes=25663 prevTopBidValue=2969879710224000 profileRedisSavePayloadUs=278 profileRedisUpdateFloorUs=372 profileRedisUpdateTopBidUs=1019 proposerPubkey=0xa03c2a82374e04b2e0594c4ce14fb3f225b46f13188f0d8002a523c7dcfb939ae4856053c2c9c695374d7c3685df1ca5 reqContentType=json reqIsGzip=false requestDurationMs=41 service=relay/api slot=79 timestampAfterBidUpdate=1733519068691 timestampAfterCheckingFloorBid=1733519068666 timestampAfterCheckingTopBid=1733519068666 timestampAfterDecoding=1733519068663 timestampAfterSignatureCheck=1733519068665 timestampAfterValidation=1733519068687 timestampBeforeCheckingFloorBid=1733519068665 timestampBeforeCheckingTopBid=1733519068666 timestampBeforeSignatureCheck=1733519068663 timestampBeforeValidation=1733519068666 timestampEligibleAt=1733519068691 timestampRequestFin=1733519068703 timestampRequestStart=1733519068661 topBidValue=3159446166912000 validationDurationMs=20 value=3159446166912000 version=6fc57d1-dev wasBidSavedInRedis=true wasTopBidUpdated=true
time="2024-12-06T21:04:28Z" level=info msg="http: POST /relay/v1/builder/blocks 200" duration=0.042131 method=POST path=/relay/v1/builder/blocks service=relay/api status=200 version=6fc57d1-dev
time="2024-12-06T21:04:29Z" level=info msg="payload attributes received for slot: 80" service=relay/api version=6fc57d1-dev
time="2024-12-06T21:04:29Z" level=info msg="updated payload attributes" headSlot=78 payloadAttrParent=0xefbdc6815448928d6f1e2defdc1d6f84241e45e4a22888c769e8c0662696caa2 payloadAttrSlot=80 randao=0xb39b517f40350a843a0902e2da93e6de334740641e54c06fae17e35b43c2c05f service=relay/api timestamp=1733519071 version=6fc57d1-dev withdrawalsRoot=0x792930bbd5baac43bcc798ee49aa8185ef76bb3b44ba62b91d86ae569e4bb535
time="2024-12-06T21:04:29Z" level=debug msg="getHeader request received" headSlot=78 method=getHeader mevBoostV=v1.8.1 msIntoSlot=8 parentHash=0xefbdc6815448928d6f1e2defdc1d6f84241e45e4a22888c769e8c0662696caa2 pubkey=0xa03c2a82374e04b2e0594c4ce14fb3f225b46f13188f0d8002a523c7dcfb939ae4856053c2c9c695374d7c3685df1ca5 requestTimestamp=1733519069 service=relay/api slot=79 slotStartSec=1733519069 ua="mev-boost/v1.8.1 Lighthouse/v5.3.0-2e0eb6d" version=6fc57d1-dev
time="2024-12-06T21:04:29Z" level=debug msg="getPayload response from redis" datastoreMethod=GetGetPayloadResponse headSlot=78 method=getHeader mevBoostV=v1.8.1 msIntoSlot=8 parentHash=0xefbdc6815448928d6f1e2defdc1d6f84241e45e4a22888c769e8c0662696caa2 pubkey=0xa03c2a82374e04b2e0594c4ce14fb3f225b46f13188f0d8002a523c7dcfb939ae4856053c2c9c695374d7c3685df1ca5 requestTimestamp=1733519069 service=relay/api slot=79 slotStartSec=1733519069 ua="mev-boost/v1.8.1 Lighthouse/v5.3.0-2e0eb6d" version=6fc57d1-dev
time="2024-12-06T21:04:29Z" level=info msg="parent beacon root found in payload attributes" service=relay/api version=6fc57d1-dev
time="2024-12-06T21:04:29Z" level=info msg="enrich block response received / responseuuid:\"1f5f58ad-1290-4859-a925-6b18c1cb88e8\" executionPayloadHeader:{ParentHash:\"\\xef\\xbdƁTH\\x92\\x8do\\x1e-\\xef\\xdc\\x1do\\x84$\\x1eE\\xe4\\xa2(\\x88\\xc7i\\xe8\\xc0f&\\x96ʢ\" StateRoot:\"C(\\xe3\\xb0\\x02R=\\xeb=\\x8f\\x89l%\\xf1\\xa08\\xd4I\\x00\\xd9\\x06\\xdba\\x91|\\x95\\x14|\\x1d\\xd4Ԡ\" ReceiptsRoot:\"+\\xc25\\xda\\\\\\x82r\\xc9 \\xa8,\\xd5(\\xb2\\xc7_\\xb6\\x97\\xdf-\\xe3qNf\\x19O\\x01g2ďV\" LogsBloom:\"@ \\x00\\x00\\x00\\x00\\x00\\x00\\x00\\x00\\x00\\x00\\x80\\x00\\x00\\x00\\x00\\x00\\x00\\x00\\x00\\x01\\x00\\x00\\x01\\x00\\x00\\x00\\x00@\\x08\\x00\\x00\\x00\\x00\\x00\\x00\\x02\\x80\\x00\\x00\\x00\\x00\\x00\\x00\\x00 \\x00\\x00\\x80\\x00\\x00\\x00\\x00\\x00\\x00\\x00\\x00\\x00\\x00 \\x00\\x00\\x00\\x00\\x00\\x00\\x00\\x00\\x00\\x00\\x00\\x00\\x00 \\x08\\x00\\x00\\x00 \\x00\\x00\\x00\\x00\\x08\\x00\\x00\\x00\\x00\\x02\\x00\\x00\\x08\\x00\\x00\\x00\\x00\\x00\\x00\\x00\\x00 \\x00\\x00\\x08\\x00\\x00\\x00\\x10\\x00\\x00\\x00\\x00\\x00\\x00\\x00\\x00\\x00\\x00\\x00\\x00\\x00\\x00\\x10\\x00\\x00\\x00\\x00\\x00\\x00\\x00\\x00\\x00\\x00\\x00\\x00\\x00\\x10\\x00\\x00\\x00\\x00\\x00\\x00\\x00\\x00\\x00\\x00\\x00\\x00\\x00\\x08\\x00\\x00\\x00@\\x00\\x02\\x00\\x00\\x00\\x00\\x00\\x00\\x00\\x00\\x04\\x00\\x00\\x00\\x00\\x00\\x00\\x00\\x00@\\x00\\x00\\x00\\x00\\x00\\x00\\x00\\x02\\x00\\x00\\x00\\x00\\x00\\x00\\x00\\x00\\x00\\x00\\x10\\x02\\x00\\x00\\x00\\x00\\x00\\x00\\x00\\x00\\x00\\x00\\x00\\x00\\x00\\x00\\x00 \\x00\\x00\\x00\\x10\\x00\\x00\\x00\\x00\\x00\\x00\\x00\\x00\\x00\\x00\\x00\\x00\\x00\\x00\\x00\\x00\\x00\\x00\\x00\\x00\\x00\\x00\\x00\\x00\\x00\\x00\\x00\\x00\\x00\\x00\\x00\\x00\\x00\\x00\\x00\\x00\\x00\\x00\\x00\\x00\" PrevRandao:\"\\xb3\\x9bQ\\x7f@5\\n\\x84:\\t\\x02\\xe2ړ\\xe6\\xde3G@d\\x1eT\\xc0o\\xae\\x17\\xe3[C\\xc2\\xc0_\" ExtraData:\"Illuminate Dmocratize Dstribute\" BaseFeePerGas:\"\\x01\\x10\\x00\" FeeRecipient:\"\\x89CTQw\\x80n\\xd1{\\x9f#\\xf0\\xa2\\x1e唎ʧv\" BlockHash:\"\\x8e\\xeb\\xbco\\x83\\xf8\\xea\\x01\\x1d[.]ޢ\\x94PL.\\xb2\\x16a!;L\\x07\\xd9\U000dabcfͅ\" TransactionsRoot:\"4C\\xc5+?\\x95?\\xf6(\\xd9L\\xb5BsL\\xa0h;\\x96\\x9b\\x9e T$\\x9f%Ov\\xf2eA\\xef\" WithdrawalsRoot:\"y)0\\xbbպ\\xacC\\xbcǘ\\xeeI\\xaa\\x81\\x85\\xefv\\xbb;D\\xbab\\xb9\\x1d\\x86\\xaeV\\x9eK\\xb55\" BlockNumber:79 GasLimit:27003923 Timestamp:1733519069 GasUsed:2335512} value:4232006166912000" service=relay/api version=6fc57d1-dev
time="2024-12-06T21:04:29Z" level=info msg="bid enriched with PROF" service=relay/api value=4232006166912000 version=6fc57d1-dev
time="2024-12-06T21:04:29Z" level=info msg="SUCCESS: bid enriched with PROF" enrichedHeader="{[239 189 198 129 84 72 146 141 111 30 45 239 220 29 111 132 36 30 69 228 162 40 136 199 105 232 192 102 38 150 202 162] [137 67 84 81 119 128 110 209 123 159 35 240 162 30 229 148 142 202 167 118] [67 40 227 176 2 82 61 235 61 143 137 108 37 241 160 56 212 73 0 217 6 219 97 145 124 149 20 124 29 212 212 160] [43 194 53 218 92 130 114 201 32 168 44 213 40 178 199 95 182 151 223 45 227 113 78 102 25 79 1 103 50 196 143 86] [64 32 0 0 0 0 0 0 0 0 0 0 128 0 0 0 0 0 0 0 0 1 0 0 1 0 0 0 0 64 8 0 0 0 0 0 0 2 128 0 0 0 0 0 0 0 32 0 0 128 0 0 0 0 0 0 0 0 0 0 32 0 0 0 0 0 0 0 0 0 0 0 0 0 32 8 0 0 0 32 0 0 0 0 8 0 0 0 0 2 0 0 8 0 0 0 0 0 0 0 0 32 0 0 8 0 0 0 16 0 0 0 0 0 0 0 0 0 0 0 0 0 0 16 0 0 0 0 0 0 0 0 0 0 0 0 0 16 0 0 0 0 0 0 0 0 0 0 0 0 0 8 0 0 0 64 0 2 0 0 0 0 0 0 0 0 4 0 0 0 0 0 0 0 0 64 0 0 0 0 0 0 0 2 0 0 0 0 0 0 0 0 0 0 16 2 0 0 0 0 0 0 0 0 0 0 0 0 0 0 0 32 0 0 0 16 0 0 0 0 0 0 0 0 0 0 0 0 0 0 0 0 0 0 0 0 0 0 0 0 0 0 0 0 0 0 0 0 0 0 0 0 0 0 0 0] [179 155 81 127 64 53 10 132 58 9 2 226 218 147 230 222 51 71 64 100 30 84 192 111 174 23 227 91 67 194 192 95] 79 27003923 2335512 1733519069 [73 108 108 117 109 105 110 97 116 101 32 68 109 111 99 114 97 116 105 122 101 32 68 115 116 114 105 98 117 116 101] 69632 [142 235 188 111 131 248 234 1 29 91 46 93 222 162 148 80 76 46 178 22 97 33 59 76 7 217 243 154 175 143 205 133] [52 67 197 43 63 149 63 246 40 217 76 181 66 115 76 160 104 59 150 155 158 32 84 36 159 37 79 118 242 101 65 239] [121 41 48 187 213 186 172 67 188 199 152 238 73 170 129 133 239 118 187 59 68 186 98 185 29 134 174 86 158 75 181 53] 0 0}" headSlot=78 method=getHeader mevBoostV=v1.8.1 msIntoSlot=8 parentHash=0xefbdc6815448928d6f1e2defdc1d6f84241e45e4a22888c769e8c0662696caa2 pubkey=0xa03c2a82374e04b2e0594c4ce14fb3f225b46f13188f0d8002a523c7dcfb939ae4856053c2c9c695374d7c3685df1ca5 requestTimestamp=1733519069 service=relay/api slot=79 slotStartSec=1733519069 ua="mev-boost/v1.8.1 Lighthouse/v5.3.0-2e0eb6d" version=6fc57d1-dev
time="2024-12-06T21:04:29Z" level=info msg="TIME: bid enriched with PROF" enrichTime=48.89178ms headSlot=78 method=getHeader mevBoostV=v1.8.1 msIntoSlot=8 parentHash=0xefbdc6815448928d6f1e2defdc1d6f84241e45e4a22888c769e8c0662696caa2 pubkey=0xa03c2a82374e04b2e0594c4ce14fb3f225b46f13188f0d8002a523c7dcfb939ae4856053c2c9c695374d7c3685df1ca5 requestTimestamp=1733519069 service=relay/api slot=79 slotStartSec=1733519069 ua="mev-boost/v1.8.1 Lighthouse/v5.3.0-2e0eb6d" version=6fc57d1-dev
time="2024-12-06T21:04:29Z" level=info msg="Original Bid" bid=3159446166912000 headSlot=78 method=getHeader mevBoostV=v1.8.1 msIntoSlot=8 parentHash=0xefbdc6815448928d6f1e2defdc1d6f84241e45e4a22888c769e8c0662696caa2 pubkey=0xa03c2a82374e04b2e0594c4ce14fb3f225b46f13188f0d8002a523c7dcfb939ae4856053c2c9c695374d7c3685df1ca5 requestTimestamp=1733519069 service=relay/api slot=79 slotStartSec=1733519069 ua="mev-boost/v1.8.1 Lighthouse/v5.3.0-2e0eb6d" version=6fc57d1-dev
time="2024-12-06T21:04:29Z" level=info msg="Enriched Bid" enrichedBid=4232006166912000 headSlot=78 method=getHeader mevBoostV=v1.8.1 msIntoSlot=8 parentHash=0xefbdc6815448928d6f1e2defdc1d6f84241e45e4a22888c769e8c0662696caa2 pubkey=0xa03c2a82374e04b2e0594c4ce14fb3f225b46f13188f0d8002a523c7dcfb939ae4856053c2c9c695374d7c3685df1ca5 requestTimestamp=1733519069 service=relay/api slot=79 slotStartSec=1733519069 ua="mev-boost/v1.8.1 Lighthouse/v5.3.0-2e0eb6d" version=6fc57d1-dev
time="2024-12-06T21:04:29Z" level=info msg="http: GET /eth/v1/builder/header/79/0xefbdc6815448928d6f1e2defdc1d6f84241e45e4a22888c769e8c0662696caa2/0xa03c2a82374e04b2e0594c4ce14fb3f225b46f13188f0d8002a523c7dcfb939ae4856053c2c9c695374d7c3685df1ca5 200" duration=0.051302 method=GET path=/eth/v1/builder/header/79/0xefbdc6815448928d6f1e2defdc1d6f84241e45e4a22888c769e8c0662696caa2/0xa03c2a82374e04b2e0594c4ce14fb3f225b46f13188f0d8002a523c7dcfb939ae4856053c2c9c695374d7c3685df1ca5 service=relay/api status=200 version=6fc57d1-dev
time="2024-12-06T21:04:29Z" level=info msg="request initiated --> handleGetPayload" contentLength=3484 headSlot=78 headSlotEpochPos=15 idArg= method=getPayload mevBoostV=v1.8.1 service=relay/api timestampRequestStart=1733519069098 ua="mev-boost/v1.8.1 Lighthouse/v5.3.0-2e0eb6d" version=6fc57d1-dev
time="2024-12-06T21:04:29Z" level=info msg="getPayload request received" blockHash=0x8eebbc6f83f8ea011d5b2e5ddea294504c2eb21661213b4c07d9f39aaf8fcd85 contentLength=3484 feeRecipient=0x8943545177806ED17B9F23F0a21ee5948eCaa776 headSlot=78 headSlotEpochPos=15 idArg= method=getPayload mevBoostV=v1.8.1 msIntoSlot=99 proposerIndex=13 proposerPubkey=0xa03c2a82374e04b2e0594c4ce14fb3f225b46f13188f0d8002a523c7dcfb939ae4856053c2c9c695374d7c3685df1ca5 service=relay/api slot=79 slotEpochPos=16 slotStartSec=1733519069 timestampAfterDecode=1733519069099 timestampAfterSignatureVerify=1733519069102 timestampRequestStart=1733519069098 ua="mev-boost/v1.8.1 Lighthouse/v5.3.0-2e0eb6d" version=6fc57d1-dev
getPayloadFromProf called!!!
getPayloadResponse returning payload from bundle merger: &{Version:deneb Bellatrix:null
 Capella:null
 Deneb:{execution_payload: {parent_hash: '0xefbdc6815448928d6f1e2defdc1d6f84241e45e4a22888c769e8c0662696caa2', fee_recipient: '0x8943545177806ED17B9F23F0a21ee5948eCaa776', state_root: '0x4328e3b002523deb3d8f896c25f1a038d44900d906db61917c95147c1dd4d4a0', receipts_root: '0x2bc235da5c8272c920a82cd528b2c75fb697df2de3714e66194f016732c48f56', logs_bloom: '0x40200000000000000000000080000000000000000001000001000000004008000000000000028000000000000000200000800000000000000000000020000000000000000000000000002008000000200000000008000000000200000800000000000000002000000800000010000000000000000000000000000010000000000000000000000000001000000000000000000000000000080000004000020000000000000000040000000000000000400000000000000002000000000000000000001002000000000000000000000000000000200000001000000000000000000000000000000000000000000000000000000000000000000000000000000000', prev_randao: '0xb39b517f40350a843a0902e2da93e6de334740641e54c06fae17e35b43c2c05f', block_number: 79, gas_limit: 27003923, gas_used: 2335512, timestamp: 1733519069, extra_data: '0x496c6c756d696e61746520446d6f63726174697a6520447374726962757465', base_fee_per_gas: '69632', block_hash: '0x8eebbc6f83f8ea011d5b2e5ddea294504c2eb21661213b4c07d9f39aaf8fcd85', transactions: ['0xf8708203208459ae04b0825208946177843db3138ae69679a54b95cf345ed759450d880429d069189e0000808360306ba0587d53ca81e9df916ade4313339817d29ca0089ecb52ef8cf2e58c6b728d280fa066a8a6a61f1339a89705eafbdef8d8f2b41d5b245a99635329fa488f6060a1cc', '0xf8708203218459ae04b082520894687704db07e902e9a8b3754031d168d46e3d586e880429d069189e0000808360306ba0edc19b740c98bea043c2cc59ef8ba81086007661ca38f2bef169656995e1d1b5a07af64d4e4cf812e2755dad15e30b3edcd59c78ef9d2d9d8a8fd1105ceac9f9e2', '0xf8708203228459ae04b08252089415e6a5a2e131dd5467fa1ff3acd104f45ee5940b880429d069189e0000808360306ba09e83a784ebba7c047b33c3a1f62ff5e207a21730c9d735cc3b3a6a5afa6a3f46a03da70c255eb4adfd0ead164d86d0fdbdb022fbf3db64b85a0edee7ccb915378b', '0xf8708203238459ae04b08252089480c4c7125967139acaa931ee984a9db4100e0f3b880429d069189e0000808360306ba089dc6fa2be72192153e15cb935b32037a5797a3961b4edcbd84531a3e5a284cda05befdb6e87b7b3f1807821e25d04fd4871e739724ac011cd133e51b8c4a42237', '0xf8708203248459ae04b082520894d08a63244fcd28b0aec5075052cdce31ba04fead880429d069189e0000808360306ba00d6ac79ef40f94115aec63294d7f46500fe2c9419b64b9582ec4f416e2ec8d9aa01d6cc2f94e4d9f1692e0ec9d048da8410595d99eda6664c9bc6c0ba3debf9e11', '0xf8708203258459ae04b0825208940b06ef8be65fcda88f2dbae5813480f997ee8e35880429d069189e0000808360306ba0fbda0939e6d01fc11f2e266653ecab124bfffb5a08c903235efb3590c5e7761fa04b62fd78ed3fadd4d1fe2b704d2f88230d7c86d7ebf1c4267ae77956b3332f98', '0xf8708203268459ae04b0825208941cb96c5809da5977f99f69c11ee58bae5711c5f1880429d069189e0000808360306ca0fb043f02158ea710bfbacc6ef1c0f674c98b89debb8d0913f43dc8e0e70bed97a003147f0866887a06997834bb77c82aee3bac77e7455343fc630dd251b30d97f4', '0xf8708203278459ae04b0825208942aa48ee899410a6d97c01b0bb0eeaf1771cc435b880429d069189e0000808360306ba0403b425f13e84ceab447231a4e5a89d73c6584b9bbf535c69009044713646c03a034ac4ec18a69d0691d8a25e14e55b32ecc1265395894976fd386452028876469', '0xf8708203288459ae04b08252089407b9d920dd8e8d83dc1125c94fc0b3cdcdf602fb880429d069189e0000808360306ba0a96c444e494048c50573d8462fb2982cfa7fc7c5b2ba675719924683409eab6aa03dc614cc2636426ffa29064cf3b39ecd1ac3cb945a452a1c5bc80314d35a1b24', '0xf8708203298459ae04b082520894fcb6e353ad4f79245c7cb704abcffe2f48684241880429d069189e0000808360306ca0f416ae4d6208b5c65ab32821cd7d6963191dd98dac8b323d5ba17e8c02255571a009946388df3993cdace06b1aff3ec16f9cfa9ed7b915f7562d303436cbea7421', '0xf87082032a8459ae04b0825208940d3de4256d6322683fdea9ee23765ccbfcb83da4880429d069189e0000808360306ba040d198a833488484a02e098e5127c4b4f17bb78b760381db6c2befe2ef9e7bf8a00394e5a852e3f37da8958d78f78ebc5a8ad7ca3d0c32cd154eba36ba207049d4', '0xf87082032b8459ae04b0825208946021752d8d9b2f221d4fea4349dea34ddbcfce50880429d069189e0000808360306ca0a6f9062ef360e3fdf00625b89f7542a36191de90998e8742d61480cec8702fc1a007b4b9b588ba66e5fcd07429d84c637ec39d6a359cf3658e3a506cda56170e81', '0xf87082032c8459ae04b08252089461e296d527edc89e831cf593ec341f16197eeafb880429d069189e0000808360306ba03928a0925be6f0991afd07963657d1d4d04e1c57bab8f4a0b2e0437302614987a06a2c52a2faa5579e93bc103de8d03b96a4be86f22e4bc795a61ee73ad9275202', '0xf87082032d8459ae04b082520894cf7317ee7a3b497ecf634b94bff60ff91b925747880429d069189e0000808360306ca095a08c514f8a2f769700096225d865fea497d001be63c8e0a3423be8171fca04a011f21f4af965c5e59f8c7d20ba59244f48b0ce10f0e02af16e7c33790462f097', '0xf87082032e8459ae04b0825208947e7b519df31f77ced83eea1b16aedb6dcb0f0b24880429d069189e0000808360306ba0ef4a96c25b8c39822c086bf7b4905703844f7f256845ab6292a6364828cc617da044fedbd327bbde29f36fffcba7cbfeee727e99f8f582a2cddcf26dbdf57bd174', '0xf87082032f8459ae04b08252089488a075e0fb1c9309a200a8bf0a88b214bf7ceb8d880429d069189e0000808360306ca0d95741318e615f1e5579da4ac3141bf929e0884729cb7f4a527bae1cd8d445f5a04199f3536174a714a4df5cc1b40e14b32a9d6fe3a5ad3392992a32763e53e86a', '0xf8708203308459ae04b082520894c8d7cfb58f3ac02568e6505bf3fb5eb6f0807039880429d069189e0000808360306ba071a080f9621dca70a871f367e6faf378d13640163bf9a28d02d408835290aedea04ef2e673f9ced3a1b774e9c51fc34932646e7971e3e2a999ca6061270790f610', '0xf8708203318459ae04b082520894e0132e8d7b1b766e0ade5543d6c6c0b2d5a2f01d880429d069189e0000808360306ca099af2e0910fc1a45e254d06210c0bbc3f76271fef0ddd9ea6eb9d6123729ef99a053b833c61be6ed6f08f2e9fdf597b2a03417c9528bc49fd1f09ae74a9f111204', '0xf8708203328459ae04b082520894eb674c0411db79654afdc1e131f3b6e734baee6c880429d069189e0000808360306ca0412efe2fdd8f551be1500f428dd687694cc81026189eebe19f078ba1ac5b2912a064661e09e8e63795a3c4fdec7c63c3d18dacb2061e5b5e8c138fb52202b1c867', '0xf8708203338459ae04b082520894dc07c60993cf689438b8c85f86b0ed938dca77ea880429d069189e0000808360306ba0c2f62ef078e542051486ce38177be8d11dbd28174ba8042fdc2ca905402cff8fa03f7afdea92307aea44751ac21902b0a6251c9c95c430835fd9ebf614a93dd4ff', '0xf8708203348459ae04b082520894110ddc93db59ed31a03518510221ec2f35d28f2f880429d069189e0000808360306ba013c186e91f48ec7aff84b9e7467fed38a220dee73a22c27139367057f2b1735ca05bf9436370c64dfd8f656133d37fa15eb7221cb4dd9bef0fe083f6aa57c948f0', '0xf8708203358459ae04b082520894b599a876aaac824cfce21bdf15627c9fd8634c30880429d069189e0000808360306ca047e7dec20f1b4a404d0d6347158a7ec3f04f46a0b919953504af3a15aff4ac78a064b102c7c3ea586358dcdb2221fde7dce5fb04d18b61ac7142721bf75ed8df38', '0xf8708203368459ae04b082520894d36e5540dd71acbd6416d60252c4d7c34a3c8245880429d069189e0000808360306ba024fde25a6a3b2cdd8157487af2c0b854dced9d08e3816315aa39486f86a5396fa025c34a6ab7324e2a1274a2a87c5405f36521bdf68fb9b92608dc3fb781930bcb', '0xf8708203378459ae04b0825208943adeca35af56206a74987a8fe13c669365c770cf880429d069189e0000808360306ba011b885bddd355e512978bfe6e33fb61f2bbf7e085ebbb59fe6cd91a0bb167ed7a00a868732c915491ebe1b7e3937519c0b6da0fa67a62d5ca0ea75c356cc75393b', '0xf8708203388459ae04b082520894d77b95acd12f7b4b5692b55717b7bbca11651954880429d069189e0000808360306ca05c0bc714065c4c9ac78366370ad663203f243e75c29e2aa57b83d4d90fdb3356a02367480ae6c18ff4b95756e96b244f9f01760757f00658629aba226e6124b53c', '0xf8708203398459ae04b082520894f388bf5766b5ed5d4e1cbf15772e677dbfa80b00880429d069189e0000808360306ba0b7f6a0e447a0f48e91ecf20921544e1eae2fac0273294ce214c3c7a310e8995fa059ec690574c567105b370004e6d86fb33626ecbf210a0f0f2c4234258f94ff3a', '0xf87082033a8459ae04b08252089435d4996296e58560e6ef47787d51b55f1e2bd92a880429d069189e0000808360306ca06d90a3cfafa44bfd237a8e878f48128973caceb18b04806bc6f6089d203f7071a04535652e189fcd5c5f566a1e38a1405fa1456c39d5f6ab8101c8cfbb14c552f7', '0xf87082033b8459ae04b082520894a4c3b77b898e53d6095f11c53a1ce272cff9af31880429d069189e0000808360306ba0a26bed81406d19a77465f39d818d3acb1e40c0105077c7d3f5c3dcc308f31fa7a01497a39da4cc63dc97eb903deba61687a54bf15e4acee1c2179f94895597a700', '0xf87082033c8459add848825208946e84f6113fc1919714f0266705813fb81a17181f880429d069189e0000808360306ca07bfd2030d66646c2b4b378dbd9888a9caa4453257e9ee9d63a98a7e3adfb39bba026a2c03b702732837e306de35cf8dc452f1cbb45525d4ef5d891e693a6c86296', '0xf87082033d8459add84882520894e9ae1a806004e1452baae0493920815aadd84798880429d069189e0000808360306ba094209c7c93de3a42a05ed7ccb35c9e045d2cc8c7998fa5f756e42cb407164d95a059e6ec085988e8035bec3d8f83e74b1e4dea7bd97b479f6ac21e71f8f0ab2d35', '0xf87082033e8459add84882520894fe1905d8ebd20e037274eef441283c811ea82c16880429d069189e0000808360306ca0d276bd1e9c73288a7435269e6b93cafb67280ae6ec79e85b96fc27fede6e2d75a0075a1256e7e59f70b0f91e4d161527e177f97ad0e2cd8648e06381b8f95a8e94', '0xf87082033f8459add848825208946adece88e477f53a143a4c29d97940df2ec768e0880429d069189e0000808360306ca0c884642bf6e24402f4096afe85a53614914f9c3e4df6986206ff6dcf1dab4072a054077356438b57a00a6f495d9c92a548190e508745f98b649016566b4644ac2e', '0xf8708203408459add848825208940d34d140a7376892c4593fcea3ae26f5d6f202d7880429d069189e0000808360306ca0f320b18a03d9cbba1d9fbfda65869c69722f6a1d73eda20f9c4b04bc043151dea00ef251bf049ab07ced08ff34d464e2042aa53ac77ca457cc16aaa38ed71c09c9', '0xf8708203418459add84882520894d1c7fa75b9bc55d041fcdf215f3e3a351c9f9edc880429d069189e0000808360306ca0121c4bdee2d8f22d93d037edf602113fd1a850ecd8bd66985bc0f7e06d7dfa62a02a91c564a85e982745dfab4362f42b78de5e0fe98fc3127bde0461779471261e', '0xf8708203428459add84882520894418ebe350a8c6387bf5e42f3502742af8e0781f1880429d069189e0000808360306ba01f953e2a36843994aa7dff88f33831dfa9509c9f1682c76b30b5a5cd6c4f62dea044ce8091e906d5f520e42301dbd27be8a366d318603a8738235b468d83ff889b', '0xf8708203438459add8488252089484914d2770c711d27888c775c547b1d933b48c47880429d069189e0000808360306ca083afbdb5e761e4d80de8d139771cb6858600827cde8083153f955ee59b582caaa00d279acd633edd7903659b7e3a76834219938d3c8d72db848e088282ff5d40b0', '0xf8708203448459add848825208948f51e560b85edf2e653c689c4e9fac02ce0556b8880429d069189e0000808360306ca03bc8355f76bd38748323508dbbb36e5e8d318540498820809efc3bf2a046230ba055a0507d82d614bd9b3358d4aa34fd2b86240129ec0429a388f5cbcd8528eecf', '0xf8708203458459add84882520894ee2503205c24dc66346e356f13f333fb8782d358880429d069189e0000808360306ba07638b34a8ea3f7e0b77190f5a7fa7059dd5cdc66680183fcbd82ebecf9849015a05fa60d3e3a9984ba72522dfbf421c04cd9fbe217a5055e75c0d4a1ce2897d06b', '0xf8708203468459add84882520894096ba6c59bd667a0fea9a356bcc988e4d9f2d8eb880429d069189e0000808360306ba0ab4448a2d5eb38328759582c678286b45066cb5c2b782d081e88227c17629776a067c2bd6d2445b82704cc050246e99f308b3d5e52fbcd4fa21cee0a756b5520ec', '0xf8708203478459add84882520894da0adce4f1dc7debe7b2b52e8fe9ace6c7ea9c66880429d069189e0000808360306ca0594af5ccb6cf21d1edd89d1a0f7462129d3bf6098191d15586c9619411c670b8a01703075172ae21897ea9eb8f3343bc5e601bd81a55711c48e79211ae9811b613', '0xf8708203488459add84882520894af7d412aeab7525c0541dc3aa6c1085cfb8c9099880429d069189e0000808360306ca0a7fc5e5e09d22df02aabc634f73d3f64a8be75f89d266950a0165d2137633c4ea0022989d4e0da16a7e67866d389c3a2d7c7618d52e53d5ec1d1d22d72f4fce485', '0xf8708203498459add848825208943cf8c0d567261eaf4ac0872d33a9f48af361769f880429d069189e0000808360306ca0225e07a9b70f0977f6a28a33f9d7e35f7abf5800b55f123e1956c36f0c49ed0fa02ac6070a36bea0628ccc71fc90257c2b4c7b54bde14c89327592de9b2739a48f', '0xf87082034a8459add848825208944779242587ba9e828999249eadd82984430f4843880429d069189e0000808360306ba0d651142a83d2866307bc546e3240b1b2ddccb87509eb613af20773179afd6ad3a062cacb062196f6754ffd63cd91380a9ce9b5687ee5be8ad1f4765d758323bf6d', '0xf87082034b8459add84882520894ea531cfe2de357ecff3855b88dbd07f60b03cdca880429d069189e0000808360306ca0798bc738d4ef1ee68ccf11cb99869fef495f734ec7d9f918d7117b0aa270b42ea06e3af30ebc5b349e6edfe7b9c6ecf355fa5827ecebfae1387f30f42440d7504d', '0xf87082034c8459add84882520894d00b5f53ea2a66ad33c3fee304bb22857dfb8a87880429d069189e0000808360306ba048066a7b1340e6cf7635e7cb8250f6864fa6fb533eb80245fd64bb6065b1d6f4a01eb5d568ac742ffdfff07a955fe2da146d4a71679db972fc449746b76c3fe1ef', '0xf87082034d8459add848825208947ead29f6616f78f21a951c9686dd257be7b8efe4880429d069189e0000808360306ba0b9fa9b85f011050aca764df62d4150027d6cbba16b50e8da1cb8dcc65e551381a02a9d1efbbf2108f0f66b1c09f4efa02f1b492cc9ae4014acbce50baea53832ac', '0xf87082034e8459add84882520894d503c13ee55c1ea128357d4018ec58d0d5e5c3db880429d069189e0000808360306ba0f8a318fd588e9c2ba72460a70e1b6aa3a8f90acf982374c1b44352e00c24a12ca013733727504b35c229c79de22d78fabf43ce21567aaca8141ca96f28b41b8a59', '0xf87082034f8459add848825208944ac670d8760faf780468638ef80034876ed8918d880429d069189e0000808360306ca0657df32d839a64841ce4140b1b7ef2f2be075419653d43e9607f6fe8b60df810a06f0d34b4b66b6bb3dd285e09d54b053e83f2592cb8b5bf657982420a68824960', '0xf8708203508459add8488252089424ffb8c97ce443f8d3265ba3316defcfc07c659c880429d069189e0000808360306ba0da5ac45ba265fcb9a05756238b13192c7dc9016ecbdbc524e4a28fa5efc8ed85a037c923dde99f79c823c70bc815e02f2efdc995607b304500bddd7167c8e3dfd0', '0xf8708203518459add848825208940c5cafc547ab98c9ceaa1c07fdd6bf7820aeb954880429d069189e0000808360306ca0e09e090eeef09174b52d11a859f43043d08042ee292a8b4702ef2b3e65663e71a04557a1411fb0bde5411407aa058fcac0ef169e727e56db2efa1879f8dac04353', '0xf8708203528459add84882520894db8d964741c53e55df9c2d4e9414c6c96482874e880429d069189e0000808360306ca0af2a9211a5aa95cd325ba435d71f1cda5505411a5ad7c36a91d08ade282d5527a03ea880a70a76fac47dce6cfb62235e60ce13d9e567073103ff7c5c0cf2496a14', '0xf8708203538459add84882520894ba85bb35ae6ff7a34745993fcf92b9afd34124f1880429d069189e0000808360306ca0cc82fd3254ea960831c4e45dc678b3bc93524c2db01b635300dcf83acbf5e34ba07d82849a824d86191a932fc232a78070ac61f36b837141c31ae6f6ea9e3eea7f', '0xf8708203548459add8488252089458871015f5a2d3948264f7c16ad194c80ffd531d880429d069189e0000808360306ba0300f4acb805c16b21e40ee0a8136215c79e7a5c65b655fc409749f7faa3f3fbba040a5365e99a8b28a84dd98f6eb21657c074529e0a976106d1c7edd6aba204a94', '0xf8708203558459add848825208942a90af45df70b0031f218cc122598ddf3e10469f880429d069189e0000808360306ca0d723196ca2353dcd9143dc67fc740933957585fb7eb17a2abc0ae055b158f5cca0662b02de97ba1a6a77aa2bca85b8cddd49bebbfc6181d0d5a036101206ccaaed', '0xf8708203568459add84882520894761bbaaea6ceb265f5262c3b559adc2ad3ed2f09880429d069189e0000808360306ca008332dd2f099c297b360d8f4273adddb873c3561392e4b5a7a55d2311eccd755a02de1d6c3b52ecb2cbae9d1d9e44d69f7ed93e72e91357acf94375810deb1f10d', '0xf8708203578459add84882520894dfe86f51c5e603f1420d1f0ab366bd3bfe23d2a7880429d069189e0000808360306ba0602e9a2026a9a3693eaf93bf70c70f921ddfb46d049698a2d99890a148b7382ba07e9895953c7a581d9788a3d505e83f12fb069fd1b0367a450921af73caf94b2d', '0xf8708203588459add84882520894d616547158b05ab5079106dc0336d72763a72871880429d069189e0000808360306ca0a76e2db075327af252321bae91cfac84016a08ce12413c43f64b24cb419c4374a00e409c92b58282fb6a69c3b308e556ff0b8cc470fb533b61adc448137da2ef87', '0xf8708203598459add84882520894dc68cd278cb7f5f666ce7b0a3a214a8540ed4dfa880429d069189e0000808360306ba0cc74267b1bc30b6362183626efbce4c319a54484eebb0ba76b0efc78ae4ebfcca04626d0d38e999edd23ea283d46b3ce757c544c3b8e6573c707a163b2e259a1ac', '0xf86f82035a8459add8488252089411f8107da05b6905e8cc0227ca3b0c6eb764fac0880429d069189e0000808360306ba01b03f2d8dfbf9239c5c49d7bd3dab59b12aefcbfdf725469c7dd16078473051f9fd227b6738b6e30377cf50a470d9de9060f552020e80d788efcbf39e9c0b1df', '0xf87082035b8459add8488252089404da906545679850a7ee0ef6836e183031bedc88880429d069189e0000808360306ca0bc337cb63b89c780b19199326dc6194c31964fb43f7b3c0c7873ccbf225ea187a04cb0ec948cc1a1d2891742da64b7320e96f2629c1db054b2c64fcf389ecb7d22', '0xf87082035c8459add848825208948bdc25c43c010fd3db6281fcd8f7a0bed18838e3880429d069189e0000808360306ba0f8d43903dc63964fe2253b92a8801e9372c3828b8e6c607fe39384a0b221d021a073ee9d486502707de3d9354ebe46a7e5edd95baf475be912de2b15b5db59f93f', '0xf87082035d8459add84882520894af16f746b8a834a383fd0597d941fee52b7791eb880429d069189e0000808360306ca0970edf7aed1a70ed1574e01144fe6a19a56f2dfbb6509fac842636fc0265aa18a008271724dd8a425dc9fe39b26f32b6c334cc67f676a629b835f0c7d70daa2fb4', '0xf87082035e8459add848825208940c5c736600f8ea58ccb89aa72e3f3634651fd551880429d069189e0000808360306ca0fc770add20e5e66681ab0f1b869a6564a46f120a26e2895d061779e185436c88a01ba0e55289c04b37b1457d3bafa369fe734af53a3d87b3c8c55dac1b816f998d', '0xf87082035f8459add848825208946f475e0f0e9eda58556fddc04de9b1a9b6a4cfb4880429d069189e0000808360306ca0d72e90567da355d03f9c3895856eeba015e6c13f2356703f5ec2ceec4db1b61da07d26f132870fbe059e370a45b40c0738f2cf691ab3cd0f01904b2fa2fc413c91', '0xf8708203608459add848825208949b2e76498a695c4dc7d0890069cffa84a9581d24880429d069189e0000808360306ca07d07a3bfc936c41795e094860ece0724b448542db421a16c6bad39e9f05c4888a021989c
9eb3ef4ab097e13fe1aea5ec0306b2f9504093bae03669db3fb7078b28', '0xf8708203618459add84882520894e2d2b2069f4a54fcc171223ff0c17adbd743c285880429d069189e0000808360306ba0c4b4ad36e649d7faa3f2b2f0d8f1a3d48eef7f728cb48894dfb92566c7d474e9a062ddc92f186f4d6fbe277fd6781719888d806ee38ddef4aaa6c1fa7c24eea8f3', '0xf8708203628459add84882520894386bd49f04322544f3c7178fa5ae1a24b947b454880429d069189e0000808360306ba0c81f49d96d1066b64407f160d5ddb0679496381f80fe921659ef1219a981b4dfa02c14d6982d635f6fc5c25c4de3180c8ef93c6a3ef70793843fa2c879429c5326', '0xf8708203638459add8488252089400af839c3fc067fafc2e0a205858d6957f0dd18d880429d069189e0000808360306ca00d5118de36f325212c71e87b871c53fe9ab11c58198c0802f0451c2ad998fe82a0414ddaab0f34f46371a9d9193960c9cf0f0e819735f85afa630ab241bff4a2e7', '0xf8708203648459add84882520894ebb6d32a650afa9221b55a11c6a6de52b6f07cd7880429d069189e0000808360306ba0a6458a0dcfd6a7de452dbf885a0ade1fd6f43429603c78742a8a3f1464d9fcf2a054fcb0b7133903d2a6102e7834019b2ea41ba6b9b532f8ddcc2dba74a4ad68da', '0xf8708203658459add84882520894011d26a3a9adc9203c8943a6a77aa8657af52420880429d069189e0000808360306ca0181cbf662074fd449571a56cf07a1516c68657488f6d65464ee6737668baae0ba0279fa1c1da8f874eb7dd91f9996f479d01fd57f47022815615dd489edc981037', '0xf8708203668459add848825208949c85bc61a89fb5abd957e6c819c653fc1aa0d11b880429d069189e0000808360306ca09c0b7475f48646fe74b57d0b3283889bbf7daf105e1186d50ab2a5fcc7fe811ca05ac4f3fef8fc2f172b45c5a71770fe0d4d42c80f6bd5e9dc5b7806e6c854576c', '0xf8708203678459add84882520894bd8e8435b7897d87cf7cedb5cf8c5dd865dbf720880429d069189e0000808360306ca05fba4a23b1090ee0f0b8c247a200dd67168eed029c2c96452c7be64df16b235fa05a2815c5fb1cd52e1d4ee45fc2b61bb490cb864dc030df60d0e1c4bbf68582f1', '0xf8708203688459add84882520894adebee2e3ff041078b62380d001c6e51b4f15598880429d069189e0000808360306ba0887e39dbf17cef3926e867ab5e03387293c78c743bbf46f6756c8af8c76de999a060c8a84b6a63c194be94881aba90653e9aae44b52d6eeabbe8e853b295734cce', '0xf8708203698459add8488252089471e94c459c9f05085fc0d34b5f21e648e05dc6b3880429d069189e0000808360306ba0db1020034146b35b2f8f8274090ce1fb6dbc34f2df4ab944a32eedfc07dffff1a057d00eec5528e8e004c61288bb86fecee1a402942baf740ab3c36e816dc79b7d', '0xf87082036a8459add848825208947c1fe317db82c9298b87c56c3194178271b621e1880429d069189e0000808360306ca0e124ecc6e95c472e1b3356f59529329639094611e165149545b7b4814633d112a035fbc062244d182b832067a3abe0aeaa02da4f1bde426efaa3fb502fe734f6e1', '0xf87082036b8459add84882520894e069d1c9abf5127bdc3a164fb93b96bfa9f74ce0880429d069189e0000808360306ca0a392a36e3354a6adcfc65f8155f2791178081ac4c33780493aa0d5a438af87a5a0233de65018725d2b0793c37c4dbad76e2f01251b70f3778b9e3572949c23ce3d', '0xf87082036c8459add84882520894b9bbddd1eb6ef8fb1bdc6a853d5ad7486a9487dd880429d069189e0000808360306ca09adad88737e7e8bb6bf794414ad87f0cb27d2ccc9d531bacd63989a49c453451a07acca31462597cbe3a19f0ddb2762603848508637edd1ea5eb4f73802d5caeed', '0xf87082036d8459add84882520894a804387cdaf986d45831e8074efb2115af053f7a880429d069189e0000808360306ca0fdb8638b4d6cd879ee5d8f4ee569fcc66c0439505174202a92f6617955999270a044aaa92dd0250e3cf8eeca0c1a63a80351069779e680b9933ab3f341c20aae26', '0xf87082036e8459add84882520894f23501d784a041fc911b4c86c2bfb1f63ec170ea880429d069189e0000808360306ca0776b50992d0ed654e8f905689317842111cf9979644c52009541c7fa4233256da01738c5c0f7eb93a087f30d6d6b9927d88fd921e792750a707b610f7b1c4acec9', '0xf87082036f8459add848825208943928be2a7058088313c0fb3294014e88a3c5ed4a880429d069189e0000808360306ba08ea1b77e6e895734ccf4fa808cadf66b3a169e41b8d02cdedd03a6a34ff51e26a077a3ee7a6e5ec9ec273c6235dc8533594123578f1f9a85c478b5685729111de8', '0xf8708203708459add84882520894196aa07204141478459c14106ef5e5282efe9957880429d069189e0000808360306ca05e4e212acbd4fae8e82a1bce51a704b579f9391b09b889ddd18a5ea1cd9bb795a06db27a07a802c3cd96ba0c2055e52c5339782fc271081aadcc2a2353c985ff6e', '0xf8708203718459add84882520894763cbf89560e2da270000822abda9584db693fa3880429d069189e0000808360306ca04957383c5d226bf3894a84c8624a8cde211f4524d4b0a95485ae6397f8085733a0173656ddc9c4e455de08b29d31f9ea8a192358c0451c607fe0b22276e7299d78', '0xf8708203728459add848825208947feaea0ff70ffc9eec2104f57f7136aff4dea680880429d069189e0000808360306ba0076d6ec753fac3dc589f9a27b6d1a30b6515dbf6a4b1955f17e37451226bd133a067a8721452e5d52ca7dba61d96adbc09084c976f429a6ffe9614fd57f8c07f01', '0xf8708203738459add84882520894e5466aacd9dd6d3bb35060a1ccc76a438de88ca1880429d069189e0000808360306ba0b5d60e61f47bf39e9e240c7464d40d291e3604d576cf65ba5491075757975e17a04f5860cdb7573c3bd4ffae21783eee2c592fad21ec5139b0175a7d33cd78cbea', '0xf8708203748459add84882520894f670980415cfe8c4f8d10645ecf974c9a2fea00e880429d069189e0000808360306ba0cfeb67ac9489356c1bfe15b6f92efacc796397f3f31641980842afc2fcfaf5c7a038123209d863113a140b630527d4c2b01c36874b401296262956b30f5017bd15', '0xf8708203758459add84882520894a29115bce7829ffdd989b7cf1bdd1eac06a2cb36880429d069189e0000808360306ba06dcc8b3f8071d77aaba5738b51099058e69c43921a97f44fb38155cbe43d04efa01f6553875ef40c37f5085a61787633ed52af75031c100aab638d5669df99a6aa', '0xf8708203768459add848825208948f528aa67dc1846c893465fa1c8c26556bc5fe19880429d069189e0000808360306ba03dc43011ec9f75a391734854af28873f919986bda86fd594dc423d48e2f98f4ca04bc101ad1260d65dc3e438fcb20c8431830bee12618453c0236e7bde42a9e7b8', '0xf8708203778459add848825208944dc4ec6ac43c8c45777292db987203c0248e17b7880429d069189e0000808360306ba0a9c941d39dbec64abd5bad47b252d597bcee789cbf99d5b82cf4d17f300663c6a02982072f0b5700b99acfa6e5ec74b216507c2557f7a778f6d45ca76a5abe4cee', '0xf8708203788459add848825208940d2f39f251cb547cba567a31e5e9f93c19dffa85880429d069189e0000808360306ba0768c81f840ad7a70f937d38418cf0a5e7ebb093ac7e128236b251d3178952641a01cd7ddec302d171c0040d5218fab38e6315ea3d0c167e434916580080af3d477', '0xf86f8203798459add848825208949eb31fb94ce5111e2a04cb9d156b513887ccbd00880429d069189e0000808360306b9f1a30f9d3642dce09287d8a9277360f1e36c509b14fdf3aea95f16eff62860ba024545543e53860af335af3346481dbe10865183cbce8ed279f06591bf33e78ac', '0xf87082037a8459add8488252089404b88ef83f8c41b1465d360a1e82f07ae190892a880429d069189e0000808360306ba0729155cc94f13472df27517c69b4a59aabfb7f76c942f82ab435a963bb78c600a04fe3515fd8c5406389fb06610a41a3c6f4d5b337783916e3928ec0c2d2b3eefb', '0xf87082037b8459add84882520894af23e04b04fbe15630eadd32a6f27a5a65ea554a880429d069189e0000808360306ba0fb526b8c657be24180a80ffe48d8a75c4126e819b54fdb27e0ea4de3cd291cbaa032ff4d448cfaaa575a756d0a4b0743628f860104fe080da5eac965175fd8ca3a', '0xf87082037c8459add84882520894746cdff371e3f1e905b3ac52280078bac2dec7dd880429d069189e0000808360306ca05b69553638af9d4eb5db00421045f6f4b2e16e3c9e63228a8815e389d9aad1f2a017e596702a2d763f6f29d8c8c8835a1df26af82bdf83e36174ad7a434d197cb1', '0xf87082037d8459add84882520894c33e5155bdbf1a0a7ceb1b80f8586c5cda5c3781880429d069189e0000808360306ba05de41391f3f23e39248bbfa0c1340fccd3b9a25f1dc00b254263818de50a4380a051d2c64abbe6580405f2a6f98605b54573e9dd7897dc42d5421288652c016e56', '0xf87082037e8459add84882520894e7fdef5f5219068f3d0f88a7445005574c662798880429d069189e0000808360306ca071715f7a19c2aa9249f59384657e6df6acebe01802859d71cc5f8a2581223c7aa077cef7d66889b84ee15b7337c48c7a6434cdf43a09aa8708c40e52404a2a6299', '0xf87082037f8459add84882520894f0a81a63c5e09b0bd08e027de48058e377d3732d880429d069189e0000808360306ba0650e4c1fa444fd45c5dfecc9f8dc32d666eac2656c9acf22a5b4fd173c5b6a58a00cd2483b0178e9e67509ab221730879689c742ddbef6344cd545bef9ca1cb297', '0xf8708203808459add848825208949878ab34dc3b4a63c80fdb733491472c11d59a56880429d069189e0000808360306ca007548179108f8b165d8a4d2588d0ed5f0132b2d7549bef014fe635b1eb49c18ea0393aaef4fbe2c48b263b18df9d70480affe2e08fdea51015915ec35db153285e', '0xf8708203818459add84882520894912859bebae3086ac7a062dee5d68aa8ed2d71ec880429d069189e0000808360306ca0cff12e1f5428cc56484fda1c11a3ab2e0468412ae72332ebf1a04197cb128cc1a0016dafc43ba3063468cb22eb9ea92fd29464b287ed54fbbafbbb53eefc29d010', '0xf8708203828459add848825208945a0b737ed85049410e5ea61f444d07d5c8c0359f880429d069189e0000808360306ba0addf48918d66181e975d7972eb903d91e27f3edf69d3a20fcb7f788abb79d624a03d071e7b89da2fe8a3d821c1ed618b9203c5ffd4b97db765030aeedccb3950a9', '0xf8708203838459add84882520894305a5dfd46e6128abce28c03b3ad971f4e4915ff880429d069189e0000808360306ba0f2313d6a7f9d4806560d5b816f03c5c0748745c56787c88e3c1fc9d89f55f853a031e480e644211d468553dad4b97aa6b88bf68243217d46146725de230feccc4a', '0x02f86f83301824048083011000825208948943545177806ed17b9f23f0a21ee5948ecaa776870b397fe2773c0080c080a0b973b50abf9bb3e77baca7043f243c551e2d33cc2401eb9109ecb337d0cffe62a03ccff7620cc60c403d5deff18fdac360aa62bbc1415d9568d3c368456e867c8f', '0x02f90176833018242b85012a05f2008512a05f2000830249f09471e67695db8bc44aa6bf2014142c42221967ee9880b901040cc7326300000000000000000000000000000000000000000000000000000000000000a000000000000000000000000000000000000000000000000007ad36e97dba463600000000000000000000000085998f6c99833d1127301928248c97b6f168bdad00000000000000000000000065d08a056c17ae13370565b04cf77d2afa1cb9fa0000000000000000000000000000000000000000000000000000000000000000000000000000000000000000000000000000000000000000000000000000000200000000000000000000000024a9da1457f96c2b167d49377a776d302a5c4db3000000000000000000000000ac29373cbe03c88fb078488181f8a0650c58ca08c001a04627feb87476348f598c9132ae1df8b984157c45920ff1eb123ec528513abf87a01015ed8cc27c641bf401fcaeb4e6bfe717947839d467025ebd9c576dd2d3c4d3', '0x02f90176833018242c85012a05f2008512a05f2000830249f09471e67695db8bc44aa6bf2014142c42221967ee9880b901040cc7326300000000000000000000000000000000000000000000000000000000000000a000000000000000000000000000000000000000000000003a7e220f36867c0000000000000000000000000000f98265aea01677961bff51685b04ee3a6139206f00000000000000000000000065d08a056c17ae13370565b04cf77d2afa1cb9fa00000000000000000000000000000000000000000000000000000000000000000000000000000000000000000000000000000000000000000000000000000002000000000000000000000000ac29373cbe03c88fb078488181f8a0650c58ca0800000000000000000000000024a9da1457f96c2b167d49377a776d302a5c4db3c080a0786133fc5b1d39a3bb5ead35f18525f14c2315d1190246914d08bcc63bdb82c1a03ae72270121ed19e67f8b737ba0b58f860cfafa35d214535933d25f8d77e336d'], withdrawals: [], blob_gas_used: 0, excess_blob_gas: 0}, blobs_bundle: {commitments: [], proofs: [], blobs: []}}
}
time="2024-12-06T21:04:29Z" level=debug msg="publishing block" blockHash=0x8eebbc6f83f8ea011d5b2e5ddea294504c2eb21661213b4c07d9f39aaf8fcd85 component=beaconClient service=relay/api slot=79 uri="http://172.16.4.14:4000" version=6fc57d1-dev
time="2024-12-06T21:04:29Z" level=debug msg="publishing block" blockHash=0x8eebbc6f83f8ea011d5b2e5ddea294504c2eb21661213b4c07d9f39aaf8fcd85 component=beaconClient service=relay/api slot=79 uri="http://172.16.4.15:4000" version=6fc57d1-dev
time="2024-12-06T21:04:29Z" level=debug msg="publishing block" blockHash=0x8eebbc6f83f8ea011d5b2e5ddea294504c2eb21661213b4c07d9f39aaf8fcd85 component=beaconClient service=relay/api slot=79 uri="http://172.16.4.16:4000" version=6fc57d1-dev
time="2024-12-06T21:04:29Z" level=info msg="updated headSlot to 79" epoch=2 service=relay/api slotHead=79 slotStartNextEpoch=96 version=6fc57d1-dev
time="2024-12-06T21:04:29Z" level=debug msg="RefreshKnownValidators init" datastoreMethod=RefreshKnownValidators headSlot=79 headSlotPos=16 lastUpdateSlot=67 service=relay/api version=6fc57d1-dev
time="2024-12-06T21:04:29Z" level=debug msg="Updating builder cache with 1 builders from database" service=relay/api version=6fc57d1-dev
time="2024-12-06T21:04:29Z" level=info msg="payload attributes received for slot: 80" service=relay/api version=6fc57d1-dev
time="2024-12-06T21:04:29Z" level=info msg="updated payload attributes" headSlot=79 payloadAttrParent=0x8eebbc6f83f8ea011d5b2e5ddea294504c2eb21661213b4c07d9f39aaf8fcd85 payloadAttrSlot=80 randao=0xaeb724873ce5ab08bc37450bbdcc732802da0dba204b01c28ce110e005c6d639 service=relay/api timestamp=1733519071 version=6fc57d1-dev withdrawalsRoot=0x792930bbd5baac43bcc798ee49aa8185ef76bb3b44ba62b91d86ae569e4bb535
time="2024-12-06T21:04:29Z" level=info msg="finished publish block request" beaconPublishURI="http://172.16.4.16:4000" beaconURI="http://172.16.4.16:4000" component=beaconInstance encodeDurationMs=2 payloadBytes=28429 publishContentType=json publishDurationMs=51 service=relay/api slot=79 version=6fc57d1-dev
time="2024-12-06T21:04:29Z" level=info msg="published block" beacon="http://172.16.4.16:4000" blockHash=0x8eebbc6f83f8ea011d5b2e5ddea294504c2eb21661213b4c07d9f39aaf8fcd85 component=beaconClient service=relay/api slot=79 statusCode=200 version=6fc57d1-dev
time="2024-12-06T21:04:29Z" level=info msg="block published through beacon node" blockHash=0x8eebbc6f83f8ea011d5b2e5ddea294504c2eb21661213b4c07d9f39aaf8fcd85 contentLength=3484 feeRecipient=0x8943545177806ED17B9F23F0a21ee5948eCaa776 headSlot=78 headSlotEpochPos=15 idArg= method=getPayload mevBoostV=v1.8.1 msIntoSlot=99 msNeededForPublishing=53 proposerIndex=13 proposerPubkey=0xa03c2a82374e04b2e0594c4ce14fb3f225b46f13188f0d8002a523c7dcfb939ae4856053c2c9c695374d7c3685df1ca5 service=relay/api slot=79 slotEpochPos=16 slotStartSec=1733519069 timestampAfterAlreadyDeliveredCheck=1733519069113 timestampAfterDecode=1733519069099 timestampAfterLoadResponse=1733519069112 timestampAfterPublishing=1733519069167 timestampAfterSignatureVerify=1733519069102 timestampBeforePublishing=1733519069114 timestampRequestStart=1733519069098 ua="mev-boost/v1.8.1 Lighthouse/v5.3.0-2e0eb6d" version=6fc57d1-dev
time="2024-12-06T21:04:29Z" level=info msg="finished publish block request" beaconPublishURI="http://172.16.4.15:4000" beaconURI="http://172.16.4.15:4000" component=beaconInstance encodeDurationMs=2 payloadBytes=28429 publishContentType=json publishDurationMs=53 service=relay/api slot=79 version=6fc57d1-dev
time="2024-12-06T21:04:29Z" level=info msg="request initiated" cancellationEnabled=false contentLength=2108 headSlot=79 method=submitNewBlock service=relay/api timestampRequestStart=1733519069671 version=6fc57d1-dev
time="2024-12-06T21:04:29Z" level=info msg="submitNewBlock failed: block with 0 value or no txs" blobGasUsed=0 blockHash=0xb76271cb15eefc51b9057a797a0631afa010829c73bd39240164de26371f3d05 builderIsHighPrio=false builderPubkey=0xaa1488eae4b06a1fff840a2b6db167afc520758dc2c8af0dfb57037954df3431b747e2f900fe8805f05d635e9a29717b cancellationEnabled=false contentLength=2108 excessBlobGas=0 headSlot=79 isLargeRequest=false method=submitNewBlock numBlobs=0 numTx=0 parentHash=0x8eebbc6f83f8ea011d5b2e5ddea294504c2eb21661213b4c07d9f39aaf8fcd85 payloadBytes=2108 proposerPubkey=0xad9222dec71ff8ee6bc0426ffe7b5e66f96738225db281dd20027a1556d089fdebd040abfbc2041d6c1a0d8fdcfce183 reqContentType=json reqIsGzip=false service=relay/api slot=80 timestampAfterDecoding=1733519069672 timestampRequestStart=1733519069671 value=0 version=6fc57d1-dev
time="2024-12-06T21:04:29Z" level=info msg="request finished" blobGasUsed=0 blockHash=0xb76271cb15eefc51b9057a797a0631afa010829c73bd39240164de26371f3d05 builderIsHighPrio=false builderPubkey=0xaa1488eae4b06a1fff840a2b6db167afc520758dc2c8af0dfb57037954df3431b747e2f900fe8805f05d635e9a29717b cancellationEnabled=false contentLength=2108 excessBlobGas=0 headSlot=79 isLargeRequest=false method=submitNewBlock numBlobs=0 numTx=0 parentHash=0x8eebbc6f83f8ea011d5b2e5ddea294504c2eb21661213b4c07d9f39aaf8fcd85 payloadBytes=2108 proposerPubkey=0xad9222dec71ff8ee6bc0426ffe7b5e66f96738225db281dd20027a1556d089fdebd040abfbc2041d6c1a0d8fdcfce183 reqContentType=json reqIsGzip=false requestDurationMs=0 service=relay/api slot=80 timestampAfterDecoding=1733519069672 timestampRequestFin=1733519069672 timestampRequestStart=1733519069671 value=0 version=6fc57d1-dev
time="2024-12-06T21:04:29Z" level=info msg="http: POST /relay/v1/builder/blocks 200" duration=0.000943 method=POST path=/relay/v1/builder/blocks service=relay/api status=200 version=6fc57d1-dev
time="2024-12-06T21:04:30Z" level=info msg="execution payload delivered" blobGasUsed=0 blockHash=0x8eebbc6f83f8ea011d5b2e5ddea294504c2eb21661213b4c07d9f39aaf8fcd85 blockNumber=79 contentLength=3484 excessBlobGas=0 feeRecipient=0x8943545177806ED17B9F23F0a21ee5948eCaa776 headSlot=78 headSlotEpochPos=15 idArg= method=getPayload mevBoostV=v1.8.1 msIntoSlot=99 numBlobs=0 numTx=103 proposerIndex=13 proposerPubkey=0xa03c2a82374e04b2e0594c4ce14fb3f225b46f13188f0d8002a523c7dcfb939ae4856053c2c9c695374d7c3685df1ca5 service=relay/api slot=79 slotEpochPos=16 slotStartSec=1733519069 timestampAfterAlreadyDeliveredCheck=1733519069113 timestampAfterDecode=1733519069099 timestampAfterLoadResponse=1733519069112 timestampAfterPublishing=1733519069167 timestampAfterSignatureVerify=1733519069102 timestampBeforePublishing=1733519069114 timestampRequestStart=1733519069098 ua="mev-boost/v1.8.1 Lighthouse/v5.3.0-2e0eb6d" version=6fc57d1-dev
time="2024-12-06T21:04:30Z" level=info msg="failed to get bidTrace for delivered payload from redis" blobGasUsed=0 blockHash=0x8eebbc6f83f8ea011d5b2e5ddea294504c2eb21661213b4c07d9f39aaf8fcd85 blockNumber=79 contentLength=3484 error="redis: nil" excessBlobGas=0 feeRecipient=0x8943545177806ED17B9F23F0a21ee5948eCaa776 headSlot=78 headSlotEpochPos=15 idArg= method=getPayload mevBoostV=v1.8.1 msIntoSlot=99 numBlobs=0 numTx=103 proposerIndex=13 proposerPubkey=0xa03c2a82374e04b2e0594c4ce14fb3f225b46f13188f0d8002a523c7dcfb939ae4856053c2c9c695374d7c3685df1ca5 service=relay/api slot=79 slotEpochPos=16 slotStartSec=1733519069 timestampAfterAlreadyDeliveredCheck=1733519069113 timestampAfterDecode=1733519069099 timestampAfterLoadResponse=1733519069112 timestampAfterPublishing=1733519069167 timestampAfterSignatureVerify=1733519069102 timestampBeforePublishing=1733519069114 timestampRequestStart=1733519069098 ua="mev-boost/v1.8.1 Lighthouse/v5.3.0-2e0eb6d" version=6fc57d1-dev
time="2024-12-06T21:04:30Z" level=info msg="request finished" blobGasUsed=0 blockHash=0x8eebbc6f83f8ea011d5b2e5ddea294504c2eb21661213b4c07d9f39aaf8fcd85 blockNumber=79 contentLength=3484 excessBlobGas=0 feeRecipient=0x8943545177806ED17B9F23F0a21ee5948eCaa776 headSlot=78 headSlotEpochPos=15 idArg= method=getPayload mevBoostV=v1.8.1 msIntoSlot=99 numBlobs=0 numTx=103 proposerIndex=13 proposerPubkey=0xa03c2a82374e04b2e0594c4ce14fb3f225b46f13188f0d8002a523c7dcfb939ae4856053c2c9c695374d7c3685df1ca5 requestDurationMs=1072 service=relay/api slot=79 slotEpochPos=16 slotStartSec=1733519069 timestampAfterAlreadyDeliveredCheck=1733519069113 timestampAfterDecode=1733519069099 timestampAfterLoadResponse=1733519069112 timestampAfterPublishing=1733519069167 timestampAfterSignatureVerify=1733519069102 timestampBeforePublishing=1733519069114 timestampRequestFin=1733519070171 timestampRequestStart=1733519069098 ua="mev-boost/v1.8.1 Lighthouse/v5.3.0-2e0eb6d" version=6fc57d1-dev
time="2024-12-06T21:04:30Z" level=info msg="http: POST /eth/v1/builder/blinded_blocks 200" duration=1.072389 method=POST path=/eth/v1/builder/blinded_blocks service=relay/api status=200 version=6fc57d1-dev
time="2024-12-06T21:04:30Z" level=info msg="finished publish block request" beaconPublishURI="http://172.16.4.14:4000" beaconURI="http://172.16.4.14:4000" component=beaconInstance encodeDurationMs=2 payloadBytes=28429 publishContentType=json publishDurationMs=1118 service=relay/api slot=79 version=6fc57d1-dev
time="2024-12-06T21:04:31Z" level=info msg="payload attributes received for slot: 81" service=relay/api version=6fc57d1-dev
time="2024-12-06T21:04:31Z" level=info msg="updated payload attributes" headSlot=79 payloadAttrParent=0x8eebbc6f83f8ea011d5b2e5ddea294504c2eb21661213b4c07d9f39aaf8fcd85 payloadAttrSlot=81 randao=0xaeb724873ce5ab08bc37450bbdcc732802da0dba204b01c28ce110e005c6d639 service=relay/api timestamp=1733519073 version=6fc57d1-dev withdrawalsRoot=0x792930bbd5baac43bcc798ee49aa8185ef76bb3b44ba62b91d86ae569e4bb535
time="2024-12-06T21:04:31Z" level=debug msg="getHeader request received" headSlot=79 method=getHeader mevBoostV=v1.8.1 msIntoSlot=7 parentHash=0x8eebbc6f83f8ea011d5b2e5ddea294504c2eb21661213b4c07d9f39aaf8fcd85 pubkey=0xad9222dec71ff8ee6bc0426ffe7b5e66f96738225db281dd20027a1556d089fdebd040abfbc2041d6c1a0d8fdcfce183 requestTimestamp=1733519071 service=relay/api slot=80 slotStartSec=1733519071 ua="mev-boost/v1.8.1 Lighthouse/v5.3.0-2e0eb6d" version=6fc57d1-dev
time="2024-12-06T21:04:31Z" level=error msg="bid was empty, skipping PROF augmentation" error="<nil>" headSlot=79 method=getHeader mevBoostV=v1.8.1 msIntoSlot=7 parentHash=0x8eebbc6f83f8ea011d5b2e5ddea294504c2eb21661213b4c07d9f39aaf8fcd85 pubkey=0xad9222dec71ff8ee6bc0426ffe7b5e66f96738225db281dd20027a1556d089fdebd040abfbc2041d6c1a0d8fdcfce183 requestTimestamp=1733519071 service=relay/api slot=80 slotStartSec=1733519071 ua="mev-boost/v1.8.1 Lighthouse/v5.3.0-2e0eb6d" version=6fc57d1-dev
time="2024-12-06T21:04:31Z" level=info msg="http: GET /eth/v1/builder/header/80/0x8eebbc6f83f8ea011d5b2e5ddea294504c2eb21661213b4c07d9f39aaf8fcd85/0xad9222dec71ff8ee6bc0426ffe7b5e66f96738225db281dd20027a1556d089fdebd040abfbc2041d6c1a0d8fdcfce183 204" duration=0.000485 method=GET path=/eth/v1/builder/header/80/0x8eebbc6f83f8ea011d5b2e5ddea294504c2eb21661213b4c07d9f39aaf8fcd85/0xad9222dec71ff8ee6bc0426ffe7b5e66f96738225db281dd20027a1556d089fdebd040abfbc2041d6c1a0d8fdcfce183 service=relay/api status=204 version=6fc57d1-dev
time="2024-12-06T21:04:31Z" level=info msg="updated headSlot to 80" epoch=2 service=relay/api slotHead=80 slotStartNextEpoch=96 version=6fc57d1-dev
time="2024-12-06T21:04:31Z" level=debug msg="RefreshKnownValidators init" datastoreMethod=RefreshKnownValidators headSlot=80 headSlotPos=17 lastUpdateSlot=67 service=relay/api version=6fc57d1-dev
time="2024-12-06T21:04:31Z" level=info msg="proposer duties updated: 100, 101, 102, 103, 104, 105, 106, 107, 108, 109, 110, 111, 112, 113, 114, 115, 116, 117, 118, 119, 120, 121, 122, 123, 124, 125, 126, 127, 64, 65, 66, 67, 68, 69, 70, 71, 72, 73, 74, 75, 76, 77, 78, 79, 80, 81, 82, 83, 84, 85, 86, 87, 88, 89, 90, 91, 92, 93, 94, 95, 96, 97, 98, 99" service=relay/api version=6fc57d1-dev
time="2024-12-06T21:04:31Z" level=debug msg="Updating builder cache with 1 builders from database" service=relay/api version=6fc57d1-dev
time="2024-12-06T21:04:31Z" level=info msg="payload attributes received for slot: 81" service=relay/api version=6fc57d1-dev
time="2024-12-06T21:04:31Z" level=info msg="updated payload attributes" headSlot=80 payloadAttrParent=0x56a64c298d8dd02530a6626abd404037fbe7685bc67782024bb3f3880b5689a6 payloadAttrSlot=81 randao=0x2c24b4ecd69cf38a71725a8180bb8f24208a60a7055f8aed9d92c8d2f490142f service=relay/api timestamp=1733519073 version=6fc57d1-dev withdrawalsRoot=0x792930bbd5baac43bcc798ee49aa8185ef76bb3b44ba62b91d86ae569e4bb535
time="2024-12-06T21:04:31Z" level=info msg="request initiated" cancellationEnabled=false contentLength=2108 headSlot=80 method=submitNewBlock service=relay/api timestampRequestStart=1733519071637 version=6fc57d1-dev
time="2024-12-06T21:04:31Z" level=info msg="submitNewBlock failed: block with 0 value or no txs" blobGasUsed=0 blockHash=0x58f87b38c90abf9b9cc2e67a1a66410bdc82b5da7fb72ae527fc20b0a8e8758a builderIsHighPrio=false builderPubkey=0xaa1488eae4b06a1fff840a2b6db167afc520758dc2c8af0dfb57037954df3431b747e2f900fe8805f05d635e9a29717b cancellationEnabled=false contentLength=2108 excessBlobGas=0 headSlot=80 isLargeRequest=false method=submitNewBlock numBlobs=0 numTx=0 parentHash=0x56a64c298d8dd02530a6626abd404037fbe7685bc67782024bb3f3880b5689a6 payloadBytes=2108 proposerPubkey=0xb97ecbcfe8c52b9bcdca9e75da13c5650b751b037c570934ea6b6441ff32de6566c50dafc0557e63105b2ee7e8cbb39e reqContentType=json reqIsGzip=false service=relay/api slot=81 timestampAfterDecoding=1733519071637 timestampRequestStart=1733519071637 value=0 version=6fc57d1-dev
time="2024-12-06T21:04:31Z" level=info msg="request finished" blobGasUsed=0 blockHash=0x58f87b38c90abf9b9cc2e67a1a66410bdc82b5da7fb72ae527fc20b0a8e8758a builderIsHighPrio=false builderPubkey=0xaa1488eae4b06a1fff840a2b6db167afc520758dc2c8af0dfb57037954df3431b747e2f900fe8805f05d635e9a29717b cancellationEnabled=false contentLength=2108 excessBlobGas=0 headSlot=80 isLargeRequest=false method=submitNewBlock numBlobs=0 numTx=0 parentHash=0x56a64c298d8dd02530a6626abd404037fbe7685bc67782024bb3f3880b5689a6 payloadBytes=2108 proposerPubkey=0xb97ecbcfe8c52b9bcdca9e75da13c5650b751b037c570934ea6b6441ff32de6566c50dafc0557e63105b2ee7e8cbb39e reqContentType=json reqIsGzip=false requestDurationMs=0 service=relay/api slot=81 timestampAfterDecoding=1733519071637 timestampRequestFin=1733519071638 timestampRequestStart=1733519071637 value=0 version=6fc57d1-dev
time="2024-12-06T21:04:31Z" level=info msg="http: POST /relay/v1/builder/blocks 200" duration=0.000803 method=POST path=/relay/v1/builder/blocks service=relay/api status=200 version=6fc57d1-dev
time="2024-12-06T21:04:33Z" level=info msg="payload attributes received for slot: 82" service=relay/api version=6fc57d1-dev
time="2024-12-06T21:04:33Z" level=info msg="updated payload attributes" headSlot=80 payloadAttrParent=0x56a64c298d8dd02530a6626abd404037fbe7685bc67782024bb3f3880b5689a6 payloadAttrSlot=82 randao=0x2c24b4ecd69cf38a71725a8180bb8f24208a60a7055f8aed9d92c8d2f490142f service=relay/api timestamp=1733519075 version=6fc57d1-dev withdrawalsRoot=0x792930bbd5baac43bcc798ee49aa8185ef76bb3b44ba62b91d86ae569e4bb535
time="2024-12-06T21:04:33Z" level=debug msg="getHeader request received" headSlot=80 method=getHeader mevBoostV=v1.8.1 msIntoSlot=3 parentHash=0x56a64c298d8dd02530a6626abd404037fbe7685bc67782024bb3f3880b5689a6 pubkey=0xb97ecbcfe8c52b9bcdca9e75da13c5650b751b037c570934ea6b6441ff32de6566c50dafc0557e63105b2ee7e8cbb39e requestTimestamp=1733519073 service=relay/api slot=81 slotStartSec=1733519073 ua="mev-boost/v1.8.1 Lighthouse/v5.3.0-2e0eb6d" version=6fc57d1-dev
time="2024-12-06T21:04:33Z" level=error msg="bid was empty, skipping PROF augmentation" error="<nil>" headSlot=80 method=getHeader mevBoostV=v1.8.1 msIntoSlot=3 parentHash=0x56a64c298d8dd02530a6626abd404037fbe7685bc67782024bb3f3880b5689a6 pubkey=0xb97ecbcfe8c52b9bcdca9e75da13c5650b751b037c570934ea6b6441ff32de6566c50dafc0557e63105b2ee7e8cbb39e requestTimestamp=1733519073 service=relay/api slot=81 slotStartSec=1733519073 ua="mev-boost/v1.8.1 Lighthouse/v5.3.0-2e0eb6d" version=6fc57d1-dev
time="2024-12-06T21:04:33Z" level=info msg="http: GET /eth/v1/builder/header/81/0x56a64c298d8dd02530a6626abd404037fbe7685bc67782024bb3f3880b5689a6/0xb97ecbcfe8c52b9bcdca9e75da13c5650b751b037c570934ea6b6441ff32de6566c50dafc0557e63105b2ee7e8cbb39e 204" duration=0.000336 method=GET path=/eth/v1/builder/header/81/0x56a64c298d8dd02530a6626abd404037fbe7685bc67782024bb3f3880b5689a6/0xb97ecbcfe8c52b9bcdca9e75da13c5650b751b037c570934ea6b6441ff32de6566c50dafc0557e63105b2ee7e8cbb39e service=relay/api status=204 version=6fc57d1-dev
time="2024-12-06T21:04:33Z" level=info msg="updated headSlot to 81" epoch=2 service=relay/api slotHead=81 slotStartNextEpoch=96 version=6fc57d1-dev
time="2024-12-06T21:04:33Z" level=debug msg="RefreshKnownValidators init" datastoreMethod=RefreshKnownValidators headSlot=81 headSlotPos=18 lastUpdateSlot=67 service=relay/api version=6fc57d1-dev
time="2024-12-06T21:04:33Z" level=debug msg="Updating builder cache with 1 builders from database" service=relay/api version=6fc57d1-dev
time="2024-12-06T21:04:33Z" level=info msg="payload attributes received for slot: 82" service=relay/api version=6fc57d1-dev
time="2024-12-06T21:04:33Z" level=info msg="updated payload attributes" headSlot=81 payloadAttrParent=0x09e7eda88fcbddfdf574b8fa37770b48f0a797ddc4cab547687ee7b0992c7cf2 payloadAttrSlot=82 randao=0x437456d04b6ddb9cde2dbf8fe1af68df96df3730d91bcb58c0629b72cd4c6863 service=relay/api timestamp=1733519075 version=6fc57d1-dev withdrawalsRoot=0x792930bbd5baac43bcc798ee49aa8185ef76bb3b44ba62b91d86ae569e4bb535
time="2024-12-06T21:04:33Z" level=info msg="request initiated" cancellationEnabled=false contentLength=8597 headSlot=81 method=submitNewBlock service=relay/api timestampRequestStart=1733519073566 version=6fc57d1-dev
time="2024-12-06T21:04:33Z" level=info msg="block validation successful" blobGasUsed=0 blockHash=0x5aa45a7a83872851d6f1f9b72a8fb9e8ea2a2d89df3032b180e6c89acab84a92 builderIsHighPrio=false builderPubkey=0xaa1488eae4b06a1fff840a2b6db167afc520758dc2c8af0dfb57037954df3431b747e2f900fe8805f05d635e9a29717b cancellationEnabled=false contentLength=8597 durationMs=10 excessBlobGas=0 fastTrackValidation=false headSlot=81 isLargeRequest=false method=submitNewBlock newBidIsTopBid=true numBlobs=0 numTx=28 numWaiting=0 parentHash=0x09e7eda88fcbddfdf574b8fa37770b48f0a797ddc4cab547687ee7b0992c7cf2 payloadBytes=8597 proposerPubkey=0x889fd954b35f31ea3f3eca4496ba13b9678a527e4d3137c8aea484b4d741886bdfff59f99a89721165f5ba7c9f5a366b reqContentType=json reqIsGzip=false service=relay/api slot=82 timestampAfterCheckingFloorBid=1733519073570 timestampAfterCheckingTopBid=1733519073570 timestampAfterDecoding=1733519073567 timestampAfterSignatureCheck=1733519073569 timestampBeforeCheckingFloorBid=1733519073569 timestampBeforeCheckingTopBid=1733519073570 timestampBeforeSignatureCheck=1733519073567 timestampBeforeValidation=1733519073570 timestampRequestStart=1733519073566 topBidValue=0 value=853046282781000 version=6fc57d1-dev
time="2024-12-06T21:04:33Z" level=info msg="received block from builder" blobGasUsed=0 blockHash=0x5aa45a7a83872851d6f1f9b72a8fb9e8ea2a2d89df3032b180e6c89acab84a92 builderIsHighPrio=false builderPubkey=0xaa1488eae4b06a1fff840a2b6db167afc520758dc2c8af0dfb57037954df3431b747e2f900fe8805f05d635e9a29717b cancellationEnabled=false contentLength=8597 excessBlobGas=0 fastTrackValidation=false headSlot=81 isLargeRequest=false method=submitNewBlock newBidIsTopBid=true numBlobs=0 numTx=28 parentHash=0x09e7eda88fcbddfdf574b8fa37770b48f0a797ddc4cab547687ee7b0992c7cf2 payloadBytes=8597 prevTopBidValue=0 profileDecodeUs=695 profilePrechecksUs=3126 profileRedisSavePayloadUs=46 profileRedisUpdateFloorUs=150 profileRedisUpdateTopBidUs=1243 profileRedisUs=3724 profileSimUs=10405 profileTotalUs=18211 proposerPubkey=0x889fd954b35f31ea3f3eca4496ba13b9678a527e4d3137c8aea484b4d741886bdfff59f99a89721165f5ba7c9f5a366b reqContentType=json reqIsGzip=false service=relay/api slot=82 timestampAfterBidUpdate=1733519073584 timestampAfterCheckingFloorBid=1733519073570 timestampAfterCheckingTopBid=1733519073570 timestampAfterDecoding=1733519073567 timestampAfterSignatureCheck=1733519073569 timestampAfterValidation=1733519073581 timestampBeforeCheckingFloorBid=1733519073569 timestampBeforeCheckingTopBid=1733519073570 timestampBeforeSignatureCheck=1733519073567 timestampBeforeValidation=1733519073570 timestampEligibleAt=1733519073584 timestampRequestStart=1733519073566 topBidValue=853046282781000 validationDurationMs=10 value=853046282781000 version=6fc57d1-dev wasBidSavedInRedis=true wasTopBidUpdated=true
time="2024-12-06T21:04:33Z" level=info msg="request finished" blobGasUsed=0 blockHash=0x5aa45a7a83872851d6f1f9b72a8fb9e8ea2a2d89df3032b180e6c89acab84a92 builderIsHighPrio=false builderPubkey=0xaa1488eae4b06a1fff840a2b6db167afc520758dc2c8af0dfb57037954df3431b747e2f900fe8805f05d635e9a29717b cancellationEnabled=false contentLength=8597 excessBlobGas=0 fastTrackValidation=false headSlot=81 isLargeRequest=false method=submitNewBlock newBidIsTopBid=true numBlobs=0 numTx=28 parentHash=0x09e7eda88fcbddfdf574b8fa37770b48f0a797ddc4cab547687ee7b0992c7cf2 payloadBytes=8597 prevTopBidValue=0 profileRedisSavePayloadUs=46 profileRedisUpdateFloorUs=150 profileRedisUpdateTopBidUs=1243 proposerPubkey=0x889fd954b35f31ea3f3eca4496ba13b9678a527e4d3137c8aea484b4d741886bdfff59f99a89721165f5ba7c9f5a366b reqContentType=json reqIsGzip=false requestDurationMs=28 service=relay/api slot=82 timestampAfterBidUpdate=1733519073584 timestampAfterCheckingFloorBid=1733519073570 timestampAfterCheckingTopBid=1733519073570 timestampAfterDecoding=1733519073567 timestampAfterSignatureCheck=1733519073569 timestampAfterValidation=1733519073581 timestampBeforeCheckingFloorBid=1733519073569 timestampBeforeCheckingTopBid=1733519073570 timestampBeforeSignatureCheck=1733519073567 timestampBeforeValidation=1733519073570 timestampEligibleAt=1733519073584 timestampRequestFin=1733519073594 timestampRequestStart=1733519073566 topBidValue=853046282781000 validationDurationMs=10 value=853046282781000 version=6fc57d1-dev wasBidSavedInRedis=true wasTopBidUpdated=true
time="2024-12-06T21:04:33Z" level=info msg="http: POST /relay/v1/builder/blocks 200" duration=0.028771 method=POST path=/relay/v1/builder/blocks service=relay/api status=200 version=6fc57d1-dev
time="2024-12-06T21:04:34Z" level=info msg="request initiated" cancellationEnabled=false contentLength=15761 headSlot=81 method=submitNewBlock service=relay/api timestampRequestStart=1733519074067 version=6fc57d1-dev
time="2024-12-06T21:04:34Z" level=info msg="block validation successful" blobGasUsed=0 blockHash=0x8d0f51b100d9565e78b486860e2b7ebd6a3fc77d85daaace3d265d23c60dc6a5 builderIsHighPrio=false builderPubkey=0xaa1488eae4b06a1fff840a2b6db167afc520758dc2c8af0dfb57037954df3431b747e2f900fe8805f05d635e9a29717b cancellationEnabled=false contentLength=15761 durationMs=17 excessBlobGas=0 fastTrackValidation=false headSlot=81 isLargeRequest=false method=submitNewBlock newBidIsTopBid=true numBlobs=0 numTx=59 numWaiting=0 parentHash=0x09e7eda88fcbddfdf574b8fa37770b48f0a797ddc4cab547687ee7b0992c7cf2 payloadBytes=15761 proposerPubkey=0x889fd954b35f31ea3f3eca4496ba13b9678a527e4d3137c8aea484b4d741886bdfff59f99a89721165f5ba7c9f5a366b reqContentType=json reqIsGzip=false service=relay/api slot=82 timestampAfterCheckingFloorBid=1733519074071 timestampAfterCheckingTopBid=1733519074071 timestampAfterDecoding=1733519074068 timestampAfterSignatureCheck=1733519074070 timestampBeforeCheckingFloorBid=1733519074070 timestampBeforeCheckingTopBid=1733519074071 timestampBeforeSignatureCheck=1733519074068 timestampBeforeValidation=1733519074071 timestampRequestStart=1733519074067 topBidValue=853046282781000 value=1832470945200000 version=6fc57d1-dev
time="2024-12-06T21:04:34Z" level=info msg="received block from builder" blobGasUsed=0 blockHash=0x8d0f51b100d9565e78b486860e2b7ebd6a3fc77d85daaace3d265d23c60dc6a5 builderIsHighPrio=false builderPubkey=0xaa1488eae4b06a1fff840a2b6db167afc520758dc2c8af0dfb57037954df3431b747e2f900fe8805f05d635e9a29717b cancellationEnabled=false contentLength=15761 excessBlobGas=0 fastTrackValidation=false headSlot=81 isLargeRequest=false method=submitNewBlock newBidIsTopBid=true numBlobs=0 numTx=59 parentHash=0x09e7eda88fcbddfdf574b8fa37770b48f0a797ddc4cab547687ee7b0992c7cf2 payloadBytes=15761 prevTopBidValue=853046282781000 profileDecodeUs=1067 profilePrechecksUs=3087 profileRedisSavePayloadUs=210 profileRedisUpdateFloorUs=224 profileRedisUpdateTopBidUs=769 profileRedisUs=4072 profileSimUs=17731 profileTotalUs=26165 proposerPubkey=0x889fd954b35f31ea3f3eca4496ba13b9678a527e4d3137c8aea484b4d741886bdfff59f99a89721165f5ba7c9f5a366b reqContentType=json reqIsGzip=false service=relay/api slot=82 timestampAfterBidUpdate=1733519074093 timestampAfterCheckingFloorBid=1733519074071 timestampAfterCheckingTopBid=1733519074071 timestampAfterDecoding=1733519074068 timestampAfterSignatureCheck=1733519074070 timestampAfterValidation=1733519074089 timestampBeforeCheckingFloorBid=1733519074070 timestampBeforeCheckingTopBid=1733519074071 timestampBeforeSignatureCheck=1733519074068 timestampBeforeValidation=1733519074071 timestampEligibleAt=1733519074093 timestampRequestStart=1733519074067 topBidValue=1832470945200000 validationDurationMs=17 value=1832470945200000 version=6fc57d1-dev wasBidSavedInRedis=true wasTopBidUpdated=true
time="2024-12-06T21:04:34Z" level=info msg="request finished" blobGasUsed=0 blockHash=0x8d0f51b100d9565e78b486860e2b7ebd6a3fc77d85daaace3d265d23c60dc6a5 builderIsHighPrio=false builderPubkey=0xaa1488eae4b06a1fff840a2b6db167afc520758dc2c8af0dfb57037954df3431b747e2f900fe8805f05d635e9a29717b cancellationEnabled=false contentLength=15761 excessBlobGas=0 fastTrackValidation=false headSlot=81 isLargeRequest=false method=submitNewBlock newBidIsTopBid=true numBlobs=0 numTx=59 parentHash=0x09e7eda88fcbddfdf574b8fa37770b48f0a797ddc4cab547687ee7b0992c7cf2 payloadBytes=15761 prevTopBidValue=853046282781000 profileRedisSavePayloadUs=210 profileRedisUpdateFloorUs=224 profileRedisUpdateTopBidUs=769 proposerPubkey=0x889fd954b35f31ea3f3eca4496ba13b9678a527e4d3137c8aea484b4d741886bdfff59f99a89721165f5ba7c9f5a366b reqContentType=json reqIsGzip=false requestDurationMs=34 service=relay/api slot=82 timestampAfterBidUpdate=1733519074093 timestampAfterCheckingFloorBid=1733519074071 timestampAfterCheckingTopBid=1733519074071 timestampAfterDecoding=1733519074068 timestampAfterSignatureCheck=1733519074070 timestampAfterValidation=1733519074089 timestampBeforeCheckingFloorBid=1733519074070 timestampBeforeCheckingTopBid=1733519074071 timestampBeforeSignatureCheck=1733519074068 timestampBeforeValidation=1733519074071 timestampEligibleAt=1733519074093 timestampRequestFin=1733519074101 timestampRequestStart=1733519074067 topBidValue=1832470945200000 validationDurationMs=17 value=1832470945200000 version=6fc57d1-dev wasBidSavedInRedis=true wasTopBidUpdated=true
time="2024-12-06T21:04:34Z" level=info msg="http: POST /relay/v1/builder/blocks 200" duration=0.034696 method=POST path=/relay/v1/builder/blocks service=relay/api status=200 version=6fc57d1-dev
time="2024-12-06T21:04:34Z" level=info msg="request initiated" cancellationEnabled=false contentLength=22920 headSlot=81 method=submitNewBlock service=relay/api timestampRequestStart=1733519074569 version=6fc57d1-dev
time="2024-12-06T21:04:34Z" level=info msg="block validation successful" blobGasUsed=0 blockHash=0x219d974c233778c3559916e20fa3a5e2c2218acc39a0bb6a87e728a99721665e builderIsHighPrio=false builderPubkey=0xaa1488eae4b06a1fff840a2b6db167afc520758dc2c8af0dfb57037954df3431b747e2f900fe8805f05d635e9a29717b cancellationEnabled=false contentLength=22920 durationMs=15 excessBlobGas=0 fastTrackValidation=false headSlot=81 isLargeRequest=false method=submitNewBlock newBidIsTopBid=true numBlobs=0 numTx=90 numWaiting=0 parentHash=0x09e7eda88fcbddfdf574b8fa37770b48f0a797ddc4cab547687ee7b0992c7cf2 payloadBytes=22920 proposerPubkey=0x889fd954b35f31ea3f3eca4496ba13b9678a527e4d3137c8aea484b4d741886bdfff59f99a89721165f5ba7c9f5a366b reqContentType=json reqIsGzip=false service=relay/api slot=82 timestampAfterCheckingFloorBid=1733519074574 timestampAfterCheckingTopBid=1733519074574 timestampAfterDecoding=1733519074571 timestampAfterSignatureCheck=1733519074573 timestampBeforeCheckingFloorBid=1733519074573 timestampBeforeCheckingTopBid=1733519074574 timestampBeforeSignatureCheck=1733519074571 timestampBeforeValidation=1733519074574 timestampRequestStart=1733519074569 topBidValue=1832470945200000 value=2811895607619000 version=6fc57d1-dev
time="2024-12-06T21:04:34Z" level=info msg="received block from builder" blobGasUsed=0 blockHash=0x219d974c233778c3559916e20fa3a5e2c2218acc39a0bb6a87e728a99721665e builderIsHighPrio=false builderPubkey=0xaa1488eae4b06a1fff840a2b6db167afc520758dc2c8af0dfb57037954df3431b747e2f900fe8805f05d635e9a29717b cancellationEnabled=false contentLength=22920 excessBlobGas=0 fastTrackValidation=false headSlot=81 isLargeRequest=false method=submitNewBlock newBidIsTopBid=true numBlobs=0 numTx=90 parentHash=0x09e7eda88fcbddfdf574b8fa37770b48f0a797ddc4cab547687ee7b0992c7cf2 payloadBytes=22920 prevTopBidValue=1832470945200000 profileDecodeUs=1388 profilePrechecksUs=2846 profileRedisSavePayloadUs=288 profileRedisUpdateFloorUs=75 profileRedisUpdateTopBidUs=853 profileRedisUs=4240 profileSimUs=16100 profileTotalUs=24897 proposerPubkey=0x889fd954b35f31ea3f3eca4496ba13b9678a527e4d3137c8aea484b4d741886bdfff59f99a89721165f5ba7c9f5a366b reqContentType=json reqIsGzip=false service=relay/api slot=82 timestampAfterBidUpdate=1733519074594 timestampAfterCheckingFloorBid=1733519074574 timestampAfterCheckingTopBid=1733519074574 timestampAfterDecoding=1733519074571 timestampAfterSignatureCheck=1733519074573 timestampAfterValidation=1733519074590 timestampBeforeCheckingFloorBid=1733519074573 timestampBeforeCheckingTopBid=1733519074574 timestampBeforeSignatureCheck=1733519074571 timestampBeforeValidation=1733519074574 timestampEligibleAt=1733519074594 timestampRequestStart=1733519074569 topBidValue=2811895607619000 validationDurationMs=16 value=2811895607619000 version=6fc57d1-dev wasBidSavedInRedis=true wasTopBidUpdated=true
time="2024-12-06T21:04:34Z" level=info msg="request finished" blobGasUsed=0 blockHash=0x219d974c233778c3559916e20fa3a5e2c2218acc39a0bb6a87e728a99721665e builderIsHighPrio=false builderPubkey=0xaa1488eae4b06a1fff840a2b6db167afc520758dc2c8af0dfb57037954df3431b747e2f900fe8805f05d635e9a29717b cancellationEnabled=false contentLength=22920 excessBlobGas=0 fastTrackValidation=false headSlot=81 isLargeRequest=false method=submitNewBlock newBidIsTopBid=true numBlobs=0 numTx=90 parentHash=0x09e7eda88fcbddfdf574b8fa37770b48f0a797ddc4cab547687ee7b0992c7cf2 payloadBytes=22920 prevTopBidValue=1832470945200000 profileRedisSavePayloadUs=288 profileRedisUpdateFloorUs=75 profileRedisUpdateTopBidUs=853 proposerPubkey=0x889fd954b35f31ea3f3eca4496ba13b9678a527e4d3137c8aea484b4d741886bdfff59f99a89721165f5ba7c9f5a366b reqContentType=json reqIsGzip=false requestDurationMs=32 service=relay/api slot=82 timestampAfterBidUpdate=1733519074594 timestampAfterCheckingFloorBid=1733519074574 timestampAfterCheckingTopBid=1733519074574 timestampAfterDecoding=1733519074571 timestampAfterSignatureCheck=1733519074573 timestampAfterValidation=1733519074590 timestampBeforeCheckingFloorBid=1733519074573 timestampBeforeCheckingTopBid=1733519074574 timestampBeforeSignatureCheck=1733519074571 timestampBeforeValidation=1733519074574 timestampEligibleAt=1733519074594 timestampRequestFin=1733519074602 timestampRequestStart=1733519074569 topBidValue=2811895607619000 validationDurationMs=16 value=2811895607619000 version=6fc57d1-dev wasBidSavedInRedis=true wasTopBidUpdated=true
time="2024-12-06T21:04:34Z" level=info msg="http: POST /relay/v1/builder/blocks 200" duration=0.032993 method=POST path=/relay/v1/builder/blocks service=relay/api status=200 version=6fc57d1-dev
time="2024-12-06T21:04:35Z" level=info msg="payload attributes received for slot: 83" service=relay/api version=6fc57d1-dev
time="2024-12-06T21:04:35Z" level=info msg="updated payload attributes" headSlot=81 payloadAttrParent=0x09e7eda88fcbddfdf574b8fa37770b48f0a797ddc4cab547687ee7b0992c7cf2 payloadAttrSlot=83 randao=0x437456d04b6ddb9cde2dbf8fe1af68df96df3730d91bcb58c0629b72cd4c6863 service=relay/api timestamp=1733519077 version=6fc57d1-dev withdrawalsRoot=0x792930bbd5baac43bcc798ee49aa8185ef76bb3b44ba62b91d86ae569e4bb535
time="2024-12-06T21:04:35Z" level=debug msg="getHeader request received" headSlot=81 method=getHeader mevBoostV=v1.8.1 msIntoSlot=5 parentHash=0x09e7eda88fcbddfdf574b8fa37770b48f0a797ddc4cab547687ee7b0992c7cf2 pubkey=0x889fd954b35f31ea3f3eca4496ba13b9678a527e4d3137c8aea484b4d741886bdfff59f99a89721165f5ba7c9f5a366b requestTimestamp=1733519075 service=relay/api slot=82 slotStartSec=1733519075 ua="mev-boost/v1.8.1 Lighthouse/v5.3.0-2e0eb6d" version=6fc57d1-dev
time="2024-12-06T21:04:35Z" level=debug msg="getPayload response from redis" datastoreMethod=GetGetPayloadResponse headSlot=81 method=getHeader mevBoostV=v1.8.1 msIntoSlot=5 parentHash=0x09e7eda88fcbddfdf574b8fa37770b48f0a797ddc4cab547687ee7b0992c7cf2 pubkey=0x889fd954b35f31ea3f3eca4496ba13b9678a527e4d3137c8aea484b4d741886bdfff59f99a89721165f5ba7c9f5a366b requestTimestamp=1733519075 service=relay/api slot=82 slotStartSec=1733519075 ua="mev-boost/v1.8.1 Lighthouse/v5.3.0-2e0eb6d" version=6fc57d1-dev
time="2024-12-06T21:04:35Z" level=info msg="parent beacon root found in payload attributes" service=relay/api version=6fc57d1-dev
time="2024-12-06T21:04:35Z" level=info msg="enrich block response received / responseuuid:\"e07c63b5-483c-4904-b529-f089d8c11cdf\" executionPayloadHeader:{ParentHash:\"\\t\\xe7\\xed\\xa8\\x8f\\xcb\\xdd\\xfd\\xf5t\\xb8\\xfa7w\\x0bH\\xf0\\xa7\\x97\\xdd\\xc4ʵGh~簙,|\\xf2\" StateRoot:\"_\\x05\\x03\\xac\\x8cA\\xa1\\xe17JA\\xdb4\\x97]A*@\\xfa\\xaf[J2\\x17\\xeb(\\xf66\\xda\\xfee\\xc2\" ReceiptsRoot:\"\\xb5ϖ\\xbd\\x1f\\xa9q\\xfc\\n\\xd6\\xd5+\\xb1\\xfd\\x94\\xaa@\\xdf\\xd3.h\\x15_5\\xb19\\x98O\\xe7dO)\" LogsBloom:\"@ \\x00\\x00\\x00\\x00\\x00\\x00\\x00\\x00\\x00\\x00\\x80\\x00\\x00\\x00\\x00\\x00\\x00\\x00\\x00\\x01\\x00\\x00\\x01\\x00\\x00\\x00\\x00@\\x08\\x00\\x00\\x00\\x00\\x00\\x00\\x00\\x00\\x00\\x00\\x00\\x00\\x00\\x00\\x00 \\x00\\x00\\x80\\x00\\x00\\x00\\x00\\x00\\x00\\x00\\x00\\x00\\x00 \\x00\\x00\\x00\\x00\\x00\\x00\\x00\\x00\\x00\\x00\\x00\\x00\\x00 \\x08\\x00\\x00\\x00 \\x00\\x00\\x00\\x00\\x00\\x00\\x00\\x00\\x00\\x02\\x00\\x00\\x00\\x00\\x00\\x00\\x00\\x00\\x00\\x00\\x00 \\x00\\x00\\x08\\x00\\x00\\x00\\x10\\x00\\x00\\x00\\x00\\x00\\x00\\x00\\x00\\x00\\x00\\x00\\x00\\x00\\x00\\x10\\x00\\x00\\x00\\x00\\x00\\x00\\x00\\x00\\x00\\x00\\x00\\x00\\x00\\x00\\x00\\x00\\x00\\x00\\x00\\x00\\x00\\x00\\x00\\x00\\x00\\x00\\x00\\x08\\x00\\x00\\x00@\\x00\\x02\\x00\\x00\\x00\\x00\\x00\\x00\\x00\\x00\\x04\\x00\\x00\\x00\\x00\\x00\\x00\\x00\\x00@\\x00\\x00\\x00\\x00\\x00\\x00\\x00\\x00\\x00\\x00\\x00\\x00\\x00\\x00\\x00\\x00\\x00\\x00\\x10\\x02\\x00\\x00\\x00\\x00\\x00\\x00\\x00\\x00\\x00\\x00\\x00\\x00\\x00\\x00\\x00 \\x00\\x00\\x00\\x10\\x00\\x00\\x00\\x00\\x00\\x00\\x00\\x00\\x00\\x00\\x00\\x00\\x00\\x00\\x00\\x00\\x00\\x00\\x00\\x00\\x00\\x00\\x00\\x00\\x00\\x00\\x00\\x00\\x00\\x00\\x00\\x00\\x00\\x00\\x00\\x00\\x00\\x00\\x00\\x00\" PrevRandao:\"CtV\\xd0Kmۜ\\xde-\\xbf\\x8f\\xe1\\xafhߖ\\xdf70\\xd9\\x1b\\xcbX\\xc0b\\x9br\\xcdLhc\" ExtraData:\"Illuminate Dmocratize Dstribute\" BaseFeePerGas:\"\\xba\\xba\" FeeRecipient:\"\\x89CTQw\\x80n\\xd1{\\x9f#\\xf0\\xa2\\x1e唎ʧv\" BlockHash:\"Gh+xB]\\xb4\\x15\\xc1\\t\\xf9\\xe8\\x0cQǥ\\xabӮ,s\\x02\\x9d^\\xe8\\xec\\xb9\\xec\\x16\\xe3\\x95d\" TransactionsRoot:\"f\\x94nn\\x1ce2\\xad~T\\x98\\x82\\xd45\\xd6\\xc0\\xe2#u;\\xd4\\x0ey%\\x83\\x80\\x84\\xfc\\x15ʦ-\" WithdrawalsRoot:\"y)0\\xbbպ\\xacC\\xbcǘ\\xeeI\\xaa\\x81\\x85\\xefv\\xbb;D\\xbab\\xb9\\x1d\\x86\\xaeV\\x9eK\\xb55\" BlockNumber:82 GasLimit:27083109 Timestamp:1733519075 GasUsed:1997343} value:3348610607619000" service=relay/api version=6fc57d1-dev
time="2024-12-06T21:04:35Z" level=info msg="bid enriched with PROF" service=relay/api value=3348610607619000 version=6fc57d1-dev
time="2024-12-06T21:04:35Z" level=info msg="SUCCESS: bid enriched with PROF" enrichedHeader="{[9 231 237 168 143 203 221 253 245 116 184 250 55 119 11 72 240 167 151 221 196 202 181 71 104 126 231 176 153 44 124 242] [137 67 84 81 119 128 110 209 123 159 35 240 162 30 229 148 142 202 167 118] [95 5 3 172 140 65 161 225 55 74 65 219 52 151 93 65 42 64 250 175 91 74 50 23 235 40 246 54 218 254 101 194] [181 207 150 189 31 169 113 252 10 214 213 43 177 253 148 170 64 223 211 46 104 21 95 53 177 57 152 79 231 100 79 41] [64 32 0 0 0 0 0 0 0 0 0 0 128 0 0 0 0 0 0 0 0 1 0 0 1 0 0 0 0 64 8 0 0 0 0 0 0 0 0 0 0 0 0 0 0 0 32 0 0 128 0 0 0 0 0 0 0 0 0 0 32 0 0 0 0 0 0 0 0 0 0 0 0 0 32 8 0 0 0 32 0 0 0 0 0 0 0 0 0 2 0 0 0 0 0 0 0 0 0 0 0 32 0 0 8 0 0 0 16 0 0 0 0 0 0 0 0 0 0 0 0 0 0 16 0 0 0 0 0 0 0 0 0 0 0 0 0 0 0 0 0 0 0 0 0 0 0 0 0 0 0 8 0 0 0 64 0 2 0 0 0 0 0 0 0 0 4 0 0 0 0 0 0 0 0 64 0 0 0 0 0 0 0 0 0 0 0 0 0 0 0 0 0 0 16 2 0 0 0 0 0 0 0 0 0 0 0 0 0 0 0 32 0 0 0 16 0 0 0 0 0 0 0 0 0 0 0 0 0 0 0 0 0 0 0 0 0 0 0 0 0 0 0 0 0 0 0 0 0 0 0 0 0 0 0 0] [67 116 86 208 75 109 219 156 222 45 191 143 225 175 104 223 150 223 55 48 217 27 203 88 192 98 155 114 205 76 104 99] 82 27083109 1997343 1733519075 [73 108 108 117 109 105 110 97 116 101 32 68 109 111 99 114 97 116 105 122 101 32 68 115 116 114 105 98 117 116 101] 47802 [71 104 43 120 66 93 180 21 193 9 249 232 12 81 199 165 171 211 174 44 115 2 157 94 232 236 185 236 22 227 149 100] [102 148 110 110 28 101 50 173 126 84 152 130 212 53 214 192 226 35 117 59 212 14 121 37 131 128 132 252 21 202 166 45] [121 41 48 187 213 186 172 67 188 199 152 238 73 170 129 133 239 118 187 59 68 186 98 185 29 134 174 86 158 75 181 53] 0 0}" headSlot=81 method=getHeader mevBoostV=v1.8.1 msIntoSlot=5 parentHash=0x09e7eda88fcbddfdf574b8fa37770b48f0a797ddc4cab547687ee7b0992c7cf2 pubkey=0x889fd954b35f31ea3f3eca4496ba13b9678a527e4d3137c8aea484b4d741886bdfff59f99a89721165f5ba7c9f5a366b requestTimestamp=1733519075 service=relay/api slot=82 slotStartSec=1733519075 ua="mev-boost/v1.8.1 Lighthouse/v5.3.0-2e0eb6d" version=6fc57d1-dev
time="2024-12-06T21:04:35Z" level=info msg="TIME: bid enriched with PROF" enrichTime=50.770649ms headSlot=81 method=getHeader mevBoostV=v1.8.1 msIntoSlot=5 parentHash=0x09e7eda88fcbddfdf574b8fa37770b48f0a797ddc4cab547687ee7b0992c7cf2 pubkey=0x889fd954b35f31ea3f3eca4496ba13b9678a527e4d3137c8aea484b4d741886bdfff59f99a89721165f5ba7c9f5a366b requestTimestamp=1733519075 service=relay/api slot=82 slotStartSec=1733519075 ua="mev-boost/v1.8.1 Lighthouse/v5.3.0-2e0eb6d" version=6fc57d1-dev
time="2024-12-06T21:04:35Z" level=info msg="Original Bid" bid=2811895607619000 headSlot=81 method=getHeader mevBoostV=v1.8.1 msIntoSlot=5 parentHash=0x09e7eda88fcbddfdf574b8fa37770b48f0a797ddc4cab547687ee7b0992c7cf2 pubkey=0x889fd954b35f31ea3f3eca4496ba13b9678a527e4d3137c8aea484b4d741886bdfff59f99a89721165f5ba7c9f5a366b requestTimestamp=1733519075 service=relay/api slot=82 slotStartSec=1733519075 ua="mev-boost/v1.8.1 Lighthouse/v5.3.0-2e0eb6d" version=6fc57d1-dev
time="2024-12-06T21:04:35Z" level=info msg="Enriched Bid" enrichedBid=3348610607619000 headSlot=81 method=getHeader mevBoostV=v1.8.1 msIntoSlot=5 parentHash=0x09e7eda88fcbddfdf574b8fa37770b48f0a797ddc4cab547687ee7b0992c7cf2 pubkey=0x889fd954b35f31ea3f3eca4496ba13b9678a527e4d3137c8aea484b4d741886bdfff59f99a89721165f5ba7c9f5a366b requestTimestamp=1733519075 service=relay/api slot=82 slotStartSec=1733519075 ua="mev-boost/v1.8.1 Lighthouse/v5.3.0-2e0eb6d" version=6fc57d1-dev
time="2024-12-06T21:04:35Z" level=info msg="http: GET /eth/v1/builder/header/82/0x09e7eda88fcbddfdf574b8fa37770b48f0a797ddc4cab547687ee7b0992c7cf2/0x889fd954b35f31ea3f3eca4496ba13b9678a527e4d3137c8aea484b4d741886bdfff59f99a89721165f5ba7c9f5a366b 200" duration=0.054072 method=GET path=/eth/v1/builder/header/82/0x09e7eda88fcbddfdf574b8fa37770b48f0a797ddc4cab547687ee7b0992c7cf2/0x889fd954b35f31ea3f3eca4496ba13b9678a527e4d3137c8aea484b4d741886bdfff59f99a89721165f5ba7c9f5a366b service=relay/api status=200 version=6fc57d1-dev
time="2024-12-06T21:04:35Z" level=info msg="request initiated --> handleGetPayload" contentLength=3484 headSlot=81 headSlotEpochPos=18 idArg= method=getPayload mevBoostV=v1.8.1 service=relay/api timestampRequestStart=1733519075102 ua="mev-boost/v1.8.1 Lighthouse/v5.3.0-2e0eb6d" version=6fc57d1-dev
time="2024-12-06T21:04:35Z" level=info msg="getPayload request received" blockHash=0x47682b78425db415c109f9e80c51c7a5abd3ae2c73029d5ee8ecb9ec16e39564 contentLength=3484 feeRecipient=0x8943545177806ED17B9F23F0a21ee5948eCaa776 headSlot=81 headSlotEpochPos=18 idArg= method=getPayload mevBoostV=v1.8.1 msIntoSlot=103 proposerIndex=99 proposerPubkey=0x889fd954b35f31ea3f3eca4496ba13b9678a527e4d3137c8aea484b4d741886bdfff59f99a89721165f5ba7c9f5a366b service=relay/api slot=82 slotEpochPos=19 slotStartSec=1733519075 timestampAfterDecode=1733519075103 timestampAfterSignatureVerify=1733519075105 timestampRequestStart=1733519075102 ua="mev-boost/v1.8.1 Lighthouse/v5.3.0-2e0eb6d" version=6fc57d1-dev
getPayloadFromProf called!!!
getPayloadResponse returning payload from bundle merger: &{Version:deneb Bellatrix:null
 Capella:null
 Deneb:{execution_payload: {parent_hash: '0x09e7eda88fcbddfdf574b8fa37770b48f0a797ddc4cab547687ee7b0992c7cf2', fee_recipient: '0x8943545177806ED17B9F23F0a21ee5948eCaa776', state_root: '0x5f0503ac8c41a1e1374a41db34975d412a40faaf5b4a3217eb28f636dafe65c2', receipts_root: '0xb5cf96bd1fa971fc0ad6d52bb1fd94aa40dfd32e68155f35b139984fe7644f29', logs_bloom: '0x40200000000000000000000080000000000000000001000001000000004008000000000000000000000000000000200000800000000000000000000020000000000000000000000000002008000000200000000000000000000200000000000000000000002000000800000010000000000000000000000000000010000000000000000000000000000000000000000000000000000000080000004000020000000000000000040000000000000000400000000000000000000000000000000000001002000000000000000000000000000000200000001000000000000000000000000000000000000000000000000000000000000000000000000000000000', prev_randao: '0x437456d04b6ddb9cde2dbf8fe1af68df96df3730d91bcb58c0629b72cd4c6863', block_number: 82, gas_limit: 27083109, gas_used: 1997343, timestamp: 1733519075, extra_data: '0x496c6c756d696e61746520446d6f63726174697a6520447374726962757465', base_fee_per_gas: '47802', block_hash: '0x47682b78425db415c109f9e80c51c7a5abd3ae2c73029d5ee8ecb9ec16e39564', transactions: ['0xf86f8202bc8459ad76d3825208946177843db3138ae69679a54b95cf345ed759450d870aa87bee538000808360306ca06260215a4db8e29dc7e0358afab3377b9cdd65817cd12b46fed789c3e8a3b4eaa0702738b66194e637ad7a30e1a8cf1528351a12d99da167f7062399bfac00ec5c', '0xf86f8202bd8459ad76d382520894687704db07e902e9a8b3754031d168d46e3d586e870aa87bee538000808360306ca0a6460067adfadfa101ad7594091d84b387e0f880c5f9065779a084ca1388726ba042e7d405d390ad906142f7e4c9c687823779ce7326a974f81103698df3071b51', '0xf86f8202be8459ad76d38252089415e6a5a2e131dd5467fa1ff3acd104f45ee5940b870aa87bee538000808360306ca0805b099c8881070e3d787334f9bb340a70e34bbd454bc30a43f0193bb29b21f3a019357db46086c46e27d1ef12ccf169c63d3a250af7e7718bb2124cb3b1a3a266', '0xf86f8202bf8459ad76d38252089480c4c7125967139acaa931ee984a9db4100e0f3b870aa87bee538000808360306ca0e860c69c059fe051518c7c4b05f4cd6ee1fd83f3e8e2bb88afa1b9fa412cf05da07fd7b22508d8acdff7ca019d8495a43355ffd3db3ecf05591adefc33dad05c42', '0xf86f8202c08459ad76d382520894d08a63244fcd28b0aec5075052cdce31ba04fead870aa87bee538000808360306ca06dfa5b21746c0b8f2b9b5456e2fd026396053b11adc3665f3c6b1ccf641081dfa04ec40c9a839b6599195984a317ebeed2dbb72465cc414cedf2725c97dfc0e0d9', '0xf86f8202c18459ad76d3825208940b06ef8be65fcda88f2dbae5813480f997ee8e35870aa87bee538000808360306ca0cdb78524a1a1d827e8d1761cec4b670727f7b350064eb7a04f2f30778501c7a0a078a5f482cf0c0cb49aa681e59d57d66c44317089bb4cbefaeb62a4c98cca6da6', '0xf86f8202c28459ad76d3825208941cb96c5809da5977f99f69c11ee58bae5711c5f1870aa87bee538000808360306ba0af951092af0a9a8af27189fe39784e0927b9f8cf6e7fb5f33676867cbf1bdc4ca01a22f5e842f898a46b8e50ac1028ad8756299d4449997cd684e94d4253178082', '0xf86f8202c38459ad76d3825208942aa48ee899410a6d97c01b0bb0eeaf1771cc435b870aa87bee538000808360306ca0f6e0c5defc7e9a8e0176f4b899d620e656deef13bc73087a4dc950f630b89b87a010bdf7e1a5fa07fecc8a87ccfdd2c9971ae79f9d1668c7a6024d65ab59804d31', '0xf86f8202c48459ad76d38252089407b9d920dd8e8d83dc1125c94fc0b3cdcdf602fb870aa87bee538000808360306ba01ca90ad2986ee349e043f90ed9691dcad30c73dba8c0197f009c34c4f1a3dfe0a03672f459a298e5b8be949208b759937cbe769b4a435ebac4f2dec6be5b4711d8', '0xf86f8202c58459ad76d382520894fcb6e353ad4f79245c7cb704abcffe2f48684241870aa87bee538000808360306ba0fb7485b2af355993de567c536c530b177f2bedf06e6047e8d8a513f1109bef2ba01b43c72b12d761aee1cf8f6b919bbca61b68518933382747a1cc814c0c9c5466', '0xf86f8202c68459ad76d3825208940d3de4256d6322683fdea9ee23765ccbfcb83da4870aa87bee538000808360306ca0d42548bd655cd0a621db629027f04cd6454f6598a0e6d32b807797eddd5972e1a022092287ad226d2461d02d18c0af8cdde5e18171baed4222cd5bf07caff93adf', '0xf86f8202c78459ad76d3825208946021752d8d9b2f221d4fea4349dea34ddbcfce50870aa87bee538000808360306ba0c74f90dc9c90dd2ddbea206d84c61ad8331b932a4db536733dd082cd3db4412ca04fbffc5ba077e3404a67994017ca4213e1b8c87d60f6f4f7bd521682ea9691e1', '0xf86f8202c88459ad76d38252089461e296d527edc89e831cf593ec341f16197eeafb870aa87bee538000808360306ba014ea9835b9548d4ebf48f25526738702e964effc74d858d8d36fdc13b91ec2cda00ab7a5ba8939aa6ed10eb2f97e695c557ff26a95bbe3de94d187ca36c630ae16', '0xf86f8202c98459ad76d382520894cf7317ee7a3b497ecf634b94bff60ff91b925747870aa87bee538000808360306ca0b23520bdda503b78bda39121df5a0d38ec81f79dc47cb739f97784d9e7b72a0fa0109ea39be55ad1d291dc366d500edac53f333b1df02dec9eb8f62853d7e13a28', '0xf86f8202ca8459ad76d3825208947e7b519df31f77ced83eea1b16aedb6dcb0f0b24870aa87bee538000808360306ba0faabd0a9ba282252b02088ba4ee86ce631cac7d0eda61752cc9cdb75d8563940a054d10f4d0268d51a4ea9dac8d16b8337151abb99d2929c38d74932e4af5b7e70', '0xf86f8202cb8459ad76d38252089488a075e0fb1c9309a200a8bf0a88b214bf7ceb8d870aa87bee538000808360306ca0e2c3c7c6a95f704db761defcccd2c88377b707474a9ec73d342718e1146096d2a0369a8d0e6a9262e429114cb35117977acb1269a9f752bb1ca75dd33bba2ebcdb', '0xf86f8202cc8459ad76d382520894c8d7cfb58f3ac02568e6505bf3fb5eb6f0807039870aa87bee538000808360306ba0574e2450e2a2ca14564b757a9ee620a958ebe0c5e416a7d140f9376c0ad780f9a00c4c0d11ce5b6a04ea5fd6cfca9bf145583c2869f9d92a7201e840d4b9b5c0c2', '0xf86f8202cd8459ad76d382520894e0132e8d7b1b766e0ade5543d6c6c0b2d5a2f01d870aa87bee538000808360306ba02c8609c23ba0e254283ed8d6302c38fce105dbea5c4131f0d32815fb3d65d4dea01be9f1026bebd9cfa1bd2d25ea0a150fb27210964162dff9a5fea0bd4573def5', '0xf86f8202ce8459ad76d382520894eb674c0411db79654afdc1e131f3b6e734baee6c870aa87bee538000808360306ca00b31b80d145a2bc9d92caab41b3b4833f767d4151e7c2e4c9825e86ec1c0488ca0248fdec4ff0235a5b338858952b69bf085e0c07fd41fe9d3f9c0d2accbfe0b88', '0xf86e8202cf8459ad76d382520894dc07c60993cf689438b8c85f86b0ed938dca77ea870aa87bee538000808360306ca06af13d7a56579d1dcf5d935e432df6fd194713cd859200354a0977680e900a829fc95f21816c1d99b534ad4c33fa7d8ca0ea4f19b491d723490a93444538cfbf', '0xf86f8202d08459ad76d382520894110ddc93db59ed31a03518510221ec2f35d28f2f870aa87bee538000808360306ba0c154d7b71c8d7fe86e0c63836e22b38344ba179ecb61079bf1a7d8ccb56632b3a010f117772d8ff33e5a0333a8ed443c0e7a99f50bc9dfbba8fbeeb052dfbd7034', '0xf86f8202d18459ad76d382520894b599a876aaac824cfce21bdf15627c9fd8634c30870aa87bee538000808360306ba0f6bc213955eb78ea536335f0053e1a717ef2760bc9021717215de74d0771aec4a05ff05cd70a883965190f8656c7513ee11cceb4dd124e7d03cc8cbc998b277e79', '0xf86f8202d28459ad76d382520894d36e5540dd71acbd6416d60252c4d7c34a3c8245870aa87bee538000808360306ba072ee5821ee5bb660825fcaf6147e893a4a899becce8326ca1a8e5e0ca558309fa030b5dd587161f2ca045b43a077de872cff735c72ab7ec59d277735ffafc29665', '0xf86f8202d38459ad76d3825208943adeca35af56206a74987a8fe13c669365c770cf870aa87bee538000808360306ca07ae5496a40b12ace0279399a5d0844b997648dc8be85f347c606798d79ce479da0465d4a70dd470d703f837ca572d9b41cec4ec5850b35fce2837d15debdca1815', '0xf86f8202d48459ad76d382520894d77b95acd12f7b4b5692b55717b7bbca11651954870aa87bee538000808360306ba0440a6b34f911a10e8a6bc2757c1f1165cb75aa581e7ec7a02e17b882d0b04bcaa064e4680142f64950ad162a09a7699fe233bb90b43382bd2767651eb5912da5d1', '0xf86f8202d58459ad76d382520894f388bf5766b5ed5d4e1cbf15772e677dbfa80b00870aa87bee538000808360306ba090120421e33f98b69a41b26aadf2a504412180e0c15c940e780fd23616456d52a0702a2ffdb6d8fcfc4ea05033b2be6e6300b62f80986ae8cc83baf90cfac502f4', '0xf86f8202d68459ad76d38252089435d4996296e58560e6ef47787d51b55f1e2bd92a870aa87bee538000808360306ba047b906819edb5489c9c7a2efe3840f8c9b47ad791ad80d36e9e99783c7f451a0a07e626a0de545854068ac0ef312e35125fcdd632913c0b7c87d922d668279db96', '0xf86f8202d78459ad76d382520894a4c3b77b898e53d6095f11c53a1ce272cff9af31870aa87bee538000808360306ca0c547c620ced4c77103fee4efdddea440b2507a58a9fc4c57a72102bd9f5c8a33a0097c2a8285369eb8d016101ea0b2215b4eda1b6a4c898afb3247b5c63154e243', '0xf86f8202d88459ad76d3825208946e84f6113fc1919714f0266705813fb81a17181f870aa87bee538000808360306ba0b4e98ba5da37a0f4da957532d6c2a045b2bfaf3ff004e60ddbe4f305a77d1ea1a071a9de29288fefd20ce9ffcb90fa9dad82bca730a640f832c612c779ee60aba1', '0xf86f8202d98459ad76d382520894e9ae1a806004e1452baae0493920815aadd84798870aa87bee538000808360306ca01f32bfdf19e67e3916872408397ff09d160281034625357b9f9d2907515f5feaa01b35f0e6fe3053fbf55e7ae428056237a36c1a2779f6635f85cdfdf93d22ab38', '0xf86f8202da8459ad76d382520894fe1905d8ebd20e037274eef441283c811ea82c16870aa87bee538000808360306ba0b53db081ea875643b511409e61e126cb3c1d3a2647f2e016bba779981d169735a02e59191594f39bf839063be62e2d842578df2de9ef1e196ff948c7fe12070dfd', '0xf86f8202db8459ad76d3825208946adece88e477f53a143a4c29d97940df2ec768e0870aa87bee538000808360306ba0fbaf96e3a27e67a48a52c0e076274dc284e6b66c219315e57425b2d391dd1d67a012220a76392bfd1d96b0482d2237c00ffbeab1c4cb19d7dc52e7be98218a1d1b', '0xf86f8202dc8459ad76d3825208940d34d140a7376892c4593fcea3ae26f5d6f202d7870aa87bee538000808360306ca03ffa435e1f57f1a88c0be5ba5904f2a37a2d90707ea07aabb017e38534633acba022868ef5a2d4c190c04de35f242b73cb3ad9a2b0aeda37582a5d11f7ababbcfb', '0xf86f8202dd8459ad76d382520894d1c7fa75b9bc55d041fcdf215f3e3a351c9f9edc870aa87bee538000808360306ca04159a2b14ab7998852b1fc77faa822704c072693d1d8448d3d7e459f6c3ab5dca072c96e6f1ec4d07920aac62362471d9d506424b97e8b8f59a15447af815cbb1b', '0xf86f8202de8459ad76d382520894418ebe350a8c6387bf5e42f3502742af8e0781f1870aa87bee538000808360306ba050622a2fc579e2dd3f2a5c295d54f2a726fc5e7b39e516a5cbd4c898f7d73f99a062f4deb902cf8029fba9cd5799b11e9bcd6d2cf02696eb0d7fdcd1acc9c1ea5b', '0xf86f8202df8459ad76d38252089484914d2770c711d27888c775c547b1d933b48c47870aa87bee538000808360306ca04ddedf3b0e725271e94114b01ea40e24a1edfc1abe17cc9f3be76f22520fee35a0017cd4a8a418bf2359c555a02231a757ccfb84d60cbdfb41534a7300c3d7d19b', '0xf86f8202e08459ad76d3825208948f51e560b85edf2e653c689c4e9fac02ce0556b8870aa87bee538000808360306ca07f1b511c1b88ac1d7cdf3ec861df0b383eda9be69b6d740c9240afbb4c7fc7eca02414e865ad9a1d5941b781ab49be5da2d84ab8f19694cea6e7b56e4e967d6043', '0xf86f8202e18459ad76d382520894ee2503205c24dc66346e356f13f333fb8782d358870aa87bee538000808360306ba095863fc36fc145a131cca6f949c1380e1bb05b0351f2901a4fddbd59fb5dae33a01fa2f10f69ceb030385a0d71832d25efdbab1033ed230dd8bfe714233b9dc0aa', '0xf86f8202e28459ad76d382520894096ba6c59bd667a0fea9a356bcc988e4d9f2d8eb870aa87bee538000808360306ba01b1be2fc0e4a679c8ed7a8bc69e6b11b812da4c8de83654269e76106885912f5a0050e0258bf8b87d5ea637c0b3bfc3af5fe2a6688eb73fe70b92b118c26d3c291', '0xf86f8202e38459ad76d382520894da0adce4f1dc7debe7b2b52e8fe9ace6c7ea9c66870aa87bee538000808360306ba0a642d27d6a1fc359bedff2c61dd78a1e93e315b8952fe5add8e991fe0d6b62a7a00aa89854fd9f8ba0d3e0083a9211e56fc4bef84a3ad6cf7e92bc08ea1b18f01e', '0xf86f8202e48459ad76d382520894af7d412aeab7525c0541dc3aa6c1085cfb8c9099870aa87bee538000808360306ca088e48f9e65d04458e6f19e5e2c3cee4eb74709c87b629854118083c50a78af53a03f25a6becb76c95077d74daf8d3df3fd54868871063ff9f7247faeab7182ef77', '0xf86f8202e58459ad76d3825208943cf8c0d567261eaf4ac0872d33a9f48af361769f870aa87bee538000808360306ca05be39c08d9a6d0fc41dadff526454b45658a1cd48201e681c4a85d2e6be41fcba00d9e723177e15bd62a6b92fb40c52246a97add401c24b114062aa90e54f04480', '0xf86f8202e68459ad76d3825208944779242587ba9e828999249eadd82984430f4843870aa87bee538000808360306ca0ca3c658c3494be9fc6868e951c5a2418bd8e39a53d7a467789351dff3bb3b637a06be1e14c881e29ed6f256c1370338667e3ca73f9077eb67f29a5c03f69298fde', '0xf86f8202e78459ad76d382520894ea531cfe2de357ecff3855b88dbd07f60b03cdca870aa87bee538000808360306ba0ddc07ad79ff83cd327cba99cbd5f38455fd2f0c40c45d656679e8e11b8b48827a02656304a9b19a5c36d407e413d61ea93826b211f4c6f20de9acfe05150b30015', '0xf86f8202e88459ad76d382520894d00b5f53ea2a66ad33c3fee304bb22857dfb8a87870aa87bee538000808360306ba04d1303a20227f88ce33d9f923a460d9e5aade3aedae99233b78d5ef42749dfeda029feb89ba4cce6efc4acbe9eb4ca399c493780ab563ecc32ecf096a23ca627d1', '0xf86f8202e98459ad76d3825208947ead29f6616f78f21a951c9686dd257be7b8efe4870aa87bee538000808360306ca052f15de5b29f74d9c4806394babb7ce93872336a5f956d06b9a4e4719b4daca2a04228b6c4716a2410ab8b5743f056f639ca4dc8e1f12d358dfb9cbd6ae21a1fd7', '0xf86f8202ea8459ad76d382520894d503c13ee55c1ea128357d4018ec58d0d5e5c3db870aa87bee538000808360306ca013292596ad7505ca812e6d3c8fbb5bc6ee649c75da2321b562af5bfe7afd03f9a02e3ee27094a0e489f55fb64c885e145fd31e5b7332cce846062a1ad4722d8e69', '0xf86f8202eb8459ad76d3825208944ac670d8760faf780468638ef80034876ed8918d870aa87bee538000808360306ca0af0d10c0fd9cd458313fcd319635c4955a7ffaaa6f9249ac042038a883fda290a033dcf552f9db6315417b9130de2a7350cb321639a9f79695cedb0e384f91e165', '0xf86f8202ec8459ad76d38252089424ffb8c97ce443f8d3265ba3316defcfc07c659c870aa87bee538000808360306ca0cfc55018bb4733ebb564602fa33daaf4e24bbbdbc35421fd5ec3b71004da18c8a0254675cd5d9e0315b6efb8cd0cd2bddf1ee91c1cd99e74156795e850390a7ce4', '0xf86f8202ed8459ad76d3825208940c5cafc547ab98c9ceaa1c07fdd6bf7820aeb954870aa87bee538000808360306ba01bde2fafd51dfd5de34a3f40de07d8a65bc77a89d4581a38a8f38e27fd70862fa021fa1c184c2527d69f3720f5d9a7f243fc46fb8dccbed7ac2b5c9a5ccbcc6430', '0xf86f8202ee8459ad76d382520894db8d964741c53e55df9c2d4e9414c6c96482874e870aa87bee538000808360306ca02eaba1d00563b8b6bb4d19aff2ab101ca81f5e6eed9ba88a17ecc346122d4c05a001fc47ffb199b8013bf5d05b41dde2ddb5101a6bee65e35d89da2e1649ae1a76', '0xf86f8202ef8459ad76d382520894ba85bb35ae6ff7a34745993fcf92b9afd34124f1870aa87bee538000808360306ca0d8e5f05353699ffb9d16a6642fdd7188284c71dc6015a5292731566c8ee88fe9a0189bbf4087ff54e4611205edffe483086ae97e22cadcce1cdc498d473166e3d4', '0xf86f8202f08459ad76d38252089458871015f5a2d3948264f7c16ad194c80ffd531d870aa87bee538000808360306ca0a56720f45621a0c11dae394c77f53057c13c5de1c0d9c364d07014b8576200e5a033b768dd5a94ebb39dcf711886c3bb2c31d4c33356d9da13497699086452f538', '0xf86f8202f18459ad76d3825208942a90af45df70b0031f218cc122598ddf3e10469f870aa87bee538000808360306ca0c9dc8414aa28bced61ac2b12d81a0e0d1d6f722fcad28cce020340b9d886debaa011dace7979bb788551b570e74ff78be598516c1e811668244c0c5324889bf6fa', '0xf86f8202f28459ad76d382520894761bbaaea6ceb265f5262c3b559adc2ad3ed2f09870aa87bee538000808360306ba02540fbde26f1af8b9f6a5d9e7e57485ee8cdb7f071798c95e7f6d4b31a85bb8ca00fbe5433f7a72d8666cda20ccd77f233df482a5471a32c5d68e2f1d28aeeda69', '0xf86f8202f38459ad76d382520894dfe86f51c5e603f1420d1f0ab366bd3bfe23d2a7870aa87bee538000808360306ba0d508551cbfe3486e0a87dc9d4ecd732452888383be49fc4fb576484057e0596da054bdd841584eac2927dd04ee6bddba10c4178a3dbe1e265d2b3ea86b76cc6ad9', '0xf86f8202f48459ad76d382520894d616547158b05ab5079106dc0336d72763a72871870aa87bee538000808360306ca0b17627dd18c176cecb40008f3d7c7de2daeee90f2604bd47faaf97587bcbfb33a0234d2ffc4e9a3612f56052ec717abb8f3a99d08c3c2798d25531cf3e1df3462b', '0xf86f8202f58459ad76d382520894dc68cd278cb7f5f666ce7b0a3a214a8540ed4dfa870aa87bee538000808360306ca031f3f051a9ef6ddd6e07a89114719cf40d16e5b36cee6c3fad2cb0fb7af051bfa058d15c0fdfb4b64834ea71a29fae69c0861ad45f4ba4ae99420ae4eebfe79387', '0xf86f8202f68459ad76d38252089411f8107da05b6905e8cc0227ca3b0c6eb764fac0870aa87bee538000808360306ba0462131cd4827d1238e969dbaeba4e09cd257fdc5229cf573af0aedc4a637189ba05fb14a90f3b6d9a5d1baca7628b128d7bc48685afe39b3d4f5237ad400e86a29', '0xf86f8202f78459ad76d38252089404da906545679850a7ee0ef6836e183031bedc88870aa87bee538000808360306ca02a9097fbd686d0bf35a930e055e9f9e94e630c3c116963e469c923488df9d053a018e923c9eaeddc5bcaa9600651760fa19641643afa61778c4a2b693fab977be7', '0xf86f8202f88459ad76d3825208948bdc25c43c010fd3db6281fcd8f7a0bed18838e3870aa87bee538000808360306ca089d8801da6d990d980eb5d350f64b0cdc1d4703b41e873c124e638d818d2fa45a02999f972bd4813de0ce9ef2829c6729949a928e4b94372622c2174649fab20a3', '0xf86f8202f98459ad76d382520894af16f746b8a834a383fd0597d941fee52b7791eb870aa87bee538000808360306ba048e2dc1664b7b92e549a87455c23abaeae1f7e51a94585779ce51890ef46bf88a030417b755a6f72625cf49437508860cbce3a78bce15eced14cad05769b9564d0', '0xf86f8202fa8459ad76d3825208940c5c736600f8ea58ccb89aa72e3f3634651fd551870aa87bee538000808360306ca03766b1b91c8bfb0c72042875fc1b9fc9ad56dbaa38a9963bf5c7818e1c5d231ba0026f032170d8cc56637a9012a243a4a9f6521f643bbeb5f041a81871b1befcc3', '0xf86f8202fb8459ad76d3825208946f475e0f0e9eda58556fddc04de9b1a9b6a4cfb4870aa87bee538000808360306ba0d3a522af0a3c6a285e9399e1a2b72921047416c2e9291a584ceac44baf5fe962a070a6108893541869c40a873a72c9db1385c672a1d9f80eb1a4a0fcf9daf74ca2', '0xf86e8202fc8459ad76d3825208949b2e76498a695c4dc7d0890069cffa84a9581d24870aa87bee538000808360306ca03127ac5bc35c94b7964b1dfdf7a1bba14dddcd2634994cea771ba1ed1f2a00b79f8bec26cb90057a52807ef66de8b96e7fc0d0cad2ec65f2bef3f7bef91847f8', '0xf86f8202fd8459ad76d382520894e2d2b2069f4a54fcc171223ff0c17adbd743c285
870aa87bee538000808360306ba00f952bb0c692d01fe44bd657e212bda9a2d6025fbffd7b8647c5c59c262a2368a00607f3e66074170f01884c6a310c18b396fdd4d4689c7d55c85ca2792fc218dc', '0xf86f8202fe8459ad76d382520894386bd49f04322544f3c7178fa5ae1a24b947b454870aa87bee538000808360306ba0ede664e4a29f7c04110584b18d8dc44353c8c5823f076a9043b86ffd5e3ee67ba073a83e73000c13661accd5865122b658a7245f77c6b30f93801148ac8b367308', '0xf86f8202ff8459ad76d38252089400af839c3fc067fafc2e0a205858d6957f0dd18d870aa87bee538000808360306ba04ea9a6f0cb2a5282c4d781a30b71a44fe3e6f8464eeadb07f1ed5cc5d5e9fbd4a05c4dd1b8da7b9ac8e361d603d65fdd27382128d9e277addd37bea6939bb3ebb8', '0xf86f8203008459ad76d382520894ebb6d32a650afa9221b55a11c6a6de52b6f07cd7870aa87bee538000808360306ba09fd52f5959064d28486a0206533afbf397a5d81f028a8b0309ddb9b4e5dd16b9a042334e84ead8a4f6b9e80410b5db1bd85757739eaa2a432ef909266b747f19c1', '0xf86f8203018459ad76d382520894011d26a3a9adc9203c8943a6a77aa8657af52420870aa87bee538000808360306ca0a59e124eaea9445514abb9089afad3c09ef6a530e91351d157d67f95a3a2e8c7a03e976f1b6a26e2b1be6690623ce1f4dfe0a223454ec2c8937fb53c080c6dc5e2', '0xf86f8203028459ad76d3825208949c85bc61a89fb5abd957e6c819c653fc1aa0d11b870aa87bee538000808360306ca0a89ae855914ea45bc701fcec6cc00841ecf98ae5f51f7654f5bd8573e9381032a07e887efffcc60e6393f383d11337617f6d19c6ac2b833c966fdfc6b30c0789d1', '0xf86f8203038459ad76d382520894bd8e8435b7897d87cf7cedb5cf8c5dd865dbf720870aa87bee538000808360306ba0170a13556bec94c5c31a4b5c35ffb799fb3273ab761b9a4ff771a7c35508d71fa00492527504f8153c9e72c120a1b92bc8ef769e8e3b61052485a96277821ec013', '0xf86f8203048459ad76d382520894adebee2e3ff041078b62380d001c6e51b4f15598870aa87bee538000808360306ca0e0675a5fe89087b0c14dcb5fa2ed3ade9171924da6163ab6a69d9e4c35f7f997a0303d31df2b2f429e7c220ecc5cb88bf33076fb13f06e8b9db6d8f3f711fc7514', '0xf86f8203058459ad76d38252089471e94c459c9f05085fc0d34b5f21e648e05dc6b3870aa87bee538000808360306ca02baec1fb0273393d1792f4f4dad636b1c405c418f76175634c480a2c3bb4072fa056a8a29ca035f7ce33ad451e422aedcf736a98cfe3571e3584653ecc1456eb3a', '0xf86f8203068459ad76d3825208947c1fe317db82c9298b87c56c3194178271b621e1870aa87bee538000808360306ba0c6d98880bbf5a5fb79d2f5bd5b8e5f8f15b96aa2b3337df1a1cfae45f4750f06a00e6da54b6e61ff683303c38f48cc192e02035b67e8f5549b2ecb1eb6a9f4b28d', '0xf86f8203078459ad76d382520894e069d1c9abf5127bdc3a164fb93b96bfa9f74ce0870aa87bee538000808360306ca089c9624876ea9acd32a5c936360272b966906afbeb7250ccf4445215ef5c8a8aa00b2c3d737ddaa526403fbe8a2c1070c02a935283e6b153f7327c06cb3f703101', '0xf86f8203088459ad76d382520894b9bbddd1eb6ef8fb1bdc6a853d5ad7486a9487dd870aa87bee538000808360306ba0f95fe3e350801a4a842050a4b0f5737615765f9dbf81f7347c8b6c481d57b25da07edf9ea568439042f5357abff22cc4304bd2285a21e50efef7303207f283a45f', '0xf86f8203098459ad76d382520894a804387cdaf986d45831e8074efb2115af053f7a870aa87bee538000808360306ba0a74c3ff5e3109b2ed49bfab4d418c6bd8489000f45e523abfaf4be0949cfa3c3a004f3e86022c0be0fc93976df9465a3e03af3f5a47c6b7b07a16e60778f52385d', '0xf86f82030a8459ad76d382520894f23501d784a041fc911b4c86c2bfb1f63ec170ea870aa87bee538000808360306ca08c3d96b898dba43ff7f458d4a08b97620ab0a3986bf0cd9c104a2e035fc7061ba07ce7086cca110ac1cb8b19a77fd89f7b1587aae2825c739428558f3a46fee045', '0xf86f82030b8459ad76d3825208943928be2a7058088313c0fb3294014e88a3c5ed4a870aa87bee538000808360306ca02163fdfc33fb0d75ab84c1c8f385d342d81c1ced8e19638e2e73108aa96dbfb6a02ff3aa9fb7c98f120128d15f443dd578f4d82c6cb39809a8c23870695580d085', '0xf86f82030c8459ad76d382520894196aa07204141478459c14106ef5e5282efe9957870aa87bee538000808360306ba09a5099c9bf5cbbd5a3672e88e52b50a311ac582e679ae1a86f0b5d13ef8623aaa06f83986f7cdd92e3d5284118df8742610a5346d5cf423017e56b19e096f09ada', '0xf86f82030d8459ad76d382520894763cbf89560e2da270000822abda9584db693fa3870aa87bee538000808360306ca0b2136b5bcd2476b2c20a38d11e3cceb9c9623137ac8956a95dcddcc70248ce07a0330d9a83b55243540d5e9b59c38a7593cc422c1a221e0d91ee9630f7baae0990', '0xf86f82030e8459ad76d3825208947feaea0ff70ffc9eec2104f57f7136aff4dea680870aa87bee538000808360306ca0f44a2450a70a28aef0a308b08e82a7be7fcb47523dee3c4d3da63dfe3963071aa06eaa4fa896311052cabebeb05d20f758e3d15e0b254989781e9260aeff765ce8', '0xf86f82030f8459ad76d382520894e5466aacd9dd6d3bb35060a1ccc76a438de88ca1870aa87bee538000808360306ba080c65a793dcb1e1da6af907de04b31d7e3e7740cde11d896688e87c76df69ab7a04aec6fb1da799860c05bc84c5f86bc441e958b7d13c6aef6b9e7d9181610c591', '0xf86f8203108459ad76d382520894f670980415cfe8c4f8d10645ecf974c9a2fea00e870aa87bee538000808360306ca0ba296d3667520f1f68223d6b42b5d3738faab533cd0b3396b8102e2d3e7b71bca07f8b2dbde65ca62084942e69455c9e629b3f72f62d462568a09766077c2e62df', '0xf86f8203118459ad76d382520894a29115bce7829ffdd989b7cf1bdd1eac06a2cb36870aa87bee538000808360306ba0aaf0d47c2d2a9ac555570bf104c63902e349673b6e67a778b62caffd3d2743c6a05ce29b1a68d2952a33b183bae6320d09313391b9fb8b0de2beb1cc08ece3a7e6', '0xf86f8203128459ad76d3825208948f528aa67dc1846c893465fa1c8c26556bc5fe19870aa87bee538000808360306ca03090b7b8be330b3262c19fa08d583107c4b4e36301889683c8dd3f5575b990b1a0525d9be133d61ecfc2b0d0a01ad8f23bac623a099888ac1fb977f8cfece26a09', '0xf86f8203138459ad76d3825208944dc4ec6ac43c8c45777292db987203c0248e17b7870aa87bee538000808360306ba0cd852d5a23d0c48f89a8f0a739c11ad01bb8e6a0b1c270c2f779cf0ffe1137aaa00544ef85934f83425af13b91250bed8c7b4d74f1e60e9295298e1d24897e61ad', '0xf86f8203148459ad76d3825208940d2f39f251cb547cba567a31e5e9f93c19dffa85870aa87bee538000808360306ca01ed46a3d8985ae4a5d1d8da2e5c7719e129dc7e409b166e9deac8cb6b01cbbaba07910823a7f9f7511f44bf5924514b0e9ee0a7c4c97a0d7ba890941e7eefdfb9a', '0x02f86e83301824058082baba825208948943545177806ed17b9f23f0a21ee5948ecaa7768709fd6776d66db880c001a0cc488961a8ac4e64291add14f8dc1e889ae20c87242f68044feb358b7def533fa023e71edd5504e92d7d4d5df8ac7b5ae8ba01d0894384f67fb79fd18486077819', '0x02f90176833018242d85012a05f2008512a05f2000830249f09471e67695db8bc44aa6bf2014142c42221967ee9880b901040cc7326300000000000000000000000000000000000000000000000000000000000000a00000000000000000000000000000000000000000000000000aa61e8910d07b11000000000000000000000000f98265aea01677961bff51685b04ee3a6139206f00000000000000000000000065d08a056c17ae13370565b04cf77d2afa1cb9fa0000000000000000000000000000000000000000000000000000000000000000000000000000000000000000000000000000000000000000000000000000000200000000000000000000000024a9da1457f96c2b167d49377a776d302a5c4db3000000000000000000000000ac29373cbe03c88fb078488181f8a0650c58ca08c080a0ed49e50aca13d34a3a422c93d2ec0f5c49ce96b82ae4cb6e131aa06c0d1c0652a01b858d43c3cd07158db88e720ebd3a72816da3842ccdecda9ae9ec512a1bb435'], withdrawals: [], blob_gas_used: 0, excess_blob_gas: 0}, blobs_bundle: {commitments: [], proofs: [], blobs: []}}
}
time="2024-12-06T21:04:35Z" level=debug msg="publishing block" blockHash=0x47682b78425db415c109f9e80c51c7a5abd3ae2c73029d5ee8ecb9ec16e39564 component=beaconClient service=relay/api slot=82 uri="http://172.16.4.16:4000" version=6fc57d1-dev
time="2024-12-06T21:04:35Z" level=debug msg="publishing block" blockHash=0x47682b78425db415c109f9e80c51c7a5abd3ae2c73029d5ee8ecb9ec16e39564 component=beaconClient service=relay/api slot=82 uri="http://172.16.4.15:4000" version=6fc57d1-dev
time="2024-12-06T21:04:35Z" level=debug msg="publishing block" blockHash=0x47682b78425db415c109f9e80c51c7a5abd3ae2c73029d5ee8ecb9ec16e39564 component=beaconClient service=relay/api slot=82 uri="http://172.16.4.14:4000" version=6fc57d1-dev
time="2024-12-06T21:04:35Z" level=info msg="updated headSlot to 82" epoch=2 service=relay/api slotHead=82 slotStartNextEpoch=96 version=6fc57d1-dev
time="2024-12-06T21:04:35Z" level=debug msg="RefreshKnownValidators init" datastoreMethod=RefreshKnownValidators headSlot=82 headSlotPos=19 lastUpdateSlot=67 service=relay/api version=6fc57d1-dev
time="2024-12-06T21:04:35Z" level=debug msg="Updating builder cache with 1 builders from database" service=relay/api version=6fc57d1-dev
time="2024-12-06T21:04:35Z" level=info msg="finished publish block request" beaconPublishURI="http://172.16.4.14:4000" beaconURI="http://172.16.4.14:4000" component=beaconInstance encodeDurationMs=1 payloadBytes=24925 publishContentType=json publishDurationMs=58 service=relay/api slot=82 version=6fc57d1-dev
time="2024-12-06T21:04:35Z" level=info msg="published block" beacon="http://172.16.4.14:4000" blockHash=0x47682b78425db415c109f9e80c51c7a5abd3ae2c73029d5ee8ecb9ec16e39564 component=beaconClient service=relay/api slot=82 statusCode=200 version=6fc57d1-dev
time="2024-12-06T21:04:35Z" level=info msg="block published through beacon node" blockHash=0x47682b78425db415c109f9e80c51c7a5abd3ae2c73029d5ee8ecb9ec16e39564 contentLength=3484 feeRecipient=0x8943545177806ED17B9F23F0a21ee5948eCaa776 headSlot=81 headSlotEpochPos=18 idArg= method=getPayload mevBoostV=v1.8.1 msIntoSlot=103 msNeededForPublishing=60 proposerIndex=99 proposerPubkey=0x889fd954b35f31ea3f3eca4496ba13b9678a527e4d3137c8aea484b4d741886bdfff59f99a89721165f5ba7c9f5a366b service=relay/api slot=82 slotEpochPos=19 slotStartSec=1733519075 timestampAfterAlreadyDeliveredCheck=1733519075115 timestampAfterDecode=1733519075103 timestampAfterLoadResponse=1733519075114 timestampAfterPublishing=1733519075176 timestampAfterSignatureVerify=1733519075105 timestampBeforePublishing=1733519075116 timestampRequestStart=1733519075102 ua="mev-boost/v1.8.1 Lighthouse/v5.3.0-2e0eb6d" version=6fc57d1-dev
time="2024-12-06T21:04:35Z" level=info msg="payload attributes received for slot: 83" service=relay/api version=6fc57d1-dev
time="2024-12-06T21:04:35Z" level=info msg="updated payload attributes" headSlot=82 payloadAttrParent=0x47682b78425db415c109f9e80c51c7a5abd3ae2c73029d5ee8ecb9ec16e39564 payloadAttrSlot=83 randao=0x06035649432e8e16e3f7dc4261baa718a8a320491ce5e4957ab822ad136525aa service=relay/api timestamp=1733519077 version=6fc57d1-dev withdrawalsRoot=0x792930bbd5baac43bcc798ee49aa8185ef76bb3b44ba62b91d86ae569e4bb535
time="2024-12-06T21:04:35Z" level=info msg="finished publish block request" beaconPublishURI="http://172.16.4.16:4000" beaconURI="http://172.16.4.16:4000" component=beaconInstance encodeDurationMs=1 payloadBytes=24925 publishContentType=json publishDurationMs=65 service=relay/api slot=82 version=6fc57d1-dev
time="2024-12-06T21:04:35Z" level=info msg="request initiated" cancellationEnabled=false contentLength=4903 headSlot=82 method=submitNewBlock service=relay/api timestampRequestStart=1733519075696 version=6fc57d1-dev
time="2024-12-06T21:04:35Z" level=info msg="block validation successful" blobGasUsed=0 blockHash=0xc1315e0c41ea9fd10c993f106ab0b37b4b88f50a0cb9ee850459e171f5b52a6f builderIsHighPrio=false builderPubkey=0xaa1488eae4b06a1fff840a2b6db167afc520758dc2c8af0dfb57037954df3431b747e2f900fe8805f05d635e9a29717b cancellationEnabled=false contentLength=4903 durationMs=7 excessBlobGas=0 fastTrackValidation=false headSlot=82 isLargeRequest=false method=submitNewBlock newBidIsTopBid=true numBlobs=0 numTx=12 numWaiting=0 parentHash=0x47682b78425db415c109f9e80c51c7a5abd3ae2c73029d5ee8ecb9ec16e39564 payloadBytes=4903 proposerPubkey=0xa8494e9a4ca0b6fb595347fda04978eb76c0520b07b760ebce609c5051d6a7e2b01dc68f2b2eab6aca5a8fdbbdcd9346 reqContentType=json reqIsGzip=false service=relay/api slot=83 timestampAfterCheckingFloorBid=1733519075700 timestampAfterCheckingTopBid=1733519075700 timestampAfterDecoding=1733519075697 timestampAfterSignatureCheck=1733519075699 timestampBeforeCheckingFloorBid=1733519075699 timestampBeforeCheckingTopBid=1733519075700 timestampBeforeSignatureCheck=1733519075697 timestampBeforeValidation=1733519075700 timestampRequestStart=1733519075696 topBidValue=0 value=347538063033000 version=6fc57d1-dev
time="2024-12-06T21:04:35Z" level=info msg="received block from builder" blobGasUsed=0 blockHash=0xc1315e0c41ea9fd10c993f106ab0b37b4b88f50a0cb9ee850459e171f5b52a6f builderIsHighPrio=false builderPubkey=0xaa1488eae4b06a1fff840a2b6db167afc520758dc2c8af0dfb57037954df3431b747e2f900fe8805f05d635e9a29717b cancellationEnabled=false contentLength=4903 excessBlobGas=0 fastTrackValidation=false headSlot=82 isLargeRequest=false method=submitNewBlock newBidIsTopBid=true numBlobs=0 numTx=12 parentHash=0x47682b78425db415c109f9e80c51c7a5abd3ae2c73029d5ee8ecb9ec16e39564 payloadBytes=4903 prevTopBidValue=0 profileDecodeUs=602 profilePrechecksUs=3615 profileRedisSavePayloadUs=172 profileRedisUpdateFloorUs=304 profileRedisUpdateTopBidUs=842 profileRedisUs=3609 profileSimUs=7452 profileTotalUs=15373 proposerPubkey=0xa8494e9a4ca0b6fb595347fda04978eb76c0520b07b760ebce609c5051d6a7e2b01dc68f2b2eab6aca5a8fdbbdcd9346 reqContentType=json reqIsGzip=false service=relay/api slot=83 timestampAfterBidUpdate=1733519075711 timestampAfterCheckingFloorBid=1733519075700 timestampAfterCheckingTopBid=1733519075700 timestampAfterDecoding=1733519075697 timestampAfterSignatureCheck=1733519075699 timestampAfterValidation=1733519075708 timestampBeforeCheckingFloorBid=1733519075699 timestampBeforeCheckingTopBid=1733519075700 timestampBeforeSignatureCheck=1733519075697 timestampBeforeValidation=1733519075700 timestampEligibleAt=1733519075711 timestampRequestStart=1733519075696 topBidValue=347538063033000 validationDurationMs=7 value=347538063033000 version=6fc57d1-dev wasBidSavedInRedis=true wasTopBidUpdated=true
time="2024-12-06T21:04:35Z" level=info msg="request finished" blobGasUsed=0 blockHash=0xc1315e0c41ea9fd10c993f106ab0b37b4b88f50a0cb9ee850459e171f5b52a6f builderIsHighPrio=false builderPubkey=0xaa1488eae4b06a1fff840a2b6db167afc520758dc2c8af0dfb57037954df3431b747e2f900fe8805f05d635e9a29717b cancellationEnabled=false contentLength=4903 excessBlobGas=0 fastTrackValidation=false headSlot=82 isLargeRequest=false method=submitNewBlock newBidIsTopBid=true numBlobs=0 numTx=12 parentHash=0x47682b78425db415c109f9e80c51c7a5abd3ae2c73029d5ee8ecb9ec16e39564 payloadBytes=4903 prevTopBidValue=0 profileRedisSavePayloadUs=172 profileRedisUpdateFloorUs=304 profileRedisUpdateTopBidUs=842 proposerPubkey=0xa8494e9a4ca0b6fb595347fda04978eb76c0520b07b760ebce609c5051d6a7e2b01dc68f2b2eab6aca5a8fdbbdcd9346 reqContentType=json reqIsGzip=false requestDurationMs=21 service=relay/api slot=83 timestampAfterBidUpdate=1733519075711 timestampAfterCheckingFloorBid=1733519075700 timestampAfterCheckingTopBid=1733519075700 timestampAfterDecoding=1733519075697 timestampAfterSignatureCheck=1733519075699 timestampAfterValidation=1733519075708 timestampBeforeCheckingFloorBid=1733519075699 timestampBeforeCheckingTopBid=1733519075700 timestampBeforeSignatureCheck=1733519075697 timestampBeforeValidation=1733519075700 timestampEligibleAt=1733519075711 timestampRequestFin=1733519075717 timestampRequestStart=1733519075696 topBidValue=347538063033000 validationDurationMs=7 value=347538063033000 version=6fc57d1-dev wasBidSavedInRedis=true wasTopBidUpdated=true
time="2024-12-06T21:04:35Z" level=info msg="http: POST /relay/v1/builder/blocks 200" duration=0.022014 method=POST path=/relay/v1/builder/blocks service=relay/api status=200 version=6fc57d1-dev
time="2024-12-06T21:04:36Z" level=info msg="execution payload delivered" blobGasUsed=0 blockHash=0x47682b78425db415c109f9e80c51c7a5abd3ae2c73029d5ee8ecb9ec16e39564 blockNumber=82 contentLength=3484 excessBlobGas=0 feeRecipient=0x8943545177806ED17B9F23F0a21ee5948eCaa776 headSlot=81 headSlotEpochPos=18 idArg= method=getPayload mevBoostV=v1.8.1 msIntoSlot=103 numBlobs=0 numTx=91 proposerIndex=99 proposerPubkey=0x889fd954b35f31ea3f3eca4496ba13b9678a527e4d3137c8aea484b4d741886bdfff59f99a89721165f5ba7c9f5a366b service=relay/api slot=82 slotEpochPos=19 slotStartSec=1733519075 timestampAfterAlreadyDeliveredCheck=1733519075115 timestampAfterDecode=1733519075103 timestampAfterLoadResponse=1733519075114 timestampAfterPublishing=1733519075176 timestampAfterSignatureVerify=1733519075105 timestampBeforePublishing=1733519075116 timestampRequestStart=1733519075102 ua="mev-boost/v1.8.1 Lighthouse/v5.3.0-2e0eb6d" version=6fc57d1-dev
time="2024-12-06T21:04:36Z" level=info msg="failed to get bidTrace for delivered payload from redis" blobGasUsed=0 blockHash=0x47682b78425db415c109f9e80c51c7a5abd3ae2c73029d5ee8ecb9ec16e39564 blockNumber=82 contentLength=3484 error="redis: nil" excessBlobGas=0 feeRecipient=0x8943545177806ED17B9F23F0a21ee5948eCaa776 headSlot=81 headSlotEpochPos=18 idArg= method=getPayload mevBoostV=v1.8.1 msIntoSlot=103 numBlobs=0 numTx=91 proposerIndex=99 proposerPubkey=0x889fd954b35f31ea3f3eca4496ba13b9678a527e4d3137c8aea484b4d741886bdfff59f99a89721165f5ba7c9f5a366b service=relay/api slot=82 slotEpochPos=19 slotStartSec=1733519075 timestampAfterAlreadyDeliveredCheck=1733519075115 timestampAfterDecode=1733519075103 timestampAfterLoadResponse=1733519075114 timestampAfterPublishing=1733519075176 timestampAfterSignatureVerify=1733519075105 timestampBeforePublishing=1733519075116 timestampRequestStart=1733519075102 ua="mev-boost/v1.8.1 Lighthouse/v5.3.0-2e0eb6d" version=6fc57d1-dev
time="2024-12-06T21:04:36Z" level=info msg="request finished" blobGasUsed=0 blockHash=0x47682b78425db415c109f9e80c51c7a5abd3ae2c73029d5ee8ecb9ec16e39564 blockNumber=82 contentLength=3484 excessBlobGas=0 feeRecipient=0x8943545177806ED17B9F23F0a21ee5948eCaa776 headSlot=81 headSlotEpochPos=18 idArg= method=getPayload mevBoostV=v1.8.1 msIntoSlot=103 numBlobs=0 numTx=91 proposerIndex=99 proposerPubkey=0x889fd954b35f31ea3f3eca4496ba13b9678a527e4d3137c8aea484b4d741886bdfff59f99a89721165f5ba7c9f5a366b requestDurationMs=1075 service=relay/api slot=82 slotEpochPos=19 slotStartSec=1733519075 timestampAfterAlreadyDeliveredCheck=1733519075115 timestampAfterDecode=1733519075103 timestampAfterLoadResponse=1733519075114 timestampAfterPublishing=1733519075176 timestampAfterSignatureVerify=1733519075105 timestampBeforePublishing=1733519075116 timestampRequestFin=1733519076177 timestampRequestStart=1733519075102 ua="mev-boost/v1.8.1 Lighthouse/v5.3.0-2e0eb6d" version=6fc57d1-dev
time="2024-12-06T21:04:36Z" level=info msg="http: POST /eth/v1/builder/blinded_blocks 200" duration=1.075662 method=POST path=/eth/v1/builder/blinded_blocks service=relay/api status=200 version=6fc57d1-dev
time="2024-12-06T21:04:36Z" level=info msg="finished publish block request" beaconPublishURI="http://172.16.4.15:4000" beaconURI="http://172.16.4.15:4000" component=beaconInstance encodeDurationMs=2 payloadBytes=24925 publishContentType=json publishDurationMs=1090 service=relay/api slot=82 version=6fc57d1-dev
time="2024-12-06T21:04:37Z" level=info msg="payload attributes received for slot: 84" service=relay/api version=6fc57d1-dev
time="2024-12-06T21:04:37Z" level=info msg="updated payload attributes" headSlot=82 payloadAttrParent=0x47682b78425db415c109f9e80c51c7a5abd3ae2c73029d5ee8ecb9ec16e39564 payloadAttrSlot=84 randao=0x06035649432e8e16e3f7dc4261baa718a8a320491ce5e4957ab822ad136525aa service=relay/api timestamp=1733519079 version=6fc57d1-dev withdrawalsRoot=0x792930bbd5baac43bcc798ee49aa8185ef76bb3b44ba62b91d86ae569e4bb535
time="2024-12-06T21:04:37Z" level=debug msg="getHeader request received" headSlot=82 method=getHeader mevBoostV=v1.8.1 msIntoSlot=6 parentHash=0x47682b78425db415c109f9e80c51c7a5abd3ae2c73029d5ee8ecb9ec16e39564 pubkey=0xa8494e9a4ca0b6fb595347fda04978eb76c0520b07b760ebce609c5051d6a7e2b01dc68f2b2eab6aca5a8fdbbdcd9346 requestTimestamp=1733519077 service=relay/api slot=83 slotStartSec=1733519077 ua="mev-boost/v1.8.1 Lighthouse/v5.3.0-2e0eb6d" version=6fc57d1-dev
time="2024-12-06T21:04:37Z" level=debug msg="getPayload response from redis" datastoreMethod=GetGetPayloadResponse headSlot=82 method=getHeader mevBoostV=v1.8.1 msIntoSlot=6 parentHash=0x47682b78425db415c109f9e80c51c7a5abd3ae2c73029d5ee8ecb9ec16e39564 pubkey=0xa8494e9a4ca0b6fb595347fda04978eb76c0520b07b760ebce609c5051d6a7e2b01dc68f2b2eab6aca5a8fdbbdcd9346 requestTimestamp=1733519077 service=relay/api slot=83 slotStartSec=1733519077 ua="mev-boost/v1.8.1 Lighthouse/v5.3.0-2e0eb6d" version=6fc57d1-dev
time="2024-12-06T21:04:37Z" level=info msg="parent beacon root found in payload attributes" service=relay/api version=6fc57d1-dev
time="2024-12-06T21:04:37Z" level=error msg="failed to enrich bid with PROF" error="failed to receive enrich block response: rpc error: code = Internal desc = Error retrieving PROF bundle: no bundles available for processing" headSlot=82 method=getHeader mevBoostV=v1.8.1 msIntoSlot=6 parentHash=0x47682b78425db415c109f9e80c51c7a5abd3ae2c73029d5ee8ecb9ec16e39564 pubkey=0xa8494e9a4ca0b6fb595347fda04978eb76c0520b07b760ebce609c5051d6a7e2b01dc68f2b2eab6aca5a8fdbbdcd9346 requestTimestamp=1733519077 service=relay/api slot=83 slotStartSec=1733519077 ua="mev-boost/v1.8.1 Lighthouse/v5.3.0-2e0eb6d" version=6fc57d1-dev
time="2024-12-06T21:04:37Z" level=info msg="http: GET /eth/v1/builder/header/83/0x47682b78425db415c109f9e80c51c7a5abd3ae2c73029d5ee8ecb9ec16e39564/0xa8494e9a4ca0b6fb595347fda04978eb76c0520b07b760ebce609c5051d6a7e2b01dc68f2b2eab6aca5a8fdbbdcd9346 500" duration=0.003938 method=GET path=/eth/v1/builder/header/83/0x47682b78425db415c109f9e80c51c7a5abd3ae2c73029d5ee8ecb9ec16e39564/0xa8494e9a4ca0b6fb595347fda04978eb76c0520b07b760ebce609c5051d6a7e2b01dc68f2b2eab6aca5a8fdbbdcd9346 service=relay/api status=500 version=6fc57d1-dev
time="2024-12-06T21:04:37Z" level=info msg="updated headSlot to 83" epoch=2 service=relay/api slotHead=83 slotStartNextEpoch=96 version=6fc57d1-dev
time="2024-12-06T21:04:37Z" level=debug msg="RefreshKnownValidators init" datastoreMethod=RefreshKnownValidators headSlot=83 headSlotPos=20 lastUpdateSlot=67 service=relay/api version=6fc57d1-dev
time="2024-12-06T21:04:37Z" level=debug msg="Updating builder cache with 1 builders from database" service=relay/api version=6fc57d1-dev
time="2024-12-06T21:04:37Z" level=info msg="payload attributes received for slot: 84" service=relay/api version=6fc57d1-dev
time="2024-12-06T21:04:37Z" level=info msg="updated payload attributes" headSlot=83 payloadAttrParent=0x8692623d199dbfc0b9dc4f200e290465b5eba46c1d456db8b88e71f52f891d16 payloadAttrSlot=84 randao=0xb7085777a3170649f90f90a282adb0f74bb988d802807fedd323de0d8717b475 service=relay/api timestamp=1733519079 version=6fc57d1-dev withdrawalsRoot=0x792930bbd5baac43bcc798ee49aa8185ef76bb3b44ba62b91d86ae569e4bb535
time="2024-12-06T21:04:37Z" level=info msg="request initiated" cancellationEnabled=false contentLength=2108 headSlot=83 method=submitNewBlock service=relay/api timestampRequestStart=1733519077633 version=6fc57d1-dev
time="2024-12-06T21:04:37Z" level=info msg="submitNewBlock failed: block with 0 value or no txs" blobGasUsed=0 blockHash=0xaf02ad2c018e2a5064e194c066ab6628c6ef9741f8230f8a203e0fffb797fed9 builderIsHighPrio=false builderPubkey=0xaa1488eae4b06a1fff840a2b6db167afc520758dc2c8af0dfb57037954df3431b747e2f900fe8805f05d635e9a29717b cancellationEnabled=false contentLength=2108 excessBlobGas=0 headSlot=83 isLargeRequest=false method=submitNewBlock numBlobs=0 numTx=0 parentHash=0x8692623d199dbfc0b9dc4f200e290465b5eba46c1d456db8b88e71f52f891d16 payloadBytes=2108 proposerPubkey=0xb8c6663371dc37bf083134dea26a20115ccc52b7c15a662bcfa33435e4ade14c6bc9714a5cdee492530accf8a327b2aa reqContentType=json reqIsGzip=false service=relay/api slot=84 timestampAfterDecoding=1733519077634 timestampRequestStart=1733519077633 value=0 version=6fc57d1-dev
time="2024-12-06T21:04:37Z" level=info msg="request finished" blobGasUsed=0 blockHash=0xaf02ad2c018e2a5064e194c066ab6628c6ef9741f8230f8a203e0fffb797fed9 builderIsHighPrio=false builderPubkey=0xaa1488eae4b06a1fff840a2b6db167afc520758dc2c8af0dfb57037954df3431b747e2f900fe8805f05d635e9a29717b cancellationEnabled=false contentLength=2108 excessBlobGas=0 headSlot=83 isLargeRequest=false method=submitNewBlock numBlobs=0 numTx=0 parentHash=0x8692623d199dbfc0b9dc4f200e290465b5eba46c1d456db8b88e71f52f891d16 payloadBytes=2108 proposerPubkey=0xb8c6663371dc37bf083134dea26a20115ccc52b7c15a662bcfa33435e4ade14c6bc9714a5cdee492530accf8a327b2aa reqContentType=json reqIsGzip=false requestDurationMs=0 service=relay/api slot=84 timestampAfterDecoding=1733519077634 timestampRequestFin=1733519077634 timestampRequestStart=1733519077633 value=0 version=6fc57d1-dev
time="2024-12-06T21:04:37Z" level=info msg="http: POST /relay/v1/builder/blocks 200" duration=0.000798 method=POST path=/relay/v1/builder/blocks service=relay/api status=200 version=6fc57d1-dev
time="2024-12-06T21:04:38Z" level=info msg="request initiated" cancellationEnabled=false contentLength=24720 headSlot=83 method=submitNewBlock service=relay/api timestampRequestStart=1733519078146 version=6fc57d1-dev
time="2024-12-06T21:04:38Z" level=info msg="block validation successful" blobGasUsed=0 blockHash=0x71dfc53af7b8822656b27a2ca874f9396be8dd84edac21c2ec0182ba03a9be2c builderIsHighPrio=false builderPubkey=0xaa1488eae4b06a1fff840a2b6db167afc520758dc2c8af0dfb57037954df3431b747e2f900fe8805f05d635e9a29717b cancellationEnabled=false contentLength=24720 durationMs=18 excessBlobGas=0 fastTrackValidation=false headSlot=83 isLargeRequest=false method=submitNewBlock newBidIsTopBid=true numBlobs=0 numTx=50 numWaiting=0 parentHash=0x8692623d199dbfc0b9dc4f200e290465b5eba46c1d456db8b88e71f52f891d16 payloadBytes=24720 proposerPubkey=0xb8c6663371dc37bf083134dea26a20115ccc52b7c15a662bcfa33435e4ade14c6bc9714a5cdee492530accf8a327b2aa reqContentType=json reqIsGzip=false service=relay/api slot=84 timestampAfterCheckingFloorBid=1733519078152 timestampAfterCheckingTopBid=1733519078152 timestampAfterDecoding=1733519078148 timestampAfterSignatureCheck=1733519078150 timestampBeforeCheckingFloorBid=1733519078151 timestampBeforeCheckingTopBid=1733519078152 timestampBeforeSignatureCheck=1733519078148 timestampBeforeValidation=1733519078152 timestampRequestStart=1733519078146 topBidValue=0 value=3427319493843843 version=6fc57d1-dev
time="2024-12-06T21:04:38Z" level=info msg="received block from builder" blobGasUsed=0 blockHash=0x71dfc53af7b8822656b27a2ca874f9396be8dd84edac21c2ec0182ba03a9be2c builderIsHighPrio=false builderPubkey=0xaa1488eae4b06a1fff840a2b6db167afc520758dc2c8af0dfb57037954df3431b747e2f900fe8805f05d635e9a29717b cancellationEnabled=false contentLength=24720 excessBlobGas=0 fastTrackValidation=false headSlot=83 isLargeRequest=false method=submitNewBlock newBidIsTopBid=true numBlobs=0 numTx=50 parentHash=0x8692623d199dbfc0b9dc4f200e290465b5eba46c1d456db8b88e71f52f891d16 payloadBytes=24720 prevTopBidValue=0 profileDecodeUs=1258 profilePrechecksUs=4437 profileRedisSavePayloadUs=129 profileRedisUpdateFloorUs=174 profileRedisUpdateTopBidUs=595 profileRedisUs=3449 profileSimUs=18521 profileTotalUs=27969 proposerPubkey=0xb8c6663371dc37bf083134dea26a20115ccc52b7c15a662bcfa33435e4ade14c6bc9714a5cdee492530accf8a327b2aa reqContentType=json reqIsGzip=false service=relay/api slot=84 timestampAfterBidUpdate=1733519078174 timestampAfterCheckingFloorBid=1733519078152 timestampAfterCheckingTopBid=1733519078152 timestampAfterDecoding=1733519078148 timestampAfterSignatureCheck=1733519078150 timestampAfterValidation=1733519078170 timestampBeforeCheckingFloorBid=1733519078151 timestampBeforeCheckingTopBid=1733519078152 timestampBeforeSignatureCheck=1733519078148 timestampBeforeValidation=1733519078152 timestampEligibleAt=1733519078174 timestampRequestStart=1733519078146 topBidValue=3427319493843843 validationDurationMs=18 value=3427319493843843 version=6fc57d1-dev wasBidSavedInRedis=true wasTopBidUpdated=true
time="2024-12-06T21:04:38Z" level=info msg="request finished" blobGasUsed=0 blockHash=0x71dfc53af7b8822656b27a2ca874f9396be8dd84edac21c2ec0182ba03a9be2c builderIsHighPrio=false builderPubkey=0xaa1488eae4b06a1fff840a2b6db167afc520758dc2c8af0dfb57037954df3431b747e2f900fe8805f05d635e9a29717b cancellationEnabled=false contentLength=24720 excessBlobGas=0 fastTrackValidation=false headSlot=83 isLargeRequest=false method=submitNewBlock newBidIsTopBid=true numBlobs=0 numTx=50 parentHash=0x8692623d199dbfc0b9dc4f200e290465b5eba46c1d456db8b88e71f52f891d16 payloadBytes=24720 prevTopBidValue=0 profileRedisSavePayloadUs=129 profileRedisUpdateFloorUs=174 profileRedisUpdateTopBidUs=595 proposerPubkey=0xb8c6663371dc37bf083134dea26a20115ccc52b7c15a662bcfa33435e4ade14c6bc9714a5cdee492530accf8a327b2aa reqContentType=json reqIsGzip=false requestDurationMs=35 service=relay/api slot=84 timestampAfterBidUpdate=1733519078174 timestampAfterCheckingFloorBid=1733519078152 timestampAfterCheckingTopBid=1733519078152 timestampAfterDecoding=1733519078148 timestampAfterSignatureCheck=1733519078150 timestampAfterValidation=1733519078170 timestampBeforeCheckingFloorBid=1733519078151 timestampBeforeCheckingTopBid=1733519078152 timestampBeforeSignatureCheck=1733519078148 timestampBeforeValidation=1733519078152 timestampEligibleAt=1733519078174 timestampRequestFin=1733519078181 timestampRequestStart=1733519078146 topBidValue=3427319493843843 validationDurationMs=18 value=3427319493843843 version=6fc57d1-dev wasBidSavedInRedis=true wasTopBidUpdated=true
time="2024-12-06T21:04:38Z" level=info msg="http: POST /relay/v1/builder/blocks 200" duration=0.035740 method=POST path=/relay/v1/builder/blocks service=relay/api status=200 version=6fc57d1-dev
time="2024-12-06T21:04:38Z" level=info msg="request initiated" cancellationEnabled=false contentLength=45641 headSlot=83 method=submitNewBlock service=relay/api timestampRequestStart=1733519078641 version=6fc57d1-dev
time="2024-12-06T21:04:38Z" level=info msg="block validation successful" blobGasUsed=0 blockHash=0x1b5a0b6f6f664f26212f146eb665c5f3484718010bf58da4e3726e21b4cf8569 builderIsHighPrio=false builderPubkey=0xaa1488eae4b06a1fff840a2b6db167afc520758dc2c8af0dfb57037954df3431b747e2f900fe8805f05d635e9a29717b cancellationEnabled=false contentLength=45641 durationMs=23 excessBlobGas=0 fastTrackValidation=false headSlot=83 isLargeRequest=false method=submitNewBlock newBidIsTopBid=true numBlobs=0 numTx=95 numWaiting=0 parentHash=0x8692623d199dbfc0b9dc4f200e290465b5eba46c1d456db8b88e71f52f891d16 payloadBytes=45641 proposerPubkey=0xb8c6663371dc37bf083134dea26a20115ccc52b7c15a662bcfa33435e4ade14c6bc9714a5cdee492530accf8a327b2aa reqContentType=json reqIsGzip=false service=relay/api slot=84 timestampAfterCheckingFloorBid=1733519078647 timestampAfterCheckingTopBid=1733519078647 timestampAfterDecoding=1733519078644 timestampAfterSignatureCheck=1733519078646 timestampBeforeCheckingFloorBid=1733519078646 timestampBeforeCheckingTopBid=1733519078647 timestampBeforeSignatureCheck=1733519078644 timestampBeforeValidation=1733519078647 timestampRequestStart=1733519078641 topBidValue=3427319493843843 value=6261449421190106 version=6fc57d1-dev
time="2024-12-06T21:04:38Z" level=info msg="received block from builder" blobGasUsed=0 blockHash=0x1b5a0b6f6f664f26212f146eb665c5f3484718010bf58da4e3726e21b4cf8569 builderIsHighPrio=false builderPubkey=0xaa1488eae4b06a1fff840a2b6db167afc520758dc2c8af0dfb57037954df3431b747e2f900fe8805f05d635e9a29717b cancellationEnabled=false contentLength=45641 excessBlobGas=0 fastTrackValidation=false headSlot=83 isLargeRequest=false method=submitNewBlock newBidIsTopBid=true numBlobs=0 numTx=95 parentHash=0x8692623d199dbfc0b9dc4f200e290465b5eba46c1d456db8b88e71f52f891d16 payloadBytes=45641 prevTopBidValue=3427319493843843 profileDecodeUs=1829 profilePrechecksUs=3033 profileRedisSavePayloadUs=177 profileRedisUpdateFloorUs=238 profileRedisUpdateTopBidUs=772 profileRedisUs=4167 profileSimUs=24020 profileTotalUs=33511 proposerPubkey=0xb8c6663371dc37bf083134dea26a20115ccc52b7c15a662bcfa33435e4ade14c6bc9714a5cdee492530accf8a327b2aa reqContentType=json reqIsGzip=false service=relay/api slot=84 timestampAfterBidUpdate=1733519078675 timestampAfterCheckingFloorBid=1733519078647 timestampAfterCheckingTopBid=1733519078647 timestampAfterDecoding=1733519078644 timestampAfterSignatureCheck=1733519078646 timestampAfterValidation=1733519078671 timestampBeforeCheckingFloorBid=1733519078646 timestampBeforeCheckingTopBid=1733519078647 timestampBeforeSignatureCheck=1733519078644 timestampBeforeValidation=1733519078647 timestampEligibleAt=1733519078675 timestampRequestStart=1733519078641 topBidValue=6261449421190106 validationDurationMs=24 value=6261449421190106 version=6fc57d1-dev wasBidSavedInRedis=true wasTopBidUpdated=true
time="2024-12-06T21:04:38Z" level=info msg="request finished" blobGasUsed=0 blockHash=0x1b5a0b6f6f664f26212f146eb665c5f3484718010bf58da4e3726e21b4cf8569 builderIsHighPrio=false builderPubkey=0xaa1488eae4b06a1fff840a2b6db167afc520758dc2c8af0dfb57037954df3431b747e2f900fe8805f05d635e9a29717b cancellationEnabled=false contentLength=45641 excessBlobGas=0 fastTrackValidation=false headSlot=83 isLargeRequest=false method=submitNewBlock newBidIsTopBid=true numBlobs=0 numTx=95 parentHash=0x8692623d199dbfc0b9dc4f200e290465b5eba46c1d456db8b88e71f52f891d16 payloadBytes=45641 prevTopBidValue=3427319493843843 profileRedisSavePayloadUs=177 profileRedisUpdateFloorUs=238 profileRedisUpdateTopBidUs=772 proposerPubkey=0xb8c6663371dc37bf083134dea26a20115ccc52b7c15a662bcfa33435e4ade14c6bc9714a5cdee492530accf8a327b2aa reqContentType=json reqIsGzip=false requestDurationMs=46 service=relay/api slot=84 timestampAfterBidUpdate=1733519078675 timestampAfterCheckingFloorBid=1733519078647 timestampAfterCheckingTopBid=1733519078647 timestampAfterDecoding=1733519078644 timestampAfterSignatureCheck=1733519078646 timestampAfterValidation=1733519078671 timestampBeforeCheckingFloorBid=1733519078646 timestampBeforeCheckingTopBid=1733519078647 timestampBeforeSignatureCheck=1733519078644 timestampBeforeValidation=1733519078647 timestampEligibleAt=1733519078675 timestampRequestFin=1733519078688 timestampRequestStart=1733519078641 topBidValue=6261449421190106 validationDurationMs=24 value=6261449421190106 version=6fc57d1-dev wasBidSavedInRedis=true wasTopBidUpdated=true
time="2024-12-06T21:04:38Z" level=info msg="http: POST /relay/v1/builder/blocks 200" duration=0.046642 method=POST path=/relay/v1/builder/blocks service=relay/api status=200 version=6fc57d1-dev
time="2024-12-06T21:04:39Z" level=info msg="payload attributes received for slot: 85" service=relay/api version=6fc57d1-dev
time="2024-12-06T21:04:39Z" level=info msg="updated payload attributes" headSlot=83 payloadAttrParent=0x8692623d199dbfc0b9dc4f200e290465b5eba46c1d456db8b88e71f52f891d16 payloadAttrSlot=85 randao=0xb7085777a3170649f90f90a282adb0f74bb988d802807fedd323de0d8717b475 service=relay/api timestamp=1733519081 version=6fc57d1-dev withdrawalsRoot=0x792930bbd5baac43bcc798ee49aa8185ef76bb3b44ba62b91d86ae569e4bb535
time="2024-12-06T21:04:39Z" level=debug msg="getHeader request received" headSlot=83 method=getHeader mevBoostV=v1.8.1 msIntoSlot=7 parentHash=0x8692623d199dbfc0b9dc4f200e290465b5eba46c1d456db8b88e71f52f891d16 pubkey=0xb8c6663371dc37bf083134dea26a20115ccc52b7c15a662bcfa33435e4ade14c6bc9714a5cdee492530accf8a327b2aa requestTimestamp=1733519079 service=relay/api slot=84 slotStartSec=1733519079 ua="mev-boost/v1.8.1 Lighthouse/v5.3.0-2e0eb6d" version=6fc57d1-dev
time="2024-12-06T21:04:39Z" level=debug msg="getPayload response from redis" datastoreMethod=GetGetPayloadResponse headSlot=83 method=getHeader mevBoostV=v1.8.1 msIntoSlot=7 parentHash=0x8692623d199dbfc0b9dc4f200e290465b5eba46c1d456db8b88e71f52f891d16 pubkey=0xb8c6663371dc37bf083134dea26a20115ccc52b7c15a662bcfa33435e4ade14c6bc9714a5cdee492530accf8a327b2aa requestTimestamp=1733519079 service=relay/api slot=84 slotStartSec=1733519079 ua="mev-boost/v1.8.1 Lighthouse/v5.3.0-2e0eb6d" version=6fc57d1-dev
time="2024-12-06T21:04:39Z" level=info msg="parent beacon root found in payload attributes" service=relay/api version=6fc57d1-dev
time="2024-12-06T21:04:39Z" level=info msg="enrich block response received / responseuuid:\"4e749508-6b50-4aa6-93aa-5388defb4f28\" executionPayloadHeader:{ParentHash:\"\\x86\\x92b=\\x19\\x9d\\xbf\\xc0\\xb9\\xdcO \\x0e)\\x04e\\xb5\\xeb\\xa4l\\x1dEm\\xb8\\xb8\\x8eq\\xf5/\\x89\\x1d\\x16\" StateRoot:\"\\xb7ڜ\\xbey\\xfeߗ\\xe4\\xf29E\\xa9§\\xa6[J\\xbdL-h\\xc6J7\\xefHX\\x04#\\x1fO\" ReceiptsRoot:\"*\\xd7`(\\u008a\\x05\\xa7\\x92e\\xd4\\x7f\\xf1:\\\\\\xad\\x18\\xa4\\xfc;\\xecp\\xf6\\xceҐ\\x04\\x01Ai\\x0b\\x13\" LogsBloom:\"@ \\x00\\x00\\x00\\x00\\x00\\x00\\x00\\x00\\x00\\x00\\x80\\x00\\x00\\x00\\x00\\x00\\x00\\x00\\x00\\x01\\x00\\x00\\x01\\x00\\x00\\x00\\x00@\\x08\\x00\\x00\\x00\\x00\\x00\\x00\\x00\\x00\\x00\\x00\\x00\\x00\\x00\\x00\\x00 \\x00\\x00\\x80\\x00\\x00\\x00\\x00\\x00\\x00\\x00\\x00\\x00\\x00 \\x00\\x00\\x00\\x00\\x00\\x00\\x00\\x00\\x00\\x00\\x00\\x00\\x00 \\x08\\x00\\x00\\x00 \\x00\\x00\\x00\\x00\\x00\\x00\\x00\\x00\\x00\\x02\\x00\\x00\\x00\\x00\\x00\\x00\\x00\\x00\\x00\\x00\\x00 \\x00\\x00\\x08\\x00\\x00\\x00\\x10\\x00\\x00\\x00\\x00\\x00\\x00\\x00\\x00\\x00\\x00\\x00\\x00\\x00\\x00\\x10\\x00\\x00\\x00\\x00\\x00\\x00\\x00\\x00\\x00\\x00\\x00\\x00\\x00\\x00\\x00\\x00\\x00\\x00\\x00\\x00\\x00\\x00\\x00\\x00\\x00\\x00\\x00\\x08\\x00\\x00\\x00@\\x00\\x02\\x00\\x00\\x00\\x00\\x00\\x00\\x00\\x00\\x04\\x00\\x00\\x00\\x00\\x00\\x00\\x00\\x00@\\x00\\x00\\x00\\x00\\x00\\x00\\x00\\x00\\x00\\x00\\x00\\x00\\x00\\x00\\x00\\x00\\x00\\x00\\x10\\x02\\x00\\x00\\x00\\x00\\x00\\x00\\x00\\x00\\x00\\x00\\x00\\x00\\x00\\x00\\x00 \\x00\\x00\\x00\\x10\\x00\\x00\\x00\\x00\\x00\\x00\\x00\\x00\\x00\\x00\\x00\\x00\\x00\\x00\\x00\\x00\\x00\\x00\\x00\\x00\\x00\\x00\\x00\\x00\\x00\\x00\\x00\\x00\\x00\\x00\\x00\\x00\\x00\\x00\\x00\\x00\\x00\\x00\\x00\\x00\" PrevRandao:\"\\xb7\\x08Ww\\xa3\\x17\\x06I\\xf9\\x0f\\x90\\xa2\\x82\\xad\\xb0\\xf7K\\xb9\\x88\\xd8\\x02\\x80\\x7f\\xed\\xd3#\\xde\\r\\x87\\x17\\xb4u\" ExtraData:\"Illuminate Dmocratize Dstribute\" BaseFeePerGas:\"\\x92V\" FeeRecipient:\"\\x89CTQw\\x80n\\xd1{\\x9f#\\xf0\\xa2\\x1e唎ʧv\" BlockHash:\"o8\\x82u\\x05ωH\\xe5Q\\x83\\xf4\\xb0\\xa9\\xe1Pϝ;\\xb2\\x8a\\x9fǺi\\x8a\\xe3t\\xf5\\xb3\\xad`\" TransactionsRoot:\"\\x86(\\xb2Vmo\\t\\x14\\x89\\n.\\xa7\\xd9\\x1eGP'P\\x05\\xae\\xe7\\xf9\\xae\\xbd\\xc8\\xe0g\\x8bZ\\xab\\x87\\x14\" WithdrawalsRoot:\"y)0\\xbbպ\\xacC\\xbcǘ\\xeeI\\xaa\\x81\\x85\\xefv\\xbb;D\\xbab\\xb9\\x1d\\x86\\xaeV\\x9eK\\xb55\" BlockNumber:84 GasLimit:27136029 Timestamp:1733519079 GasUsed:4290004} value:6797294421190106" service=relay/api version=6fc57d1-dev
time="2024-12-06T21:04:39Z" level=info msg="bid enriched with PROF" service=relay/api value=6797294421190106 version=6fc57d1-dev
time="2024-12-06T21:04:39Z" level=info msg="SUCCESS: bid enriched with PROF" enrichedHeader="{[134 146 98 61 25 157 191 192 185 220 79 32 14 41 4 101 181 235 164 108 29 69 109 184 184 142 113 245 47 137 29 22] [137 67 84 81 119 128 110 209 123 159 35 240 162 30 229 148 142 202 167 118] [183 218 156 190 121 254 223 151 228 242 57 69 169 194 167 166 91 74 189 76 45 104 198 74 55 239 72 88 4 35 31 79] [42 215 96 40 194 138 5 167 146 101 212 127 241 58 92 173 24 164 252 59 236 112 246 206 210 144 4 1 65 105 11 19] [64 32 0 0 0 0 0 0 0 0 0 0 128 0 0 0 0 0 0 0 0 1 0 0 1 0 0 0 0 64 8 0 0 0 0 0 0 0 0 0 0 0 0 0 0 0 32 0 0 128 0 0 0 0 0 0 0 0 0 0 32 0 0 0 0 0 0 0 0 0 0 0 0 0 32 8 0 0 0 32 0 0 0 0 0 0 0 0 0 2 0 0 0 0 0 0 0 0 0 0 0 32 0 0 8 0 0 0 16 0 0 0 0 0 0 0 0 0 0 0 0 0 0 16 0 0 0 0 0 0 0 0 0 0 0 0 0 0 0 0 0 0 0 0 0 0 0 0 0 0 0 8 0 0 0 64 0 2 0 0 0 0 0 0 0 0 4 0 0 0 0 0 0 0 0 64 0 0 0 0 0 0 0 0 0 0 0 0 0 0 0 0 0 0 16 2 0 0 0 0 0 0 0 0 0 0 0 0 0 0 0 32 0 0 0 16 0 0 0 0 0 0 0 0 0 0 0 0 0 0 0 0 0 0 0 0 0 0 0 0 0 0 0 0 0 0 0 0 0 0 0 0 0 0 0 0] [183 8 87 119 163 23 6 73 249 15 144 162 130 173 176 247 75 185 136 216 2 128 127 237 211 35 222 13 135 23 180 117] 84 27136029 4290004 1733519079 [73 108 108 117 109 105 110 97 116 101 32 68 109 111 99 114 97 116 105 122 101 32 68 115 116 114 105 98 117 116 101] 37462 [111 56 130 117 5 207 137 72 229 81 131 244 176 169 225 80 207 157 59 178 138 159 199 186 105 138 227 116 245 179 173 96] [134 40 178 86 109 111 9 20 137 10 46 167 217 30 71 80 39 80 5 174 231 249 174 189 200 224 103 139 90 171 135 20] [121 41 48 187 213 186 172 67 188 199 152 238 73 170 129 133 239 118 187 59 68 186 98 185 29 134 174 86 158 75 181 53] 0 0}" headSlot=83 method=getHeader mevBoostV=v1.8.1 msIntoSlot=7 parentHash=0x8692623d199dbfc0b9dc4f200e290465b5eba46c1d456db8b88e71f52f891d16 pubkey=0xb8c6663371dc37bf083134dea26a20115ccc52b7c15a662bcfa33435e4ade14c6bc9714a5cdee492530accf8a327b2aa requestTimestamp=1733519079 service=relay/api slot=84 slotStartSec=1733519079 ua="mev-boost/v1.8.1 Lighthouse/v5.3.0-2e0eb6d" version=6fc57d1-dev
time="2024-12-06T21:04:39Z" level=info msg="TIME: bid enriched with PROF" enrichTime=46.52868ms headSlot=83 method=getHeader mevBoostV=v1.8.1 msIntoSlot=7 parentHash=0x8692623d199dbfc0b9dc4f200e290465b5eba46c1d456db8b88e71f52f891d16 pubkey=0xb8c6663371dc37bf083134dea26a20115ccc52b7c15a662bcfa33435e4ade14c6bc9714a5cdee492530accf8a327b2aa requestTimestamp=1733519079 service=relay/api slot=84 slotStartSec=1733519079 ua="mev-boost/v1.8.1 Lighthouse/v5.3.0-2e0eb6d" version=6fc57d1-dev
time="2024-12-06T21:04:39Z" level=info msg="Original Bid" bid=6261449421190106 headSlot=83 method=getHeader mevBoostV=v1.8.1 msIntoSlot=7 parentHash=0x8692623d199dbfc0b9dc4f200e290465b5eba46c1d456db8b88e71f52f891d16 pubkey=0xb8c6663371dc37bf083134dea26a20115ccc52b7c15a662bcfa33435e4ade14c6bc9714a5cdee492530accf8a327b2aa requestTimestamp=1733519079 service=relay/api slot=84 slotStartSec=1733519079 ua="mev-boost/v1.8.1 Lighthouse/v5.3.0-2e0eb6d" version=6fc57d1-dev
time="2024-12-06T21:04:39Z" level=info msg="Enriched Bid" enrichedBid=6797294421190106 headSlot=83 method=getHeader mevBoostV=v1.8.1 msIntoSlot=7 parentHash=0x8692623d199dbfc0b9dc4f200e290465b5eba46c1d456db8b88e71f52f891d16 pubkey=0xb8c6663371dc37bf083134dea26a20115ccc52b7c15a662bcfa33435e4ade14c6bc9714a5cdee492530accf8a327b2aa requestTimestamp=1733519079 service=relay/api slot=84 slotStartSec=1733519079 ua="mev-boost/v1.8.1 Lighthouse/v5.3.0-2e0eb6d" version=6fc57d1-dev
time="2024-12-06T21:04:39Z" level=info msg="http: GET /eth/v1/builder/header/84/0x8692623d199dbfc0b9dc4f200e290465b5eba46c1d456db8b88e71f52f891d16/0xb8c6663371dc37bf083134dea26a20115ccc52b7c15a662bcfa33435e4ade14c6bc9714a5cdee492530accf8a327b2aa 200" duration=0.050291 method=GET path=/eth/v1/builder/header/84/0x8692623d199dbfc0b9dc4f200e290465b5eba46c1d456db8b88e71f52f891d16/0xb8c6663371dc37bf083134dea26a20115ccc52b7c15a662bcfa33435e4ade14c6bc9714a5cdee492530accf8a327b2aa service=relay/api status=200 version=6fc57d1-dev
time="2024-12-06T21:04:39Z" level=info msg="request initiated --> handleGetPayload" contentLength=3484 headSlot=83 headSlotEpochPos=20 idArg= method=getPayload mevBoostV=v1.8.1 service=relay/api timestampRequestStart=1733519079099 ua="mev-boost/v1.8.1 Lighthouse/v5.3.0-2e0eb6d" version=6fc57d1-dev
time="2024-12-06T21:04:39Z" level=info msg="getPayload request received" blockHash=0x6f38827505cf8948e55183f4b0a9e150cf9d3bb28a9fc7ba698ae374f5b3ad60 contentLength=3484 feeRecipient=0x8943545177806ED17B9F23F0a21ee5948eCaa776 headSlot=83 headSlotEpochPos=20 idArg= method=getPayload mevBoostV=v1.8.1 msIntoSlot=100 proposerIndex=70 proposerPubkey=0xb8c6663371dc37bf083134dea26a20115ccc52b7c15a662bcfa33435e4ade14c6bc9714a5cdee492530accf8a327b2aa service=relay/api slot=84 slotEpochPos=21 slotStartSec=1733519079 timestampAfterDecode=1733519079100 timestampAfterSignatureVerify=1733519079103 timestampRequestStart=1733519079099 ua="mev-boost/v1.8.1 Lighthouse/v5.3.0-2e0eb6d" version=6fc57d1-dev
getPayloadFromProf called!!!
getPayloadResponse returning payload from bundle merger: &{Version:deneb Bellatrix:null
 Capella:null
 Deneb:{execution_payload: {parent_hash: '0x8692623d199dbfc0b9dc4f200e290465b5eba46c1d456db8b88e71f52f891d16', fee_recipient: '0x8943545177806ED17B9F23F0a21ee5948eCaa776', state_root: '0xb7da9cbe79fedf97e4f23945a9c2a7a65b4abd4c2d68c64a37ef485804231f4f', receipts_root: '0x2ad76028c28a05a79265d47ff13a5cad18a4fc3bec70f6ced290040141690b13', logs_bloom: '0x40200000000000000000000080000000000000000001000001000000004008000000000000000000000000000000200000800000000000000000000020000000000000000000000000002008000000200000000000000000000200000000000000000000002000000800000010000000000000000000000000000010000000000000000000000000000000000000000000000000000000080000004000020000000000000000040000000000000000400000000000000000000000000000000000001002000000000000000000000000000000200000001000000000000000000000000000000000000000000000000000000000000000000000000000000000', prev_randao: '0xb7085777a3170649f90f90a282adb0f74bb988d802807fedd323de0d8717b475', block_number: 84, gas_limit: 27136029, gas_used: 4290004, timestamp: 1733519079, extra_data: '0x496c6c756d696e61746520446d6f63726174697a6520447374726962757465', base_fee_per_gas: '37462', block_hash: '0x6f38827505cf8948e55183f4b0a9e150cf9d3bb28a9fc7ba698ae374f5b3ad60', transactions: ['0x01f8ea83301824058459ad53b1830186a094a07c2e3b780f4370a7840b42528922b65ba4a9d580b8807fbd2d4d6b16ff2b916db0cfa78f63e1795a6cf2101b77f5e7397ac3e5aa12361f600f527f9a8990f34daa238ccf49499e67c7bec191fff9f78beeb8563cbbfd325566ffd2602f527f97761dceb4ea7dddee8922fad128532125af55d54c071a540ed1bf5f337a938d604f527f93b8e27fd7e822caa6a4b2456c8fdb84072acfc001a0b0e0ce615464bcd0286f3c3963405e17f4241c2157733d9a7d5fd6c38e863dd0a069544c20a115cfc1688f240cd7bfb4d3332cbbfb1e70c332af4f2e4b2f435a3e', '0x01f8d683301824078459ad53b1830186a08080b8807fce5cda49ec4f42218898b6405b89dc680a58ad036a9d7586205721a17c63fe4c60c5527f95848ad8e87a686b5f2e6a342c327fc1220218eb125fe2342a8a75351f2de01960e55260ba6101055360a26101065360336101075360646101085360fa6101095360ab61010a5360ff61010b53602561010c53602d61010d5360f6c080a0024a57219ba13d11165328ce9b7eb9a7f5607ea2c1594f6b937cca55dee22a68a0681b1dac3be616bee48d52636d026e2e732eb40e05aa3967c5aaccb61012c130', '0xf8d4048459ad53b1830186a08080b8806092497f94502ddcf072cb3cfb8041139ebd94bc8bb3b22739bf2b310767bb32aa4007296079527f373f210eab7a94a7459907db7e2c0fbc1b26bf836d7548f20a2b7041a160462c6099527f52193fb4ed56e5492bc0a38dbc584828bc913a7413365953f314c986035073a860b9527f13dbbabb57137db87e3c03783beb75aa8360306ca0f6b91a613067b6a45afc9f1dd8e9a9377106ca8235d7dd6a54e637cca562ec8ba07eac1487eb0db9148cb3593f6fff00dc8a0d4b64381a433da0a05a94bb54c883', '0x01f8ea83301824068459ad53b1830186a09479d414b3bf19770bce171249c4ad7d79fc333fff80b880df7f4793582c04381ad61ee3a8ffab6f5094fd49052480fccf74a0977d42843fe3ba6023527fb3564561b189ac16aa3ee4b30ed25a0d3e53b5fa3004863a450401d7e753dd4d6043527f691f64e1070785876f98de756f21ad6cd34a3c50b98f29de54569fc270741b406063527f80024cddf77b7e0c09136aed61720db219c4c001a049af54d6016e6f4c826b15a03d03033015912a34a30f7cc11b7fc2f1bfa402d0a04e100c12497c031240887df4aae3396f14739791eb6e4f5ab67bd37ea916ffaa', '0x01f8ea83301824078459ad53b1830186a094000000000000000000000000000000000000000080b880687fdad0e303897cfac67f6f491c538513a9e2327c33b4ce073387dc85139c13bcf36033527fe7adec0c16a6aae2b4ee5053229611c71e7e8955c58761c27da3476b610ed9836053526086607353607d607453603d60755360e7607653608860775360b960785360296079536039607a536050607b53602b607c536088607d53c001a0d73f1b0c29f2666f206b9bf29e43fb322ad13dc4e8762b48c6c2ae0b017b6289a028561150b4cc1eb1d4629dea9fdfe0483c3cb14799efc3215564245feefa8330', '0xf8d4058459ad53b1830186a08080b8807fe6f588e5cc0ddf582a1ac8b90c86cd21b38d3d22e5ff85b15ea59eb80f750c496062527fd592a66620c1419033f9858a9c6248b702b62cb6acd781f9fdd90b390a719ad66082527f95969d928daebb4b2b8f22720cce9c0875dd603d7b7ef87e904aea55df684d3860a2527f4d1188b6ae900b310cf312898ea47ef101789f8360306ba05d00d31c9e1cdd6674be194367db30139a0dd5820f37c5ca35a2bed7874dbcfda009ffa9892751ccac90d0f3dfcde04d65a036bae75750bbfc49b62b022d2ad29e', '0x01f8ea83301824098459ad53b1830186a094fc58d12597e546908e69830489b6e92649a80bbe80b880601a497f8866752ef4201e8c7ed7af929066f541ae03845d11551a0d7b424159a84aabd76072527f4d5f84339cdbe844e742f2295fd65fc8f2be2a2de5a70fa791aa79114cd4ad536092527f18c6d2d82579a198726075e72527c55e421542e6b1f24f5ae4e74fa7e7a702c060b2527f25daa30fdeecfdd449ab79c9737ffc31c080a0632d7d1afffe5d2e80af2510d1e20c4c9d1e9bc212953186b1d15eda6605452fa005d6d7107a897710bda2367283278993058039ed74ea4a3ae638b025d4d74a9f', '0xf8d4098459ad53b1830186a08080b8804b600060a55d7f7a926b1072c698719bf92f3651c04536d43bf4eff7e4f50e8bfd20f941d3b64260f3527f1049f7e780752772aa671707f19d8beeeb8e7350077db3c80b3a4d3015c3396b610113527fd37ad85e4bf9a7d5f718fa3ffa25343856b7b333554f6fa5669a0bd2e616c464610133527fbbfe07f6b897a789911e448360306ca033b32c3377404936fbbaac7e7771c9d59fee4e3dccefce451f622bd518f95959a01c2a77b12d0980b5e341c516e84de2a26287206293d0c61f481d640b0ef41887', '0x01f8d683301824078459ad53b1830186a08080b880187fb7e6d54a66429244ee760d40a4cc5bc3da0c3a85882bfa6d91aa05c3cafb6ecd6056527f4136ebc5b814c380a9864c9703b060eb1e37e5c12db7f8b9e4235f906066ecf16076527f4d803db4346f68e61fb6f98b34882f8a88cdb64e73c0736472581356ff1e85ed6096527f751b79c7a703737a7b1211c0d153e97b46a9c080a0c6b5c8d3b54b2adb352f93bb177df4aae85cd6b947ebff61f4784686432bb17ba07fa60a30a58b915cb52903faa52288d64d154286546343f79f44022e63dd02c0', '0xf8e8088459ad53b1830186a094175302f710bf54a43cf1cee333a5c57a3e48020d80b8807f0484319372a0223a29767c0f7712898552f3c39d086794820a83959e16a21c896088527fd4ec8dc50e1400dc47c9d2b4f90e5efee323c042787c01065c9acd016a0ecb1960a8527fd30b670fe7de5d767af9f49b1963295009e1d7e380ce2712a6daa8b337ba79ac60c8527f73e27ee77dc3e4975599191bb104ba3b1aa3ae8360306ca050c2790d852d4d839d8b7fc87072e6fdbc3b7ce105221a2e5df1182ed23565ada0507609d156ac0a3bd872e70761cfa2e365307a055bf96b26ed9166a4bfc03032', '0x01f8d683301824058459ad53b1830186a08080b880ce24600060155d7f34db0cb28826b9284df8bd240bb5051458b4450283bdee9e90bfda985c791eb06072527f759ea4702a5b405689b40887bdcd0404cfa6b8ceeb0c44b62cb090413dbdf21c6092527f94753dca47b1b1f16464c90fd666b15559f21f057be70bb0639bcbc2c24c866e60b2527f58702f7ec378974a98a501b5c080a051f82c732370120598d1c39f7a7eaaa1d9acbfeb494482da84fce6496e942ec9a03215b9496918674d81d3830427ad1cc53e0b7eb4502f0bc68d5569b91471b709', '0x01f8d683301824058459ad53b1830186a08080b8807f489a51043adb4701be5d151710beede60024c8c2e3d8035d010163923eb3c2e560b6527fed65650bb858a303e4af21308fc49f087bea55454fad4819ad4e071fee33936060d6527f90560ddaf95705c811fd7f2f0a95f6a0b2859db566a20b979c0a99da4700955560f6527f3e29619050d0222ccff4ad2f1e50372f2b77eac080a065a581eaf6cbdcb0372c799a20f49d19fc9ffa2baa6904b93fb6367c8f2f2f7aa02617bd637941a380b94f7571f914e0caec7f42942d656b0e610040f696104864', '0x01f8d683301824078459ad53b1830186a08080b8806057497f4b2bbd5323a7c8a6cbd92ffca70a6adda921c6aeef1faf4b07fcea70ca67d9b660bf527f8b98bd09b0aa9ebdbdd48c2a197d0ddfef969806a9a2d18baeaeb4726a6f054e60df5260dd60ff5360b76101005360da610101537f4485e64a8c7b03334b12ff56544efb8a3a6afaf8f3809e05251c435b159fb84a604d52c001a0c814a003415abef419c86da4b72884e20e792e34436f9d1e58bace383f35801fa00d0dfed6a2d5ee9f0b5bd436864efc7bdb59f40f9743251b0a7cf7740eebf3ac', '0xf8d4048459ad53b1830186a08080b8807fcd3f45be73d9dfd167f22dd7620fd7d5887b12da448cde66b9d3c30cb79081dd60ab527fb1993a3016de07105b20371cc6beba1c747e9380cf0f64a2829c696f60cf411f60cb527f9c7e0b3e0582ff3c5860efaa5e31fce903b8ad75965d55dd4e7646de75cea03660eb527fe5a135cbf02751bfb2318145d97935a139d6768360306ba04ad78c75e501fac89d6fefa7b66c9a2fc049cc88ba9f545ced05c8db5e684edba07df47c129f26c243d3546db262889ef0355c6151c1706df7f362c555e4d240f4', '0x01f8ea83301824078459ad53b1830186a094bc260378c54acf7e3c1513e88397466351ba9e7e80b8807f28628a78e1d9e54112b2bee984f49196fa8d8e2d0a1f0ae43287dac0f03f6f0860c7527fbcedd5bcd56aa277b0d58165a31ae8196386bd11822659bbca7553e0ac64934060e7527f98f059678d5b9f79e046430b86fd3e5cf40f16c5242a0875b4553ebdabc18b17610107527fe031704a872f55647d0d071c90a8130fc964c080a0400de2b4a3fa79d0e9b2239d5b7a09e5686d0d4a28a9b702f117913877a5c3faa01e47bba42bad7f2169c902eda489f8e36c6e7c0160bb8eb84e80b46920ed30ca', '0xf8e8098459ad53b1830186a0943205c899303bdfd6226c878abd82067a0870be1e80b88060f560525360f3605353609d60545360cc60555360a560565360f5605753607560585360176059536049605a536070605b5360af605c536085605d5360f3605e5360fd605f53608460605360de606153602760625360c360635360e7606453609a6065536080606653606f60675360b1606853603d60695360ce606a536013608360306ca01d007674dd43d29f8e5adb5a06fe8036b0699afc5d85644058a70bd7898c387ca05714400c16b3e2e8ea16a01780eddfaf5302c0f4778a10c14e5283cf879693b9', '0xf8e8048459ad53b1830186a0942cd938c610abc2806ae4309128c24096144f614a80b8806000602c5d7fc4346067ad23321b261582c48071978a5c24bc135889b0d4af5d3310eb77f3b06061527f29c96296a3e79fb084085241c524f35d006649569fb9fe87524a7d3ea8ee558f6081527fbba42c3492cf304d69014658e321bb8e01737fee6db1e19df0073f59dfcb089a60a1527f80fe73aa3249898da8a5928d95588360306ba07d104d3711836ee7cbe3c36f12b17333e34d586b0232130e22163e317eacdbc9a01ad66436e5e687b3e31736570109d17956e7aa2fea927318edbbfe1e03b4dc41', '0x01f8ea833018240a8459ad53b1830186a0941a5b5d72e3b8242afbf0b7e13d2579d6a38cfb1d80b8807f320a275dfbaca97fdc003a80ac8120196e722d5537b5c935e0d570854cfe075960ff527f8de45cadbc900366c73fbce505daf44e20e0507333431c670fbb453af080874861011f527f1e065947c03b0a67cde2760e224762648ae5edeb4fea00531bb27e90ebcf7f1361013f527f4706b490365cababf1f7ebe37af4ac98b2c080a0e6fcc80944d950de81132606a3557805641817f41ae1e33fddad1e5faf20e283a04c2525c94e756f9ecec548e4b6612a853a20aaae572883347970d44ae7ddad9f', '0xf8d4078459ad53b1830186a08080b8806000602e5d7facdb7011b48d01282499b1c219b518cdb4de870e7434cb0bf306b45e72b326be60bb527feafaa58dd590f7137d0a8f1a359b4a0230d6eeb8c4490a2cedebed0570a0e20d60db527f31477dbc6a113d7ce7a1e9bad4b513454c9976e6e81086b751a45eeaccb34f9860fb5260d561011b53602561011c536056618360306ca0c8e3c484c0f740a8ede70b13f0bd440b309bbb9ac81ee42f471394390cfaa8c7a010001ced4dff9f8321c986a5cf839285343da57bd2616594f09c2c84962806fe', '0xf8e80a8459ad53b1830186a0948db5d7891c7b6ec0225898a83ec9aace12a8219980b880600060fa5d7f8fa9d02be292e2008fe1234d43741b77bf4e298563f16989c82cc4edcfb97d836025527fc592362b04c904c6682ae45631f7515467174d69b0495ba5b002e53405d77dfd6045527fb079afe0a6336c3c11a3bb3cfd1cf835831b98cb1e2edc1cd803fb91b6414e536065527f1eb8c3d3a550145f869f6cc886948360306ca04c707894fddee3944dc52aac404872066fe1f6faa420cf2e567bdba8df773453a07c427ea83b43a56041db5b9c7e0d40c2764410a78ad64aed4db95aa1ba02a6ff', '0x01f8ea83301824078459ad53b1830186a094b780876f2944ffcd8d1e394f3345c39ea8ff095980b88060e049157f6a29a1cd6114805ab202cc920541a22dd4aca15d1d25e90adc423b0ea30f70906026527fa20036612f7b8d786b9b6efdb6cbe226fd78eb673209b73915d048aaef15ce5e6046527f8e603130a38fc56cc5d976657c44bd23dc340ca45c7b2a8bd48350864b0ebcff6066527fe4adc1bb56c8691c3c0b52a41cf731c080a0aa91ec3b95d6406a8d5f224af4720120ac6a3402b92cec67d1c1504df9d4857ca013aac6a15f555fd72d52407fdd4afa19305fb424212757812165fba03986cb89', '0xf8d4078459ad53b1830186a08080b880600060595d7f57cdec4a6c228bd1a1bb17ecd4fbe0ea95d199e4ac1cdd8a49e6c3010e7ed3a96030527f06d240e076248526d8b08b2812c1db0c799b980ac87c9a184c8ef0f7e672b2ef6050527f1f143db89700e79c08777cd6118ca4c0f5ec9dfc2edc8a50428cb8d5d746db266070527f7a18e9dc39114176bdcb01faae758360306ca0de6fa387a78f2c1e5684ad90cd77dbd1e2a6dca781e64390cee7351113e536afa06dc5c6e10bf198b1a680ffbda27818589807a4fd5221eede65a2cf5503cf9daa', '0xf8d4068459ad53b1830186a08080b8807f969ecb73a7cc582b60872ea095e84de894f290423c0479fafed086d6b75e59a3600a527fa5e382783f68e172b68474e9c194e1f6e78654162cc9cd4c30b8b08ab6569f8b602a527fe8479bac98fde0b3c0c7ecb71dbc36362a611b99b495232416a5402e7bd1eafb604a527fab7f567f4bb38e2f58167d078e57d6905483f18360306ca0ee2c2562183d634156866abd7bcaa763b1947bd51a962722fc3fb539f8b67316a0042baf2170b798bb47479e4cce2ed7164710dfd3fcc07f1775d9045e0b6a1eca', '0xf8d4098459ad53b1830186a08080b880600060585d7f86b5672cd085b0c96165d6fdb4f29a6fc4c7a8de1f254adbd3fb05639b87ef6c60385260866058536078605953609e605a536045605b5360bf605c53603d605d53603a605e5360c3605f536083606053604a6061534e4960884960ae49817fc28bb1bdba264d30fd328572e448ad59a83cabc402c9f60ffc71958360306ca0be1873b2d4763e7f08563e38460194f6d15c0a2978423cf75247c6c3b925c726a002382b5a48f8fad883114e8c376a06c6997818121cec7808e0ad7707571648bb', '0x01f8d683301824068459ad53b1830186a08080b88030600060f25d602d60835360fd6084536021608553608460865360b26087536049608853603460895360d5608a536087608b536060608c536043608d53603c608e536070608f53609b609053603a60915360db6092536090609353601760945360f060955360906096536074609753603b60985360696099536098609a536077c001a0dd5aa5c147db45abbf923111789692bac36c29b90b424e442e9328ba4e738e76a009a983625f409da883a0fc3a774f959ae570e76adff730fdf9e00e38be759ab7', '0x01f8ea83301824078459ad53b1830186a09490ec5c0257f892e581b798e4c5259419f187bd8f80b8807fa49df2b8a6f8cb25ed026ea7fe0165be6e1dd5c2120cfe8c03c2a380f7c153f16032527f992a84e10605bba138420817080fcac4d6470a1e1012ca83716fa93b3845b96b6052527f75f230ecb9ff23e9b9b481781e4aac9d97f6560e75567dca0071a3e45016f0ba6072527f2ffae01001291565b00f57a01eb05955d64327c001a0841b8d19ca8a2b3684325c7df5bf3664fffdbe3b2b12c9359baac4605b02c4c4a00de4caf1243a9d268786a0cef0d55007e24217268c7de339826a06def245972e', '0xf8d4078459ad53b1830186a08080b88060db49600060be5d60e460da53605c60db53606760ec5360ed60ed53606360ee5360ae60ef53601b60f053603360f153604560f253607d60f353604260f45360f660f553604960f65360f560f75360ba60f85360a360f95360ac60fa53600660fb53606b60fc5360a460fd5360a860fe53606c60ff53605661010053602a61018360306ba053090bcdd0cbfde4189a74a3d968ba7c358d4b8c41bf7f643c80362929bb1234a07ebf5fac2c93a73a410b7a7b26e1117265d2100333ba2a7b174695c70ed24a5a', '0xf8d4088459ad53b1830186a08080b8807fbc09237d8d159a1bd00ee792a03f4437c3ea14df7c5e9d2ff168c8917c2269346092527f03944ae35f7917a9cb815ff0ec2073777b0f436ff2cd55d4f017e6633592133260b2527f88c37e6030bd578c692c876a6cd72900863c21ddb605f12fdaaa03efdc6e118760d2527ffd7afea25bada627235591ccff34cca6364a308360306ba0c0510a9b3b7c3157f0e12977630f275c824b312b542b49bcdf3acfc8ecec7e65a04a1b091663a6e2283e4a94bd561570667c96d53c526dc4398ab1395ff9d17552', '0xf8d4058459ad53b1830186a08080b8805ad9600060e95d6000603d5d37087f1f6943daa702123097cebc246ddf51df8da75f3e11df2cb6c8ec26f8437fa9ca6047527f78348191e5bd3795a3b788e8aba1b78d06eb9ba2f292882f55bd68e46c66fa786067527f207e7f010beb07f711478f8ca0615683491becb62fcbf9b5ba40c49ae285641d6087527f82f4c828138360306ba0763fe4870ae4e5a5784752baa5b1e38f47e7f3f90f253bebcae21e16f2f9083fa015952a518b42663052cab55b5408e57c3c5a1de3f426a698aed342590047aa8e', '0xf8e8078459ad53b1830186a094b02a2eda1b317fbd16760128836b0ac59b560e9d80b8807fb1b44b2b9016a7bcd76967ab6e4f24de53038e961d577ad4f14f5a9ff08efa7c60ee527fd266b32c037c82224d02d5a8b4bf8d0a9d18ae5ee90ff07cf88b198e056f057861010e527ffd8346507c1eda13d0ce996051f086365239c54e475c8d53e04874b4a499fa1261012e527fcebe1962849612648a2aaa01492a87a94e8360306ba08472f25f7d9a9c7982cff4dd946c65e5074ff85e38e3248095722368c782b77ea02f8b57730cbc351bf4edf154a8e48778b7d335f14ac2d920e10baa4e353c6bd3', '0x01f8ea83301824048459ad53b1830186a094000000000000000000000000000000000000000080b8807f9f12de6763debf32159499d55736592eea0721773f445ad6eefa82b26c751291604a527f3e35e19379e6121977ffaee16b9bc4b95b52275bd26e1273e45421400a80e4ce606a5260dd608a5360c4608b5360f8608c536072608d5360b0608e5360f2608f5360b26090537f6fb838feabc79a38f70ba9e2b297af74dbfa39f1c001a0a5b79945593b9aa96286ec3eff7697004b8445d8ec1ada57c87504367114e874a01fc667e34fd0ba41c1a0e3c15d6b284ef306f82ac6777f63959573f20a472ff6', '0x01f8d683301824088459ad53b1830186a08080b880600060bb5d7fd97e7e0225f577dc75427e24e1b23b74ac7209decf98bc62448c076605c78f6060ba527f73425a2cbf828b6e8126dad58bfeee197fb7072f9eff8343094b0c95ec53268a60da527f729db242d4fcd28b0950a557581679742fa1728931bf69c948e40005d30f43b260fa527f02e3f185e0ac0ecb2ffcfc8a10a1c080a046d6e90a8c76860b51bcdefc0b30e80a9409d8df7dd1d1bb6a119b1dcaea3b9da00ddf23d6172973f70c723a012c2057edfe86248b31b65c5eab918b2ed7891ce9', '0xf8e8058459ad53b1830186a094b02a2eda1b317fbd16760128836b0ac59b560e9d80b8807f16f41c8dc04011b3900b43a7d8928d0465c9c1746f07177a5eb601d01ac4ecc960305260b360505360b76051536081605253604a6053536073605453606860555360496056537f6ba668fb60e1e355da87ff012eff0662abae7ceaef7b50df9547509f5908b82e6054527f953e35fee2f1f1fb1c2d31d00bf3fd3bc803a5428360306ca01d2550f0e6bbe7b0e6d161b972517424a3519f6f0104eefbffa88fc282309b84a00e22a60b601416f5e7df0c085a1dd323276187f51fc24ce59b43bc6152140e2c', '0x01f8d683301824068459ad53b1830186a08080b8807f38c7e01cc1b744ad1bffbf626042033d187a3d6ce97c15f7373294edd9688bfb603c527fa1ec06f0d5
74e9b165a3e93c43acd5a55d7a2f98604458d28a6d5360f728ba3f605c527f9e4e5bc0c086c015209df6d8967336308aaac1fa6d93c4492495740df7b84604607c527f3c85a692c6afaa9f28472d4ec13d54c46048d8c080a0ff5cb6bb08c4bb6e2e8ae44aa34dc4144ebeac2f6384af79dafbf5a5abb26f14a027ed54ecfbfd974d45608bf05c61bf9a6edc51be6807960bc0c321356c2dbce8', '0x01f8ea83301824058459ad53b1830186a094af058dfa8fd3ddfdd216c5b7585165323547e4fd80b880bb7f12317a09d3b7347c9a0cf97c07b648e8a4ba00936dfb7c125dd788a937a2b57e607a527ff6cee8d35401ffc1a931d9328f4da3b5d15515435d1807b6421c859740f59274609a527fb85b877b46ee193892d6ef8be55dd3bb7f575a574dd203af3522ccc4eab27af260ba527f268dfd756df81f508b562f75e60e56ba4ecac080a0f6542ca1bc16bf446969e19c6886de0737c0aee9828973185ee5dbecb9490aa9a03faf0958f75ef437dfca692d9286c88aedb32c502fdbb02244a54ac30ac913cc', '0x01f8d683301824068459ad53b1830186a08080b8807fce8f4c43089c2f870e1356e641dea59169f68a59097a75bbb24ee5f65735d52e60e9527fe81a13955c5f5f666d04cb8e40c01d81a8f2893cb2cdd20d61d65ac435376f45610109527fcbca238b9a8404f0777e9663457c3b588fdc184ea987a1201cb1af612caf9195610129527f857732a84192c06223f894decb3e27b33ac080a0a309e958108cc2f46a650f4028e57b937aa1f8e7906e01a622ae9d092b14210aa038b45bd66b433cd8412b220292eba05fd7e597d7daa7b5723a091a8e608295c6', '0x01f8ea83301824078459ad53b1830186a094000000000000000000000000000000000000000080b8806000605c5dc3600060e05d7f8f384b67e9f273732021064a749c0d1b7ba747fafc1007dc09a8e4c879323b99602e527f1f1795d24efa54aadc5c0cecfe1ff02fc86633d9a298e0a679b6429b445f7a15604e527f9f78da581c0377c46f95667580d4de0cfff4746a6bc7721f961d3e6e36b08288606e5260c8608e53604b608fc001a0e9e82a38a98f2381eba31d2f2384246052259ec6ddb0c262056962aa4cea3b1fa05496848bc4ae88772beb32f3c3887356f4e6477b7056e09f1e080c1fd4fe1636', '0x01f8ea83301824048459ad53b1830186a094d2a587b1a2b2efd436a310ca81ce4c4bb448716e80b8807fc939cb7e1419a184d4701d7b9160f80b9b258f117836ef9277dcdfab4a40e3066070527fd698a9db68ac0843b1bccdcbcff150f160b01c776291e3e6c1b57ab76e9298386090527f26a2faf1ed1b0a92bfd97679c819b96f242d8e8c70a8a46dfc222159ab46be2860b052605160d05360dd60d153607160d253600060045dc001a0a0e3cd16b80bdc380098394bd06107631ac54f91e41916d8545450a539834ca8a008957f619ecc89998eff0484eea0e0e0070ccb8a50ef759a7d66dcf7ba976508', '0x01f8ea83301824028459ad53b1830186a094b02a2eda1b317fbd16760128836b0ac59b560e9d80b8806000608f5d600060e65d6000608e5de87f3f3f72652d9e93a57f57259f03107c56b2861fb51f120fd68611a1fc926ef0d960b4527fa36c87c2c3d4cce998046822009ff380d657b158a5ea9e64f8cebaec6ac01aaf60d4527fa706d4655280387f31e9dd3414daf96a159787673b578f67c1d3277c8761b9fe60f4527ff2855dc080a0433e9545eb83b2d46cffd5a82191050b877d802a0097b10f142143419b094e98a050776417f6a565039074e3fc139430bdbfb7eef99f4944a36d30cbbe38ec03e3', '0x01f8d6833018240c8459ad53b1830186a08080b8800a600060485d7fbc9c0f26c187de353cacdb6843aebde338ac277ce9d81c182b3abba90daed6ef6021527face461ad193ae043f4748b1f9d327fd6a72a57e32780febc61ecc7b1440f644360415260a7606153609f606253600060165d600060ee5d7fb5447fa2560480165089d0ac743f7bcbcf9a201734efd61c552785a002c001a0dd804b0bfa934df6aab344584c06afa2e53421878cf784125f9954a1206d6f16a02a1b6d364a1f12439523d70347ac0fb3566be7ace29615e7f7b7bc2210368faf', '0xf8d4078459ad53b1830186a08080b880600060ee5d600060c75d7f6d3153be1c26f990e25754d77dce822b6c7ae30eac13bef2f5f471e439ffa821606a527f69de04d3650fb4dc8d1f26ca98dc1f0c2439aa21e6d2ac55ddc3e0729d5a27aa608a527f600d8f1dc277fae68788678e85843cda6349f60bb86b0e3fe92d5381495bed1060aa527fcfe6dd7ccabc92cb398360306ca06ae78fd28d09a898254ba29298f47902da62bae802b9459728164970386b5bdaa06f3e99010f97f241dc72771f9091ab3fd5456403cdf30792800b687f40269871', '0xf8e8078459ad53b1830186a0947b0eb0f167cde13eb0eaf5c824932e3c769d207e80b8806000601f5d7f7bb76183dd8b3f518426893420aa0d6b5d27e76a726ffd97c5bc77ca4fff08936038527f57abcd3655d5d918f6521af877d7004ac67bfe9d3bd2e2ac555a90af1fa70c996058527fd5a2cf3190f53e646bce6b9d394ba9760602323c86ecaffde766e625bced964b6078527f41e1ad202a4c43478d4d2449d00e8360306ba046d8661dc02a016220c2ceb9cb98af4b9609b2d8633367db147eaa6eb74c2a17a002d1f4887c3923dfedaec758008af0fe8cc255a1c80f18825f1757cf154bec7c', '0xf8e80a8459ad53b1830186a094e1f741d3990f4b667f192e44f609c3cc903c519e80b8807f81811db20e7ad42746cf9a10013ecf5d0f4de1f6ae47d6fcb9aae90ff237b7b260b0527faee8aa6aacdcafe2a3bee75e601b0a75920de1f7d330f52d85b51824db8755ba60d0527f71e462769648ecf73bc267869ca94df9a7b1c3201b8a60e8141837afe85f63fb60f0527f28fa8ebfe7f385bdefd7226ed50f24bb3c0a598360306ca0f99af805aa4d4e956edb13119f16b5178f69175fb14705c036e6ab6c40116735a00e9626b9c342f19a5fef7d6817fcb6c1b279b9fc07ac1f2b0bd7c7517c6644ab', '0xf8d4068459ad53b1830186a08080b8807f353169c60559c19de3518b4cae646370a50fe5ceba42c0839daf90e88195570f60785260e460985360c6609953600a609a536039609b5360c2609c536069609d536080609e536000604e5d6e7ff2211b8410083d6b2d25a546bd8f363e41f34f3920758d7e8940751c659076e0601a527fcf776cd10b42d9a37cff25a1d2658360306ca06a70e556bbe832e7d083dd393305786d46a885cae649cd4d45341a31063409aca0538e7ad17055b3c5b280f9609633d2b0b6769b271258ae31123b2aafb6466bba', '0xf8e8068459ad53b1830186a094000000000000000000000000000000000000000080b880600060175d7fbab8a426a1d5180788fbf185fc74deb3c4dba2e0c8589480b9d12a14c100c86d6058527f6222b9d22fdb16bbdbd8da47a741f705fc912e8fb5075b284738b82d9e635f59607852600060c25d60ee49600060025d600060685d6000609b5d60da60755360ae607653605b607753608e60785360106079537fc3a38360306ca0673acf43229b11567ee8020b99b739ea324997f91ed9af54b469d4c573b22fe5a076e335a62e9f84093894896021f8fb9765546f192168411c1b15a8efb1351e8b', '0x01f8d683301824068459ad53b1830186a08080b880fd7edeb4e38c174a6fd7ab48cfd0e4040014fdb8e48f300e04d7a88b59f549bad5603a527f7cb8346547738e2c12a71aaa702a69c45868e321771e6d21e8e3a24ddf79d5ed605a527f2ff3c16e4494beec7eb416c6f84c7165b58d23a9335e7a3bd9521c55ab61d1fe607a526066609a536054609b5360dd609c53609b609d53c080a0839b6ff22e40848b7488eaa3c493aa373d7f00bd10ada98aa0085e772bd3f7c3a01f163fd921ff09a02c30825906209280f12e140e748538a5f2616623c43868ef', '0xf8e8088459ad53b1830186a094a9045d1aec5401b649c9855ff9252d796a05035880b8807f3bd16027948084ac37364bdc22d4a7dbd247f6ce555eadf32d5cf594622e640c6069527f84160615aeff9cedc7c520ef8aa1086e3911a25aebc98e8a72e2881051868ffb6089527f6d5ff0a5c4897dc1ff5e923cf3fcc10e96e96781df32547a2bf1790079e6149d60a952606c60c953607460ca53609660cb53601c60cc538360306ba0f303ed6d6542db4c884aa1fdc132c79900443bed28c21f201cda8d805dbd865da021dcf294862171bcf8a6bead18873dc1155eb1be2c13d8cf28b23dec8dde9a23', '0x01f8d683301824088459ad53b1830186a08080b8806012608c5360f6608d537fc0ef14359c6a2fe93e894f55ab7a17586aead63f2467d50a0edc75b5a69f31ad603b527fb4068bcfc5614a3895f409712fc55b6493a010f00814f301194a88dbb5c174bf605b527f7dffff50a543d12570a087a674bb0310749ae8adb2a31ca4590b3ca9d6871d4d607b527f7ceb5d147f389ee938c080a0b21fb140a100714b444daffd8ff1fa16c950d8457b932f0210893021fff3ca15a04b40148bffb2fcbe5ed282aff01647c3484f86dfcb9b8cc924266392fcdcc3b2', '0xf8e8068459ad53b1830186a094b02a2eda1b317fbd16760128836b0ac59b560e9d80b880600060535d600060a85d7f2618fe2383a262ff08151b0afe5366218397ebca4558cbc47ef011e589787dfd60bd52606a60dd5360bc60de53606d60df53605c60e053601760e15360f160e25360cf60e35360a460e453606660e55360ea60e65360c860e753609d60e853607960e953604160ea5360db60eb5360aa60ec5360718360306ca0d23c269822b02539dbe48dc41c0b54ad9b864f7d79746a7bc4c882d169af67dca02556cea0cf3df9107bd02074209c65e45707df191d6692ffedcb63e241d9c161', '0xf8e8088459ad53b1830186a094206f39d6261b15bdad10f6b19ca964594687038980b8806000602d5d7f5d75c3094eb4d7e4e4fcdf9b0f03ff7d162ae26a7dc0925ffd3539702d3ee865602e5260b7604e5360d2604f5360066050537e7f482c5381a282bc0cb24c7712ee472485ce4e00216fa3029e282ec164e36f73db60f4527ff781bc9f16c3a218ccbb05040da3002517b4613de1d9436a9c7cf60251b8610061018360306ca01aabd9a1c4e0e5276b9297ec96a4582db468705750f83e4b2836fd53b957b00ca016246e1cc53ed588c3a8f37959fcbe0bb970bb28b2dd532f151c92a4f744bd5f', '0x01f8ea83301824088459ad53b1830186a09499de033f4d9374b4e4afa03474632269976c918580b88060ff497fa7e44b4157b445685ee6b31a6d18e9e05dcb41d1427b31d344374450225f625d60d1527f14b5ab1d5132392300308f22cb41233cfb64994e7fccbe4e65d7c03f84be8c9260f1527fc98d12bc104d5aa456395c8c1fbda3fb554b9bd7d3b319aeeaf73d70078e231c610111527fbbb94306ea423a2e86e38b5eaa45b0c001a0ec2a34ccd22484d5cca12cc6e871535c9b6a35defffff72a6baa606e72502df6a043a0ec19e44d656f7e8c26291c24f4dbcbd04185e40a22d579a8b92c133ab9f0', '0xf8d4078459ad53b1830186a08080b880600060195d7605603b497f74bfe3c946cf7bec536a8d333998df1b8751f4b8df8d56ebaf6df4dc55decd1460c852605960e85360ce60e953602c60ea53605960eb53602760ec5360ac60ed53607060ee53601960ef53604160f05360b160f153604860f253605060f35360ee60f453604460f553603a60f653609160f75360658360306ca09a7f60d1c7b8e0bb9b124337479288b201eebed5b7146637edcceb7d2d813588a03e6b035d9245e07bb89218702f8f61753f54067289fe8e911f953f4d6dfe8594', '0xf8d40a8459ad53b1830186a08080b8807f9bb552d8eb114d975436f5512e777cd48775a4889bc9e0ea3a217bb4992f05d0608352605860a353608f60a453603360a55360c960a653609260a75360f260a853607d60a95360dc60aa53602d60ab5360ed60ac53607a60ad5360ed60ae5360d060af5360cd60b053609760b15360c960b253609a60b35360f760b45360d48360306ba0c6e8504790141e52528bc1b6404e83058fecb38d9a2789df2a8cdfa662e76032a03249bc0183a936c5f8193e8e601d43d23a624772736371cc555b6abdc2987807', '0x01f8ea83301824098459ad53b1830186a0948b67540fd5d6ad0e8b72352c357ef58d3482637780b8807f989f795a2fb1341556b25ad1de297692243d2e0a2a219ab2efece87a2239cb5860b3527fd9693d9544e536cd588529fc6ea9e4886cade4a9e2ef55228ad4ef4c459b084860d3527ffaca934a8ef697de84d05be6bfb6a27d31ba141f4978bf692a199465c2ad926960f3527fae76a34917de7f16011845fc5786a663e1d27cc080a0900845b9b25d0a9912310e52748c47449d522de34828ae70759869cabf000da0a0327acdc9a530b20f5c71689b749ef37a1b804f6619a8ca8bd781627bf944a13d', '0xf8e8058459ad53b1830186a094000000000000000000000000000000000000000080b8807f63747398ddd6bb35147dc8c938bd74620b0d4006b87dc268665a911ffe22b53660dc527f53aa70b5fe6a0f7fe7d0d601740ad70c32418d034aba1728127424c799cdd31860fc527f29303f6c988acd8f91e51e3bbbd6541540c70d96d585da77cd38e7a17069fb6a61011c527f27f3db734a83de8b5f391e280392c469fac18360306ba09b49946b4c446c4c0a87595cc6d73716e515a43d4428d67d01982d3b4992eb67a0054fd831e9511e7b937a145501b204424566fcc264897f4e629844988bc77987', '0x01f8d683301824088459ad53b1830186a08080b8807f3263d78a7b5650ad577da1fd20dc8b9fd27afe85a887d7bbdb4a673840b479a660db527f879a0f67e08ce1d262c7641b8e255da26a98d1b3056419a9a1000fab073fc35d60fb527f4af9cd77bb3e003a489a6c0c0332df4e3f86ab6118f7ec784382e75a84afc68061011b527f5360e8790f9fe02ccf6d2bc6ff308e07781bc001a0fd92469dd18e7d5203a88ba68a0898d3bfacef4bb4febda11950b388e726c36fa01e907b6474cb75bc6901c6e8309eb3d5860991860a83109a77b57db99451dbf9', '0xf8d4078459ad53b1830186a08080b8807f83cfcccdb196be4c5a060f81fa47835d7922f79148c03b3aae63e04457c16a8360ec527f7b7c88acf46ff962b5fe7abeaf457d4ad0d8d212386a34776ee86df43b5934cc61010c527f9211aa1976e68fca6dabcc790c069389047dd70ccea709115e403d326738f05861012c527f2f816b532d64b9bcc7d861ca51aa8d6d518360306ba04f71aa367fdc41846fc384bbc66d5e788eb2784da442850a2414361de4627c55a07e2bf87e5b2883409b4b785ece4bf8045ba5fd0ca56c9be1688882a388a3cc80', '0xf8d4068459ad53b1830186a08080b880ae7f9898c317d3e07d58c76a45a7d05bbe681422bae77a7b9887064e33410dd1991260815260f660a15360e560a25360a360a3537f1efc49c6b8e7267dc5b7ec8c17881b064f9c7b4f1bc76c28f4eba758b9d960da6011527f2df5d0875ab916a6bf30a4dfb9f5f00390388a1dc08d34d0e933e2fee5c732f56031527fd9896e8360306ca0770e75cfb6fbef117874d5db2f644b83839ed9794e91e95541337fac530ded4da0783a6901c8a062ed9d76d9bb035e98bb91e8cc9756ae8b18206291c35500b399', '0x01f8ea83301824078459ad53b1830186a09467dc5958085f7da734bd5ce51101e4eba013aa1a80b880600060ed5d600060a45d6000606c5d600060cb5d7fe5db21c3166a18bfb90aadf0b55c3adde4b7038a7465d7561df763dead5cf3e66055527f8954efd0d431f5d3b69342a450bb6930f6129f44c30d7d390d51cf62d267869660755260fa60955360f160965360886097536015609853607260995360f7609a53601e609b5360c001a03ef4d97ee1ec285c9fd4cc7d51d6bbd4b828c7075aea92a98ff7b74179f15120a059f7d1641bb9723309204635038ddc4bfbab99151da64d99bc11f783b333a300', '0x01f8ea83301824088459ad53b1830186a094eea42a8317b245678303e201d12cab101835d25680b8807f2aded7cb11f9f5f27505f12e2a85f266ab7e56e5fa8ca5a39e3b4744b04d408b60b6527feefd1c162d4d57aac804427b4214eb49782f1214f674a5c84f1897d25a1699e360d6527f036dafc32af9654f16ee2e94ff290230326611c3d07ae9f4795eef34299b1b7b60f6527fac57ed0316893a429eb7ad673c5838c7193a1ac080a071d48415fed804ea754a13442d200de739b0b361963b6a3d15d64a269bf56df5a016b0be7d7f662cd1634242ea12fb89a1b6e89ac0585a850a44e85cffb2fae82a', '0xf8e8088459ad53b1830186a094b02a2eda1b317fbd16760128836b0ac59b560e9d80b8807f46ea1aa54210eee7b3940efe40ebbeb833e549bcf3d845362fe00e2c6b191f65602b527f9b8e692ee7667565f15541c2593756f5ed22b62c7051a2b3727d86fe11a79b65604b527f566b75a7cb249f3956d8c52f133ab8ace74e39cc11bd41848f176b905223811d606b527f5f3a8f55067a573cf334d62932f0276cca349a8360306ba0e9a59b2948e6ee3750d10859e06dbe64936fb74f270160f6cf68060a9134b3b5a04f014ccdcffe87678a5ec2ba74e11a3ea0cdd556cc584b36f683eac9334f01ba', '0xf8e7058459ad53b1830186a09476e45fd0dc475875e25cc5ea77d5c0803915037580b8806040609853600c609953603c609a53603c609b5360fb609c5360ce609d53607c609e53606e609f53608560a053603560a15360f960a253600960a353608160a45360c060a55360e460a653600160a753608a60a853607160a953607c60aa53600460ab5360e660ac53601d60ad53605060ae53605960af5360ad60b0537f38698360306ba023f46d42d2ba7b4512886e5188161cd52898b6ee309c7bc29620f6a5f932d27b9f0592fc3f177bc5f586c49eaf62e1cae0ae803c6367c4c4db2536d067d65a0f', '0xf8d4058459ad53b1830186a08080b880600060e45d7f09cb720be3e7feaec9cc5ca0abd170d341957a3055f0d144b65b3cd921d02eec60f5527fd9322a8934c91e008e06245c7e98d2fa331102f94865158aa919e7a3320f1c5061011552604161013553607c61013653609461013753603a61013853609261013953601e61013a53602f61013b53603f61013c53608f8360306ca02e332885a523ee95717cafef921f39c4ff8a6e108965570849a7d6db399fcb06a031e73ef1576ff598d66a1940a65ef7cea1e2522fa6fe7de943db0274a7bd1c65', '0xf8d4088459ad53b1830186a08080b880087fa9f3f3efac7509a4ab57427f82153b2eaa882be837e00b58a34fa6059fc2d0a160e0527faea6f2ac03f6bbadcc9299e745fe58cc4013ddb62c586f6aaaff75f454ff2f44610100527f077d9e5d5d6927a18bcd1bfe96ee52d6a2b309b3e158651c1be0b27dbd1cf679610120527f5866003b3518967fd4f18067c1076fc08360306ba0283b7f9163195b914e1e96a8654a704445abf1991a4642a21ef36612e325d5b5a001adf536d9ef78805d7709b465ade8e1dcec9bc8585b0657f9886b7d3e68c933', '0x02f8db83301824048459acacdc8459ad53b1830186a08080b880600060545d7f3c2ba372a8f98209dd7706965c7f0bf82ad5e2d4354ddb74d82612791060d21e6074527f7bd73a8eca7327252b3ef5ffb6b02a32e72e1fb21c399071fff5d5acf13568086094527f5c36e2dc03651c48430220b70594e1d6c2c628609d0ff99dd7d6a01c2640b91a60b4527fe09b30783f807e35f877168b83d7c001a0acfc50cd17e06050dae17e8867f22d1f12e47770193baf0f1e96aced6df6b7e5a001c2da462405772f4136d80fb295ad156e1a89a5ce11951b39a1a9966f0592b5', '0xf8e8058459ad53b1830186a094b02a2eda1b317fbd16760128836b0ac59b560e9d80b880dd7fe243503436e8489df867b3d2d3c6907417fe71db2e595b99b7d6ed97fe8e6748602552608f604553607d60465360f16047536026604853603860495360df604a5360ee604b536010604c5360c3604d53608d604e536034604f5360f2605053600760515360cd6052536027605353603f60545360356055536036605653608360306ca0b0557477c177c56fdfded44a07533610e82f8c7a38083f2a3c80113e6811502da04dee9a39258280c7ab1960c37f0aa2a14f03753004f109fd6264686a60611f8b', '0x02f8ef83301824048459acacdc8459ad53b1830186a094dbd5a8eb0a00cd97ac1e9f5cf11dd7254c7cf7c880b88026600060c45d7f528762a749f8f8f73983ae9ce794e3d0a7ce54b224df62d561ca6300ec9382f560a5527f06e8f94e4213ff9f07f0f2ddff65fe07c74d7754e2f921b547d14112d4319d0060c552605960e553601760e653609960e75360ad60e85360d960e953609b60ea5360b160eb53609960ec5360c360ed53602060ee53c001a00788a10fb13cb6a351e96b246d88119b8a53d871ab584108bc750bb02faa4645a01747490814ba45df35f534a12dd94a0a89df2e2ee7e23df32d468b04b976ef8f', '0x02f8db833018240a8459acacdc8459ad53b1830186a08080b8807fe0144a251573a84e915f0058319b76b8a06733803b60b80848a50a34baf7d3d16012527fb5be8eaf9ddfc712bdfb3a3a55498d6f2bf312273d44f646f850784e99c1c7496032527f9ca47492734eeccbffac6df75852fb554e03b087be5a58f6010aea133a93c3f76052527f626ac85bc0c23934d1c9330e9ead8b9a6bda0dc001a00708517a75b103dce21556e4f068961262a582ee8fd90c74849532f8a5c47499a01a24ee0ad2242df5cfde864d34ae4c937d440ee500c87082a1be3bdbfaf27c93', '0x02f8db833018240a8459acacdc8459ad53b1830186a08080b880607b497f21fcb922d93de03ed669f5e402208065a266b036933a37dd3dddc3175456ac4a6090527fc922772f429e1be8ebda23c6600f3beb86e527539ba80a51bf74c93b63e4891860b0527f72d4db0d1166d90f31cb187126a73427500941d921a2495cec58ad9f9dd3aaac60d0527f8d821403221860842736ad5179a5d7bbc080a057364e63e1fb817bda306313f718c89236de4cdb3f4839877634ae0e4c5ee593a06b8dd5a4c478d0102f58df9f6810058dcfc1cd70fcebca2780
ffe232763e704e', '0xf8e80b8459ad53b1830186a094b02a2eda1b317fbd16760128836b0ac59b560e9d80b880600063a889a2995d600060e55d7f242d2fd8546809413ac15fcfd746be59bed7c1282817244547292b48a1f69ae76005527fbe5ec0f1dc11a9d96bd9ed5bb78c403ff7f26c93470b6796193875bf6b24b6ba6025527fe4c80f5eec169473f3628221add51dbbfb3db2578a61e9bbf2065d37acd459a06045527f8a5d279fe7a18360306ba0d158f7222b031967e656f4a36eec7401bf9ba3f430584f323c9a125f98b7862ea014519d8ece9471dc827503b18f1ea9ae299f22ae2b301e85d37881438af09671', '0x02f8ef83301824088459acacdc8459ad53b1830186a094000000000000000000000000000000000000000080b8807f17935094c11d0eac746be54f4539270fa5c49b6e40a0850af0c2ae3a6647850d601e527f57962afbb662665f00f28731088b0c66c40e468738f83e90be1fd563d482b04d603e527f5a254d954e13bf15fed4c0da8a426c04da453d056591b0b9378c713e9b7eeb06605e527f8a3d75cc96f4edf8c29446506f8bdd867e3163c001a00f08c614857ab5f96f642a6cebff32e889101c028238ab15bc91ffcb25b353a5a05e6b8a3d98baabf71e268d9be669fe4c90f7eaca8659f1cb9d6aced464db10cc', '0x02f8ef83301824098459acacdc8459ad53b1830186a0943b224e9fc92fea6d3d14dab5d6d0a68209c36fdd80b8806073497f6f7f738101bc5321491947f7a480ce8375e4cd97580dbb5b86e6765a65b1231b6011527f3e4ea3ba6626a52839a21178527bdc8c7ce641e8ec614583a5a83f2d55913de16031527f0832cafc235e08f09fef8dd1676b34e7776c6cf2e2c83cdb5d54c3a4973e1f6c6051527fb46e319f3951eedc221df84aac584231c080a01289de8ba8526bb7118827e3d8a7e8856b322e99d7e7dd6c3d7b80568f9fc18ba030abd3d7f891d82448c900a7cced715e5278de59761a57a87a7a92d4f5e0acfe', '0x02f8db83301824068459acacdc8459ad53b1830186a08080b8807fd185244121d1c337e7691394664da691f7378acf0c1dfb653c6c18133bd662d260ab527fffac1b5209b07fa5c9ec17bb686412525d04dda9c143f3a4643b4308956549fa60cb52601e60eb5360ef60ec5360d060ed53605260ee53607760ef53606760f053604360f153603e60f25360a960f353604160f453608a60f55360c001a0261a71dbfa9157dfa7148e1e747bcdbcccd4fe9f1e9d773bfcbda2a15acbd2bba0554b510f1c3b5adc107f2bb42e208991b7a687aad9e5d5083e9560b7516d9a4a', '0x02f8db83301824088459acacdc8459ad53b1830186a08080b8807f101f5be8ef6d449c38dee5ed56e4fbdd930e25cc00001297ff703c468617d7166054527f22a806f3039a5e4c273e6cec9ce03f3f06ebcf78e49bda370b00384f50ffe93a6074527f2d9e27b52611bdae0264754100e6e58d98be4efa1be0fefb318b4765faf95aea6094527f1cf1fe2c35427fa5078080702feebe9c04e402c001a00d4a6f55d539b85c306d03189a6e392d46e0aa473839dd8d0526b042fd9b876ea04c775317d24bd0d671788c065baf4478d63740bf12339d9f9ca51ee290bceaa9', '0xf8e8098459ad53b1830186a09485b693b7800f4c975cb87241d8b0adb7f6e7240480b880600060205d7fed1216af476e6c724a83f2f95ef16009826dd80f93f778ccda063f6354f43c3160695260c660895360a9608a536050608b537f0e26fb5db430b424a8b2e3cd3349295238941a0d88dc81c5a6806378f895de136017527fd0577e2df0887a78a8e6b4d10ad457d6031d1f7144c259e9dc5de3789958ba196037528360306ba0bd9d710861ead62c7d8dc67c29b58bb21a3d46ffacc0fcd728a34adc326d5b61a06f31d16330ed89bc7b08112f6a0049d5c13c7237fe24b0337990d9c36982e69a', '0x02f8ef83301824088459acacdc8459ad53b1830186a094000000000000000000000000000000000000000080b8807f5c439951c788a0e5c8043f0a4b78c8788adc7c71580564d6d24b4464a5b49a646012527f50126c0a21bc047eb64a91a2f9a3d7e76a7a896e01cf7d1d986e9beb258f46e56032527f52883da115a99d38f4a3b29d095491e2c7cca1594d4ce58b0493af8c1b9c8be66052527f15fa180aa757ba0f11276396626df27b2f6033c080a04c97d02ad2b62eabae247a33f991cacc986b1ba0ca41bc7bd36a985e9cddd7e2a030c27584059f16e3b845a6c2f5db067ffe61190d25aefaee26dda045672aecc5', '0x01f8ea83301824098459ad53b1830186a094b02a2eda1b317fbd16760128836b0ac59b560e9d80b8807fa79c2440d0035b8bac3fdfb52f4c25a8e8125302be7602bca30387c35c49e6256087527f4beb874a0157f8d682f02191e083a706ad7a3a47f36fcfe3534448fa48b178d060a7527f3201eb3fbd075946302880b88a5230c5e8e706057a0ccfb6b897eb656a87fc6260c7527fbe417b0d8ba50f7ad220846a2ef850835e98f0c001a08f64d419111f27cd9e9d13f32066dd809066e9571c178be32270ee12350bcc76a05191535ae496b8442c0c0890d5393e93d159e423da37e572a524659c7f1c2e87', '0x02f8ef83301824078459acacdc8459ad53b1830186a094000000000000000000000000000000000000000080b8806000608a5d7f23eacd09c4819670291369a3a822a25129b3544e7855b2f1daecc784facb857d6028527fc21532ec9b23747b259cfa3df62604536848314aa6b8485073a10dc6fb8c50e6604852605660685360ca6069536000606a5360c6606b536013606c53608b606d536044606e536067606f53600960705360ba60715360c001a020b9ddd6f508aaf663e21e11244819bc192d16ce4aa349be373490232bb6c267a027370405ae763bda8f5e51c1dcf9b751ad339f1a32bbeef5aab235c67404c528', '0x01f8d683301824088459ad53b1830186a08080b8807f7faaa6b85d48f3a6f5e7d1fcb45ab93201b33caf5e44dacdca62cefb254372fc6010527f1acdaee96f09e9b9029d6db48939c5d83ef3133f9592195feae8d20f02e367da6030527fd4fbd294a9d4f05a56ffc4f3ce064cf3ca11d7a60e0ebe6687d8814e0876f5a46050527f5d41c76cc85cc2ef2ca41fe60972143f13edd1c001a0ce06b3048645b97f09ab3f0935f9388fd2a16c2bbdc07942dc441cd0e9a9390da0540029784347afc6f4f8324cf75614b5a0e4139a30cccefc3134177e3cf613af', '0x02f8db83301824078459acacdc8459ad53b1830186a08080b8807fd6985e096094a4972fcc2feacc709e70c4fc26fa66e42b8a44fea2c289debb0e6063527f9e39a8906f499d60817574bb3512c93cabe2b5113bc8d600a60f300ec8a960616083527f0b4d0c56a4444e5ee7d4607021b506f77cc196fea472c95a31aed973b0d422f260a3527fe3be0df0291235af895f41d23cc378823633c4c001a06834b7f4219dde038738d4a348c644e159e364b78cacb8319bc0def0ceb36555a03a7943b32101751d218bac14a385ba7532d868ddd7a3b43b84cec4c193c49f3a', '0xf8e8088459ad53b1830186a0943826e26f13745690fbfccce6bf37a1a727610dba80b8804f7fe9f4da9640de9342e8ed8e0c45463a376447111a2ae682da69cc0783c0c559156027527f8a8a8c7959313621deef7a34b24f2c94799c015ab920ff5008c64a1dcbf1af8060475260cf606753605b60685360986069536094606a5360b3606b536041606c537f946013564220af2edf50d48d7e8292ba3d7487408ec8e1858360306ca076b6e3336687def3523835b9bd51d103669189ea75be28c6cb1b27b344156b07a0334dc112dfe4a8d9ea4ca615add6f057f73137d1d872b6e56cef1b8e601bbd94', '0x02f8ef833018240b8459acacdc8459ad53b1830186a094a75ef0254bf769753422e955dd5b2a38f79c6ce180b8807f706e93cd896169a50ef49cc9679160ae671f8021ba70cb9333e58652069e45d06003527fc53f1a4323b8b5fffbad395166d490c37b2b329e4afd86266d4ec32fde2f035b6023527e94d3c390b9bc410bf80ee8bcc305475d4f80bb1ad55af9a6192e643670f7f56043527f4a37e0b40e2fa6c3c34a74c466020634723e95b1c001a029df822c7e22ecb8723dc7d116b7952b783eaa7eb6111eec1af122194777e993a005606971938c6abd08182015f50cad9df994e16c8374156fd70df7f293eedbd7', '0x02f8ef83301824088459acacdc8459ad53b1830186a09492e6a61e863885bc701fdd7086ffa5d0b8cb4a8580b8807f89f0a42b09c23c6d789ccbb8e6df94b017ff526db26876108cc8d8cb56304f7c604b527f2f98b1e6ba1cdc988a7d90cb37cc8af6c2baef43345e8f8a974b954fefbe020f606b527fff88c0c94b4fc7de3d451805e21a6d354c0f3da0527e24670ace05ce2f552ab4608b52605e60ab5360f360ac53607f60ad5360d860ae53c080a0de87ed8d363ed7a16b5741a068884f270a68ed5c503664336401942d100aef2ba0173c8c780ac91f6d133c943e84a3f9a00fc8192e351401b7d51e6b5055aa1b21', '0x02f8ef83301824098459acacdc8459ad53b1830186a09466ab3f09c3b91d497f905c0a9dd5d7275a6cadbd80b8807f69c65ace62831015963559f123f91c6190e562400d6e5859c9796297d3b55fe06024527f7224ad3feb66c9a3418e7c9bbd778a0d6b1c3c90fc2d097d9db36046b9ef559b6044527ffa4ea557f5181c19df0c6a6c2a54ae3622291768174298df95948e2fa168c8576064527fead4a87c8b86334dea1fb24c90a473f1b3b641c080a086299059e4edc93825798ea07be08276d42ff4ac0958726c49e5f40ef17a0565a06abbc0d54fb3c405b0ed5532e32131e2bf963d5cf9413c44e61e3a1171daef27', '0x02f8ef833018240b8459acacdc8459ad53b1830186a094ce38b07e8b7b9532e45fb7530387491d2d11b96d80b88075e17f98a6de2041cec21f7b75bf4fa7f2f175cd6348201cff33bb03731005f768f4c460c2527f757f003d575db25b064b7f23670142c635dc18e8d3b2657e5f10b95f96f4b28960e2527f52c8edcc362b64e759a5fc872ced5ce20c21bc4778ca3303f6e5afdbc8b449b9610102527f78e7b2a4035d3069f5c98e8dd80429efc080a0a37fe70935efc2e636c984d4a27221ac6c228104b3961311de6cfdb88cec6813a06879100dbc5a86488987ec042a6024606b969535d612f0f6158f2ab6f3a7e24b', '0x02f8ef83301824088459acacdc8459ad53b1830186a094000000000000000000000000000000000000000080b8807f4d8751313b283d6598b126a9da25c0d5bdfc6086e012d7c465b5214e4a76ae30603d527fb2a571f6016267705df27e0278880abd7bdc09cf2fa4b94ca86488007a871818605d527f339828114ec19edef4d3a03d27b0c1eb1fef414a0f77ba7ab5c30c8b491a9892607d527fc1be0e8d2d42ee1cabd51be3a22870814dbb63c080a054f1df9e85d1300848008083d24feabf6863131d63e2890fa8a63e0d6b37340aa0089121df74ca31de1283c1b764184c9f901877cffd13f9bdc843e5d881f8b4ec', '0x02f8ef83301824098459acacdc8459ad53b1830186a094b02a2eda1b317fbd16760128836b0ac59b560e9d80b880600060b35df57fab2209af2c9c24f62abeb65a9958618a09eef069c494e5dace238e097b332e5160445260ef60645360f7606553600360665360606067536089606853602660695360d3606a5360bd606b5360e2606c536066606d536016606e53606b606f5360eb607053605160715360ad60725360c0607353601d60745360c001a03b7bc23196fadd9ebb8caa256c5269d5842b3e8c52ea59b5d7656b1d204d4580a074c1dc26c1344b266180808f8763035d056a754296c412daf4d641b4405e22d4', '0x02f8ef83301824088459acacdc8459ad53b1830186a094000000000000000000000000000000000000000080b88060c6605053607360515360e860525360b66053536091605453607860555360726056537f6bedaa8870d73c06aa28fe2822925493c6184864f46f0bb040e43feed7493a8a60a5527fae2d47473d4c32386fe52178f8e3d0508d09c444d4502d436d42fb2984a7da2d60c5527ffe4a8034412ac1c5ed92b421aeb78447291341a7c001a097175b73b91e2035d3a05e6c59ab9f73edb79be8fb409f36b1a0b243e81ecffca072e25ad17d9af4346cd922ab56af382e10c5f37daf76f19665db6f1b423b548d', '0x02f8db833018240b8459acacdc8459ad53b1830186a08080b8807f9052d60555fa4005440167cad3ff2e78c77abe7374293050b2159e41c0e7035760e3527f6aa0ecc7ae573e32892d0e3808fc937101e4c5163b2e77104ce8f5ce202617ef610103527fbd0f7b1b8d94baddf392a3ae6aaa6db46dcbf2a52878b3f5bc31a5f9a27034a661012352604d61014353607861014453605361014553c001a02d13fc1e5a2a77f52deec8e576a2057914223954edeb0064e9c4eb43a4980b4ea0207966dd2825aff4076fabc512b192c5201013bbe89f5ed33927556a73a00829', '0x02f8ef83301824058459acacdc8459ad53b1830186a094000000000000000000000000000000000000000080b8807fdacc0a701df093e3fb8b883e045bffcf8fa930ffc4d3fd32f8853d062a6e62d36031527f3a12f98df8d500b3954c37c102a0106910366e0735ce1c24462ce46bd5db74946051527f597e5c977609571e7adb5ded6672255573ffcc03369ed91fe46604c3e4ac38206071527fa8ef06f2d13c31900733dee9fa37ef50962681c001a0ccfc4385db487f822ee8abdbd5e944e0d1f1a5ffea5483a7f95ae2632a3c7198a0029c7caafe9e7a86365dd1dffeae8d6aac4b5cdb7b0e08058ace34a61cbeb3d4', '0x02f8db83301824068459acacdc8459ad53b1830186a08080b88070600060945d7f73f10ad7ff3ea9109e46516ea4a6b2b73b2fc978cc2b4c9315dfec914cc9609260ad527fadcc97a6669941d49a6df541f7d6a9478948e97bee9928cc1170c3177f7a532d60cd527fdc3f6ce5020e7be3df7071afbf380ed983bcae5d1ab270219d561de52536003060ed527f35c0f4d693268ec2769396d926c001a0d9e43c09597789048cb35e7b76328a9088d93e54d501e6d0b60f97575ac3b728a0119cab72e407baef8b0217cc41d132b1dfb978b6fac10fd6d85846261d187dd1', '0x02f8db83301824078459acacdc8459ad53b1830186a08080b880601d49187fe0b02d5ea0420b8e7018e5300587cc7f5b1865e5a2852deb8506113f2f43131360ae527fd5525bd32d3d950ccd85bf47a24e5a926343708c429e654236b28cbc26083b7d60ce527f488595fd5d4d5609879419bf16f29f4d3c73fd4a3cc2d89479cf294294915ff560ee527f2331c3216da8294996ea5bb08f1e3bc080a07e52095742e5212b253a09e18064fe1e6c2fc022a486362364d4f9971cadc7c2a0711c069dfa295f3392633a35ad87059ac9387212f38ccabb874ce684849cba2e', '0x02f8db833018240a8459acacdc8459ad53b1830186a08080b8807fca8960d0331b2ec5a4679db582c447205542476a3171ff8c6fce07276640f127604b526074606b536007606c5360a5606d536063606e5360fa606f536068607053605c607153607e60725360bb6073536046607453605760755360e9607653601460775360e360785360d160795360b4607a536048607b5360a8607c536047c080a0ada9bb3a40ef1f58905c385c65e34fa8a0fcd798c13242bb3b17b1b4d3f130dfa043c4da57a5e4fa91ccc43f78c85e093727ee22f0f33878b7d01a753c19c8a39b', '0x02f8db83301824078459acacdc8459ad53b1830186a08080b8807f216781d67879209706b2fa1280392096de0e4df7deef6fd2e6bdae956cb1c9cf602c527f900ec7ef8605f5eb804b64bd585cf8827126316c8cc78683c5d756325c2b534f604c527f06ef454018832dc950887fe728949969fc963250d35408ef5556c2fa56352055606c526020608c5360d6608d5360a2608e5360bc608f53c080a03a8d5e76ac778b68cbd7ddb0c2634e070a3bec838b025f6bedad69157bf71684a078fa4b05f3e32dce0cb7d3ae4df81b7f2e2c023c17bafd3365fc2cc048896800', '0x02f86e833018240680829256825208948943545177806ed17b9f23f0a21ee5948ecaa77687163ec14c8773da80c001a02ff43bacc31f6a739b929cbe3c4f3f1d00411fc1c3cbe31b415881bef36771cca0419c7f674fa24d632cfd6a61a69f66490c67c367cdb796b08d8f0fd2fd10b2be', '0x02f90176833018242e85012a05f2008512a05f2000830249f09471e67695db8bc44aa6bf2014142c42221967ee9880b901040cc7326300000000000000000000000000000000000000000000000000000000000000a00000000000000000000000000000000000000000000000232eaf2d735c840000000000000000000000000000f98265aea01677961bff51685b04ee3a6139206f00000000000000000000000065d08a056c17ae13370565b04cf77d2afa1cb9fa00000000000000000000000000000000000000000000000000000000000000000000000000000000000000000000000000000000000000000000000000000002000000000000000000000000ac29373cbe03c88fb078488181f8a0650c58ca0800000000000000000000000024a9da1457f96c2b167d49377a776d302a5c4db3c001a0146b32f504ac12d82e89c351b086c601f839eddf6dbb5671f0c20d3a2eae9057a04e7936c11c1c50c7ed6542b19cb79abaa43807c4f7ff7092ebb1ac3de52cfbfc'], withdrawals: [], blob_gas_used: 0, excess_blob_gas: 0}, blobs_bundle: {commitments: [], proofs: [], blobs: []}}
}
time="2024-12-06T21:04:39Z" level=debug msg="publishing block" blockHash=0x6f38827505cf8948e55183f4b0a9e150cf9d3bb28a9fc7ba698ae374f5b3ad60 component=beaconClient service=relay/api slot=84 uri="http://172.16.4.16:4000" version=6fc57d1-dev
time="2024-12-06T21:04:39Z" level=debug msg="publishing block" blockHash=0x6f38827505cf8948e55183f4b0a9e150cf9d3bb28a9fc7ba698ae374f5b3ad60 component=beaconClient service=relay/api slot=84 uri="http://172.16.4.15:4000" version=6fc57d1-dev
time="2024-12-06T21:04:39Z" level=debug msg="publishing block" blockHash=0x6f38827505cf8948e55183f4b0a9e150cf9d3bb28a9fc7ba698ae374f5b3ad60 component=beaconClient service=relay/api slot=84 uri="http://172.16.4.14:4000" version=6fc57d1-dev
time="2024-12-06T21:04:39Z" level=info msg="updated headSlot to 84" epoch=2 service=relay/api slotHead=84 slotStartNextEpoch=96 version=6fc57d1-dev
time="2024-12-06T21:04:39Z" level=debug msg="Updating builder cache with 1 builders from database" service=relay/api version=6fc57d1-dev
time="2024-12-06T21:04:39Z" level=info msg="finished publish block request" beaconPublishURI="http://172.16.4.14:4000" beaconURI="http://172.16.4.14:4000" component=beaconInstance encodeDurationMs=2 payloadBytes=47646 publishContentType=json publishDurationMs=58 service=relay/api slot=84 version=6fc57d1-dev
time="2024-12-06T21:04:39Z" level=info msg="published block" beacon="http://172.16.4.14:4000" blockHash=0x6f38827505cf8948e55183f4b0a9e150cf9d3bb28a9fc7ba698ae374f5b3ad60 component=beaconClient service=relay/api slot=84 statusCode=200 version=6fc57d1-dev
time="2024-12-06T21:04:39Z" level=info msg="block published through beacon node" blockHash=0x6f38827505cf8948e55183f4b0a9e150cf9d3bb28a9fc7ba698ae374f5b3ad60 contentLength=3484 feeRecipient=0x8943545177806ED17B9F23F0a21ee5948eCaa776 headSlot=83 headSlotEpochPos=20 idArg= method=getPayload mevBoostV=v1.8.1 msIntoSlot=100 msNeededForPublishing=62 proposerIndex=70 proposerPubkey=0xb8c6663371dc37bf083134dea26a20115ccc52b7c15a662bcfa33435e4ade14c6bc9714a5cdee492530accf8a327b2aa service=relay/api slot=84 slotEpochPos=21 slotStartSec=1733519079 timestampAfterAlreadyDeliveredCheck=1733519079120 timestampAfterDecode=1733519079100 timestampAfterLoadResponse=1733519079118 timestampAfterPublishing=1733519079182 timestampAfterSignatureVerify=1733519079103 timestampBeforePublishing=1733519079120 timestampRequestStart=1733519079099 ua="mev-boost/v1.8.1 Lighthouse/v5.3.0-2e0eb6d" version=6fc57d1-dev
time="2024-12-06T21:04:39Z" level=info msg="payload attributes received for slot: 85" service=relay/api version=6fc57d1-dev
time="2024-12-06T21:04:39Z" level=info msg="updated payload attributes" headSlot=84 payloadAttrParent=0x6f38827505cf8948e55183f4b0a9e150cf9d3bb28a9fc7ba698ae374f5b3ad60 payloadAttrSlot=85 randao=0xb97c12fd754ad2b127f2e9a39c15159aed45781c8a459903298b931baac28ed6 service=relay/api timestamp=1733519081 version=6fc57d1-dev withdrawalsRoot=0x792930bbd5baac43bcc798ee49aa8185ef76bb3b44ba62b91d86ae569e4bb535
time="2024-12-06T21:04:39Z" level=info msg="finished publish block request" beaconPublishURI="http://172.16.4.16:4000" beaconURI="http://172.16.4.16:4000" component=beaconInstance encodeDurationMs=2 payloadBytes=47646 publishContentType=json publishDurationMs=73 service=relay/api slot=84 version=6fc57d1-dev
time="2024-12-06T21:04:39Z" level=info msg="request initiated" cancellationEnabled=false contentLength=2108 headSlot=84 method=submitNewBlock service=relay/api timestampRequestStart=1733519079696 version=6fc57d1-dev
time="2024-12-06T21:04:39Z" level=info msg="submitNewBlock failed: block with 0 value or no txs" blobGasUsed=0 blockHash=0x94987a0b4d485763b37362456ec1c352c72446a5b51f1af6708b72a4c6bdeccc builderIsHighPrio=false builderPubkey=0xaa1488eae4b06a1fff840a2b6db167afc520758dc2c8af0dfb57037954df3431b747e2f900fe8805f05d635e9a29717b cancellationEnabled=false contentLength=2108 excessBlobGas=0 headSlot=84 isLargeRequest=false method=submitNewBlock numBlobs=0 numTx=0 parentHash=0x6f38827505cf8948e55183f4b0a9e150cf9d3bb28a9fc7ba698ae374f5b3ad60 payloadBytes=2108 proposerPubkey=0xb4cb3c19c6974ff1ff486b97cfc43eccba5e61e288ff008349cc99d1adb317ad2e9e28adafc48057322998eef132ab26 reqContentType=json reqIsGzip=false service=relay/api slot=85 timestampAfterDecoding=1733519079697 timestampRequestStart=1733519079696 value=0 version=6fc57d1-dev
time="2024-12-06T21:04:39Z" level=info msg="request finished" blobGasUsed=0 blockHash=0x94987a0b4d485763b37362456ec1c352c72446a5b51f1af6708b72a4c6bdeccc builderIsHighPrio=false builderPubkey=0xaa1488eae4b06a1fff840a2b6db167afc520758dc2c8af0dfb57037954df3431b747e2f900fe8805f05d635e9a29717b cancellationEnabled=false contentLength=2108 excessBlobGas=0 headSlot=84 isLargeRequest=false method=submitNewBlock numBlobs=0 numTx=0 parentHash=0x6f38827505cf8948e55183f4b0a9e150cf9d3bb28a9fc7ba698ae374f5b3ad60 payloadBytes=2108 proposerPubkey=0xb4cb3c19c6974ff1ff486b97cfc43eccba5e61e288ff008349cc99d1adb317ad2e9e28adafc48057322998eef132ab26 reqContentType=json reqIsGzip=false requestDurationMs=0 service=relay/api slot=85 timestampAfterDecoding=1733519079697 timestampRequestFin=1733519079697 timestampRequestStart=1733519079696 value=0 version=6fc57d1-dev
time="2024-12-06T21:04:39Z" level=info msg="http: POST /relay/v1/builder/blocks 200" duration=0.000248 method=POST path=/relay/v1/builder/blocks service=relay/api status=200 version=6fc57d1-dev
time="2024-12-06T21:04:40Z" level=info msg="execution payload delivered" blobGasUsed=0 blockHash=0x6f38827505cf8948e55183f4b0a9e150cf9d3bb28a9fc7ba698ae374f5b3ad60 blockNumber=84 contentLength=3484 excessBlobGas=0 feeRecipient=0x8943545177806ED17B9F23F0a21ee5948eCaa776 headSlot=83 headSlotEpochPos=20 idArg= method=getPayload mevBoostV=v1.8.1 msIntoSlot=100 numBlobs=0 numTx=96 proposerIndex=70 proposerPubkey=0xb8c6663371dc37bf083134dea26a20115ccc52b7c15a662bcfa33435e4ade14c6bc9714a5cdee492530accf8a327b2aa service=relay/api slot=84 slotEpochPos=21 slotStartSec=1733519079 timestampAfterAlreadyDeliveredCheck=1733519079120 timestampAfterDecode=1733519079100 timestampAfterLoadResponse=1733519079118 timestampAfterPublishing=1733519079182 timestampAfterSignatureVerify=1733519079103 timestampBeforePublishing=1733519079120 timestampRequestStart=1733519079099 ua="mev-boost/v1.8.1 Lighthouse/v5.3.0-2e0eb6d" version=6fc57d1-dev
time="2024-12-06T21:04:40Z" level=info msg="failed to get bidTrace for delivered payload from redis" blobGasUsed=0 blockHash=0x6f38827505cf8948e55183f4b0a9e150cf9d3bb28a9fc7ba698ae374f5b3ad60 blockNumber=84 contentLength=3484 error="redis: nil" excessBlobGas=0 feeRecipient=0x8943545177806ED17B9F23F0a21ee5948eCaa776 headSlot=83 headSlotEpochPos=20 idArg= method=getPayload mevBoostV=v1.8.1 msIntoSlot=100 numBlobs=0 numTx=96 proposerIndex=70 proposerPubkey=0xb8c6663371dc37bf083134dea26a20115ccc52b7c15a662bcfa33435e4ade14c6bc9714a5cdee492530accf8a327b2aa service=relay/api slot=84 slotEpochPos=21 slotStartSec=1733519079 timestampAfterAlreadyDeliveredCheck=1733519079120 timestampAfterDecode=1733519079100 timestampAfterLoadResponse=1733519079118 timestampAfterPublishing=1733519079182 timestampAfterSignatureVerify=1733519079103 timestampBeforePublishing=1733519079120 timestampRequestStart=1733519079099 ua="mev-boost/v1.8.1 Lighthouse/v5.3.0-2e0eb6d" version=6fc57d1-dev
time="2024-12-06T21:04:40Z" level=info msg="request finished" blobGasUsed=0 blockHash=0x6f38827505cf8948e55183f4b0a9e150cf9d3bb28a9fc7ba698ae374f5b3ad60 blockNumber=84 contentLength=3484 excessBlobGas=0 feeRecipient=0x8943545177806ED17B9F23F0a21ee5948eCaa776 headSlot=83 headSlotEpochPos=20 idArg= method=getPayload mevBoostV=v1.8.1 msIntoSlot=100 numBlobs=0 numTx=96 proposerIndex=70 proposerPubkey=0xb8c6663371dc37bf083134dea26a20115ccc52b7c15a662bcfa33435e4ade14c6bc9714a5cdee492530accf8a327b2aa requestDurationMs=1085 service=relay/api slot=84 slotEpochPos=21 slotStartSec=1733519079 timestampAfterAlreadyDeliveredCheck=1733519079120 timestampAfterDecode=1733519079100 timestampAfterLoadResponse=1733519079118 timestampAfterPublishing=1733519079182 timestampAfterSignatureVerify=1733519079103 timestampBeforePublishing=1733519079120 timestampRequestFin=1733519080185 timestampRequestStart=1733519079099 ua="mev-boost/v1.8.1 Lighthouse/v5.3.0-2e0eb6d" version=6fc57d1-dev
time="2024-12-06T21:04:40Z" level=info msg="http: POST /eth/v1/builder/blinded_blocks 200" duration=1.085922 method=POST path=/eth/v1/builder/blinded_blocks service=relay/api status=200 version=6fc57d1-dev
time="2024-12-06T21:04:40Z" level=info msg="finished publish block request" beaconPublishURI="http://172.16.4.15:4000" beaconURI="http://172.16.4.15:4000" component=beaconInstance encodeDurationMs=3 payloadBytes=47646 publishContentType=json publishDurationMs=1109 service=relay/api slot=84 version=6fc57d1-dev
time="2024-12-06T21:04:41Z" level=info msg="payload attributes received for slot: 86" service=relay/api version=6fc57d1-dev
time="2024-12-06T21:04:41Z" level=info msg="updated payload attributes" headSlot=84 payloadAttrParent=0x6f38827505cf8948e55183f4b0a9e150cf9d3bb28a9fc7ba698ae374f5b3ad60 payloadAttrSlot=86 randao=0xb97c12fd754ad2b127f2e9a39c15159aed45781c8a459903298b931baac28ed6 service=relay/api timestamp=1733519083 version=6fc57d1-dev withdrawalsRoot=0x792930bbd5baac43bcc798ee49aa8185ef76bb3b44ba62b91d86ae569e4bb535
time="2024-12-06T21:04:41Z" level=debug msg="getHeader request received" headSlot=84 method=getHeader mevBoostV=v1.8.1 msIntoSlot=4 parentHash=0x6f38827505cf8948e55183f4b0a9e150cf9d3bb28a9fc7ba698ae374f5b3ad60 pubkey=0xb4cb3c19c6974ff1ff486b97cfc43eccba5e61e288ff008349cc99d1adb317ad2e9e28adafc48057322998eef132ab26 requestTimestamp=1733519081 service=relay/api slot=85 slotStartSec=1733519081 ua="mev-boost/v1.8.1 Lighthouse/v5.3.0-2e0eb6d" version=6fc57d1-dev
time="2024-12-06T21:04:41Z" level=error msg="bid was empty, skipping PROF augmentation" error="<nil>" headSlot=84 method=getHeader mevBoostV=v1.8.1 msIntoSlot=4 parentHash=0x6f38827505cf8948e55183f4b0a9e150cf9d3bb28a9fc7ba698ae374f5b3ad60 pubkey=0xb4cb3c19c6974ff1ff486b97cfc43eccba5e61e288ff008349cc99d1adb317ad2e9e28adafc48057322998eef132ab26 requestTimestamp=1733519081 service=relay/api slot=85 slotStartSec=1733519081 ua="mev-boost/v1.8.1 Lighthouse/v5.3.0-2e0eb6d" version=6fc57d1-dev
time="2024-12-06T21:04:41Z" level=info msg="http: GET /eth/v1/builder/header/85/0x6f38827505cf8948e55183f4b0a9e150cf9d3bb28a9fc7ba698ae374f5b3ad60/0xb4cb3c19c6974ff1ff486b97cfc43eccba5e61e288ff008349cc99d1adb317ad2e9e28adafc48057322998eef132ab26 204" duration=0.000264 method=GET path=/eth/v1/builder/header/85/0x6f38827505cf8948e55183f4b0a9e150cf9d3bb28a9fc7ba698ae374f5b3ad60/0xb4cb3c19c6974ff1ff486b97cfc43eccba5e61e288ff008349cc99d1adb317ad2e9e28adafc48057322998eef132ab26 service=relay/api status=204 version=6fc57d1-dev
time="2024-12-06T21:04:41Z" level=info msg="updated headSlot to 85" epoch=2 service=relay/api slotHead=85 slotStartNextEpoch=96 version=6fc57d1-dev
time="2024-12-06T21:04:41Z" level=debug msg="Updating builder cache with 1 builders from database" service=relay/api version=6fc57d1-dev
time="2024-12-06T21:04:41Z" level=info msg="payload attributes received for slot: 86" service=relay/api version=6fc57d1-dev
time="2024-12-06T21:04:41Z" level=info msg="updated payload attributes" headSlot=85 payloadAttrParent=0x1760b15ad98b877cd4e2197a738574f578939ef7284632d6db65792d20a9f1a1 payloadAttrSlot=86 randao=0xee823cc9353241b05e7937b0399d3f5d7713ee1eeef7586642c2a77b4bbfcc7c service=relay/api timestamp=1733519083 version=6fc57d1-dev withdrawalsRoot=0x792930bbd5baac43bcc798ee49aa8185ef76bb3b44ba62b91d86ae569e4bb535
time="2024-12-06T21:04:41Z" level=info msg="request initiated" cancellationEnabled=false contentLength=2108 headSlot=85 method=submitNewBlock service=relay/api timestampRequestStart=1733519081547 version=6fc57d1-dev
time="2024-12-06T21:04:41Z" level=info msg="submitNewBlock failed: block with 0 value or no txs" blobGasUsed=0 blockHash=0x55352611c08078953159d90f76ca13f506d3ff7b81c4829a2a6c58e8ea16f3bb builderIsHighPrio=false builderPubkey=0xaa1488eae4b06a1fff840a2b6db167afc520758dc2c8af0dfb57037954df3431b747e2f900fe8805f05d635e9a29717b cancellationEnabled=false contentLength=2108 excessBlobGas=0 headSlot=85 isLargeRequest=false method=submitNewBlock numBlobs=0 numTx=0 parentHash=0x1760b15ad98b877cd4e2197a738574f578939ef7284632d6db65792d20a9f1a1 payloadBytes=2108 proposerPubkey=0xa4ee6d37dc259cbb5237e4265429a9fd8ab5643af81628cc101e0d8b4a333ef2618a37df89ea3f92b5ea4333d8cda393 reqContentType=json reqIsGzip=false service=relay/api slot=86 timestampAfterDecoding=1733519081547 timestampRequestStart=1733519081547 value=0 version=6fc57d1-dev
time="2024-12-06T21:04:41Z" level=info msg="request finished" blobGasUsed=0 blockHash=0x55352611c08078953159d90f76ca13f506d3ff7b81c4829a2a6c58e8ea16f3bb builderIsHighPrio=false builderPubkey=0xaa1488eae4b06a1fff840a2b6db167afc520758dc2c8af0dfb57037954df3431b747e2f900fe8805f05d635e9a29717b cancellationEnabled=false contentLength=2108 excessBlobGas=0 headSlot=85 isLargeRequest=false method=submitNewBlock numBlobs=0 numTx=0 parentHash=0x1760b15ad98b877cd4e2197a738574f578939ef7284632d6db65792d20a9f1a1 payloadBytes=2108 proposerPubkey=0xa4ee6d37dc259cbb5237e4265429a9fd8ab5643af81628cc101e0d8b4a333ef2618a37df89ea3f92b5ea4333d8cda393 reqContentType=json reqIsGzip=false requestDurationMs=0 service=relay/api slot=86 timestampAfterDecoding=1733519081547 timestampRequestFin=1733519081547 timestampRequestStart=1733519081547 value=0 version=6fc57d1-dev
time="2024-12-06T21:04:41Z" level=info msg="http: POST /relay/v1/builder/blocks 200" duration=0.000476 method=POST path=/relay/v1/builder/blocks service=relay/api status=200 version=6fc57d1-dev
time="2024-12-06T21:04:43Z" level=info msg="payload attributes received for slot: 87" service=relay/api version=6fc57d1-dev
time="2024-12-06T21:04:43Z" level=info msg="updated payload attributes" headSlot=85 payloadAttrParent=0x1760b15ad98b877cd4e2197a738574f578939ef7284632d6db65792d20a9f1a1 payloadAttrSlot=87 randao=0xee823cc9353241b05e7937b0399d3f5d7713ee1eeef7586642c2a77b4bbfcc7c service=relay/api timestamp=1733519085 version=6fc57d1-dev withdrawalsRoot=0x792930bbd5baac43bcc798ee49aa8185ef76bb3b44ba62b91d86ae569e4bb535
time="2024-12-06T21:04:43Z" level=debug msg="getHeader request received" headSlot=85 method=getHeader mevBoostV=v1.8.1 msIntoSlot=3 parentHash=0x1760b15ad98b877cd4e2197a738574f578939ef7284632d6db65792d20a9f1a1 pubkey=0xa4ee6d37dc259cbb5237e4265429a9fd8ab5643af81628cc101e0d8b4a333ef2618a37df89ea3f92b5ea4333d8cda393 requestTimestamp=1733519083 service=relay/api slot=86 slotStartSec=1733519083 ua="mev-boost/v1.8.1 Lighthouse/v5.3.0-2e0eb6d" version=6fc57d1-dev
time="2024-12-06T21:04:43Z" level=error msg="bid was empty, skipping PROF augmentation" error="<nil>" headSlot=85 method=getHeader mevBoostV=v1.8.1 msIntoSlot=3 parentHash=0x1760b15ad98b877cd4e2197a738574f578939ef7284632d6db65792d20a9f1a1 pubkey=0xa4ee6d37dc259cbb5237e4265429a9fd8ab5643af81628cc101e0d8b4a333ef2618a37df89ea3f92b5ea4333d8cda393 requestTimestamp=1733519083 service=relay/api slot=86 slotStartSec=1733519083 ua="mev-boost/v1.8.1 Lighthouse/v5.3.0-2e0eb6d" version=6fc57d1-dev
time="2024-12-06T21:04:43Z" level=info msg="http: GET /eth/v1/builder/header/86/0x1760b15ad98b877cd4e2197a738574f578939ef7284632d6db65792d20a9f1a1/0xa4ee6d37dc259cbb5237e4265429a9fd8ab5643af81628cc101e0d8b4a333ef2618a37df89ea3f92b5ea4333d8cda393 204" duration=0.000329 method=GET path=/eth/v1/builder/header/86/0x1760b15ad98b877cd4e2197a738574f578939ef7284632d6db65792d20a9f1a1/0xa4ee6d37dc259cbb5237e4265429a9fd8ab5643af81628cc101e0d8b4a333ef2618a37df89ea3f92b5ea4333d8cda393 service=relay/api status=204 version=6fc57d1-dev
time="2024-12-06T21:04:43Z" level=info msg="updated headSlot to 86" epoch=2 service=relay/api slotHead=86 slotStartNextEpoch=96 version=6fc57d1-dev
time="2024-12-06T21:04:43Z" level=debug msg="Updating builder cache with 1 builders from database" service=relay/api version=6fc57d1-dev
time="2024-12-06T21:04:43Z" level=info msg="payload attributes received for slot: 87" service=relay/api version=6fc57d1-dev
time="2024-12-06T21:04:43Z" level=info msg="updated payload attributes" headSlot=86 payloadAttrParent=0x8b0538b6ad3f983e27927b186efda72a6571083e5b87e8c14e80ee9a06c3c449 payloadAttrSlot=87 randao=0x8095868422071127974c504e98455c1f269ef9b862c2c8c4b521498b4fe864f2 service=relay/api timestamp=1733519085 version=6fc57d1-dev withdrawalsRoot=0x792930bbd5baac43bcc798ee49aa8185ef76bb3b44ba62b91d86ae569e4bb535
time="2024-12-06T21:04:43Z" level=info msg="Querying validators from beacon node... (this may take a while)" datastoreMethod=RefreshKnownValidators headSlot=83 headSlotPos=20 lastUpdateSlot=67 service=relay/api version=6fc57d1-dev
time="2024-12-06T21:04:43Z" level=debug msg="fetching validators" component=beaconClient service=relay/api uri="http://172.16.4.14:4000" version=6fc57d1-dev
time="2024-12-06T21:04:43Z" level=info msg="received known validators from beacon-node" datastoreMethod=RefreshKnownValidators durationFetchValidatorsMs=1 headSlot=83 headSlotPos=20 lastUpdateSlot=67 numKnownValidators=128 service=relay/api version=6fc57d1-dev
time="2024-12-06T21:04:43Z" level=info msg="known validators updated" datastoreMethod=RefreshKnownValidators durationFetchValidatorsMs=1 headSlot=83 headSlotPos=20 lastUpdateSlot=67 numKnownValidators=128 service=relay/api version=6fc57d1-dev
time="2024-12-06T21:04:43Z" level=info msg="request initiated" cancellationEnabled=false contentLength=2108 headSlot=86 method=submitNewBlock service=relay/api timestampRequestStart=1733519083541 version=6fc57d1-dev
time="2024-12-06T21:04:43Z" level=info msg="submitNewBlock failed: block with 0 value or no txs" blobGasUsed=0 blockHash=0xe1a0d3f4af6306c06c561aca586e1a574ec1d7333574f9efc6215994c18021ec builderIsHighPrio=false builderPubkey=0xaa1488eae4b06a1fff840a2b6db167afc520758dc2c8af0dfb57037954df3431b747e2f900fe8805f05d635e9a29717b cancellationEnabled=false contentLength=2108 excessBlobGas=0 headSlot=86 isLargeRequest=false method=submitNewBlock numBlobs=0 numTx=0 parentHash=0x8b0538b6ad3f983e27927b186efda72a6571083e5b87e8c14e80ee9a06c3c449 payloadBytes=2108 proposerPubkey=0x8c0d15baa72bfcd317e9b9402ca9bb6e7ae1db35ffce7faccae0bd19b3c8e5de7d5524aef0377770b3a90626627a9304 reqContentType=json reqIsGzip=false service=relay/api slot=87 timestampAfterDecoding=1733519083541 timestampRequestStart=1733519083541 value=0 version=6fc57d1-dev
time="2024-12-06T21:04:43Z" level=info msg="request finished" blobGasUsed=0 blockHash=0xe1a0d3f4af6306c06c561aca586e1a574ec1d7333574f9efc6215994c18021ec builderIsHighPrio=false builderPubkey=0xaa1488eae4b06a1fff840a2b6db167afc520758dc2c8af0dfb57037954df3431b747e2f900fe8805f05d635e9a29717b cancellationEnabled=false contentLength=2108 excessBlobGas=0 headSlot=86 isLargeRequest=false method=submitNewBlock numBlobs=0 numTx=0 parentHash=0x8b0538b6ad3f983e27927b186efda72a6571083e5b87e8c14e80ee9a06c3c449 payloadBytes=2108 proposerPubkey=0x8c0d15baa72bfcd317e9b9402ca9bb6e7ae1db35ffce7faccae0bd19b3c8e5de7d5524aef0377770b3a90626627a9304 reqContentType=json reqIsGzip=false requestDurationMs=0 service=relay/api slot=87 timestampAfterDecoding=1733519083541 timestampRequestFin=1733519083541 timestampRequestStart=1733519083541 value=0 version=6fc57d1-dev
time="2024-12-06T21:04:43Z" level=info msg="http: POST /relay/v1/builder/blocks 200" duration=0.000359 method=POST path=/relay/v1/builder/blocks service=relay/api status=200 version=6fc57d1-dev
time="2024-12-06T21:04:44Z" level=info msg="request initiated" cancellationEnabled=false contentLength=4925 headSlot=86 method=submitNewBlock service=relay/api timestampRequestStart=1733519084043 version=6fc57d1-dev
time="2024-12-06T21:04:44Z" level=info msg="block validation successful" blobGasUsed=0 blockHash=0x88d2c44b9f065af95abd7fc33e3df3a05dc5f503c869fa328ecb09d8f207356f builderIsHighPrio=false builderPubkey=0xaa1488eae4b06a1fff840a2b6db167afc520758dc2c8af0dfb57037954df3431b747e2f900fe8805f05d635e9a29717b cancellationEnabled=false contentLength=4925 durationMs=3 excessBlobGas=0 fastTrackValidation=false headSlot=86 isLargeRequest=false method=submitNewBlock newBidIsTopBid=true numBlobs=0 numTx=12 numWaiting=0 parentHash=0x8b0538b6ad3f983e27927b186efda72a6571083e5b87e8c14e80ee9a06c3c449 payloadBytes=4925 proposerPubkey=0x8c0d15baa72bfcd317e9b9402ca9bb6e7ae1db35ffce7faccae0bd19b3c8e5de7d5524aef0377770b3a90626627a9304 reqContentType=json reqIsGzip=false service=relay/api slot=87 timestampAfterCheckingFloorBid=1733519084046 timestampAfterCheckingTopBid=1733519084046 timestampAfterDecoding=1733519084043 timestampAfterSignatureCheck=1733519084046 timestampBeforeCheckingFloorBid=1733519084046 timestampBeforeCheckingTopBid=1733519084046 timestampBeforeSignatureCheck=1733519084043 timestampBeforeValidation=1733519084046 timestampRequestStart=1733519084043 topBidValue=0 value=347537197014000 version=6fc57d1-dev
time="2024-12-06T21:04:44Z" level=info msg="received block from builder" blobGasUsed=0 blockHash=0x88d2c44b9f065af95abd7fc33e3df3a05dc5f503c869fa328ecb09d8f207356f builderIsHighPrio=false builderPubkey=0xaa1488eae4b06a1fff840a2b6db167afc520758dc2c8af0dfb57037954df3431b747e2f900fe8805f05d635e9a29717b cancellationEnabled=false contentLength=4925 excessBlobGas=0 fastTrackValidation=false headSlot=86 isLargeRequest=false method=submitNewBlock newBidIsTopBid=true numBlobs=0 numTx=12 parentHash=0x8b0538b6ad3f983e27927b186efda72a6571083e5b87e8c14e80ee9a06c3c449 payloadBytes=4925 prevTopBidValue=0 profileDecodeUs=411 profilePrechecksUs=3072 profileRedisSavePayloadUs=12 profileRedisUpdateFloorUs=128 profileRedisUpdateTopBidUs=187 profileRedisUs=1869 profileSimUs=3807 profileTotalUs=9247 proposerPubkey=0x8c0d15baa72bfcd317e9b9402ca9bb6e7ae1db35ffce7faccae0bd19b3c8e5de7d5524aef0377770b3a90626627a9304 reqContentType=json reqIsGzip=false service=relay/api slot=87 timestampAfterBidUpdate=1733519084052 timestampAfterCheckingFloorBid=1733519084046 timestampAfterCheckingTopBid=1733519084046 timestampAfterDecoding=1733519084043 timestampAfterSignatureCheck=1733519084046 timestampAfterValidation=1733519084050 timestampBeforeCheckingFloorBid=1733519084046 timestampBeforeCheckingTopBid=1733519084046 timestampBeforeSignatureCheck=1733519084043 timestampBeforeValidation=1733519084046 timestampEligibleAt=1733519084052 timestampRequestStart=1733519084043 topBidValue=347537197014000 validationDurationMs=3 value=347537197014000 version=6fc57d1-dev wasBidSavedInRedis=true wasTopBidUpdated=true
time="2024-12-06T21:04:44Z" level=info msg="request finished" blobGasUsed=0 blockHash=0x88d2c44b9f065af95abd7fc33e3df3a05dc5f503c869fa328ecb09d8f207356f builderIsHighPrio=false builderPubkey=0xaa1488eae4b06a1fff840a2b6db167afc520758dc2c8af0dfb57037954df3431b747e2f900fe8805f05d635e9a29717b cancellationEnabled=false contentLength=4925 excessBlobGas=0 fastTrackValidation=false headSlot=86 isLargeRequest=false method=submitNewBlock newBidIsTopBid=true numBlobs=0 numTx=12 parentHash=0x8b0538b6ad3f983e27927b186efda72a6571083e5b87e8c14e80ee9a06c3c449 payloadBytes=4925 prevTopBidValue=0 profileRedisSavePayloadUs=12 profileRedisUpdateFloorUs=128 profileRedisUpdateTopBidUs=187 proposerPubkey=0x8c0d15baa72bfcd317e9b9402ca9bb6e7ae1db35ffce7faccae0bd19b3c8e5de7d5524aef0377770b3a90626627a9304 reqContentType=json reqIsGzip=false requestDurationMs=16 service=relay/api slot=87 timestampAfterBidUpdate=1733519084052 timestampAfterCheckingFloorBid=1733519084046 timestampAfterCheckingTopBid=1733519084046 timestampAfterDecoding=1733519084043 timestampAfterSignatureCheck=1733519084046 timestampAfterValidation=1733519084050 timestampBeforeCheckingFloorBid=1733519084046 timestampBeforeCheckingTopBid=1733519084046 timestampBeforeSignatureCheck=1733519084043 timestampBeforeValidation=1733519084046 timestampEligibleAt=1733519084052 timestampRequestFin=1733519084059 timestampRequestStart=1733519084043 topBidValue=347537197014000 validationDurationMs=3 value=347537197014000 version=6fc57d1-dev wasBidSavedInRedis=true wasTopBidUpdated=true
time="2024-12-06T21:04:44Z" level=info msg="http: POST /relay/v1/builder/blocks 200" duration=0.016449 method=POST path=/relay/v1/builder/blocks service=relay/api status=200 version=6fc57d1-dev
time="2024-12-06T21:04:44Z" level=info msg="request initiated" cancellationEnabled=false contentLength=14714 headSlot=86 method=submitNewBlock service=relay/api timestampRequestStart=1733519084545 version=6fc57d1-dev
time="2024-12-06T21:04:44Z" level=info msg="block validation successful" blobGasUsed=0 blockHash=0x9c59444472f16a219d34549b1aedc8f81bf5afa4e5a2051b9f63c1f7beeb7aea builderIsHighPrio=false builderPubkey=0xaa1488eae4b06a1fff840a2b6db167afc520758dc2c8af0dfb57037954df3431b747e2f900fe8805f05d635e9a29717b cancellationEnabled=false contentLength=14714 durationMs=14 excessBlobGas=0 fastTrackValidation=false headSlot=86 isLargeRequest=false method=submitNewBlock newBidIsTopBid=true numBlobs=0 numTx=54 numWaiting=0 parentHash=0x8b0538b6ad3f983e27927b186efda72a6571083e5b87e8c14e80ee9a06c3c449 payloadBytes=14714 proposerPubkey=0x8c0d15baa72bfcd317e9b9402ca9bb6e7ae1db35ffce7faccae0bd19b3c8e5de7d5524aef0377770b3a90626627a9304 reqContentType=json reqIsGzip=false service=relay/api slot=87 timestampAfterCheckingFloorBid=1733519084549 timestampAfterCheckingTopBid=1733519084549 timestampAfterDecoding=1733519084546 timestampAfterSignatureCheck=1733519084549 timestampBeforeCheckingFloorBid=1733519084549 timestampBeforeCheckingTopBid=1733519084549 timestampBeforeSignatureCheck=1733519084546 timestampBeforeValidation=1733519084549 timestampRequestStart=1733519084545 topBidValue=347537197014000 value=1674499507044000 version=6fc57d1-dev
time="2024-12-06T21:04:44Z" level=info msg="received block from builder" blobGasUsed=0 blockHash=0x9c59444472f16a219d34549b1aedc8f81bf5afa4e5a2051b9f63c1f7beeb7aea builderIsHighPrio=false builderPubkey=0xaa1488eae4b06a1fff840a2b6db167afc520758dc2c8af0dfb57037954df3431b747e2f900fe8805f05d635e9a29717b cancellationEnabled=false contentLength=14714 excessBlobGas=0 fastTrackValidation=false headSlot=86 isLargeRequest=false method=submitNewBlock newBidIsTopBid=true numBlobs=0 numTx=54 parentHash=0x8b0538b6ad3f983e27927b186efda72a6571083e5b87e8c14e80ee9a06c3c449 payloadBytes=14714 prevTopBidValue=347537197014000 profileDecodeUs=698 profilePrechecksUs=2992 profileRedisSavePayloadUs=31 profileRedisUpdateFloorUs=124 profileRedisUpdateTopBidUs=270 profileRedisUs=2065 profileSimUs=14823 profileTotalUs=20646 proposerPubkey=0x8c0d15baa72bfcd317e9b9402ca9bb6e7ae1db35ffce7faccae0bd19b3c8e5de7d5524aef0377770b3a90626627a9304 reqContentType=json reqIsGzip=false service=relay/api slot=87 timestampAfterBidUpdate=1733519084566 timestampAfterCheckingFloorBid=1733519084549 timestampAfterCheckingTopBid=1733519084549 timestampAfterDecoding=1733519084546 timestampAfterSignatureCheck=1733519084549 timestampAfterValidation=1733519084564 timestampBeforeCheckingFloorBid=1733519084549 timestampBeforeCheckingTopBid=1733519084549 timestampBeforeSignatureCheck=1733519084546 timestampBeforeValidation=1733519084549 timestampEligibleAt=1733519084566 timestampRequestStart=1733519084545 topBidValue=1674499507044000 validationDurationMs=14 value=1674499507044000 version=6fc57d1-dev wasBidSavedInRedis=true wasTopBidUpdated=true
time="2024-12-06T21:04:44Z" level=info msg="request finished" blobGasUsed=0 blockHash=0x9c59444472f16a219d34549b1aedc8f81bf5afa4e5a2051b9f63c1f7beeb7aea builderIsHighPrio=false builderPubkey=0xaa1488eae4b06a1fff840a2b6db167afc520758dc2c8af0dfb57037954df3431b747e2f900fe8805f05d635e9a29717b cancellationEnabled=false contentLength=14714 excessBlobGas=0 fastTrackValidation=false headSlot=86 isLargeRequest=false method=submitNewBlock newBidIsTopBid=true numBlobs=0 numTx=54 parentHash=0x8b0538b6ad3f983e27927b186efda72a6571083e5b87e8c14e80ee9a06c3c449 payloadBytes=14714 prevTopBidValue=347537197014000 profileRedisSavePayloadUs=31 profileRedisUpdateFloorUs=124 profileRedisUpdateTopBidUs=270 proposerPubkey=0x8c0d15baa72bfcd317e9b9402ca9bb6e7ae1db35ffce7faccae0bd19b3c8e5de7d5524aef0377770b3a90626627a9304 reqContentType=json reqIsGzip=false requestDurationMs=28 service=relay/api slot=87 timestampAfterBidUpdate=1733519084566 timestampAfterCheckingFloorBid=1733519084549 timestampAfterCheckingTopBid=1733519084549 timestampAfterDecoding=1733519084546 timestampAfterSignatureCheck=1733519084549 timestampAfterValidation=1733519084564 timestampBeforeCheckingFloorBid=1733519084549 timestampBeforeCheckingTopBid=1733519084549 timestampBeforeSignatureCheck=1733519084546 timestampBeforeValidation=1733519084549 timestampEligibleAt=1733519084566 timestampRequestFin=1733519084574 timestampRequestStart=1733519084545 topBidValue=1674499507044000 validationDurationMs=14 value=1674499507044000 version=6fc57d1-dev wasBidSavedInRedis=true wasTopBidUpdated=true
time="2024-12-06T21:04:44Z" level=info msg="http: POST /relay/v1/builder/blocks 200" duration=0.028547 method=POST path=/relay/v1/builder/blocks service=relay/api status=200 version=6fc57d1-dev
time="2024-12-06T21:04:45Z" level=info msg="payload attributes received for slot: 88" service=relay/api version=6fc57d1-dev
time="2024-12-06T21:04:45Z" level=info msg="updated payload attributes" headSlot=86 payloadAttrParent=0x8b0538b6ad3f983e27927b186efda72a6571083e5b87e8c14e80ee9a06c3c449 payloadAttrSlot=88 randao=0x8095868422071127974c504e98455c1f269ef9b862c2c8c4b521498b4fe864f2 service=relay/api timestamp=1733519087 version=6fc57d1-dev withdrawalsRoot=0x792930bbd5baac43bcc798ee49aa8185ef76bb3b44ba62b91d86ae569e4bb535
time="2024-12-06T21:04:45Z" level=debug msg="getHeader request received" headSlot=86 method=getHeader mevBoostV=v1.8.1 msIntoSlot=3 parentHash=0x8b0538b6ad3f983e27927b186efda72a6571083e5b87e8c14e80ee9a06c3c449 pubkey=0x8c0d15baa72bfcd317e9b9402ca9bb6e7ae1db35ffce7faccae0bd19b3c8e5de7d5524aef0377770b3a90626627a9304 requestTimestamp=1733519085 service=relay/api slot=87 slotStartSec=1733519085 ua="mev-boost/v1.8.1 Lighthouse/v5.3.0-2e0eb6d" version=6fc57d1-dev
time="2024-12-06T21:04:45Z" level=debug msg="getPayload response from redis" datastoreMethod=GetGetPayloadResponse headSlot=86 method=getHeader mevBoostV=v1.8.1 msIntoSlot=3 parentHash=0x8b0538b6ad3f983e27927b186efda72a6571083e5b87e8c14e80ee9a06c3c449 pubkey=0x8c0d15baa72bfcd317e9b9402ca9bb6e7ae1db35ffce7faccae0bd19b3c8e5de7d5524aef0377770b3a90626627a9304 requestTimestamp=1733519085 service=relay/api slot=87 slotStartSec=1733519085 ua="mev-boost/v1.8.1 Lighthouse/v5.3.0-2e0eb6d" version=6fc57d1-dev
time="2024-12-06T21:04:45Z" level=info msg="parent beacon root found in payload attributes" service=relay/api version=6fc57d1-dev
time="2024-12-06T21:04:45Z" level=info msg="enrich block response received / responseuuid:\"b2d728af-1cbe-4b2b-a842-02f35c93753c\" executionPayloadHeader:{ParentHash:\"\\x8b\\x058\\xb6\\xad?\\x98>'\\x92{\\x18n\\xfd\\xa7*eq\\x08>[\\x87\\xe8\\xc1N\\x80\\xee\\x9a\\x06\\xc3\\xc4I\" StateRoot:\"ڻ\\xd9\\xca\\x13Fc\\xba\\x08EO\\xce\\xc4\\x19\\xa8\\x1e\\x92\\xfb)#6\\xe2\\x19m1\\x9c\\x05\\x01\\x0cδ\\n\" ReceiptsRoot:\"D6\\x9b\\xf7\\xac\\\"\\\\4\\x88\\x1fU\\xfbfo\\xd7|\\xb7\\xaa+\\x87\\xb52\\x17\\xdd\\xf7\\xca\\n\\xce\\x0b\\xa6\\xae)\" LogsBloom:\"@ \\x00\\x00\\x00\\x00\\x00\\x00\\x00\\x00\\x00\\x00\\x80\\x00\\x00\\x00\\x00\\x00\\x00\\x00\\x00\\x01\\x00\\x00\\x01\\x00\\x00\\x00\\x00@\\x08\\x00\\x00\\x00\\x00\\x00\\x00\\x00\\x00\\x00\\x00\\x00\\x00\\x00\\x00\\x00 \\x00\\x00\\x80\\x00\\x00\\x00\\x00\\x00\\x00\\x00\\x00\\x00\\x00 \\x00\\x00\\x00\\x00\\x00\\x00\\x00\\x00\\x00\\x00\\x00\\x00\\x00 \\x08\\x00\\x00\\x00 \\x00\\x00\\x00\\x00\\x00\\x00\\x00\\x00\\x00\\x02\\x00\\x00\\x00\\x00\\x00\\x00\\x00\\x00\\x00\\x00\\x00 \\x00\\x00\\x08\\x00\\x00\\x00\\x10\\x00\\x00\\x00\\x00\\x00\\x00\\x00\\x00\\x00\\x00\\x00\\x00\\x00\\x00\\x10\\x00\\x00\\x00\\x00\\x00\\x00\\x00\\x00\\x00\\x00\\x00\\x00\\x00\\x00\\x00\\x00\\x00\\x00\\x00\\x00\\x00\\x00\\x00\\x00\\x00\\x00\\x00\\x08\\x00\\x00\\x00@\\x00\\x02\\x00\\x00\\x00\\x00\\x00\\x00\\x00\\x00\\x04\\x00\\x00\\x00\\x00\\x00\\x00\\x00\\x00@\\x00\\x00\\x00\\x00\\x00\\x00\\x00\\x00\\x00\\x00\\x00\\x00\\x00\\x00\\x00\\x00\\x00\\x00\\x10\\x02\\x00\\x00\\x00\\x00\\x00\\x00\\x00\\x00\\x00\\x00\\x00\\x00\\x00\\x00\\x00 \\x00\\x00\\x00\\x10\\x00\\x00\\x00\\x00\\x00\\x00\\x00\\x00\\x00\\x00\\x00\\x00\\x00\\x00\\x00\\x00\\x00\\x00\\x00\\x00\\x00\\x00\\x00\\x00\\x00\\x00\\x00\\x00\\x00\\x00\\x00\\x00\\x00\\x00\\x00\\x00\\x00\\x00\\x00\\x00\" PrevRandao:\"\\x80\\x95\\x86\\x84\\\"\\x07\\x11'\\x97LPN\\x98E\\\\\\x1f&\\x9e\\xf9\\xb8b\\xc2\\xc8ĵ!I\\x8bO\\xe8d\\xf2\" ExtraData:\"Illuminate Dmocratize Dstribute\" BaseFeePerGas:\"fw\" FeeRecipient:\"\\x89CTQw\\x80n\\xd1{\\x9f#\\xf0\\xa2\\x1e唎ʧv\" BlockHash:\"\\xa9\\x9eNG\\xdb@ى\\x91\\xeb\\xf3\\x11pVT\\xc8P \\r\\x0c\\xfbt^<\\x99\\xf6a\\xa6\\x1b\\x9f\\xcd\\xec\" TransactionsRoot:\"\\xf3\\x13\\x95\\x84\\x1f\\xa9\\xed\\xa3\\x17\\xe4\\xc1yp\\x89\\xe8\\xa3ڼ~P,)psz\\x0fd\\x01\\xa3\\xb6\\xb2\\x17\" WithdrawalsRoot:\"y)0\\xbbպ\\xacC\\xbcǘ\\xeeI\\xaa\\x81\\x85\\xefv\\xbb;D\\xbab\\xb9\\x1d\\x86\\xaeV\\x9eK\\xb55\" BlockNumber:87 GasLimit:27215602 Timestamp:1733519085 GasUsed:1241169} value:2210344507044000" service=relay/api version=6fc57d1-dev
time="2024-12-06T21:04:45Z" level=info msg="bid enriched with PROF" service=relay/api value=2210344507044000 version=6fc57d1-dev
time="2024-12-06T21:04:45Z" level=info msg="SUCCESS: bid enriched with PROF" enrichedHeader="{[139 5 56 182 173 63 152 62 39 146 123 24 110 253 167 42 101 113 8 62 91 135 232 193 78 128 238 154 6 195 196 73] [137 67 84 81 119 128 110 209 123 159 35 240 162 30 229 148 142 202 167 118] [218 187 217 202 19 70 99 186 8 69 79 206 196 25 168 30 146 251 41 35 54 226 25 109 49 156 5 1 12 206 180 10] [68 54 155 247 172 34 92 52 136 31 85 251 102 111 215 124 183 170 43 135 181 50 23 221 247 202 10 206 11 166 174 41] [64 32 0 0 0 0 0 0 0 0 0 0 128 0 0 0 0 0 0 0 0 1 0 0 1 0 0 0 0 64 8 0 0 0 0 0 0 0 0 0 0 0 0 0 0 0 32 0 0 128 0 0 0 0 0 0 0 0 0 0 32 0 0 0 0 0 0 0 0 0 0 0 0 0 32 8 0 0 0 32 0 0 0 0 0 0 0 0 0 2 0 0 0 0 0 0 0 0 0 0 0 32 0 0 8 0 0 0 16 0 0 0 0 0 0 0 0 0 0 0 0 0 0 16 0 0 0 0 0 0 0 0 0 0 0 0 0 0 0 0 0 0 0 0 0 0 0 0 0 0 0 8 0 0 0 64 0 2 0 0 0 0 0 0 0 0 4 0 0 0 0 0 0 0 0 64 0 0 0 0 0 0 0 0 0 0 0 0 0 0 0 0 0 0 16 2 0 0 0 0 0 0 0 0 0 0 0 0 0 0 0 32 0 0 0 16 0 0 0 0 0 0 0 0 0 0 0 0 0 0 0 0 0 0 0 0 0 0 0 0 0 0 0 0 0 0 0 0 0 0 0 0 0 0 0 0] [128 149 134 132 34 7 17 39 151 76 80 78 152 69 92 31 38 158 249 184 98 194 200 196 181 33 73 139 79 232 100 242] 87 27215602 1241169 1733519085 [73 108 108 117 109 105 110 97 116 101 32 68 109 111 99 114 97 116 105 122 101 32 68 115 116 114 105 98 117 116 101] 26231 [169 158 78 71 219 64 217 137 145 235 243 17 112 86 84 200 80 32 13 12 251 116 94 60 153 246 97 166 27 159 205 236] [243 19 149 132 31 169 237 163 23 228 193 121 112 137 232 163 218 188 126 80 44 41 112 115 122 15 100 1 163 182 178 23] [121 41 48 187 213 186 172 67 188 199 152 238 73 170 129 133 239 118 187 59 68 186 98 185 29 134 174 86 158 75 181 53] 0 0}" headSlot=86 method=getHeader mevBoostV=v1.8.1 msIntoSlot=3 parentHash=0x8b0538b6ad3f983e27927b186efda72a6571083e5b87e8c14e80ee9a06c3c449 pubkey=0x8c0d15baa72bfcd317e9b9402ca9bb6e7ae1db35ffce7faccae0bd19b3c8e5de7d5524aef0377770b3a90626627a9304 requestTimestamp=1733519085 service=relay/api slot=87 slotStartSec=1733519085 ua="mev-boost/v1.8.1 Lighthouse/v5.3.0-2e0eb6d" version=6fc57d1-dev
time="2024-12-06T21:04:45Z" level=info msg="TIME: bid enriched with PROF" enrichTime=20.897685ms headSlot=86 method=getHeader mevBoostV=v1.8.1 msIntoSlot=3 parentHash=0x8b0538b6ad3f983e27927b186efda72a6571083e5b87e8c14e80ee9a06c3c449 pubkey=0x8c0d15baa72bfcd317e9b9402ca9bb6e7ae1db35ffce7faccae0bd19b3c8e5de7d5524aef0377770b3a90626627a9304 requestTimestamp=1733519085 service=relay/api slot=87 slotStartSec=1733519085 ua="mev-boost/v1.8.1 Lighthouse/v5.3.0-2e0eb6d" version=6fc57d1-dev
time="2024-12-06T21:04:45Z" level=info msg="Original Bid" bid=1674499507044000 headSlot=86 method=getHeader mevBoostV=v1.8.1 msIntoSlot=3 parentHash=0x8b0538b6ad3f983e27927b186efda72a6571083e5b87e8c14e80ee9a06c3c449 pubkey=0x8c0d15baa72bfcd317e9b9402ca9bb6e7ae1db35ffce7faccae0bd19b3c8e5de7d5524aef0377770b3a90626627a9304 requestTimestamp=1733519085 service=relay/api slot=87 slotStartSec=1733519085 ua="mev-boost/v1.8.1 Lighthouse/v5.3.0-2e0eb6d" version=6fc57d1-dev
time="2024-12-06T21:04:45Z" level=info msg="Enriched Bid" enrichedBid=2210344507044000 headSlot=86 method=getHeader mevBoostV=v1.8.1 msIntoSlot=3 parentHash=0x8b0538b6ad3f983e27927b186efda72a6571083e5b87e8c14e80ee9a06c3c449 pubkey=0x8c0d15baa72bfcd317e9b9402ca9bb6e7ae1db35ffce7faccae0bd19b3c8e5de7d5524aef0377770b3a90626627a9304 requestTimestamp=1733519085 service=relay/api slot=87 slotStartSec=1733519085 ua="mev-boost/v1.8.1 Lighthouse/v5.3.0-2e0eb6d" version=6fc57d1-dev
time="2024-12-06T21:04:45Z" level=info msg="http: GET /eth/v1/builder/header/87/0x8b0538b6ad3f983e27927b186efda72a6571083e5b87e8c14e80ee9a06c3c449/0x8c0d15baa72bfcd317e9b9402ca9bb6e7ae1db35ffce7faccae0bd19b3c8e5de7d5524aef0377770b3a90626627a9304 200" duration=0.022875 method=GET path=/eth/v1/builder/header/87/0x8b0538b6ad3f983e27927b186efda72a6571083e5b87e8c14e80ee9a06c3c449/0x8c0d15baa72bfcd317e9b9402ca9bb6e7ae1db35ffce7faccae0bd19b3c8e5de7d5524aef0377770b3a90626627a9304 service=relay/api status=200 version=6fc57d1-dev
time="2024-12-06T21:04:45Z" level=info msg="request initiated --> handleGetPayload" contentLength=3484 headSlot=86 headSlotEpochPos=23 idArg= method=getPayload mevBoostV=v1.8.1 service=relay/api timestampRequestStart=1733519085095 ua="mev-boost/v1.8.1 Lighthouse/v5.3.0-2e0eb6d" version=6fc57d1-dev
time="2024-12-06T21:04:45Z" level=info msg="getPayload request received" blockHash=0xa99e4e47db40d98991ebf311705654c850200d0cfb745e3c99f661a61b9fcdec contentLength=3484 feeRecipient=0x8943545177806ED17B9F23F0a21ee5948eCaa776 headSlot=86 headSlotEpochPos=23 idArg= method=getPayload mevBoostV=v1.8.1 msIntoSlot=95 proposerIndex=62 proposerPubkey=0x8c0d15baa72bfcd317e9b9402ca9bb6e7ae1db35ffce7faccae0bd19b3c8e5de7d5524aef0377770b3a90626627a9304 service=relay/api slot=87 slotEpochPos=24 slotStartSec=1733519085 timestampAfterDecode=1733519085095 timestampAfterSignatureVerify=1733519085098 timestampRequestStart=1733519085095 ua="mev-boost/v1.8.1 Lighthouse/v5.3.0-2e0eb6d" version=6fc57d1-dev
getPayloadFromProf called!!!
getPayloadResponse returning payload from bundle merger: &{Version:deneb Bellatrix:null
 Capella:null
 Deneb:{execution_payload: {parent_hash: '0x8b0538b6ad3f983e27927b186efda72a6571083e5b87e8c14e80ee9a06c3c449', fee_recipient: '0x8943545177806ED17B9F23F0a21ee5948eCaa776', state_root: '0xdabbd9ca134663ba08454fcec419a81e92fb292336e2196d319c05010cceb40a', receipts_root: '0x44369bf7ac225c34881f55fb666fd77cb7aa2b87b53217ddf7ca0ace0ba6ae29', logs_bloom: '0x40200000000000000000000080000000000000000001000001000000004008000000000000000000000000000000200000800000000000000000000020000000000000000000000000002008000000200000000000000000000200000000000000000000002000000800000010000000000000000000000000000010000000000000000000000000000000000000000000000000000000080000004000020000000000000000040000000000000000400000000000000000000000000000000000001002000000000000000000000000000000200000001000000000000000000000000000000000000000000000000000000000000000000000000000000000', prev_randao: '0x8095868422071127974c504e98455c1f269ef9b862c2c8c4b521498b4fe864f2', block_number: 87, gas_limit: 27215602, gas_used: 1241169, timestamp: 1733519085, extra_data: '0x496c6c756d696e61746520446d6f63726174697a6520447374726962757465', base_fee_per_gas: '26231', block_hash: '0xa99e4e47db40d98991ebf311705654c850200d0cfb745e3c99f661a61b9fcdec', transactions: ['0xf8708203848459ad21f6825208946177843db3138ae69679a54b95cf345ed759450d880429d069189e0000808360306ba07998dd1e2dde1fe8378173fb9bc4613570deb1acda86162b8ab2f7464ac7e94ba0127187ac2df80f61e0809136ae243fba915a7943a72a379165ca0fea2a44a639', '0xf8708203858459ad21f682520894687704db07e902e9a8b3754031d168d46e3d586e880429d069189e0000808360306ca013d25196354e97c28cc84f554ace092c89fa4e70e5fa7ec59ac41931d3f49eeba020b4bec8c4806a11728d58803f3aa3d0bd714d1d3e7ab747620dccf67b948eed', '0xf8708203868459ad21f68252089415e6a5a2e131dd5467fa1ff3acd104f45ee5940b880429d069189e0000808360306ca020563b5102b46c493595792574af865ce1f435d67b0c6d3142b4374db2f0dc9aa05b6dfbe734bcf15401b17a1359a06ed51e056641332d0c1cc5424587a824effe', '0xf8708203878459ad21f68252089480c4c7125967139acaa931ee984a9db4100e0f3b880429d069189e0000808360306ca0824d2eac7e6e3581183323316052cafebf02bd30e639ed94e332d20e669bb2eda0393a3c0dba537cb88b9b43be034ea295b1bf7b5d8f1bf86a2f538ac04b6e1400', '0xf8708203888459ad21f682520894d08a63244fcd28b0aec5075052cdce31ba04fead880429d069189e0000808360306ca00e414d2014357ee7f0002df45054683d6b6589807d08c6c67a4d01d5149a7a40a01a9efcb9109b9b0f98035204c761eeb84839b1f3f434c1d25247361dcbe8dac3', '0xf8708203898459ad21f6825208940b06ef8be65fcda88f2dbae5813480f997ee8e35880429d069189e0000808360306ca08cd19c97d72ea7a1ba8627a22f75809f85ee66ffa70914098d6930f9ae907205a051579bfbe11832c41e6a7870e693ad8e4baabcb3643b409cbafaf2e081d87ac4', '0xf87082038a8459ad21f6825208941cb96c5809da5977f99f69c11ee58bae5711c5f1880429d069189e0000808360306ba00a83afa8b69417f1eec9cda1cdd62b5fa2a6ee9b36ada08e29c1d5ac719177cba003990a76d3236006320202fce0cc28c339de7380a1d0fefaa7347fa55992130b', '0xf87082038b8459ad21f6825208942aa48ee899410a6d97c01b0bb0eeaf1771cc435b880429d069189e0000808360306ca028b34dda9743222f748774384d5e2ad2067e82bbed472006685a32ace99b6bb5a05c11a99c0120191e682150084dbb9fa3087de175c12dccda1ddc08d5ad04ecfe', '0xf87082038c8459ad21f68252089407b9d920dd8e8d83dc1125c94fc0b3cdcdf602fb880429d069189e0000808360306ba0c5748dd88d3333fe2fd78535b90f9e67c199c9c94a7d6129d456ad5b5484ce7fa03661c58c7113d2751523f874c86d6cff7300afeb17edde0e762f1ddf251ba950', '0xf87082038d8459ad21f682520894fcb6e353ad4f79245c7cb704abcffe2f48684241880429d069189e0000808360306ca0684b40e4f8b11387b674fbecc9724320c65f66747bec8d7862bac9d48c76e698a05f00065d8605e360b954a1053ab881bca91b32bee4e59fdfc105ac1111af9049', '0xf87082038e8459ad21f6825208940d3de4256d6322683fdea9ee23765ccbfcb83da4880429d069189e0000808360306ca0db6aec77f041f4b81870d1c46565ebe81c2673f072901a2c52f458b210e9a13fa04cef1dee08c77baa5fa0f69e13b5b99d4ef5bd5c07bc3798a999f06a27cb1d01', '0xf87082038f8459ad21f6825208946021752d8d9b2f221d4fea4349dea34ddbcfce50880429d069189e0000808360306ca05ac26ef87e5fc0f84959714da1a2a09c3a269b00ef0560e5b79cc6417f790ddca07c3b0b03868857aab66d0dc589727747c2378280981a679b7bf7f697e332c0e4', '0xf8708203908459ad21f68252089461e296d527edc89e831cf593ec341f16197eeafb880429d069189e0000808360306ba07e99c414bd3bdd4867180ebe3e1a0de6abc4806bda44ed8c57a721dc7c603666a0143da45dd4591691f155ea2666949a5172f98a5aab95a861084eb99d13534081', '0xf8708203918459ad21f682520894cf7317ee7a3b497ecf634b94bff60ff91b925747880429d069189e0000808360306ca0032d18ef6de5f67d7964d796e760e18b7af26e886f4df238dc1653032e430f7ea046bccae06c64dbc64c42808efa251df7f9070e725687ce4a6058ef2a8d7ae94c', '0xf8708203928459ad21f6825208947e7b519df31f77ced83eea1b16aedb6dcb0f0b24880429d069189e0000808360306ba0634eeb86d63e17e55b6b2116f11c1efc2d4fb05d95bba18c5d5b5dc825984ad9a065c5aa71f7d8dd9a348c39174a1778462c660a5d411a3bea00049cb472a7eda7', '0xf8708203938459ad21f68252089488a075e0fb1c9309a200a8bf0a88b214bf7ceb8d880429d069189e0000808360306ba069ea07558526b4d8a6659cc3a1c67c5987dc1a606ff0561f07959fbf3226842aa069cbc8ad1520fd14fc656b21c342746a1b9b053dde32a8b92ea9979477b889a9', '0xf8708203948459ad21f682520894c8d7cfb58f3ac02568e6505bf3fb5eb6f0807039880429d069189e0000808360306ba0f7dfdc285bbbecedfe98514450ac7047f7252afd69a6a5e30891ead70ae1a83da07bc72e75eb7e8d1b2a050140dcd0e034fb60d82f813278baa78498f96567f1ba', '0xf8708203958459ad21f682520894e0132e8d7b1b766e0ade5543d6c6c0b2d5a2f01d880429d069189e0000808360306ba043fc93b9f88fe8f5400ff6b0743c57ec2bf512e7c174808513097256b9676ae4a053f1f1bb242b10101860b4574678f5dff51f9dcd51b9d04a2c03ef5e5039e468', '0xf8708203968459ad21f682520894eb674c0411db79654afdc1e131f3b6e734baee6c880429d069189e0000808360306ca038570bead2916acf457f94ba6a38e36879a2b8fa3c734d6eb5f186ba8489c87ba013b142fca94df4e4468f0001e2a609bc360d496b06a3a8349725bc8834babdca', '0xf8708203978459ad21f682520894dc07c60993cf689438b8c85f86b0ed938dca77ea880429d069189e0000808360306ba08a809eb1e9e2ed1d4619bb6ee169503d41b31159426c238f72b0a5463087c7d5a0616183a54d6f9a95760272780751d8c435fd3bfc98bec86d1a28fe01bb9db355', '0xf8708203988459ad21f682520894110ddc93db59ed31a03518510221ec2f35d28f2f880429d069189e0000808360306ba0ef913cf6a2313d8ee5dc840578b92a6295f1c996f01e0cbffb2820965710960ba03da6d2e753439e9f912fde4520ba5004fac877923a6b19cbe9bfae68e7ae5358', '0xf8708203998459ad21f682520894b599a876aaac824cfce21bdf15627c9fd8634c30880429d069189e0000808360306ba02370ff4bf39b4d3e4555410801600b5b14a20d8a3a0ff0aeb2b68f9216535bd2a04aa8a567d45c8b6ced525589e69ebcc915d1705aec6684a4982e99a26236e307', '0xf87082039a8459ad21f682520894d36e5540dd71acbd6416d60252c4d7c34a3c8245880429d069189e0000808360306ca0e2252f492967252a0101173df9ac2e00f7b4939eaa40ab0596b032d4134a411ea06809acc5bc32e948ad6b017c737e5d2f52c2570d73fa91ae556a09b804652db4', '0xf87082039b8459ad21f6825208943adeca35af56206a74987a8fe13c669365c770cf880429d069189e0000808360306ca0459fe79f478b6619ca96ddcbd1691b733a23a1f11d837d2ead0bc592ed4651e5a0237823538e2fdf0d2a1e08bccdbfa96c106deef527d3520983a168e27fb699f9', '0xf87082039c8459ad21f682520894d77b95acd12f7b4b5692b55717b7bbca11651954880429d069189e0000808360306ba0745d895467e14daa454e65d60bbcf66a1a90d8a76b7b3abe96c3bb02c1ee785aa00197d27f07b788d7937fffdb8cea16b7a1722b81da76ef885adea0a930ce2e21', '0xf87082039d8459ad21f682520894f388bf5766b5ed5d4e1cbf15772e677dbfa80b00880429d069189e0000808360306ba094cd8ce5decefa6ca854cadc2203d168495cc21ddad2213543f82a21021654b6a040c1faeba6397db972d4854c4e5696f3baa6f7be83fd0d8f95e9548c94bbebaf', '0xf87082039e8459ad21f68252089435d4996296e58560e6ef47787d51b55f1e2bd92a880429d069189e0000808360306ca07a049884237dbbc4b412e8a9b97c62cad200f82a5d66c09de3e3b093c0112b22a03189821fa2679a292edaab80f60620262bf24e43169b2027cfc5245a3cdf2e1d', '0xf87082039f8459ad21f682520894a4c3b77b898e53d6095f11c53a1ce272cff9af31880429d069189e0000808360306ca0eec8700cb644fd5ddc6148031fbfa0875992dfc671c8560c07af6fa8a3de33eda023d18162e7575d45fce37beabbbb243de584b58f76efdc80151762ef1cf75a64', '0xf8708203a08459ad21f6825208946e84f6113fc1919714f0266705813fb81a17181f880429d069189e0000808360306ca0a103a272ece1f9af073aa11d92c440b82c03d8f98c9438a381eb1a89402ebe56a05c1150198b9826d05c1e685a47dc002556f689c658c1587cc34ba3cf9fb12384', '0xf8708203a18459ad21f682520894e9ae1a806004e1452baae0493920815aadd84798880429d069189e0000808360306ca0b5113814b550a85144f6a97e4cbf74598a58de65f81f0797ccb62c0484a0939ba01bacdca7ad630de041cbedb224bd9fd26edd8b911c61d3fb5d8160303d6bae65', '0xf8708203a28459ad21f682520894fe1905d8ebd20e037274eef441283c811ea82c16880429d069189e0000808360306ba0e2a26b6d23f7f200add6e8bc2816dc5bb100717b177046023d8d4b4d537471bea0794cbc0858ac934fa6d769fb5efe43da138b13daee7464b36e6062ec3333b8c2', '0xf8708203a38459ad21f6825208946adece88e477f53a143a4c29d97940df2ec768e0880429d069189e0000808360306ba028717f6f63f81b5da3496de10d5763159ef686be82834ba80e327426098bf1c3a04e6c3909bbcf836b61aff2273e9db72352847752d370cc9278d7b7793bee7adf', '0xf8708203a48459ad21f6825208940d34d140a7376892c4593fcea3ae26f5d6f202d7880429d069189e0000808360306ca01716ca018fdbc879ce927f86d3ddc5d78ee9f66ccc8e27b7253c3ab42eb12d64a05157b74eb6838363cc7902a761b336e6525af0fcf6fef1c65af9323cdd8a05c9', '0xf8708203a58459ad21f682520894d1c7fa75b9bc55d041fcdf215f3e3a351c9f9edc880429d069189e0000808360306ca033cafa47fa5dd6f63ace8ed4b10f59c251e7bf1167dfc4a461de975a9918efbaa0275c0750b472baeba372a47cee2172832728c75dc930c53c81c6791360322b15', '0xf8708203a68459ad21f682520894418ebe350a8c6387bf5e42f3502742af8e0781f1880429d069189e0000808360306ca0586c0555f92aaaa30225765d78c2ec1a624eedf2835e5f4214fe69b4d8d26f75a03fc9fefecc23809849f850762863316ca28a4eb4fc115a06ee96f80f11c8338c', '0xf8708203a78459ad21f68252089484914d2770c711d27888c775c547b1d933b48c47880429d069189e0000808360306ca009e92520efd88c136a3fb59ee974a5d8e2ba520dcf4151a65d2aca26f4ef533da063deadba539fca1da9fa70066d89dbaeb8db619d72bdb2b5d33bc3e4343cd433', '0xf8708203a88459ad21f6825208948f51e560b85edf2e653c689c4e9fac02ce0556b8880429d069189e0000808360306ca01a21314a24e53fb379d2427d819d96cd53989a1de5c08734102ec6ddba88cae3a071e00067aadfe1a36336905c4af7320237a96b968633ef3da6dfe97f36787165', '0xf8708203a98459ad21f682520894ee2503205c24dc66346e356f13f333fb8782d358880429d069189e0000808360306ca02f4c3627cf346a2d5d92d5030f81be41430514702cffef8bad8c993b8479c2e8a07d4af3a2e04caaa9f8f530c0aa54fa718791d7418aaae060c6c31fce55c9ac28', '0xf8708203aa8459ad21f682520894096ba6c59bd667a0fea9a356bcc988e4d9f2d8eb880429d069189e0000808360306ca0e3f64754ab56979f76e9be635acb11d8ec8598df5ea51007ec9dfcdabfb115fba05e86ddafc19b1090a225ab776ed266e6740f4e66e665bf3a3258018e96258e3b', '0xf8708203ab8459ad21f682520894da0adce4f1dc7debe7b2b52e8fe9ace6c7ea9c66880429d069189e0000808360306ba0bc920a688e0ffbd0f659ceb588097b7c097b6508201b9fcedf84d75d4a8f0b12a017df9ccd05e44b4e8821a89dcf169ad897e9473a307fb26349ab4f37477176de', '0xf8708203ac8459ad21f682520894af7d412aeab7525c0541dc3aa6c1085cfb8c9099880429d069189e0000808360306ca0b9af1d604f00cad52b3eaadc14de5202b9b2078be9366ea9fd2ae2da62dd51eba001d2ae11913afdfee3dcca081faddd5d951c528c36747f0e8a80cdda6cb409ef', '0xf8708203ad8459ad21f6825208943cf8c0d567261eaf4ac0872d33a9f48af361769f880429d069189e0000808360306ca0fc92825e4b50d2bd6fbfe052c5f31fce219f62a2be9a4f02a501457a03d260e7a0345b4f7640d500b51afe23a02e7242839c04a9c7d5de77aadfa1fed54962aec4', '0xf8708203ae8459ad21f6825208944779242587ba9e828999249eadd82984430f4843880429d069189e0000808360306ba0ff745ff26cb1fa32eb2947fd94325c948626397e3546983ec186aa8b7cc8202fa010c545e2c7f845f3bed4b8d04afd31c9f11107b71533d4e439216e726912e0cf', '0xf8708203af8459ad21f682520894ea531cfe2de357ecff3855b88dbd07f60b03cdca880429d069189e0000808360306ca094fa312ec0f997028dcc96e5b24a1c35473fa3de1d0e5461560e525d25a8a3b4a071a9ac6e2d1e14c53ca8de34bba2bb9ce6f0fa6c29985c641022131c722bfa57', '0xf8708203b08459ad21f682520894d00b5f53ea2a66ad33c3fee304bb22857dfb8a87880429d069189e0000808360306ca0c68d9d14e60e87c027d40d9959ac6936707cadfac3f34e18fdf94533106ee297a06b429aab9948ec7c9d42332f7af3d3909323f34a184992ead08007286d5ca92f', '0xf8708203b18459ad21f6825208947ead29f6616f78f21a951c9686dd257be7b8efe4880429d069189e0000808360306ca0812fc3725296c5c2bc972982134a31cddd2f710bf9818d26751400d584cc4df3a06aa9eac4864dee5ac5fbb52c7b8b78fa4d7866a2685ebb081bc1126d5823d067', '0xf8708203b28459ad21f682520894d503c13ee55c1ea128357d4018ec58d0d5e5c3db880429d069189e0000808360306ca0e5933505bb07e1a6b20c4f65b692708e3f9ddbdf658220f4e59f02f7eb675928a02b4ffe31c64d05b4c24de6044bdbdfacf45ddad21865021cfd923d208bef27d5', '0xf8708203b38459ad21f6825208944ac670d8760faf780468638ef80034876ed8918d880429d069189e0000808360306ba0ae1adda4419426d352a759d43f756934a5fcb4eee632627e5cf9db758bf2f6e7a05af9d1dfcd3fb1e6ef190ed0a349d2964edd22338ad5a2ee66dfe8955a82a26c', '0xf8708203b48459ad21f68252089424ffb8c97ce443f8d3265ba3316defcfc07c659c880429d069189e0000808360306ba0c1fb29f22a556739745a108ab4e91cec8177df88f3d60ba9204d7292e20ffe59a00d345c53a26952055a5ebf9cfd0080c5515c0f9277afe9b6236df870763350e3', '0xf8708203b58459ad21f6825208940c5cafc547ab98c9ceaa1c07fdd6bf7820aeb954880429d069189e0000808360306ca0b7f9001669f7a5e0bdbf834f683d7b6fb114b1bef6db3da1c2a648870d40e6d5a06530736cdcb13f91db9c96ccc395b271d98f1681313bf05a127c4bda82417227', '0xf8708203b68459ad21f682520894db8d964741c53e55df9c2d4e9414c6c96482874e880429d069189e0000808360306ca0baee7b9be4f66fa1b4027bef150d49ccccf63f1166afd7b42d392c145fd810a9a069ce350bb36dba1ad10a8e97bd361176f955cfb92a0ca7e191e6919c9fc6c308', '0xf8708203b78459ad21f682520894ba85bb35ae6ff7a34745993fcf92b9afd34124f1880429d069189e0000808360306ba0a3255e6df83270f159412c9af2fa70c8e0b3da2998fb9cac78c9d80eccd73724a00df4541a88e019288d14de4afb1f1f81fd0ed02afaa83f038dcfca9f53d0c513', '0xf8708203b88459ad21f68252089458871015f5a2d3948264f7c16ad194c80ffd531d880429d069189e0000808360306ca02daa60dcbf7b38791c67b395628ffba9ebf423bac32bc1590e6f145b62780e16a04beaa030e4f11da5c4f8460406706b785d117b19c5236c8a846df47207b169cd', '0x02f86e833018240780826677825208948943545177806ed17b9f23f0a21ee5948ecaa7768705f2f2cc4b3ea080c001a0d1f729f5d89575978ef264df3c7d8a62ad54100c55239c5312f41fba5c37e4a5a02a88d9089bb22f17be5e8c4cbd2bf187b54de3ddf8ff250b8e138db413eb62b2', '0x02f90176833018242f85012a05f2008512a05f2000830249f09471e67695db8bc44aa6bf2014142c42221967ee9880b901040cc7326300000000000000000000000000000000000000000000000000000000000000a0000000000000000000000000000000000000000000000011ac28a8c729580000000000000000000000000000f98265aea01677961bff51685b04ee3a6139206f00000000000000000000000065d08a056c17ae13370565b04cf77d2afa1cb9fa00000000000000000000000000000000000000000000000000000000000000000000000000000000000000000000000000000000000000000000000000000002000000000000000000000000ac29373cbe03c88fb078488181f8a0650c58ca0800000000000000000000000024a9da1457f96c2b167d49377a776d302a5c4db3c080a030aa3f15ab13d568a646006deaf5360a1f9faf01480ec7fe9415adfffd7ffce1a0211f57c1ab83f74b18078a97927d32ec6b115f54fd5ed2801fb340ad7078d7b6'], withdrawals: [], blob_gas_used: 0, excess_blob_gas: 0}, blobs_bundle: {commitments: [], proofs: [], blobs: []}}
}
time="2024-12-06T21:04:45Z" level=debug msg="publishing block" blockHash=0xa99e4e47db40d98991ebf311705654c850200d0cfb745e3c99f661a61b9fcdec component=beaconClient service=relay/api slot=87 uri="http://172.16.4.14:4000" version=6fc57d1-dev
time="2024-12-06T21:04:45Z" level=debug msg="publishing block" blockHash=0xa99e4e47db40d98991ebf311705654c850200d0cfb745e3c99f661a61b9fcdec component=beaconClient service=relay/api slot=87 uri="http://172.16.4.15:4000" version=6fc57d1-dev
time="2024-12-06T21:04:45Z" level=debug msg="publishing block" blockHash=0xa99e4e47db40d98991ebf311705654c850200d0cfb745e3c99f661a61b9fcdec component=beaconClient service=relay/api slot=87 uri="http://172.16.4.16:4000" version=6fc57d1-dev
time="2024-12-06T21:04:45Z" level=info msg="updated headSlot to 87" epoch=2 service=relay/api slotHead=87 slotStartNextEpoch=96 version=6fc57d1-dev
time="2024-12-06T21:04:45Z" level=debug msg="Updating builder cache with 1 builders from database" service=relay/api version=6fc57d1-dev
time="2024-12-06T21:04:45Z" level=info msg="payload attributes received for slot: 88" service=relay/api version=6fc57d1-dev
time="2024-12-06T21:04:45Z" level=info msg="finished publish block request" beaconPublishURI="http://172.16.4.15:4000" beaconURI="http://172.16.4.15:4000" component=beaconInstance encodeDurationMs=0 payloadBytes=16719 publishContentType=json publishDurationMs=23 service=relay/api slot=87 version=6fc57d1-dev
time="2024-12-06T21:04:45Z" level=info msg="published block" beacon="http://172.16.4.15:4000" blockHash=0xa99e4e47db40d98991ebf311705654c850200d0cfb745e3c99f661a61b9fcdec component=beaconClient service=relay/api slot=87 statusCode=200 version=6fc57d1-dev
time="2024-12-06T21:04:45Z" level=info msg="updated payload attributes" headSlot=87 payloadAttrParent=0xa99e4e47db40d98991ebf311705654c850200d0cfb745e3c99f661a61b9fcdec payloadAttrSlot=88 randao=0xfa7163554149dae118febf3ef66e4eaf321d3f1ebd3753366c0e7a94504fd0ad service=relay/api timestamp=1733519087 version=6fc57d1-dev withdrawalsRoot=0x792930bbd5baac43bcc798ee49aa8185ef76bb3b44ba62b91d86ae569e4bb535
time="2024-12-06T21:04:45Z" level=info msg="block published through beacon node" blockHash=0xa99e4e47db40d98991ebf311705654c850200d0cfb745e3c99f661a61b9fcdec contentLength=3484 feeRecipient=0x8943545177806ED17B9F23F0a21ee5948eCaa776 headSlot=86 headSlotEpochPos=23 idArg= method=getPayload mevBoostV=v1.8.1 msIntoSlot=95 msNeededForPublishing=24 proposerIndex=62 proposerPubkey=0x8c0d15baa72bfcd317e9b9402ca9bb6e7ae1db35ffce7faccae0bd19b3c8e5de7d5524aef0377770b3a90626627a9304 service=relay/api slot=87 slotEpochPos=24 slotStartSec=1733519085 timestampAfterAlreadyDeliveredCheck=1733519085102 timestampAfterDecode=1733519085095 timestampAfterLoadResponse=1733519085102 timestampAfterPublishing=1733519085127 timestampAfterSignatureVerify=1733519085098 timestampBeforePublishing=1733519085103 timestampRequestStart=1733519085095 ua="mev-boost/v1.8.1 Lighthouse/v5.3.0-2e0eb6d" version=6fc57d1-dev
time="2024-12-06T21:04:45Z" level=info msg="finished publish block request" beaconPublishURI="http://172.16.4.16:4000" beaconURI="http://172.16.4.16:4000" component=beaconInstance encodeDurationMs=0 payloadBytes=16719 publishContentType=json publishDurationMs=31 service=relay/api slot=87 version=6fc57d1-dev
time="2024-12-06T21:04:45Z" level=info msg="request initiated" cancellationEnabled=false contentLength=13314 headSlot=87 method=submitNewBlock service=relay/api timestampRequestStart=1733519085643 version=6fc57d1-dev
time="2024-12-06T21:04:45Z" level=info msg="block validation successful" blobGasUsed=0 blockHash=0xf6365acecb2b47aa6378f91644d28bf52d5e9564d1fd4708e85bf643fe637ae9 builderIsHighPrio=false builderPubkey=0xaa1488eae4b06a1fff840a2b6db167afc520758dc2c8af0dfb57037954df3431b747e2f900fe8805f05d635e9a29717b cancellationEnabled=false contentLength=13314 durationMs=8 excessBlobGas=0 fastTrackValidation=false headSlot=87 isLargeRequest=false method=submitNewBlock newBidIsTopBid=true numBlobs=0 numTx=48 numWaiting=0 parentHash=0xa99e4e47db40d98991ebf311705654c850200d0cfb745e3c99f661a61b9fcdec payloadBytes=13314 proposerPubkey=0xac97a570a795d24af13ef32709d71a37c0fb90a49581e735d635721581c5553c10eb15f43531121b6026f55d603d73f7 reqContentType=json reqIsGzip=false service=relay/api slot=88 timestampAfterCheckingFloorBid=1733519085647 timestampAfterCheckingTopBid=1733519085647 timestampAfterDecoding=1733519085644 timestampAfterSignatureCheck=1733519085647 timestampBeforeCheckingFloorBid=1733519085647 timestampBeforeCheckingTopBid=1733519085647 timestampBeforeSignatureCheck=1733519085644 timestampBeforeValidation=1733519085647 timestampRequestStart=1733519085643 topBidValue=0 value=1484936465586000 version=6fc57d1-dev
time="2024-12-06T21:04:45Z" level=info msg="received block from builder" blobGasUsed=0 blockHash=0xf6365acecb2b47aa6378f91644d28bf52d5e9564d1fd4708e85bf643fe637ae9 builderIsHighPrio=false builderPubkey=0xaa1488eae4b06a1fff840a2b6db167afc520758dc2c8af0dfb57037954df3431b747e2f900fe8805f05d635e9a29717b cancellationEnabled=false contentLength=13314 excessBlobGas=0 fastTrackValidation=false headSlot=87 isLargeRequest=false method=submitNewBlock newBidIsTopBid=true numBlobs=0 numTx=48 parentHash=0xa99e4e47db40d98991ebf311705654c850200d0cfb745e3c99f661a61b9fcdec payloadBytes=13314 prevTopBidValue=0 profileDecodeUs=821 profilePrechecksUs=3178 profileRedisSavePayloadUs=30 profileRedisUpdateFloorUs=114 profileRedisUpdateTopBidUs=263 profileRedisUs=1856 profileSimUs=8836 profileTotalUs=14786 proposerPubkey=0xac97a570a795d24af13ef32709d71a37c0fb90a49581e735d635721581c5553c10eb15f43531121b6026f55d603d73f7 reqContentType=json reqIsGzip=false service=relay/api slot=88 timestampAfterBidUpdate=1733519085658 timestampAfterCheckingFloorBid=1733519085647 timestampAfterCheckingTopBid=1733519085647 timestampAfterDecoding=1733519085644 timestampAfterSignatureCheck=1733519085647 timestampAfterValidation=1733519085656 timestampBeforeCheckingFloorBid=1733519085647 timestampBeforeCheckingTopBid=1733519085647 timestampBeforeSignatureCheck=1733519085644 timestampBeforeValidation=1733519085647 timestampEligibleAt=1733519085658 timestampRequestStart=1733519085643 topBidValue=1484936465586000 validationDurationMs=8 value=1484936465586000 version=6fc57d1-dev wasBidSavedInRedis=true wasTopBidUpdated=true
time="2024-12-06T21:04:45Z" level=info msg="request finished" blobGasUsed=0 blockHash=0xf6365acecb2b47aa6378f91644d28bf52d5e9564d1fd4708e85bf643fe637ae9 builderIsHighPrio=false builderPubkey=0xaa1488eae4b06a1fff840a2b6db167afc520758dc2c8af0dfb57037954df3431b747e2f900fe8805f05d635e9a29717b cancellationEnabled=false contentLength=13314 excessBlobGas=0 fastTrackValidation=false headSlot=87 isLargeRequest=false method=submitNewBlock newBidIsTopBid=true numBlobs=0 numTx=48 parentHash=0xa99e4e47db40d98991ebf311705654c850200d0cfb745e3c99f661a61b9fcdec payloadBytes=13314 prevTopBidValue=0 profileRedisSavePayloadUs=30 profileRedisUpdateFloorUs=114 profileRedisUpdateTopBidUs=263 proposerPubkey=0xac97a570a795d24af13ef32709d71a37c0fb90a49581e735d635721581c5553c10eb15f43531121b6026f55d603d73f7 reqContentType=json reqIsGzip=false requestDurationMs=22 service=relay/api slot=88 timestampAfterBidUpdate=1733519085658 timestampAfterCheckingFloorBid=1733519085647 timestampAfterCheckingTopBid=1733519085647 timestampAfterDecoding=1733519085644 timestampAfterSignatureCheck=1733519085647 timestampAfterValidation=1733519085656 timestampBeforeCheckingFloorBid=1733519085647 timestampBeforeCheckingTopBid=1733519085647 timestampBeforeSignatureCheck=1733519085644 timestampBeforeValidation=1733519085647 timestampEligibleAt=1733519085658 timestampRequestFin=1733519085666 timestampRequestStart=1733519085643 topBidValue=1484936465586000 validationDurationMs=8 value=1484936465586000 version=6fc57d1-dev wasBidSavedInRedis=true wasTopBidUpdated=true
time="2024-12-06T21:04:45Z" level=info msg="http: POST /relay/v1/builder/blocks 200" duration=0.022677 method=POST path=/relay/v1/builder/blocks service=relay/api status=200 version=6fc57d1-dev
time="2024-12-06T21:04:46Z" level=info msg="execution payload delivered" blobGasUsed=0 blockHash=0xa99e4e47db40d98991ebf311705654c850200d0cfb745e3c99f661a61b9fcdec blockNumber=87 contentLength=3484 excessBlobGas=0 feeRecipient=0x8943545177806ED17B9F23F0a21ee5948eCaa776 headSlot=86 headSlotEpochPos=23 idArg= method=getPayload mevBoostV=v1.8.1 msIntoSlot=95 numBlobs=0 numTx=55 proposerIndex=62 proposerPubkey=0x8c0d15baa72bfcd317e9b9402ca9bb6e7ae1db35ffce7faccae0bd19b3c8e5de7d5524aef0377770b3a90626627a9304 service=relay/api slot=87 slotEpochPos=24 slotStartSec=1733519085 timestampAfterAlreadyDeliveredCheck=1733519085102 timestampAfterDecode=1733519085095 timestampAfterLoadResponse=1733519085102 timestampAfterPublishing=1733519085127 timestampAfterSignatureVerify=1733519085098 timestampBeforePublishing=1733519085103 timestampRequestStart=1733519085095 ua="mev-boost/v1.8.1 Lighthouse/v5.3.0-2e0eb6d" version=6fc57d1-dev
time="2024-12-06T21:04:46Z" level=info msg="failed to get bidTrace for delivered payload from redis" blobGasUsed=0 blockHash=0xa99e4e47db40d98991ebf311705654c850200d0cfb745e3c99f661a61b9fcdec blockNumber=87 contentLength=3484 error="redis: nil" excessBlobGas=0 feeRecipient=0x8943545177806ED17B9F23F0a21ee5948eCaa776 headSlot=86 headSlotEpochPos=23 idArg= method=getPayload mevBoostV=v1.8.1 msIntoSlot=95 numBlobs=0 numTx=55 proposerIndex=62 proposerPubkey=0x8c0d15baa72bfcd317e9b9402ca9bb6e7ae1db35ffce7faccae0bd19b3c8e5de7d5524aef0377770b3a90626627a9304 service=relay/api slot=87 slotEpochPos=24 slotStartSec=1733519085 timestampAfterAlreadyDeliveredCheck=1733519085102 timestampAfterDecode=1733519085095 timestampAfterLoadResponse=1733519085102 timestampAfterPublishing=1733519085127 timestampAfterSignatureVerify=1733519085098 timestampBeforePublishing=1733519085103 timestampRequestStart=1733519085095 ua="mev-boost/v1.8.1 Lighthouse/v5.3.0-2e0eb6d" version=6fc57d1-dev
time="2024-12-06T21:04:46Z" level=info msg="request finished" blobGasUsed=0 blockHash=0xa99e4e47db40d98991ebf311705654c850200d0cfb745e3c99f661a61b9fcdec blockNumber=87 contentLength=3484 excessBlobGas=0 feeRecipient=0x8943545177806ED17B9F23F0a21ee5948eCaa776 headSlot=86 headSlotEpochPos=23 idArg= method=getPayload mevBoostV=v1.8.1 msIntoSlot=95 numBlobs=0 numTx=55 proposerIndex=62 proposerPubkey=0x8c0d15baa72bfcd317e9b9402ca9bb6e7ae1db35ffce7faccae0bd19b3c8e5de7d5524aef0377770b3a90626627a9304 requestDurationMs=1033 service=relay/api slot=87 slotEpochPos=24 slotStartSec=1733519085 timestampAfterAlreadyDeliveredCheck=1733519085102 timestampAfterDecode=1733519085095 timestampAfterLoadResponse=1733519085102 timestampAfterPublishing=1733519085127 timestampAfterSignatureVerify=1733519085098 timestampBeforePublishing=1733519085103 timestampRequestFin=1733519086128 timestampRequestStart=1733519085095 ua="mev-boost/v1.8.1 Lighthouse/v5.3.0-2e0eb6d" version=6fc57d1-dev
time="2024-12-06T21:04:46Z" level=info msg="http: POST /eth/v1/builder/blinded_blocks 200" duration=1.033499 method=POST path=/eth/v1/builder/blinded_blocks service=relay/api status=200 version=6fc57d1-dev
time="2024-12-06T21:04:46Z" level=info msg="finished publish block request" beaconPublishURI="http://172.16.4.14:4000" beaconURI="http://172.16.4.14:4000" component=beaconInstance encodeDurationMs=0 payloadBytes=16719 publishContentType=json publishDurationMs=1054 service=relay/api slot=87 version=6fc57d1-dev
time="2024-12-06T21:04:47Z" level=info msg="payload attributes received for slot: 89" service=relay/api version=6fc57d1-dev
time="2024-12-06T21:04:47Z" level=info msg="updated payload attributes" headSlot=87 payloadAttrParent=0xa99e4e47db40d98991ebf311705654c850200d0cfb745e3c99f661a61b9fcdec payloadAttrSlot=89 randao=0xfa7163554149dae118febf3ef66e4eaf321d3f1ebd3753366c0e7a94504fd0ad service=relay/api timestamp=1733519089 version=6fc57d1-dev withdrawalsRoot=0x792930bbd5baac43bcc798ee49aa8185ef76bb3b44ba62b91d86ae569e4bb535
time="2024-12-06T21:04:47Z" level=debug msg="getHeader request received" headSlot=87 method=getHeader mevBoostV=v1.8.1 msIntoSlot=4 parentHash=0xa99e4e47db40d98991ebf311705654c850200d0cfb745e3c99f661a61b9fcdec pubkey=0xac97a570a795d24af13ef32709d71a37c0fb90a49581e735d635721581c5553c10eb15f43531121b6026f55d603d73f7 requestTimestamp=1733519087 service=relay/api slot=88 slotStartSec=1733519087 ua="mev-boost/v1.8.1 Lighthouse/v5.3.0-2e0eb6d" version=6fc57d1-dev
time="2024-12-06T21:04:47Z" level=debug msg="getPayload response from redis" datastoreMethod=GetGetPayloadResponse headSlot=87 method=getHeader mevBoostV=v1.8.1 msIntoSlot=4 parentHash=0xa99e4e47db40d98991ebf311705654c850200d0cfb745e3c99f661a61b9fcdec pubkey=0xac97a570a795d24af13ef32709d71a37c0fb90a49581e735d635721581c5553c10eb15f43531121b6026f55d603d73f7 requestTimestamp=1733519087 service=relay/api slot=88 slotStartSec=1733519087 ua="mev-boost/v1.8.1 Lighthouse/v5.3.0-2e0eb6d" version=6fc57d1-dev
time="2024-12-06T21:04:47Z" level=info msg="parent beacon root found in payload attributes" service=relay/api version=6fc57d1-dev
time="2024-12-06T21:04:47Z" level=error msg="failed to enrich bid with PROF" error="failed to receive enrich block response: rpc error: code = Internal desc = Error retrieving PROF bundle: no bundles available for processing" headSlot=87 method=getHeader mevBoostV=v1.8.1 msIntoSlot=4 parentHash=0xa99e4e47db40d98991ebf311705654c850200d0cfb745e3c99f661a61b9fcdec pubkey=0xac97a570a795d24af13ef32709d71a37c0fb90a49581e735d635721581c5553c10eb15f43531121b6026f55d603d73f7 requestTimestamp=1733519087 service=relay/api slot=88 slotStartSec=1733519087 ua="mev-boost/v1.8.1 Lighthouse/v5.3.0-2e0eb6d" version=6fc57d1-dev
time="2024-12-06T21:04:47Z" level=info msg="http: GET /eth/v1/builder/header/88/0xa99e4e47db40d98991ebf311705654c850200d0cfb745e3c99f661a61b9fcdec/0xac97a570a795d24af13ef32709d71a37c0fb90a49581e735d635721581c5553c10eb15f43531121b6026f55d603d73f7 500" duration=0.001413 method=GET path=/eth/v1/builder/header/88/0xa99e4e47db40d98991ebf311705654c850200d0cfb745e3c99f661a61b9fcdec/0xac97a570a795d24af13ef32709d71a37c0fb90a49581e735d635721581c5553c10eb15f43531121b6026f55d603d73f7 service=relay/api status=500 version=6fc57d1-dev
time="2024-12-06T21:04:47Z" level=info msg="updated headSlot to 88" epoch=2 service=relay/api slotHead=88 slotStartNextEpoch=96 version=6fc57d1-dev
time="2024-12-06T21:04:47Z" level=info msg="proposer duties updated: 100, 101, 102, 103, 104, 105, 106, 107, 108, 109, 110, 111, 112, 113, 114, 115, 116, 117, 118, 119, 120, 121, 122, 123, 124, 125, 126, 127, 64, 65, 66, 67, 68, 69, 70, 71, 72, 73, 74, 75, 76, 77, 78, 79, 80, 81, 82, 83, 84, 85, 86, 87, 88, 89, 90, 91, 92, 93, 94, 95, 96, 97, 98, 99" service=relay/api version=6fc57d1-dev
time="2024-12-06T21:04:47Z" level=debug msg="Updating builder cache with 1 builders from database" service=relay/api version=6fc57d1-dev
time="2024-12-06T21:04:47Z" level=info msg="payload attributes received for slot: 89" service=relay/api version=6fc57d1-dev
time="2024-12-06T21:04:47Z" level=info msg="updated payload attributes" headSlot=88 payloadAttrParent=0x47abb625558377038b174c2d629c6b08fc8df03258fa753de8188a06cd95a196 payloadAttrSlot=89 randao=0x3a79d4194a3b3e4baabedcc40654d700d9aeaf35baf9883c8827e1a99e206eb6 service=relay/api timestamp=1733519089 version=6fc57d1-dev withdrawalsRoot=0x792930bbd5baac43bcc798ee49aa8185ef76bb3b44ba62b91d86ae569e4bb535
time="2024-12-06T21:04:47Z" level=info msg="request initiated" cancellationEnabled=false contentLength=2108 headSlot=88 method=submitNewBlock service=relay/api timestampRequestStart=1733519087645 version=6fc57d1-dev
time="2024-12-06T21:04:47Z" level=info msg="submitNewBlock failed: block with 0 value or no txs" blobGasUsed=0 blockHash=0xff99bcdf70dc62de846d8ec569ec0a6d1954bc70a530b9488275fad57307c826 builderIsHighPrio=false builderPubkey=0xaa1488eae4b06a1fff840a2b6db167afc520758dc2c8af0dfb57037954df3431b747e2f900fe8805f05d635e9a29717b cancellationEnabled=false contentLength=2108 excessBlobGas=0 headSlot=88 isLargeRequest=false method=submitNewBlock numBlobs=0 numTx=0 parentHash=0x47abb625558377038b174c2d629c6b08fc8df03258fa753de8188a06cd95a196 payloadBytes=2108 proposerPubkey=0xb0b263c298eb4d09de14dd71005fc683c4405efdb230c6661b9697d3a0978e5ed7736e76729b2233341e75ea46ecff1f reqContentType=json reqIsGzip=false service=relay/api slot=89 timestampAfterDecoding=1733519087646 timestampRequestStart=1733519087645 value=0 version=6fc57d1-dev
time="2024-12-06T21:04:47Z" level=info msg="request finished" blobGasUsed=0 blockHash=0xff99bcdf70dc62de846d8ec569ec0a6d1954bc70a530b9488275fad57307c826 builderIsHighPrio=false builderPubkey=0xaa1488eae4b06a1fff840a2b6db167afc520758dc2c8af0dfb57037954df3431b747e2f900fe8805f05d635e9a29717b cancellationEnabled=false contentLength=2108 excessBlobGas=0 headSlot=88 isLargeRequest=false method=submitNewBlock numBlobs=0 numTx=0 parentHash=0x47abb625558377038b174c2d629c6b08fc8df03258fa753de8188a06cd95a196 payloadBytes=2108 proposerPubkey=0xb0b263c298eb4d09de14dd71005fc683c4405efdb230c6661b9697d3a0978e5ed7736e76729b2233341e75ea46ecff1f reqContentType=json reqIsGzip=false requestDurationMs=0 service=relay/api slot=89 timestampAfterDecoding=1733519087646 timestampRequestFin=1733519087646 timestampRequestStart=1733519087645 value=0 version=6fc57d1-dev
time="2024-12-06T21:04:47Z" level=info msg="http: POST /relay/v1/builder/blocks 200" duration=0.000371 method=POST path=/relay/v1/builder/blocks service=relay/api status=200 version=6fc57d1-dev
time="2024-12-06T21:04:49Z" level=info msg="payload attributes received for slot: 90" service=relay/api version=6fc57d1-dev
time="2024-12-06T21:04:49Z" level=info msg="updated payload attributes" headSlot=88 payloadAttrParent=0x47abb625558377038b174c2d629c6b08fc8df03258fa753de8188a06cd95a196 payloadAttrSlot=90 randao=0x3a79d4194a3b3e4baabedcc40654d700d9aeaf35baf9883c8827e1a99e206eb6 service=relay/api timestamp=1733519091 version=6fc57d1-dev withdrawalsRoot=0x792930bbd5baac43bcc798ee49aa8185ef76bb3b44ba62b91d86ae569e4bb535
time="2024-12-06T21:04:49Z" level=debug msg="getHeader request received" headSlot=88 method=getHeader mevBoostV=v1.8.1 msIntoSlot=4 parentHash=0x47abb625558377038b174c2d629c6b08fc8df03258fa753de8188a06cd95a196 pubkey=0xb0b263c298eb4d09de14dd71005fc683c4405efdb230c6661b9697d3a0978e5ed7736e76729b2233341e75ea46ecff1f requestTimestamp=1733519089 service=relay/api slot=89 slotStartSec=1733519089 ua="mev-boost/v1.8.1 Lighthouse/v5.3.0-2e0eb6d" version=6fc57d1-dev
time="2024-12-06T21:04:49Z" level=error msg="bid was empty, skipping PROF augmentation" error="<nil>" headSlot=88 method=getHeader mevBoostV=v1.8.1 msIntoSlot=4 parentHash=0x47abb625558377038b174c2d629c6b08fc8df03258fa753de8188a06cd95a196 pubkey=0xb0b263c298eb4d09de14dd71005fc683c4405efdb230c6661b9697d3a0978e5ed7736e76729b2233341e75ea46ecff1f requestTimestamp=1733519089 service=relay/api slot=89 slotStartSec=1733519089 ua="mev-boost/v1.8.1 Lighthouse/v5.3.0-2e0eb6d" version=6fc57d1-dev
time="2024-12-06T21:04:49Z" level=info msg="http: GET /eth/v1/builder/header/89/0x47abb625558377038b174c2d629c6b08fc8df03258fa753de8188a06cd95a196/0xb0b263c298eb4d09de14dd71005fc683c4405efdb230c6661b9697d3a0978e5ed7736e76729b2233341e75ea46ecff1f 204" duration=0.000276 method=GET path=/eth/v1/builder/header/89/0x47abb625558377038b174c2d629c6b08fc8df03258fa753de8188a06cd95a196/0xb0b263c298eb4d09de14dd71005fc683c4405efdb230c6661b9697d3a0978e5ed7736e76729b2233341e75ea46ecff1f service=relay/api status=204 version=6fc57d1-dev
time="2024-12-06T21:04:49Z" level=info msg="updated headSlot to 89" epoch=2 service=relay/api slotHead=89 slotStartNextEpoch=96 version=6fc57d1-dev
time="2024-12-06T21:04:49Z" level=debug msg="RefreshKnownValidators init" datastoreMethod=RefreshKnownValidators headSlot=89 headSlotPos=26 lastUpdateSlot=83 service=relay/api version=6fc57d1-dev
time="2024-12-06T21:04:49Z" level=debug msg="Updating builder cache with 1 builders from database" service=relay/api version=6fc57d1-dev
time="2024-12-06T21:04:49Z" level=info msg="payload attributes received for slot: 90" service=relay/api version=6fc57d1-dev
time="2024-12-06T21:04:49Z" level=info msg="updated payload attributes" headSlot=89 payloadAttrParent=0x2efe643512fa061521b1ec9a86951c4797ed63e12539eff282f543d76cacb2c5 payloadAttrSlot=90 randao=0x3ca27c82becc257576fdc8bab5c6ffa83d278ec3250780a09583dba600d27d03 service=relay/api timestamp=1733519091 version=6fc57d1-dev withdrawalsRoot=0x792930bbd5baac43bcc798ee49aa8185ef76bb3b44ba62b91d86ae569e4bb535
time="2024-12-06T21:04:49Z" level=info msg="request initiated" cancellationEnabled=false contentLength=2108 headSlot=89 method=submitNewBlock service=relay/api timestampRequestStart=1733519089620 version=6fc57d1-dev
time="2024-12-06T21:04:49Z" level=info msg="submitNewBlock failed: block with 0 value or no txs" blobGasUsed=0 blockHash=0xaa31a162dd7337f3863b45e24c98f35976a0bc076587c2594f40e754c4cbe132 builderIsHighPrio=false builderPubkey=0xaa1488eae4b06a1fff840a2b6db167afc520758dc2c8af0dfb57037954df3431b747e2f900fe8805f05d635e9a29717b cancellationEnabled=false contentLength=2108 excessBlobGas=0 headSlot=89 isLargeRequest=false method=submitNewBlock numBlobs=0 numTx=0 parentHash=0x2efe643512fa061521b1ec9a86951c4797ed63e12539eff282f543d76cacb2c5 payloadBytes=2108 proposerPubkey=0xb320e188ef282109ba8dc3d2573f9edc33831c1025a29844c86e7fc60a25627e507964725ec8dbeccfcbaa12e7fb5e1a reqContentType=json reqIsGzip=false service=relay/api slot=90 timestampAfterDecoding=1733519089621 timestampRequestStart=1733519089620 value=0 version=6fc57d1-dev
time="2024-12-06T21:04:49Z" level=info msg="request finished" blobGasUsed=0 blockHash=0xaa31a162dd7337f3863b45e24c98f35976a0bc076587c2594f40e754c4cbe132 builderIsHighPrio=false builderPubkey=0xaa1488eae4b06a1fff840a2b6db167afc520758dc2c8af0dfb57037954df3431b747e2f900fe8805f05d635e9a29717b cancellationEnabled=false contentLength=2108 excessBlobGas=0 headSlot=89 isLargeRequest=false method=submitNewBlock numBlobs=0 numTx=0 parentHash=0x2efe643512fa061521b1ec9a86951c4797ed63e12539eff282f543d76cacb2c5 payloadBytes=2108 proposerPubkey=0xb320e188ef282109ba8dc3d2573f9edc33831c1025a29844c86e7fc60a25627e507964725ec8dbeccfcbaa12e7fb5e1a reqContentType=json reqIsGzip=false requestDurationMs=0 service=relay/api slot=90 timestampAfterDecoding=1733519089621 timestampRequestFin=1733519089621 timestampRequestStart=1733519089620 value=0 version=6fc57d1-dev
time="2024-12-06T21:04:49Z" level=info msg="http: POST /relay/v1/builder/blocks 200" duration=0.000451 method=POST path=/relay/v1/builder/blocks service=relay/api status=200 version=6fc57d1-dev
time="2024-12-06T21:04:51Z" level=info msg="payload attributes received for slot: 91" service=relay/api version=6fc57d1-dev
time="2024-12-06T21:04:51Z" level=info msg="updated payload attributes" headSlot=89 payloadAttrParent=0x2efe643512fa061521b1ec9a86951c4797ed63e12539eff282f543d76cacb2c5 payloadAttrSlot=91 randao=0x3ca27c82becc257576fdc8bab5c6ffa83d278ec3250780a09583dba600d27d03 service=relay/api timestamp=1733519093 version=6fc57d1-dev withdrawalsRoot=0x792930bbd5baac43bcc798ee49aa8185ef76bb3b44ba62b91d86ae569e4bb535
time="2024-12-06T21:04:51Z" level=debug msg="getHeader request received" headSlot=89 method=getHeader mevBoostV=v1.8.1 msIntoSlot=4 parentHash=0x2efe643512fa061521b1ec9a86951c4797ed63e12539eff282f543d76cacb2c5 pubkey=0xb320e188ef282109ba8dc3d2573f9edc33831c1025a29844c86e7fc60a25627e507964725ec8dbeccfcbaa12e7fb5e1a requestTimestamp=1733519091 service=relay/api slot=90 slotStartSec=1733519091 ua="mev-boost/v1.8.1 Lighthouse/v5.3.0-2e0eb6d" version=6fc57d1-dev
time="2024-12-06T21:04:51Z" level=error msg="bid was empty, skipping PROF augmentation" error="<nil>" headSlot=89 method=getHeader mevBoostV=v1.8.1 msIntoSlot=4 parentHash=0x2efe643512fa061521b1ec9a86951c4797ed63e12539eff282f543d76cacb2c5 pubkey=0xb320e188ef282109ba8dc3d2573f9edc33831c1025a29844c86e7fc60a25627e507964725ec8dbeccfcbaa12e7fb5e1a requestTimestamp=1733519091 service=relay/api slot=90 slotStartSec=1733519091 ua="mev-boost/v1.8.1 Lighthouse/v5.3.0-2e0eb6d" version=6fc57d1-dev
time="2024-12-06T21:04:51Z" level=info msg="http: GET /eth/v1/builder/header/90/0x2efe643512fa061521b1ec9a86951c4797ed63e12539eff282f543d76cacb2c5/0xb320e188ef282109ba8dc3d2573f9edc33831c1025a29844c86e7fc60a25627e507964725ec8dbeccfcbaa12e7fb5e1a 204" duration=0.000308 method=GET path=/eth/v1/builder/header/90/0x2efe643512fa061521b1ec9a86951c4797ed63e12539eff282f543d76cacb2c5/0xb320e188ef282109ba8dc3d2573f9edc33831c1025a29844c86e7fc60a25627e507964725ec8dbeccfcbaa12e7fb5e1a service=relay/api status=204 version=6fc57d1-dev
time="2024-12-06T21:04:51Z" level=info msg="updated headSlot to 90" epoch=2 service=relay/api slotHead=90 slotStartNextEpoch=96 version=6fc57d1-dev
time="2024-12-06T21:04:51Z" level=debug msg="RefreshKnownValidators init" datastoreMethod=RefreshKnownValidators headSlot=90 headSlotPos=27 lastUpdateSlot=83 service=relay/api version=6fc57d1-dev
time="2024-12-06T21:04:51Z" level=debug msg="Updating builder cache with 1 builders from database" service=relay/api version=6fc57d1-dev
time="2024-12-06T21:04:51Z" level=info msg="payload attributes received for slot: 91" service=relay/api version=6fc57d1-dev
time="2024-12-06T21:04:51Z" level=info msg="updated payload attributes" headSlot=90 payloadAttrParent=0x5d366579a0a7847a924f86f15bab8ef76a536b09781e9cd7f57a90f9be9b79e8 payloadAttrSlot=91 randao=0xc7116016d063dc7e95d5aefb246e7515e18b35b54d5c74c64f35913bfe19170e service=relay/api timestamp=1733519093 version=6fc57d1-dev withdrawalsRoot=0x792930bbd5baac43bcc798ee49aa8185ef76bb3b44ba62b91d86ae569e4bb535
time="2024-12-06T21:04:51Z" level=info msg="request initiated" cancellationEnabled=false contentLength=2108 headSlot=90 method=submitNewBlock service=relay/api timestampRequestStart=1733519091621 version=6fc57d1-dev
time="2024-12-06T21:04:51Z" level=info msg="submitNewBlock failed: block with 0 value or no txs" blobGasUsed=0 blockHash=0x94d33f7da44a1353f22c857e365bdcb39d686a7f2ca0fa2d34c99109f1f8bcb1 builderIsHighPrio=false builderPubkey=0xaa1488eae4b06a1fff840a2b6db167afc520758dc2c8af0dfb57037954df3431b747e2f900fe8805f05d635e9a29717b cancellationEnabled=false contentLength=2108 excessBlobGas=0 headSlot=90 isLargeRequest=false method=submitNewBlock numBlobs=0 numTx=0 parentHash=0x5d366579a0a7847a924f86f15bab8ef76a536b09781e9cd7f57a90f9be9b79e8 payloadBytes=2108 proposerPubkey=0x8548d74ab33e8dd285e72b1ea3c15eb08b66d555493bcf39aa4355af06ccf0f4469e09f110544dc04b1f3d0e7880ac1d reqContentType=json reqIsGzip=false service=relay/api slot=91 timestampAfterDecoding=1733519091621 timestampRequestStart=1733519091621 value=0 version=6fc57d1-dev
time="2024-12-06T21:04:51Z" level=info msg="request finished" blobGasUsed=0 blockHash=0x94d33f7da44a1353f22c857e365bdcb39d686a7f2ca0fa2d34c99109f1f8bcb1 builderIsHighPrio=false builderPubkey=0xaa1488eae4b06a1fff840a2b6db167afc520758dc2c8af0dfb57037954df3431b747e2f900fe8805f05d635e9a29717b cancellationEnabled=false contentLength=2108 excessBlobGas=0 headSlot=90 isLargeRequest=false method=submitNewBlock numBlobs=0 numTx=0 parentHash=0x5d366579a0a7847a924f86f15bab8ef76a536b09781e9cd7f57a90f9be9b79e8 payloadBytes=2108 proposerPubkey=0x8548d74ab33e8dd285e72b1ea3c15eb08b66d555493bcf39aa4355af06ccf0f4469e09f110544dc04b1f3d0e7880ac1d reqContentType=json reqIsGzip=false requestDurationMs=0 service=relay/api slot=91 timestampAfterDecoding=1733519091621 timestampRequestFin=1733519091621 timestampRequestStart=1733519091621 value=0 version=6fc57d1-dev
time="2024-12-06T21:04:51Z" level=info msg="http: POST /relay/v1/builder/blocks 200" duration=0.000337 method=POST path=/relay/v1/builder/blocks service=relay/api status=200 version=6fc57d1-dev
time="2024-12-06T21:04:52Z" level=info msg="request initiated" cancellationEnabled=false contentLength=11832 headSlot=90 method=submitNewBlock service=relay/api timestampRequestStart=1733519092123 version=6fc57d1-dev
time="2024-12-06T21:04:52Z" level=info msg="block validation successful" blobGasUsed=0 blockHash=0x13881a2d571053fd5e865456d74d1585e8bf90fa28a0b11dc8e365f194d9ad20 builderIsHighPrio=false builderPubkey=0xaa1488eae4b06a1fff840a2b6db167afc520758dc2c8af0dfb57037954df3431b747e2f900fe8805f05d635e9a29717b cancellationEnabled=false contentLength=11832 durationMs=6 excessBlobGas=0 fastTrackValidation=false headSlot=90 isLargeRequest=false method=submitNewBlock newBidIsTopBid=true numBlobs=0 numTx=42 numWaiting=0 parentHash=0x5d366579a0a7847a924f86f15bab8ef76a536b09781e9cd7f57a90f9be9b79e8 payloadBytes=11832 proposerPubkey=0x8548d74ab33e8dd285e72b1ea3c15eb08b66d555493bcf39aa4355af06ccf0f4469e09f110544dc04b1f3d0e7880ac1d reqContentType=json reqIsGzip=false service=relay/api slot=91 timestampAfterCheckingFloorBid=1733519092126 timestampAfterCheckingTopBid=1733519092127 timestampAfterDecoding=1733519092124 timestampAfterSignatureCheck=1733519092126 timestampBeforeCheckingFloorBid=1733519092126 timestampBeforeCheckingTopBid=1733519092126 timestampBeforeSignatureCheck=1733519092124 timestampBeforeValidation=1733519092127 timestampRequestStart=1733519092123 topBidValue=0 value=1295366397213000 version=6fc57d1-dev
time="2024-12-06T21:04:52Z" level=info msg="received block from builder" blobGasUsed=0 blockHash=0x13881a2d571053fd5e865456d74d1585e8bf90fa28a0b11dc8e365f194d9ad20 builderIsHighPrio=false builderPubkey=0xaa1488eae4b06a1fff840a2b6db167afc520758dc2c8af0dfb57037954df3431b747e2f900fe8805f05d635e9a29717b cancellationEnabled=false contentLength=11832 excessBlobGas=0 fastTrackValidation=false headSlot=90 isLargeRequest=false method=submitNewBlock newBidIsTopBid=true numBlobs=0 numTx=42 parentHash=0x5d366579a0a7847a924f86f15bab8ef76a536b09781e9cd7f57a90f9be9b79e8 payloadBytes=11832 prevTopBidValue=0 profileDecodeUs=650 profilePrechecksUs=2592 profileRedisSavePayloadUs=34 profileRedisUpdateFloorUs=104 profileRedisUpdateTopBidUs=197 profileRedisUs=1822 profileSimUs=6170 profileTotalUs=11316 proposerPubkey=0x8548d74ab33e8dd285e72b1ea3c15eb08b66d555493bcf39aa4355af06ccf0f4469e09f110544dc04b1f3d0e7880ac1d reqContentType=json reqIsGzip=false service=relay/api slot=91 timestampAfterBidUpdate=1733519092134 timestampAfterCheckingFloorBid=1733519092126 timestampAfterCheckingTopBid=1733519092127 timestampAfterDecoding=1733519092124 timestampAfterSignatureCheck=1733519092126 timestampAfterValidation=1733519092133 timestampBeforeCheckingFloorBid=1733519092126 timestampBeforeCheckingTopBid=1733519092126 timestampBeforeSignatureCheck=1733519092124 timestampBeforeValidation=1733519092127 timestampEligibleAt=1733519092135 timestampRequestStart=1733519092123 topBidValue=1295366397213000 validationDurationMs=6 value=1295366397213000 version=6fc57d1-dev wasBidSavedInRedis=true wasTopBidUpdated=true
time="2024-12-06T21:04:52Z" level=info msg="request finished" blobGasUsed=0 blockHash=0x13881a2d571053fd5e865456d74d1585e8bf90fa28a0b11dc8e365f194d9ad20 builderIsHighPrio=false builderPubkey=0xaa1488eae4b06a1fff840a2b6db167afc520758dc2c8af0dfb57037954df3431b747e2f900fe8805f05d635e9a29717b cancellationEnabled=false contentLength=11832 excessBlobGas=0 fastTrackValidation=false headSlot=90 isLargeRequest=false method=submitNewBlock newBidIsTopBid=true numBlobs=0 numTx=42 parentHash=0x5d366579a0a7847a924f86f15bab8ef76a536b09781e9cd7f57a90f9be9b79e8 payloadBytes=11832 prevTopBidValue=0 profileRedisSavePayloadUs=34 profileRedisUpdateFloorUs=104 profileRedisUpdateTopBidUs=197 proposerPubkey=0x8548d74ab33e8dd285e72b1ea3c15eb08b66d555493bcf39aa4355af06ccf0f4469e09f110544dc04b1f3d0e7880ac1d reqContentType=json reqIsGzip=false requestDurationMs=15 service=relay/api slot=91 timestampAfterBidUpdate=1733519092134 timestampAfterCheckingFloorBid=1733519092126 timestampAfterCheckingTopBid=1733519092127 timestampAfterDecoding=1733519092124 timestampAfterSignatureCheck=1733519092126 timestampAfterValidation=1733519092133 timestampBeforeCheckingFloorBid=1733519092126 timestampBeforeCheckingTopBid=1733519092126 timestampBeforeSignatureCheck=1733519092124 timestampBeforeValidation=1733519092127 timestampEligibleAt=1733519092135 timestampRequestFin=1733519092139 timestampRequestStart=1733519092123 topBidValue=1295366397213000 validationDurationMs=6 value=1295366397213000 version=6fc57d1-dev wasBidSavedInRedis=true wasTopBidUpdated=true
time="2024-12-06T21:04:52Z" level=info msg="http: POST /relay/v1/builder/blocks 200" duration=0.015880 method=POST path=/relay/v1/builder/blocks service=relay/api status=200 version=6fc57d1-dev
time="2024-12-06T21:04:52Z" level=info msg="request initiated" cancellationEnabled=false contentLength=21765 headSlot=90 method=submitNewBlock service=relay/api timestampRequestStart=1733519092628 version=6fc57d1-dev
time="2024-12-06T21:04:52Z" level=info msg="block validation successful" blobGasUsed=0 blockHash=0xd7a691a4ebe3b13ec609016fafde4648393a1aa12d6cc7aca5cbf98cabfebffc builderIsHighPrio=false builderPubkey=0xaa1488eae4b06a1fff840a2b6db167afc520758dc2c8af0dfb57037954df3431b747e2f900fe8805f05d635e9a29717b cancellationEnabled=false contentLength=21765 durationMs=11 excessBlobGas=0 fastTrackValidation=false headSlot=90 isLargeRequest=false method=submitNewBlock newBidIsTopBid=true numBlobs=0 numTx=85 numWaiting=0 parentHash=0x5d366579a0a7847a924f86f15bab8ef76a536b09781e9cd7f57a90f9be9b79e8 payloadBytes=21765 proposerPubkey=0x8548d74ab33e8dd285e72b1ea3c15eb08b66d555493bcf39aa4355af06ccf0f4469e09f110544dc04b1f3d0e7880ac1d reqContentType=json reqIsGzip=false service=relay/api slot=91 timestampAfterCheckingFloorBid=1733519092634 timestampAfterCheckingTopBid=1733519092634 timestampAfterDecoding=1733519092630 timestampAfterSignatureCheck=1733519092633 timestampBeforeCheckingFloorBid=1733519092633 timestampBeforeCheckingTopBid=1733519092634 timestampBeforeSignatureCheck=1733519092630 timestampBeforeValidation=1733519092634 timestampRequestStart=1733519092628 topBidValue=1295366397213000 value=2653921745832000 version=6fc57d1-dev
time="2024-12-06T21:04:52Z" level=info msg="received block from builder" blobGasUsed=0 blockHash=0xd7a691a4ebe3b13ec609016fafde4648393a1aa12d6cc7aca5cbf98cabfebffc builderIsHighPrio=false builderPubkey=0xaa1488eae4b06a1fff840a2b6db167afc520758dc2c8af0dfb57037954df3431b747e2f900fe8805f05d635e9a29717b cancellationEnabled=false contentLength=21765 excessBlobGas=0 fastTrackValidation=false headSlot=90 isLargeRequest=false method=submitNewBlock newBidIsTopBid=true numBlobs=0 numTx=85 parentHash=0x5d366579a0a7847a924f86f15bab8ef76a536b09781e9cd7f57a90f9be9b79e8 payloadBytes=21765 prevTopBidValue=1295366397213000 profileDecodeUs=1113 profilePrechecksUs=4053 profileRedisSavePayloadUs=13 profileRedisUpdateFloorUs=128 profileRedisUpdateTopBidUs=233 profileRedisUs=2004 profileSimUs=11927 profileTotalUs=19211 proposerPubkey=0x8548d74ab33e8dd285e72b1ea3c15eb08b66d555493bcf39aa4355af06ccf0f4469e09f110544dc04b1f3d0e7880ac1d reqContentType=json reqIsGzip=false service=relay/api slot=91 timestampAfterBidUpdate=1733519092648 timestampAfterCheckingFloorBid=1733519092634 timestampAfterCheckingTopBid=1733519092634 timestampAfterDecoding=1733519092630 timestampAfterSignatureCheck=1733519092633 timestampAfterValidation=1733519092646 timestampBeforeCheckingFloorBid=1733519092633 timestampBeforeCheckingTopBid=1733519092634 timestampBeforeSignatureCheck=1733519092630 timestampBeforeValidation=1733519092634 timestampEligibleAt=1733519092648 timestampRequestStart=1733519092628 topBidValue=2653921745832000 validationDurationMs=11 value=2653921745832000 version=6fc57d1-dev wasBidSavedInRedis=true wasTopBidUpdated=true
time="2024-12-06T21:04:52Z" level=info msg="request finished" blobGasUsed=0 blockHash=0xd7a691a4ebe3b13ec609016fafde4648393a1aa12d6cc7aca5cbf98cabfebffc builderIsHighPrio=false builderPubkey=0xaa1488eae4b06a1fff840a2b6db167afc520758dc2c8af0dfb57037954df3431b747e2f900fe8805f05d635e9a29717b cancellationEnabled=false contentLength=21765 excessBlobGas=0 fastTrackValidation=false headSlot=90 isLargeRequest=false method=submitNewBlock newBidIsTopBid=true numBlobs=0 numTx=85 parentHash=0x5d366579a0a7847a924f86f15bab8ef76a536b09781e9cd7f57a90f9be9b79e8 payloadBytes=21765 prevTopBidValue=1295366397213000 profileRedisSavePayloadUs=13 profileRedisUpdateFloorUs=128 profileRedisUpdateTopBidUs=233 proposerPubkey=0x8548d74ab33e8dd285e72b1ea3c15eb08b66d555493bcf39aa4355af06ccf0f4469e09f110544dc04b1f3d0e7880ac1d reqContentType=json reqIsGzip=false requestDurationMs=26 service=relay/api slot=91 timestampAfterBidUpdate=1733519092648 timestampAfterCheckingFloorBid=1733519092634 timestampAfterCheckingTopBid=1733519092634 timestampAfterDecoding=1733519092630 timestampAfterSignatureCheck=1733519092633 timestampAfterValidation=1733519092646 timestampBeforeCheckingFloorBid=1733519092633 timestampBeforeCheckingTopBid=1733519092634 timestampBeforeSignatureCheck=1733519092630 timestampBeforeValidation=1733519092634 timestampEligibleAt=1733519092648 timestampRequestFin=1733519092655 timestampRequestStart=1733519092628 topBidValue=2653921745832000 validationDurationMs=11 value=2653921745832000 version=6fc57d1-dev wasBidSavedInRedis=true wasTopBidUpdated=true
time="2024-12-06T21:04:52Z" level=info msg="http: POST /relay/v1/builder/blocks 200" duration=0.026892 method=POST path=/relay/v1/builder/blocks service=relay/api status=200 version=6fc57d1-dev
time="2024-12-06T21:04:53Z" level=info msg="payload attributes received for slot: 92" service=relay/api version=6fc57d1-dev
time="2024-12-06T21:04:53Z" level=info msg="updated payload attributes" headSlot=90 payloadAttrParent=0x5d366579a0a7847a924f86f15bab8ef76a536b09781e9cd7f57a90f9be9b79e8 payloadAttrSlot=92 randao=0xc7116016d063dc7e95d5aefb246e7515e18b35b54d5c74c64f35913bfe19170e service=relay/api timestamp=1733519095 version=6fc57d1-dev withdrawalsRoot=0x792930bbd5baac43bcc798ee49aa8185ef76bb3b44ba62b91d86ae569e4bb535
time="2024-12-06T21:04:53Z" level=debug msg="getHeader request received" headSlot=90 method=getHeader mevBoostV=v1.8.1 msIntoSlot=4 parentHash=0x5d366579a0a7847a924f86f15bab8ef76a536b09781e9cd7f57a90f9be9b79e8 pubkey=0x8548d74ab33e8dd285e72b1ea3c15eb08b66d555493bcf39aa4355af06ccf0f4469e09f110544dc04b1f3d0e7880ac1d requestTimestamp=1733519093 service=relay/api slot=91 slotStartSec=1733519093 ua="mev-boost/v1.8.1 Lighthouse/v5.3.0-2e0eb6d" version=6fc57d1-dev
time="2024-12-06T21:04:53Z" level=debug msg="getPayload response from redis" datastoreMethod=GetGetPayloadResponse headSlot=90 method=getHeader mevBoostV=v1.8.1 msIntoSlot=4 parentHash=0x5d366579a0a7847a924f86f15bab8ef76a536b09781e9cd7f57a90f9be9b79e8 pubkey=0x8548d74ab33e8dd285e72b1ea3c15eb08b66d555493bcf39aa4355af06ccf0f4469e09f110544dc04b1f3d0e7880ac1d requestTimestamp=1733519093 service=relay/api slot=91 slotStartSec=1733519093 ua="mev-boost/v1.8.1 Lighthouse/v5.3.0-2e0eb6d" version=6fc57d1-dev
time="2024-12-06T21:04:53Z" level=info msg="parent beacon root found in payload attributes" service=relay/api version=6fc57d1-dev
time="2024-12-06T21:04:53Z" level=info msg="enrich block response received / responseuuid:\"f2bdcb23-10c6-4dde-9873-d0c427c72b92\" executionPayloadHeader:{ParentHash:\"]6ey\\xa0\\xa7\\x84z\\x92O\\x86\\xf1[\\xab\\x8e\\xf7jSk\\tx\\x1e\\x9c\\xd7\\xf5z\\x90\\xf9\\xbe\\x9by\\xe8\" StateRoot:\"\\x85\\x16J\\xe11\\x81\\xaa6d\\xa3\\x0e\\xf5\\xf7\\xc8a\\xe36\\x0c\\xa7\\xb5`\\x9b\\xc1\\x98\\xffe\\x81a\\x92\\xb8d\\xab\" ReceiptsRoot:\"\\xaa\\x03\\x83J\\xb2\\xf3\\x88\\x13\\xa2\\xfa\\xc6M\\xf8(\\x86;\\x157\\xd6\\x04t\\xd6;&bU'\\xa8߁E\\xef\" LogsBloom:\"@ \\x00\\x00\\x00\\x00\\x00\\x00\\x00\\x00\\x00\\x00\\x80\\x00\\x00\\x00\\x00\\x00\\x00\\x00\\x00\\x01\\x00\\x00\\x01\\x00\\x00\\x00\\x00@\\x08\\x00\\x00\\x00\\x00\\x00\\x00\\x02\\x80\\x00\\x00\\x00\\x00\\x00\\x00\\x00 \\x00\\x00\\x80\\x00\\x00\\x00\\x00\\x00\\x00\\x00\\x00\\x00\\x00 \\x00\\x00\\x00\\x00\\x00\\x00\\x00\\x00\\x00\\x00\\x00\\x00\\x00 \\x08\\x00\\x00\\x00 \\x00\\x00\\x00\\x00\\x08\\x00\\x00\\x00\\x00\\x02\\x00\\x00\\x08\\x00\\x00\\x00\\x00\\x00\\x00\\x00\\x00 \\x00\\x00\\x08\\x00\\x00\\x00\\x10\\x00\\x00\\x00\\x00\\x00\\x00\\x00\\x00\\x00\\x00\\x00\\x00\\x00\\x00\\x10\\x00\\x00\\x00\\x00\\x00\\x00\\x00\\x00\\x00\\x00\\x00\\x00\\x00\\x10\\x00\\x00\\x00\\x00\\x00\\x00\\x00\\x00\\x00\\x00\\x00\\x00\\x00\\x08\\x00\\x00\\x00@\\x00\\x02\\x00\\x00\\x00\\x00\\x00\\x00\\x00\\x00\\x04\\x00\\x00\\x00\\x00\\x00\\x00\\x00\\x00@\\x00\\x00\\x00\\x00\\x00\\x00\\x00\\x02\\x00\\x00\\x00\\x00\\x00\\x00\\x00\\x00\\x00\\x00\\x10\\x02\\x00\\x00\\x00\\x00\\x00\\x00\\x00\\x00\\x00\\x00\\x00\\x00\\x00\\x00\\x00 \\x00\\x00\\x00\\x10\\x00\\x00\\x00\\x00\\x00\\x00\\x00\\x00\\x00\\x00\\x00\\x00\\x00\\x00\\x00\\x00\\x00\\x00\\x00\\x00\\x00\\x00\\x00\\x00\\x00\\x00\\x00\\x00\\x00\\x00\\x00\\x00\\x00\\x00\\x00\\x00\\x00\\x00\\x00\\x00\" PrevRandao:\"\\xc7\\x11`\\x16\\xd0c\\xdc~\\x95ծ\\xfb$nu\\x15\\xe1\\x8b5\\xb5M\\\\t\\xc6O5\\x91;\\xfe\\x19\\x17\\x0e\" ExtraData:\"Illuminate Dmocratize Dstribute\" BaseFeePerGas:\"=|\" FeeRecipient:\"\\x89CTQw\\x80n\\xd1{\\x9f#\\xf0\\xa2\\x1e唎ʧv\" BlockHash:\"p=6:\\xfaK\\x050My\\x94\\x9d\\xb5/\\xcdN;\\xd28\\x19\\x8c\\x1b\\x9b&\\x13\\xaa\\xeas\\x0b\\xf4\\x8f\\xa1\" TransactionsRoot:\"\\xe4)\\xa2$\\x04\\x94|\\xbe\\xf6ڛ\\xcfu\\x93]\\xa8\\x91\\xa9l<B\\xe1\\x86\\xe8\\xa8w\\x99\\x95\\x8foX[\" WithdrawalsRoot:\"y)0\\xbbպ\\xacC\\xbcǘ\\xeeI\\xaa\\x81\\x85\\xefv\\xbb;D\\xbab\\xb9\\x1d\\x86\\xaeV\\x9eK\\xb55\" BlockNumber:91 GasLimit:27322062 Timestamp:1733519093 GasUsed:1999686} value:3727351745832000" service=relay/api version=6fc57d1-dev
time="2024-12-06T21:04:53Z" level=info msg="bid enriched with PROF" service=relay/api value=3727351745832000 version=6fc57d1-dev
time="2024-12-06T21:04:53Z" level=info msg="SUCCESS: bid enriched with PROF" enrichedHeader="{[93 54 101 121 160 167 132 122 146 79 134 241 91 171 142 247 106 83 107 9 120 30 156 215 245 122 144 249 190 155 121 232] [137 67 84 81 119 128 110 209 123 159 35 240 162 30 229 148 142 202 167 118] [133 22 74 225 49 129 170 54 100 163 14 245 247 200 97 227 54 12 167 181 96 155 193 152 255 101 129 97 146 184 100 171] [170 3 131 74 178 243 136 19 162 250 198 77 248 40 134 59 21 55 214 4 116 214 59 38 98 85 39 168 223 129 69 239] [64 32 0 0 0 0 0 0 0 0 0 0 128 0 0 0 0 0 0 0 0 1 0 0 1 0 0 0 0 64 8 0 0 0 0 0 0 2 128 0 0 0 0 0 0 0 32 0 0 128 0 0 0 0 0 0 0 0 0 0 32 0 0 0 0 0 0 0 0 0 0 0 0 0 32 8 0 0 0 32 0 0 0 0 8 0 0 0 0 2 0 0 8 0 0 0 0 0 0 0 0 32 0 0 8 0 0 0 16 0 0 0 0 0 0 0 0 0 0 0 0 0 0 16 0 0 0 0 0 0 0 0 0 0 0 0 0 16 0 0 0 0 0 0 0 0 0 0 0 0 0 8 0 0 0 64 0 2 0 0 0 0 0 0 0 0 4 0 0 0 0 0 0 0 0 64 0 0 0 0 0 0 0 2 0 0 0 0 0 0 0 0 0 0 16 2 0 0 0 0 0 0 0 0 0 0 0 0 0 0 0 32 0 0 0 16 0 0 0 0 0 0 0 0 0 0 0 0 0 0 0 0 0 0 0 0 0 0 0 0 0 0 0 0 0 0 0 0 0 0 0 0 0 0 0 0] [199 17 96 22 208 99 220 126 149 213 174 251 36 110 117 21 225 139 53 181 77 92 116 198 79 53 145 59 254 25 23 14] 91 27322062 1999686 1733519093 [73 108 108 117 109 105 110 97 116 101 32 68 109 111 99 114 97 116 105 122 101 32 68 115 116 114 105 98 117 116 101] 15740 [112 61 54 58 250 75 5 48 77 121 148 157 181 47 205 78 59 210 56 25 140 27 155 38 19 170 234 115 11 244 143 161] [228 41 162 36 4 148 124 190 246 218 155 207 117 147 93 168 145 169 108 60 66 225 134 232 168 119 153 149 143 111 88 91] [121 41 48 187 213 186 172 67 188 199 152 238 73 170 129 133 239 118 187 59 68 186 98 185 29 134 174 86 158 75 181 53] 0 0}" headSlot=90 method=getHeader mevBoostV=v1.8.1 msIntoSlot=4 parentHash=0x5d366579a0a7847a924f86f15bab8ef76a536b09781e9cd7f57a90f9be9b79e8 pubkey=0x8548d74ab33e8dd285e72b1ea3c15eb08b66d555493bcf39aa4355af06ccf0f4469e09f110544dc04b1f3d0e7880ac1d requestTimestamp=1733519093 service=relay/api slot=91 slotStartSec=1733519093 ua="mev-boost/v1.8.1 Lighthouse/v5.3.0-2e0eb6d" version=6fc57d1-dev
time="2024-12-06T21:04:53Z" level=info msg="TIME: bid enriched with PROF" enrichTime=26.490412ms headSlot=90 method=getHeader mevBoostV=v1.8.1 msIntoSlot=4 parentHash=0x5d366579a0a7847a924f86f15bab8ef76a536b09781e9cd7f57a90f9be9b79e8 pubkey=0x8548d74ab33e8dd285e72b1ea3c15eb08b66d555493bcf39aa4355af06ccf0f4469e09f110544dc04b1f3d0e7880ac1d requestTimestamp=1733519093 service=relay/api slot=91 slotStartSec=1733519093 ua="mev-boost/v1.8.1 Lighthouse/v5.3.0-2e0eb6d" version=6fc57d1-dev
time="2024-12-06T21:04:53Z" level=info msg="Original Bid" bid=2653921745832000 headSlot=90 method=getHeader mevBoostV=v1.8.1 msIntoSlot=4 parentHash=0x5d366579a0a7847a924f86f15bab8ef76a536b09781e9cd7f57a90f9be9b79e8 pubkey=0x8548d74ab33e8dd285e72b1ea3c15eb08b66d555493bcf39aa4355af06ccf0f4469e09f110544dc04b1f3d0e7880ac1d requestTimestamp=1733519093 service=relay/api slot=91 slotStartSec=1733519093 ua="mev-boost/v1.8.1 Lighthouse/v5.3.0-2e0eb6d" version=6fc57d1-dev
time="2024-12-06T21:04:53Z" level=info msg="Enriched Bid" enrichedBid=3727351745832000 headSlot=90 method=getHeader mevBoostV=v1.8.1 msIntoSlot=4 parentHash=0x5d366579a0a7847a924f86f15bab8ef76a536b09781e9cd7f57a90f9be9b79e8 pubkey=0x8548d74ab33e8dd285e72b1ea3c15eb08b66d555493bcf39aa4355af06ccf0f4469e09f110544dc04b1f3d0e7880ac1d requestTimestamp=1733519093 service=relay/api slot=91 slotStartSec=1733519093 ua="mev-boost/v1.8.1 Lighthouse/v5.3.0-2e0eb6d" version=6fc57d1-dev
time="2024-12-06T21:04:53Z" level=info msg="http: GET /eth/v1/builder/header/91/0x5d366579a0a7847a924f86f15bab8ef76a536b09781e9cd7f57a90f9be9b79e8/0x8548d74ab33e8dd285e72b1ea3c15eb08b66d555493bcf39aa4355af06ccf0f4469e09f110544dc04b1f3d0e7880ac1d 200" duration=0.028789 method=GET path=/eth/v1/builder/header/91/0x5d366579a0a7847a924f86f15bab8ef76a536b09781e9cd7f57a90f9be9b79e8/0x8548d74ab33e8dd285e72b1ea3c15eb08b66d555493bcf39aa4355af06ccf0f4469e09f110544dc04b1f3d0e7880ac1d service=relay/api status=200 version=6fc57d1-dev
time="2024-12-06T21:04:53Z" level=info msg="request initiated --> handleGetPayload" contentLength=3484 headSlot=90 headSlotEpochPos=27 idArg= method=getPayload mevBoostV=v1.8.1 service=relay/api timestampRequestStart=1733519093046 ua="mev-boost/v1.8.1 Lighthouse/v5.3.0-2e0eb6d" version=6fc57d1-dev
time="2024-12-06T21:04:53Z" level=info msg="getPayload request received" blockHash=0x703d363afa4b05304d79949db52fcd4e3bd238198c1b9b2613aaea730bf48fa1 contentLength=3484 feeRecipient=0x8943545177806ED17B9F23F0a21ee5948eCaa776 headSlot=90 headSlotEpochPos=27 idArg= method=getPayload mevBoostV=v1.8.1 msIntoSlot=46 proposerIndex=91 proposerPubkey=0x8548d74ab33e8dd285e72b1ea3c15eb08b66d555493bcf39aa4355af06ccf0f4469e09f110544dc04b1f3d0e7880ac1d service=relay/api slot=91 slotEpochPos=28 slotStartSec=1733519093 timestampAfterDecode=1733519093046 timestampAfterSignatureVerify=1733519093050 timestampRequestStart=1733519093046 ua="mev-boost/v1.8.1 Lighthouse/v5.3.0-2e0eb6d" version=6fc57d1-dev
getPayloadFromProf called!!!
getPayloadResponse returning payload from bundle merger: &{Version:deneb Bellatrix:null
 Capella:null
 Deneb:{execution_payload: {parent_hash: '0x5d366579a0a7847a924f86f15bab8ef76a536b09781e9cd7f57a90f9be9b79e8', fee_recipient: '0x8943545177806ED17B9F23F0a21ee5948eCaa776', state_root: '0x85164ae13181aa3664a30ef5f7c861e3360ca7b5609bc198ff65816192b864ab', receipts_root: '0xaa03834ab2f38813a2fac64df828863b1537d60474d63b26625527a8df8145ef', logs_bloom: '0x40200000000000000000000080000000000000000001000001000000004008000000000000028000000000000000200000800000000000000000000020000000000000000000000000002008000000200000000008000000000200000800000000000000002000000800000010000000000000000000000000000010000000000000000000000000001000000000000000000000000000080000004000020000000000000000040000000000000000400000000000000002000000000000000000001002000000000000000000000000000000200000001000000000000000000000000000000000000000000000000000000000000000000000000000000000', prev_randao: '0xc7116016d063dc7e95d5aefb246e7515e18b35b54d5c74c64f35913bfe19170e', block_number: 91, gas_limit: 27322062, gas_used: 1999686, timestamp: 1733519093, extra_data: '0x496c6c756d696e61746520446d6f63726174697a6520447374726962757465', base_fee_per_gas: '15740', block_hash: '0x703d363afa4b05304d79949db52fcd4e3bd238198c1b9b2613aaea730bf48fa1', transactions: ['0xf86f8203208459acf359825208946177843db3138ae69679a54b95cf345ed759450d870aa87bee538000808360306ca0da1480a35c616d4aa785c4dceca9305f3e49d7aae784e959c3068dc6c0776d40a07c4659993a09b823d876d6fd8a415dfbb942a03c4abe7d297778de838815d3d3', '0xf86f8203218459acf35982520894687704db07e902e9a8b3754031d168d46e3d586e870aa87bee538000808360306ba0e4ce684252997b75bf27202b4131cae6a67c7fa2d349909b36da95a7ca5a2b56a05976b8a92d864ffda65e5d1ff85a1afdfb52254f385fee17f55e6b84d93cd220', '0xf86f8203228459acf3598252089415e6a5a2e131dd5467fa1ff3acd104f45ee5940b870aa87bee538000808360306ba0c9e45fe9b3dd020895f047eced3532065d181a66c318ee5ef1abed17c143babda036f2f792861b6d3ad2cc277ff4a42ac2cc033bdf82ce086578525807a673f5a7', '0xf86f8203238459acf3598252089480c4c7125967139acaa931ee984a9db4100e0f3b870aa87bee538000808360306ba0f586ebb34239dd978fa7f978d0af6103045a4549ebe08b0f6ad09ef884946306a0481f86b0eaf6519d793ac3cbc7e3cd85b3cc44ae28edcfded7ad47e81d39e065', '0xf86f8203248459acf35982520894d08a63244fcd28b0aec5075052cdce31ba04fead870aa87bee538000808360306ba0cebd136bc876962e942cf5d00d62b2dd10f41a013987e9e9c9d3e0428a2a86bca00932b3d605aea89b8888a98b140215a836b7f40f7695d00ce9351df2ddc24efa', '0xf86f8203258459acf359825208940b06ef8be65fcda88f2dbae5813480f997ee8e35870aa87bee538000808360306ca019fd3c199e43bf50e163103d2c79c59df168a1f6a37576db45a7037b21e3072aa078b32d3f05f8543961a2dd2a7f828004d42300203bc786f4501af66d8a130cb2', '0xf86f8203268459acf359825208941cb96c5809da5977f99f69c11ee58bae5711c5f1870aa87bee538000808360306ba0488763eac9cfdb4567f8343e4b80cbddc4128ff110bbfc7a365d510bc8c01eaca01f1392f6ed65657d1482d5865ab3958f517c66e492337e85031b0dc82ea4de70', '0xf86f8203278459acf359825208942aa48ee899410a6d97c01b0bb0eeaf1771cc435b870aa87bee538000808360306ba03319acd2ced4fb4e4c80b2ab65496cf046f16537599d4c863643997921510cbfa03ecfba2f786df8071be4b4e52ff6b0211ea9dbae9cf6bf60479e35d0adfa31b1', '0xf86f8203288459acf3598252089407b9d920dd8e8d83dc1125c94fc0b3cdcdf602fb870aa87bee538000808360306ba0044756c6610d3100cd2cdc181ffffd31ee94408d197ca327926af0e25cbc246ca070454cc6d29bae8149fc1bf0e1607aeb9eb05abdd593a057607a7650b35d03e8', '0xf86f8203298459acf35982520894fcb6e353ad4f79245c7cb704abcffe2f48684241870aa87bee538000808360306ca06ad0a128797705f28cc2bc5032ad49d7f99c9ba2bc63ceade643fc63d8057843a0723b2c8fddfee6e61526a73845961f451ebba420d698688642cfa3f2613a4297', '0xf86f82032a8459acf359825208940d3de4256d6322683fdea9ee23765ccbfcb83da4870aa87bee538000808360306ca035d635e4efa1b270845ee6464daa0a6031a5e1d258becafe50c7a721ef498c20a020e69665f8ab315ffd06eb1d2c1a39a3140cea1416ec73fc72b9ded63f52ecbf', '0xf86e82032b8459acf359825208946021752d8d9b2f221d4fea4349dea34ddbcfce50870aa87bee538000808360306ba0756a6050834cecceeba7aa4df4ee34663e24030f96a3bc83f6694a222a02f2d69f65ec454950521ac5895923e595016f1c614d45a50a72fd1d8e82648da31dbf', '0xf86f82032c8459acf3598252089461e296d527edc89e831cf593ec341f16197eeafb870aa87bee538000808360306ca08471eb3ad8c5e9538fc1e634c790d2698943442aeb648912422ab21c45555efaa04dcfbe2407eff90314d8c452f3feba31e1310501256f183c8f3fe644a0691a6a', '0xf86f82032d8459acf35982520894cf7317ee7a3b497ecf634b94bff60ff91b925747870aa87bee538000808360306ca074d54783d556b72c7d766e45a2d8d4c887ed07473bb61dd8f4c93523ee472028a024939d5afd1979a2b7533c710b1eafe8e9ccfb7d303133d363699374cbea60d6', '0xf86f82032e8459acf359825208947e7b519df31f77ced83eea1b16aedb6dcb0f0b24870aa87bee538000808360306ca0782d6a2dd8d76e1a72f5a92c850b6a8b022b584fefdb206b69d7770f633c1ee5a072b66cd0159a755f15071931abd980902053dc25c8a743331659a58c5431ec57', '0xf86f82032f8459acf3598252089488a075e0fb1c9309a200a8bf0a88b214bf7ceb8d870aa87bee538000808360306ca0894d9392c564ac84d77aceaed455b93a6c5db4d5134a8799044ecf217146bb41a038f69b5eedd695cc967d2bff5481f25960e87294bf4981a1c9ed47d8ac514c19', '0xf86f8203308459acf35982520894c8d7cfb58f3ac02568e6505bf3fb5eb6f0807039870aa87bee538000808360306ba0cc8ba51c5167af8f97788efeebd43bafe94de1156ae05113b4b112c01cf92edda0611297db540661406e04ed7bbff6386f2350fd70c84224803ecf61c52cca3e21', '0xf86f8203318459acf35982520894e0132e8d7b1b766e0ade5543d6c6c0b2d5a2f01d870aa87bee538000808360306ba06df9d351e44708ee3dba2d3c5e42eca25b327ea06bb4794f0340e00b6527dd26a02d59206fd6508dddb1e0144e14ae7cce5744d46ec3bf950933eed4c7ce9cbad5', '0xf86f8203328459acf35982520894eb674c0411db79654afdc1e131f3b6e734baee6c870aa87bee538000808360306ba0262580e5a96c8c18d1129317012014bed4ad43005103938bd0380cb708997a39a04f3373c18437ccdea9bc1d7b82044b55783e2c644e17656207f5ccf732c86e15', '0xf86f8203338459acf35982520894dc07c60993cf689438b8c85f86b0ed938dca77ea870aa87bee538000808360306ba0486bc785cec16cac422fd7883273c3d0a8fef16843eef53fc3491a67d9b8eea5a069e49bca5a7f7e63483db4fb6f5f369ba97d37b8dabaab96d4010ea57aceead1', '0xf86f8203348459acf35982520894110ddc93db59ed31a03518510221ec2f35d28f2f870aa87bee538000808360306ca088e06a2c8ab11657db6ac8c44f815ab8126a661f35305f895d8a184e92821c92a043a4e9d4a5beab7d77362c7eeb7ffd35ff0ad94d52d3e5c2a6a66efd73c45fca', '0xf86f8203358459acf35982520894b599a876aaac824cfce21bdf15627c9fd8634c30870aa87bee538000808360306ca02e22f484e3ab027c2dc0a49461ef2f691e8fea70f62371ba90bcb8358834dcaea01dd712e5659373899af93a8e00ac15dbe45565d88fe68e235b4db1ec884ff2d8', '0xf86f8203368459acf35982520894d36e5540dd71acbd6416d60252c4d7c34a3c8245870aa87bee538000808360306ca0642bb2fa947ecb3ea0d48523b371cbb84ccc61145403f66a3ae4efc29af69517a01ce9bee91e508d42fcc34330e9d61d52ccf3b06c3538089f29dd53d24eb718c6', '0xf86f8203378459acf359825208943adeca35af56206a74987a8fe13c669365c770cf870aa87bee538000808360306ba0e824ccb2f1540f3878201f7e312587644e395bccef0a69c0fd3ba453e6a34850a01bcea8419c953c64271a39b51ec73b42c2ede2e4fde526c32c4bb13c78b89c5e', '0xf86f8203388459acf35982520894d77b95acd12f7b4b5692b55717b7bbca11651954870aa87bee538000808360306ba0917ed16a0dbdc40f0e03462631ca3d7cd51f2a0d74bc989ba294bca6c0db4e31a069ad9fb6549af0575ebfa197a63c6d52dc6befc8ce1226464e5c299d6b24cb27', '0xf86f8203398459acf35982520894f388bf5766b5ed5d4e1cbf15772e677dbfa80b00870aa87bee538000808360306ba09149345efb538b4623f1112d3736d97e1085f211ce796aa7c2f7236f1237a761a039bd65c7397567176aed2a7ea2a66205dbf6d25ef1f9dc28ad1d9300bed764ff', '0xf86f82033a8459acf3598252089435d4996296e58560e6ef47787d51b55f1e2bd92a870aa87bee538000808360306ba0b9471c086dcaf553b1a2f8a1d646c8d675e4a3b93c649e9ed5866e3dd150af2ca06654e608d84e76a198b493e83f813e6f7e40dd761651bf0bc8593e9115f074a0', '0xf86f82033b8459acf35982520894a4c3b77b898e53d6095f11c53a1ce272cff9af31870aa87bee538000808360306ba0079930ea5b5b2df0b9d643b1fde7fb03ea61e6e2b75ff33eb9a6edd13a1081f9a01985a150802cc1cc4963ae915dd995d28356b0753c9c812122a88ca0d9e9c0fa', '0xf86f82033c8459acf359825208946e84f6113fc1919714f0266705813fb81a17181f870aa87bee538000808360306ba066543d08df8a88fb1dca09934175d7dd4d2d6d0ec108e0130c54bf49cdeddcf3a01e4fd6f8f977d89cb30d2f72b0eef51d18651dd0475887997a75f31962981609', '0xf86f82033d8459acf35982520894e9ae1a806004e1452baae0493920815aadd84798870aa87bee538000808360306ba00a45a36fa52d53d9667d56b41bf0c787b5834dd9c3b8c95f84b9b5c776a5bd19a049695f924b590b1ff9e70284a718151286a19158f13f1875b50a6c9403e6e9ec', '0xf86f82033e8459acf35982520894fe1905d8ebd20e037274eef441283c811ea82c16870aa87bee538000808360306ca0d71b1fdc9ab60e310576fa2253410706ba345f85f20730c3ddf4c8abc73c1a69a018c602e6911aa1c5b8e4b31487a8cc1e8317bba4f5c051c8a840a203ff932777', '0xf86f82033f8459acf359825208946adece88e477f53a143a4c29d97940df2ec768e0870aa87bee538000808360306ba0be7e7665e758b971d8e1a2eedfe4285e5e038ce490d5b7cfce0fd80cf3fbe766a03320dc5c7ce18bb2e867fed0956fdd00746ebc052667248fa533dca648954b4a', '0xf86f8203408459acf359825208940d34d140a7376892c4593fcea3ae26f5d6f202d7870aa87bee538000808360306ba0dc9ec4a8a99795b20c16cbef1ce5c947e2cd44f1c0a303ad8e853e1e887dd28ca032e966e16b698d6047ac520cc57be5af42a8f97f02df45376d3ee418bc73c6f3', '0xf86f8203418459acf35982520894d1c7fa75b9bc55d041fcdf215f3e3a351c9f9edc870aa87bee538000808360306ba09f3b0bcee64d1791ba8fee50ddcf7ce75a47182cedb0c6387ada3e58d4611a97a026dbeba30eecbb0cd09d4493180653ebf0600b7a38951c82785743882b096b13', '0xf86f8203428459acf35982520894418ebe350a8c6387bf5e42f3502742af8e0781f1870aa87bee538000808360306ba05dfb77cd0d92de99ff4d859e1cbf9343351e3c3fc3b37df258678cf7c9203d87a02d6ce1b845feacdc5ad628f874a824ec8ef273a10d7863a9e9558f03ec89c102', '0xf86f8203438459acf3598252089484914d2770c711d27888c775c547b1d933b48c47870aa87bee538000808360306ca0dd789e6a94e6548c001b67099b2ec72d218a7ec1931b8f5b44aed9b93959991da043f3cd194aa2869c022ab5fdcfd0266e60652f51656e941dced19bdc42dbe133', '0xf86f8203448459acf359825208948f51e560b85edf2e653c689c4e9fac02ce0556b8870aa87bee538000808360306ba0d8b2f26a6a35a0c726e30af6bc5809ea0e7d0a3971aa743ef45cff384d4be77ca07985abfab47c176ff1e7a56e6f4f764a67008f4237f09d2410c71afc7cd67452', '0xf86f8203458459acf35982520894ee2503205c24dc66346e356f13f333fb8782d358870aa87bee538000808360306ba087f453c9973f27de14083efcdcd66cde02d139b12452f871f50c5ab07ae9033da01fd7c390fc7cddc17e477ff5c06bfdf9ad1b7257006c594b8209a31ae2c37fb0', '0xf86f8203468459acf35982520894096ba6c59bd667a0fea9a356bcc988e4d9f2d8eb870aa87bee538000808360306ca06b4ccb16633a5a24972e3669623b91b04f794ab6e06a2c2a17d86768fbee4981a042262da2a92f7dc2262a5d124c31246785349a37ff208207d3647d2650c5d57f', '0xf86f8203478459acf35982520894da0adce4f1dc7debe7b2b52e8fe9ace6c7ea9c66870aa87bee538000808360306ba02b4c7027a6427de4f39d0b7bda41faad3368586b82dfc57be7e40ec3e34b4bdaa07fc56cbe823969ec86192b149fc7acff22e50b048d64ca5078b1820999b0b912', '0xf86f8203488459acf35982520894af7d412aeab7525c0541dc3aa6c1085cfb8c9099870aa87bee538000808360306ba0cb47643677d522450cafd9666acb208b90965d2afb581c0c94a06718d32e08c9a017028682a59dbc9ae2af5ae4fbd7ec7afdfa08409fb6f8d351012403f26b71d4', '0xf86f8203498459acf359825208943cf8c0d567261eaf4ac0872d33a9f48af361769f870aa87bee538000808360306ba044d639f190a06bd0aeb730aec412fd02d5c25f8cfb536a9074ba50e986276c67a0742b59d1adfbc493eec82ae1f8f3583afa64cdfcddabecc29762211ce183d104', '0xf86f82034a8459acf359825208944779242587ba9e828999249eadd82984430f4843870aa87bee538000808360306ca09a64b92b8372cc280a3d3d18f3f6bb8ab6398954b37a39f4b607f590d9ede839a05fb60195e24cd8ea62909adcafd2513f70278f7ed7464b6635c01a87586a50b8', '0xf86f82034b8459acf35982520894ea531cfe2de357ecff3855b88dbd07f60b03cdca870aa87bee538000808360306ba035bc0de920d8eb3badfae98c465562387fb73ebe67c346126841000d17815f65a07b790f02197a4ac399a638173449232293d6e29d6e163002f01e26df9bdb20af', '0xf86f82034c8459acf35982520894d00b5f53ea2a66ad33c3fee304bb22857dfb8a87870aa87bee538000808360306ba0cf8db3a0b45f3d4644980f4ae85bd2b734eea56939e42b09c288924a08a00d34a058fc4664f2362a06494a1449ed8c6d31b7945f8e55197fa662e844f6b2e73bb7', '0xf86f82034d8459acf359825208947ead29f6616f78f21a951c9686dd257be7b8efe4870aa87bee538000808360306ca037295ea0039619568add3291f132ef89836ff3262f8ca54fbcefa351a00a7e02a07dda573f6a01169b20890c080bc52f0968a99239c87c67bf77d995d9c137c87d', '0xf86f82034e8459acf35982520894d503c13ee55c1ea128357d4018ec58d0d5e5c3db870aa87bee538000808360306ca0fa9f72fbc0b6350baa9b9c64909d729b0f678d64bd55826e91917373070db1e3a04c1604c96eb4f91f3b2f1baf3892125c683c0a68fe92e265b064cb716c262d72', '0xf86f82034f8459acf359825208944ac670d8760faf780468638ef80034876ed8918d870aa87bee538000808360306ca00a8b3618d5a2395697277caacf051448750f2c18a1cc35a2a05ac8f5f9afa6c5a0188907ada53b28bbf3328b7ad2b870664678f4e5c175de3b96a9325ee2b6a3a9', '0xf86f8203508459acf3598252089424ffb8c97ce443f8d3265ba3316defcfc07c659c870aa87bee538000808360306ca01f2ff83407660fb323a139bdcf63fe2ddd5102b335710232b39fbc3d9e49f96ba06416bfcb6da565b7634915b407351c2b1cc674ca58341ab03ac56ecfb31a7fa1', '0xf86f8203518459acf359825208940c5cafc547ab98c9ceaa1c07fdd6bf7820aeb954870aa87bee538000808360306ba007a72e1f1cf12e61dd55e8a22d546270718d839ce8ded89e43a4b5374bfd70c1a00bd656db8fbdbb2eb2f3777573dc2f2bfcff815e734069127ca6eb03a601e28a', '0xf86f8203528459acf35982520894db8d964741c53e55df9c2d4e9414c6c96482874e870aa87bee538000808360306ca0f16b0ce94cfbf9271c35e861ed85190134ee14bd9ad03e27f6791597cd847b40a009829d2b114aabf313bc3dc6a16fafe84640a560c60196091e3f8b35b076e3da', '0xf86f8203538459acf35982520894ba85bb35ae6ff7a34745993fcf92b9afd34124f1870aa87bee538000808360306ba027721c6f03796282b583301f2c06c1e6c9b7311fcc6313b360d5f46df90c8cb0a0427d64fdb061347ce638d06d161d7535b3626ea5aa264360d8ab3d9a68e0c2a3', '0xf86f8203548459acf3598252089458871015f5a2d3948264f7c16ad194c80ffd531d870aa87bee538000808360306ba0465678db9e72cdb123f6437af46af239faea63d8369a90c716942b88bb3c96d1a079c51cdc6a17d410d5be4ebf6814689fff92c3576cd9ae14075c07c0b0b03970', '0xf86f8203558459acf359825208942a90af45df70b0031f218cc122598ddf3e10469f870aa87bee538000808360306ba07414f9da742eecc7f5d773d5473d0a947910fc4b1251d45af91334458ab18232a0443eddf4eabcf8d1e2962f71a7459c77e8f7d0cb88dbd452c4bc30f7d3dc21a4', '0xf86f8203568459acf35982520894761bbaaea6ceb265f5262c3b559adc2ad3ed2f09870aa87bee538000808360306ba0341fa524f56707831e698499bf42d837e2b89abb87270e21dca879a192258938a0720044e3cb05bd0aec00a829ad74ffc03f5d0bfb97c60f67b25803f49868fdcf', '0xf86f8203578459acf35982520894dfe86f51c5e603f1420d1f0ab366bd3bfe23d2a7870aa87bee538000808360306ba0887b6b6968d8274b1e6d1113cf35a180c4f5e8decbee0df9b75fff180b9b6368a043abde679f9774e04225f9bd544d4806e336edb47bd7937df2ec7997f6ffa2b8', '0xf86f8203588459acf35982520894d616547158b05ab5079106dc0336d72763a72871870aa87bee538000808360306ca006ff34f1cdf34de3b0347c66dc96aa53aaca03d6f6fbffe4f5c454a9cf73a4e5a0580669dfd096a1242a3dc24ccb52b79aff698c57b5c9f63361f89471ee44a9a1', '0xf86f8203598459acf35982520894dc68cd278cb7f5f666ce7b0a3a214a8540ed4dfa870aa87bee538000808360306ba0556eda07bdb26eded4756850f25f5b8b0eb431d3ac6affcb7ee8df14ed02d6a0a0493d8f8ad38969fa341758d6291ea927d1f4cb944a768489b4048be444b34b27', '0xf86f82035a8459acf3598252089411f8107da05b6905e8cc0227ca3b0c6eb764fac0870aa87bee538000808360306ba0e276a189f9b91b18c531f5641ab18dafe1fadcc56ed91a86ea2e43d328bdc8dca077cfb6062ce989e71bbf87e5761f1f18e3d9f36ceb95d315092b73b302443e57', '0xf86f82035b8459acf3598252089404da906545679850a7ee0ef6836e183031bedc88870aa87bee538000808360306ba0b484beb0ca19de234ab1469a24b12a1cd45f825e9878172060c38b709f6f3979a0316f3fbfc584ebcfef86e3361e8bb364278b098104ffdf8447e9ad016314d321', '0xf86f82035c8459acf359825208948bdc25c43c010fd3db6281fcd8f7a0bed18838e3870aa87bee538000808360306ba071f11fce647486429d382b903554f073ac937802fba943297a5761ac57ab3cc0a00d86a19a4cf97ee18deafa40d1bde9409229ddc49facd2a426ac34863d1ba4f1', '0xf86f82035d8459acf35982520894af16f746b8a834a383fd0597d941fee52b7791eb870aa87bee538000808360306ca03871e2c655c05a3cfb2446589438fe8787b47d8a6183d6375065afd49f70e88ca07b13ca4606aca17415e9adf68adc0f985ad3d6e57c90bb85b7761b481dca2c61', '0xf86f82035e8459acf359825208940c5c736600f8ea58ccb89aa72e3f3634651fd551870aa87bee538000808360306ba0359a403abcb56f603617d9fd9674ea8152ca911d94dadfb47274ce1be4d5d2a6a03cff9d4d8b620053439040a78b931375f56453eee0d6fd006d3655fa5dd69592', '0xf86f82035f8459acf359825208946f475e0f0e9eda58556fddc04de9b1a9b6a4cfb4870aa87bee538000808360306ba00e523987d7bf5ba602835e600eb5071f380f7a323f050ab1d0749d89aba399fba06bd1edab2a86e9e9266b95274cdc2d459b5b0ecedc8436d02d438f930574f27b', '0xf86f8203608459acf359825208949b2e76498a695c4dc7d0890069cffa84a9581d24870aa87bee538000808360306ca0105bd32bdbfa56ba0e4f3ea88e3445c2dae91f2f62a0270fa8fb9639960546d6a07e5d7cba0ed0305e79b376ef5765e2410400982f77b593b63b0e97b697afc1a1', '0xf86e8203618459acf35982520894e2d2b2069f4a54fcc171223ff0c17adbd743c2
85870aa87bee538000808360306ba058c29381a4dcc7b9d1c87e34be19a1b18bc670138888583621c927d9287c88e49f26769686daf08a0bc129992508a378fea33d6a7447570fc98fb0314d19514e', '0xf86f8203628459acf35982520894386bd49f04322544f3c7178fa5ae1a24b947b454870aa87bee538000808360306ca080ab011138adc008d747c8b319b24281baa3948ac824a4be6ea5aba33f5f0c9ca04ef273f16f5b7a91cb82b90159b02fd0449b272c42a90f24dfd83eb2ff002289', '0xf86f8203638459acf3598252089400af839c3fc067fafc2e0a205858d6957f0dd18d870aa87bee538000808360306ba0ac2dd062ce20f21947175ae5fb6d68493016ec86d5a23aba216fabc2b26998aaa022c426339c709a6f6298834089bfa5956c66d2ec2b941fd3130624a0471cbe35', '0xf86f8203648459acf35982520894ebb6d32a650afa9221b55a11c6a6de52b6f07cd7870aa87bee538000808360306ba05df04bb8502ba885b8431851288483446cb7635e298b0fa069d98dd761caed9ea00ecb57725860e35a9c58c24c7704522d80cc17ccd005c44562780e6bc7ed4812', '0xf86f8203658459acf35982520894011d26a3a9adc9203c8943a6a77aa8657af52420870aa87bee538000808360306ba037e21995fb1b04596edbd7bcd7ad57cd1abddf18df47cec6f01205ef95c47f4ca0390084ce6132b8ed949cc4f5443e60321ace83c8392ede501579f96ddb3ee9ef', '0xf86f8203668459acf359825208949c85bc61a89fb5abd957e6c819c653fc1aa0d11b870aa87bee538000808360306ca009092625f783f68125d05268c5e9619fe6da1942e267bc257788c66b5ac18687a0762fe2721a51f7de47a95742fd264ce5fe69ef2dab273f27218c594132452455', '0xf86f8203678459acf35982520894bd8e8435b7897d87cf7cedb5cf8c5dd865dbf720870aa87bee538000808360306ba0b8070bcbd6e7526490087b346e91141652608f2c8db8137074621478a9241d21a02ee00f537fd65f6cc8555257c528225c9b3b10f58ba3c3ac35d617d40ee2d33c', '0xf86f8203688459acf35982520894adebee2e3ff041078b62380d001c6e51b4f15598870aa87bee538000808360306ca08cdcc7ce7b25e9e38e08766a82f29ee1a5442a7a2942532cc163b7ce302437a5a0192f36515f78cebec86cf8e6aa54655103fa9f87e061c9814d26c2d2ef782f4c', '0xf86f8203698459acf3598252089471e94c459c9f05085fc0d34b5f21e648e05dc6b3870aa87bee538000808360306ba059512f5461fa6ddab7928f543518d403392b7a8cc4614ca8e5914317286c843aa036fd1f3b1918517a39f7b781a889d761128db9f526f8da989fe7fec63a4484a6', '0xf86f82036a8459acf359825208947c1fe317db82c9298b87c56c3194178271b621e1870aa87bee538000808360306ba0b917507e38bf366cdd291fb6d3b0c1dc0c8c15e465ac97818f999de2297ccf3fa0521d93d0956100096b1f045fa25acd3a223fa02f8f0a5ef620fef6ec3b45d5bb', '0xf86f82036b8459acf35982520894e069d1c9abf5127bdc3a164fb93b96bfa9f74ce0870aa87bee538000808360306ba036fefb059d62b0eee5e41773164cf2370a4d6d692694d51971d47b9f8aaebf59a05155f08c0ec59832e2c4d64c2cfcc550a3f419dc19b9923b331d9d5a41e59987', '0xf86f82036c8459acf35982520894b9bbddd1eb6ef8fb1bdc6a853d5ad7486a9487dd870aa87bee538000808360306ca07c650cc862a7c4951ac166bf3aba5442110656126ccc3a1a854d18cb66075bfda02090e2efad817c9bc12d4d01447d7de821cf4469954b6cd0019776801f1c55b5', '0xf86f82036d8459acf35982520894a804387cdaf986d45831e8074efb2115af053f7a870aa87bee538000808360306ca02fd7fb98faec0d044ffdefc3c551b9112c1fe83d6f91e8030fcf74da3ec2803da061398b374eb8994d4e9a9d6ad89115915503c4a114a91da8646b6cbf29ee8de2', '0xf86f82036e8459acf35982520894f23501d784a041fc911b4c86c2bfb1f63ec170ea870aa87bee538000808360306ca006484528c9294bb644fc379af83e6eec6fc95ec9a1f5993872f31697085a218da0735b6165f309b3a20aebf693cf00bbfecf3013d7801fc3794cfe431dd242ca84', '0xf86f82036f8459acf359825208943928be2a7058088313c0fb3294014e88a3c5ed4a870aa87bee538000808360306ba098402bd1a101ab13f28c4752fea056cf58d0fb5cb02ee42bdbbdf3347a2dbac3a054ec2207b04fd3aa01a380cf518f445ab966a16dfbb2cdf54bf353ec07709074', '0xf86f8203708459acf35982520894196aa07204141478459c14106ef5e5282efe9957870aa87bee538000808360306ba0a6b2748d88aca8b6a018e826455dbf0f28a5d52651e5245a7043062b22968d7ea07bcbb0dca636d194d94c90e6911b6841913bd92d4b7fb478f83badc820ec66b6', '0xf86f8203718459acf35982520894763cbf89560e2da270000822abda9584db693fa3870aa87bee538000808360306ca0c6b5daf5d13bf0ad69ef34f7ff166cddca9d8f4b40c0879af0acf13863d3164ea0470476c2ec6b57415a9a842791ef239baad1faa69d81c506da971eab60a01054', '0xf86f8203728459acf359825208947feaea0ff70ffc9eec2104f57f7136aff4dea680870aa87bee538000808360306ba0e200f79222f0f709e691728c81d15ec634b6b5463c2f6fd8ce9cfdc59121da54a04fc671a0eeaa6b628c10eb95138367159d479a108648c60b314b2f1707221648', '0xf86f8203738459acf35982520894e5466aacd9dd6d3bb35060a1ccc76a438de88ca1870aa87bee538000808360306ca08fba43faa92b5bdee61d980ad757aa39b9d8af4a8b3241dd8de61cec92881911a04fa0e71a1b954beacad45827a7cd2d55d7b446a88f75898623135ba7d6028e84', '0x02f86e833018240880823d7c825208948943545177806ed17b9f23f0a21ee5948ecaa77687096dba4eec084080c080a07ff72941595ebd60caa6d001b9c087b8f7dccc20639dabed9f6f7c68c3972cf5a012d7c7d31da464215b5ee5b3d94bccac520978dce83911f492c57930a26100de', '0x02f90176833018243085012a05f2008512a05f2000830249f09471e67695db8bc44aa6bf2014142c42221967ee9880b901040cc7326300000000000000000000000000000000000000000000000000000000000000a0000000000000000000000000000000000000000000000000037e55033f6bf1cf000000000000000000000000f98265aea01677961bff51685b04ee3a6139206f00000000000000000000000065d08a056c17ae13370565b04cf77d2afa1cb9fa0000000000000000000000000000000000000000000000000000000000000000000000000000000000000000000000000000000000000000000000000000000200000000000000000000000024a9da1457f96c2b167d49377a776d302a5c4db3000000000000000000000000ac29373cbe03c88fb078488181f8a0650c58ca08c080a0c22986d3b7d0dfa66e0e0600326f20d92c5e69e968efd44a0a125fadc6454ef9a066593e769f8c595ed1709c2fffa768716812fab06582fdc823c157c49a1cba50', '0x02f90176833018243185012a05f2008512a05f2000830249f09471e67695db8bc44aa6bf2014142c42221967ee9880b901040cc7326300000000000000000000000000000000000000000000000000000000000000a000000000000000000000000000000000000000000000000001bb10481154025d00000000000000000000000085998f6c99833d1127301928248c97b6f168bdad00000000000000000000000065d08a056c17ae13370565b04cf77d2afa1cb9fa0000000000000000000000000000000000000000000000000000000000000000000000000000000000000000000000000000000000000000000000000000000200000000000000000000000024a9da1457f96c2b167d49377a776d302a5c4db3000000000000000000000000ac29373cbe03c88fb078488181f8a0650c58ca08c001a046607e25be38220248e03c569471a76d918fbf8612a163971b84414e61e6eee4a06aa67ad9ea96ae348e552a6fe3ca4af7885f15ed9c185cce99a4d215b826a727'], withdrawals: [], blob_gas_used: 0, excess_blob_gas: 0}, blobs_bundle: {commitments: [], proofs: [], blobs: []}}
}
time="2024-12-06T21:04:53Z" level=debug msg="publishing block" blockHash=0x703d363afa4b05304d79949db52fcd4e3bd238198c1b9b2613aaea730bf48fa1 component=beaconClient service=relay/api slot=91 uri="http://172.16.4.15:4000" version=6fc57d1-dev
time="2024-12-06T21:04:53Z" level=debug msg="publishing block" blockHash=0x703d363afa4b05304d79949db52fcd4e3bd238198c1b9b2613aaea730bf48fa1 component=beaconClient service=relay/api slot=91 uri="http://172.16.4.14:4000" version=6fc57d1-dev
time="2024-12-06T21:04:53Z" level=debug msg="publishing block" blockHash=0x703d363afa4b05304d79949db52fcd4e3bd238198c1b9b2613aaea730bf48fa1 component=beaconClient service=relay/api slot=91 uri="http://172.16.4.16:4000" version=6fc57d1-dev
time="2024-12-06T21:04:53Z" level=info msg="updated headSlot to 91" epoch=2 service=relay/api slotHead=91 slotStartNextEpoch=96 version=6fc57d1-dev
time="2024-12-06T21:04:53Z" level=debug msg="RefreshKnownValidators init" datastoreMethod=RefreshKnownValidators headSlot=91 headSlotPos=28 lastUpdateSlot=83 service=relay/api version=6fc57d1-dev
time="2024-12-06T21:04:53Z" level=debug msg="Updating builder cache with 1 builders from database" service=relay/api version=6fc57d1-dev
time="2024-12-06T21:04:53Z" level=info msg="payload attributes received for slot: 92" service=relay/api version=6fc57d1-dev
time="2024-12-06T21:04:53Z" level=info msg="updated payload attributes" headSlot=91 payloadAttrParent=0x703d363afa4b05304d79949db52fcd4e3bd238198c1b9b2613aaea730bf48fa1 payloadAttrSlot=92 randao=0x017d4045d273a5495449988a4d49b040384702b5d1079c2dddb89dd3be925b6a service=relay/api timestamp=1733519095 version=6fc57d1-dev withdrawalsRoot=0x792930bbd5baac43bcc798ee49aa8185ef76bb3b44ba62b91d86ae569e4bb535
time="2024-12-06T21:04:53Z" level=info msg="finished publish block request" beaconPublishURI="http://172.16.4.14:4000" beaconURI="http://172.16.4.14:4000" component=beaconInstance encodeDurationMs=1 payloadBytes=24531 publishContentType=json publishDurationMs=35 service=relay/api slot=91 version=6fc57d1-dev
time="2024-12-06T21:04:53Z" level=info msg="published block" beacon="http://172.16.4.14:4000" blockHash=0x703d363afa4b05304d79949db52fcd4e3bd238198c1b9b2613aaea730bf48fa1 component=beaconClient service=relay/api slot=91 statusCode=200 version=6fc57d1-dev
time="2024-12-06T21:04:53Z" level=info msg="block published through beacon node" blockHash=0x703d363afa4b05304d79949db52fcd4e3bd238198c1b9b2613aaea730bf48fa1 contentLength=3484 feeRecipient=0x8943545177806ED17B9F23F0a21ee5948eCaa776 headSlot=90 headSlotEpochPos=27 idArg= method=getPayload mevBoostV=v1.8.1 msIntoSlot=46 msNeededForPublishing=37 proposerIndex=91 proposerPubkey=0x8548d74ab33e8dd285e72b1ea3c15eb08b66d555493bcf39aa4355af06ccf0f4469e09f110544dc04b1f3d0e7880ac1d service=relay/api slot=91 slotEpochPos=28 slotStartSec=1733519093 timestampAfterAlreadyDeliveredCheck=1733519093056 timestampAfterDecode=1733519093046 timestampAfterLoadResponse=1733519093055 timestampAfterPublishing=1733519093093 timestampAfterSignatureVerify=1733519093050 timestampBeforePublishing=1733519093056 timestampRequestStart=1733519093046 ua="mev-boost/v1.8.1 Lighthouse/v5.3.0-2e0eb6d" version=6fc57d1-dev
time="2024-12-06T21:04:53Z" level=info msg="finished publish block request" beaconPublishURI="http://172.16.4.16:4000" beaconURI="http://172.16.4.16:4000" component=beaconInstance encodeDurationMs=1 payloadBytes=24531 publishContentType=json publishDurationMs=46 service=relay/api slot=91 version=6fc57d1-dev
time="2024-12-06T21:04:53Z" level=info msg="request initiated" cancellationEnabled=false contentLength=6058 headSlot=91 method=submitNewBlock service=relay/api timestampRequestStart=1733519093608 version=6fc57d1-dev
time="2024-12-06T21:04:53Z" level=info msg="block validation successful" blobGasUsed=0 blockHash=0x4b464f8e5f1f0b3cecee5791a45ca49a1853e4c5c7122d6f9322bb512aff0523 builderIsHighPrio=false builderPubkey=0xaa1488eae4b06a1fff840a2b6db167afc520758dc2c8af0dfb57037954df3431b747e2f900fe8805f05d635e9a29717b cancellationEnabled=false contentLength=6058 durationMs=5 excessBlobGas=0 fastTrackValidation=false headSlot=91 isLargeRequest=false method=submitNewBlock newBidIsTopBid=true numBlobs=0 numTx=17 numWaiting=0 parentHash=0x703d363afa4b05304d79949db52fcd4e3bd238198c1b9b2613aaea730bf48fa1 payloadBytes=6058 proposerPubkey=0xa1d9840eda3036fbf63eeea40146e4548553e6e1b2a653ab349b376f31b367c40d71fb59ff8e94b91daa99c262ec8b52 reqContentType=json reqIsGzip=false service=relay/api slot=92 timestampAfterCheckingFloorBid=1733519093613 timestampAfterCheckingTopBid=1733519093613 timestampAfterDecoding=1733519093609 timestampAfterSignatureCheck=1733519093612 timestampBeforeCheckingFloorBid=1733519093612 timestampBeforeCheckingTopBid=1733519093613 timestampBeforeSignatureCheck=1733519093609 timestampBeforeValidation=1733519093613 timestampRequestStart=1733519093608 topBidValue=0 value=505509235791000 version=6fc57d1-dev
time="2024-12-06T21:04:53Z" level=info msg="received block from builder" blobGasUsed=0 blockHash=0x4b464f8e5f1f0b3cecee5791a45ca49a1853e4c5c7122d6f9322bb512aff0523 builderIsHighPrio=false builderPubkey=0xaa1488eae4b06a1fff840a2b6db167afc520758dc2c8af0dfb57037954df3431b747e2f900fe8805f05d635e9a29717b cancellationEnabled=false contentLength=6058 excessBlobGas=0 fastTrackValidation=false headSlot=91 isLargeRequest=false method=submitNewBlock newBidIsTopBid=true numBlobs=0 numTx=17 parentHash=0x703d363afa4b05304d79949db52fcd4e3bd238198c1b9b2613aaea730bf48fa1 payloadBytes=6058 prevTopBidValue=0 profileDecodeUs=464 profilePrechecksUs=3731 profileRedisSavePayloadUs=10 profileRedisUpdateFloorUs=152 profileRedisUpdateTopBidUs=236 profileRedisUs=1918 profileSimUs=5243 profileTotalUs=11427 proposerPubkey=0xa1d9840eda3036fbf63eeea40146e4548553e6e1b2a653ab349b376f31b367c40d71fb59ff8e94b91daa99c262ec8b52 reqContentType=json reqIsGzip=false service=relay/api slot=92 timestampAfterBidUpdate=1733519093620 timestampAfterCheckingFloorBid=1733519093613 timestampAfterCheckingTopBid=1733519093613 timestampAfterDecoding=1733519093609 timestampAfterSignatureCheck=1733519093612 timestampAfterValidation=1733519093618 timestampBeforeCheckingFloorBid=1733519093612 timestampBeforeCheckingTopBid=1733519093613 timestampBeforeSignatureCheck=1733519093609 timestampBeforeValidation=1733519093613 timestampEligibleAt=1733519093620 timestampRequestStart=1733519093608 topBidValue=505509235791000 validationDurationMs=5 value=505509235791000 version=6fc57d1-dev wasBidSavedInRedis=true wasTopBidUpdated=true
time="2024-12-06T21:04:53Z" level=info msg="request finished" blobGasUsed=0 blockHash=0x4b464f8e5f1f0b3cecee5791a45ca49a1853e4c5c7122d6f9322bb512aff0523 builderIsHighPrio=false builderPubkey=0xaa1488eae4b06a1fff840a2b6db167afc520758dc2c8af0dfb57037954df3431b747e2f900fe8805f05d635e9a29717b cancellationEnabled=false contentLength=6058 excessBlobGas=0 fastTrackValidation=false headSlot=91 isLargeRequest=false method=submitNewBlock newBidIsTopBid=true numBlobs=0 numTx=17 parentHash=0x703d363afa4b05304d79949db52fcd4e3bd238198c1b9b2613aaea730bf48fa1 payloadBytes=6058 prevTopBidValue=0 profileRedisSavePayloadUs=10 profileRedisUpdateFloorUs=152 profileRedisUpdateTopBidUs=236 proposerPubkey=0xa1d9840eda3036fbf63eeea40146e4548553e6e1b2a653ab349b376f31b367c40d71fb59ff8e94b91daa99c262ec8b52 reqContentType=json reqIsGzip=false requestDurationMs=18 service=relay/api slot=92 timestampAfterBidUpdate=1733519093620 timestampAfterCheckingFloorBid=1733519093613 timestampAfterCheckingTopBid=1733519093613 timestampAfterDecoding=1733519093609 timestampAfterSignatureCheck=1733519093612 timestampAfterValidation=1733519093618 timestampBeforeCheckingFloorBid=1733519093612 timestampBeforeCheckingTopBid=1733519093613 timestampBeforeSignatureCheck=1733519093609 timestampBeforeValidation=1733519093613 timestampEligibleAt=1733519093620 timestampRequestFin=1733519093627 timestampRequestStart=1733519093608 topBidValue=505509235791000 validationDurationMs=5 value=505509235791000 version=6fc57d1-dev wasBidSavedInRedis=true wasTopBidUpdated=true
time="2024-12-06T21:04:53Z" level=info msg="http: POST /relay/v1/builder/blocks 200" duration=0.018689 method=POST path=/relay/v1/builder/blocks service=relay/api status=200 version=6fc57d1-dev
time="2024-12-06T21:04:54Z" level=info msg="execution payload delivered" blobGasUsed=0 blockHash=0x703d363afa4b05304d79949db52fcd4e3bd238198c1b9b2613aaea730bf48fa1 blockNumber=91 contentLength=3484 excessBlobGas=0 feeRecipient=0x8943545177806ED17B9F23F0a21ee5948eCaa776 headSlot=90 headSlotEpochPos=27 idArg= method=getPayload mevBoostV=v1.8.1 msIntoSlot=46 numBlobs=0 numTx=87 proposerIndex=91 proposerPubkey=0x8548d74ab33e8dd285e72b1ea3c15eb08b66d555493bcf39aa4355af06ccf0f4469e09f110544dc04b1f3d0e7880ac1d service=relay/api slot=91 slotEpochPos=28 slotStartSec=1733519093 timestampAfterAlreadyDeliveredCheck=1733519093056 timestampAfterDecode=1733519093046 timestampAfterLoadResponse=1733519093055 timestampAfterPublishing=1733519093093 timestampAfterSignatureVerify=1733519093050 timestampBeforePublishing=1733519093056 timestampRequestStart=1733519093046 ua="mev-boost/v1.8.1 Lighthouse/v5.3.0-2e0eb6d" version=6fc57d1-dev
time="2024-12-06T21:04:54Z" level=info msg="failed to get bidTrace for delivered payload from redis" blobGasUsed=0 blockHash=0x703d363afa4b05304d79949db52fcd4e3bd238198c1b9b2613aaea730bf48fa1 blockNumber=91 contentLength=3484 error="redis: nil" excessBlobGas=0 feeRecipient=0x8943545177806ED17B9F23F0a21ee5948eCaa776 headSlot=90 headSlotEpochPos=27 idArg= method=getPayload mevBoostV=v1.8.1 msIntoSlot=46 numBlobs=0 numTx=87 proposerIndex=91 proposerPubkey=0x8548d74ab33e8dd285e72b1ea3c15eb08b66d555493bcf39aa4355af06ccf0f4469e09f110544dc04b1f3d0e7880ac1d service=relay/api slot=91 slotEpochPos=28 slotStartSec=1733519093 timestampAfterAlreadyDeliveredCheck=1733519093056 timestampAfterDecode=1733519093046 timestampAfterLoadResponse=1733519093055 timestampAfterPublishing=1733519093093 timestampAfterSignatureVerify=1733519093050 timestampBeforePublishing=1733519093056 timestampRequestStart=1733519093046 ua="mev-boost/v1.8.1 Lighthouse/v5.3.0-2e0eb6d" version=6fc57d1-dev
time="2024-12-06T21:04:54Z" level=info msg="request finished" blobGasUsed=0 blockHash=0x703d363afa4b05304d79949db52fcd4e3bd238198c1b9b2613aaea730bf48fa1 blockNumber=91 contentLength=3484 excessBlobGas=0 feeRecipient=0x8943545177806ED17B9F23F0a21ee5948eCaa776 headSlot=90 headSlotEpochPos=27 idArg= method=getPayload mevBoostV=v1.8.1 msIntoSlot=46 numBlobs=0 numTx=87 proposerIndex=91 proposerPubkey=0x8548d74ab33e8dd285e72b1ea3c15eb08b66d555493bcf39aa4355af06ccf0f4469e09f110544dc04b1f3d0e7880ac1d requestDurationMs=1049 service=relay/api slot=91 slotEpochPos=28 slotStartSec=1733519093 timestampAfterAlreadyDeliveredCheck=1733519093056 timestampAfterDecode=1733519093046 timestampAfterLoadResponse=1733519093055 timestampAfterPublishing=1733519093093 timestampAfterSignatureVerify=1733519093050 timestampBeforePublishing=1733519093056 timestampRequestFin=1733519094095 timestampRequestStart=1733519093046 ua="mev-boost/v1.8.1 Lighthouse/v5.3.0-2e0eb6d" version=6fc57d1-dev
time="2024-12-06T21:04:54Z" level=info msg="http: POST /eth/v1/builder/blinded_blocks 200" duration=1.049460 method=POST path=/eth/v1/builder/blinded_blocks service=relay/api status=200 version=6fc57d1-dev
time="2024-12-06T21:04:54Z" level=info msg="finished publish block request" beaconPublishURI="http://172.16.4.15:4000" beaconURI="http://172.16.4.15:4000" component=beaconInstance encodeDurationMs=1 payloadBytes=24531 publishContentType=json publishDurationMs=1072 service=relay/api slot=91 version=6fc57d1-dev
time="2024-12-06T21:04:55Z" level=info msg="payload attributes received for slot: 93" service=relay/api version=6fc57d1-dev
time="2024-12-06T21:04:55Z" level=info msg="updated payload attributes" headSlot=91 payloadAttrParent=0x703d363afa4b05304d79949db52fcd4e3bd238198c1b9b2613aaea730bf48fa1 payloadAttrSlot=93 randao=0x017d4045d273a5495449988a4d49b040384702b5d1079c2dddb89dd3be925b6a service=relay/api timestamp=1733519097 version=6fc57d1-dev withdrawalsRoot=0x792930bbd5baac43bcc798ee49aa8185ef76bb3b44ba62b91d86ae569e4bb535
time="2024-12-06T21:04:55Z" level=debug msg="getHeader request received" headSlot=91 method=getHeader mevBoostV=v1.8.1 msIntoSlot=6 parentHash=0x703d363afa4b05304d79949db52fcd4e3bd238198c1b9b2613aaea730bf48fa1 pubkey=0xa1d9840eda3036fbf63eeea40146e4548553e6e1b2a653ab349b376f31b367c40d71fb59ff8e94b91daa99c262ec8b52 requestTimestamp=1733519095 service=relay/api slot=92 slotStartSec=1733519095 ua="mev-boost/v1.8.1 Lighthouse/v5.3.0-2e0eb6d" version=6fc57d1-dev
time="2024-12-06T21:04:55Z" level=debug msg="getPayload response from redis" datastoreMethod=GetGetPayloadResponse headSlot=91 method=getHeader mevBoostV=v1.8.1 msIntoSlot=6 parentHash=0x703d363afa4b05304d79949db52fcd4e3bd238198c1b9b2613aaea730bf48fa1 pubkey=0xa1d9840eda3036fbf63eeea40146e4548553e6e1b2a653ab349b376f31b367c40d71fb59ff8e94b91daa99c262ec8b52 requestTimestamp=1733519095 service=relay/api slot=92 slotStartSec=1733519095 ua="mev-boost/v1.8.1 Lighthouse/v5.3.0-2e0eb6d" version=6fc57d1-dev
time="2024-12-06T21:04:55Z" level=info msg="parent beacon root found in payload attributes" service=relay/api version=6fc57d1-dev
time="2024-12-06T21:04:55Z" level=error msg="failed to enrich bid with PROF" error="failed to receive enrich block response: rpc error: code = Internal desc = Error retrieving PROF bundle: no bundles available for processing" headSlot=91 method=getHeader mevBoostV=v1.8.1 msIntoSlot=6 parentHash=0x703d363afa4b05304d79949db52fcd4e3bd238198c1b9b2613aaea730bf48fa1 pubkey=0xa1d9840eda3036fbf63eeea40146e4548553e6e1b2a653ab349b376f31b367c40d71fb59ff8e94b91daa99c262ec8b52 requestTimestamp=1733519095 service=relay/api slot=92 slotStartSec=1733519095 ua="mev-boost/v1.8.1 Lighthouse/v5.3.0-2e0eb6d" version=6fc57d1-dev
time="2024-12-06T21:04:55Z" level=info msg="http: GET /eth/v1/builder/header/92/0x703d363afa4b05304d79949db52fcd4e3bd238198c1b9b2613aaea730bf48fa1/0xa1d9840eda3036fbf63eeea40146e4548553e6e1b2a653ab349b376f31b367c40d71fb59ff8e94b91daa99c262ec8b52 500" duration=0.001632 method=GET path=/eth/v1/builder/header/92/0x703d363afa4b05304d79949db52fcd4e3bd238198c1b9b2613aaea730bf48fa1/0xa1d9840eda3036fbf63eeea40146e4548553e6e1b2a653ab349b376f31b367c40d71fb59ff8e94b91daa99c262ec8b52 service=relay/api status=500 version=6fc57d1-dev
time="2024-12-06T21:04:55Z" level=info msg="updated headSlot to 92" epoch=2 service=relay/api slotHead=92 slotStartNextEpoch=96 version=6fc57d1-dev
time="2024-12-06T21:04:55Z" level=debug msg="RefreshKnownValidators init" datastoreMethod=RefreshKnownValidators headSlot=92 headSlotPos=29 lastUpdateSlot=83 service=relay/api version=6fc57d1-dev
time="2024-12-06T21:04:55Z" level=debug msg="Updating builder cache with 1 builders from database" service=relay/api version=6fc57d1-dev
time="2024-12-06T21:04:55Z" level=info msg="payload attributes received for slot: 93" service=relay/api version=6fc57d1-dev
time="2024-12-06T21:04:55Z" level=info msg="updated payload attributes" headSlot=92 payloadAttrParent=0xa9f7ce779e9b69e7cfd1470a5882ae462af911f7fe43fa517d6251707f2071fe payloadAttrSlot=93 randao=0xf31d7c20dd62304f3f68c816acc794e2679a1bd63b4f55b3b1e6ede0e138cdd8 service=relay/api timestamp=1733519097 version=6fc57d1-dev withdrawalsRoot=0x792930bbd5baac43bcc798ee49aa8185ef76bb3b44ba62b91d86ae569e4bb535
time="2024-12-06T21:04:55Z" level=info msg="request initiated" cancellationEnabled=false contentLength=2108 headSlot=92 method=submitNewBlock service=relay/api timestampRequestStart=1733519095619 version=6fc57d1-dev
time="2024-12-06T21:04:55Z" level=info msg="submitNewBlock failed: block with 0 value or no txs" blobGasUsed=0 blockHash=0x27f051d98efa4b7e07842b20da18114d821107a495e69521e97a40c624ac8148 builderIsHighPrio=false builderPubkey=0xaa1488eae4b06a1fff840a2b6db167afc520758dc2c8af0dfb57037954df3431b747e2f900fe8805f05d635e9a29717b cancellationEnabled=false contentLength=2108 excessBlobGas=0 headSlot=92 isLargeRequest=false method=submitNewBlock numBlobs=0 numTx=0 parentHash=0xa9f7ce779e9b69e7cfd1470a5882ae462af911f7fe43fa517d6251707f2071fe payloadBytes=2108 proposerPubkey=0xb1f2588848bded71a0ad83d124b5ff2d1ab964068e4eab97edc678eddc9aaa6175b51f561c4ec96c818ad5f6c59aa936 reqContentType=json reqIsGzip=false service=relay/api slot=93 timestampAfterDecoding=1733519095619 timestampRequestStart=1733519095619 value=0 version=6fc57d1-dev
time="2024-12-06T21:04:55Z" level=info msg="request finished" blobGasUsed=0 blockHash=0x27f051d98efa4b7e07842b20da18114d821107a495e69521e97a40c624ac8148 builderIsHighPrio=false builderPubkey=0xaa1488eae4b06a1fff840a2b6db167afc520758dc2c8af0dfb57037954df3431b747e2f900fe8805f05d635e9a29717b cancellationEnabled=false contentLength=2108 excessBlobGas=0 headSlot=92 isLargeRequest=false method=submitNewBlock numBlobs=0 numTx=0 parentHash=0xa9f7ce779e9b69e7cfd1470a5882ae462af911f7fe43fa517d6251707f2071fe payloadBytes=2108 proposerPubkey=0xb1f2588848bded71a0ad83d124b5ff2d1ab964068e4eab97edc678eddc9aaa6175b51f561c4ec96c818ad5f6c59aa936 reqContentType=json reqIsGzip=false requestDurationMs=0 service=relay/api slot=93 timestampAfterDecoding=1733519095619 timestampRequestFin=1733519095619 timestampRequestStart=1733519095619 value=0 version=6fc57d1-dev
time="2024-12-06T21:04:55Z" level=info msg="http: POST /relay/v1/builder/blocks 200" duration=0.000244 method=POST path=/relay/v1/builder/blocks service=relay/api status=200 version=6fc57d1-dev
time="2024-12-06T21:04:56Z" level=info msg="request initiated" cancellationEnabled=false contentLength=6888 headSlot=92 method=submitNewBlock service=relay/api timestampRequestStart=1733519096121 version=6fc57d1-dev
time="2024-12-06T21:04:56Z" level=info msg="block validation successful" blobGasUsed=0 blockHash=0x72c8fc78d4a2dc9453172f6cebc5c9f8e5a6b4f55f5881defe450606fe26a16d builderIsHighPrio=false builderPubkey=0xaa1488eae4b06a1fff840a2b6db167afc520758dc2c8af0dfb57037954df3431b747e2f900fe8805f05d635e9a29717b cancellationEnabled=false contentLength=6888 durationMs=3 excessBlobGas=0 fastTrackValidation=false headSlot=92 isLargeRequest=false method=submitNewBlock newBidIsTopBid=true numBlobs=0 numTx=11 numWaiting=0 parentHash=0xa9f7ce779e9b69e7cfd1470a5882ae462af911f7fe43fa517d6251707f2071fe payloadBytes=6888 proposerPubkey=0xb1f2588848bded71a0ad83d124b5ff2d1ab964068e4eab97edc678eddc9aaa6175b51f561c4ec96c818ad5f6c59aa936 reqContentType=json reqIsGzip=false service=relay/api slot=93 timestampAfterCheckingFloorBid=1733519096123 timestampAfterCheckingTopBid=1733519096123 timestampAfterDecoding=1733519096121 timestampAfterSignatureCheck=1733519096123 timestampBeforeCheckingFloorBid=1733519096123 timestampBeforeCheckingTopBid=1733519096123 timestampBeforeSignatureCheck=1733519096121 timestampBeforeValidation=1733519096123 timestampRequestStart=1733519096121 topBidValue=0 value=771456265218344 version=6fc57d1-dev
time="2024-12-06T21:04:56Z" level=info msg="received block from builder" blobGasUsed=0 blockHash=0x72c8fc78d4a2dc9453172f6cebc5c9f8e5a6b4f55f5881defe450606fe26a16d builderIsHighPrio=false builderPubkey=0xaa1488eae4b06a1fff840a2b6db167afc520758dc2c8af0dfb57037954df3431b747e2f900fe8805f05d635e9a29717b cancellationEnabled=false contentLength=6888 excessBlobGas=0 fastTrackValidation=false headSlot=92 isLargeRequest=false method=submitNewBlock newBidIsTopBid=true numBlobs=0 numTx=11 parentHash=0xa9f7ce779e9b69e7cfd1470a5882ae462af911f7fe43fa517d6251707f2071fe payloadBytes=6888 prevTopBidValue=0 profileDecodeUs=328 profilePrechecksUs=2185 profileRedisSavePayloadUs=22 profileRedisUpdateFloorUs=75 profileRedisUpdateTopBidUs=172 profileRedisUs=1316 profileSimUs=3194 profileTotalUs=7099 proposerPubkey=0xb1f2588848bded71a0ad83d124b5ff2d1ab964068e4eab97edc678eddc9aaa6175b51f561c4ec96c818ad5f6c59aa936 reqContentType=json reqIsGzip=false service=relay/api slot=93 timestampAfterBidUpdate=1733519096128 timestampAfterCheckingFloorBid=1733519096123 timestampAfterCheckingTopBid=1733519096123 timestampAfterDecoding=1733519096121 timestampAfterSignatureCheck=1733519096123 timestampAfterValidation=1733519096126 timestampBeforeCheckingFloorBid=1733519096123 timestampBeforeCheckingTopBid=1733519096123 timestampBeforeSignatureCheck=1733519096121 timestampBeforeValidation=1733519096123 timestampEligibleAt=1733519096128 timestampRequestStart=1733519096121 topBidValue=771456265218344 validationDurationMs=3 value=771456265218344 version=6fc57d1-dev wasBidSavedInRedis=true wasTopBidUpdated=true
time="2024-12-06T21:04:56Z" level=info msg="request finished" blobGasUsed=0 blockHash=0x72c8fc78d4a2dc9453172f6cebc5c9f8e5a6b4f55f5881defe450606fe26a16d builderIsHighPrio=false builderPubkey=0xaa1488eae4b06a1fff840a2b6db167afc520758dc2c8af0dfb57037954df3431b747e2f900fe8805f05d635e9a29717b cancellationEnabled=false contentLength=6888 excessBlobGas=0 fastTrackValidation=false headSlot=92 isLargeRequest=false method=submitNewBlock newBidIsTopBid=true numBlobs=0 numTx=11 parentHash=0xa9f7ce779e9b69e7cfd1470a5882ae462af911f7fe43fa517d6251707f2071fe payloadBytes=6888 prevTopBidValue=0 profileRedisSavePayloadUs=22 profileRedisUpdateFloorUs=75 profileRedisUpdateTopBidUs=172 proposerPubkey=0xb1f2588848bded71a0ad83d124b5ff2d1ab964068e4eab97edc678eddc9aaa6175b51f561c4ec96c818ad5f6c59aa936 reqContentType=json reqIsGzip=false requestDurationMs=10 service=relay/api slot=93 timestampAfterBidUpdate=1733519096128 timestampAfterCheckingFloorBid=1733519096123 timestampAfterCheckingTopBid=1733519096123 timestampAfterDecoding=1733519096121 timestampAfterSignatureCheck=1733519096123 timestampAfterValidation=1733519096126 timestampBeforeCheckingFloorBid=1733519096123 timestampBeforeCheckingTopBid=1733519096123 timestampBeforeSignatureCheck=1733519096121 timestampBeforeValidation=1733519096123 timestampEligibleAt=1733519096128 timestampRequestFin=1733519096131 timestampRequestStart=1733519096121 topBidValue=771456265218344 validationDurationMs=3 value=771456265218344 version=6fc57d1-dev wasBidSavedInRedis=true wasTopBidUpdated=true
time="2024-12-06T21:04:56Z" level=info msg="http: POST /relay/v1/builder/blocks 200" duration=0.010919 method=POST path=/relay/v1/builder/blocks service=relay/api status=200 version=6fc57d1-dev
time="2024-12-06T21:04:56Z" level=info msg="request initiated" cancellationEnabled=false contentLength=47977 headSlot=92 method=submitNewBlock service=relay/api timestampRequestStart=1733519096626 version=6fc57d1-dev
time="2024-12-06T21:04:56Z" level=info msg="block validation successful" blobGasUsed=0 blockHash=0x8c5ad7f686c8dd2b9294dd32896d209b4664b91749d2fa22ef826f4d3c1e9aff builderIsHighPrio=false builderPubkey=0xaa1488eae4b06a1fff840a2b6db167afc520758dc2c8af0dfb57037954df3431b747e2f900fe8805f05d635e9a29717b cancellationEnabled=false contentLength=47977 durationMs=18 excessBlobGas=0 fastTrackValidation=false headSlot=92 isLargeRequest=false method=submitNewBlock newBidIsTopBid=true numBlobs=0 numTx=101 numWaiting=0 parentHash=0xa9f7ce779e9b69e7cfd1470a5882ae462af911f7fe43fa517d6251707f2071fe payloadBytes=47977 proposerPubkey=0xb1f2588848bded71a0ad83d124b5ff2d1ab964068e4eab97edc678eddc9aaa6175b51f561c4ec96c818ad5f6c59aa936 reqContentType=json reqIsGzip=false service=relay/api slot=93 timestampAfterCheckingFloorBid=1733519096631 timestampAfterCheckingTopBid=1733519096631 timestampAfterDecoding=1733519096628 timestampAfterSignatureCheck=1733519096631 timestampBeforeCheckingFloorBid=1733519096631 timestampBeforeCheckingTopBid=1733519096631 timestampBeforeSignatureCheck=1733519096628 timestampBeforeValidation=1733519096631 timestampRequestStart=1733519096626 topBidValue=771456265218344 value=7435540579123845 version=6fc57d1-dev
time="2024-12-06T21:04:56Z" level=info msg="received block from builder" blobGasUsed=0 blockHash=0x8c5ad7f686c8dd2b9294dd32896d209b4664b91749d2fa22ef826f4d3c1e9aff builderIsHighPrio=false builderPubkey=0xaa1488eae4b06a1fff840a2b6db167afc520758dc2c8af0dfb57037954df3431b747e2f900fe8805f05d635e9a29717b cancellationEnabled=false contentLength=47977 excessBlobGas=0 fastTrackValidation=false headSlot=92 isLargeRequest=false method=submitNewBlock newBidIsTopBid=true numBlobs=0 numTx=101 parentHash=0xa9f7ce779e9b69e7cfd1470a5882ae462af911f7fe43fa517d6251707f2071fe payloadBytes=47977 prevTopBidValue=771456265218344 profileDecodeUs=1440 profilePrechecksUs=3331 profileRedisSavePayloadUs=29 profileRedisUpdateFloorUs=121 profileRedisUpdateTopBidUs=451 profileRedisUs=2620 profileSimUs=18736 profileTotalUs=26283 proposerPubkey=0xb1f2588848bded71a0ad83d124b5ff2d1ab964068e4eab97edc678eddc9aaa6175b51f561c4ec96c818ad5f6c59aa936 reqContentType=json reqIsGzip=false service=relay/api slot=93 timestampAfterBidUpdate=1733519096652 timestampAfterCheckingFloorBid=1733519096631 timestampAfterCheckingTopBid=1733519096631 timestampAfterDecoding=1733519096628 timestampAfterSignatureCheck=1733519096631 timestampAfterValidation=1733519096650 timestampBeforeCheckingFloorBid=1733519096631 timestampBeforeCheckingTopBid=1733519096631 timestampBeforeSignatureCheck=1733519096628 timestampBeforeValidation=1733519096631 timestampEligibleAt=1733519096652 timestampRequestStart=1733519096626 topBidValue=7435540579123845 validationDurationMs=18 value=7435540579123845 version=6fc57d1-dev wasBidSavedInRedis=true wasTopBidUpdated=true
time="2024-12-06T21:04:56Z" level=info msg="request finished" blobGasUsed=0 blockHash=0x8c5ad7f686c8dd2b9294dd32896d209b4664b91749d2fa22ef826f4d3c1e9aff builderIsHighPrio=false builderPubkey=0xaa1488eae4b06a1fff840a2b6db167afc520758dc2c8af0dfb57037954df3431b747e2f900fe8805f05d635e9a29717b cancellationEnabled=false contentLength=47977 excessBlobGas=0 fastTrackValidation=false headSlot=92 isLargeRequest=false method=submitNewBlock newBidIsTopBid=true numBlobs=0 numTx=101 parentHash=0xa9f7ce779e9b69e7cfd1470a5882ae462af911f7fe43fa517d6251707f2071fe payloadBytes=47977 prevTopBidValue=771456265218344 profileRedisSavePayloadUs=29 profileRedisUpdateFloorUs=121 profileRedisUpdateTopBidUs=451 proposerPubkey=0xb1f2588848bded71a0ad83d124b5ff2d1ab964068e4eab97edc678eddc9aaa6175b51f561c4ec96c818ad5f6c59aa936 reqContentType=json reqIsGzip=false requestDurationMs=32 service=relay/api slot=93 timestampAfterBidUpdate=1733519096652 timestampAfterCheckingFloorBid=1733519096631 timestampAfterCheckingTopBid=1733519096631 timestampAfterDecoding=1733519096628 timestampAfterSignatureCheck=1733519096631 timestampAfterValidation=1733519096650 timestampBeforeCheckingFloorBid=1733519096631 timestampBeforeCheckingTopBid=1733519096631 timestampBeforeSignatureCheck=1733519096628 timestampBeforeValidation=1733519096631 timestampEligibleAt=1733519096652 timestampRequestFin=1733519096659 timestampRequestStart=1733519096626 topBidValue=7435540579123845 validationDurationMs=18 value=7435540579123845 version=6fc57d1-dev wasBidSavedInRedis=true wasTopBidUpdated=true
time="2024-12-06T21:04:56Z" level=info msg="http: POST /relay/v1/builder/blocks 200" duration=0.032735 method=POST path=/relay/v1/builder/blocks service=relay/api status=200 version=6fc57d1-dev
time="2024-12-06T21:04:57Z" level=info msg="payload attributes received for slot: 94" service=relay/api version=6fc57d1-dev
time="2024-12-06T21:04:57Z" level=info msg="updated payload attributes" headSlot=92 payloadAttrParent=0xa9f7ce779e9b69e7cfd1470a5882ae462af911f7fe43fa517d6251707f2071fe payloadAttrSlot=94 randao=0xf31d7c20dd62304f3f68c816acc794e2679a1bd63b4f55b3b1e6ede0e138cdd8 service=relay/api timestamp=1733519099 version=6fc57d1-dev withdrawalsRoot=0x792930bbd5baac43bcc798ee49aa8185ef76bb3b44ba62b91d86ae569e4bb535
time="2024-12-06T21:04:57Z" level=debug msg="getHeader request received" headSlot=92 method=getHeader mevBoostV=v1.8.1 msIntoSlot=3 parentHash=0xa9f7ce779e9b69e7cfd1470a5882ae462af911f7fe43fa517d6251707f2071fe pubkey=0xb1f2588848bded71a0ad83d124b5ff2d1ab964068e4eab97edc678eddc9aaa6175b51f561c4ec96c818ad5f6c59aa936 requestTimestamp=1733519097 service=relay/api slot=93 slotStartSec=1733519097 ua="mev-boost/v1.8.1 Lighthouse/v5.3.0-2e0eb6d" version=6fc57d1-dev
time="2024-12-06T21:04:57Z" level=debug msg="getPayload response from redis" datastoreMethod=GetGetPayloadResponse headSlot=92 method=getHeader mevBoostV=v1.8.1 msIntoSlot=3 parentHash=0xa9f7ce779e9b69e7cfd1470a5882ae462af911f7fe43fa517d6251707f2071fe pubkey=0xb1f2588848bded71a0ad83d124b5ff2d1ab964068e4eab97edc678eddc9aaa6175b51f561c4ec96c818ad5f6c59aa936 requestTimestamp=1733519097 service=relay/api slot=93 slotStartSec=1733519097 ua="mev-boost/v1.8.1 Lighthouse/v5.3.0-2e0eb6d" version=6fc57d1-dev
time="2024-12-06T21:04:57Z" level=info msg="parent beacon root found in payload attributes" service=relay/api version=6fc57d1-dev
time="2024-12-06T21:04:57Z" level=error msg="failed to enrich bid with PROF" error="failed to receive enrich block response: rpc error: code = Internal desc = Error retrieving PROF bundle: no bundles available for processing" headSlot=92 method=getHeader mevBoostV=v1.8.1 msIntoSlot=3 parentHash=0xa9f7ce779e9b69e7cfd1470a5882ae462af911f7fe43fa517d6251707f2071fe pubkey=0xb1f2588848bded71a0ad83d124b5ff2d1ab964068e4eab97edc678eddc9aaa6175b51f561c4ec96c818ad5f6c59aa936 requestTimestamp=1733519097 service=relay/api slot=93 slotStartSec=1733519097 ua="mev-boost/v1.8.1 Lighthouse/v5.3.0-2e0eb6d" version=6fc57d1-dev
time="2024-12-06T21:04:57Z" level=info msg="http: GET /eth/v1/builder/header/93/0xa9f7ce779e9b69e7cfd1470a5882ae462af911f7fe43fa517d6251707f2071fe/0xb1f2588848bded71a0ad83d124b5ff2d1ab964068e4eab97edc678eddc9aaa6175b51f561c4ec96c818ad5f6c59aa936 500" duration=0.001259 method=GET path=/eth/v1/builder/header/93/0xa9f7ce779e9b69e7cfd1470a5882ae462af911f7fe43fa517d6251707f2071fe/0xb1f2588848bded71a0ad83d124b5ff2d1ab964068e4eab97edc678eddc9aaa6175b51f561c4ec96c818ad5f6c59aa936 service=relay/api status=500 version=6fc57d1-dev
time="2024-12-06T21:04:57Z" level=info msg="updated headSlot to 93" epoch=2 service=relay/api slotHead=93 slotStartNextEpoch=96 version=6fc57d1-dev
time="2024-12-06T21:04:57Z" level=debug msg="RefreshKnownValidators init" datastoreMethod=RefreshKnownValidators headSlot=93 headSlotPos=30 lastUpdateSlot=83 service=relay/api version=6fc57d1-dev
time="2024-12-06T21:04:57Z" level=debug msg="Updating builder cache with 1 builders from database" service=relay/api version=6fc57d1-dev
time="2024-12-06T21:04:57Z" level=info msg="payload attributes received for slot: 94" service=relay/api version=6fc57d1-dev
time="2024-12-06T21:04:57Z" level=info msg="updated payload attributes" headSlot=93 payloadAttrParent=0xe5ac1475393d5cb2793b4f672d04d8094e1d9971e0cf9fdf3be6fac6314a6a1f payloadAttrSlot=94 randao=0x31d6c7ecd7eac6e6fea9596d0f0645b30b80e7343ef1e564d48546d25b83a0df service=relay/api timestamp=1733519099 version=6fc57d1-dev withdrawalsRoot=0x792930bbd5baac43bcc798ee49aa8185ef76bb3b44ba62b91d86ae569e4bb535
time="2024-12-06T21:04:57Z" level=info msg="request initiated" cancellationEnabled=false contentLength=18793 headSlot=93 method=submitNewBlock service=relay/api timestampRequestStart=1733519097578 version=6fc57d1-dev
time="2024-12-06T21:04:57Z" level=info msg="block validation successful" blobGasUsed=0 blockHash=0xb779b2d13ccc4578ec6ed5852f9f02b29c4abd762690539d032d9354bd9f3cb4 builderIsHighPrio=false builderPubkey=0xaa1488eae4b06a1fff840a2b6db167afc520758dc2c8af0dfb57037954df3431b747e2f900fe8805f05d635e9a29717b cancellationEnabled=false contentLength=18793 durationMs=6 excessBlobGas=0 fastTrackValidation=false headSlot=93 isLargeRequest=false method=submitNewBlock newBidIsTopBid=true numBlobs=0 numTx=37 numWaiting=0 parentHash=0xe5ac1475393d5cb2793b4f672d04d8094e1d9971e0cf9fdf3be6fac6314a6a1f payloadBytes=18793 proposerPubkey=0xaee3fbc60f939c125877a4f4529517edcf114fdb83715f9f4041eccebb91323ce8c4784ff87815c38752517b3d2e2725 reqContentType=json reqIsGzip=false service=relay/api slot=94 timestampAfterCheckingFloorBid=1733519097581 timestampAfterCheckingTopBid=1733519097581 timestampAfterDecoding=1733519097579 timestampAfterSignatureCheck=1733519097580 timestampBeforeCheckingFloorBid=1733519097580 timestampBeforeCheckingTopBid=1733519097581 timestampBeforeSignatureCheck=1733519097579 timestampBeforeValidation=1733519097581 timestampRequestStart=1733519097578 topBidValue=0 value=2735563467655609 version=6fc57d1-dev
time="2024-12-06T21:04:57Z" level=info msg="received block from builder" blobGasUsed=0 blockHash=0xb779b2d13ccc4578ec6ed5852f9f02b29c4abd762690539d032d9354bd9f3cb4 builderIsHighPrio=false builderPubkey=0xaa1488eae4b06a1fff840a2b6db167afc520758dc2c8af0dfb57037954df3431b747e2f900fe8805f05d635e9a29717b cancellationEnabled=false contentLength=18793 excessBlobGas=0 fastTrackValidation=false headSlot=93 isLargeRequest=false method=submitNewBlock newBidIsTopBid=true numBlobs=0 numTx=37 parentHash=0xe5ac1475393d5cb2793b4f672d04d8094e1d9971e0cf9fdf3be6fac6314a6a1f payloadBytes=18793 prevTopBidValue=0 profileDecodeUs=605 profilePrechecksUs=1784 profileRedisSavePayloadUs=13 profileRedisUpdateFloorUs=117 profileRedisUpdateTopBidUs=222 profileRedisUs=1987 profileSimUs=6719 profileTotalUs=11199 proposerPubkey=0xaee3fbc60f939c125877a4f4529517edcf114fdb83715f9f4041eccebb91323ce8c4784ff87815c38752517b3d2e2725 reqContentType=json reqIsGzip=false service=relay/api slot=94 timestampAfterBidUpdate=1733519097589 timestampAfterCheckingFloorBid=1733519097581 timestampAfterCheckingTopBid=1733519097581 timestampAfterDecoding=1733519097579 timestampAfterSignatureCheck=1733519097580 timestampAfterValidation=1733519097587 timestampBeforeCheckingFloorBid=1733519097580 timestampBeforeCheckingTopBid=1733519097581 timestampBeforeSignatureCheck=1733519097579 timestampBeforeValidation=1733519097581 timestampEligibleAt=1733519097589 timestampRequestStart=1733519097578 topBidValue=2735563467655609 validationDurationMs=6 value=2735563467655609 version=6fc57d1-dev wasBidSavedInRedis=true wasTopBidUpdated=true
time="2024-12-06T21:04:57Z" level=info msg="request finished" blobGasUsed=0 blockHash=0xb779b2d13ccc4578ec6ed5852f9f02b29c4abd762690539d032d9354bd9f3cb4 builderIsHighPrio=false builderPubkey=0xaa1488eae4b06a1fff840a2b6db167afc520758dc2c8af0dfb57037954df3431b747e2f900fe8805f05d635e9a29717b cancellationEnabled=false contentLength=18793 excessBlobGas=0 fastTrackValidation=false headSlot=93 isLargeRequest=false method=submitNewBlock newBidIsTopBid=true numBlobs=0 numTx=37 parentHash=0xe5ac1475393d5cb2793b4f672d04d8094e1d9971e0cf9fdf3be6fac6314a6a1f payloadBytes=18793 prevTopBidValue=0 profileRedisSavePayloadUs=13 profileRedisUpdateFloorUs=117 profileRedisUpdateTopBidUs=222 proposerPubkey=0xaee3fbc60f939c125877a4f4529517edcf114fdb83715f9f4041eccebb91323ce8c4784ff87815c38752517b3d2e2725 reqContentType=json reqIsGzip=false requestDurationMs=19 service=relay/api slot=94 timestampAfterBidUpdate=1733519097589 timestampAfterCheckingFloorBid=1733519097581 timestampAfterCheckingTopBid=1733519097581 timestampAfterDecoding=1733519097579 timestampAfterSignatureCheck=1733519097580 timestampAfterValidation=1733519097587 timestampBeforeCheckingFloorBid=1733519097580 timestampBeforeCheckingTopBid=1733519097581 timestampBeforeSignatureCheck=1733519097579 timestampBeforeValidation=1733519097581 timestampEligibleAt=1733519097589 timestampRequestFin=1733519097597 timestampRequestStart=1733519097578 topBidValue=2735563467655609 validationDurationMs=6 value=2735563467655609 version=6fc57d1-dev wasBidSavedInRedis=true wasTopBidUpdated=true
time="2024-12-06T21:04:57Z" level=info msg="http: POST /relay/v1/builder/blocks 200" duration=0.019365 method=POST path=/relay/v1/builder/blocks service=relay/api status=200 version=6fc57d1-dev
time="2024-12-06T21:04:59Z" level=info msg="payload attributes received for slot: 95" service=relay/api version=6fc57d1-dev
time="2024-12-06T21:04:59Z" level=info msg="updated payload attributes" headSlot=93 payloadAttrParent=0xe5ac1475393d5cb2793b4f672d04d8094e1d9971e0cf9fdf3be6fac6314a6a1f payloadAttrSlot=95 randao=0x31d6c7ecd7eac6e6fea9596d0f0645b30b80e7343ef1e564d48546d25b83a0df service=relay/api timestamp=1733519101 version=6fc57d1-dev withdrawalsRoot=0x792930bbd5baac43bcc798ee49aa8185ef76bb3b44ba62b91d86ae569e4bb535
time="2024-12-06T21:04:59Z" level=debug msg="getHeader request received" headSlot=93 method=getHeader mevBoostV=v1.8.1 msIntoSlot=4 parentHash=0xe5ac1475393d5cb2793b4f672d04d8094e1d9971e0cf9fdf3be6fac6314a6a1f pubkey=0xaee3fbc60f939c125877a4f4529517edcf114fdb83715f9f4041eccebb91323ce8c4784ff87815c38752517b3d2e2725 requestTimestamp=1733519099 service=relay/api slot=94 slotStartSec=1733519099 ua="mev-boost/v1.8.1 Lighthouse/v5.3.0-2e0eb6d" version=6fc57d1-dev
time="2024-12-06T21:04:59Z" level=debug msg="getPayload response from redis" datastoreMethod=GetGetPayloadResponse headSlot=93 method=getHeader mevBoostV=v1.8.1 msIntoSlot=4 parentHash=0xe5ac1475393d5cb2793b4f672d04d8094e1d9971e0cf9fdf3be6fac6314a6a1f pubkey=0xaee3fbc60f939c125877a4f4529517edcf114fdb83715f9f4041eccebb91323ce8c4784ff87815c38752517b3d2e2725 requestTimestamp=1733519099 service=relay/api slot=94 slotStartSec=1733519099 ua="mev-boost/v1.8.1 Lighthouse/v5.3.0-2e0eb6d" version=6fc57d1-dev
time="2024-12-06T21:04:59Z" level=info msg="parent beacon root found in payload attributes" service=relay/api version=6fc57d1-dev
time="2024-12-06T21:04:59Z" level=info msg="enrich block response received / responseuuid:\"2318d8d3-4309-4123-8fb2-ddfd2fa451b2\" executionPayloadHeader:{ParentHash:\"\\xe5\\xac\\x14u9=\\\\\\xb2y;Og-\\x04\\xd8\\tN\\x1d\\x99q\\xe0ϟ\\xdf;\\xe6\\xfa\\xc61Jj\\x1f\" StateRoot:\"\\x01\\xc9=\\x96\\\"P\\xfa\\xdf,O\\x9f\\x84\\xaa\\xa9\\x07_\\x96+\uec408ͧ8Q\\xe1ߣQS\\xa9\" ReceiptsRoot:\"FY\\xe4F\\x03k=G\\xc3-v1\\x9eH\\x03\\xd6\\xd8e\\xe4\\xf5\\xb0\\xa6a\\xd7\\xe3M\\x14\\x93\\x83\\x0e\\xa0\\x8f\" LogsBloom:\"@ \\x00\\x00\\x00\\x00\\x00\\x00\\x00\\x00\\x00\\x00\\x80\\x00\\x00\\x00\\x00\\x00\\x00\\x00\\x00\\x01\\x00\\x00\\x00\\x00\\x00\\x00\\x00\\x00\\x00\\x00\\x00\\x00\\x00\\x00\\x00\\x02\\x80\\x00\\x00\\x00\\x00\\x00\\x00\\x00 \\x00\\x00\\x00\\x00\\x00\\x00\\x00\\x00\\x00\\x00\\x00\\x00\\x00 \\x00\\x00\\x00\\x00\\x00\\x00\\x00\\x00\\x00\\x00\\x00\\x00\\x00\\x00\\x08\\x00\\x00\\x00 \\x00\\x00\\x00\\x00\\x08\\x00\\x00\\x00\\x00\\x02\\x00\\x00\\x08\\x00\\x00\\x00\\x00\\x00\\x00\\x00\\x00 \\x00\\x00\\x00\\x00\\x00\\x00\\x10\\x00\\x00\\x00\\x00\\x00\\x00\\x00\\x00\\x00\\x00\\x00\\x00\\x00\\x00\\x10\\x00\\x00\\x00\\x00\\x00\\x00\\x00\\x00\\x00\\x00\\x00\\x00\\x00\\x10\\x00\\x00\\x00\\x00\\x00\\x00\\x00\\x00\\x00\\x00\\x00\\x00\\x00\\x08\\x00\\x00\\x00@\\x00\\x02\\x00\\x00\\x00\\x00\\x00\\x00\\x00\\x00\\x04\\x00\\x00\\x00\\x00\\x00\\x00\\x00\\x00@\\x00\\x00\\x00\\x00\\x00\\x00\\x00\\x02\\x00\\x00\\x00\\x00\\x00\\x00\\x00\\x00\\x00\\x00\\x10\\x02\\x00\\x00\\x00\\x00\\x00\\x00\\x00\\x00\\x00\\x00\\x00\\x00\\x00\\x00\\x00 \\x00\\x00\\x00\\x10\\x00\\x00\\x00\\x00\\x00\\x00\\x00\\x00\\x00\\x00\\x00\\x00\\x00\\x00\\x00\\x00\\x00\\x00\\x00\\x00\\x00\\x00\\x00\\x00\\x00\\x00\\x00\\x00\\x00\\x00\\x00\\x00\\x00\\x00\\x00\\x00\\x00\\x00\\x00\\x00\" PrevRandao:\"1\\xd6\\xc7\\xec\\xd7\\xea\\xc6\\xe6\\xfe\\xa9Ym\\x0f\\x06E\\xb3\\x0b\\x80\\xe74>\\xf1\\xe5dԅF\\xd2[\\x83\\xa0\\xdf\" ExtraData:\"Illuminate Dmocratize Dstribute\" BaseFeePerGas:\"+\\x94\" FeeRecipient:\"\\x89CTQw\\x80n\\xd1{\\x9f#\\xf0\\xa2\\x1e唎ʧv\" BlockHash:\"\\xb2\\xe9f\\x9a\\xc8j\\x1e\\xc4\\x06\\xfd\\xe3\\x011ȯt\\xd2zO\\xf1\\x7f\\xd4Ѻ\\x03'\\xf9?H\\xc9l>\" TransactionsRoot:\"\\xc6_z\\x07\\x01\\x9c\\xf77\\xce{A\\xb3\\xa0\\xca\\x0cO:\\xba\\xc6@OgW\\xad)ީ#\\xc7.\\xa7T\" WithdrawalsRoot:\"y)0\\xbbպ\\xacC\\xbcǘ\\xeeI\\xaa\\x81\\x85\\xefv\\xbb;D\\xbab\\xb9\\x1d\\x86\\xaeV\\x9eK\\xb55\" BlockNumber:94 GasLimit:27402180 Timestamp:1733519099 GasUsed:1946604} value:3272278467655609" service=relay/api version=6fc57d1-dev
time="2024-12-06T21:04:59Z" level=info msg="bid enriched with PROF" service=relay/api value=3272278467655609 version=6fc57d1-dev
time="2024-12-06T21:04:59Z" level=info msg="SUCCESS: bid enriched with PROF" enrichedHeader="{[229 172 20 117 57 61 92 178 121 59 79 103 45 4 216 9 78 29 153 113 224 207 159 223 59 230 250 198 49 74 106 31] [137 67 84 81 119 128 110 209 123 159 35 240 162 30 229 148 142 202 167 118] [1 201 61 150 34 80 250 223 44 79 159 132 170 169 7 95 150 43 238 177 128 56 205 167 56 81 225 223 163 81 83 169] [70 89 228 70 3 107 61 71 195 45 118 49 158 72 3 214 216 101 228 245 176 166 97 215 227 77 20 147 131 14 160 143] [64 32 0 0 0 0 0 0 0 0 0 0 128 0 0 0 0 0 0 0 0 1 0 0 0 0 0 0 0 0 0 0 0 0 0 0 0 2 128 0 0 0 0 0 0 0 32 0 0 0 0 0 0 0 0 0 0 0 0 0 32 0 0 0 0 0 0 0 0 0 0 0 0 0 0 8 0 0 0 32 0 0 0 0 8 0 0 0 0 2 0 0 8 0 0 0 0 0 0 0 0 32 0 0 0 0 0 0 16 0 0 0 0 0 0 0 0 0 0 0 0 0 0 16 0 0 0 0 0 0 0 0 0 0 0 0 0 16 0 0 0 0 0 0 0 0 0 0 0 0 0 8 0 0 0 64 0 2 0 0 0 0 0 0 0 0 4 0 0 0 0 0 0 0 0 64 0 0 0 0 0 0 0 2 0 0 0 0 0 0 0 0 0 0 16 2 0 0 0 0 0 0 0 0 0 0 0 0 0 0 0 32 0 0 0 16 0 0 0 0 0 0 0 0 0 0 0 0 0 0 0 0 0 0 0 0 0 0 0 0 0 0 0 0 0 0 0 0 0 0 0 0 0 0 0 0] [49 214 199 236 215 234 198 230 254 169 89 109 15 6 69 179 11 128 231 52 62 241 229 100 212 133 70 210 91 131 160 223] 94 27402180 1946604 1733519099 [73 108 108 117 109 105 110 97 116 101 32 68 109 111 99 114 97 116 105 122 101 32 68 115 116 114 105 98 117 116 101] 11156 [178 233 102 154 200 106 30 196 6 253 227 1 49 200 175 116 210 122 79 241 127 212 209 186 3 39 249 63 72 201 108 62] [198 95 122 7 1 156 247 55 206 123 65 179 160 202 12 79 58 186 198 64 79 103 87 173 41 222 169 35 199 46 167 84] [121 41 48 187 213 186 172 67 188 199 152 238 73 170 129 133 239 118 187 59 68 186 98 185 29 134 174 86 158 75 181 53] 0 0}" headSlot=93 method=getHeader mevBoostV=v1.8.1 msIntoSlot=4 parentHash=0xe5ac1475393d5cb2793b4f672d04d8094e1d9971e0cf9fdf3be6fac6314a6a1f pubkey=0xaee3fbc60f939c125877a4f4529517edcf114fdb83715f9f4041eccebb91323ce8c4784ff87815c38752517b3d2e2725 requestTimestamp=1733519099 service=relay/api slot=94 slotStartSec=1733519099 ua="mev-boost/v1.8.1 Lighthouse/v5.3.0-2e0eb6d" version=6fc57d1-dev
time="2024-12-06T21:04:59Z" level=info msg="TIME: bid enriched with PROF" enrichTime=21.332915ms headSlot=93 method=getHeader mevBoostV=v1.8.1 msIntoSlot=4 parentHash=0xe5ac1475393d5cb2793b4f672d04d8094e1d9971e0cf9fdf3be6fac6314a6a1f pubkey=0xaee3fbc60f939c125877a4f4529517edcf114fdb83715f9f4041eccebb91323ce8c4784ff87815c38752517b3d2e2725 requestTimestamp=1733519099 service=relay/api slot=94 slotStartSec=1733519099 ua="mev-boost/v1.8.1 Lighthouse/v5.3.0-2e0eb6d" version=6fc57d1-dev
time="2024-12-06T21:04:59Z" level=info msg="Original Bid" bid=2735563467655609 headSlot=93 method=getHeader mevBoostV=v1.8.1 msIntoSlot=4 parentHash=0xe5ac1475393d5cb2793b4f672d04d8094e1d9971e0cf9fdf3be6fac6314a6a1f pubkey=0xaee3fbc60f939c125877a4f4529517edcf114fdb83715f9f4041eccebb91323ce8c4784ff87815c38752517b3d2e2725 requestTimestamp=1733519099 service=relay/api slot=94 slotStartSec=1733519099 ua="mev-boost/v1.8.1 Lighthouse/v5.3.0-2e0eb6d" version=6fc57d1-dev
time="2024-12-06T21:04:59Z" level=info msg="Enriched Bid" enrichedBid=3272278467655609 headSlot=93 method=getHeader mevBoostV=v1.8.1 msIntoSlot=4 parentHash=0xe5ac1475393d5cb2793b4f672d04d8094e1d9971e0cf9fdf3be6fac6314a6a1f pubkey=0xaee3fbc60f939c125877a4f4529517edcf114fdb83715f9f4041eccebb91323ce8c4784ff87815c38752517b3d2e2725 requestTimestamp=1733519099 service=relay/api slot=94 slotStartSec=1733519099 ua="mev-boost/v1.8.1 Lighthouse/v5.3.0-2e0eb6d" version=6fc57d1-dev
time="2024-12-06T21:04:59Z" level=info msg="http: GET /eth/v1/builder/header/94/0xe5ac1475393d5cb2793b4f672d04d8094e1d9971e0cf9fdf3be6fac6314a6a1f/0xaee3fbc60f939c125877a4f4529517edcf114fdb83715f9f4041eccebb91323ce8c4784ff87815c38752517b3d2e2725 200" duration=0.022797 method=GET path=/eth/v1/builder/header/94/0xe5ac1475393d5cb2793b4f672d04d8094e1d9971e0cf9fdf3be6fac6314a6a1f/0xaee3fbc60f939c125877a4f4529517edcf114fdb83715f9f4041eccebb91323ce8c4784ff87815c38752517b3d2e2725 service=relay/api status=200 version=6fc57d1-dev
time="2024-12-06T21:04:59Z" level=info msg="request initiated --> handleGetPayload" contentLength=3484 headSlot=93 headSlotEpochPos=30 idArg= method=getPayload mevBoostV=v1.8.1 service=relay/api timestampRequestStart=1733519099043 ua="mev-boost/v1.8.1 Lighthouse/v5.3.0-2e0eb6d" version=6fc57d1-dev
time="2024-12-06T21:04:59Z" level=info msg="getPayload request received" blockHash=0xb2e9669ac86a1ec406fde30131c8af74d27a4ff17fd4d1ba0327f93f48c96c3e contentLength=3484 feeRecipient=0x8943545177806ED17B9F23F0a21ee5948eCaa776 headSlot=93 headSlotEpochPos=30 idArg= method=getPayload mevBoostV=v1.8.1 msIntoSlot=43 proposerIndex=74 proposerPubkey=0xaee3fbc60f939c125877a4f4529517edcf114fdb83715f9f4041eccebb91323ce8c4784ff87815c38752517b3d2e2725 service=relay/api slot=94 slotEpochPos=31 slotStartSec=1733519099 timestampAfterDecode=1733519099043 timestampAfterSignatureVerify=1733519099046 timestampRequestStart=1733519099043 ua="mev-boost/v1.8.1 Lighthouse/v5.3.0-2e0eb6d" version=6fc57d1-dev
getPayloadFromProf called!!!
getPayloadResponse returning payload from bundle merger: &{Version:deneb Bellatrix:null
 Capella:null
 Deneb:{execution_payload: {parent_hash: '0xe5ac1475393d5cb2793b4f672d04d8094e1d9971e0cf9fdf3be6fac6314a6a1f', fee_recipient: '0x8943545177806ED17B9F23F0a21ee5948eCaa776', state_root: '0x01c93d962250fadf2c4f9f84aaa9075f962beeb18038cda73851e1dfa35153a9', receipts_root: '0x4659e446036b3d47c32d76319e4803d6d865e4f5b0a661d7e34d1493830ea08f', logs_bloom: '0x40200000000000000000000080000000000000000001000000000000000000000000000000028000000000000000200000000000000000000000000020000000000000000000000000000008000000200000000008000000000200000800000000000000002000000000000010000000000000000000000000000010000000000000000000000000001000000000000000000000000000080000004000020000000000000000040000000000000000400000000000000002000000000000000000001002000000000000000000000000000000200000001000000000000000000000000000000000000000000000000000000000000000000000000000000000', prev_randao: '0x31d6c7ecd7eac6e6fea9596d0f0645b30b80e7343ef1e564d48546d25b83a0df', block_number: 94, gas_limit: 27402180, gas_used: 1946604, timestamp: 1733519099, extra_data: '0x496c6c756d696e61746520446d6f63726174697a6520447374726962757465', base_fee_per_gas: '11156', block_hash: '0xb2e9669ac86a1ec406fde30131c8af74d27a4ff17fd4d1ba0327f93f48c96c3e', transactions: ['0xf8d40b8459acf306830186a08080b8807f4fca031bcd7627681ac9433b744d8137ea82508ff55947ee8db30b6e2c654f1e60c252607c60e25360cd60e35360c260e453603a60e553608760e653604260e753609860e85360d460e95360b560ea53604b60eb53600060335d9d600060475d601460345360a860355360c6603653604e60375360ea6038536031603953608360306ca0b04a81c589d1924136204fb792c41a1931da2f3b1af1f6da33c09a6eb44c669ea039a1e0be0948eb581ce34a9d2bd93cb0732e37da01605e71431129a3cef08e6a', '0xf8e8078459acf306830186a0940d264a3d65f64e0125933bbce6b6893887d06aa780b880ab7fbf5517806069fa3bb4f83e6324515f035ab74342f5a4d513764c05b2b99da5166057527fd0aa18376240cdb23ef0d6566b80d447c1e73363f1fe6e0aca3ee843c54daf536077527f1af2f7cd6bab773af98c08a1821a035077481e2419caf1a6d0cd2dbff87074096097527f0362b38ca844442b97d2bf9f29ddcb2af4848360306ba031cbf0c4c33a51d13a2aa1271243e02122c93430501de90f91be14311df5d74fa0451cd5e18fa9939fb1a2c6615ea0e427bef33e03e3c692112e5c2590de354e3b', '0x01f8ea833018240b8459acf306830186a094000000000000000000000000000000000000000080b8807f26dd6d156116685047cd407877c0080b91f7ecc985b3a5e465fc2995d365e5306007527fac3e1d6e824a6d4eedf5c11ae7769aad06e599f5211aae1bdcfd621ea26d1dcd6027527f8cf76fd37bec5284b5766465c911053f5900d92599c18189843d82afa36a641a6047527feeb6ce28a3cc404334354aba169bf369544ff4c080a0923c4d0d64ffd7edb230dde38c1c69c7f2ba53dfc75aca1275e0675edc5bbcffa01e0ca32254f31869d1520842375eea23b480b4e66939c147a59e60e3fde33b66', '0x01f8d683301824088459acf306830186a08080b8806000608b5d60b460d65360aa60d753605760d85360d660d953604460da5360b360db5360e960dc53608b60dd5360dc60de53608b60df5360e160e053609560e153601060e25360ab60e35360d060e45360f160e5537f048be3d9f7aba863a35711258cbd42c7c84397436303583fbe4e95c108d9644760fc52602c61011c5360c001a0458728a8db41e7c38995361ec2969b2e7ecdc853fe98e299e0bf42ec69817af0a07308546e268dcacaba930f8558da7f4faddd922ef2e780ffdbf810e62b35a963', '0xf8e8088459acf306830186a094000000000000000000000000000000000000000080b8809c7f341b62cbf29c911fa85cee4ea00db10cdd4a52b45ab92ba88f17e86d61a345e86001527f732312e53fe5dbb611aa36484fd305878b69a9770b7b752de774123873cdc3356021527ffcaeec6cae3d1b2970e635814a9eda2ec4369c46570ade1b30c1c823a32973b06041527f3fc69be9c180ba8772d8e601349bd822a6ed8360306ca06fdc2e2ee1296e1666428914f30b09f0cb2f2a0273982a2482a4f4c8951be719a05cefe1af9d4e80431ae0ba2a8343f8f3d781a19581eb81aa1b513ed99a0c886b', '0x01f8ea83301824078459acf306830186a094b02a2eda1b317fbd16760128836b0ac59b560e9d80b8806000601f5d600060175d7d600060c55d7f65f2e20ce8cc884ec95e6897a8acd1098df0f8f67a370af1a7d5bc339c44a3956009527f7ebbd5805405d8279b5fd53ccd564ab0813e101709a8c558ef62fe36a99ad9076029527fb665425f362871f0bd936a7207673841a48c5b92a9ffb0721a8ed43afdb15c54604952601e6069c080a060d2d15c64e79f031003e59b4a6dca4129ddd77dac1baa7c6b96f75b8cd4dc4ea0015897caa1d0238590f34d74d06ae1f703f0212520c712ed03ec35d2c5b821f2', '0x01f8d6833018240b8459acf306830186a08080b8807f58f3519d90e3e2ae6f28e7c7c10088edecacef200e78673040a7e5a4316f79f5608852609460a853609560a95360ec60aa5360a060ab53609260ac53603d60ad53603360ae5360e460af53607d60b053603c60b153605760b25360a560b353607860b45360a860b553600c60b653605c60b75360d860b85360a060b953600dc080a0fa5ae2876a8ec65c80a9c51fe699ccb392a0a3c878d0789405aa80afe8319c60a04d095d6bd24c585600b7b98e204384dcaa17ab1e76ed31153e248de60bb8ffb1', '0xf8d40c8459acf306830186a08080b8807f195ffc5d57bb9cfc68f2b9b8cd88c66b7d4558d1d04e77c175f28d823be33cd060f75260866101175360f361011853608e61011953608661011a53607361011b5360b161011c5360eb61011d5360c161011e53609f606e5360e7606f5360a06070536019607153600e60725360b2607353604260745360cd60755360e960768360306ca04cee5166da500fa03c801fa87f3486deac3d5171dfd20eaa10a54678d1468c03a03e400e76c622ddc5a1f2924cc62088c2ff2967c93924399afaa886bf0fdcc962', '0x01f8ea83301824088459acf306830186a094000000000000000000000000000000000000000080b8807f3ce9a6e6176fe131b2bfa676a917e94ec0ca3f2447c921107121d0369c0b46956099527f3a941f74603240d5130c5147af6740caef96ea45a5312650323fa4a3ba3380ff60b9527f4b558645ec8d09159fff31cbb803961a4a7c724bc127cd99d0ec279d2931ac4b60d9527fa9c333cf9f4c224986296e48f3a77cd4559ce8c080a0fd059e0113a9b023074dca80acb2b590c7f8fc87a9a4694d4a614077d2b0076fa05451a61142323efd90a823af678e5dc72600ec41dee89f179b38c89e8f136e6c', '0xf8d40a8459acf306830186a08080b880d67f23c77caa8ebee4deaa97959e33467d404092716092ed450601c14132fb85a69160c7527fed3f3a4f9d0df99a9e2b07dce88802e4e0f26bc2dad48fe506ff46169612fbed60e7527ff171971d8e3291bc3df254cd626888b9505a2746895779112e567d6b7567744e610107527f5c9a55864c8dadd5842f091b625815f6e48360306ca09131063512863050305a6f741819988031ad984b3bbaf57acd1bb0d3c73cb2f5a028fc9a8ae4f4aa1521ef8a825a9b5913a3217392d4d7406cbcb257e9de0ff327', '0xf8d4088459acf306830186a08080b88060c9600253600560035360da60045360a76005536014600653604d6007536074600853603460095360b4600a53607a600b53604d600c5360e6600d5360e4600e5360f0600f53607f60105360b960115360c86012536003601353606660145360d2601553608960165360546017537fddcbde7cf25c1ad7a4f1a7f3b6d752a71b8360306ba09d82558445881b654b1bd03b1e50a710bb429965169fce960ffe51c745f855d5a03ab0edf7f664b7ef83284ac1a505c6286bb73c78c4dbb36d9387858f7c792a21', '0xf8e80a8459acf306830186a094b02a2eda1b317fbd16760128836b0ac59b560e9d80b880917f257817562d197cb1ce9f337c0ca44d90ef69bfbe0b892208427ab2c266e690f560d2527f7713c5b64097c7433b99f4c1c081a763117405516ceed35688d7c9350fb3782e60f2527ff91cd32413e5c6cee506bdf0e0e2409359481b65bcacd123215ce64cec8c04a6610112527f56edc5dfde80a1b3f61d82794fd39b36448360306ba0b55b103e9c70d60b016d01d696f23943da23fa2c691e1bf679581986060a84e9a052ebcdb99e5d6a322a802a9b3c34b93d28a01ed9396861ef3316d6f2416ca99a', '0x01f8d6833018240a8459acf306830186a08080b880600549d17fa992baf6addbdf7856d879a5e033ae7bf85ee5b19cf17c26c1e853530df925be601e527f101a4b2c414abc2c5c01f01579de1693b64e2689ee2fc5789909783b0b59a768603e527f477db818444835184004836aff37b7c05582f98edab73a785d96b7a0fe605331605e527f6b38c160b72acf6fe15974deb5405fc001a0263462d1ce2b8622c2202f57360115e123e542095bdb42a1281add8b13e8bc96a07d268e1c1b4c00bd6782da89db896ffdc87771fe4e5dc88fdd096a2933a42e3c', '0xf8d40b8459acf306830186a08080b8807fdb9fa36ab4d1a00c26194455f2a0212086d2ecca517334f429df1f3d26c534de6049527f433235ee252acd0e4b2988693b391a18c2ba2266a3bf43b1165fa04b27eddf49606952600060025d600f497f3e8ce2f5c5481ff7bf464743accfe2ed28a71fd2487dbf6387a6d9f7ff7cbcdf6080527f4afedea00ae6d3d323a59c8360306ca047f0c66862dc938f378598a842d908262016687cbfcd3f7d1a36f04225970460a00d83a6a756f9c7988ec05ee63bff146a68d992c46fb132de0b6a55ce9b40a2e9', '0x01f8d6833018240b8459acf306830186a08080b8807f052859d59b9b07d55170b6225a794aa71929c80fe04e68fc0175dad7e9a1cdcf60c0527fb667b1a1d1d33f067dbbdc2d80c83be27f06b6905f9ca2ca9db7929c4d3a97fa60e0527fc88810156a0c6c7479dfe2b6634aa9a9fb26d76c37de19900be93f4e2e43c4f7610100527fb62c8f8e6c3ec172fc3fe360886f27107f0cc001a06b847559443f0adac25bbd889a60bf259bd8b608f517733f5f608699e8a12c0fa077285f0ed53a6eea8fd58dcc75d03837fd4feadeba8f0b9834f6b38f4c5524b4', '0xf8e8098459acf306830186a0949556a653142f57014a70c372b1dbb7d60907922580b880600060075d7f1800969a45409edee691cb59cccd3bffbc126e6e68c4d4c3cf3ae707e634095a6097527f91dc97de8df01d17a4e063eca2ed754551c33d07fbe92360511fa906aa4f9b6a60b7527ff7b140ec108e0fceabdea8699318b906b17f8823cca0f9adff4e33bb683a66dd60d75260a160f753604560f85360f760f9538360306ca0db23c03a8e7d00ea5d0947e48bfd31eb25872dfc0cce9ef1dd7670b54d086210a01753c04fd39b8e7cd9ec61f875160dc3920918ce684ae60ae3befd1aa64a7728', '0x01f8ea83301824098459acf306830186a0949a3475fb9f7c6af08b79023e3aa252b57db3262480b8807f33cb80d7acb33280c5cf0152b3a573de61ab89ff884dba2232bdf551a0153b50605e527f7e210c613f762c90b0055d833ddcb22154327ef5229dec1c522b6e25de2899de607e527feca57e7e1bf16146e4e3eb4d884025e8c3e1b87887e8c493f9349956ca6a9141609e527f1f0d43d589e31e09bf02068a66fe79ddd0bc97c001a06431a5f511ea54796f4eab649b1f1f50aa883f4070bdf07673c135ce9ff822b1a0593c00fa0be17ea9e9b4932ea8a2af3589f71465dc8464827011633b4c957bd2', '0xf8d4098459acf306830186a08080b8806092605f5360c6606053602860615360cf6062536021606353607f60645360086065536079606653606460675360b6606853766000600a5d6025496000602c5d603960ea5360fc60eb53602260ec53609d60ed53609c60ee5360fa60ef5360b960f05360b460f153602460a953609c60aa53606a60ab5360e460ac53609960ad8360306ba0a6091805b9745daa336ce31912859255ace5d8265712a99ceb8a75070b7e3af0a03cfb89f60f119bed826cb9bde6af5224d371413b1424d5f81aa25dbe1f024f9f', '0xf8e80b8459acf306830186a094fb9bf8665fc640a682ca0a7bf0778d335543228080b8807f46fa8d50feff2694d010d450a84276bb394f386f4fb6bddd0575536700178b2f604e527f8e5db50c27be672d761e09756a65a38ee617d62d1566676b6e3f8d32a8b5a821606e527f6378f5857b4c12fbf20c60adce25f920baeafd42174fb08841d8343b922243ed608e52606460ae537ffb294e34c4950907ebfb7db3e5e88360306ba0a400481bdc0083eb379228d4ba823748a8269ddacdc52a8d9cdaf22c76b5eecca02c14f7c6f950ea619c0f3cbb518488ef9fc82a17fc9b3cfc604bae0a3252bf18', '0xf8d4098459acf306830186a08080b8800a604560565360806057536059605853608a6059536033605a536055605b536031605c536067605d536050605e53606d605f53607a60605360dd60615360fb60625360b460635360c860645360ac60655360496066536082606753602060685360b360695360a7606a536017606b53600f606c5360da606d536077606e53602a8360306ba0eb920307a3dbb1551c2b0517713b9637e1aee7ff094a62816ca58adb9991f740a05fd584cfc2309f647f6573a1900124b97c3e69e1b3d4069c5df722186b0bbd9e', '0xf8e8068459acf306830186a094afd672e41b2d534da322f124ce6b1d791f3947c380b8807f53b0ddc7672525f4bb960af8899d0439b9a445c98c9d515608f720d61d50819f6013527f476e2dac709679d4cd961f2080e2c8b07e3e2d3042aa8928a549461999bcf5966033527fc4ccf77c3403e769b8f995838616deb2930bd674db21adbf447a99abf62f4e4360535260a3607353600060615d603d60d05360f560d1538360306ba0dc12d454144bb717e412a26dd5df430ec9e0586bef394d9d05f124d4f1085d85a0464c2f35dd7d80cca631b3fc82fac7efb47e5a3790621b81e9ddb8b5813ac682', '0x01f8d6833018240a8459acf306830186a08080b8806066497f0c6686759541153458560d1dc77227ba0462955427d01166cb60e5f51464d88260c6527fd63a9c2b70632dde16d44da5ebd4e641994179e40802ab5366854fc7944f7a7760e65260db61010653602f6101075360006101085360766101095360df61010a53600060785dbe7f4731e3794973f7e5f7e51a4a423e9c9ac001a0faa1654ec4000a211257af5cc17015e672bd140cf82adba7ba250cf9508c8fa3a0627ac1b6ff4e0f3712b5f92d3e33b7b1155c10ae1c95ad0b8aa001cdc18793a1', '0x01f8ea833018240c8459acf306830186a094b02a2eda1b317fbd16760128836b0ac59b560e9d80b880600060ae5d7f0fb1b1365c8040828c6dbce0a0ff9afe0d62b83616ab690f4cbe14b30b1f158360a9527f8f89d05f091df4d32902e1065ba9be7414de4967cf018899336b6216179a94bd60c9527f690b5bceca8e4205465b5cac905178e902a0381ea4e61fe85b55459bb7c8e52260e9527fd968a6713c4239a29003e1bcc305c001a021d580d726c2a5b1abb804f2eb5769fdb9e6094e40f8ab72351aab1847714e9da0712576e5611e83e46531d4f8ab000f4e667c677947b198fb9151029ff9390803', '0xf8e8068459acf306830186a094e9b0bfd5b0814aa31e5f664fddaa59a6b57142aa80b880600060155d6000600e5d7f36da74fe05338e199c6c5f23b63925a24d59a609825d83a3b9b1b1ad56d1d07460aa527f86b6f459b8ef7cb903401b9a789c8f9a3c7a7480ad407b6276398dc07b954b4860ca527f90da7cc6ba736aff22dc7b4893831730afad6ff47779541eaef291400ab4235560ea52602061010a53608b61018360306ca0f684c1a061fef00f1c2977f7578378d3b0d41e4035b6f21a2752d24a8b4bbd30a07fafbae94f47804f0999a31a6e014ff19d9bb715c09ef8c083ca18b1d106a83c', '0x01f8d683301824098459acf306830186a08080b8806013605153600660525360f860535360876054536083605553609b605653609b497f08e0ae308b1e060639bc96476363e4417c1e58ab5aa0aa3d3327f1cf12475ac5603a527feae8c7bd0971dc5b569767bb34b21420dad77d779cb1a092a289f4ea66e10e28605a527fd2bb764cf58e4a6a23456867992406a2387b3355ea40c001a0d3cc7c92538ba0985c386c9793134f1cb72520ed6b3335eacd5578e028afcb1ba060c783771a32203a4daee72e977f72a47dffe2236b35eb1a8b1a34ca72b72787', '0x02f8db83301824098459acbc198459acf306830186a08080b880600063e2e14fb65ddb7f2c38da42e7e6db8dbf5f0a58baae8ea5a88b49bc3ce8baa55ac404be2762fc8c60e2527f448907118b12d8e637d8bd0e3f0fb172598f057bb6c358b645445d5744bb2fde610102527fc82ce4fa529efa122c2a443d78e324c96def68dbe1fa5a827a23a3860e03f6a4610122527f04162c599722a944c001a0a710e84626ab7895c310f0256432f3bf6ad8e6d8c616e575593122f39644d144a041e24539843c3cf3db5b27e25d166ef56ce2a78be1f10e33a4e158a1bcf1b702', '0x02f8db83301824098459acbc198459acf306830186a08080b8806000608f5d7fb83da31dcb7869e3deaca05f6215d2218a02dfebcf9bc5f3ee09a3b19c8674f96075527f660d9a43ca6dff528fa0cf41db7a8b98cf369c69a5b4f1d70cbfb8a532fc80386095527f22b8ea3d247806d4cf7bc670279d4119bb1f9c0de0ba2992da088be2b966bf5f60b5527f73d30e20a4d2fcaaf4ce2e713311c001a0bd0781edeaaf391e7b3d4dfa25ac2d5b2e28808d4942d3e38985ff41537e84ada0043312656063580d49b684728bd5e45adc6d19527df53f19cd4c18c53ed47822', '0x02f8db83301824078459acbc198459acf306830186a08080b8805d7f16fc89bbfb8d54085f9e4d55eae3d38c084bce26c2952c61f8979415306b5e9d60a6527f2341862f9b5b396b0b8d8109c69e1afb7468d3cc5d20cb879f467cb8f6c39f3260c6527f9176d12a36e3579fd64f811289ea02f1acff07ccc2d30d5aefab3642497e26e060e6527f498605eb0468fc874a8392a941d1dab608e8c001a042ae8672c795d67609643f8a49f5f9040a6bfb31a9011e9628930e92b30906a5a068dbc024b247fa7cfa14077079a817b58d60fb08145d1ac55b173f4aca56630d', '0x02f8db83301824098459acbc198459acf306830186a08080b8807f06ab315c586fe7c98cbec9694e564f4cb12e627cd33e1723f1c1cbdb33ba619c604e527f61196f7dda535bd9912d93f6a64fb2dee77be4504ea427e8b1f525f29a649027606e527f1e641d9527d8ed80ed2dfdf74c271f841bbe111a3fef57704307178f2fd1594b608e527ffe0611924846e16ab19d950e43e34fdceba1d7c080a05e7b1aac0b72f0915fee7585e62c6a03ec43a96e7f541710f456ed7dc520f8d1a025b3b52d2c23a8c4950e22ff9980ad8aa6a3321ea2b471ecc5afddece9fd532e', '0x02f8db83301824078459acbc198459acf306830186a08080b880600060cd5d7f17b1a4233a41b00ba1750696b86c3658acf6b4505c5b4af45117ca987d85f3246061527f37400dcb43ba401629eab8fd43a030a8bd61aa6295f780d04384b0a9dd952fdf6081527f4b10b73457653a1c7a270190c8c510f921319292cb332293636e7ea832c7301f60a1527fee259ab1c0d83a6eb7323aa4d4f5c080a0f7471e8817e26286a0fad32bdd4f6abf227cfe339bc7ac0cdba14c97375aac45a07ab55cf74d18134aefc72d73ec58d661a0db7625e2ad98ec73abc20e68a6b39b', '0x02f8ee83301824098459acbc198459acf306830186a094b02a2eda1b317fbd16760128836b0ac59b560e9d80b880606b603553600c60365360976037536041603853602d60395360ec603a53609d603b536099603c536055603d536016603e536036603f53601b604053605e6041536034604253608c604353600f60445360f7609e5360bd609f53600660a053608760a15360e660a253600060a353602360a45360d160a55360a760a653601560c001a0ae8dbd52a0b0f3570e26430e9bf1e072ec25e4cd766a4503b47c2243217062409f7a8b3bfa0a0fc61544ee5e5e956138d311c9d86d163cbf849a9b7c03000e4e', '0x02f8ef83301824088459acbc198459acf306830186a094931a1dff552a0066bf7af4f5b0d700329ef0ae9580b880600060075df67fd23d0cb304770b6880053013b1f1aff0b7bb44eb3026180c251c3825485039b96073527f80b87d9778bc1415564c7ae4b2404231d00b63c464525d79b8ac728af45ccf116093527fca566619cacbbf889986f82ecd6d0f3258a24c821ef057966e7bcf70a1b0acca60b3527f65a08223702dc5940d9f1551c5c080a0c80b091f505624583937f225fd4cd7180a1ca0ac3294dbd506f13cd87774b3daa043625ab3ebb65b8d9e384c7d0b292a52c509ab42198c32ff0bff6c0232a95aad', '0x02f8db83301824068459acbc198459acf306830186a08080b880600060c45d7f39b282cb0463de6553d4674162da2c37f7c6c451a1a74017a569b1987dbd6b4060fe527f70327513f7953bed5a4a9b9a9f8a5cac866da1645af026ff62268f472743039b61011e527fcd994dbf7de027ba3e6f2d8fa28e1d0d7eebbed82386e06cb8fee8923566c7f561013e527f2fffde53f697b81aab5911c4c001a06f514d56b06d4367e99985bbda0ddd2c8155c87a05864d2f49bf2e89318dcceea03805c771e02ca300b2f8d50b951a76781f77d54439af4485c91d82b231fb65ac', '0x02f8ef83301824028459acbc198459acf306830186a0947b98bd763b5c8adf883acfd1
ec68aebcf53de64180b8807f813642c3e0e8f5ca7b043fa215429f70b03074904d0e39a634db436435e79a2860c4527fd9d03977c64e585e0d04cd841ab10512bf4144703c70d932c0609183e7c4c79a60e4527f3d2260f71f5c1e204e8ff8162bfa2af35cf9373546fd90ef7cd28822510c02ff610104527fa477d61afad24bcda3724b7354412ef82b6ac080a0555d4f9adb4fd489aa9757793b1dbfdaf2f7c54739a35fb9b560e51f1f2739a2a0750da1416ebedc728489c73f453e23067a619d543e9ca6502e73d895e4df9109', '0x02f8db83301824078459acbc198459acf306830186a08080b8807ff3a8fd26d859ae23ae0cbda66f40c04099e10b5b54b7420666e522c9053e30ad6055527fc6becb0207f9e17853315790b296ede14d0db0f7eee3b890c9743b66eedf13c16075527f76f34cf364d4d9dcd1e5c26056930734d9c3913632bfab55c9b22908243b728f6095527fee1f52649025988e2b06ff94712bfc04fe872ec001a0894142acdd6591a4a41a54b072ee7c9b063cf60c41af7c9ab58f5c020cc8fd2da0120f7e99e0ac54ff815c62220b091831aa985cfe38f8f9023609cd0b4ecce0fb', '0x02f8db83301824078459acbc198459acf306830186a08080b8807ffa3aef821f5fbe14bb3c80d80bedcf9032bad193b894f6ea003f131e6bf909616083527febadbf7b85f4acd1eca64526a726e2e7727c8ef46448c4f02f4efb33291172f160a3527fb634a1632fecaa7f130674b33fee34417276ea85df1736be722d8be3e5fd58cd60c3527fe02e9e4f40dfb425ee9011b493ef15e921b3dec001a01497b68a54a7f98d5854063ec3a4d78d0736a1cb5e6e245e32c3ee149e734dcea018b1591e550d5e547fef422fa943eb439f67b3658cb37f375491a975a3320b71', '0x02f86e833018240980822b94825208948943545177806ed17b9f23f0a21ee5948ecaa7768709b7fb00c009b980c080a0165face055a80bb91048045d8af85d95a55c42d3f560c3caca6f3acf96b8028ba0240103b6d8ae9aec5815832ffc247553d7fd1b016c736907e344edb8067ddab7', '0x02f90176833018243285012a05f2008512a05f2000830249f09471e67695db8bc44aa6bf2014142c42221967ee9880b901040cc7326300000000000000000000000000000000000000000000000000000000000000a0000000000000000000000000000000000000000000000000098976d95706cabf00000000000000000000000085998f6c99833d1127301928248c97b6f168bdad00000000000000000000000065d08a056c17ae13370565b04cf77d2afa1cb9fa0000000000000000000000000000000000000000000000000000000000000000000000000000000000000000000000000000000000000000000000000000000200000000000000000000000024a9da1457f96c2b167d49377a776d302a5c4db3000000000000000000000000ac29373cbe03c88fb078488181f8a0650c58ca08c080a0429684db8b344304f856938dab1338e359ce1fc846ff2783aa2a21bc046fbbb8a07eaa3d4aca8030175bb9a4bff278587a2ea4d73a72528f988f5d8701cf12cf31'], withdrawals: [], blob_gas_used: 0, excess_blob_gas: 0}, blobs_bundle: {commitments: [], proofs: [], blobs: []}}
}
time="2024-12-06T21:04:59Z" level=debug msg="publishing block" blockHash=0xb2e9669ac86a1ec406fde30131c8af74d27a4ff17fd4d1ba0327f93f48c96c3e component=beaconClient service=relay/api slot=94 uri="http://172.16.4.15:4000" version=6fc57d1-dev
time="2024-12-06T21:04:59Z" level=debug msg="publishing block" blockHash=0xb2e9669ac86a1ec406fde30131c8af74d27a4ff17fd4d1ba0327f93f48c96c3e component=beaconClient service=relay/api slot=94 uri="http://172.16.4.14:4000" version=6fc57d1-dev
time="2024-12-06T21:04:59Z" level=debug msg="publishing block" blockHash=0xb2e9669ac86a1ec406fde30131c8af74d27a4ff17fd4d1ba0327f93f48c96c3e component=beaconClient service=relay/api slot=94 uri="http://172.16.4.16:4000" version=6fc57d1-dev
time="2024-12-06T21:04:59Z" level=info msg="updated headSlot to 94" epoch=2 service=relay/api slotHead=94 slotStartNextEpoch=96 version=6fc57d1-dev
time="2024-12-06T21:04:59Z" level=debug msg="RefreshKnownValidators init" datastoreMethod=RefreshKnownValidators headSlot=94 headSlotPos=31 lastUpdateSlot=83 service=relay/api version=6fc57d1-dev
time="2024-12-06T21:04:59Z" level=debug msg="Updating builder cache with 1 builders from database" service=relay/api version=6fc57d1-dev
time="2024-12-06T21:04:59Z" level=info msg="payload attributes received for slot: 95" service=relay/api version=6fc57d1-dev
time="2024-12-06T21:04:59Z" level=info msg="finished publish block request" beaconPublishURI="http://172.16.4.14:4000" beaconURI="http://172.16.4.14:4000" component=beaconInstance encodeDurationMs=1 payloadBytes=20798 publishContentType=json publishDurationMs=21 service=relay/api slot=94 version=6fc57d1-dev
time="2024-12-06T21:04:59Z" level=info msg="published block" beacon="http://172.16.4.14:4000" blockHash=0xb2e9669ac86a1ec406fde30131c8af74d27a4ff17fd4d1ba0327f93f48c96c3e component=beaconClient service=relay/api slot=94 statusCode=200 version=6fc57d1-dev
time="2024-12-06T21:04:59Z" level=info msg="block published through beacon node" blockHash=0xb2e9669ac86a1ec406fde30131c8af74d27a4ff17fd4d1ba0327f93f48c96c3e contentLength=3484 feeRecipient=0x8943545177806ED17B9F23F0a21ee5948eCaa776 headSlot=93 headSlotEpochPos=30 idArg= method=getPayload mevBoostV=v1.8.1 msIntoSlot=43 msNeededForPublishing=22 proposerIndex=74 proposerPubkey=0xaee3fbc60f939c125877a4f4529517edcf114fdb83715f9f4041eccebb91323ce8c4784ff87815c38752517b3d2e2725 service=relay/api slot=94 slotEpochPos=31 slotStartSec=1733519099 timestampAfterAlreadyDeliveredCheck=1733519099049 timestampAfterDecode=1733519099043 timestampAfterLoadResponse=1733519099049 timestampAfterPublishing=1733519099072 timestampAfterSignatureVerify=1733519099046 timestampBeforePublishing=1733519099050 timestampRequestStart=1733519099043 ua="mev-boost/v1.8.1 Lighthouse/v5.3.0-2e0eb6d" version=6fc57d1-dev
time="2024-12-06T21:04:59Z" level=info msg="updated payload attributes" headSlot=94 payloadAttrParent=0xb2e9669ac86a1ec406fde30131c8af74d27a4ff17fd4d1ba0327f93f48c96c3e payloadAttrSlot=95 randao=0x26479097997c27052a51749ceedf5afd1f848cacf857764db44617fe75992fd4 service=relay/api timestamp=1733519101 version=6fc57d1-dev withdrawalsRoot=0x792930bbd5baac43bcc798ee49aa8185ef76bb3b44ba62b91d86ae569e4bb535
time="2024-12-06T21:04:59Z" level=info msg="finished publish block request" beaconPublishURI="http://172.16.4.16:4000" beaconURI="http://172.16.4.16:4000" component=beaconInstance encodeDurationMs=1 payloadBytes=20798 publishContentType=json publishDurationMs=26 service=relay/api slot=94 version=6fc57d1-dev
time="2024-12-06T21:04:59Z" level=info msg="request initiated" cancellationEnabled=false contentLength=2107 headSlot=94 method=submitNewBlock service=relay/api timestampRequestStart=1733519099582 version=6fc57d1-dev
time="2024-12-06T21:04:59Z" level=info msg="submitNewBlock failed: block with 0 value or no txs" blobGasUsed=0 blockHash=0xc6a008b18a4bb9c98af9ef60b0a17301bea716d17e5659a7b9cc9760710eced0 builderIsHighPrio=false builderPubkey=0xaa1488eae4b06a1fff840a2b6db167afc520758dc2c8af0dfb57037954df3431b747e2f900fe8805f05d635e9a29717b cancellationEnabled=false contentLength=2107 excessBlobGas=0 headSlot=94 isLargeRequest=false method=submitNewBlock numBlobs=0 numTx=0 parentHash=0xb2e9669ac86a1ec406fde30131c8af74d27a4ff17fd4d1ba0327f93f48c96c3e payloadBytes=2107 proposerPubkey=0xae5302796cfeca685eaf37ffd5baeb32121f2f07415bee26cc0051ee513ff3932d2c365e3d9f87b0949a5980445cb64c reqContentType=json reqIsGzip=false service=relay/api slot=95 timestampAfterDecoding=1733519099582 timestampRequestStart=1733519099582 value=0 version=6fc57d1-dev
time="2024-12-06T21:04:59Z" level=info msg="request finished" blobGasUsed=0 blockHash=0xc6a008b18a4bb9c98af9ef60b0a17301bea716d17e5659a7b9cc9760710eced0 builderIsHighPrio=false builderPubkey=0xaa1488eae4b06a1fff840a2b6db167afc520758dc2c8af0dfb57037954df3431b747e2f900fe8805f05d635e9a29717b cancellationEnabled=false contentLength=2107 excessBlobGas=0 headSlot=94 isLargeRequest=false method=submitNewBlock numBlobs=0 numTx=0 parentHash=0xb2e9669ac86a1ec406fde30131c8af74d27a4ff17fd4d1ba0327f93f48c96c3e payloadBytes=2107 proposerPubkey=0xae5302796cfeca685eaf37ffd5baeb32121f2f07415bee26cc0051ee513ff3932d2c365e3d9f87b0949a5980445cb64c reqContentType=json reqIsGzip=false requestDurationMs=0 service=relay/api slot=95 timestampAfterDecoding=1733519099582 timestampRequestFin=1733519099582 timestampRequestStart=1733519099582 value=0 version=6fc57d1-dev
time="2024-12-06T21:04:59Z" level=info msg="http: POST /relay/v1/builder/blocks 200" duration=0.000447 method=POST path=/relay/v1/builder/blocks service=relay/api status=200 version=6fc57d1-dev
time="2024-12-06T21:05:00Z" level=info msg="execution payload delivered" blobGasUsed=0 blockHash=0xb2e9669ac86a1ec406fde30131c8af74d27a4ff17fd4d1ba0327f93f48c96c3e blockNumber=94 contentLength=3484 excessBlobGas=0 feeRecipient=0x8943545177806ED17B9F23F0a21ee5948eCaa776 headSlot=93 headSlotEpochPos=30 idArg= method=getPayload mevBoostV=v1.8.1 msIntoSlot=43 numBlobs=0 numTx=38 proposerIndex=74 proposerPubkey=0xaee3fbc60f939c125877a4f4529517edcf114fdb83715f9f4041eccebb91323ce8c4784ff87815c38752517b3d2e2725 service=relay/api slot=94 slotEpochPos=31 slotStartSec=1733519099 timestampAfterAlreadyDeliveredCheck=1733519099049 timestampAfterDecode=1733519099043 timestampAfterLoadResponse=1733519099049 timestampAfterPublishing=1733519099072 timestampAfterSignatureVerify=1733519099046 timestampBeforePublishing=1733519099050 timestampRequestStart=1733519099043 ua="mev-boost/v1.8.1 Lighthouse/v5.3.0-2e0eb6d" version=6fc57d1-dev
time="2024-12-06T21:05:00Z" level=info msg="failed to get bidTrace for delivered payload from redis" blobGasUsed=0 blockHash=0xb2e9669ac86a1ec406fde30131c8af74d27a4ff17fd4d1ba0327f93f48c96c3e blockNumber=94 contentLength=3484 error="redis: nil" excessBlobGas=0 feeRecipient=0x8943545177806ED17B9F23F0a21ee5948eCaa776 headSlot=93 headSlotEpochPos=30 idArg= method=getPayload mevBoostV=v1.8.1 msIntoSlot=43 numBlobs=0 numTx=38 proposerIndex=74 proposerPubkey=0xaee3fbc60f939c125877a4f4529517edcf114fdb83715f9f4041eccebb91323ce8c4784ff87815c38752517b3d2e2725 service=relay/api slot=94 slotEpochPos=31 slotStartSec=1733519099 timestampAfterAlreadyDeliveredCheck=1733519099049 timestampAfterDecode=1733519099043 timestampAfterLoadResponse=1733519099049 timestampAfterPublishing=1733519099072 timestampAfterSignatureVerify=1733519099046 timestampBeforePublishing=1733519099050 timestampRequestStart=1733519099043 ua="mev-boost/v1.8.1 Lighthouse/v5.3.0-2e0eb6d" version=6fc57d1-dev
time="2024-12-06T21:05:00Z" level=info msg="request finished" blobGasUsed=0 blockHash=0xb2e9669ac86a1ec406fde30131c8af74d27a4ff17fd4d1ba0327f93f48c96c3e blockNumber=94 contentLength=3484 excessBlobGas=0 feeRecipient=0x8943545177806ED17B9F23F0a21ee5948eCaa776 headSlot=93 headSlotEpochPos=30 idArg= method=getPayload mevBoostV=v1.8.1 msIntoSlot=43 numBlobs=0 numTx=38 proposerIndex=74 proposerPubkey=0xaee3fbc60f939c125877a4f4529517edcf114fdb83715f9f4041eccebb91323ce8c4784ff87815c38752517b3d2e2725 requestDurationMs=1031 service=relay/api slot=94 slotEpochPos=31 slotStartSec=1733519099 timestampAfterAlreadyDeliveredCheck=1733519099049 timestampAfterDecode=1733519099043 timestampAfterLoadResponse=1733519099049 timestampAfterPublishing=1733519099072 timestampAfterSignatureVerify=1733519099046 timestampBeforePublishing=1733519099050 timestampRequestFin=1733519100074 timestampRequestStart=1733519099043 ua="mev-boost/v1.8.1 Lighthouse/v5.3.0-2e0eb6d" version=6fc57d1-dev
time="2024-12-06T21:05:00Z" level=info msg="http: POST /eth/v1/builder/blinded_blocks 200" duration=1.031484 method=POST path=/eth/v1/builder/blinded_blocks service=relay/api status=200 version=6fc57d1-dev
time="2024-12-06T21:05:00Z" level=info msg="finished publish block request" beaconPublishURI="http://172.16.4.15:4000" beaconURI="http://172.16.4.15:4000" component=beaconInstance encodeDurationMs=0 payloadBytes=20798 publishContentType=json publishDurationMs=1057 service=relay/api slot=94 version=6fc57d1-dev
time="2024-12-06T21:05:01Z" level=info msg="payload attributes received for slot: 96" service=relay/api version=6fc57d1-dev
time="2024-12-06T21:05:01Z" level=info msg="updated payload attributes" headSlot=94 payloadAttrParent=0xb2e9669ac86a1ec406fde30131c8af74d27a4ff17fd4d1ba0327f93f48c96c3e payloadAttrSlot=96 randao=0x26479097997c27052a51749ceedf5afd1f848cacf857764db44617fe75992fd4 service=relay/api timestamp=1733519103 version=6fc57d1-dev withdrawalsRoot=0x792930bbd5baac43bcc798ee49aa8185ef76bb3b44ba62b91d86ae569e4bb535
time="2024-12-06T21:05:01Z" level=debug msg="getHeader request received" headSlot=94 method=getHeader mevBoostV=v1.8.1 msIntoSlot=4 parentHash=0xb2e9669ac86a1ec406fde30131c8af74d27a4ff17fd4d1ba0327f93f48c96c3e pubkey=0xae5302796cfeca685eaf37ffd5baeb32121f2f07415bee26cc0051ee513ff3932d2c365e3d9f87b0949a5980445cb64c requestTimestamp=1733519101 service=relay/api slot=95 slotStartSec=1733519101 ua="mev-boost/v1.8.1 Lighthouse/v5.3.0-2e0eb6d" version=6fc57d1-dev
time="2024-12-06T21:05:01Z" level=error msg="bid was empty, skipping PROF augmentation" error="<nil>" headSlot=94 method=getHeader mevBoostV=v1.8.1 msIntoSlot=4 parentHash=0xb2e9669ac86a1ec406fde30131c8af74d27a4ff17fd4d1ba0327f93f48c96c3e pubkey=0xae5302796cfeca685eaf37ffd5baeb32121f2f07415bee26cc0051ee513ff3932d2c365e3d9f87b0949a5980445cb64c requestTimestamp=1733519101 service=relay/api slot=95 slotStartSec=1733519101 ua="mev-boost/v1.8.1 Lighthouse/v5.3.0-2e0eb6d" version=6fc57d1-dev
time="2024-12-06T21:05:01Z" level=info msg="http: GET /eth/v1/builder/header/95/0xb2e9669ac86a1ec406fde30131c8af74d27a4ff17fd4d1ba0327f93f48c96c3e/0xae5302796cfeca685eaf37ffd5baeb32121f2f07415bee26cc0051ee513ff3932d2c365e3d9f87b0949a5980445cb64c 204" duration=0.000300 method=GET path=/eth/v1/builder/header/95/0xb2e9669ac86a1ec406fde30131c8af74d27a4ff17fd4d1ba0327f93f48c96c3e/0xae5302796cfeca685eaf37ffd5baeb32121f2f07415bee26cc0051ee513ff3932d2c365e3d9f87b0949a5980445cb64c service=relay/api status=204 version=6fc57d1-dev
time="2024-12-06T21:05:01Z" level=info msg="http: GET /relay/v1/builder/validators 0" duration=0.000095 method=GET path=/relay/v1/builder/validators service=relay/api status=0 version=6fc57d1-dev
time="2024-12-06T21:05:01Z" level=info msg="updated headSlot to 95" epoch=2 service=relay/api slotHead=95 slotStartNextEpoch=96 version=6fc57d1-dev
time="2024-12-06T21:05:01Z" level=debug msg="RefreshKnownValidators init" datastoreMethod=RefreshKnownValidators headSlot=95 headSlotPos=32 lastUpdateSlot=83 service=relay/api version=6fc57d1-dev
time="2024-12-06T21:05:01Z" level=debug msg="Updating builder cache with 1 builders from database" service=relay/api version=6fc57d1-dev
time="2024-12-06T21:05:01Z" level=info msg="payload attributes received for slot: 96" service=relay/api version=6fc57d1-dev
time="2024-12-06T21:05:01Z" level=info msg="updated payload attributes" headSlot=95 payloadAttrParent=0xafc7cc61daca94e30ddac1eeb2bb0ab7f3d51c49d0f177d9d6e4831081f2f81e payloadAttrSlot=96 randao=0x9a8fb6fea1932b4340ccea1c365b87081a5ecd2e3611d468317e72d7efd158a5 service=relay/api timestamp=1733519103 version=6fc57d1-dev withdrawalsRoot=0x792930bbd5baac43bcc798ee49aa8185ef76bb3b44ba62b91d86ae569e4bb535
time="2024-12-06T21:05:01Z" level=info msg="request initiated" cancellationEnabled=false contentLength=21002 headSlot=95 method=submitNewBlock service=relay/api timestampRequestStart=1733519101547 version=6fc57d1-dev
time="2024-12-06T21:05:01Z" level=info msg="block validation successful" blobGasUsed=0 blockHash=0x14ca92bcd6588732ccfbf16b653e5644992a5f2c50918f567d59a7afce15d6fc builderIsHighPrio=false builderPubkey=0xaa1488eae4b06a1fff840a2b6db167afc520758dc2c8af0dfb57037954df3431b747e2f900fe8805f05d635e9a29717b cancellationEnabled=false contentLength=21002 durationMs=10 excessBlobGas=0 fastTrackValidation=false headSlot=95 isLargeRequest=false method=submitNewBlock newBidIsTopBid=true numBlobs=0 numTx=81 numWaiting=0 parentHash=0xafc7cc61daca94e30ddac1eeb2bb0ab7f3d51c49d0f177d9d6e4831081f2f81e payloadBytes=21002 proposerPubkey=0xb8c6663371dc37bf083134dea26a20115ccc52b7c15a662bcfa33435e4ade14c6bc9714a5cdee492530accf8a327b2aa reqContentType=json reqIsGzip=false service=relay/api slot=96 timestampAfterCheckingFloorBid=1733519101551 timestampAfterCheckingTopBid=1733519101551 timestampAfterDecoding=1733519101548 timestampAfterSignatureCheck=1733519101550 timestampBeforeCheckingFloorBid=1733519101550 timestampBeforeCheckingTopBid=1733519101551 timestampBeforeSignatureCheck=1733519101548 timestampBeforeValidation=1733519101551 timestampRequestStart=1733519101547 topBidValue=0 value=2527550353797000 version=6fc57d1-dev
time="2024-12-06T21:05:01Z" level=info msg="received block from builder" blobGasUsed=0 blockHash=0x14ca92bcd6588732ccfbf16b653e5644992a5f2c50918f567d59a7afce15d6fc builderIsHighPrio=false builderPubkey=0xaa1488eae4b06a1fff840a2b6db167afc520758dc2c8af0dfb57037954df3431b747e2f900fe8805f05d635e9a29717b cancellationEnabled=false contentLength=21002 excessBlobGas=0 fastTrackValidation=false headSlot=95 isLargeRequest=false method=submitNewBlock newBidIsTopBid=true numBlobs=0 numTx=81 parentHash=0xafc7cc61daca94e30ddac1eeb2bb0ab7f3d51c49d0f177d9d6e4831081f2f81e payloadBytes=21002 prevTopBidValue=0 profileDecodeUs=1164 profilePrechecksUs=2653 profileRedisSavePayloadUs=15 profileRedisUpdateFloorUs=55 profileRedisUpdateTopBidUs=133 profileRedisUs=1892 profileSimUs=10260 profileTotalUs=16091 proposerPubkey=0xb8c6663371dc37bf083134dea26a20115ccc52b7c15a662bcfa33435e4ade14c6bc9714a5cdee492530accf8a327b2aa reqContentType=json reqIsGzip=false service=relay/api slot=96 timestampAfterBidUpdate=1733519101563 timestampAfterCheckingFloorBid=1733519101551 timestampAfterCheckingTopBid=1733519101551 timestampAfterDecoding=1733519101548 timestampAfterSignatureCheck=1733519101550 timestampAfterValidation=1733519101561 timestampBeforeCheckingFloorBid=1733519101550 timestampBeforeCheckingTopBid=1733519101551 timestampBeforeSignatureCheck=1733519101548 timestampBeforeValidation=1733519101551 timestampEligibleAt=1733519101563 timestampRequestStart=1733519101547 topBidValue=2527550353797000 validationDurationMs=10 value=2527550353797000 version=6fc57d1-dev wasBidSavedInRedis=true wasTopBidUpdated=true
time="2024-12-06T21:05:01Z" level=info msg="request finished" blobGasUsed=0 blockHash=0x14ca92bcd6588732ccfbf16b653e5644992a5f2c50918f567d59a7afce15d6fc builderIsHighPrio=false builderPubkey=0xaa1488eae4b06a1fff840a2b6db167afc520758dc2c8af0dfb57037954df3431b747e2f900fe8805f05d635e9a29717b cancellationEnabled=false contentLength=21002 excessBlobGas=0 fastTrackValidation=false headSlot=95 isLargeRequest=false method=submitNewBlock newBidIsTopBid=true numBlobs=0 numTx=81 parentHash=0xafc7cc61daca94e30ddac1eeb2bb0ab7f3d51c49d0f177d9d6e4831081f2f81e payloadBytes=21002 prevTopBidValue=0 profileRedisSavePayloadUs=15 profileRedisUpdateFloorUs=55 profileRedisUpdateTopBidUs=133 proposerPubkey=0xb8c6663371dc37bf083134dea26a20115ccc52b7c15a662bcfa33435e4ade14c6bc9714a5cdee492530accf8a327b2aa reqContentType=json reqIsGzip=false requestDurationMs=23 service=relay/api slot=96 timestampAfterBidUpdate=1733519101563 timestampAfterCheckingFloorBid=1733519101551 timestampAfterCheckingTopBid=1733519101551 timestampAfterDecoding=1733519101548 timestampAfterSignatureCheck=1733519101550 timestampAfterValidation=1733519101561 timestampBeforeCheckingFloorBid=1733519101550 timestampBeforeCheckingTopBid=1733519101551 timestampBeforeSignatureCheck=1733519101548 timestampBeforeValidation=1733519101551 timestampEligibleAt=1733519101563 timestampRequestFin=1733519101571 timestampRequestStart=1733519101547 topBidValue=2527550353797000 validationDurationMs=10 value=2527550353797000 version=6fc57d1-dev wasBidSavedInRedis=true wasTopBidUpdated=true
time="2024-12-06T21:05:01Z" level=info msg="http: POST /relay/v1/builder/blocks 200" duration=0.024091 method=POST path=/relay/v1/builder/blocks service=relay/api status=200 version=6fc57d1-dev
time="2024-12-06T21:05:02Z" level=info msg="request initiated" cancellationEnabled=false contentLength=25662 headSlot=95 method=submitNewBlock service=relay/api timestampRequestStart=1733519102049 version=6fc57d1-dev
time="2024-12-06T21:05:02Z" level=info msg="block validation successful" blobGasUsed=0 blockHash=0x5fe40ea02a6cd71e29a67b8dcd438d4050677cea1b44836fbcc2f00a2a038a4a builderIsHighPrio=false builderPubkey=0xaa1488eae4b06a1fff840a2b6db167afc520758dc2c8af0dfb57037954df3431b747e2f900fe8805f05d635e9a29717b cancellationEnabled=false contentLength=25662 durationMs=14 excessBlobGas=0 fastTrackValidation=false headSlot=95 isLargeRequest=false method=submitNewBlock newBidIsTopBid=true numBlobs=0 numTx=101 numWaiting=0 parentHash=0xafc7cc61daca94e30ddac1eeb2bb0ab7f3d51c49d0f177d9d6e4831081f2f81e payloadBytes=25662 proposerPubkey=0xb8c6663371dc37bf083134dea26a20115ccc52b7c15a662bcfa33435e4ade14c6bc9714a5cdee492530accf8a327b2aa reqContentType=json reqIsGzip=false service=relay/api slot=96 timestampAfterCheckingFloorBid=1733519102053 timestampAfterCheckingTopBid=1733519102053 timestampAfterDecoding=1733519102050 timestampAfterSignatureCheck=1733519102053 timestampBeforeCheckingFloorBid=1733519102053 timestampBeforeCheckingTopBid=1733519102053 timestampBeforeSignatureCheck=1733519102050 timestampBeforeValidation=1733519102053 timestampRequestStart=1733519102049 topBidValue=2527550353797000 value=3159437755677000 version=6fc57d1-dev
time="2024-12-06T21:05:02Z" level=info msg="received block from builder" blobGasUsed=0 blockHash=0x5fe40ea02a6cd71e29a67b8dcd438d4050677cea1b44836fbcc2f00a2a038a4a builderIsHighPrio=false builderPubkey=0xaa1488eae4b06a1fff840a2b6db167afc520758dc2c8af0dfb57037954df3431b747e2f900fe8805f05d635e9a29717b cancellationEnabled=false contentLength=25662 excessBlobGas=0 fastTrackValidation=false headSlot=95 isLargeRequest=false method=submitNewBlock newBidIsTopBid=true numBlobs=0 numTx=101 parentHash=0xafc7cc61daca94e30ddac1eeb2bb0ab7f3d51c49d0f177d9d6e4831081f2f81e payloadBytes=25662 prevTopBidValue=2527550353797000 profileDecodeUs=1157 profilePrechecksUs=2888 profileRedisSavePayloadUs=15 profileRedisUpdateFloorUs=96 profileRedisUpdateTopBidUs=228 profileRedisUs=1966 profileSimUs=14363 profileTotalUs=20486 proposerPubkey=0xb8c6663371dc37bf083134dea26a20115ccc52b7c15a662bcfa33435e4ade14c6bc9714a5cdee492530accf8a327b2aa reqContentType=json reqIsGzip=false service=relay/api slot=96 timestampAfterBidUpdate=1733519102070 timestampAfterCheckingFloorBid=1733519102053 timestampAfterCheckingTopBid=1733519102053 timestampAfterDecoding=1733519102050 timestampAfterSignatureCheck=1733519102053 timestampAfterValidation=1733519102068 timestampBeforeCheckingFloorBid=1733519102053 timestampBeforeCheckingTopBid=1733519102053 timestampBeforeSignatureCheck=1733519102050 timestampBeforeValidation=1733519102053 timestampEligibleAt=1733519102070 timestampRequestStart=1733519102049 topBidValue=3159437755677000 validationDurationMs=14 value=3159437755677000 version=6fc57d1-dev wasBidSavedInRedis=true wasTopBidUpdated=true
time="2024-12-06T21:05:02Z" level=info msg="request finished" blobGasUsed=0 blockHash=0x5fe40ea02a6cd71e29a67b8dcd438d4050677cea1b44836fbcc2f00a2a038a4a builderIsHighPrio=false builderPubkey=0xaa1488eae4b06a1fff840a2b6db167afc520758dc2c8af0dfb57037954df3431b747e2f900fe8805f05d635e9a29717b cancellationEnabled=false contentLength=25662 excessBlobGas=0 fastTrackValidation=false headSlot=95 isLargeRequest=false method=submitNewBlock newBidIsTopBid=true numBlobs=0 numTx=101 parentHash=0xafc7cc61daca94e30ddac1eeb2bb0ab7f3d51c49d0f177d9d6e4831081f2f81e payloadBytes=25662 prevTopBidValue=2527550353797000 profileRedisSavePayloadUs=15 profileRedisUpdateFloorUs=96 profileRedisUpdateTopBidUs=228 proposerPubkey=0xb8c6663371dc37bf083134dea26a20115ccc52b7c15a662bcfa33435e4ade14c6bc9714a5cdee492530accf8a327b2aa reqContentType=json reqIsGzip=false requestDurationMs=28 service=relay/api slot=96 timestampAfterBidUpdate=1733519102070 timestampAfterCheckingFloorBid=1733519102053 timestampAfterCheckingTopBid=1733519102053 timestampAfterDecoding=1733519102050 timestampAfterSignatureCheck=1733519102053 timestampAfterValidation=1733519102068 timestampBeforeCheckingFloorBid=1733519102053 timestampBeforeCheckingTopBid=1733519102053 timestampBeforeSignatureCheck=1733519102050 timestampBeforeValidation=1733519102053 timestampEligibleAt=1733519102070 timestampRequestFin=1733519102078 timestampRequestStart=1733519102049 topBidValue=3159437755677000 validationDurationMs=14 value=3159437755677000 version=6fc57d1-dev wasBidSavedInRedis=true wasTopBidUpdated=true
time="2024-12-06T21:05:02Z" level=info msg="http: POST /relay/v1/builder/blocks 200" duration=0.028533 method=POST path=/relay/v1/builder/blocks service=relay/api status=200 version=6fc57d1-dev
time="2024-12-06T21:05:03Z" level=info msg="payload attributes received for slot: 97" service=relay/api version=6fc57d1-dev
time="2024-12-06T21:05:03Z" level=info msg="updated payload attributes" headSlot=95 payloadAttrParent=0xafc7cc61daca94e30ddac1eeb2bb0ab7f3d51c49d0f177d9d6e4831081f2f81e payloadAttrSlot=97 randao=0x9a8fb6fea1932b4340ccea1c365b87081a5ecd2e3611d468317e72d7efd158a5 service=relay/api timestamp=1733519105 version=6fc57d1-dev withdrawalsRoot=0x792930bbd5baac43bcc798ee49aa8185ef76bb3b44ba62b91d86ae569e4bb535
time="2024-12-06T21:05:03Z" level=debug msg="getHeader request received" headSlot=95 method=getHeader mevBoostV=v1.8.1 msIntoSlot=11 parentHash=0xafc7cc61daca94e30ddac1eeb2bb0ab7f3d51c49d0f177d9d6e4831081f2f81e pubkey=0xb8c6663371dc37bf083134dea26a20115ccc52b7c15a662bcfa33435e4ade14c6bc9714a5cdee492530accf8a327b2aa requestTimestamp=1733519103 service=relay/api slot=96 slotStartSec=1733519103 ua="mev-boost/v1.8.1 Lighthouse/v5.3.0-2e0eb6d" version=6fc57d1-dev
time="2024-12-06T21:05:03Z" level=debug msg="getPayload response from redis" datastoreMethod=GetGetPayloadResponse headSlot=95 method=getHeader mevBoostV=v1.8.1 msIntoSlot=11 parentHash=0xafc7cc61daca94e30ddac1eeb2bb0ab7f3d51c49d0f177d9d6e4831081f2f81e pubkey=0xb8c6663371dc37bf083134dea26a20115ccc52b7c15a662bcfa33435e4ade14c6bc9714a5cdee492530accf8a327b2aa requestTimestamp=1733519103 service=relay/api slot=96 slotStartSec=1733519103 ua="mev-boost/v1.8.1 Lighthouse/v5.3.0-2e0eb6d" version=6fc57d1-dev
time="2024-12-06T21:05:03Z" level=info msg="parent beacon root found in payload attributes" service=relay/api version=6fc57d1-dev
time="2024-12-06T21:05:03Z" level=info msg="validator registrations call processed" contentLength=28289 headSlot=95 method=registerValidator mevBoostV=v1.8.1 numRegistrations=64 numRegistrationsActive=0 numRegistrationsNew=0 numRegistrationsProcessed=64 processingStoppedByError=false service=relay/api timeNeededMs=6 timeNeededSec=0.006143939 ua="mev-boost/v1.8.1 Lighthouse/v5.3.0-2e0eb6d" version=6fc57d1-dev
time="2024-12-06T21:05:03Z" level=info msg="http: POST /eth/v1/builder/validators 200" duration=0.006242 method=POST path=/eth/v1/builder/validators service=relay/api status=200 version=6fc57d1-dev
time="2024-12-06T21:05:03Z" level=info msg="validator registrations call processed" contentLength=28289 headSlot=95 method=registerValidator mevBoostV=v1.8.1 numRegistrations=64 numRegistrationsActive=0 numRegistrationsNew=0 numRegistrationsProcessed=64 processingStoppedByError=false service=relay/api timeNeededMs=5 timeNeededSec=0.005039095 ua="mev-boost/v1.8.1 Lighthouse/v5.3.0-2e0eb6d" version=6fc57d1-dev
time="2024-12-06T21:05:03Z" level=info msg="http: POST /eth/v1/builder/validators 200" duration=0.005134 method=POST path=/eth/v1/builder/validators service=relay/api status=200 version=6fc57d1-dev
time="2024-12-06T21:05:03Z" level=info msg="enrich block response received / responseuuid:\"c22ee494-073a-4fb3-a5f8-f7b578694269\" executionPayloadHeader:{ParentHash:\"\\xaf\\xc7\\xcca\\xdaʔ\\xe3\\r\\xda\\xc1\uecbb\\n\\xb7\\xf3\\xd5\\x1cI\\xd0\\xf1w\\xd9\\xd6\\xe4\\x83\\x10\\x81\\xf2\\xf8\\x1e\" StateRoot:\"\\xcb;\\xc1\\x8e\\x97\\xf9_\\xabT\\xef\\x94\\xf7m\\xbdV7Z\\xf4\\xc3=\\x05\\xf0\\xa5\\xa8ҵ\ue108ɓ/\" ReceiptsRoot:\"r2\\x9c\\xb3NA\\x19\\x10\\xfd\\xfal3\\xddęK\\xed&\\x0cwf\\xe3\\x00\\xfc\\xe1\\x1c\\x7f*\\xdcX\\x13=\" LogsBloom:\"@ \\x00\\x00\\x00\\x00\\x00\\x00\\x00\\x00\\x00\\x00\\x80\\x00\\x00\\x00\\x00\\x00\\x00\\x00\\x00\\x01\\x00\\x00\\x00\\x00\\x00\\x00\\x00\\x00\\x00\\x00\\x00\\x00\\x00\\x00\\x00\\x02\\x80\\x00\\x00\\x00\\x00\\x00\\x00\\x00 \\x00\\x00\\x00\\x00\\x00\\x00\\x00\\x00\\x00\\x00\\x00\\x00\\x00 \\x00\\x00\\x00\\x00\\x00\\x00\\x00\\x00\\x00\\x00\\x00\\x00\\x00\\x00\\x08\\x00\\x00\\x00 \\x00\\x00\\x00\\x00\\x08\\x00\\x00\\x00\\x00\\x02\\x00\\x00\\x08\\x00\\x00\\x00\\x00\\x00\\x00\\x00\\x00 \\x00\\x00\\x00\\x00\\x00\\x00\\x10\\x00\\x00\\x00\\x00\\x00\\x00\\x00\\x00\\x00\\x00\\x00\\x00\\x00\\x00\\x10\\x00\\x00\\x00\\x00\\x00\\x00\\x00\\x00\\x00\\x00\\x00\\x00\\x00\\x10\\x00\\x00\\x00\\x00\\x00\\x00\\x00\\x00\\x00\\x00\\x00\\x00\\x00\\x08\\x00\\x00\\x00@\\x00\\x02\\x00\\x00\\x00\\x00\\x00\\x00\\x00\\x00\\x04\\x00\\x00\\x00\\x00\\x00\\x00\\x00\\x00@\\x00\\x00\\x00\\x00\\x00\\x00\\x00\\x02\\x00\\x00\\x00\\x00\\x00\\x00\\x00\\x00\\x00\\x00\\x10\\x02\\x00\\x00\\x00\\x00\\x00\\x00\\x00\\x00\\x00\\x00\\x00\\x00\\x00\\x00\\x00 \\x00\\x00\\x00\\x10\\x00\\x00\\x00\\x00\\x00\\x00\\x00\\x00\\x00\\x00\\x00\\x00\\x00\\x00\\x00\\x00\\x00\\x00\\x00\\x00\\x00\\x00\\x00\\x00\\x00\\x00\\x00\\x00\\x00\\x00\\x00\\x00\\x00\\x00\\x00\\x00\\x00\\x00\\x00\\x00\" PrevRandao:\"\\x9a\\x8f\\xb6\\xfe\\xa1\\x93+C@\\xcc\\xea\\x1c6[\\x87\\x08\\x1a^\\xcd.6\\x11\\xd4h1~r\\xd7\\xef\\xd1X\\xa5\" ExtraData:\"Illuminate Dmocratize Dstribute\" BaseFeePerGas:\"\\\"\\x0b\" FeeRecipient:\"\\x89CTQw\\x80n\\xd1{\\x9f#\\xf0\\xa2\\x1e唎ʧv\" BlockHash:\"\\xd4CS\\xd68>\\x1d\\xaf\\x85X\\x8a\\xaf=\\xe7\\x8e\\xd7\\xe6&\\xa6\\xfc\\xb8\\xe8V\\xfd\\xa0\\x07\\x13\\xa8D_\\xe4G\" TransactionsRoot:\"\\x1fK\\xea!\\xe2\\xe4(\\x04\\xf0\\x94F\\x00\\x99\\x15\\xcd\\xe8N\\xe2e\\xef\\xc8\\x0b\\xba&G\\xd8G\\x9c\\x9b\\x1b%f\" WithdrawalsRoot:\"y)0\\xbbպ\\xacC\\xbcǘ\\xeeI\\xaa\\x81\\x85\\xefv\\xbb;D\\xbab\\xb9\\x1d\\x86\\xaeV\\x9eK\\xb55\" BlockNumber:96 GasLimit:27455723 Timestamp:1733519103 GasUsed:2228343} value:3696152755677000" service=relay/api version=6fc57d1-dev
time="2024-12-06T21:05:03Z" level=info msg="bid enriched with PROF" service=relay/api value=3696152755677000 version=6fc57d1-dev
time="2024-12-06T21:05:03Z" level=info msg="SUCCESS: bid enriched with PROF" enrichedHeader="{[175 199 204 97 218 202 148 227 13 218 193 238 178 187 10 183 243 213 28 73 208 241 119 217 214 228 131 16 129 242 248 30] [137 67 84 81 119 128 110 209 123 159 35 240 162 30 229 148 142 202 167 118] [203 59 193 142 151 249 95 171 84 239 148 247 109 189 86 55 90 244 195 61 5 240 165 168 210 181 238 132 136 201 147 47] [114 50 156 179 78 65 25 16 253 250 108 51 221 196 153 75 237 38 12 119 102 227 0 252 225 28 127 42 220 88 19 61] [64 32 0 0 0 0 0 0 0 0 0 0 128 0 0 0 0 0 0 0 0 1 0 0 0 0 0 0 0 0 0 0 0 0 0 0 0 2 128 0 0 0 0 0 0 0 32 0 0 0 0 0 0 0 0 0 0 0 0 0 32 0 0 0 0 0 0 0 0 0 0 0 0 0 0 8 0 0 0 32 0 0 0 0 8 0 0 0 0 2 0 0 8 0 0 0 0 0 0 0 0 32 0 0 0 0 0 0 16 0 0 0 0 0 0 0 0 0 0 0 0 0 0 16 0 0 0 0 0 0 0 0 0 0 0 0 0 16 0 0 0 0 0 0 0 0 0 0 0 0 0 8 0 0 0 64 0 2 0 0 0 0 0 0 0 0 4 0 0 0 0 0 0 0 0 64 0 0 0 0 0 0 0 2 0 0 0 0 0 0 0 0 0 0 16 2 0 0 0 0 0 0 0 0 0 0 0 0 0 0 0 32 0 0 0 16 0 0 0 0 0 0 0 0 0 0 0 0 0 0 0 0 0 0 0 0 0 0 0 0 0 0 0 0 0 0 0 0 0 0 0 0 0 0 0 0] [154 143 182 254 161 147 43 67 64 204 234 28 54 91 135 8 26 94 205 46 54 17 212 104 49 126 114 215 239 209 88 165] 96 27455723 2228343 1733519103 [73 108 108 117 109 105 110 97 116 101 32 68 109 111 99 114 97 116 105 122 101 32 68 115 116 114 105 98 117 116 101] 8715 [212 67 83 214 56 62 29 175 133 88 138 175 61 231 142 215 230 38 166 252 184 232 86 253 160 7 19 168 68 95 228 71] [31 75 234 33 226 228 40 4 240 148 70 0 153 21 205 232 78 226 101 239 200 11 186 38 71 216 71 156 155 27 37 102] [121 41 48 187 213 186 172 67 188 199 152 238 73 170 129 133 239 118 187 59 68 186 98 185 29 134 174 86 158 75 181 53] 0 0}" headSlot=95 method=getHeader mevBoostV=v1.8.1 msIntoSlot=11 parentHash=0xafc7cc61daca94e30ddac1eeb2bb0ab7f3d51c49d0f177d9d6e4831081f2f81e pubkey=0xb8c6663371dc37bf083134dea26a20115ccc52b7c15a662bcfa33435e4ade14c6bc9714a5cdee492530accf8a327b2aa requestTimestamp=1733519103 service=relay/api slot=96 slotStartSec=1733519103 ua="mev-boost/v1.8.1 Lighthouse/v5.3.0-2e0eb6d" version=6fc57d1-dev
time="2024-12-06T21:05:03Z" level=info msg="TIME: bid enriched with PROF" enrichTime=28.645648ms headSlot=95 method=getHeader mevBoostV=v1.8.1 msIntoSlot=11 parentHash=0xafc7cc61daca94e30ddac1eeb2bb0ab7f3d51c49d0f177d9d6e4831081f2f81e pubkey=0xb8c6663371dc37bf083134dea26a20115ccc52b7c15a662bcfa33435e4ade14c6bc9714a5cdee492530accf8a327b2aa requestTimestamp=1733519103 service=relay/api slot=96 slotStartSec=1733519103 ua="mev-boost/v1.8.1 Lighthouse/v5.3.0-2e0eb6d" version=6fc57d1-dev
time="2024-12-06T21:05:03Z" level=info msg="Original Bid" bid=3159437755677000 headSlot=95 method=getHeader mevBoostV=v1.8.1 msIntoSlot=11 parentHash=0xafc7cc61daca94e30ddac1eeb2bb0ab7f3d51c49d0f177d9d6e4831081f2f81e pubkey=0xb8c6663371dc37bf083134dea26a20115ccc52b7c15a662bcfa33435e4ade14c6bc9714a5cdee492530accf8a327b2aa requestTimestamp=1733519103 service=relay/api slot=96 slotStartSec=1733519103 ua="mev-boost/v1.8.1 Lighthouse/v5.3.0-2e0eb6d" version=6fc57d1-dev
time="2024-12-06T21:05:03Z" level=info msg="Enriched Bid" enrichedBid=3696152755677000 headSlot=95 method=getHeader mevBoostV=v1.8.1 msIntoSlot=11 parentHash=0xafc7cc61daca94e30ddac1eeb2bb0ab7f3d51c49d0f177d9d6e4831081f2f81e pubkey=0xb8c6663371dc37bf083134dea26a20115ccc52b7c15a662bcfa33435e4ade14c6bc9714a5cdee492530accf8a327b2aa requestTimestamp=1733519103 service=relay/api slot=96 slotStartSec=1733519103 ua="mev-boost/v1.8.1 Lighthouse/v5.3.0-2e0eb6d" version=6fc57d1-dev
time="2024-12-06T21:05:03Z" level=info msg="http: GET /eth/v1/builder/header/96/0xafc7cc61daca94e30ddac1eeb2bb0ab7f3d51c49d0f177d9d6e4831081f2f81e/0xb8c6663371dc37bf083134dea26a20115ccc52b7c15a662bcfa33435e4ade14c6bc9714a5cdee492530accf8a327b2aa 200" duration=0.031907 method=GET path=/eth/v1/builder/header/96/0xafc7cc61daca94e30ddac1eeb2bb0ab7f3d51c49d0f177d9d6e4831081f2f81e/0xb8c6663371dc37bf083134dea26a20115ccc52b7c15a662bcfa33435e4ade14c6bc9714a5cdee492530accf8a327b2aa service=relay/api status=200 version=6fc57d1-dev
time="2024-12-06T21:05:03Z" level=info msg="request initiated --> handleGetPayload" contentLength=3483 headSlot=95 headSlotEpochPos=32 idArg= method=getPayload mevBoostV=v1.8.1 service=relay/api timestampRequestStart=1733519103102 ua="mev-boost/v1.8.1 Lighthouse/v5.3.0-2e0eb6d" version=6fc57d1-dev
time="2024-12-06T21:05:03Z" level=info msg="getPayload request received" blockHash=0xd44353d6383e1daf85588aaf3de78ed7e626a6fcb8e856fda00713a8445fe447 contentLength=3483 feeRecipient=0x8943545177806ED17B9F23F0a21ee5948eCaa776 headSlot=95 headSlotEpochPos=32 idArg= method=getPayload mevBoostV=v1.8.1 msIntoSlot=102 proposerIndex=70 proposerPubkey=0xb8c6663371dc37bf083134dea26a20115ccc52b7c15a662bcfa33435e4ade14c6bc9714a5cdee492530accf8a327b2aa service=relay/api slot=96 slotEpochPos=1 slotStartSec=1733519103 timestampAfterDecode=1733519103102 timestampAfterSignatureVerify=1733519103104 timestampRequestStart=1733519103102 ua="mev-boost/v1.8.1 Lighthouse/v5.3.0-2e0eb6d" version=6fc57d1-dev
getPayloadFromProf called!!!
getPayloadResponse returning payload from bundle merger: &{Version:deneb Bellatrix:null
 Capella:null
 Deneb:{execution_payload: {parent_hash: '0xafc7cc61daca94e30ddac1eeb2bb0ab7f3d51c49d0f177d9d6e4831081f2f81e', fee_recipient: '0x8943545177806ED17B9F23F0a21ee5948eCaa776', state_root: '0xcb3bc18e97f95fab54ef94f76dbd56375af4c33d05f0a5a8d2b5ee8488c9932f', receipts_root: '0x72329cb34e411910fdfa6c33ddc4994bed260c7766e300fce11c7f2adc58133d', logs_bloom: '0x40200000000000000000000080000000000000000001000000000000000000000000000000028000000000000000200000000000000000000000000020000000000000000000000000000008000000200000000008000000000200000800000000000000002000000000000010000000000000000000000000000010000000000000000000000000001000000000000000000000000000080000004000020000000000000000040000000000000000400000000000000002000000000000000000001002000000000000000000000000000000200000001000000000000000000000000000000000000000000000000000000000000000000000000000000000', prev_randao: '0x9a8fb6fea1932b4340ccea1c365b87081a5ecd2e3611d468317e72d7efd158a5', block_number: 96, gas_limit: 27455723, gas_used: 2228343, timestamp: 1733519103, extra_data: '0x496c6c756d696e61746520446d6f63726174697a6520447374726962757465', base_fee_per_gas: '8715', block_hash: '0xd44353d6383e1daf85588aaf3de78ed7e626a6fcb8e856fda00713a8445fe447', transactions: ['0xf8708203e88459ace7ad825208946177843db3138ae69679a54b95cf345ed759450d880429d069189e0000808360306ca056efa809a085767ef728a195c5e0039e6961382be9f84e239ff1f7be6a5fbed5a022c581e01e87515271330bdb5fb8fac449f58476a829e3983a761ffecaab64fa', '0xf8708203e98459ace7ad82520894687704db07e902e9a8b3754031d168d46e3d586e880429d069189e0000808360306ca0772c58a06118712ff17d2773ebf12f0d5d5d21195fa9ccd53259bdb22f3a3729a03be02e6c9aea5afae9de6fcee7631ba290cd12a4c4792acb5138075623708ffb', '0xf8708203ea8459ace7ad8252089415e6a5a2e131dd5467fa1ff3acd104f45ee5940b880429d069189e0000808360306ba036b0805ffe1eb4efe19616b37de9352395dd4635ac00f8c10a193fe79a602043a01eecdad65e677ab0f3ba6416874b0916412011d42819c2678760fe8b62f3fa9c', '0xf8708203eb8459ace7ad8252089480c4c7125967139acaa931ee984a9db4100e0f3b880429d069189e0000808360306ca0d364a41fbecf91576943d1f476f87456c1555ee76dd0032f6829555bde193341a070a918b48cf19cada5a96292e55ac2998e180a7eb8bbafdefc23e5c988392db1', '0xf8708203ec8459ace7ad82520894d08a63244fcd28b0aec5075052cdce31ba04fead880429d069189e0000808360306ca02d1c88892f729fd26725776dad2ba8a5ceeb0e8d330728169faf094e9e56997fa04889002aff775692c135eb711ef1c3ec2491710643df2edbe0caeeab7e558c72', '0xf8708203ed8459ace7ad825208940b06ef8be65fcda88f2dbae5813480f997ee8e35880429d069189e0000808360306ba06a2c8ae105f1852b5617c3b54789d07d264c00ebabee0767b854b26aaf0429c4a07c232c08fc42fe332b4fba16367401d8acd40c6e98795ce0d30ab840816d8e52', '0xf8708203ee8459ace7ad825208941cb96c5809da5977f99f69c11ee58bae5711c5f1880429d069189e0000808360306ba0e4669e02be4e324f1708b53f4e0de7beb691f298c0331a6fc07949ef55383dd4a06c75fc0231c04a37ea8f7b72ec6ffd060df4aee5811be8a17055bdf496106719', '0xf8708203ef8459ace7ad825208942aa48ee899410a6d97c01b0bb0eeaf1771cc435b880429d069189e0000808360306ca04a455f551bbf566f8982faa674bc48bf8230270bb0345535372903d80cd5ed26a007a7cb7017b0dc76c0ef64d8a2a75a1c8aba03d9991ffc227fd513f407574d84', '0xf8708203f08459ace7ad8252089407b9d920dd8e8d83dc1125c94fc0b3cdcdf602fb880429d069189e0000808360306ca07719f7e233bd9f87ddf29ba974cccd2f4a04f5c20dc6da342cf0ee35c11748dfa053df8d1f72d715a75f316f98784d0d774ed0858c161fcc14c3b77c0abb782508', '0xf8708203f18459ace7ad82520894fcb6e353ad4f79245c7cb704abcffe2f48684241880429d069189e0000808360306ca0a07818c86254e6ca7d002ec9d34290481d871fc78845488910aa242eddd5464ea0216462ea35bcc87f2dd25cc0603db5c1dc81e4b6578f898d9c4638cb21d96908', '0xf8708203f28459ace7ad825208940d3de4256d6322683fdea9ee23765ccbfcb83da4880429d069189e0000808360306ba016a6fee412f69d51a884c93d8c7783d7b4ea4825be078e3973f692aa31f8ac10a012747b05229bba861ea3f256bdac3df07b76b4b5052fe76b04ecb1abe2e6934d', '0xf8708203f38459ace7ad825208946021752d8d9b2f221d4fea4349dea34ddbcfce50880429d069189e0000808360306ba0cb1a01b1e6903bcd26441ad44740abf65dc79b3006a7f76adba21f467a2403e4a055994742d84321cda4bb7f4cf76fd6dee20b9e5454968b0e69f405f14a255c28', '0xf8708203f48459ace7ad8252089461e296d527edc89e831cf593ec341f16197eeafb880429d069189e0000808360306ba066beeb91111139aedd5a5fe1413c24f4c791743b7bd5aee63aba0caa52a16c15a058bb93a727335736c22a99f09e3b792ff280c9a86e0e03b805a0704e6eb012b0', '0xf8708203f58459ace7ad82520894cf7317ee7a3b497ecf634b94bff60ff91b925747880429d069189e0000808360306ca08739962087423949d7cc18a3604ab06167b9019c875272e02ea09ceebcdb714ea02f37f74a0656b2a1af75e51683ed6b551d6838f6e21d1927a69a7c1da01f8ec3', '0xf8708203f68459ace7ad825208947e7b519df31f77ced83eea1b16aedb6dcb0f0b24880429d069189e0000808360306ba00af9812aa6ea9e3f262dbca0c971da8a041e58c8a57de91d50ac988e9481a657a02b0231b5bc49b7b8e3cd2004881b8e71dadc9bf570f0a9603e162d22f4a27ac3', '0xf8708203f78459ace7ad8252089488a075e0fb1c9309a200a8bf0a88b214bf7ceb8d880429d069189e0000808360306ba0e8ea8b25f7d58109f4da04a595a82ceb8aeec6fec78b199aef8088bb454ade81a058f8953d84ec8df75eb71209d63ba5a36fe3b1ad5f6be5f2493f594c8cc27fc2', '0xf8708203f88459ace7ad82520894c8d7cfb58f3ac02568e6505bf3fb5eb6f0807039880429d069189e0000808360306ba09d29ca651c485be1e4d69c20c8f7ad903bf923a2af79446136c937adbc586a1fa02a0c6c509abc31bf4e95da2b2f42cc09d09cc22f92c756c0f5ecb0f156d8bf94', '0xf8708203f98459ace7ad82520894e0132e8d7b1b766e0ade5543d6c6c0b2d5a2f01d880429d069189e0000808360306ca0e2b1b63559aa3fa0ad9cb7bf75a9b9fb9ae9fba62057aea7cd1c200c8539aaeda05a413ac9ea677b397c91f22d0d9bc769b2c04393eaf4a98bd87898ea8be32952', '0xf8708203fa8459ace7ad82520894eb674c0411db79654afdc1e131f3b6e734baee6c880429d069189e0000808360306ca0422ff10193f7054481698ef95c2b71b1267930f6441f0b2cb941b084ea6b9a0ba05c376eb0d8be052c5ddfaa40b55ee9da081cfc3a38b84fca07b65c27f6c7dd79', '0xf8708203fb8459ace7ad82520894dc07c60993cf689438b8c85f86b0ed938dca77ea880429d069189e0000808360306ba0396ad7cfe68ca983e26eb4b92b9bcc8ea84d3a9faaf9e99230f4295e85fcddb3a04bc46879d2ff2f507ec4939cd8e11fe41c1fb073a4267a146722c8c788f6680f', '0xf86f8203fc8459ace7ad82520894110ddc93db59ed31a03518510221ec2f35d28f2f880429d069189e0000808360306c9fa1a5d218ff803a941b7583dc11a0e19a5b170b68040fa1de21b04a0226b81ba010e605aca64c0911732e01a393f732e06c9e00442213ca5394c0a4dcb8ff295c', '0xf8708203fd8459ace7ad82520894b599a876aaac824cfce21bdf15627c9fd8634c30880429d069189e0000808360306ba08ca4ab4c4613f1aa6918e7101e10c8ffa0745f959e8e7682eea8326fc83a97cfa051202b089f143527cd0a173fc14c897342cbd339495f8c025da3ee21350fc3af', '0xf8708203fe8459ace7ad82520894d36e5540dd71acbd6416d60252c4d7c34a3c8245880429d069189e0000808360306ca02fb1b067b9fc72771e7091cbfd596fce1af0ce70609eba8d5d63aae0f6ad4190a03c1b7a02829a3909da957557c15f61072aa0b613141a5bd72bedb6a4bc7d2d77', '0xf8708203ff8459ace7ad825208943adeca35af56206a74987a8fe13c669365c770cf880429d069189e0000808360306ca0014d0529fb190d0e3c5f10fbcbe6beaa65a7696d8b4cfcd860716571c3039b3da01c337d5cd7beeb2d1232426e222fc88021f0c2dc0ef4e8a85d14ffb5efcc3119', '0xf8708204008459ace7ad82520894d77b95acd12f7b4b5692b55717b7bbca11651954880429d069189e0000808360306ba09d5123a4d68abc6c8b82a3ea19bf5f7d659ecf2ea0f4bfc5e85ee7e6155be86ba01b248e8857d856a2f29c1b6e154a3becfad72af5be1063bf538638eb283ec1f3', '0xf8708204018459ace7ad82520894f388bf5766b5ed5d4e1cbf15772e677dbfa80b00880429d069189e0000808360306ba0a1dceacf70c051f64ec6e3175f78cff5f8e3aae78b9849090c4989bf2b2baedca074adc19629e23b1cbdbe846ec2a1800ced54edbea3ff3d58be3838b628ab1a7e', '0xf8708204028459ace7ad8252089435d4996296e58560e6ef47787d51b55f1e2bd92a880429d069189e0000808360306ca0ea3418f32d743c7a10a89316f3e73c08b48a3baab2237b876919a623d1627064a00d7f6fd027ea88c28c2407a9081f80799ebca33af20651d892b49f1fa5323daf', '0xf8708204038459ace7ad82520894a4c3b77b898e53d6095f11c53a1ce272cff9af31880429d069189e0000808360306ba0d9c0e2861d2aa99daf6d3f0672c35ef04ea2c3d9338d0190077c6030985d5609a0188f38d1e1100ba847e3ee8224dd9a3aec86494d75643fb02044c62978e4e803', '0xf8708204048459ace7ad825208946e84f6113fc1919714f0266705813fb81a17181f880429d069189e0000808360306ca0b2a01a6c7ff5a95a8e20d7a26ea0433b4aa9031d8839c39be17d6d7ce152329ea067f0b8b9682e19ac175ede9d461cc71c01840f4ad1e86fb04d620e16d277d2b5', '0xf8708204058459ace7ad82520894e9ae1a806004e1452baae0493920815aadd84798880429d069189e0000808360306ca0b6374e706f967d26f3fe2b3217142007bd4b1a601e33dfd79dcb026632542446a01568e8580bba94b8c587590aafae95c06c6f537dcd49adef1789bdce8f427b5c', '0xf8708204068459ace7ad82520894fe1905d8ebd20e037274eef441283c811ea82c16880429d069189e0000808360306ba01b97a28c3fe6ea6d9fc5cc150a20486ee7d0f15cae447f68c5f522ebd16bfbdba0203ed9f3903157310886efd4ee0f32d6357f95b6afdef77078ed32c7301a2364', '0xf8708204078459ace7ad825208946adece88e477f53a143a4c29d97940df2ec768e0880429d069189e0000808360306ba0a1c65b7a622b12003e09f5d0f3ee5991c78b7c7f34c4291ca9f38a4f97ef6608a02ac9a132db0d2cce36c591ef9345a0a2da86e00814b88b50154dc0123c97adff', '0xf8708204088459ace7ad825208940d34d140a7376892c4593fcea3ae26f5d6f202d7880429d069189e0000808360306ca0dde959fcfd260674c5be4ae27c9555e6a1f471a5478ef93ca856e7c2ea5502bda0056837f0468ac884810cd7bef3614b1b2c0972a7775c3a0173a75afb1b500142', '0xf8708204098459ace7ad82520894d1c7fa75b9bc55d041fcdf215f3e3a351c9f9edc880429d069189e0000808360306ba0a5925b56c4849cbe1b516e344935b4b471913aa1395114ed6cc6de7d121c39c0a05d16f4a41c2b3b84583470c62c401a793c3e0698903def2461c14b842649b220', '0xf87082040a8459ace7ad82520894418ebe350a8c6387bf5e42f3502742af8e0781f1880429d069189e0000808360306ba0048b508186cdc22268d1d045935e241e0dcd90e3d6734bf5aff53cf6e53e7123a0257138fa22ad3d61ac1b4a3c52daac33f9518ee3b12e400a5db655230b86d742', '0xf87082040b8459ace7ad8252089484914d2770c711d27888c775c547b1d933b48c47880429d069189e0000808360306ba0b888a783846f07327858abe51c3e7d5b617072f817fa57be27133e2dd7937446a05d22535722e320cc1479f3a32ace02383d61725013093a0082e1d256513bd964', '0xf87082040c8459ace7ad825208948f51e560b85edf2e653c689c4e9fac02ce0556b8880429d069189e0000808360306ba0ce5d20cdad83961620cf49f66d6913098b9e70672ea7c0c6a20f1ec987f906a2a06565b89b5c12b81bb3826479321cbea784989ddc3672261b1f0c2403a442d36e', '0xf87082040d8459ace30182520894ee2503205c24dc66346e356f13f333fb8782d358880429d069189e0000808360306ba01acdd57b35e070937ef4816689fe9b17d1d1817175013603d880b299b99e4131a00164b4fc232991cc8e0e7e3131ba2fcfe5175a04d4260b93e29bc526d687d890', '0xf87082040e8459ace30182520894096ba6c59bd667a0fea9a356bcc988e4d9f2d8eb880429d069189e0000808360306ca0a032e5139b19e9554c1179db3175a2228afdbf7114d7a848d9ca10a199ce16baa022dc3b1dcbfceafd9eb972a237a7b9e31716d57a8442f6d6860b94850206447a', '0xf87082040f8459ace30182520894da0adce4f1dc7debe7b2b52e8fe9ace6c7ea9c66880429d069189e0000808360306ca02e7b508b0b4f2d8d6cd6ae9dd3dfa6bb1694d74ac9340ee03b13f097f0dde5fda00ef3cb8e79e9186c7c9d40814a3c2339ab3dbd0e9fc1a04a176d8b1ec1aa700d', '0xf8708204108459ace30182520894af7d412aeab7525c0541dc3aa6c1085cfb8c9099880429d069189e0000808360306ca09dd0525e24609a3961fb6be96deabf1e347b7248ec975213cc613be57a9f5e1ea02bfb4c77d0c83f49f43ead4fe0921e7dd51a3af04e76c7149028e3014faf5f11', '0xf8708204118459ace301825208943cf8c0d567261eaf4ac0872d33a9f48af361769f880429d069189e0000808360306ba022eea14b07f44e0b2ced077187eefb8264af3ba45cc1d33bc5fad2b9e06354c4a0269112b75f756abe956fcf8a055e162a329982126277a8b799875a1d4573d890', '0xf8708204128459ace301825208944779242587ba9e828999249eadd82984430f4843880429d069189e0000808360306ca0113d19d10c6f31f8ebeea4b3a328e48e4ffb4afca6c55e5ccdd77df15c3a3fe3a05a5449bf622eab060bcb1b42b1b83fcc7e0a8d8bd21e31d33d0c62591a932e89', '0xf8708204138459ace30182520894ea531cfe2de357ecff3855b88dbd07f60b03cdca880429d069189e0000808360306ba0d3d6c9ba58d9d6aba0773e2e5a9cc60b4001d16b005e9f122883828c85b412f5a069e088b2d333ad1d4f31318d7c8069a5d1560079243d17e5f0c96acad407b460', '0xf8708204148459ace30182520894d00b5f53ea2a66ad33c3fee304bb22857dfb8a87880429d069189e0000808360306ca0be4ecbe5cec5b1a7050e418df0fd74862a4442039202704fd54be58e21801d5aa00b4fba80b439bc92d5144cf9fd04f580e647fe7eb1f4ce1a338d75c3540a7a35', '0xf8708204158459ace301825208947ead29f6616f78f21a951c9686dd257be7b8efe4880429d069189e0000808360306ba050d0608ffdda3eb91f9693579bc6a01f6fbb898d8fded7faf82de6ba86b825fca079cd6b23022ba73ae13ae434a5c1c953d33240af401b56294b2621764a6ad404', '0xf8708204168459ace30182520894d503c13ee55c1ea128357d4018ec58d0d5e5c3db880429d069189e0000808360306ba09cb0d83a04e8a6f6cb4b24ba9d6eb818a8d540b7a67f6aa33ec02f8d1d976f45a0618543c79e76fbe6c5c5d97362f11a33a212a2ef83265059ecb0e21cc1133773', '0xf8708204178459ace301825208944ac670d8760faf780468638ef80034876ed8918d880429d069189e0000808360306ba07b05ad3be68774c5b27bf10b1fafbeb4b6e83961fe98d419a314bc03bc1106a5a04465f7e869f847246c25af8b4916926cc35f39acb62445fa3571d942b0374d9a', '0xf8708204188459ace3018252089424ffb8c97ce443f8d3265ba3316defcfc07c659c880429d069189e0000808360306ca0a4b10a201b3f4f4be4a29cf8e418116a5d92299e4e3eac079b55be6ff478976aa025aedbae47ac85cda26730ca85b85e63d4402382e21e6d193576de1278c9c33e', '0xf8708204198459ace301825208940c5cafc547ab98c9ceaa1c07fdd6bf7820aeb954880429d069189e0000808360306ca0bed4f31f2844a3a02f3d3638c29e172c24addea389c0917e65233cb27aab9fbda07dde44fb57aa5690df4f67bde35f0324ba029fb9d960cadbf8aba8bbc6ba8c9f', '0xf87082041a8459ace30182520894db8d964741c53e55df9c2d4e9414c6c96482874e880429d069189e0000808360306ba0053db297417fcd529db50803740125331225e98fb0622770ab3d115505018137a01a935e5bf3bd7d7a5c6cfa5b743128afd6a1cc7e04a802731e931375f25e5011', '0xf87082041b8459ace30182520894ba85bb35ae6ff7a34745993fcf92b9afd34124f1880429d069189e0000808360306ca04fec5ac99ce8c11ef1d2ef544b20aa2634cbfb0dbc5d549103b5928d8fdd65cda04c85825884b5db2f925f7a4ed60064a19af9177406a57c98f20c2f4e521adc59', '0xf87082041c8459ace3018252089458871015f5a2d3948264f7c16ad194c80ffd531d880429d069189e0000808360306ba0b37ee8cdcc6792b4e0abb04e6f85ad9b0979716c81eb79a6ed6f519639c9131da0343392b4ba78265cc12b8b26289140870a1a485276cfbcd8d60dc3368bee27c3', '0xf87082041d8459ace301825208942a90af45df70b0031f218cc122598ddf3e10469f880429d069189e0000808360306ba019a301579fe93c159c8589894b5c9be6f0e38e49b25afe9b424611692a08cbeca0021a4afff58857ccf52bb578ac05d8d424d60cb04fe68fd60efb26f441855266', '0xf87082041e8459ace30182520894761bbaaea6ceb265f5262c3b559adc2ad3ed2f09880429d069189e0000808360306ca0308b9554c1a61f3dd7b231ae86cb2a9a3e3795a54c3f87ac8ae447c1235c33e8a00c7455ac996a4636a9ae2c4f071e5c921a8c3e1024e643238f14b49ad6ea036b', '0xf87082041f8459ace30182520894dfe86f51c5e603f1420d1f0ab366bd3bfe23d2a7880429d069189e0000808360306ca01e9fb212ba93d8646a3072c78f70f59007adfa7c9c6fcefe0d0802b589d72a02a043f1f0123775868f47d49557ca3be5c6a1b346ed90e0a0036d8f1e38827ce293', '0xf8708204208459ace30182520894d616547158b05ab5079106dc0336d72763a72871880429d069189e0000808360306ca0cb501d382f568bad7330e7175b978f529cbfa2a7492557b0fb13c4f2ed88c301a01f8ccf41b582967c8a1b6f5f1c60093d58e41beadb4bd54894a275c44f8a4a30', '0xf8708204218459ace30182520894dc68cd278cb7f5f666ce7b0a3a214a8540ed4dfa880429d069189e0000808360306ca08072793e5d25cc1692785415d3c5dcbc41f764d7fe3ef7616f984950df9ef9c4a03906e12a0c05800450d94db5334e608353929df2073c77990fedb60df13a4c2c', '0xf8708204228459ace3018252089411f8107da05b6905e8cc0227ca3b0c6eb764fac0880429d069189e0000808360306ca0849e27e6d0be3dd37514d463170f6d70b731216b4291bdbfb052d1b2d0fbc676a00f7cf8930f45b61c60a2e179f9ab8b13a9ee970743449dce59a0515c147727e8', '0xf8708204238459ace3018252089404da906545679850a7ee0ef6836e183031bedc88880429d069189e0000808360306ba0fd364df8ae0f67552458ca4d6f73866335618010205c2328c48ffe84b80b6d07a004ea15e1c843d5b5ec832df6a842f8ba3199620500df49ca551324ecce1a0d22', '0xf8708204248459ace301825208948bdc25c43c010fd3db6281fcd8f7a0bed18838e3880429d069189e0000808360306ca00f150f47725b0a295e87590c60cc612a4b91d088d95d2197397df8a2da0d2cb4a06f39b23a7a66404647f369bceb4bc1ea300059b8bee43113b2627352236ee125', '0xf8708204258459ace30182520894af16f746b8a834a383fd0597d941fee52b7791eb880429d069189e0000808360306ba0393bedd2037d636d57d15d009f2f5e8bea68ee1c224a6bffec64088bc42f4ea6a0379a8a32239eba05dfef1cc9a3644dcfdaa2f94bb967f6b52e1de29a557b5fac', '0xf8708204268459ace301825208940c5c736600f8ea58ccb89aa72e3f3634651fd551880429d069189e0000808360306ca0f3ea67c23928ec0b1aaaee60819b3850e04082299939d900b2a260b38972d320a0038d45e495f3c54e2210ce537bc3a7b0e26f501ada6b00f72ad1921b7bdc1a39', '0xf8708204278459ace301825208946f475e0f0e9eda58556fddc04de9b1a9b6a4cfb4880429d069189e0000808360306ba090b6be4bef98425d032d7cd1ae472217aa7b00dd4aea6cd7943b42e913039ddfa02da9aa8c43f95d303848d4bf8604be56ba116fd853582b8fc93448bea947faf9', '0xf8708204288459ace301825208949b2e76498a695c4dc7d0890069cffa84a9581d24880429d069189e0000808360306ba0bed553eafbb5bdbc9a817738eca06e15e97ccea0d2b3b335b67f4703fd75bdaea03c706dc
c2a91e84c82fbd35a802e662b7e5f67d582fe3c994cec9e25dc8dc491', '0xf8708204298459ace30182520894e2d2b2069f4a54fcc171223ff0c17adbd743c285880429d069189e0000808360306ba067324f4488b0beeff91a3d170ae1128c15d9210139694c3a2b396cfeb734035da0204ec6a073d2ea7eec6ccb920948773345a580df66e91bc02845cc55378f9b5c', '0xf87082042a8459ace30182520894386bd49f04322544f3c7178fa5ae1a24b947b454880429d069189e0000808360306ca048f5ccc16e9465a10eb76cc5e3a58d98e671c2c5659d4098256137cb25f419cea027dc8de99feaf23e88988e8fd903ed19657d73c2a04db5f38ec9172d423cf351', '0xf87082042b8459ace3018252089400af839c3fc067fafc2e0a205858d6957f0dd18d880429d069189e0000808360306ca0fd4cbca04434e00f36558b0e3f5e553eb962fa15efd9ebf4fe60e55adb9b987fa03c461d1af1808cab51ae6d37d0cb5ca620fff46476a0da2dc4a7eca750126b23', '0xf87082042c8459ace30182520894ebb6d32a650afa9221b55a11c6a6de52b6f07cd7880429d069189e0000808360306ba0b6778e75c66004923ba57f005a9716b135cc761acce9549ec9f88bf642dbf672a079fcb79011b67090ed6a8a4c071f5d43d6683af7c8d5df0bd825df2eea51174f', '0xf87082042d8459ace30182520894011d26a3a9adc9203c8943a6a77aa8657af52420880429d069189e0000808360306ba0dcb543a316a51730069ce75e534f33ef9762542afc32e66e229f94d6d5c26692a046bcc184c7675227efa8518bd8d49ed1e63b3a90692d0550763ee604b8c93be2', '0xf87082042e8459ace301825208949c85bc61a89fb5abd957e6c819c653fc1aa0d11b880429d069189e0000808360306ba0be5eb0e48172a6569dd0d25a3ab8fc51fe7a90cbcddf2cb4b91088fe6d182e48a02a04da47b07b42e58adcacd2f785ac8dcc9526bbab0623f347d54f314849e474', '0xf87082042f8459ace30182520894bd8e8435b7897d87cf7cedb5cf8c5dd865dbf720880429d069189e0000808360306ca0c876dae15cab12c7eff87d48b234f9dbc5d5024925c80769e928c1f7e9959c0da04efa90eb3eafbfb16964edbb2170b4e91d56abdb9294d51cbc5fbe15cdb065a6', '0xf8708204308459ace30182520894adebee2e3ff041078b62380d001c6e51b4f15598880429d069189e0000808360306ba00e44affbf06ab01a8f0b13bea195df71c4ade5eae64b67ff946320007fbe3e95a0743629c95a40101f16f77b4ccee9f4e2f203809651fc80a59f41a57336640844', '0xf8708204318459ace3018252089471e94c459c9f05085fc0d34b5f21e648e05dc6b3880429d069189e0000808360306ba013763f45a3a8abe93c510e035c33bc2b86faaf739fbc85c820d86e742d3be618a05d598c32300daba2cfc981f557b844eef9f0dd72bcc9800afe03022f509419eb', '0xf8708204328459ace301825208947c1fe317db82c9298b87c56c3194178271b621e1880429d069189e0000808360306ca0ad63fb3c55a5168703a501a587164a4f0dc9a84791ec0966621a3a1bb0b94f1ea061cf2591fd34ae67534d56aca5598ca6602704bcb320cbef83d3ed2c5452d470', '0xf8708204338459ace30182520894e069d1c9abf5127bdc3a164fb93b96bfa9f74ce0880429d069189e0000808360306ca0b47268cd0ec13cd02dbd9a623d4e08a4e8bbdb1e9e4a46d24efa42733a293eaea07a5928a46ad99c1dc315e9c4484f1c3adb261efb37622573b7886c13d5cb84c6', '0xf8708204348459ace30182520894b9bbddd1eb6ef8fb1bdc6a853d5ad7486a9487dd880429d069189e0000808360306ba012fd36b179c44a556208883f479f7a29fcfda1e3e1089fe161df6e0fd556be19a07d6a80d81af6c0cb063f8bf75770ab3069800fc6740dbe2ce1f26e38f8109130', '0xf8708204358459ace30182520894a804387cdaf986d45831e8074efb2115af053f7a880429d069189e0000808360306ca061bf90d73d6d884ba106a60871a8aeff67769112f6e31df287fe05016b77c793a06136537610af8aecbd2ed98a179c5d6a19baad515111fa5e14930f32c57161ce', '0xf8708204368459ace30182520894f23501d784a041fc911b4c86c2bfb1f63ec170ea880429d069189e0000808360306ca0d43a0aadbcfc51dc58b4e4054e0b9a9a37643c7f4e8d26f6c8788ac44214ce3ba02b69c4a0963093102def4245a5adefb7651c9dc661436d05b3ddab1c0b21e2c9', '0xf8708204378459ace301825208943928be2a7058088313c0fb3294014e88a3c5ed4a880429d069189e0000808360306ba0941ee74b90edc4e113a4ded06f79fd99efea4218bc6846a82c594d895348d2ffa05e5fb3ed79f53a2bdaf4d535d561f50ed22e39b08bccd88a0e817f69ebd7bdd3', '0xf8708204388459ace30182520894196aa07204141478459c14106ef5e5282efe9957880429d069189e0000808360306ca02b71a52fae26898724e20d642443f257a06e9cc930438fe8c6bdce499f9606c9a051c68b7938b36bb38c068865d8dca6dc292b98829da056a92be9874784df82fb', '0xf8708204398459ace30182520894763cbf89560e2da270000822abda9584db693fa3880429d069189e0000808360306ba07b3681fe764187e00798fd0d37b1115cf22a0da865e120bc968f4c1e85dbe569a03b0bf656f4d8b09beb3eeeaa32469741ac663343dd3624b2d71a2c6f2a203ab0', '0xf87082043a8459ace301825208947feaea0ff70ffc9eec2104f57f7136aff4dea680880429d069189e0000808360306ba07caffd3a0a917646dde0dd838373169205ba9f2f01265ecc3c621b0d3cd4428ea06ff8eaa659df3eab527d121144451046cc80d050244a7ffbaabf71f8184c4ed7', '0xf87082043b8459ace30182520894e5466aacd9dd6d3bb35060a1ccc76a438de88ca1880429d069189e0000808360306ca0d1b07273ae517b3d6798f1e2f3f41c912d9c757a8e36792b0ebca1af29369cb2a06905f81e67531c5e3c9b4a46f99c7987b7964760b608156527a9ed85677be624', '0xf87082043c8459ace30182520894f670980415cfe8c4f8d10645ecf974c9a2fea00e880429d069189e0000808360306ba0e2e2fce0d828f57f37ee2cf07ddb45c860f1b36ced076dd49be9f7afa69b3c05a039bac4e1c605ef0eff84759c16a3dcbbfc718a853cff68e1a1a7b686035e4a06', '0xf87082043d8459ace30182520894a29115bce7829ffdd989b7cf1bdd1eac06a2cb36880429d069189e0000808360306ba0a3a82157237fe4d5f8e63c2fd473d273299ced722c2650f6ed2061eccf8fcb7ca04ea2e58730b8d8492acec402f54ab1e0739bcd143aa647f1f00b9cd8b4b643f1', '0xf87082043e8459ace301825208948f528aa67dc1846c893465fa1c8c26556bc5fe19880429d069189e0000808360306ba052a2c66349570d37c1ff5a9f4fb934232f305b6e9e3ab2e452630a4bce23f75da03b8305142f3ff6b3d9ddf30c73f25e12f0087212af28456590e12bb1124c854f', '0xf87082043f8459ace301825208944dc4ec6ac43c8c45777292db987203c0248e17b7880429d069189e0000808360306ba0b304af33574ca1c9257da02696ca16da1014eba97673737f6e0ab1e0b44b1ceca01552dcc41e4908e4d6b84fb625ff52dfb6e86dcb7c62b4598af33b5ce83b802c', '0xf8708204408459ace301825208940d2f39f251cb547cba567a31e5e9f93c19dffa85880429d069189e0000808360306ba0c6c7aea3260ce12ee276f5ef94639496cd34c52f8e645d99d490910d111c36f3a06783c62fc804a0644a765e77a954ad9b24e648cf09841b6a9c40238b768ecf96', '0xf8708204418459ace301825208949eb31fb94ce5111e2a04cb9d156b513887ccbd00880429d069189e0000808360306ba0d96820654627c73b5af6c374d7444fa00c79dc7defae8713d87700b3f77faf8da01a51a7507728036a65b62a207584c25a9d0037024c2ffb374ebf8d7959888332', '0xf8708204428459ace3018252089404b88ef83f8c41b1465d360a1e82f07ae190892a880429d069189e0000808360306ba0b82f1b16451a8976e1984a4ea14afbbdf2687e81cbb12fe5fa8c3b54eff1a352a01ca79c11efeedb7714de8d5a617cdcdb88177b9d7ce74f7effbaf9ffac1bd205', '0xf8708204438459ace30182520894af23e04b04fbe15630eadd32a6f27a5a65ea554a880429d069189e0000808360306ca0b50c2fdef3aebd05f9f36fd0821f6cb215d4637e0fa5bfc1e1cc86d898475c29a0779e23d60ac11ac895fa89a3b28a2f30a01fb1e1931294879dc3ab0c1c8b3010', '0xf8708204448459ace30182520894746cdff371e3f1e905b3ac52280078bac2dec7dd880429d069189e0000808360306ca0b346696320597924f531b7c016a6c23ef8f2797f063838dad369645452294ea4a065fee1e1388a9090404221de5c03cd29491bbc14fb4136d2de00f1cf96c32c7e', '0xf8708204458459ace30182520894c33e5155bdbf1a0a7ceb1b80f8586c5cda5c3781880429d069189e0000808360306ca017691029f4d76ed13a67190807bb573faed785b5dac316e0e7bb80477d065af0a0751aacda711f4c1f17627b3f38d61ea577e3d8f3dd843acd527378cb53c3f7e0', '0xf8708204468459ace30182520894e7fdef5f5219068f3d0f88a7445005574c662798880429d069189e0000808360306ba03a2f0f9ab9fa5ec5a6e1c7564ea00e5e53c75b89902eda606073f27ed1d9931da044a811c29bf43c2f197ceb6906c723330206a5eb2f6249898883443d69ccee62', '0xf8708204478459ace30182520894f0a81a63c5e09b0bd08e027de48058e377d3732d880429d069189e0000808360306ba050360574a85c5641d1ed140dfb04f1a6e11c6cb1de3c9a58abce9d35bef3b4f2a024e8db4cd16148e722068fabdf0a97b3a6bbd11df5ddfc37d6c52bd25dcc3b76', '0xf8708204488459ace301825208949878ab34dc3b4a63c80fdb733491472c11d59a56880429d069189e0000808360306ba060a65cff02da87c642c011dc924bbad400971efbdce0e6bdc4257366720c4301a040a6d77e852254458445f36a9cc238e27120dd43def3078e7b0deb36720d4431', '0xf8708204498459ace30182520894912859bebae3086ac7a062dee5d68aa8ed2d71ec880429d069189e0000808360306ca0ca221e8902ecb7ebdf912bef7575a956f83c6be266059ac1d5569afa36d6dc55a02169a7e3d246529594b6c08456267b089311d251a5a5ae7cbcbac89de21ea13d', '0xf87082044a8459ace301825208945a0b737ed85049410e5ea61f444d07d5c8c0359f880429d069189e0000808360306ca0518c1ba1679b5218826344c9e02b99dbc16088eec0b55a461651ff59bd52f8b7a04a2504e920a362b756510a9a54fafaa86510fac3ce8237f7ec20aee0243e0f04', '0xf87082044b8459ace30182520894305a5dfd46e6128abce28c03b3ad971f4e4915ff880429d069189e0000808360306ba01b68a1beaa6ef2c72af57fb705b0cbf622e00673f270d564745a6760c6c63cd1a0020dce4f133a2d5947f86881d012b563651219e03f19eb962cd5a64cae74b12e', '0x02f86e833018240a8082220b825208948943545177806ed17b9f23f0a21ee5948ecaa776870b397ded1df94880c001a03a70ee4789e3a293aa04ff830aacf472ee1bb9126faf918a14229a571303882fa062a7e61b3f27d1141a8b7348a9c7258b269aabf89ba7e397ab75169e770283b4', '0x02f90176833018243385012a05f2008512a05f2000830249f09471e67695db8bc44aa6bf2014142c42221967ee9880b901040cc7326300000000000000000000000000000000000000000000000000000000000000a000000000000000000000000000000000000000000000000009e68648f14da6da00000000000000000000000085998f6c99833d1127301928248c97b6f168bdad00000000000000000000000065d08a056c17ae13370565b04cf77d2afa1cb9fa0000000000000000000000000000000000000000000000000000000000000000000000000000000000000000000000000000000000000000000000000000000200000000000000000000000024a9da1457f96c2b167d49377a776d302a5c4db3000000000000000000000000ac29373cbe03c88fb078488181f8a0650c58ca08c001a0d55bf7d7540cc4b08a0b6a5895998cdec6646b4491a17b9e41367ad616345118a0326162f62e010b50a1768f90120674dcfe116e32e368b57b3923ada84dde833d'], withdrawals: [], blob_gas_used: 0, excess_blob_gas: 0}, blobs_bundle: {commitments: [], proofs: [], blobs: []}}
}
time="2024-12-06T21:05:03Z" level=debug msg="publishing block" blockHash=0xd44353d6383e1daf85588aaf3de78ed7e626a6fcb8e856fda00713a8445fe447 component=beaconClient service=relay/api slot=96 uri="http://172.16.4.15:4000" version=6fc57d1-dev
time="2024-12-06T21:05:03Z" level=debug msg="publishing block" blockHash=0xd44353d6383e1daf85588aaf3de78ed7e626a6fcb8e856fda00713a8445fe447 component=beaconClient service=relay/api slot=96 uri="http://172.16.4.14:4000" version=6fc57d1-dev
time="2024-12-06T21:05:03Z" level=debug msg="publishing block" blockHash=0xd44353d6383e1daf85588aaf3de78ed7e626a6fcb8e856fda00713a8445fe447 component=beaconClient service=relay/api slot=96 uri="http://172.16.4.16:4000" version=6fc57d1-dev
time="2024-12-06T21:05:03Z" level=info msg="updated headSlot to 96" epoch=3 service=relay/api slotHead=96 slotStartNextEpoch=128 version=6fc57d1-dev
time="2024-12-06T21:05:03Z" level=debug msg="RefreshKnownValidators init" datastoreMethod=RefreshKnownValidators headSlot=96 headSlotPos=1 lastUpdateSlot=83 service=relay/api version=6fc57d1-dev
time="2024-12-06T21:05:03Z" level=info msg="proposer duties updated: 100, 101, 102, 103, 104, 105, 106, 107, 108, 109, 110, 111, 112, 113, 114, 115, 116, 117, 118, 119, 120, 121, 122, 123, 124, 125, 126, 127, 64, 65, 66, 67, 68, 69, 70, 71, 72, 73, 74, 75, 76, 77, 78, 79, 80, 81, 82, 83, 84, 85, 86, 87, 88, 89, 90, 91, 92, 93, 94, 95, 96, 97, 98, 99" service=relay/api version=6fc57d1-dev
time="2024-12-06T21:05:03Z" level=info msg="finished publish block request" beaconPublishURI="http://172.16.4.14:4000" beaconURI="http://172.16.4.14:4000" component=beaconInstance encodeDurationMs=1 payloadBytes=27667 publishContentType=json publishDurationMs=94 service=relay/api slot=96 version=6fc57d1-dev
time="2024-12-06T21:05:03Z" level=debug msg="Updating builder cache with 1 builders from database" service=relay/api version=6fc57d1-dev
time="2024-12-06T21:05:03Z" level=info msg="published block" beacon="http://172.16.4.14:4000" blockHash=0xd44353d6383e1daf85588aaf3de78ed7e626a6fcb8e856fda00713a8445fe447 component=beaconClient service=relay/api slot=96 statusCode=200 version=6fc57d1-dev
time="2024-12-06T21:05:03Z" level=info msg="block published through beacon node" blockHash=0xd44353d6383e1daf85588aaf3de78ed7e626a6fcb8e856fda00713a8445fe447 contentLength=3483 feeRecipient=0x8943545177806ED17B9F23F0a21ee5948eCaa776 headSlot=95 headSlotEpochPos=32 idArg= method=getPayload mevBoostV=v1.8.1 msIntoSlot=102 msNeededForPublishing=96 proposerIndex=70 proposerPubkey=0xb8c6663371dc37bf083134dea26a20115ccc52b7c15a662bcfa33435e4ade14c6bc9714a5cdee492530accf8a327b2aa service=relay/api slot=96 slotEpochPos=1 slotStartSec=1733519103 timestampAfterAlreadyDeliveredCheck=1733519103114 timestampAfterDecode=1733519103102 timestampAfterLoadResponse=1733519103113 timestampAfterPublishing=1733519103211 timestampAfterSignatureVerify=1733519103104 timestampBeforePublishing=1733519103115 timestampRequestStart=1733519103102 ua="mev-boost/v1.8.1 Lighthouse/v5.3.0-2e0eb6d" version=6fc57d1-dev
time="2024-12-06T21:05:03Z" level=info msg="payload attributes received for slot: 97" service=relay/api version=6fc57d1-dev
time="2024-12-06T21:05:03Z" level=info msg="updated payload attributes" headSlot=96 payloadAttrParent=0xd44353d6383e1daf85588aaf3de78ed7e626a6fcb8e856fda00713a8445fe447 payloadAttrSlot=97 randao=0xea322c4c6878a364d193db86be3b7680312c47655fe8a23d145c03535d2565b2 service=relay/api timestamp=1733519105 version=6fc57d1-dev withdrawalsRoot=0x792930bbd5baac43bcc798ee49aa8185ef76bb3b44ba62b91d86ae569e4bb535
time="2024-12-06T21:05:03Z" level=info msg="finished publish block request" beaconPublishURI="http://172.16.4.16:4000" beaconURI="http://172.16.4.16:4000" component=beaconInstance encodeDurationMs=1 payloadBytes=27667 publishContentType=json publishDurationMs=113 service=relay/api slot=96 version=6fc57d1-dev
time="2024-12-06T21:05:03Z" level=info msg="request initiated" cancellationEnabled=false contentLength=2107 headSlot=96 method=submitNewBlock service=relay/api timestampRequestStart=1733519103739 version=6fc57d1-dev
time="2024-12-06T21:05:03Z" level=info msg="submitNewBlock failed: block with 0 value or no txs" blobGasUsed=0 blockHash=0xdcb344df7be34bc46d9a61646a6e9d10d9c333ccff53528c4086aa9b8cae5d4d builderIsHighPrio=false builderPubkey=0xaa1488eae4b06a1fff840a2b6db167afc520758dc2c8af0dfb57037954df3431b747e2f900fe8805f05d635e9a29717b cancellationEnabled=false contentLength=2107 excessBlobGas=0 headSlot=96 isLargeRequest=false method=submitNewBlock numBlobs=0 numTx=0 parentHash=0xd44353d6383e1daf85588aaf3de78ed7e626a6fcb8e856fda00713a8445fe447 payloadBytes=2107 proposerPubkey=0x87231421a08ed28e7d357e2b37a26a458155c8d822d829344bd1029e5d175b5edfaa78f16f784f724a2caef124944c4f reqContentType=json reqIsGzip=false service=relay/api slot=97 timestampAfterDecoding=1733519103740 timestampRequestStart=1733519103739 value=0 version=6fc57d1-dev
time="2024-12-06T21:05:03Z" level=info msg="request finished" blobGasUsed=0 blockHash=0xdcb344df7be34bc46d9a61646a6e9d10d9c333ccff53528c4086aa9b8cae5d4d builderIsHighPrio=false builderPubkey=0xaa1488eae4b06a1fff840a2b6db167afc520758dc2c8af0dfb57037954df3431b747e2f900fe8805f05d635e9a29717b cancellationEnabled=false contentLength=2107 excessBlobGas=0 headSlot=96 isLargeRequest=false method=submitNewBlock numBlobs=0 numTx=0 parentHash=0xd44353d6383e1daf85588aaf3de78ed7e626a6fcb8e856fda00713a8445fe447 payloadBytes=2107 proposerPubkey=0x87231421a08ed28e7d357e2b37a26a458155c8d822d829344bd1029e5d175b5edfaa78f16f784f724a2caef124944c4f reqContentType=json reqIsGzip=false requestDurationMs=0 service=relay/api slot=97 timestampAfterDecoding=1733519103740 timestampRequestFin=1733519103740 timestampRequestStart=1733519103739 value=0 version=6fc57d1-dev
time="2024-12-06T21:05:03Z" level=info msg="http: POST /relay/v1/builder/blocks 200" duration=0.000561 method=POST path=/relay/v1/builder/blocks service=relay/api status=200 version=6fc57d1-dev
