WETH: 0xd676AF79742bCAeb4a71CF62b85d5ba2D1deaf86
DAI addresses: [ '0x1CD4aF4A9bF33474C802d31790A195335f7a9Ab8' ]
[0x2c57d1CFC6d5f8E4182a56b4cf75421472eBAEa4] swapping 376.0 DAI for WETH
Nonce calculation debug:
- currentNonce (from getTransactionCount): 18
- nonce.override: 1
- nonce.offset: undefined
- Final nonce value: 19
Sending bundle: [
  '0x02f90176833018241385012a05f2008512a05f2000830249f0946c6340ba1dc72c59197825cd94eccc1f9c67416e80b901040cc7326300000000000000000000000000000000000000000000000000000000000000a0000000000000000000000000000000000000000000000014620c57dddae00000000000000000000000000000b77d61ea79c7ea8bfa03d3604ce5eabfb95c2ab20000000000000000000000002c57d1cfc6d5f8e4182a56b4cf75421472ebaea4000000000000000000000000000000000000000000000000000000000000000000000000000000000000000000000000000000000000000000000000000000020000000000000000000000001cd4af4a9bf33474c802d31790a195335f7a9ab8000000000000000000000000d676af79742bcaeb4a71cf62b85d5ba2d1deaf86c080a077e0011cc56034cf2f5e0377d035c7bf938f92eae3561080962afad68c15eedba01653faa7805021d6d359b126d7260e30a3625b55dc7a9d4c947d8c43b7a1f50f'
]
nonceOffset: 2
nonceOffset before: 2
Generating swaps with params: {
  targetBlockNumber: 10,
  txsPerBundle: 1,
  sendRoute: 1,
  txStrategy: 'univ2',
  profRpcUrl: 'None',
  nonceOffset: 2
}
Generating swaps with params: {}
Current nonce for 0x2c57d1CFC6d5f8E4182a56b4cf75421472eBAEa4: 19
Contract Addresses:
AtomicSwap: 0x6C6340BA1Dc72c59197825cD94EcCC1f9c67416e
UniV2FactoryA: 0xB77d61Ea79c7Ea8bfa03d3604Ce5EaBfb95C2aB2
UniV2FactoryB: 0x154E2238a212Ee4209111D2F3F6351D80e5d74B6
WETH: 0xd676AF79742bCAeb4a71CF62b85d5ba2D1deaf86
DAI addresses: [ '0x1CD4aF4A9bF33474C802d31790A195335f7a9Ab8' ]
[0x2c57d1CFC6d5f8E4182a56b4cf75421472eBAEa4] swapping 0.52270977675134719 WETH for DAI
Nonce calculation debug:
- currentNonce (from getTransactionCount): 19
- nonce.override: 2
- nonce.offset: undefined
- Final nonce value: 21
Sending bundle: [
  '0x02f90176833018241585012a05f2008512a05f2000830249f0946c6340ba1dc72c59197825cd94eccc1f9c67416e80b901040cc7326300000000000000000000000000000000000000000000000000000000000000a0000000000000000000000000000000000000000000000000074109c5c3e345f6000000000000000000000000b77d61ea79c7ea8bfa03d3604ce5eabfb95c2ab20000000000000000000000002c57d1cfc6d5f8e4182a56b4cf75421472ebaea400000000000000000000000000000000000000000000000000000000000000000000000000000000000000000000000000000000000000000000000000000002000000000000000000000000d676af79742bcaeb4a71cf62b85d5ba2d1deaf860000000000000000000000001cd4af4a9bf33474c802d31790a195335f7a9ab8c001a0ee36f0161d0e5f242e3c53e4220bf721f84637f894a3b4ac46545cbb186316a6a0433053242f68ab88d6f88c9f513670635c0edc3d6b91a1bed874daf105016342'
]
nonceOffset: 3
nonceOffset before: 3
Generating swaps with params: {
  targetBlockNumber: 10,
  txsPerBundle: 1,
  sendRoute: 1,
  txStrategy: 'univ2',
  profRpcUrl: 'None',
  nonceOffset: 3
}
Generating swaps with params: {}
Current nonce for 0x2c57d1CFC6d5f8E4182a56b4cf75421472eBAEa4: 19
Contract Addresses:
AtomicSwap: 0x6C6340BA1Dc72c59197825cD94EcCC1f9c67416e
UniV2FactoryA: 0xB77d61Ea79c7Ea8bfa03d3604Ce5EaBfb95C2aB2
UniV2FactoryB: 0x154E2238a212Ee4209111D2F3F6351D80e5d74B6
WETH: 0xd676AF79742bCAeb4a71CF62b85d5ba2D1deaf86
DAI addresses: [ '0x1CD4aF4A9bF33474C802d31790A195335f7a9Ab8' ]
[0x2c57d1CFC6d5f8E4182a56b4cf75421472eBAEa4] swapping 0.518090839107005388 WETH for DAI
Nonce calculation debug:
- currentNonce (from getTransactionCount): 19
- nonce.override: 3
- nonce.offset: undefined
- Final nonce value: 22
Sending bundle: [
  '0x02f90176833018241685012a05f2008512a05f2000830249f0946c6340ba1dc72c59197825cd94eccc1f9c67416e80b901040cc7326300000000000000000000000000000000000000000000000000000000000000a00000000000000000000000000000000000000000000000000730a0df8a5b6bcc000000000000000000000000b77d61ea79c7ea8bfa03d3604ce5eabfb95c2ab20000000000000000000000002c57d1cfc6d5f8e4182a56b4cf75421472ebaea400000000000000000000000000000000000000000000000000000000000000000000000000000000000000000000000000000000000000000000000000000002000000000000000000000000d676af79742bcaeb4a71cf62b85d5ba2d1deaf860000000000000000000000001cd4af4a9bf33474c802d31790a195335f7a9ab8c080a08ce37d4e46d01be372932b8246f4576345201d7b83677bbf5db2e3a9094b1d78a0498dd99835c835db94a36931ce4dc507ae061897078839cb92557ace55a651c3'
]
nonceOffset: 4
nonceOffset before: 4
Generating swaps with params: {
  targetBlockNumber: 10,
  txsPerBundle: 1,
  sendRoute: 1,
  txStrategy: 'univ2',
  profRpcUrl: 'None',
  nonceOffset: 4
}
Generating swaps with params: {}
Current nonce for 0x2c57d1CFC6d5f8E4182a56b4cf75421472eBAEa4: 19
Contract Addresses:
AtomicSwap: 0x6C6340BA1Dc72c59197825cD94EcCC1f9c67416e
UniV2FactoryA: 0xB77d61Ea79c7Ea8bfa03d3604Ce5EaBfb95C2aB2
UniV2FactoryB: 0x154E2238a212Ee4209111D2F3F6351D80e5d74B6
WETH: 0xd676AF79742bCAeb4a71CF62b85d5ba2D1deaf86
DAI addresses: [ '0x1CD4aF4A9bF33474C802d31790A195335f7a9Ab8' ]
[0x2c57d1CFC6d5f8E4182a56b4cf75421472eBAEa4] swapping 0.378461538461538461 WETH for DAI
Nonce calculation debug:
- currentNonce (from getTransactionCount): 20
- nonce.override: 4
- nonce.offset: undefined
- Final nonce value: 24
Sending bundle: [
  '0x02f90176833018241885012a05f2008512a05f2000830249f0946c6340ba1dc72c59197825cd94eccc1f9c67416e80b901040cc7326300000000000000000000000000000000000000000000000000000000000000a0000000000000000000000000000000000000000000000000054090c39925d89d000000000000000000000000b77d61ea79c7ea8bfa03d3604ce5eabfb95c2ab20000000000000000000000002c57d1cfc6d5f8e4182a56b4cf75421472ebaea400000000000000000000000000000000000000000000000000000000000000000000000000000000000000000000000000000000000000000000000000000002000000000000000000000000d676af79742bcaeb4a71cf62b85d5ba2d1deaf860000000000000000000000001cd4af4a9bf33474c802d31790a195335f7a9ab8c001a00d1f50b3cda0ec8f451b97da32848908ab0966460cbe91621d3026126a824066a06e6480d094a9cef47280536d99ec58322d47dab615312b05864320296aa00342'
]
nonceOffset: 5
nonceOffset before: 5
Generating swaps with params: {
  targetBlockNumber: 10,
  txsPerBundle: 1,
  sendRoute: 1,
  txStrategy: 'univ2',
  profRpcUrl: 'None',
  nonceOffset: 5
}
Generating swaps with params: {}
Current nonce for 0x2c57d1CFC6d5f8E4182a56b4cf75421472eBAEa4: 20
Contract Addresses:
AtomicSwap: 0x6C6340BA1Dc72c59197825cD94EcCC1f9c67416e
UniV2FactoryA: 0xB77d61Ea79c7Ea8bfa03d3604Ce5EaBfb95C2aB2
UniV2FactoryB: 0x154E2238a212Ee4209111D2F3F6351D80e5d74B6
WETH: 0xd676AF79742bCAeb4a71CF62b85d5ba2D1deaf86
DAI addresses: [ '0x1CD4aF4A9bF33474C802d31790A195335f7a9Ab8' ]
[0x2c57d1CFC6d5f8E4182a56b4cf75421472eBAEa4] swapping 0.125384615384615384 WETH for DAI
Nonce calculation debug:
- currentNonce (from getTransactionCount): 20
- nonce.override: 5
- nonce.offset: undefined
- Final nonce value: 25
Sending bundle: [
  '0x02f90176833018241985012a05f2008512a05f2000830249f0946c6340ba1dc72c59197825cd94eccc1f9c67416e80b901040cc7326300000000000000000000000000000000000000000000000000000000000000a000000000000000000000000000000000000000000000000001bd74a4b44c89d8000000000000000000000000b77d61ea79c7ea8bfa03d3604ce5eabfb95c2ab20000000000000000000000002c57d1cfc6d5f8e4182a56b4cf75421472ebaea400000000000000000000000000000000000000000000000000000000000000000000000000000000000000000000000000000000000000000000000000000002000000000000000000000000d676af79742bcaeb4a71cf62b85d5ba2d1deaf860000000000000000000000001cd4af4a9bf33474c802d31790a195335f7a9ab8c001a012c6d6c15dd75c4e6d36779e5e135793cadc6094bf2a61523ce7c01cd028f7f2a031ce67a75b1182de18b801fdf140291c87060e0c75aae72c938f715cebe5275a'
]
nonceOffset: 6
nonceOffset before: 6
Generating swaps with params: {
  targetBlockNumber: 10,
  txsPerBundle: 1,
  sendRoute: 1,
  txStrategy: 'univ2',
  profRpcUrl: 'None',
  nonceOffset: 6
}
Generating swaps with params: {}
Current nonce for 0x2c57d1CFC6d5f8E4182a56b4cf75421472eBAEa4: 20
Contract Addresses:
AtomicSwap: 0x6C6340BA1Dc72c59197825cD94EcCC1f9c67416e
UniV2FactoryA: 0xB77d61Ea79c7Ea8bfa03d3604Ce5EaBfb95C2aB2
UniV2FactoryB: 0x154E2238a212Ee4209111D2F3F6351D80e5d74B6
WETH: 0xd676AF79742bCAeb4a71CF62b85d5ba2D1deaf86
DAI addresses: [ '0x1CD4aF4A9bF33474C802d31790A195335f7a9Ab8' ]
[0x2c57d1CFC6d5f8E4182a56b4cf75421472eBAEa4] swapping 1036.0 DAI for WETH
Nonce calculation debug:
- currentNonce (from getTransactionCount): 20
- nonce.override: 6
- nonce.offset: undefined
- Final nonce value: 26
Sending bundle: [
  '0x02f90176833018241a85012a05f2008512a05f2000830249f0946c6340ba1dc72c59197825cd94eccc1f9c67416e80b901040cc7326300000000000000000000000000000000000000000000000000000000000000a000000000000000000000000000000000000000000000003829635f0968b00000000000000000000000000000b77d61ea79c7ea8bfa03d3604ce5eabfb95c2ab20000000000000000000000002c57d1cfc6d5f8e4182a56b4cf75421472ebaea4000000000000000000000000000000000000000000000000000000000000000000000000000000000000000000000000000000000000000000000000000000020000000000000000000000001cd4af4a9bf33474c802d31790a195335f7a9ab8000000000000000000000000d676af79742bcaeb4a71cf62b85d5ba2d1deaf86c001a0fdc00eee1cb9067ae9a0ff6fb171c55debc1baaffda6cc607bb9be2ec6bc4eb0a009395efda001b56311f36bdddd642998d001efb99261c8f2129977c23ed76690'
]
nonceOffset: 7
nonceOffset before: 7
Generating swaps with params: {
  targetBlockNumber: 10,
  txsPerBundle: 1,
  sendRoute: 1,
  txStrategy: 'univ2',
  profRpcUrl: 'None',
  nonceOffset: 7
}
Generating swaps with params: {}
Current nonce for 0x2c57d1CFC6d5f8E4182a56b4cf75421472eBAEa4: 20
Contract Addresses:
AtomicSwap: 0x6C6340BA1Dc72c59197825cD94EcCC1f9c67416e
UniV2FactoryA: 0xB77d61Ea79c7Ea8bfa03d3604Ce5EaBfb95C2aB2
UniV2FactoryB: 0x154E2238a212Ee4209111D2F3F6351D80e5d74B6
WETH: 0xd676AF79742bCAeb4a71CF62b85d5ba2D1deaf86
DAI addresses: [ '0x1CD4aF4A9bF33474C802d31790A195335f7a9Ab8' ]
[0x2c57d1CFC6d5f8E4182a56b4cf75421472eBAEa4] swapping 203.0 DAI for WETH
Nonce calculation debug:
- currentNonce (from getTransactionCount): 20
- nonce.override: 7
- nonce.offset: undefined
- Final nonce value: 27
Sending bundle: [
  '0x02f90176833018241b85012a05f2008512a05f2000830249f0946c6340ba1dc72c59197825cd94eccc1f9c67416e80b901040cc7326300000000000000000000000000000000000000000000000000000000000000a000000000000000000000000000000000000000000000000b0130e075bc4c0000000000000000000000000000154e2238a212ee4209111d2f3f6351d80e5d74b60000000000000000000000002c57d1cfc6d5f8e4182a56b4cf75421472ebaea4000000000000000000000000000000000000000000000000000000000000000000000000000000000000000000000000000000000000000000000000000000020000000000000000000000001cd4af4a9bf33474c802d31790a195335f7a9ab8000000000000000000000000d676af79742bcaeb4a71cf62b85d5ba2d1deaf86c080a0ae41c239a5a4fd5349d412b922cb20630d1506294c4b0c1cc0c4ec91cc3c12dea0685f1a6a4ff8445dadbeba68ef645a5547a7f462a1a6318eca03155f06039b6f'
]
nonceOffset: 8
nonceOffset before: 8
Generating swaps with params: {
  targetBlockNumber: 10,
  txsPerBundle: 1,
  sendRoute: 1,
  txStrategy: 'univ2',
  profRpcUrl: 'None',
  nonceOffset: 8
}
Generating swaps with params: {}
Current nonce for 0x2c57d1CFC6d5f8E4182a56b4cf75421472eBAEa4: 20
Contract Addresses:
AtomicSwap: 0x6C6340BA1Dc72c59197825cD94EcCC1f9c67416e
UniV2FactoryA: 0xB77d61Ea79c7Ea8bfa03d3604Ce5EaBfb95C2aB2
UniV2FactoryB: 0x154E2238a212Ee4209111D2F3F6351D80e5d74B6
WETH: 0xd676AF79742bCAeb4a71CF62b85d5ba2D1deaf86
DAI addresses: [ '0x1CD4aF4A9bF33474C802d31790A195335f7a9Ab8' ]
[0x2c57d1CFC6d5f8E4182a56b4cf75421472eBAEa4] swapping 172.0 DAI for WETH
Nonce calculation debug:
- currentNonce (from getTransactionCount): 20
- nonce.override: 8
- nonce.offset: undefined
- Final nonce value: 28
Sending bundle: [
  '0x02f90176833018241c85012a05f2008512a05f2000830249f0946c6340ba1dc72c59197825cd94eccc1f9c67416e80b901040cc7326300000000000000000000000000000000000000000000000000000000000000a000000000000000000000000000000000000000000000000952fac0b477300000000000000000000000000000154e2238a212ee4209111d2f3f6351d80e5d74b60000000000000000000000002c57d1cfc6d5f8e4182a56b4cf75421472ebaea4000000000000000000000000000000000000000000000000000000000000000000000000000000000000000000000000000000000000000000000000000000020000000000000000000000001cd4af4a9bf33474c802d31790a195335f7a9ab8000000000000000000000000d676af79742bcaeb4a71cf62b85d5ba2d1deaf86c001a0be34aaea00d320f583c33feabe1ece68c00b6118f0fc2cae95b9c4fec370e3f6a03be8e0d51e713ec5414f02e57442e7f84550615280afc43a02e722a540bf1826'
]
nonceOffset: 9
nonceOffset before: 9
Generating swaps with params: {
  targetBlockNumber: 10,
  txsPerBundle: 1,
  sendRoute: 1,
  txStrategy: 'univ2',
  profRpcUrl: 'None',
  nonceOffset: 9
}
Generating swaps with params: {}
Current nonce for 0x2c57d1CFC6d5f8E4182a56b4cf75421472eBAEa4: 20
Contract Addresses:
AtomicSwap: 0x6C6340BA1Dc72c59197825cD94EcCC1f9c67416e
UniV2FactoryA: 0xB77d61Ea79c7Ea8bfa03d3604Ce5EaBfb95C2aB2
UniV2FactoryB: 0x154E2238a212Ee4209111D2F3F6351D80e5d74B6
WETH: 0xd676AF79742bCAeb4a71CF62b85d5ba2D1deaf86
DAI addresses: [ '0x1CD4aF4A9bF33474C802d31790A195335f7a9Ab8' ]
[0x2c57d1CFC6d5f8E4182a56b4cf75421472eBAEa4] swapping 601.0 DAI for WETH
Nonce calculation debug:
- currentNonce (from getTransactionCount): 20
- nonce.override: 9
- nonce.offset: undefined
- Final nonce value: 29
Sending bundle: [
  '0x02f90176833018241d85012a05f2008512a05f2000830249f0946c6340ba1dc72c59197825cd94eccc1f9c67416e80b901040cc7326300000000000000000000000000000000000000000000000000000000000000a0000000000000000000000000000000000000000000000020948cebc3f9c40000000000000000000000000000b77d61ea79c7ea8bfa03d3604ce5eabfb95c2ab20000000000000000000000002c57d1cfc6d5f8e4182a56b4cf75421472ebaea4000000000000000000000000000000000000000000000000000000000000000000000000000000000000000000000000000000000000000000000000000000020000000000000000000000001cd4af4a9bf33474c802d31790a195335f7a9ab8000000000000000000000000d676af79742bcaeb4a71cf62b85d5ba2d1deaf86c080a03e679340580d7aa975478a7fb0244da12f241024e0c545abe091fcf91667ec22a01f4541ac05f66ef986034c2366d893180b959bff15da5f3d9bf5a0168fb0fca7'
]
nonceOffset: 10
nonceOffset before: 10
Generating swaps with params: {
  targetBlockNumber: 10,
  txsPerBundle: 1,
  sendRoute: 1,
  txStrategy: 'univ2',
  profRpcUrl: 'None',
  nonceOffset: 10
}
Generating swaps with params: {}
Current nonce for 0x2c57d1CFC6d5f8E4182a56b4cf75421472eBAEa4: 20
Contract Addresses:
AtomicSwap: 0x6C6340BA1Dc72c59197825cD94EcCC1f9c67416e
UniV2FactoryA: 0xB77d61Ea79c7Ea8bfa03d3604Ce5EaBfb95C2aB2
UniV2FactoryB: 0x154E2238a212Ee4209111D2F3F6351D80e5d74B6
WETH: 0xd676AF79742bCAeb4a71CF62b85d5ba2D1deaf86
DAI addresses: [ '0x1CD4aF4A9bF33474C802d31790A195335f7a9Ab8' ]
[0x2c57d1CFC6d5f8E4182a56b4cf75421472eBAEa4] swapping 579.0 DAI for WETH
Nonce calculation debug:
- currentNonce (from getTransactionCount): 20
- nonce.override: 10
- nonce.offset: undefined
- Final nonce value: 30
Sending bundle: [
  '0x02f90176833018241e85012a05f2008512a05f2000830249f0946c6340ba1dc72c59197825cd94eccc1f9c67416e80b901040cc7326300000000000000000000000000000000000000000000000000000000000000a000000000000000000000000000000000000000000000001f633d3853972c0000000000000000000000000000154e2238a212ee4209111d2f3f6351d80e5d74b60000000000000000000000002c57d1cfc6d5f8e4182a56b4cf75421472ebaea4000000000000000000000000000000000000000000000000000000000000000000000000000000000000000000000000000000000000000000000000000000020000000000000000000000001cd4af4a9bf33474c802d31790a195335f7a9ab8000000000000000000000000d676af79742bcaeb4a71cf62b85d5ba2d1deaf86c001a0c45e2bf907c9d992a4e3318fe9cf31738cb0a573270f4b5288655d4bbc6c8cbea05bd59656899d1bb7724b87679357e228e34cf1999b5068d385b9bc1b99a574c8'
]
nonceOffset: 11
nonceOffset before: 11
Generating swaps with params: {
  targetBlockNumber: 10,
  txsPerBundle: 1,
  sendRoute: 1,
  txStrategy: 'univ2',
  profRpcUrl: 'None',
  nonceOffset: 11
}
Generating swaps with params: {}
Current nonce for 0x2c57d1CFC6d5f8E4182a56b4cf75421472eBAEa4: 20
Contract Addresses:
AtomicSwap: 0x6C6340BA1Dc72c59197825cD94EcCC1f9c67416e
UniV2FactoryA: 0xB77d61Ea79c7Ea8bfa03d3604Ce5EaBfb95C2aB2
UniV2FactoryB: 0x154E2238a212Ee4209111D2F3F6351D80e5d74B6
WETH: 0xd676AF79742bCAeb4a71CF62b85d5ba2D1deaf86
DAI addresses: [ '0x1CD4aF4A9bF33474C802d31790A195335f7a9Ab8' ]
[0x2c57d1CFC6d5f8E4182a56b4cf75421472eBAEa4] swapping 0.614318706697459584 WETH for DAI
Nonce calculation debug:
- currentNonce (from getTransactionCount): 20
- nonce.override: 11
- nonce.offset: undefined
- Final nonce value: 31
Sending bundle: [
  '0x02f90176833018241f85012a05f2008512a05f2000830249f0946c6340ba1dc72c59197825cd94eccc1f9c67416e80b901040cc7326300000000000000000000000000000000000000000000000000000000000000a000000000000000000000000000000000000000000000000008867f9be3945780000000000000000000000000b77d61ea79c7ea8bfa03d3604ce5eabfb95c2ab20000000000000000000000002c57d1cfc6d5f8e4182a56b4cf75421472ebaea400000000000000000000000000000000000000000000000000000000000000000000000000000000000000000000000000000000000000000000000000000002000000000000000000000000d676af79742bcaeb4a71cf62b85d5ba2d1deaf860000000000000000000000001cd4af4a9bf33474c802d31790a195335f7a9ab8c080a04b86e761d9e0a2acae7bad9d6dd2b69ba7a77f734662522dd597d8fa0502e8c4a0132644881e47b0e377b5ae697aa4145d0fe8e13bf69c17451725375bb23dde1e'
]
nonceOffset: 12
nonceOffset before: 12
Generating swaps with params: {
  targetBlockNumber: 10,
  txsPerBundle: 1,
  sendRoute: 1,
  txStrategy: 'univ2',
  profRpcUrl: 'None',
  nonceOffset: 12
}
Generating swaps with params: {}
Current nonce for 0x2c57d1CFC6d5f8E4182a56b4cf75421472eBAEa4: 20
Contract Addresses:
AtomicSwap: 0x6C6340BA1Dc72c59197825cD94EcCC1f9c67416e
UniV2FactoryA: 0xB77d61Ea79c7Ea8bfa03d3604Ce5EaBfb95C2aB2
UniV2FactoryB: 0x154E2238a212Ee4209111D2F3F6351D80e5d74B6
WETH: 0xd676AF79742bCAeb4a71CF62b85d5ba2D1deaf86
DAI addresses: [ '0x1CD4aF4A9bF33474C802d31790A195335f7a9Ab8' ]
[0x2c57d1CFC6d5f8E4182a56b4cf75421472eBAEa4] swapping 566.0 DAI for WETH
Nonce calculation debug:
- currentNonce (from getTransactionCount): 20
- nonce.override: 12
- nonce.offset: undefined
- Final nonce value: 32
Sending bundle: [
  '0x02f90176833018242085012a05f2008512a05f2000830249f0946c6340ba1dc72c59197825cd94eccc1f9c67416e80b901040cc7326300000000000000000000000000000000000000000000000000000000000000a000000000000000000000000000000000000000000000001eaed3f13417180000000000000000000000000000b77d61ea79c7ea8bfa03d3604ce5eabfb95c2ab20000000000000000000000002c57d1cfc6d5f8e4182a56b4cf75421472ebaea4000000000000000000000000000000000000000000000000000000000000000000000000000000000000000000000000000000000000000000000000000000020000000000000000000000001cd4af4a9bf33474c802d31790a195335f7a9ab8000000000000000000000000d676af79742bcaeb4a71cf62b85d5ba2d1deaf86c080a00c5feab6d37d9dfdb428b634d54a6821b12b487574481073e46a467888ec8be7a01bc7ae0d88e7c6640490554ab5228492c41bfa6bd485fa772ca64a65a4c6b9ba'
]
nonceOffset: 13
nonceOffset before: 13
Generating swaps with params: {
  targetBlockNumber: 10,
  txsPerBundle: 1,
  sendRoute: 1,
  txStrategy: 'univ2',
  profRpcUrl: 'None',
  nonceOffset: 13
}
Generating swaps with params: {}
Current nonce for 0x2c57d1CFC6d5f8E4182a56b4cf75421472eBAEa4: 20
Contract Addresses:
AtomicSwap: 0x6C6340BA1Dc72c59197825cD94EcCC1f9c67416e
UniV2FactoryA: 0xB77d61Ea79c7Ea8bfa03d3604Ce5EaBfb95C2aB2
UniV2FactoryB: 0x154E2238a212Ee4209111D2F3F6351D80e5d74B6
WETH: 0xd676AF79742bCAeb4a71CF62b85d5ba2D1deaf86
DAI addresses: [ '0x1CD4aF4A9bF33474C802d31790A195335f7a9Ab8' ]
[0x2c57d1CFC6d5f8E4182a56b4cf75421472eBAEa4] swapping 808.0 DAI for WETH
Nonce calculation debug:
- currentNonce (from getTransactionCount): 20
- nonce.override: 13
- nonce.offset: undefined
- Final nonce value: 33
Sending bundle: [
  '0x02f90176833018242185012a05f2008512a05f2000830249f0946c6340ba1dc72c59197825cd94eccc1f9c67416e80b901040cc7326300000000000000000000000000000000000000000000000000000000000000a000000000000000000000000000000000000000000000002bcd40a70853a00000000000000000000000000000154e2238a212ee4209111d2f3f6351d80e5d74b60000000000000000000000002c57d1cfc6d5f8e4182a56b4cf75421472ebaea4000000000000000000000000000000000000000000000000000000000000000000000000000000000000000000000000000000000000000000000000000000020000000000000000000000001cd4af4a9bf33474c802d31790a195335f7a9ab8000000000000000000000000d676af79742bcaeb4a71cf62b85d5ba2d1deaf86c001a082a497f0af4e8a4e9cac882e80324a86dc76530d554feec1b9904b9b21c18f33a04bc3f159b401bbac5afa13514b19c22b8bd2aa2b2a20ac750ebbb88538ae61fb'
]
nonceOffset: 14
nonceOffset before: 14
Generating swaps with params: {
  targetBlockNumber: 10,
  txsPerBundle: 1,
  sendRoute: 1,
  txStrategy: 'univ2',
  profRpcUrl: 'None',
  nonceOffset: 14
}
Generating swaps with params: {}
Current nonce for 0x2c57d1CFC6d5f8E4182a56b4cf75421472eBAEa4: 20
Contract Addresses:
AtomicSwap: 0x6C6340BA1Dc72c59197825cD94EcCC1f9c67416e
UniV2FactoryA: 0xB77d61Ea79c7Ea8bfa03d3604Ce5EaBfb95C2aB2
UniV2FactoryB: 0x154E2238a212Ee4209111D2F3F6351D80e5d74B6
WETH: 0xd676AF79742bCAeb4a71CF62b85d5ba2D1deaf86
DAI addresses: [ '0x1CD4aF4A9bF33474C802d31790A195335f7a9Ab8' ]
[0x2c57d1CFC6d5f8E4182a56b4cf75421472eBAEa4] swapping 751.0 DAI for WETH
Nonce calculation debug:
- currentNonce (from getTransactionCount): 20
- nonce.override: 14
- nonce.offset: undefined
- Final nonce value: 34
Sending bundle: [
  '0x02f90176833018242285012a05f2008512a05f2000830249f0946c6340ba1dc72c59197825cd94eccc1f9c67416e80b901040cc7326300000000000000000000000000000000000000000000000000000000000000a0000000000000000000000000000000000000000000000028b637f9080e5c0000000000000000000000000000b77d61ea79c7ea8bfa03d3604ce5eabfb95c2ab20000000000000000000000002c57d1cfc6d5f8e4182a56b4cf75421472ebaea4000000000000000000000000000000000000000000000000000000000000000000000000000000000000000000000000000000000000000000000000000000020000000000000000000000001cd4af4a9bf33474c802d31790a195335f7a9ab8000000000000000000000000d676af79742bcaeb4a71cf62b85d5ba2d1deaf86c080a0dd49baea2bf5768c9a2cd2d65a8d84211edfb3f71b419774016d5bd31a7047a4a06ed8ddf3fd9931f0cd17802dcccf3c083b54835606132db5c5e0e00517e2843c'
]
nonceOffset: 15
nonceOffset before: 15
Generating swaps with params: {
  targetBlockNumber: 10,
  txsPerBundle: 1,
  sendRoute: 1,
  txStrategy: 'univ2',
  profRpcUrl: 'None',
  nonceOffset: 15
}
Generating swaps with params: {}
Current nonce for 0x2c57d1CFC6d5f8E4182a56b4cf75421472eBAEa4: 20
Contract Addresses:
AtomicSwap: 0x6C6340BA1Dc72c59197825cD94EcCC1f9c67416e
UniV2FactoryA: 0xB77d61Ea79c7Ea8bfa03d3604Ce5EaBfb95C2aB2
UniV2FactoryB: 0x154E2238a212Ee4209111D2F3F6351D80e5d74B6
WETH: 0xd676AF79742bCAeb4a71CF62b85d5ba2D1deaf86
DAI addresses: [ '0x1CD4aF4A9bF33474C802d31790A195335f7a9Ab8' ]
[0x2c57d1CFC6d5f8E4182a56b4cf75421472eBAEa4] swapping 1027.0 DAI for WETH
Nonce calculation debug:
- currentNonce (from getTransactionCount): 20
- nonce.override: 15
- nonce.offset: undefined
- Final nonce value: 35
Sending bundle: [
  '0x02f90176833018242385012a05f2008512a05f2000830249f0946c6340ba1dc72c59197825cd94eccc1f9c67416e80b901040cc7326300000000000000000000000000000000000000000000000000000000000000a0000000000000000000000000000000000000000000000037ac7cf2b8862c0000000000000000000000000000b77d61ea79c7ea8bfa03d3604ce5eabfb95c2ab20000000000000000000000002c57d1cfc6d5f8e4182a56b4cf75421472ebaea4000000000000000000000000000000000000000000000000000000000000000000000000000000000000000000000000000000000000000000000000000000020000000000000000000000001cd4af4a9bf33474c802d31790a195335f7a9ab8000000000000000000000000d676af79742bcaeb4a71cf62b85d5ba2d1deaf86c080a0ecfbf208c87d1f86aa88bf9a243b0f5d213b9a479ae3a26a3c869ac541b18c4ea07714362abe3fcc3663b6089709736f986b5fbca900a1344d405243e1edbf1f9a'
]
nonceOffset: 16
nonceOffset before: 16
Generating swaps with params: {
  targetBlockNumber: 10,
  txsPerBundle: 1,
  sendRoute: 1,
  txStrategy: 'univ2',
  profRpcUrl: 'None',
  nonceOffset: 16
}
Generating swaps with params: {}
Current nonce for 0x2c57d1CFC6d5f8E4182a56b4cf75421472eBAEa4: 20
Contract Addresses:
AtomicSwap: 0x6C6340BA1Dc72c59197825cD94EcCC1f9c67416e
UniV2FactoryA: 0xB77d61Ea79c7Ea8bfa03d3604Ce5EaBfb95C2aB2
UniV2FactoryB: 0x154E2238a212Ee4209111D2F3F6351D80e5d74B6
WETH: 0xd676AF79742bCAeb4a71CF62b85d5ba2D1deaf86
DAI addresses: [ '0x1CD4aF4A9bF33474C802d31790A195335f7a9Ab8' ]
[0x2c57d1CFC6d5f8E4182a56b4cf75421472eBAEa4] swapping 1029.0 DAI for WETH
Nonce calculation debug:
- currentNonce (from getTransactionCount): 20
- nonce.override: 16
- nonce.offset: undefined
- Final nonce value: 36
Sending bundle: [
  '0x02f90176833018242485012a05f2008512a05f2000830249f0946c6340ba1dc72c59197825cd94eccc1f9c67416e80b901040cc7326300000000000000000000000000000000000000000000000000000000000000a0000000000000000000000000000000000000000000000037c83e601fd4f40000000000000000000000000000b77d61ea79c7ea8bfa03d3604ce5eabfb95c2ab20000000000000000000000002c57d1cfc6d5f8e4182a56b4cf75421472ebaea4000000000000000000000000000000000000000000000000000000000000000000000000000000000000000000000000000000000000000000000000000000020000000000000000000000001cd4af4a9bf33474c802d31790a195335f7a9ab8000000000000000000000000d676af79742bcaeb4a71cf62b85d5ba2d1deaf86c080a00bda40eaec7de623d343d2ac4efcb58055d79ad302169c57fd2263569557f883a01490436ee8116c79da5267b463293d3fa561458876ae5ad3f368b1027c7117a7'
]
nonceOffset: 17
nonceOffset before: 17
Generating swaps with params: {
  targetBlockNumber: 10,
  txsPerBundle: 1,
  sendRoute: 1,
  txStrategy: 'univ2',
  profRpcUrl: 'None',
  nonceOffset: 17
}
Generating swaps with params: {}
Current nonce for 0x2c57d1CFC6d5f8E4182a56b4cf75421472eBAEa4: 20
Contract Addresses:
AtomicSwap: 0x6C6340BA1Dc72c59197825cD94EcCC1f9c67416e
UniV2FactoryA: 0xB77d61Ea79c7Ea8bfa03d3604Ce5EaBfb95C2aB2
UniV2FactoryB: 0x154E2238a212Ee4209111D2F3F6351D80e5d74B6
WETH: 0xd676AF79742bCAeb4a71CF62b85d5ba2D1deaf86
DAI addresses: [ '0x1CD4aF4A9bF33474C802d31790A195335f7a9Ab8' ]
[0x2c57d1CFC6d5f8E4182a56b4cf75421472eBAEa4] swapping 0.296923076923076923 WETH for DAI
Nonce calculation debug:
- currentNonce (from getTransactionCount): 20
- nonce.override: 17
- nonce.offset: undefined
- Final nonce value: 37
Sending bundle: [
  '0x02f90176833018242585012a05f2008512a05f2000830249f0946c6340ba1dc72c59197825cd94eccc1f9c67416e80b901040cc7326300000000000000000000000000000000000000000000000000000000000000a0000000000000000000000000000000000000000000000000041ee1f71d9db13b000000000000000000000000b77d61ea79c7ea8bfa03d3604ce5eabfb95c2ab20000000000000000000000002c57d1cfc6d5f8e4182a56b4cf75421472ebaea400000000000000000000000000000000000000000000000000000000000000000000000000000000000000000000000000000000000000000000000000000002000000000000000000000000d676af79742bcaeb4a71cf62b85d5ba2d1deaf860000000000000000000000001cd4af4a9bf33474c802d31790a195335f7a9ab8c080a085fa5e775c4bb973d57cc800fa24f9d978bc378e6ddfb17a3e5301fe672b865da030e3e14c6b3b974417d47fb6c87bc8572815345539facd562ceeacaeec88d309'
]
nonceOffset: 18
nonceOffset before: 18
Generating swaps with params: {
  targetBlockNumber: 10,
  txsPerBundle: 1,
  sendRoute: 1,
  txStrategy: 'univ2',
  profRpcUrl: 'None',
  nonceOffset: 18
}
Generating swaps with params: {}
Current nonce for 0x2c57d1CFC6d5f8E4182a56b4cf75421472eBAEa4: 20
Contract Addresses:
AtomicSwap: 0x6C6340BA1Dc72c59197825cD94EcCC1f9c67416e
UniV2FactoryA: 0xB77d61Ea79c7Ea8bfa03d3604Ce5EaBfb95C2aB2
UniV2FactoryB: 0x154E2238a212Ee4209111D2F3F6351D80e5d74B6
WETH: 0xd676AF79742bCAeb4a71CF62b85d5ba2D1deaf86
DAI addresses: [ '0x1CD4aF4A9bF33474C802d31790A195335f7a9Ab8' ]
[0x2c57d1CFC6d5f8E4182a56b4cf75421472eBAEa4] swapping 0.639445300462249614 WETH for DAI
Nonce calculation debug:
- currentNonce (from getTransactionCount): 20
- nonce.override: 18
- nonce.offset: undefined
- Final nonce value: 38
Sending bundle: [
  '0x02f90176833018242685012a05f2008512a05f2000830249f0946c6340ba1dc72c59197825cd94eccc1f9c67416e80b901040cc7326300000000000000000000000000000000000000000000000000000000000000a000000000000000000000000000000000000000000000000008dfc41ce358668e000000000000000000000000154e2238a212ee4209111d2f3f6351d80e5d74b60000000000000000000000002c57d1cfc6d5f8e4182a56b4cf75421472ebaea400000000000000000000000000000000000000000000000000000000000000000000000000000000000000000000000000000000000000000000000000000002000000000000000000000000d676af79742bcaeb4a71cf62b85d5ba2d1deaf860000000000000000000000001cd4af4a9bf33474c802d31790a195335f7a9ab8c001a0857da8f067a77f472278078585d3a0e54c3d7b086a82732d6dbf53e233f985bea07c502da038c213a666a30b5a533cfc7d63c053fc491020a7e8c212e942ed9459'
]
nonceOffset: 19
nonceOffset before: 19
Generating swaps with params: {
  targetBlockNumber: 10,
  txsPerBundle: 1,
  sendRoute: 1,
  txStrategy: 'univ2',
  profRpcUrl: 'None',
  nonceOffset: 19
}
Generating swaps with params: {}
Current nonce for 0x2c57d1CFC6d5f8E4182a56b4cf75421472eBAEa4: 20
Contract Addresses:
AtomicSwap: 0x6C6340BA1Dc72c59197825cD94EcCC1f9c67416e
UniV2FactoryA: 0xB77d61Ea79c7Ea8bfa03d3604Ce5EaBfb95C2aB2
UniV2FactoryB: 0x154E2238a212Ee4209111D2F3F6351D80e5d74B6
WETH: 0xd676AF79742bCAeb4a71CF62b85d5ba2D1deaf86
DAI addresses: [ '0x1CD4aF4A9bF33474C802d31790A195335f7a9Ab8' ]
[0x2c57d1CFC6d5f8E4182a56b4cf75421472eBAEa4] swapping 0.423728813559322033 WETH for DAI
Nonce calculation debug:
- currentNonce (from getTransactionCount): 20
- nonce.override: 19
- nonce.offset: undefined
- Final nonce value: 39
Sending bundle: [
  '0x02f90176833018242785012a05f2008512a05f2000830249f0946c6340ba1dc72c59197825cd94eccc1f9c67416e80b901040cc7326300000000000000000000000000000000000000000000000000000000000000a000000000000000000000000000000000000000000000000005e1631c654d15b1000000000000000000000000154e2238a212ee4209111d2f3f6351d80e5d74b60000000000000000000000002c57d1cfc6d5f8e4182a56b4cf75421472ebaea400000000000000000000000000000000000000000000000000000000000000000000000000000000000000000000000000000000000000000000000000000002000000000000000000000000d676af79742bcaeb4a71cf62b85d5ba2d1deaf860000000000000000000000001cd4af4a9bf33474c802d31790a195335f7a9ab8c080a007e3bbf69dd2b148c3b7e8748b6d852ad97fd8f258cd2906bdecd94c8602186fa047b9a74d72b1a0d36307574a4539873a4966f89dee178e3ba1ad80f952e7bc03'
]
nonceOffset: 20
nonceOffset before: 20
Generating swaps with params: {
  targetBlockNumber: 10,
  txsPerBundle: 1,
  sendRoute: 1,
  txStrategy: 'univ2',
  profRpcUrl: 'None',
  nonceOffset: 20
}
Generating swaps with params: {}
Current nonce for 0x2c57d1CFC6d5f8E4182a56b4cf75421472eBAEa4: 20
Contract Addresses:
AtomicSwap: 0x6C6340BA1Dc72c59197825cD94EcCC1f9c67416e
UniV2FactoryA: 0xB77d61Ea79c7Ea8bfa03d3604Ce5EaBfb95C2aB2
UniV2FactoryB: 0x154E2238a212Ee4209111D2F3F6351D80e5d74B6
WETH: 0xd676AF79742bCAeb4a71CF62b85d5ba2D1deaf86
DAI addresses: [ '0x1CD4aF4A9bF33474C802d31790A195335f7a9Ab8' ]
[0x2c57d1CFC6d5f8E4182a56b4cf75421472eBAEa4] swapping 0.692840646651270207 WETH for DAI
Nonce calculation debug:
- currentNonce (from getTransactionCount): 20
- nonce.override: 20
- nonce.offset: undefined
- Final nonce value: 40
Sending bundle: [
  '0x02f90176833018242885012a05f2008512a05f2000830249f0946c6340ba1dc72c59197825cd94eccc1f9c67416e80b901040cc7326300000000000000000000000000000000000000000000000000000000000000a0000000000000000000000000000000000000000000000000099d76e5b599d43f000000000000000000000000b77d61ea79c7ea8bfa03d3604ce5eabfb95c2ab20000000000000000000000002c57d1cfc6d5f8e4182a56b4cf75421472ebaea400000000000000000000000000000000000000000000000000000000000000000000000000000000000000000000000000000000000000000000000000000002000000000000000000000000d676af79742bcaeb4a71cf62b85d5ba2d1deaf860000000000000000000000001cd4af4a9bf33474c802d31790a195335f7a9ab8c001a0a587f8d0e3e5a1e9e55f5b424502f2a24605884a44df6951bc0c8d9143bab790a01f833bf594170df564fd12a1430d15669de89a321b06846df54f779d63599e16'
]
nonceOffset: 21
nonceOffset before: 21
Generating swaps with params: {
  targetBlockNumber: 10,
  txsPerBundle: 1,
  sendRoute: 1,
  txStrategy: 'univ2',
  profRpcUrl: 'None',
  nonceOffset: 21
}
Generating swaps with params: {}
Current nonce for 0x2c57d1CFC6d5f8E4182a56b4cf75421472eBAEa4: 20
Contract Addresses:
AtomicSwap: 0x6C6340BA1Dc72c59197825cD94EcCC1f9c67416e
UniV2FactoryA: 0xB77d61Ea79c7Ea8bfa03d3604Ce5EaBfb95C2aB2
UniV2FactoryB: 0x154E2238a212Ee4209111D2F3F6351D80e5d74B6
WETH: 0xd676AF79742bCAeb4a71CF62b85d5ba2D1deaf86
DAI addresses: [ '0x1CD4aF4A9bF33474C802d31790A195335f7a9Ab8' ]
[0x2c57d1CFC6d5f8E4182a56b4cf75421472eBAEa4] swapping 0.207082371054657428 WETH for DAI
Nonce calculation debug:
- currentNonce (from getTransactionCount): 20
- nonce.override: 21
- nonce.offset: undefined
- Final nonce value: 41
Sending bundle: [
  '0x02f90176833018242985012a05f2008512a05f2000830249f0946c6340ba1dc72c59197825cd94eccc1f9c67416e80b901040cc7326300000000000000000000000000000000000000000000000000000000000000a000000000000000000000000000000000000000000000000002dfb451bdf55f94000000000000000000000000154e2238a212ee4209111d2f3f6351d80e5d74b60000000000000000000000002c57d1cfc6d5f8e4182a56b4cf75421472ebaea400000000000000000000000000000000000000000000000000000000000000000000000000000000000000000000000000000000000000000000000000000002000000000000000000000000d676af79742bcaeb4a71cf62b85d5ba2d1deaf860000000000000000000000001cd4af4a9bf33474c802d31790a195335f7a9ab8c080a03f2455ebe0bf5ccdffc77265df65163f69928010009171a0fa23b620359bdb82a03a090105c6a36b4e8bc0409fce7f705c4e0ff401ca8123adb03e5da75f4ba2bb'
]
nonceOffset: 22
nonceOffset before: 22
Generating swaps with params: {
  targetBlockNumber: 10,
  txsPerBundle: 1,
  sendRoute: 1,
  txStrategy: 'univ2',
  profRpcUrl: 'None',
  nonceOffset: 22
}
Generating swaps with params: {}
Current nonce for 0x2c57d1CFC6d5f8E4182a56b4cf75421472eBAEa4: 20
Contract Addresses:
AtomicSwap: 0x6C6340BA1Dc72c59197825cD94EcCC1f9c67416e
UniV2FactoryA: 0xB77d61Ea79c7Ea8bfa03d3604Ce5EaBfb95C2aB2
UniV2FactoryB: 0x154E2238a212Ee4209111D2F3F6351D80e5d74B6
WETH: 0xd676AF79742bCAeb4a71CF62b85d5ba2D1deaf86
DAI addresses: [ '0x1CD4aF4A9bF33474C802d31790A195335f7a9Ab8' ]
[0x2c57d1CFC6d5f8E4182a56b4cf75421472eBAEa4] swapping 0.743648960739030023 WETH for DAI
Nonce calculation debug:
- currentNonce (from getTransactionCount): 20
- nonce.override: 22
- nonce.offset: undefined
- Final nonce value: 42
Sending bundle: [
  '0x02f90176833018242a85012a05f2008512a05f2000830249f0946c6340ba1dc72c59197825cd94eccc1f9c67416e80b901040cc7326300000000000000000000000000000000000000000000000000000000000000a00000000000000000000000000000000000000000000000000a51f8ca2e703407000000000000000000000000b77d61ea79c7ea8bfa03d3604ce5eabfb95c2ab20000000000000000000000002c57d1cfc6d5f8e4182a56b4cf75421472ebaea400000000000000000000000000000000000000000000000000000000000000000000000000000000000000000000000000000000000000000000000000000002000000000000000000000000d676af79742bcaeb4a71cf62b85d5ba2d1deaf860000000000000000000000001cd4af4a9bf33474c802d31790a195335f7a9ab8c080a0b431cb2eae5b995037a4b2d97e1b73743267264c21446d3ce44721650c0f1fcca0076aaabdb56f92447fe74541f2ca283a61098528da0d9c136015a78a8712762a'
]
nonceOffset: 23
nonceOffset before: 23
Generating swaps with params: {
  targetBlockNumber: 10,
  txsPerBundle: 1,
  sendRoute: 1,
  txStrategy: 'univ2',
  profRpcUrl: 'None',
  nonceOffset: 23
}
Generating swaps with params: {}
Current nonce for 0x2c57d1CFC6d5f8E4182a56b4cf75421472eBAEa4: 20
Contract Addresses:
AtomicSwap: 0x6C6340BA1Dc72c59197825cD94EcCC1f9c67416e
UniV2FactoryA: 0xB77d61Ea79c7Ea8bfa03d3604Ce5EaBfb95C2aB2
UniV2FactoryB: 0x154E2238a212Ee4209111D2F3F6351D80e5d74B6
WETH: 0xd676AF79742bCAeb4a71CF62b85d5ba2D1deaf86
DAI addresses: [ '0x1CD4aF4A9bF33474C802d31790A195335f7a9Ab8' ]
[0x2c57d1CFC6d5f8E4182a56b4cf75421472eBAEa4] swapping 0.494226327944572748 WETH for DAI
Nonce calculation debug:
- currentNonce (from getTransactionCount): 20
- nonce.override: 23
- nonce.offset: undefined
- Final nonce value: 43
Sending bundle: [
  '0x02f90176833018242b85012a05f2008512a05f2000830249f0946c6340ba1dc72c59197825cd94eccc1f9c67416e80b901040cc7326300000000000000000000000000000000000000000000000000000000000000a000000000000000000000000000000000000000000000000006dbd83a0bc82f4c000000000000000000000000b77d61ea79c7ea8bfa03d3604ce5eabfb95c2ab20000000000000000000000002c57d1cfc6d5f8e4182a56b4cf75421472ebaea400000000000000000000000000000000000000000000000000000000000000000000000000000000000000000000000000000000000000000000000000000002000000000000000000000000d676af79742bcaeb4a71cf62b85d5ba2d1deaf860000000000000000000000001cd4af4a9bf33474c802d31790a195335f7a9ab8c080a00d59c8a41dfc77452c681c4bccdab41f7b6819c25094828523581bc9b4138998a0516854f3db593f72f2f2fd7bc7893c5bd5128a17c488e2b49968fab22b7adb9e'
]
nonceOffset: 24
nonceOffset before: 24
Generating swaps with params: {
  targetBlockNumber: 10,
  txsPerBundle: 1,
  sendRoute: 1,
  txStrategy: 'univ2',
  profRpcUrl: 'None',
  nonceOffset: 24
}
Generating swaps with params: {}
Current nonce for 0x2c57d1CFC6d5f8E4182a56b4cf75421472eBAEa4: 20
Contract Addresses:
AtomicSwap: 0x6C6340BA1Dc72c59197825cD94EcCC1f9c67416e
UniV2FactoryA: 0xB77d61Ea79c7Ea8bfa03d3604Ce5EaBfb95C2aB2
UniV2FactoryB: 0x154E2238a212Ee4209111D2F3F6351D80e5d74B6
WETH: 0xd676AF79742bCAeb4a71CF62b85d5ba2D1deaf86
DAI addresses: [ '0x1CD4aF4A9bF33474C802d31790A195335f7a9Ab8' ]
[0x2c57d1CFC6d5f8E4182a56b4cf75421472eBAEa4] swapping 903.0 DAI for WETH
Nonce calculation debug:
- currentNonce (from getTransactionCount): 20
- nonce.override: 24
- nonce.offset: undefined
- Final nonce value: 44
Sending bundle: [
  '0x02f90176833018242c85012a05f2008512a05f2000830249f0946c6340ba1dc72c59197825cd94eccc1f9c67416e80b901040cc7326300000000000000000000000000000000000000000000000000000000000000a0000000000000000000000000000000000000000000000030f3a473b371bc0000000000000000000000000000154e2238a212ee4209111d2f3f6351d80e5d74b60000000000000000000000002c57d1cfc6d5f8e4182a56b4cf75421472ebaea4000000000000000000000000000000000000000000000000000000000000000000000000000000000000000000000000000000000000000000000000000000020000000000000000000000001cd4af4a9bf33474c802d31790a195335f7a9ab8000000000000000000000000d676af79742bcaeb4a71cf62b85d5ba2d1deaf86c001a0efaa12b4f2c52169ae3f2ee61ad4a25e919ac01610f63de7600041f918455dc3a01449c4973e7ce1e5a1b9c283f6027810d6fe0dd34409bd30b0245396bc7d684b'
]
nonceOffset: 25
nonceOffset before: 25
Generating swaps with params: {
  targetBlockNumber: 10,
  txsPerBundle: 1,
  sendRoute: 1,
  txStrategy: 'univ2',
  profRpcUrl: 'None',
  nonceOffset: 25
}
Generating swaps with params: {}
Current nonce for 0x2c57d1CFC6d5f8E4182a56b4cf75421472eBAEa4: 20
Contract Addresses:
AtomicSwap: 0x6C6340BA1Dc72c59197825cD94EcCC1f9c67416e
UniV2FactoryA: 0xB77d61Ea79c7Ea8bfa03d3604Ce5EaBfb95C2aB2
UniV2FactoryB: 0x154E2238a212Ee4209111D2F3F6351D80e5d74B6
WETH: 0xd676AF79742bCAeb4a71CF62b85d5ba2D1deaf86
DAI addresses: [ '0x1CD4aF4A9bF33474C802d31790A195335f7a9Ab8' ]
[0x2c57d1CFC6d5f8E4182a56b4cf75421472eBAEa4] swapping 153.0 DAI for WETH
Nonce calculation debug:
- currentNonce (from getTransactionCount): 20
- nonce.override: 25
- nonce.offset: undefined
- Final nonce value: 45
Sending bundle: [
  '0x02f90176833018242d85012a05f2008512a05f2000830249f0946c6340ba1dc72c59197825cd94eccc1f9c67416e80b901040cc7326300000000000000000000000000000000000000000000000000000000000000a00000000000000000000000000000000000000000000000084b4d315f0ac40000000000000000000000000000154e2238a212ee4209111d2f3f6351d80e5d74b60000000000000000000000002c57d1cfc6d5f8e4182a56b4cf75421472ebaea4000000000000000000000000000000000000000000000000000000000000000000000000000000000000000000000000000000000000000000000000000000020000000000000000000000001cd4af4a9bf33474c802d31790a195335f7a9ab8000000000000000000000000d676af79742bcaeb4a71cf62b85d5ba2d1deaf86c001a0f3809b5607fc1cb84da0cb9ff76bc2390e835120651ff9456ab17f603abfa929a06bb26c778c2b7f9082577f3225e3ceb658b31f2da84e56e09324011306571290'
]
nonceOffset: 26
nonceOffset before: 26
Generating swaps with params: {
  targetBlockNumber: 10,
  txsPerBundle: 1,
  sendRoute: 1,
  txStrategy: 'univ2',
  profRpcUrl: 'None',
  nonceOffset: 26
}
Generating swaps with params: {}
Current nonce for 0x2c57d1CFC6d5f8E4182a56b4cf75421472eBAEa4: 20
Contract Addresses:
AtomicSwap: 0x6C6340BA1Dc72c59197825cD94EcCC1f9c67416e
UniV2FactoryA: 0xB77d61Ea79c7Ea8bfa03d3604Ce5EaBfb95C2aB2
UniV2FactoryB: 0x154E2238a212Ee4209111D2F3F6351D80e5d74B6
WETH: 0xd676AF79742bCAeb4a71CF62b85d5ba2D1deaf86
DAI addresses: [ '0x1CD4aF4A9bF33474C802d31790A195335f7a9Ab8' ]
[0x2c57d1CFC6d5f8E4182a56b4cf75421472eBAEa4] swapping 0.197074672825250192 WETH for DAI
Nonce calculation debug:
- currentNonce (from getTransactionCount): 20
- nonce.override: 26
- nonce.offset: undefined
- Final nonce value: 46
Sending bundle: [
  '0x02f90176833018242e85012a05f2008512a05f2000830249f0946c6340ba1dc72c59197825cd94eccc1f9c67416e80b901040cc7326300000000000000000000000000000000000000000000000000000000000000a000000000000000000000000000000000000000000000000002bc265eebf9b190000000000000000000000000154e2238a212ee4209111d2f3f6351d80e5d74b60000000000000000000000002c57d1cfc6d5f8e4182a56b4cf75421472ebaea400000000000000000000000000000000000000000000000000000000000000000000000000000000000000000000000000000000000000000000000000000002000000000000000000000000d676af79742bcaeb4a71cf62b85d5ba2d1deaf860000000000000000000000001cd4af4a9bf33474c802d31790a195335f7a9ab8c080a0852c325c88c8adb9a2725792461709a048eef0be89324eeafa4dd2f1f9c0e428a016fb6f2be08ceb4ec03f5f7c11bfcdf4c8aaaa50d6b5de3b31e7d2d582b0f20a'
]
nonceOffset: 27
nonceOffset before: 27
Generating swaps with params: {
  targetBlockNumber: 10,
  txsPerBundle: 1,
  sendRoute: 1,
  txStrategy: 'univ2',
  profRpcUrl: 'None',
  nonceOffset: 27
}
Generating swaps with params: {}
Current nonce for 0x2c57d1CFC6d5f8E4182a56b4cf75421472eBAEa4: 20
Contract Addresses:
AtomicSwap: 0x6C6340BA1Dc72c59197825cD94EcCC1f9c67416e
UniV2FactoryA: 0xB77d61Ea79c7Ea8bfa03d3604Ce5EaBfb95C2aB2
UniV2FactoryB: 0x154E2238a212Ee4209111D2F3F6351D80e5d74B6
WETH: 0xd676AF79742bCAeb4a71CF62b85d5ba2D1deaf86
DAI addresses: [ '0x1CD4aF4A9bF33474C802d31790A195335f7a9Ab8' ]
[0x2c57d1CFC6d5f8E4182a56b4cf75421472eBAEa4] swapping 627.0 DAI for WETH
Nonce calculation debug:
- currentNonce (from getTransactionCount): 20
- nonce.override: 27
- nonce.offset: undefined
- Final nonce value: 47
Sending bundle: [
  '0x02f90176833018242f85012a05f2008512a05f2000830249f0946c6340ba1dc72c59197825cd94eccc1f9c67416e80b901040cc7326300000000000000000000000000000000000000000000000000000000000000a0000000000000000000000000000000000000000000000021fd5f7a02f9ec0000000000000000000000000000b77d61ea79c7ea8bfa03d3604ce5eabfb95c2ab20000000000000000000000002c57d1cfc6d5f8e4182a56b4cf75421472ebaea4000000000000000000000000000000000000000000000000000000000000000000000000000000000000000000000000000000000000000000000000000000020000000000000000000000001cd4af4a9bf33474c802d31790a195335f7a9ab8000000000000000000000000d676af79742bcaeb4a71cf62b85d5ba2d1deaf86c001a0d26662d07884d06c9b9ca56fc88cfccf11252125252579dc297883917c9908a1a0326608abb9c71b784de70e831a54ec8650fcf0be02df72d5f663d4cdfae345f5'
]
nonceOffset: 28
nonceOffset before: 28
Generating swaps with params: {
  targetBlockNumber: 10,
  txsPerBundle: 1,
  sendRoute: 1,
  txStrategy: 'univ2',
  profRpcUrl: 'None',
  nonceOffset: 28
}
Generating swaps with params: {}
Current nonce for 0x2c57d1CFC6d5f8E4182a56b4cf75421472eBAEa4: 20
Contract Addresses:
AtomicSwap: 0x6C6340BA1Dc72c59197825cD94EcCC1f9c67416e
UniV2FactoryA: 0xB77d61Ea79c7Ea8bfa03d3604Ce5EaBfb95C2aB2
UniV2FactoryB: 0x154E2238a212Ee4209111D2F3F6351D80e5d74B6
WETH: 0xd676AF79742bCAeb4a71CF62b85d5ba2D1deaf86
DAI addresses: [ '0x1CD4aF4A9bF33474C802d31790A195335f7a9Ab8' ]
[0x2c57d1CFC6d5f8E4182a56b4cf75421472eBAEa4] swapping 572.0 DAI for WETH
Nonce calculation debug:
- currentNonce (from getTransactionCount): 20
- nonce.override: 28
- nonce.offset: undefined
- Final nonce value: 48
Sending bundle: [
  '0x02f90176833018243085012a05f2008512a05f2000830249f0946c6340ba1dc72c59197825cd94eccc1f9c67416e80b901040cc7326300000000000000000000000000000000000000000000000000000000000000a000000000000000000000000000000000000000000000001f0218396a03700000000000000000000000000000154e2238a212ee4209111d2f3f6351d80e5d74b60000000000000000000000002c57d1cfc6d5f8e4182a56b4cf75421472ebaea4000000000000000000000000000000000000000000000000000000000000000000000000000000000000000000000000000000000000000000000000000000020000000000000000000000001cd4af4a9bf33474c802d31790a195335f7a9ab8000000000000000000000000d676af79742bcaeb4a71cf62b85d5ba2d1deaf86c080a0e5b4e4f8c4ce73e4755842378aa042f864beefda3f91bbd8c474018e8441faf0a05993f0a06069f371c98f213372a2013053075f447230e95c78ce0014ce83febc'
]
nonceOffset: 29
nonceOffset before: 29
Generating swaps with params: {
  targetBlockNumber: 10,
  txsPerBundle: 1,
  sendRoute: 1,
  txStrategy: 'univ2',
  profRpcUrl: 'None',
  nonceOffset: 29
}
Generating swaps with params: {}
Current nonce for 0x2c57d1CFC6d5f8E4182a56b4cf75421472eBAEa4: 20
Contract Addresses:
AtomicSwap: 0x6C6340BA1Dc72c59197825cD94EcCC1f9c67416e
UniV2FactoryA: 0xB77d61Ea79c7Ea8bfa03d3604Ce5EaBfb95C2aB2
UniV2FactoryB: 0x154E2238a212Ee4209111D2F3F6351D80e5d74B6
WETH: 0xd676AF79742bCAeb4a71CF62b85d5ba2D1deaf86
DAI addresses: [ '0x1CD4aF4A9bF33474C802d31790A195335f7a9Ab8' ]
[0x2c57d1CFC6d5f8E4182a56b4cf75421472eBAEa4] swapping 476.0 DAI for WETH
Nonce calculation debug:
- currentNonce (from getTransactionCount): 20
- nonce.override: 29
- nonce.offset: undefined
- Final nonce value: 49
Sending bundle: [
  '0x02f90176833018243185012a05f2008512a05f2000830249f0946c6340ba1dc72c59197825cd94eccc1f9c67416e80b901040cc7326300000000000000000000000000000000000000000000000000000000000000a0000000000000000000000000000000000000000000000019cdd3b60b3df00000000000000000000000000000154e2238a212ee4209111d2f3f6351d80e5d74b60000000000000000000000002c57d1cfc6d5f8e4182a56b4cf75421472ebaea4000000000000000000000000000000000000000000000000000000000000000000000000000000000000000000000000000000000000000000000000000000020000000000000000000000001cd4af4a9bf33474c802d31790a195335f7a9ab8000000000000000000000000d676af79742bcaeb4a71cf62b85d5ba2d1deaf86c080a0928c9427fcbfc266a291a162ebb50053346df3df37f6b5e620e92de3cb6b2523a020e037237e34241d74976ab66a8e931ad8546b1e0e50ca0e83a858f59b7eae62'
]
nonceOffset: 30
nonceOffset before: 30
Generating swaps with params: {
  targetBlockNumber: 10,
  txsPerBundle: 1,
  sendRoute: 1,
  txStrategy: 'univ2',
  profRpcUrl: 'None',
  nonceOffset: 30
}
Generating swaps with params: {}
Current nonce for 0x2c57d1CFC6d5f8E4182a56b4cf75421472eBAEa4: 20
Contract Addresses:
AtomicSwap: 0x6C6340BA1Dc72c59197825cD94EcCC1f9c67416e
UniV2FactoryA: 0xB77d61Ea79c7Ea8bfa03d3604Ce5EaBfb95C2aB2
UniV2FactoryB: 0x154E2238a212Ee4209111D2F3F6351D80e5d74B6
WETH: 0xd676AF79742bCAeb4a71CF62b85d5ba2D1deaf86
DAI addresses: [ '0x1CD4aF4A9bF33474C802d31790A195335f7a9Ab8' ]
[0x2c57d1CFC6d5f8E4182a56b4cf75421472eBAEa4] swapping 589.0 DAI for WETH
Nonce calculation debug:
- currentNonce (from getTransactionCount): 20
- nonce.override: 30
- nonce.offset: undefined
- Final nonce value: 50
Sending bundle: [
  '0x02f90176833018243285012a05f2008512a05f2000830249f0946c6340ba1dc72c59197825cd94eccc1f9c67416e80b901040cc7326300000000000000000000000000000000000000000000000000000000000000a000000000000000000000000000000000000000000000001fee045b5821140000000000000000000000000000154e2238a212ee4209111d2f3f6351d80e5d74b60000000000000000000000002c57d1cfc6d5f8e4182a56b4cf75421472ebaea4000000000000000000000000000000000000000000000000000000000000000000000000000000000000000000000000000000000000000000000000000000020000000000000000000000001cd4af4a9bf33474c802d31790a195335f7a9ab8000000000000000000000000d676af79742bcaeb4a71cf62b85d5ba2d1deaf86c080a048caf66a6213dd7a4749d7c841b79ec6c67e2163a1bce045385617ed3f3032c9a05b34d5447e0b0f30f9f1377631af76da12bad30ae8b88de02fdc9f7494c0f6ed'
]
nonceOffset: 31
nonceOffset before: 31
Generating swaps with params: {
  targetBlockNumber: 10,
  txsPerBundle: 1,
  sendRoute: 1,
  txStrategy: 'univ2',
  profRpcUrl: 'None',
  nonceOffset: 31
}
Generating swaps with params: {}
Current nonce for 0x2c57d1CFC6d5f8E4182a56b4cf75421472eBAEa4: 20
Contract Addresses:
AtomicSwap: 0x6C6340BA1Dc72c59197825cD94EcCC1f9c67416e
UniV2FactoryA: 0xB77d61Ea79c7Ea8bfa03d3604Ce5EaBfb95C2aB2
UniV2FactoryB: 0x154E2238a212Ee4209111D2F3F6351D80e5d74B6
WETH: 0xd676AF79742bCAeb4a71CF62b85d5ba2D1deaf86
DAI addresses: [ '0x1CD4aF4A9bF33474C802d31790A195335f7a9Ab8' ]
[0x2c57d1CFC6d5f8E4182a56b4cf75421472eBAEa4] swapping 600.0 DAI for WETH
Nonce calculation debug:
- currentNonce (from getTransactionCount): 20
- nonce.override: 31
- nonce.offset: undefined
- Final nonce value: 51
Sending bundle: [
  '0x02f90176833018243385012a05f2008512a05f2000830249f0946c6340ba1dc72c59197825cd94eccc1f9c67416e80b901040cc7326300000000000000000000000000000000000000000000000000000000000000a000000000000000000000000000000000000000000000002086ac351052600000000000000000000000000000b77d61ea79c7ea8bfa03d3604ce5eabfb95c2ab20000000000000000000000002c57d1cfc6d5f8e4182a56b4cf75421472ebaea4000000000000000000000000000000000000000000000000000000000000000000000000000000000000000000000000000000000000000000000000000000020000000000000000000000001cd4af4a9bf33474c802d31790a195335f7a9ab8000000000000000000000000d676af79742bcaeb4a71cf62b85d5ba2d1deaf86c080a0b73f9ad3abd01723170f7e7d3a4c35979796ff54ee865d31606b5a780b5b7bc0a066c8e5faed011ef17e2fc14fdef564d85f5e342434fbd4a5eab258cff0339f4d'
]
nonceOffset: 32
nonceOffset before: 32
Generating swaps with params: {
  targetBlockNumber: 10,
  txsPerBundle: 1,
  sendRoute: 1,
  txStrategy: 'univ2',
  profRpcUrl: 'None',
  nonceOffset: 32
}
Generating swaps with params: {}
Current nonce for 0x2c57d1CFC6d5f8E4182a56b4cf75421472eBAEa4: 20
Contract Addresses:
AtomicSwap: 0x6C6340BA1Dc72c59197825cD94EcCC1f9c67416e
UniV2FactoryA: 0xB77d61Ea79c7Ea8bfa03d3604Ce5EaBfb95C2aB2
UniV2FactoryB: 0x154E2238a212Ee4209111D2F3F6351D80e5d74B6
WETH: 0xd676AF79742bCAeb4a71CF62b85d5ba2D1deaf86
DAI addresses: [ '0x1CD4aF4A9bF33474C802d31790A195335f7a9Ab8' ]
[0x2c57d1CFC6d5f8E4182a56b4cf75421472eBAEa4] swapping 0.728043143297380585 WETH for DAI
Nonce calculation debug:
- currentNonce (from getTransactionCount): 20
- nonce.override: 32
- nonce.offset: undefined
- Final nonce value: 52
Sending bundle: [
  '0x02f90176833018243485012a05f2008512a05f2000830249f0946c6340ba1dc72c59197825cd94eccc1f9c67416e80b901040cc7326300000000000000000000000000000000000000000000000000000000000000a00000000000000000000000000000000000000000000000000a1a8761a96630e9000000000000000000000000154e2238a212ee4209111d2f3f6351d80e5d74b60000000000000000000000002c57d1cfc6d5f8e4182a56b4cf75421472ebaea400000000000000000000000000000000000000000000000000000000000000000000000000000000000000000000000000000000000000000000000000000002000000000000000000000000d676af79742bcaeb4a71cf62b85d5ba2d1deaf860000000000000000000000001cd4af4a9bf33474c802d31790a195335f7a9ab8c001a06768b7594d6fccd471a25c7a254ddab77f3ab9d4d05795cf2e6df4ea99993acda00d5fff1699af9d7cd474cf7aaabeeec9fb3486ab83ed6f35eeecbdf25a6c6daf'
]
nonceOffset: 33
nonceOffset before: 33
Generating swaps with params: {
  targetBlockNumber: 10,
  txsPerBundle: 1,
  sendRoute: 1,
  txStrategy: 'univ2',
  profRpcUrl: 'None',
  nonceOffset: 33
}
Generating swaps with params: {}
Current nonce for 0x2c57d1CFC6d5f8E4182a56b4cf75421472eBAEa4: 20
Contract Addresses:
AtomicSwap: 0x6C6340BA1Dc72c59197825cD94EcCC1f9c67416e
UniV2FactoryA: 0xB77d61Ea79c7Ea8bfa03d3604Ce5EaBfb95C2aB2
UniV2FactoryB: 0x154E2238a212Ee4209111D2F3F6351D80e5d74B6
WETH: 0xd676AF79742bCAeb4a71CF62b85d5ba2D1deaf86
DAI addresses: [ '0x1CD4aF4A9bF33474C802d31790A195335f7a9Ab8' ]
[0x2c57d1CFC6d5f8E4182a56b4cf75421472eBAEa4] swapping 0.415254237288135593 WETH for DAI
Nonce calculation debug:
- currentNonce (from getTransactionCount): 20
- nonce.override: 33
- nonce.offset: undefined
- Final nonce value: 53
Sending bundle: [
  '0x02f90176833018243585012a05f2008512a05f2000830249f0946c6340ba1dc72c59197825cd94eccc1f9c67416e80b901040cc7326300000000000000000000000000000000000000000000000000000000000000a000000000000000000000000000000000000000000000000005c347875908fba9000000000000000000000000154e2238a212ee4209111d2f3f6351d80e5d74b60000000000000000000000002c57d1cfc6d5f8e4182a56b4cf75421472ebaea400000000000000000000000000000000000000000000000000000000000000000000000000000000000000000000000000000000000000000000000000000002000000000000000000000000d676af79742bcaeb4a71cf62b85d5ba2d1deaf860000000000000000000000001cd4af4a9bf33474c802d31790a195335f7a9ab8c080a014e06e179f01157de6dc6fcc1070bb2fc8313dece60169f2d7df86394ba6858ba0206135192702057b150eb83fea010925fe112cab2e6b7f4ed688c4e13d2e12e1'
]
nonceOffset: 34
nonceOffset before: 34
Generating swaps with params: {
  targetBlockNumber: 10,
  txsPerBundle: 1,
  sendRoute: 1,
  txStrategy: 'univ2',
  profRpcUrl: 'None',
  nonceOffset: 34
}
Generating swaps with params: {}
Current nonce for 0x2c57d1CFC6d5f8E4182a56b4cf75421472eBAEa4: 20
Contract Addresses:
AtomicSwap: 0x6C6340BA1Dc72c59197825cD94EcCC1f9c67416e
UniV2FactoryA: 0xB77d61Ea79c7Ea8bfa03d3604Ce5EaBfb95C2aB2
UniV2FactoryB: 0x154E2238a212Ee4209111D2F3F6351D80e5d74B6
WETH: 0xd676AF79742bCAeb4a71CF62b85d5ba2D1deaf86
DAI addresses: [ '0x1CD4aF4A9bF33474C802d31790A195335f7a9Ab8' ]
[0x2c57d1CFC6d5f8E4182a56b4cf75421472eBAEa4] swapping 0.595531587057010785 WETH for DAI
Nonce calculation debug:
- currentNonce (from getTransactionCount): 20
- nonce.override: 34
- nonce.offset: undefined
- Final nonce value: 54
Sending bundle: [
  '0x02f90176833018243685012a05f2008512a05f2000830249f0946c6340ba1dc72c59197825cd94eccc1f9c67416e80b901040cc7326300000000000000000000000000000000000000000000000000000000000000a00000000000000000000000000000000000000000000000000843c0d2bb0ec861000000000000000000000000154e2238a212ee4209111d2f3f6351d80e5d74b60000000000000000000000002c57d1cfc6d5f8e4182a56b4cf75421472ebaea400000000000000000000000000000000000000000000000000000000000000000000000000000000000000000000000000000000000000000000000000000002000000000000000000000000d676af79742bcaeb4a71cf62b85d5ba2d1deaf860000000000000000000000001cd4af4a9bf33474c802d31790a195335f7a9ab8c001a0d5967d521b7b90991bbb279c41878794dcde88dfddae0b5e013d3a67815d5a14a00c5b7c9e02c44b9f00b9d327c12dff0a229919ab439de99457164aa3c7ff0ca1'
]
nonceOffset: 35
nonceOffset before: 35
Generating swaps with params: {
  targetBlockNumber: 10,
  txsPerBundle: 1,
  sendRoute: 1,
  txStrategy: 'univ2',
  profRpcUrl: 'None',
  nonceOffset: 35
}
Generating swaps with params: {}
Current nonce for 0x2c57d1CFC6d5f8E4182a56b4cf75421472eBAEa4: 20
Contract Addresses:
AtomicSwap: 0x6C6340BA1Dc72c59197825cD94EcCC1f9c67416e
UniV2FactoryA: 0xB77d61Ea79c7Ea8bfa03d3604Ce5EaBfb95C2aB2
UniV2FactoryB: 0x154E2238a212Ee4209111D2F3F6351D80e5d74B6
WETH: 0xd676AF79742bCAeb4a71CF62b85d5ba2D1deaf86
DAI addresses: [ '0x1CD4aF4A9bF33474C802d31790A195335f7a9Ab8' ]
[0x2c57d1CFC6d5f8E4182a56b4cf75421472eBAEa4] swapping 797.0 DAI for WETH
Nonce calculation debug:
- currentNonce (from getTransactionCount): 20
- nonce.override: 35
- nonce.offset: undefined
- Final nonce value: 55
Sending bundle: [
  '0x02f90176833018243785012a05f2008512a05f2000830249f0946c6340ba1dc72c59197825cd94eccc1f9c67416e80b901040cc7326300000000000000000000000000000000000000000000000000000000000000a000000000000000000000000000000000000000000000002b3498cd5022540000000000000000000000000000b77d61ea79c7ea8bfa03d3604ce5eabfb95c2ab20000000000000000000000002c57d1cfc6d5f8e4182a56b4cf75421472ebaea4000000000000000000000000000000000000000000000000000000000000000000000000000000000000000000000000000000000000000000000000000000020000000000000000000000001cd4af4a9bf33474c802d31790a195335f7a9ab8000000000000000000000000d676af79742bcaeb4a71cf62b85d5ba2d1deaf86c080a0e1025bd332d61560352d2c7de974a1e255a0bb36ec95b6b2f0ee250bb073c33da020fc3ad5d6ea465d8cd36ae9b528f6e16be8a4996fa5a68c0a0aa97912f5a8b5'
]
nonceOffset: 36
nonceOffset before: 36
Generating swaps with params: {
  targetBlockNumber: 10,
  txsPerBundle: 1,
  sendRoute: 1,
  txStrategy: 'univ2',
  profRpcUrl: 'None',
  nonceOffset: 36
}
Generating swaps with params: {}
Current nonce for 0x2c57d1CFC6d5f8E4182a56b4cf75421472eBAEa4: 20
Contract Addresses:
AtomicSwap: 0x6C6340BA1Dc72c59197825cD94EcCC1f9c67416e
UniV2FactoryA: 0xB77d61Ea79c7Ea8bfa03d3604Ce5EaBfb95C2aB2
UniV2FactoryB: 0x154E2238a212Ee4209111D2F3F6351D80e5d74B6
WETH: 0xd676AF79742bCAeb4a71CF62b85d5ba2D1deaf86
DAI addresses: [ '0x1CD4aF4A9bF33474C802d31790A195335f7a9Ab8' ]
[0x2c57d1CFC6d5f8E4182a56b4cf75421472eBAEa4] swapping 700.0 DAI for WETH
Nonce calculation debug:
- currentNonce (from getTransactionCount): 20
- nonce.override: 36
- nonce.offset: undefined
- Final nonce value: 56
Sending bundle: [
  '0x02f90176833018243885012a05f2008512a05f2000830249f0946c6340ba1dc72c59197825cd94eccc1f9c67416e80b901040cc7326300000000000000000000000000000000000000000000000000000000000000a0000000000000000000000000000000000000000000000025f273933db5700000000000000000000000000000154e2238a212ee4209111d2f3f6351d80e5d74b60000000000000000000000002c57d1cfc6d5f8e4182a56b4cf75421472ebaea4000000000000000000000000000000000000000000000000000000000000000000000000000000000000000000000000000000000000000000000000000000020000000000000000000000001cd4af4a9bf33474c802d31790a195335f7a9ab8000000000000000000000000d676af79742bcaeb4a71cf62b85d5ba2d1deaf86c001a09ecf9b44a87cceea3173faec1d6d09d6b2e48956e3b3b57b1bf9237fb5fe5392a0627340fa0d774129c291086d294cb5de8a5a9e2ca01cd273f4d6c65485d717fa'
]
nonceOffset: 37
nonceOffset before: 37
Generating swaps with params: {
  targetBlockNumber: 10,
  txsPerBundle: 1,
  sendRoute: 1,
  txStrategy: 'univ2',
  profRpcUrl: 'None',
  nonceOffset: 37
}
Generating swaps with params: {}
Current nonce for 0x2c57d1CFC6d5f8E4182a56b4cf75421472eBAEa4: 20
Contract Addresses:
AtomicSwap: 0x6C6340BA1Dc72c59197825cD94EcCC1f9c67416e
UniV2FactoryA: 0xB77d61Ea79c7Ea8bfa03d3604Ce5EaBfb95C2aB2
UniV2FactoryB: 0x154E2238a212Ee4209111D2F3F6351D80e5d74B6
WETH: 0xd676AF79742bCAeb4a71CF62b85d5ba2D1deaf86
DAI addresses: [ '0x1CD4aF4A9bF33474C802d31790A195335f7a9Ab8' ]
[0x2c57d1CFC6d5f8E4182a56b4cf75421472eBAEa4] swapping 192.0 DAI for WETH
Nonce calculation debug:
- currentNonce (from getTransactionCount): 20
- nonce.override: 37
- nonce.offset: undefined
- Final nonce value: 57
Sending bundle: [
  '0x02f90176833018243985012a05f2008512a05f2000830249f0946c6340ba1dc72c59197825cd94eccc1f9c67416e80b901040cc7326300000000000000000000000000000000000000000000000000000000000000a000000000000000000000000000000000000000000000000a688906bd8b000000000000000000000000000000154e2238a212ee4209111d2f3f6351d80e5d74b60000000000000000000000002c57d1cfc6d5f8e4182a56b4cf75421472ebaea4000000000000000000000000000000000000000000000000000000000000000000000000000000000000000000000000000000000000000000000000000000020000000000000000000000001cd4af4a9bf33474c802d31790a195335f7a9ab8000000000000000000000000d676af79742bcaeb4a71cf62b85d5ba2d1deaf86c001a063704eb06041798335cbc2149a12eb819ba1eba1ded6fe319a3d393595e491e2a007a3afdad1bd2051c3f440b22ba42b3ac4c7691fad5b71707f7f2e05c55ad4c4'
]
nonceOffset: 38
nonceOffset before: 38
Generating swaps with params: {
  targetBlockNumber: 10,
  txsPerBundle: 1,
  sendRoute: 1,
  txStrategy: 'univ2',
  profRpcUrl: 'None',
  nonceOffset: 38
}
Generating swaps with params: {}
Current nonce for 0x2c57d1CFC6d5f8E4182a56b4cf75421472eBAEa4: 20
Contract Addresses:
AtomicSwap: 0x6C6340BA1Dc72c59197825cD94EcCC1f9c67416e
UniV2FactoryA: 0xB77d61Ea79c7Ea8bfa03d3604Ce5EaBfb95C2aB2
UniV2FactoryB: 0x154E2238a212Ee4209111D2F3F6351D80e5d74B6
WETH: 0xd676AF79742bCAeb4a71CF62b85d5ba2D1deaf86
DAI addresses: [ '0x1CD4aF4A9bF33474C802d31790A195335f7a9Ab8' ]
[0x2c57d1CFC6d5f8E4182a56b4cf75421472eBAEa4] swapping 0.823438704703161141 WETH for DAI
Nonce calculation debug:
- currentNonce (from getTransactionCount): 20
- nonce.override: 38
- nonce.offset: undefined
- Final nonce value: 58
Sending bundle: [
  '0x02f90176833018243a85012a05f2008512a05f2000830249f0946c6340ba1dc72c59197825cd94eccc1f9c67416e80b901040cc7326300000000000000000000000000000000000000000000000000000000000000a00000000000000000000000000000000000000000000000000b6d7123a023c335000000000000000000000000154e2238a212ee4209111d2f3f6351d80e5d74b60000000000000000000000002c57d1cfc6d5f8e4182a56b4cf75421472ebaea400000000000000000000000000000000000000000000000000000000000000000000000000000000000000000000000000000000000000000000000000000002000000000000000000000000d676af79742bcaeb4a71cf62b85d5ba2d1deaf860000000000000000000000001cd4af4a9bf33474c802d31790a195335f7a9ab8c001a0144b09e3ac42944272d81ef9842452a0c0419764405ede4e65b27fe63251ef3ea054aa0eb088a5df6b01b53732d74fff3733f6dad2b66636a3d1b60fa37e2c4ad0'
]
nonceOffset: 39
nonceOffset before: 39
Generating swaps with params: {
  targetBlockNumber: 10,
  txsPerBundle: 1,
  sendRoute: 1,
  txStrategy: 'univ2',
  profRpcUrl: 'None',
  nonceOffset: 39
}
Generating swaps with params: {}
Current nonce for 0x2c57d1CFC6d5f8E4182a56b4cf75421472eBAEa4: 20
Contract Addresses:
AtomicSwap: 0x6C6340BA1Dc72c59197825cD94EcCC1f9c67416e
UniV2FactoryA: 0xB77d61Ea79c7Ea8bfa03d3604Ce5EaBfb95C2aB2
UniV2FactoryB: 0x154E2238a212Ee4209111D2F3F6351D80e5d74B6
WETH: 0xd676AF79742bCAeb4a71CF62b85d5ba2D1deaf86
DAI addresses: [ '0x1CD4aF4A9bF33474C802d31790A195335f7a9Ab8' ]
[0x2c57d1CFC6d5f8E4182a56b4cf75421472eBAEa4] swapping 0.297692307692307692 WETH for DAI
Nonce calculation debug:
- currentNonce (from getTransactionCount): 20
- nonce.override: 39
- nonce.offset: undefined
- Final nonce value: 59
Sending bundle: [
  '0x02f90176833018243b85012a05f2008512a05f2000830249f0946c6340ba1dc72c59197825cd94eccc1f9c67416e80b901040cc7326300000000000000000000000000000000000000000000000000000000000000a000000000000000000000000000000000000000000000000004219d939c5dc4ec000000000000000000000000b77d61ea79c7ea8bfa03d3604ce5eabfb95c2ab20000000000000000000000002c57d1cfc6d5f8e4182a56b4cf75421472ebaea400000000000000000000000000000000000000000000000000000000000000000000000000000000000000000000000000000000000000000000000000000002000000000000000000000000d676af79742bcaeb4a71cf62b85d5ba2d1deaf860000000000000000000000001cd4af4a9bf33474c802d31790a195335f7a9ab8c080a0eac7ccc5701df8ed1a4e5a54061403a1a33f99c0368915f053d96db1e3ca5feea055fdff456bb98057d94267a3e80a686d4472786afe87fd75fc99cf1a97ee82d4'
]
nonceOffset: 40
nonceOffset before: 40
Generating swaps with params: {
  targetBlockNumber: 10,
  txsPerBundle: 1,
  sendRoute: 1,
  txStrategy: 'univ2',
  profRpcUrl: 'None',
  nonceOffset: 40
}
Generating swaps with params: {}
Current nonce for 0x2c57d1CFC6d5f8E4182a56b4cf75421472eBAEa4: 20
Contract Addresses:
AtomicSwap: 0x6C6340BA1Dc72c59197825cD94EcCC1f9c67416e
UniV2FactoryA: 0xB77d61Ea79c7Ea8bfa03d3604Ce5EaBfb95C2aB2
UniV2FactoryB: 0x154E2238a212Ee4209111D2F3F6351D80e5d74B6
WETH: 0xd676AF79742bCAeb4a71CF62b85d5ba2D1deaf86
DAI addresses: [ '0x1CD4aF4A9bF33474C802d31790A195335f7a9Ab8' ]
[0x2c57d1CFC6d5f8E4182a56b4cf75421472eBAEa4] swapping 0.662047729022324865 WETH for DAI
Nonce calculation debug:
- currentNonce (from getTransactionCount): 20
- nonce.override: 40
- nonce.offset: undefined
- Final nonce value: 60
Sending bundle: [
  '0x02f90176833018243c85012a05f2008512a05f2000830249f0946c6340ba1dc72c59197825cd94eccc1f9c67416e80b901040cc7326300000000000000000000000000000000000000000000000000000000000000a0000000000000000000000000000000000000000000000000093010e6e0bad081000000000000000000000000b77d61ea79c7ea8bfa03d3604ce5eabfb95c2ab20000000000000000000000002c57d1cfc6d5f8e4182a56b4cf75421472ebaea400000000000000000000000000000000000000000000000000000000000000000000000000000000000000000000000000000000000000000000000000000002000000000000000000000000d676af79742bcaeb4a71cf62b85d5ba2d1deaf860000000000000000000000001cd4af4a9bf33474c802d31790a195335f7a9ab8c080a0776f2fb90183673fa7b94ae3dc6f75df3d8d223a8508179c01b61429b6a6445ca010425ed4cc4a43ac11039b1d8fd069bc05bd1ec4318c119340a9109181cdace5'
]
nonceOffset: 41
nonceOffset before: 41
Generating swaps with params: {
  targetBlockNumber: 10,
  txsPerBundle: 1,
  sendRoute: 1,
  txStrategy: 'univ2',
  profRpcUrl: 'None',
  nonceOffset: 41
}
Generating swaps with params: {}
Current nonce for 0x2c57d1CFC6d5f8E4182a56b4cf75421472eBAEa4: 20
Contract Addresses:
AtomicSwap: 0x6C6340BA1Dc72c59197825cD94EcCC1f9c67416e
UniV2FactoryA: 0xB77d61Ea79c7Ea8bfa03d3604Ce5EaBfb95C2aB2
UniV2FactoryB: 0x154E2238a212Ee4209111D2F3F6351D80e5d74B6
WETH: 0xd676AF79742bCAeb4a71CF62b85d5ba2D1deaf86
DAI addresses: [ '0x1CD4aF4A9bF33474C802d31790A195335f7a9Ab8' ]
[0x2c57d1CFC6d5f8E4182a56b4cf75421472eBAEa4] swapping 433.0 DAI for WETH
Nonce calculation debug:
- currentNonce (from getTransactionCount): 20
- nonce.override: 41
- nonce.offset: undefined
- Final nonce value: 61
Sending bundle: [
  '0x02f90176833018243d85012a05f2008512a05f2000830249f0946c6340ba1dc72c59197825cd94eccc1f9c67416e80b901040cc7326300000000000000000000000000000000000000000000000000000000000000a0000000000000000000000000000000000000000000000017791505de20240000000000000000000000000000b77d61ea79c7ea8bfa03d3604ce5eabfb95c2ab20000000000000000000000002c57d1cfc6d5f8e4182a56b4cf75421472ebaea4000000000000000000000000000000000000000000000000000000000000000000000000000000000000000000000000000000000000000000000000000000020000000000000000000000001cd4af4a9bf33474c802d31790a195335f7a9ab8000000000000000000000000d676af79742bcaeb4a71cf62b85d5ba2d1deaf86c001a03bb0854a82252ebf30a609cfd6fd9922857a16d2310be11fd3d5977cd0e3d6fda051a67edebd82fec4740e90c04b3c66c0dde8387b0a4efa53e8977476bd098c57'
]
nonceOffset: 42
nonceOffset before: 42
Generating swaps with params: {
  targetBlockNumber: 10,
  txsPerBundle: 1,
  sendRoute: 1,
  txStrategy: 'univ2',
  profRpcUrl: 'None',
  nonceOffset: 42
}
Generating swaps with params: {}
Current nonce for 0x2c57d1CFC6d5f8E4182a56b4cf75421472eBAEa4: 20
Contract Addresses:
AtomicSwap: 0x6C6340BA1Dc72c59197825cD94EcCC1f9c67416e
UniV2FactoryA: 0xB77d61Ea79c7Ea8bfa03d3604Ce5EaBfb95C2aB2
UniV2FactoryB: 0x154E2238a212Ee4209111D2F3F6351D80e5d74B6
WETH: 0xd676AF79742bCAeb4a71CF62b85d5ba2D1deaf86
DAI addresses: [ '0x1CD4aF4A9bF33474C802d31790A195335f7a9Ab8' ]
[0x2c57d1CFC6d5f8E4182a56b4cf75421472eBAEa4] swapping 0.635873749037721324 WETH for DAI
Nonce calculation debug:
- currentNonce (from getTransactionCount): 20
- nonce.override: 42
- nonce.offset: undefined
- Final nonce value: 62
Sending bundle: [
  '0x02f90176833018243e85012a05f2008512a05f2000830249f0946c6340ba1dc72c59197825cd94eccc1f9c67416e80b901040cc7326300000000000000000000000000000000000000000000000000000000000000a000000000000000000000000000000000000000000000000008d313ce4563a6ec000000000000000000000000b77d61ea79c7ea8bfa03d3604ce5eabfb95c2ab20000000000000000000000002c57d1cfc6d5f8e4182a56b4cf75421472ebaea400000000000000000000000000000000000000000000000000000000000000000000000000000000000000000000000000000000000000000000000000000002000000000000000000000000d676af79742bcaeb4a71cf62b85d5ba2d1deaf860000000000000000000000001cd4af4a9bf33474c802d31790a195335f7a9ab8c001a055153d29295e78b17981c7838cca0587cb9f1f20d8e9e7c4e74f33ee03f4723aa004528e26a086918590d37fd3b4e8c01a607b24d945ffd082c42910c91f886c13'
]
nonceOffset: 43
nonceOffset before: 43
Generating swaps with params: {
  targetBlockNumber: 10,
  txsPerBundle: 1,
  sendRoute: 1,
  txStrategy: 'univ2',
  profRpcUrl: 'None',
  nonceOffset: 43
}
Generating swaps with params: {}
Current nonce for 0x2c57d1CFC6d5f8E4182a56b4cf75421472eBAEa4: 20
Contract Addresses:
AtomicSwap: 0x6C6340BA1Dc72c59197825cD94EcCC1f9c67416e
UniV2FactoryA: 0xB77d61Ea79c7Ea8bfa03d3604Ce5EaBfb95C2aB2
UniV2FactoryB: 0x154E2238a212Ee4209111D2F3F6351D80e5d74B6
WETH: 0xd676AF79742bCAeb4a71CF62b85d5ba2D1deaf86
DAI addresses: [ '0x1CD4aF4A9bF33474C802d31790A195335f7a9Ab8' ]
[0x2c57d1CFC6d5f8E4182a56b4cf75421472eBAEa4] swapping 131.0 DAI for WETH
Nonce calculation debug:
- currentNonce (from getTransactionCount): 20
- nonce.override: 43
- nonce.offset: undefined
- Final nonce value: 63
Sending bundle: [
  '0x02f90176833018243f85012a05f2008512a05f2000830249f0946c6340ba1dc72c59197825cd94eccc1f9c67416e80b901040cc7326300000000000000000000000000000000000000000000000000000000000000a000000000000000000000000000000000000000000000000719fd7deea82c0000000000000000000000000000154e2238a212ee4209111d2f3f6351d80e5d74b60000000000000000000000002c57d1cfc6d5f8e4182a56b4cf75421472ebaea4000000000000000000000000000000000000000000000000000000000000000000000000000000000000000000000000000000000000000000000000000000020000000000000000000000001cd4af4a9bf33474c802d31790a195335f7a9ab8000000000000000000000000d676af79742bcaeb4a71cf62b85d5ba2d1deaf86c080a00a19f7c711d4c7068b53fa505c877efcbf712c1fb49bd31d6216f09b0e391f86a03224d4d741ab42d15adc3c13dcb7fb3474544043adfa91b92bb6f7a1d0a8ed19'
]
nonceOffset: 44
nonceOffset before: 44
Generating swaps with params: {
  targetBlockNumber: 10,
  txsPerBundle: 1,
  sendRoute: 1,
  txStrategy: 'univ2',
  profRpcUrl: 'None',
  nonceOffset: 44
}
Generating swaps with params: {}
Current nonce for 0x2c57d1CFC6d5f8E4182a56b4cf75421472eBAEa4: 20
Contract Addresses:
AtomicSwap: 0x6C6340BA1Dc72c59197825cD94EcCC1f9c67416e
UniV2FactoryA: 0xB77d61Ea79c7Ea8bfa03d3604Ce5EaBfb95C2aB2
UniV2FactoryB: 0x154E2238a212Ee4209111D2F3F6351D80e5d74B6
WETH: 0xd676AF79742bCAeb4a71CF62b85d5ba2D1deaf86
DAI addresses: [ '0x1CD4aF4A9bF33474C802d31790A195335f7a9Ab8' ]
[0x2c57d1CFC6d5f8E4182a56b4cf75421472eBAEa4] swapping 0.472307692307692307 WETH for DAI
Nonce calculation debug:
- currentNonce (from getTransactionCount): 20
- nonce.override: 44
- nonce.offset: undefined
- Final nonce value: 64
Sending bundle: [
  '0x02f90176833018244085012a05f2008512a05f2000830249f0946c6340ba1dc72c59197825cd94eccc1f9c67416e80b901040cc7326300000000000000000000000000000000000000000000000000000000000000a0000000000000000000000000000000000000000000000000068df95800af3b13000000000000000000000000b77d61ea79c7ea8bfa03d3604ce5eabfb95c2ab20000000000000000000000002c57d1cfc6d5f8e4182a56b4cf75421472ebaea400000000000000000000000000000000000000000000000000000000000000000000000000000000000000000000000000000000000000000000000000000002000000000000000000000000d676af79742bcaeb4a71cf62b85d5ba2d1deaf860000000000000000000000001cd4af4a9bf33474c802d31790a195335f7a9ab8c001a0880edd2a31b3a967ca78a275a23464508e1842b8615fdb042454f97fd625f64fa07ab62be8480d74c4b1a246cc33e33133c242c0be08ca7da2318fef7e382485ae'
]
nonceOffset: 45
nonceOffset before: 45
Generating swaps with params: {
  targetBlockNumber: 10,
  txsPerBundle: 1,
  sendRoute: 1,
  txStrategy: 'univ2',
  profRpcUrl: 'None',
  nonceOffset: 45
}
Generating swaps with params: {}
Current nonce for 0x2c57d1CFC6d5f8E4182a56b4cf75421472eBAEa4: 20
Contract Addresses:
AtomicSwap: 0x6C6340BA1Dc72c59197825cD94EcCC1f9c67416e
UniV2FactoryA: 0xB77d61Ea79c7Ea8bfa03d3604Ce5EaBfb95C2aB2
UniV2FactoryB: 0x154E2238a212Ee4209111D2F3F6351D80e5d74B6
WETH: 0xd676AF79742bCAeb4a71CF62b85d5ba2D1deaf86
DAI addresses: [ '0x1CD4aF4A9bF33474C802d31790A195335f7a9Ab8' ]
[0x2c57d1CFC6d5f8E4182a56b4cf75421472eBAEa4] swapping 320.0 DAI for WETH
Nonce calculation debug:
- currentNonce (from getTransactionCount): 20
- nonce.override: 45
- nonce.offset: undefined
- Final nonce value: 65
Sending bundle: [
  '0x02f90176833018244185012a05f2008512a05f2000830249f0946c6340ba1dc72c59197825cd94eccc1f9c67416e80b901040cc7326300000000000000000000000000000000000000000000000000000000000000a000000000000000000000000000000000000000000000001158e460913d000000000000000000000000000000154e2238a212ee4209111d2f3f6351d80e5d74b60000000000000000000000002c57d1cfc6d5f8e4182a56b4cf75421472ebaea4000000000000000000000000000000000000000000000000000000000000000000000000000000000000000000000000000000000000000000000000000000020000000000000000000000001cd4af4a9bf33474c802d31790a195335f7a9ab8000000000000000000000000d676af79742bcaeb4a71cf62b85d5ba2d1deaf86c001a07ad682834ca24ba54f6cba22a08d3f1b9c483e1dc73be0411aaf22ce2f1ecda5a07a3bd939a5549513062dbe61063b7e288300eee360c9dfa00be42e109f8232eb'
]
nonceOffset: 46
nonceOffset before: 46
Generating swaps with params: {
  targetBlockNumber: 10,
  txsPerBundle: 1,
  sendRoute: 1,
  txStrategy: 'univ2',
  profRpcUrl: 'None',
  nonceOffset: 46
}
Generating swaps with params: {}
Current nonce for 0x2c57d1CFC6d5f8E4182a56b4cf75421472eBAEa4: 20
Contract Addresses:
AtomicSwap: 0x6C6340BA1Dc72c59197825cD94EcCC1f9c67416e
UniV2FactoryA: 0xB77d61Ea79c7Ea8bfa03d3604Ce5EaBfb95C2aB2
UniV2FactoryB: 0x154E2238a212Ee4209111D2F3F6351D80e5d74B6
WETH: 0xd676AF79742bCAeb4a71CF62b85d5ba2D1deaf86
DAI addresses: [ '0x1CD4aF4A9bF33474C802d31790A195335f7a9Ab8' ]
[0x2c57d1CFC6d5f8E4182a56b4cf75421472eBAEa4] swapping 0.09923076923076923 WETH for DAI
Nonce calculation debug:
- currentNonce (from getTransactionCount): 20
- nonce.override: 46
- nonce.offset: undefined
- Final nonce value: 66
Sending bundle: [
  '0x02f90176833018244285012a05f2008512a05f2000830249f0946c6340ba1dc72c59197825cd94eccc1f9c67416e80b901040cc7326300000000000000000000000000000000000000000000000000000000000000a0000000000000000000000000000000000000000000000000016089dbdec9ec4e000000000000000000000000b77d61ea79c7ea8bfa03d3604ce5eabfb95c2ab20000000000000000000000002c57d1cfc6d5f8e4182a56b4cf75421472ebaea400000000000000000000000000000000000000000000000000000000000000000000000000000000000000000000000000000000000000000000000000000002000000000000000000000000d676af79742bcaeb4a71cf62b85d5ba2d1deaf860000000000000000000000001cd4af4a9bf33474c802d31790a195335f7a9ab8c001a07bc74dfc92c002adfff1dc4314fa41ba5e136d56caa78e4fe4eebc67b2d9405fa01325d0d2f0f493fabc97e3cd310da07457da3e8ec24ee8e0ebc74ab78a6a1635'
]
nonceOffset: 47
nonceOffset before: 47
Generating swaps with params: {
  targetBlockNumber: 10,
  txsPerBundle: 1,
  sendRoute: 1,
  txStrategy: 'univ2',
  profRpcUrl: 'None',
  nonceOffset: 47
}
Generating swaps with params: {}
Current nonce for 0x2c57d1CFC6d5f8E4182a56b4cf75421472eBAEa4: 20
Contract Addresses:
AtomicSwap: 0x6C6340BA1Dc72c59197825cD94EcCC1f9c67416e
UniV2FactoryA: 0xB77d61Ea79c7Ea8bfa03d3604Ce5EaBfb95C2aB2
UniV2FactoryB: 0x154E2238a212Ee4209111D2F3F6351D80e5d74B6
WETH: 0xd676AF79742bCAeb4a71CF62b85d5ba2D1deaf86
DAI addresses: [ '0x1CD4aF4A9bF33474C802d31790A195335f7a9Ab8' ]
[0x2c57d1CFC6d5f8E4182a56b4cf75421472eBAEa4] swapping 0.625096227867590454 WETH for DAI
Nonce calculation debug:
- currentNonce (from getTransactionCount): 20
- nonce.override: 47
- nonce.offset: undefined
- Final nonce value: 67
Sending bundle: [
  '0x02f90176833018244385012a05f2008512a05f2000830249f0946c6340ba1dc72c59197825cd94eccc1f9c67416e80b901040cc7326300000000000000000000000000000000000000000000000000000000000000a000000000000000000000000000000000000000000000000008acc9b5147bff36000000000000000000000000b77d61ea79c7ea8bfa03d3604ce5eabfb95c2ab20000000000000000000000002c57d1cfc6d5f8e4182a56b4cf75421472ebaea400000000000000000000000000000000000000000000000000000000000000000000000000000000000000000000000000000000000000000000000000000002000000000000000000000000d676af79742bcaeb4a71cf62b85d5ba2d1deaf860000000000000000000000001cd4af4a9bf33474c802d31790a195335f7a9ab8c080a0c4654ed2535e1eaed1701872bd3a5079086fdbfaa54a838e690a0e2e73ec7368a04321a79d0d7e04718f80a76965c2cc3fb92376ff8322a1e2564fa7ef26f70a91'
]
nonceOffset: 48
nonceOffset before: 48
Generating swaps with params: {
  targetBlockNumber: 10,
  txsPerBundle: 1,
  sendRoute: 1,
  txStrategy: 'univ2',
  profRpcUrl: 'None',
  nonceOffset: 48
}
Generating swaps with params: {}
Current nonce for 0x2c57d1CFC6d5f8E4182a56b4cf75421472eBAEa4: 20
Contract Addresses:
AtomicSwap: 0x6C6340BA1Dc72c59197825cD94EcCC1f9c67416e
UniV2FactoryA: 0xB77d61Ea79c7Ea8bfa03d3604Ce5EaBfb95C2aB2
UniV2FactoryB: 0x154E2238a212Ee4209111D2F3F6351D80e5d74B6
WETH: 0xd676AF79742bCAeb4a71CF62b85d5ba2D1deaf86
DAI addresses: [ '0x1CD4aF4A9bF33474C802d31790A195335f7a9Ab8' ]
[0x2c57d1CFC6d5f8E4182a56b4cf75421472eBAEa4] swapping 352.0 DAI for WETH
Nonce calculation debug:
- currentNonce (from getTransactionCount): 20
- nonce.override: 48
- nonce.offset: undefined
- Final nonce value: 68
Sending bundle: [
  '0x02f90176833018244485012a05f2008512a05f2000830249f0946c6340ba1dc72c59197825cd94eccc1f9c67416e80b901040cc7326300000000000000000000000000000000000000000000000000000000000000a000000000000000000000000000000000000000000000001314fb370629800000000000000000000000000000154e2238a212ee4209111d2f3f6351d80e5d74b60000000000000000000000002c57d1cfc6d5f8e4182a56b4cf75421472ebaea4000000000000000000000000000000000000000000000000000000000000000000000000000000000000000000000000000000000000000000000000000000020000000000000000000000001cd4af4a9bf33474c802d31790a195335f7a9ab8000000000000000000000000d676af79742bcaeb4a71cf62b85d5ba2d1deaf86c001a0bf8847b1a68d4d4979e942e08551d62459ba7620d0cde3a8f2814f8d2d9101aaa0407a45cd00816eb99a19131395b27b60d6bc8d0a6af3af7698c8bc8c51c24c85'
]
nonceOffset: 49
nonceOffset before: 49
Generating swaps with params: {
  targetBlockNumber: 10,
  txsPerBundle: 1,
  sendRoute: 1,
  txStrategy: 'univ2',
  profRpcUrl: 'None',
  nonceOffset: 49
}
Generating swaps with params: {}
Current nonce for 0x2c57d1CFC6d5f8E4182a56b4cf75421472eBAEa4: 20
Contract Addresses:
AtomicSwap: 0x6C6340BA1Dc72c59197825cD94EcCC1f9c67416e
UniV2FactoryA: 0xB77d61Ea79c7Ea8bfa03d3604Ce5EaBfb95C2aB2
UniV2FactoryB: 0x154E2238a212Ee4209111D2F3F6351D80e5d74B6
WETH: 0xd676AF79742bCAeb4a71CF62b85d5ba2D1deaf86
DAI addresses: [ '0x1CD4aF4A9bF33474C802d31790A195335f7a9Ab8' ]
[0x2c57d1CFC6d5f8E4182a56b4cf75421472eBAEa4] swapping 0.413076923076923076 WETH for DAI
Nonce calculation debug:
- currentNonce (from getTransactionCount): 20
- nonce.override: 49
- nonce.offset: undefined
- Final nonce value: 69
Sending bundle: [
  '0x02f90176833018244585012a05f2008512a05f2000830249f0946c6340ba1dc72c59197825cd94eccc1f9c67416e80b901040cc7326300000000000000000000000000000000000000000000000000000000000000a000000000000000000000000000000000000000000000000005bb8b45e0e94ec4000000000000000000000000b77d61ea79c7ea8bfa03d3604ce5eabfb95c2ab20000000000000000000000002c57d1cfc6d5f8e4182a56b4cf75421472ebaea400000000000000000000000000000000000000000000000000000000000000000000000000000000000000000000000000000000000000000000000000000002000000000000000000000000d676af79742bcaeb4a71cf62b85d5ba2d1deaf860000000000000000000000001cd4af4a9bf33474c802d31790a195335f7a9ab8c001a0a96fa244ed607f4bc506ed38e431c9a57059b5b1476cb105e88d185f4630189ba06307cd3287678bc91df8855902822fe67942387824decf114661be6924f6238a'
]
nonceOffset: 50
nonceOffset before: 50
Generating swaps with params: {
  targetBlockNumber: 10,
  txsPerBundle: 1,
  sendRoute: 1,
  txStrategy: 'univ2',
  profRpcUrl: 'None',
  nonceOffset: 50
}
Generating swaps with params: {}
Current nonce for 0x2c57d1CFC6d5f8E4182a56b4cf75421472eBAEa4: 20
Contract Addresses:
AtomicSwap: 0x6C6340BA1Dc72c59197825cD94EcCC1f9c67416e
UniV2FactoryA: 0xB77d61Ea79c7Ea8bfa03d3604Ce5EaBfb95C2aB2
UniV2FactoryB: 0x154E2238a212Ee4209111D2F3F6351D80e5d74B6
WETH: 0xd676AF79742bCAeb4a71CF62b85d5ba2D1deaf86
DAI addresses: [ '0x1CD4aF4A9bF33474C802d31790A195335f7a9Ab8' ]
[0x2c57d1CFC6d5f8E4182a56b4cf75421472eBAEa4] swapping 0.137028483448806774 WETH for DAI
Nonce calculation debug:
- currentNonce (from getTransactionCount): 20
- nonce.override: 50
- nonce.offset: undefined
- Final nonce value: 70
Sending bundle: [
  '0x02f90176833018244685012a05f2008512a05f2000830249f0946c6340ba1dc72c59197825cd94eccc1f9c67416e80b901040cc7326300000000000000000000000000000000000000000000000000000000000000a000000000000000000000000000000000000000000000000001e6d2ae00139d76000000000000000000000000154e2238a212ee4209111d2f3f6351d80e5d74b60000000000000000000000002c57d1cfc6d5f8e4182a56b4cf75421472ebaea400000000000000000000000000000000000000000000000000000000000000000000000000000000000000000000000000000000000000000000000000000002000000000000000000000000d676af79742bcaeb4a71cf62b85d5ba2d1deaf860000000000000000000000001cd4af4a9bf33474c802d31790a195335f7a9ab8c080a0daef6519024c432e9ee868331a401fb4e0976549cf2032b7403bc8b2c3fde3b6a0375161f58143e66f3ee546ce13c413dc89b4570077f4c0ec5072c94cd2f4c463'
]
nonceOffset: 51
nonceOffset before: 51
Generating swaps with params: {
  targetBlockNumber: 10,
  txsPerBundle: 1,
  sendRoute: 1,
  txStrategy: 'univ2',
  profRpcUrl: 'None',
  nonceOffset: 51
}
Generating swaps with params: {}
Current nonce for 0x2c57d1CFC6d5f8E4182a56b4cf75421472eBAEa4: 20
Contract Addresses:
AtomicSwap: 0x6C6340BA1Dc72c59197825cD94EcCC1f9c67416e
UniV2FactoryA: 0xB77d61Ea79c7Ea8bfa03d3604Ce5EaBfb95C2aB2
UniV2FactoryB: 0x154E2238a212Ee4209111D2F3F6351D80e5d74B6
WETH: 0xd676AF79742bCAeb4a71CF62b85d5ba2D1deaf86
DAI addresses: [ '0x1CD4aF4A9bF33474C802d31790A195335f7a9Ab8' ]
[0x2c57d1CFC6d5f8E4182a56b4cf75421472eBAEa4] swapping 0.465384615384615384 WETH for DAI
Nonce calculation debug:
- currentNonce (from getTransactionCount): 20
- nonce.override: 51
- nonce.offset: undefined
- Final nonce value: 71
Sending bundle: [
  '0x02f90176833018244785012a05f2008512a05f2000830249f0946c6340ba1dc72c59197825cd94eccc1f9c67416e80b901040cc7326300000000000000000000000000000000000000000000000000000000000000a0000000000000000000000000000000000000000000000000067560d78bee89d8000000000000000000000000b77d61ea79c7ea8bfa03d3604ce5eabfb95c2ab20000000000000000000000002c57d1cfc6d5f8e4182a56b4cf75421472ebaea400000000000000000000000000000000000000000000000000000000000000000000000000000000000000000000000000000000000000000000000000000002000000000000000000000000d676af79742bcaeb4a71cf62b85d5ba2d1deaf860000000000000000000000001cd4af4a9bf33474c802d31790a195335f7a9ab8c080a059349c48760cd4d7f73e85f3f4df18cf16e74878e80340039f8000ad35de434fa0242838d12d6877569ccf932f3c93a0cfa00287717cc8b378c0a3fb15c285a940'
]
nonceOffset: 52
nonceOffset before: 52
Generating swaps with params: {
  targetBlockNumber: 10,
  txsPerBundle: 1,
  sendRoute: 1,
  txStrategy: 'univ2',
  profRpcUrl: 'None',
  nonceOffset: 52
}
Generating swaps with params: {}
Current nonce for 0x2c57d1CFC6d5f8E4182a56b4cf75421472eBAEa4: 20
Contract Addresses:
AtomicSwap: 0x6C6340BA1Dc72c59197825cD94EcCC1f9c67416e
UniV2FactoryA: 0xB77d61Ea79c7Ea8bfa03d3604Ce5EaBfb95C2aB2
UniV2FactoryB: 0x154E2238a212Ee4209111D2F3F6351D80e5d74B6
WETH: 0xd676AF79742bCAeb4a71CF62b85d5ba2D1deaf86
DAI addresses: [ '0x1CD4aF4A9bF33474C802d31790A195335f7a9Ab8' ]
[0x2c57d1CFC6d5f8E4182a56b4cf75421472eBAEa4] swapping 0.320246343341031562 WETH for DAI
Nonce calculation debug:
- currentNonce (from getTransactionCount): 20
- nonce.override: 52
- nonce.offset: undefined
- Final nonce value: 72
Sending bundle: [
  '0x02f90176833018244885012a05f2008512a05f2000830249f0946c6340ba1dc72c59197825cd94eccc1f9c67416e80b901040cc7326300000000000000000000000000000000000000000000000000000000000000a00000000000000000000000000000000000000000000000000471be5a3f75c08a000000000000000000000000154e2238a212ee4209111d2f3f6351d80e5d74b60000000000000000000000002c57d1cfc6d5f8e4182a56b4cf75421472ebaea400000000000000000000000000000000000000000000000000000000000000000000000000000000000000000000000000000000000000000000000000000002000000000000000000000000d676af79742bcaeb4a71cf62b85d5ba2d1deaf860000000000000000000000001cd4af4a9bf33474c802d31790a195335f7a9ab8c001a07846b475003a5024424b1175b2abc08d98e825d212b53d818167d5f21418371ca01cf95bf918673c5a7368101cc7ecc4fd0fb3352193aa4a1a594419202ae90ea4'
]
nonceOffset: 53
nonceOffset before: 53
Generating swaps with params: {
  targetBlockNumber: 10,
  txsPerBundle: 1,
  sendRoute: 1,
  txStrategy: 'univ2',
  profRpcUrl: 'None',
  nonceOffset: 53
}
Generating swaps with params: {}
Current nonce for 0x2c57d1CFC6d5f8E4182a56b4cf75421472eBAEa4: 20
Contract Addresses:
AtomicSwap: 0x6C6340BA1Dc72c59197825cD94EcCC1f9c67416e
UniV2FactoryA: 0xB77d61Ea79c7Ea8bfa03d3604Ce5EaBfb95C2aB2
UniV2FactoryB: 0x154E2238a212Ee4209111D2F3F6351D80e5d74B6
WETH: 0xd676AF79742bCAeb4a71CF62b85d5ba2D1deaf86
DAI addresses: [ '0x1CD4aF4A9bF33474C802d31790A195335f7a9Ab8' ]
[0x2c57d1CFC6d5f8E4182a56b4cf75421472eBAEa4] swapping 0.409861325115562403 WETH for DAI
Nonce calculation debug:
- currentNonce (from getTransactionCount): 20
- nonce.override: 53
- nonce.offset: undefined
- Final nonce value: 73
Sending bundle: [
  '0x02f90176833018244985012a05f2008512a05f2000830249f0946c6340ba1dc72c59197825cd94eccc1f9c67416e80b901040cc7326300000000000000000000000000000000000000000000000000000000000000a000000000000000000000000000000000000000000000000005b01eb422af19a3000000000000000000000000154e2238a212ee4209111d2f3f6351d80e5d74b60000000000000000000000002c57d1cfc6d5f8e4182a56b4cf75421472ebaea400000000000000000000000000000000000000000000000000000000000000000000000000000000000000000000000000000000000000000000000000000002000000000000000000000000d676af79742bcaeb4a71cf62b85d5ba2d1deaf860000000000000000000000001cd4af4a9bf33474c802d31790a195335f7a9ab8c080a02a7a77b6448c4ae3caa87f266cdbd9b804c3ee2f1a810ee751fd82cab05ba2aea06017927693964083dde156aa8fd63b7023ff95866f1635fd8fb6ccd963c9a591'
]
nonceOffset: 54
nonceOffset before: 54
Generating swaps with params: {
  targetBlockNumber: 10,
  txsPerBundle: 1,
  sendRoute: 1,
  txStrategy: 'univ2',
  profRpcUrl: 'None',
  nonceOffset: 54
}
Generating swaps with params: {}
Current nonce for 0x2c57d1CFC6d5f8E4182a56b4cf75421472eBAEa4: 20
Contract Addresses:
AtomicSwap: 0x6C6340BA1Dc72c59197825cD94EcCC1f9c67416e
UniV2FactoryA: 0xB77d61Ea79c7Ea8bfa03d3604Ce5EaBfb95C2aB2
UniV2FactoryB: 0x154E2238a212Ee4209111D2F3F6351D80e5d74B6
WETH: 0xd676AF79742bCAeb4a71CF62b85d5ba2D1deaf86
DAI addresses: [ '0x1CD4aF4A9bF33474C802d31790A195335f7a9Ab8' ]
[0x2c57d1CFC6d5f8E4182a56b4cf75421472eBAEa4] swapping 639.0 DAI for WETH
Nonce calculation debug:
- currentNonce (from getTransactionCount): 20
- nonce.override: 54
- nonce.offset: undefined
- Final nonce value: 74
Sending bundle: [
  '0x02f90176833018244a85012a05f2008512a05f2000830249f0946c6340ba1dc72c59197825cd94eccc1f9c67416e80b901040cc7326300000000000000000000000000000000000000000000000000000000000000a0000000000000000000000000000000000000000000000022a3e80a6ed29c0000000000000000000000000000154e2238a212ee4209111d2f3f6351d80e5d74b60000000000000000000000002c57d1cfc6d5f8e4182a56b4cf75421472ebaea4000000000000000000000000000000000000000000000000000000000000000000000000000000000000000000000000000000000000000000000000000000020000000000000000000000001cd4af4a9bf33474c802d31790a195335f7a9ab8000000000000000000000000d676af79742bcaeb4a71cf62b85d5ba2d1deaf86c001a0a4065a581ae1195c4d9485ac6c6084f38ed0984123ded6144c60a94a2c67c292a07ce73346d082ad1dc2d14ab03c0844d10ae76d2e19a4550984f43be3715a2e89'
]
nonceOffset: 55
nonceOffset before: 55
Generating swaps with params: {
  targetBlockNumber: 10,
  txsPerBundle: 1,
  sendRoute: 1,
  txStrategy: 'univ2',
  profRpcUrl: 'None',
  nonceOffset: 55
}
Generating swaps with params: {}
Current nonce for 0x2c57d1CFC6d5f8E4182a56b4cf75421472eBAEa4: 20
Contract Addresses:
AtomicSwap: 0x6C6340BA1Dc72c59197825cD94EcCC1f9c67416e
UniV2FactoryA: 0xB77d61Ea79c7Ea8bfa03d3604Ce5EaBfb95C2aB2
UniV2FactoryB: 0x154E2238a212Ee4209111D2F3F6351D80e5d74B6
WETH: 0xd676AF79742bCAeb4a71CF62b85d5ba2D1deaf86
DAI addresses: [ '0x1CD4aF4A9bF33474C802d31790A195335f7a9Ab8' ]
[0x2c57d1CFC6d5f8E4182a56b4cf75421472eBAEa4] swapping 0.17923076923076923 WETH for DAI
Nonce calculation debug:
- currentNonce (from getTransactionCount): 20
- nonce.override: 55
- nonce.offset: undefined
- Final nonce value: 75
Sending bundle: [
  '0x02f90176833018244b85012a05f2008512a05f2000830249f0946c6340ba1dc72c59197825cd94eccc1f9c67416e80b901040cc7326300000000000000000000000000000000000000000000000000000000000000a0000000000000000000000000000000000000000000000000027cc16f5cd1ec4e000000000000000000000000b77d61ea79c7ea8bfa03d3604ce5eabfb95c2ab20000000000000000000000002c57d1cfc6d5f8e4182a56b4cf75421472ebaea400000000000000000000000000000000000000000000000000000000000000000000000000000000000000000000000000000000000000000000000000000002000000000000000000000000d676af79742bcaeb4a71cf62b85d5ba2d1deaf860000000000000000000000001cd4af4a9bf33474c802d31790a195335f7a9ab8c080a0a104f134276a61a8f79f5a7a23a75b2f1d934c57eb5b81c1b029251a6fefb51ba066c454498381f863a1b668106d32ae7e4f7f47e6b91ac01c539b1ba2bd928560'
]
nonceOffset: 56
nonceOffset before: 56
Generating swaps with params: {
  targetBlockNumber: 10,
  txsPerBundle: 1,
  sendRoute: 1,
  txStrategy: 'univ2',
  profRpcUrl: 'None',
  nonceOffset: 56
}
Generating swaps with params: {}
Current nonce for 0x2c57d1CFC6d5f8E4182a56b4cf75421472eBAEa4: 20
Contract Addresses:
AtomicSwap: 0x6C6340BA1Dc72c59197825cD94EcCC1f9c67416e
UniV2FactoryA: 0xB77d61Ea79c7Ea8bfa03d3604Ce5EaBfb95C2aB2
UniV2FactoryB: 0x154E2238a212Ee4209111D2F3F6351D80e5d74B6
WETH: 0xd676AF79742bCAeb4a71CF62b85d5ba2D1deaf86
DAI addresses: [ '0x1CD4aF4A9bF33474C802d31790A195335f7a9Ab8' ]
[0x2c57d1CFC6d5f8E4182a56b4cf75421472eBAEa4] swapping 0.380769230769230769 WETH for DAI
Nonce calculation debug:
- currentNonce (from getTransactionCount): 20
- nonce.override: 56
- nonce.offset: undefined
- Final nonce value: 76
Sending bundle: [
  '0x02f90176833018244c85012a05f2008512a05f2000830249f0946c6340ba1dc72c59197825cd94eccc1f9c67416e80b901040cc7326300000000000000000000000000000000000000000000000000000000000000a00000000000000000000000000000000000000000000000000548c399156613b1000000000000000000000000b77d61ea79c7ea8bfa03d3604ce5eabfb95c2ab20000000000000000000000002c57d1cfc6d5f8e4182a56b4cf75421472ebaea400000000000000000000000000000000000000000000000000000000000000000000000000000000000000000000000000000000000000000000000000000002000000000000000000000000d676af79742bcaeb4a71cf62b85d5ba2d1deaf860000000000000000000000001cd4af4a9bf33474c802d31790a195335f7a9ab8c001a03fcf29f34522870d023755ad583f330f2cee120e4821cfc2d846513f21f0d75ca06dbde64c45fb1d2111c420678a4af7050e521d7c5b59e13dee354360804e013d'
]
nonceOffset: 57
nonceOffset before: 57
Generating swaps with params: {
  targetBlockNumber: 10,
  txsPerBundle: 1,
  sendRoute: 1,
  txStrategy: 'univ2',
  profRpcUrl: 'None',
  nonceOffset: 57
}
Generating swaps with params: {}
Current nonce for 0x2c57d1CFC6d5f8E4182a56b4cf75421472eBAEa4: 20
Contract Addresses:
AtomicSwap: 0x6C6340BA1Dc72c59197825cD94EcCC1f9c67416e
UniV2FactoryA: 0xB77d61Ea79c7Ea8bfa03d3604Ce5EaBfb95C2aB2
UniV2FactoryB: 0x154E2238a212Ee4209111D2F3F6351D80e5d74B6
WETH: 0xd676AF79742bCAeb4a71CF62b85d5ba2D1deaf86
DAI addresses: [ '0x1CD4aF4A9bF33474C802d31790A195335f7a9Ab8' ]
[0x2c57d1CFC6d5f8E4182a56b4cf75421472eBAEa4] swapping 0.71285604311008468 WETH for DAI
Nonce calculation debug:
- currentNonce (from getTransactionCount): 20
- nonce.override: 57
- nonce.offset: undefined
- Final nonce value: 77
Sending bundle: [
  '0x02f90176833018244d85012a05f2008512a05f2000830249f0946c6340ba1dc72c59197825cd94eccc1f9c67416e80b901040cc7326300000000000000000000000000000000000000000000000000000000000000a000000000000000000000000000000000000000000000000009e492cb59913048000000000000000000000000b77d61ea79c7ea8bfa03d3604ce5eabfb95c2ab20000000000000000000000002c57d1cfc6d5f8e4182a56b4cf75421472ebaea400000000000000000000000000000000000000000000000000000000000000000000000000000000000000000000000000000000000000000000000000000002000000000000000000000000d676af79742bcaeb4a71cf62b85d5ba2d1deaf860000000000000000000000001cd4af4a9bf33474c802d31790a195335f7a9ab8c001a0cbeb93211331a599fdb5d51c8365962f80a65c159201fb476b9429c4cfd2e31ca0654c43b6d00d36ba71ca1f533dca64112621a6d4d0b09478c5f21eb8f45440e8'
]
nonceOffset: 58
nonceOffset before: 58
Generating swaps with params: {
  targetBlockNumber: 10,
  txsPerBundle: 1,
  sendRoute: 1,
  txStrategy: 'univ2',
  profRpcUrl: 'None',
  nonceOffset: 58
}
Generating swaps with params: {}
Current nonce for 0x2c57d1CFC6d5f8E4182a56b4cf75421472eBAEa4: 20
Contract Addresses:
AtomicSwap: 0x6C6340BA1Dc72c59197825cD94EcCC1f9c67416e
UniV2FactoryA: 0xB77d61Ea79c7Ea8bfa03d3604Ce5EaBfb95C2aB2
UniV2FactoryB: 0x154E2238a212Ee4209111D2F3F6351D80e5d74B6
WETH: 0xd676AF79742bCAeb4a71CF62b85d5ba2D1deaf86
DAI addresses: [ '0x1CD4aF4A9bF33474C802d31790A195335f7a9Ab8' ]
[0x2c57d1CFC6d5f8E4182a56b4cf75421472eBAEa4] swapping 0.378461538461538461 WETH for DAI
Nonce calculation debug:
- currentNonce (from getTransactionCount): 20
- nonce.override: 58
- nonce.offset: undefined
- Final nonce value: 78
Sending bundle: [
  '0x02f90176833018244e85012a05f2008512a05f2000830249f0946c6340ba1dc72c59197825cd94eccc1f9c67416e80b901040cc7326300000000000000000000000000000000000000000000000000000000000000a0000000000000000000000000000000000000000000000000054090c39925d89d000000000000000000000000b77d61ea79c7ea8bfa03d3604ce5eabfb95c2ab20000000000000000000000002c57d1cfc6d5f8e4182a56b4cf75421472ebaea400000000000000000000000000000000000000000000000000000000000000000000000000000000000000000000000000000000000000000000000000000002000000000000000000000000d676af79742bcaeb4a71cf62b85d5ba2d1deaf860000000000000000000000001cd4af4a9bf33474c802d31790a195335f7a9ab8c080a07ac1b17f32cce6285f6924b7298c920792834f521a177e5caf07fb4f290f1c0fa044fd4ea873f478091b42195425ed75ced6c6b11787a2438c8ae7a651fe39a897'
]
nonceOffset: 59
nonceOffset before: 59
Generating swaps with params: {
  targetBlockNumber: 10,
  txsPerBundle: 1,
  sendRoute: 1,
  txStrategy: 'univ2',
  profRpcUrl: 'None',
  nonceOffset: 59
}
Generating swaps with params: {}
Current nonce for 0x2c57d1CFC6d5f8E4182a56b4cf75421472eBAEa4: 20
Contract Addresses:
AtomicSwap: 0x6C6340BA1Dc72c59197825cD94EcCC1f9c67416e
UniV2FactoryA: 0xB77d61Ea79c7Ea8bfa03d3604Ce5EaBfb95C2aB2
UniV2FactoryB: 0x154E2238a212Ee4209111D2F3F6351D80e5d74B6
WETH: 0xd676AF79742bCAeb4a71CF62b85d5ba2D1deaf86
DAI addresses: [ '0x1CD4aF4A9bF33474C802d31790A195335f7a9Ab8' ]
[0x2c57d1CFC6d5f8E4182a56b4cf75421472eBAEa4] swapping 116.0 DAI for WETH
Nonce calculation debug:
- currentNonce (from getTransactionCount): 20
- nonce.override: 59
- nonce.offset: undefined
- Final nonce value: 79
Sending bundle: [
  '0x02f90176833018244f85012a05f2008512a05f2000830249f0946c6340ba1dc72c59197825cd94eccc1f9c67416e80b901040cc7326300000000000000000000000000000000000000000000000000000000000000a000000000000000000000000000000000000000000000000649d2c967d9500000000000000000000000000000154e2238a212ee4209111d2f3f6351d80e5d74b60000000000000000000000002c57d1cfc6d5f8e4182a56b4cf75421472ebaea4000000000000000000000000000000000000000000000000000000000000000000000000000000000000000000000000000000000000000000000000000000020000000000000000000000001cd4af4a9bf33474c802d31790a195335f7a9ab8000000000000000000000000d676af79742bcaeb4a71cf62b85d5ba2d1deaf86c080a0f74173c578bd58e5c45a135534ecdbd6bd4a97f353d2633d48964ae3437f19fda057c731f79ca602b3aa1a5025ffbb156791c4b8aaf7dcd697a1823a5831c1c464'
]
nonceOffset: 60
nonceOffset before: 60
Generating swaps with params: {
  targetBlockNumber: 10,
  txsPerBundle: 1,
  sendRoute: 1,
  txStrategy: 'univ2',
  profRpcUrl: 'None',
  nonceOffset: 60
}
Generating swaps with params: {}
Current nonce for 0x2c57d1CFC6d5f8E4182a56b4cf75421472eBAEa4: 20
Contract Addresses:
AtomicSwap: 0x6C6340BA1Dc72c59197825cD94EcCC1f9c67416e
UniV2FactoryA: 0xB77d61Ea79c7Ea8bfa03d3604Ce5EaBfb95C2aB2
UniV2FactoryB: 0x154E2238a212Ee4209111D2F3F6351D80e5d74B6
WETH: 0xd676AF79742bCAeb4a71CF62b85d5ba2D1deaf86
DAI addresses: [ '0x1CD4aF4A9bF33474C802d31790A195335f7a9Ab8' ]
[0x2c57d1CFC6d5f8E4182a56b4cf75421472eBAEa4] swapping 0.519260400616332819 WETH for DAI
Nonce calculation debug:
- currentNonce (from getTransactionCount): 20
- nonce.override: 60
- nonce.offset: undefined
- Final nonce value: 80
Sending bundle: [
  '0x02f90176833018245085012a05f2008512a05f2000830249f0946c6340ba1dc72c59197825cd94eccc1f9c67416e80b901040cc7326300000000000000000000000000000000000000000000000000000000000000a00000000000000000000000000000000000000000000000000734c8954ca9de13000000000000000000000000154e2238a212ee4209111d2f3f6351d80e5d74b60000000000000000000000002c57d1cfc6d5f8e4182a56b4cf75421472ebaea400000000000000000000000000000000000000000000000000000000000000000000000000000000000000000000000000000000000000000000000000000002000000000000000000000000d676af79742bcaeb4a71cf62b85d5ba2d1deaf860000000000000000000000001cd4af4a9bf33474c802d31790a195335f7a9ab8c080a042419524a86a7e1098d0edb73712b67f2c60408894dea1779c4d5ce6cc9ffe8ea019e0feeb1d9a258428a8f76f8af4b0e9e774123d8b313d93ad6e96d43c36d2e8'
]
nonceOffset: 61
nonceOffset before: 61
Generating swaps with params: {
  targetBlockNumber: 10,
  txsPerBundle: 1,
  sendRoute: 1,
  txStrategy: 'univ2',
  profRpcUrl: 'None',
  nonceOffset: 61
}
Generating swaps with params: {}
Current nonce for 0x2c57d1CFC6d5f8E4182a56b4cf75421472eBAEa4: 20
Contract Addresses:
AtomicSwap: 0x6C6340BA1Dc72c59197825cD94EcCC1f9c67416e
UniV2FactoryA: 0xB77d61Ea79c7Ea8bfa03d3604Ce5EaBfb95C2aB2
UniV2FactoryB: 0x154E2238a212Ee4209111D2F3F6351D80e5d74B6
WETH: 0xd676AF79742bCAeb4a71CF62b85d5ba2D1deaf86
DAI addresses: [ '0x1CD4aF4A9bF33474C802d31790A195335f7a9Ab8' ]
[0x2c57d1CFC6d5f8E4182a56b4cf75421472eBAEa4] swapping 0.476117103235747303 WETH for DAI
Nonce calculation debug:
- currentNonce (from getTransactionCount): 20
- nonce.override: 61
- nonce.offset: undefined
- Final nonce value: 81
Sending bundle: [
  '0x02f90176833018245185012a05f2008512a05f2000830249f0946c6340ba1dc72c59197825cd94eccc1f9c67416e80b901040cc7326300000000000000000000000000000000000000000000000000000000000000a0000000000000000000000000000000000000000000000000069b81fb99dacde7000000000000000000000000154e2238a212ee4209111d2f3f6351d80e5d74b60000000000000000000000002c57d1cfc6d5f8e4182a56b4cf75421472ebaea400000000000000000000000000000000000000000000000000000000000000000000000000000000000000000000000000000000000000000000000000000002000000000000000000000000d676af79742bcaeb4a71cf62b85d5ba2d1deaf860000000000000000000000001cd4af4a9bf33474c802d31790a195335f7a9ab8c080a0de3c0501eaa426fdb45a1c30b83eb83844164fe5b61e76de8069b41cf5988e1ca02bdbc2e0d5fc49ccb7f7277e28a42b1fe3574b0d8ded748f2843b72b7c1d221e'
]
nonceOffset: 62
nonceOffset before: 62
Generating swaps with params: {
  targetBlockNumber: 10,
  txsPerBundle: 1,
  sendRoute: 1,
  txStrategy: 'univ2',
  profRpcUrl: 'None',
  nonceOffset: 62
}
Generating swaps with params: {}
Current nonce for 0x2c57d1CFC6d5f8E4182a56b4cf75421472eBAEa4: 20
Contract Addresses:
AtomicSwap: 0x6C6340BA1Dc72c59197825cD94EcCC1f9c67416e
UniV2FactoryA: 0xB77d61Ea79c7Ea8bfa03d3604Ce5EaBfb95C2aB2
UniV2FactoryB: 0x154E2238a212Ee4209111D2F3F6351D80e5d74B6
WETH: 0xd676AF79742bCAeb4a71CF62b85d5ba2D1deaf86
DAI addresses: [ '0x1CD4aF4A9bF33474C802d31790A195335f7a9Ab8' ]
[0x2c57d1CFC6d5f8E4182a56b4cf75421472eBAEa4] swapping 404.0 DAI for WETH
Nonce calculation debug:
- currentNonce (from getTransactionCount): 20
- nonce.override: 62
- nonce.offset: undefined
- Final nonce value: 82
Sending bundle: [
  '0x02f90176833018245285012a05f2008512a05f2000830249f0946c6340ba1dc72c59197825cd94eccc1f9c67416e80b901040cc7326300000000000000000000000000000000000000000000000000000000000000a0000000000000000000000000000000000000000000000015e6a0538429d00000000000000000000000000000154e2238a212ee4209111d2f3f6351d80e5d74b60000000000000000000000002c57d1cfc6d5f8e4182a56b4cf75421472ebaea4000000000000000000000000000000000000000000000000000000000000000000000000000000000000000000000000000000000000000000000000000000020000000000000000000000001cd4af4a9bf33474c802d31790a195335f7a9ab8000000000000000000000000d676af79742bcaeb4a71cf62b85d5ba2d1deaf86c080a0883253ad226d86935bd29e988bb18e2b76c6839e322f05d3c3e09b9a1134e166a0351cdf64c020e81edcd9163ae96871c622ed2957e646259435b33729c070edf5'
]
nonceOffset: 63
nonceOffset before: 63
Generating swaps with params: {
  targetBlockNumber: 10,
  txsPerBundle: 1,
  sendRoute: 1,
  txStrategy: 'univ2',
  profRpcUrl: 'None',
  nonceOffset: 63
}
Generating swaps with params: {}
Current nonce for 0x2c57d1CFC6d5f8E4182a56b4cf75421472eBAEa4: 20
Contract Addresses:
AtomicSwap: 0x6C6340BA1Dc72c59197825cD94EcCC1f9c67416e
UniV2FactoryA: 0xB77d61Ea79c7Ea8bfa03d3604Ce5EaBfb95C2aB2
UniV2FactoryB: 0x154E2238a212Ee4209111D2F3F6351D80e5d74B6
WETH: 0xd676AF79742bCAeb4a71CF62b85d5ba2D1deaf86
DAI addresses: [ '0x1CD4aF4A9bF33474C802d31790A195335f7a9Ab8' ]
[0x2c57d1CFC6d5f8E4182a56b4cf75421472eBAEa4] swapping 655.0 DAI for WETH
Nonce calculation debug:
- currentNonce (from getTransactionCount): 20
- nonce.override: 63
- nonce.offset: undefined
- Final nonce value: 83
Sending bundle: [
  '0x02f90176833018245385012a05f2008512a05f2000830249f0946c6340ba1dc72c59197825cd94eccc1f9c67416e80b901040cc7326300000000000000000000000000000000000000000000000000000000000000a000000000000000000000000000000000000000000000002381f375a948dc0000000000000000000000000000b77d61ea79c7ea8bfa03d3604ce5eabfb95c2ab20000000000000000000000002c57d1cfc6d5f8e4182a56b4cf75421472ebaea4000000000000000000000000000000000000000000000000000000000000000000000000000000000000000000000000000000000000000000000000000000020000000000000000000000001cd4af4a9bf33474c802d31790a195335f7a9ab8000000000000000000000000d676af79742bcaeb4a71cf62b85d5ba2d1deaf86c001a04579cb39620fd02ee9adc7d5b268c99d226eee5beae0b77289057151387ed2e8a02358f0235c495debdde7e583d90c3f0f67d3caffe929dc93afa006c0df756f9a'
]
nonceOffset: 64
nonceOffset before: 64
Generating swaps with params: {
  targetBlockNumber: 10,
  txsPerBundle: 1,
  sendRoute: 1,
  txStrategy: 'univ2',
  profRpcUrl: 'None',
  nonceOffset: 64
}
Generating swaps with params: {}
Current nonce for 0x2c57d1CFC6d5f8E4182a56b4cf75421472eBAEa4: 20
Contract Addresses:
AtomicSwap: 0x6C6340BA1Dc72c59197825cD94EcCC1f9c67416e
UniV2FactoryA: 0xB77d61Ea79c7Ea8bfa03d3604Ce5EaBfb95C2aB2
UniV2FactoryB: 0x154E2238a212Ee4209111D2F3F6351D80e5d74B6
WETH: 0xd676AF79742bCAeb4a71CF62b85d5ba2D1deaf86
DAI addresses: [ '0x1CD4aF4A9bF33474C802d31790A195335f7a9Ab8' ]
[0x2c57d1CFC6d5f8E4182a56b4cf75421472eBAEa4] swapping 365.0 DAI for WETH
Nonce calculation debug:
- currentNonce (from getTransactionCount): 20
- nonce.override: 64
- nonce.offset: undefined
- Final nonce value: 84
Sending bundle: [
  '0x02f90176833018245485012a05f2008512a05f2000830249f0946c6340ba1dc72c59197825cd94eccc1f9c67416e80b901040cc7326300000000000000000000000000000000000000000000000000000000000000a0000000000000000000000000000000000000000000000013c9647e25a9940000000000000000000000000000b77d61ea79c7ea8bfa03d3604ce5eabfb95c2ab20000000000000000000000002c57d1cfc6d5f8e4182a56b4cf75421472ebaea4000000000000000000000000000000000000000000000000000000000000000000000000000000000000000000000000000000000000000000000000000000020000000000000000000000001cd4af4a9bf33474c802d31790a195335f7a9ab8000000000000000000000000d676af79742bcaeb4a71cf62b85d5ba2d1deaf86c001a0b071cbebca5a6cf20f8847ecde733cc2afe3a6e17674e458bfb4ebfbb4817992a02ac264631969526468721cbc62036970ea238ab5177ef958da9dd78abfeb72ec'
]
nonceOffset: 65
nonceOffset before: 65
Generating swaps with params: {
  targetBlockNumber: 10,
  txsPerBundle: 1,
  sendRoute: 1,
  txStrategy: 'univ2',
  profRpcUrl: 'None',
  nonceOffset: 65
}
Generating swaps with params: {}
Current nonce for 0x2c57d1CFC6d5f8E4182a56b4cf75421472eBAEa4: 20
Contract Addresses:
AtomicSwap: 0x6C6340BA1Dc72c59197825cD94EcCC1f9c67416e
UniV2FactoryA: 0xB77d61Ea79c7Ea8bfa03d3604Ce5EaBfb95C2aB2
UniV2FactoryB: 0x154E2238a212Ee4209111D2F3F6351D80e5d74B6
WETH: 0xd676AF79742bCAeb4a71CF62b85d5ba2D1deaf86
DAI addresses: [ '0x1CD4aF4A9bF33474C802d31790A195335f7a9Ab8' ]
[0x2c57d1CFC6d5f8E4182a56b4cf75421472eBAEa4] swapping 0.344880677444187836 WETH for DAI
Nonce calculation debug:
- currentNonce (from getTransactionCount): 20
- nonce.override: 65
- nonce.offset: undefined
- Final nonce value: 85
Sending bundle: [
  '0x02f90176833018245585012a05f2008512a05f2000830249f0946c6340ba1dc72c59197825cd94eccc1f9c67416e80b901040cc7326300000000000000000000000000000000000000000000000000000000000000a000000000000000000000000000000000000000000000000004c943261cf4f6bc000000000000000000000000154e2238a212ee4209111d2f3f6351d80e5d74b60000000000000000000000002c57d1cfc6d5f8e4182a56b4cf75421472ebaea400000000000000000000000000000000000000000000000000000000000000000000000000000000000000000000000000000000000000000000000000000002000000000000000000000000d676af79742bcaeb4a71cf62b85d5ba2d1deaf860000000000000000000000001cd4af4a9bf33474c802d31790a195335f7a9ab8c001a0cd8f1cd245aec53ab928dee4fe0e6ba08e18423329366222eefc108a32167da4a02acd5c029bdbac9ecdbf86cf7a233879bca7c140f2ca8471b34dffdf3343e82a'
]
nonceOffset: 66
nonceOffset before: 66
Generating swaps with params: {
  targetBlockNumber: 10,
  txsPerBundle: 1,
  sendRoute: 1,
  txStrategy: 'univ2',
  profRpcUrl: 'None',
  nonceOffset: 66
}
Generating swaps with params: {}
Current nonce for 0x2c57d1CFC6d5f8E4182a56b4cf75421472eBAEa4: 20
Contract Addresses:
AtomicSwap: 0x6C6340BA1Dc72c59197825cD94EcCC1f9c67416e
UniV2FactoryA: 0xB77d61Ea79c7Ea8bfa03d3604Ce5EaBfb95C2aB2
UniV2FactoryB: 0x154E2238a212Ee4209111D2F3F6351D80e5d74B6
WETH: 0xd676AF79742bCAeb4a71CF62b85d5ba2D1deaf86
DAI addresses: [ '0x1CD4aF4A9bF33474C802d31790A195335f7a9Ab8' ]
[0x2c57d1CFC6d5f8E4182a56b4cf75421472eBAEa4] swapping 0.730354391371340523 WETH for DAI
Nonce calculation debug:
- currentNonce (from getTransactionCount): 20
- nonce.override: 66
- nonce.offset: undefined
- Final nonce value: 86
Sending bundle: [
  '0x02f90176833018245685012a05f2008512a05f2000830249f0946c6340ba1dc72c59197825cd94eccc1f9c67416e80b901040cc7326300000000000000000000000000000000000000000000000000000000000000a00000000000000000000000000000000000000000000000000a22bd7309d5daeb000000000000000000000000154e2238a212ee4209111d2f3f6351d80e5d74b60000000000000000000000002c57d1cfc6d5f8e4182a56b4cf75421472ebaea400000000000000000000000000000000000000000000000000000000000000000000000000000000000000000000000000000000000000000000000000000002000000000000000000000000d676af79742bcaeb4a71cf62b85d5ba2d1deaf860000000000000000000000001cd4af4a9bf33474c802d31790a195335f7a9ab8c001a0f4771a631baa8cfba7cb535fbc0510e6505fa6eba13db2f679e60f08d04023e3a0571480373c6867e4b83c2076c06aafa95f9935c92d173843f2d5956906a7f708'
]
nonceOffset: 67
nonceOffset before: 67
Generating swaps with params: {
  targetBlockNumber: 10,
  txsPerBundle: 1,
  sendRoute: 1,
  txStrategy: 'univ2',
  profRpcUrl: 'None',
  nonceOffset: 67
}
Generating swaps with params: {}
Current nonce for 0x2c57d1CFC6d5f8E4182a56b4cf75421472eBAEa4: 20
Contract Addresses:
AtomicSwap: 0x6C6340BA1Dc72c59197825cD94EcCC1f9c67416e
UniV2FactoryA: 0xB77d61Ea79c7Ea8bfa03d3604Ce5EaBfb95C2aB2
UniV2FactoryB: 0x154E2238a212Ee4209111D2F3F6351D80e5d74B6
WETH: 0xd676AF79742bCAeb4a71CF62b85d5ba2D1deaf86
DAI addresses: [ '0x1CD4aF4A9bF33474C802d31790A195335f7a9Ab8' ]
[0x2c57d1CFC6d5f8E4182a56b4cf75421472eBAEa4] swapping 966.0 DAI for WETH
Nonce calculation debug:
- currentNonce (from getTransactionCount): 20
- nonce.override: 67
- nonce.offset: undefined
- Final nonce value: 87
Sending bundle: [
  '0x02f90176833018245785012a05f2008512a05f2000830249f0946c6340ba1dc72c59197825cd94eccc1f9c67416e80b901040cc7326300000000000000000000000000000000000000000000000000000000000000a00000000000000000000000000000000000000000000000345df169e9a3580000000000000000000000000000154e2238a212ee4209111d2f3f6351d80e5d74b60000000000000000000000002c57d1cfc6d5f8e4182a56b4cf75421472ebaea4000000000000000000000000000000000000000000000000000000000000000000000000000000000000000000000000000000000000000000000000000000020000000000000000000000001cd4af4a9bf33474c802d31790a195335f7a9ab8000000000000000000000000d676af79742bcaeb4a71cf62b85d5ba2d1deaf86c080a0b1ad3f392ec5f6f0f571cd7a13ad3d579128052ca5db8bada68c5eb94816d205a0692841face5f9adb862ddd124ef905cefdad3517fbf805aaa9936daa80b120e4'
]
nonceOffset: 68
nonceOffset before: 68
Generating swaps with params: {
  targetBlockNumber: 10,
  txsPerBundle: 1,
  sendRoute: 1,
  txStrategy: 'univ2',
  profRpcUrl: 'None',
  nonceOffset: 68
}
Generating swaps with params: {}
Current nonce for 0x2c57d1CFC6d5f8E4182a56b4cf75421472eBAEa4: 20
Contract Addresses:
AtomicSwap: 0x6C6340BA1Dc72c59197825cD94EcCC1f9c67416e
UniV2FactoryA: 0xB77d61Ea79c7Ea8bfa03d3604Ce5EaBfb95C2aB2
UniV2FactoryB: 0x154E2238a212Ee4209111D2F3F6351D80e5d74B6
WETH: 0xd676AF79742bCAeb4a71CF62b85d5ba2D1deaf86
DAI addresses: [ '0x1CD4aF4A9bF33474C802d31790A195335f7a9Ab8' ]
[0x2c57d1CFC6d5f8E4182a56b4cf75421472eBAEa4] swapping 104.0 DAI for WETH
Nonce calculation debug:
- currentNonce (from getTransactionCount): 20
- nonce.override: 68
- nonce.offset: undefined
- Final nonce value: 88
Sending bundle: [
  '0x02f90176833018245885012a05f2008512a05f2000830249f0946c6340ba1dc72c59197825cd94eccc1f9c67416e80b901040cc7326300000000000000000000000000000000000000000000000000000000000000a0000000000000000000000000000000000000000000000005a34a38fc00a00000000000000000000000000000154e2238a212ee4209111d2f3f6351d80e5d74b60000000000000000000000002c57d1cfc6d5f8e4182a56b4cf75421472ebaea4000000000000000000000000000000000000000000000000000000000000000000000000000000000000000000000000000000000000000000000000000000020000000000000000000000001cd4af4a9bf33474c802d31790a195335f7a9ab8000000000000000000000000d676af79742bcaeb4a71cf62b85d5ba2d1deaf86c080a01cd020907209602a826670c4b8bfd7b8e073b0fae6c58600e6f4d952a8ac199aa021cdaeb5c2f53caa2d38799a109c5281e96afeefbf6899c8f985f7a3204c72c0'
]
nonceOffset: 69
nonceOffset before: 69
Generating swaps with params: {
  targetBlockNumber: 10,
  txsPerBundle: 1,
  sendRoute: 1,
  txStrategy: 'univ2',
  profRpcUrl: 'None',
  nonceOffset: 69
}
Generating swaps with params: {}
Current nonce for 0x2c57d1CFC6d5f8E4182a56b4cf75421472eBAEa4: 20
Contract Addresses:
AtomicSwap: 0x6C6340BA1Dc72c59197825cD94EcCC1f9c67416e
UniV2FactoryA: 0xB77d61Ea79c7Ea8bfa03d3604Ce5EaBfb95C2aB2
UniV2FactoryB: 0x154E2238a212Ee4209111D2F3F6351D80e5d74B6
WETH: 0xd676AF79742bCAeb4a71CF62b85d5ba2D1deaf86
DAI addresses: [ '0x1CD4aF4A9bF33474C802d31790A195335f7a9Ab8' ]
[0x2c57d1CFC6d5f8E4182a56b4cf75421472eBAEa4] swapping 744.0 DAI for WETH
Nonce calculation debug:
- currentNonce (from getTransactionCount): 20
- nonce.override: 69
- nonce.offset: undefined
- Final nonce value: 89
Sending bundle: [
  '0x02f90176833018245985012a05f2008512a05f2000830249f0946c6340ba1dc72c59197825cd94eccc1f9c67416e80b901040cc7326300000000000000000000000000000000000000000000000000000000000000a00000000000000000000000000000000000000000000000285512fa1e7aa00000000000000000000000000000b77d61ea79c7ea8bfa03d3604ce5eabfb95c2ab20000000000000000000000002c57d1cfc6d5f8e4182a56b4cf75421472ebaea4000000000000000000000000000000000000000000000000000000000000000000000000000000000000000000000000000000000000000000000000000000020000000000000000000000001cd4af4a9bf33474c802d31790a195335f7a9ab8000000000000000000000000d676af79742bcaeb4a71cf62b85d5ba2d1deaf86c001a07c44ef03a92782be2ad8d40dbc06ea020772006639a30f0e6fb8d53afdf94275a0584cb8bead99a423536c8d26b74b4d46707ceeab7547516cab295a4ade9694ef'
]
nonceOffset: 70
nonceOffset before: 70
Generating swaps with params: {
  targetBlockNumber: 10,
  txsPerBundle: 1,
  sendRoute: 1,
  txStrategy: 'univ2',
  profRpcUrl: 'None',
  nonceOffset: 70
}
Generating swaps with params: {}
Current nonce for 0x2c57d1CFC6d5f8E4182a56b4cf75421472eBAEa4: 20
Contract Addresses:
AtomicSwap: 0x6C6340BA1Dc72c59197825cD94EcCC1f9c67416e
UniV2FactoryA: 0xB77d61Ea79c7Ea8bfa03d3604Ce5EaBfb95C2aB2
UniV2FactoryB: 0x154E2238a212Ee4209111D2F3F6351D80e5d74B6
WETH: 0xd676AF79742bCAeb4a71CF62b85d5ba2D1deaf86
DAI addresses: [ '0x1CD4aF4A9bF33474C802d31790A195335f7a9Ab8' ]
[0x2c57d1CFC6d5f8E4182a56b4cf75421472eBAEa4] swapping 1063.0 DAI for WETH
Nonce calculation debug:
- currentNonce (from getTransactionCount): 20
- nonce.override: 70
- nonce.offset: undefined
- Final nonce value: 90
Sending bundle: [
  '0x02f90176833018245a85012a05f2008512a05f2000830249f0946c6340ba1dc72c59197825cd94eccc1f9c67416e80b901040cc7326300000000000000000000000000000000000000000000000000000000000000a0000000000000000000000000000000000000000000000039a016a3fc103c0000000000000000000000000000154e2238a212ee4209111d2f3f6351d80e5d74b60000000000000000000000002c57d1cfc6d5f8e4182a56b4cf75421472ebaea4000000000000000000000000000000000000000000000000000000000000000000000000000000000000000000000000000000000000000000000000000000020000000000000000000000001cd4af4a9bf33474c802d31790a195335f7a9ab8000000000000000000000000d676af79742bcaeb4a71cf62b85d5ba2d1deaf86c080a05a77ed7c0d949b3c62835c720ebdf26a24a34984b80438a84491b78f031c2ff4a03ed5deb1927d33212b37891b274232e34b42fa19263faae18b2c8ff7d8b56aa2'
]
nonceOffset: 71
nonceOffset before: 71
Generating swaps with params: {
  targetBlockNumber: 10,
  txsPerBundle: 1,
  sendRoute: 1,
  txStrategy: 'univ2',
  profRpcUrl: 'None',
  nonceOffset: 71
}
Generating swaps with params: {}
Current nonce for 0x2c57d1CFC6d5f8E4182a56b4cf75421472eBAEa4: 20
Contract Addresses:
AtomicSwap: 0x6C6340BA1Dc72c59197825cD94EcCC1f9c67416e
UniV2FactoryA: 0xB77d61Ea79c7Ea8bfa03d3604Ce5EaBfb95C2aB2
UniV2FactoryB: 0x154E2238a212Ee4209111D2F3F6351D80e5d74B6
WETH: 0xd676AF79742bCAeb4a71CF62b85d5ba2D1deaf86
DAI addresses: [ '0x1CD4aF4A9bF33474C802d31790A195335f7a9Ab8' ]
[0x2c57d1CFC6d5f8E4182a56b4cf75421472eBAEa4] swapping 870.0 DAI for WETH
Nonce calculation debug:
- currentNonce (from getTransactionCount): 20
- nonce.override: 71
- nonce.offset: undefined
- Final nonce value: 91
Sending bundle: [
  '0x02f90176833018245b85012a05f2008512a05f2000830249f0946c6340ba1dc72c59197825cd94eccc1f9c67416e80b901040cc7326300000000000000000000000000000000000000000000000000000000000000a000000000000000000000000000000000000000000000002f29ace68addd80000000000000000000000000000154e2238a212ee4209111d2f3f6351d80e5d74b60000000000000000000000002c57d1cfc6d5f8e4182a56b4cf75421472ebaea4000000000000000000000000000000000000000000000000000000000000000000000000000000000000000000000000000000000000000000000000000000020000000000000000000000001cd4af4a9bf33474c802d31790a195335f7a9ab8000000000000000000000000d676af79742bcaeb4a71cf62b85d5ba2d1deaf86c001a09a5a945b112bfcb42f802f8f78f136faa25b6da86d96467fef0bbeb240aac128a027af05390cf302d07b35bc60c370c1addc1e5ebd97b0b46ca26c9aac01deb63a'
]
nonceOffset: 72
nonceOffset before: 72
Generating swaps with params: {
  targetBlockNumber: 10,
  txsPerBundle: 1,
  sendRoute: 1,
  txStrategy: 'univ2',
  profRpcUrl: 'None',
  nonceOffset: 72
}
Generating swaps with params: {}
Current nonce for 0x2c57d1CFC6d5f8E4182a56b4cf75421472eBAEa4: 20
Contract Addresses:
AtomicSwap: 0x6C6340BA1Dc72c59197825cD94EcCC1f9c67416e
UniV2FactoryA: 0xB77d61Ea79c7Ea8bfa03d3604Ce5EaBfb95C2aB2
UniV2FactoryB: 0x154E2238a212Ee4209111D2F3F6351D80e5d74B6
WETH: 0xd676AF79742bCAeb4a71CF62b85d5ba2D1deaf86
DAI addresses: [ '0x1CD4aF4A9bF33474C802d31790A195335f7a9Ab8' ]
[0x2c57d1CFC6d5f8E4182a56b4cf75421472eBAEa4] swapping 0.110769230769230769 WETH for DAI
Nonce calculation debug:
- currentNonce (from getTransactionCount): 20
- nonce.override: 72
- nonce.offset: undefined
- Final nonce value: 92
Sending bundle: [
  '0x02f90176833018245c85012a05f2008512a05f2000830249f0946c6340ba1dc72c59197825cd94eccc1f9c67416e80b901040cc7326300000000000000000000000000000000000000000000000000000000000000a0000000000000000000000000000000000000000000000000018988074c0b13b1000000000000000000000000b77d61ea79c7ea8bfa03d3604ce5eabfb95c2ab20000000000000000000000002c57d1cfc6d5f8e4182a56b4cf75421472ebaea400000000000000000000000000000000000000000000000000000000000000000000000000000000000000000000000000000000000000000000000000000002000000000000000000000000d676af79742bcaeb4a71cf62b85d5ba2d1deaf860000000000000000000000001cd4af4a9bf33474c802d31790a195335f7a9ab8c080a0826460d7256aae274d4e107e866e03440024ee98f61ddbb5c6e7aeca73a17d93a05fff20b6962104cb08965fc095fa35765e87ab9610d7eb675f249a80d5bb0bbd'
]
nonceOffset: 73
nonceOffset before: 73
Generating swaps with params: {
  targetBlockNumber: 10,
  txsPerBundle: 1,
  sendRoute: 1,
  txStrategy: 'univ2',
  profRpcUrl: 'None',
  nonceOffset: 73
}
Generating swaps with params: {}
Current nonce for 0x2c57d1CFC6d5f8E4182a56b4cf75421472eBAEa4: 20
Contract Addresses:
AtomicSwap: 0x6C6340BA1Dc72c59197825cD94EcCC1f9c67416e
UniV2FactoryA: 0xB77d61Ea79c7Ea8bfa03d3604Ce5EaBfb95C2aB2
UniV2FactoryB: 0x154E2238a212Ee4209111D2F3F6351D80e5d74B6
WETH: 0xd676AF79742bCAeb4a71CF62b85d5ba2D1deaf86
DAI addresses: [ '0x1CD4aF4A9bF33474C802d31790A195335f7a9Ab8' ]
[0x2c57d1CFC6d5f8E4182a56b4cf75421472eBAEa4] swapping 985.0 DAI for WETH
Nonce calculation debug:
- currentNonce (from getTransactionCount): 20
- nonce.override: 73
- nonce.offset: undefined
- Final nonce value: 93
Sending bundle: [
  '0x02f90176833018245d85012a05f2008512a05f2000830249f0946c6340ba1dc72c59197825cd94eccc1f9c67416e80b901040cc7326300000000000000000000000000000000000000000000000000000000000000a0000000000000000000000000000000000000000000000035659ef93f0fc40000000000000000000000000000b77d61ea79c7ea8bfa03d3604ce5eabfb95c2ab20000000000000000000000002c57d1cfc6d5f8e4182a56b4cf75421472ebaea4000000000000000000000000000000000000000000000000000000000000000000000000000000000000000000000000000000000000000000000000000000020000000000000000000000001cd4af4a9bf33474c802d31790a195335f7a9ab8000000000000000000000000d676af79742bcaeb4a71cf62b85d5ba2d1deaf86c080a0ddf4775020ebedddbcfe88aabd3c1e44b5b50a2d2d641bf19c4908ac5b3e5d3fa00e28fcf6659ce793e5a493710f395d833364ad0ef06f880c9a4bd15576028bbf'
]
nonceOffset: 74
nonceOffset before: 74
Generating swaps with params: {
  targetBlockNumber: 10,
  txsPerBundle: 1,
  sendRoute: 1,
  txStrategy: 'univ2',
  profRpcUrl: 'None',
  nonceOffset: 74
}
Generating swaps with params: {}
Current nonce for 0x2c57d1CFC6d5f8E4182a56b4cf75421472eBAEa4: 20
Contract Addresses:
AtomicSwap: 0x6C6340BA1Dc72c59197825cD94EcCC1f9c67416e
UniV2FactoryA: 0xB77d61Ea79c7Ea8bfa03d3604Ce5EaBfb95C2aB2
UniV2FactoryB: 0x154E2238a212Ee4209111D2F3F6351D80e5d74B6
WETH: 0xd676AF79742bCAeb4a71CF62b85d5ba2D1deaf86
DAI addresses: [ '0x1CD4aF4A9bF33474C802d31790A195335f7a9Ab8' ]
[0x2c57d1CFC6d5f8E4182a56b4cf75421472eBAEa4] swapping 201.0 DAI for WETH
Nonce calculation debug:
- currentNonce (from getTransactionCount): 20
- nonce.override: 74
- nonce.offset: undefined
- Final nonce value: 94
Sending bundle: [
  '0x02f90176833018245e85012a05f2008512a05f2000830249f0946c6340ba1dc72c59197825cd94eccc1f9c67416e80b901040cc7326300000000000000000000000000000000000000000000000000000000000000a000000000000000000000000000000000000000000000000ae56f730e6d840000000000000000000000000000b77d61ea79c7ea8bfa03d3604ce5eabfb95c2ab20000000000000000000000002c57d1cfc6d5f8e4182a56b4cf75421472ebaea4000000000000000000000000000000000000000000000000000000000000000000000000000000000000000000000000000000000000000000000000000000020000000000000000000000001cd4af4a9bf33474c802d31790a195335f7a9ab8000000000000000000000000d676af79742bcaeb4a71cf62b85d5ba2d1deaf86c001a0a91d6a1c09cae2911daf805aef0c04a289487a07b481796860947a32238e6973a06d7dd2b498607bf7868af9f26e4031fc67de09f888e9243cd6e2cb2be7ef40e5'
]
nonceOffset: 75
nonceOffset before: 75
Generating swaps with params: {
  targetBlockNumber: 10,
  txsPerBundle: 1,
  sendRoute: 1,
  txStrategy: 'univ2',
  profRpcUrl: 'None',
  nonceOffset: 75
}
Generating swaps with params: {}
Current nonce for 0x2c57d1CFC6d5f8E4182a56b4cf75421472eBAEa4: 20
Contract Addresses:
AtomicSwap: 0x6C6340BA1Dc72c59197825cD94EcCC1f9c67416e
UniV2FactoryA: 0xB77d61Ea79c7Ea8bfa03d3604Ce5EaBfb95C2aB2
UniV2FactoryB: 0x154E2238a212Ee4209111D2F3F6351D80e5d74B6
WETH: 0xd676AF79742bCAeb4a71CF62b85d5ba2D1deaf86
DAI addresses: [ '0x1CD4aF4A9bF33474C802d31790A195335f7a9Ab8' ]
[0x2c57d1CFC6d5f8E4182a56b4cf75421472eBAEa4] swapping 671.0 DAI for WETH
Nonce calculation debug:
- currentNonce (from getTransactionCount): 20
- nonce.override: 75
- nonce.offset: undefined
- Final nonce value: 95
Sending bundle: [
  '0x02f90176833018245f85012a05f2008512a05f2000830249f0946c6340ba1dc72c59197825cd94eccc1f9c67416e80b901040cc7326300000000000000000000000000000000000000000000000000000000000000a00000000000000000000000000000000000000000000000245ffee0e3bf1c0000000000000000000000000000b77d61ea79c7ea8bfa03d3604ce5eabfb95c2ab20000000000000000000000002c57d1cfc6d5f8e4182a56b4cf75421472ebaea4000000000000000000000000000000000000000000000000000000000000000000000000000000000000000000000000000000000000000000000000000000020000000000000000000000001cd4af4a9bf33474c802d31790a195335f7a9ab8000000000000000000000000d676af79742bcaeb4a71cf62b85d5ba2d1deaf86c080a015ebfa47a4e0c16a0dd313a5165ef6440234994cd107e8a6f3100ac0782a4a1da00f1b038710f91f24072bf93838ea8e85f702a74be3baa5cdb7b64d45ad555bcf'
]
nonceOffset: 76
nonceOffset before: 76
Generating swaps with params: {
  targetBlockNumber: 10,
  txsPerBundle: 1,
  sendRoute: 1,
  txStrategy: 'univ2',
  profRpcUrl: 'None',
  nonceOffset: 76
}
Generating swaps with params: {}
Current nonce for 0x2c57d1CFC6d5f8E4182a56b4cf75421472eBAEa4: 20
Contract Addresses:
AtomicSwap: 0x6C6340BA1Dc72c59197825cD94EcCC1f9c67416e
UniV2FactoryA: 0xB77d61Ea79c7Ea8bfa03d3604Ce5EaBfb95C2aB2
UniV2FactoryB: 0x154E2238a212Ee4209111D2F3F6351D80e5d74B6
WETH: 0xd676AF79742bCAeb4a71CF62b85d5ba2D1deaf86
DAI addresses: [ '0x1CD4aF4A9bF33474C802d31790A195335f7a9Ab8' ]
[0x2c57d1CFC6d5f8E4182a56b4cf75421472eBAEa4] swapping 0.590454195535026943 WETH for DAI
Nonce calculation debug:
- currentNonce (from getTransactionCount): 20
- nonce.override: 76
- nonce.offset: undefined
- Final nonce value: 96
Sending bundle: [
  '0x02f90176833018246085012a05f2008512a05f2000830249f0946c6340ba1dc72c59197825cd94eccc1f9c67416e80b901040cc7326300000000000000000000000000000000000000000000000000000000000000a00000000000000000000000000000000000000000000000000831b6f665011aff000000000000000000000000b77d61ea79c7ea8bfa03d3604ce5eabfb95c2ab20000000000000000000000002c57d1cfc6d5f8e4182a56b4cf75421472ebaea400000000000000000000000000000000000000000000000000000000000000000000000000000000000000000000000000000000000000000000000000000002000000000000000000000000d676af79742bcaeb4a71cf62b85d5ba2d1deaf860000000000000000000000001cd4af4a9bf33474c802d31790a195335f7a9ab8c080a07c6152444b839ee022b6ae11710f832591b5aa43ede7b1199077860ca40d82bca04e3a6a88bfbedba28a8dcf433113317bd82abbaa885522e4a1ea7c792b0dbee9'
]
nonceOffset: 77
nonceOffset before: 77
Generating swaps with params: {
  targetBlockNumber: 10,
  txsPerBundle: 1,
  sendRoute: 1,
  txStrategy: 'univ2',
  profRpcUrl: 'None',
  nonceOffset: 77
}
Generating swaps with params: {}
Current nonce for 0x2c57d1CFC6d5f8E4182a56b4cf75421472eBAEa4: 20
Contract Addresses:
AtomicSwap: 0x6C6340BA1Dc72c59197825cD94EcCC1f9c67416e
UniV2FactoryA: 0xB77d61Ea79c7Ea8bfa03d3604Ce5EaBfb95C2aB2
UniV2FactoryB: 0x154E2238a212Ee4209111D2F3F6351D80e5d74B6
WETH: 0xd676AF79742bCAeb4a71CF62b85d5ba2D1deaf86
DAI addresses: [ '0x1CD4aF4A9bF33474C802d31790A195335f7a9Ab8' ]
[0x2c57d1CFC6d5f8E4182a56b4cf75421472eBAEa4] swapping 239.0 DAI for WETH
Nonce calculation debug:
- currentNonce (from getTransactionCount): 20
- nonce.override: 77
- nonce.offset: undefined
- Final nonce value: 97
Sending bundle: [
  '0x02f90176833018246185012a05f2008512a05f2000830249f0946c6340ba1dc72c59197825cd94eccc1f9c67416e80b901040cc7326300000000000000000000000000000000000000000000000000000000000000a000000000000000000000000000000000000000000000000cf4ca91b9465c0000000000000000000000000000b77d61ea79c7ea8bfa03d3604ce5eabfb95c2ab20000000000000000000000002c57d1cfc6d5f8e4182a56b4cf75421472ebaea4000000000000000000000000000000000000000000000000000000000000000000000000000000000000000000000000000000000000000000000000000000020000000000000000000000001cd4af4a9bf33474c802d31790a195335f7a9ab8000000000000000000000000d676af79742bcaeb4a71cf62b85d5ba2d1deaf86c080a084166f3f7530a75d02c61752189436f8830d1fdd5f53742b6b85ee0129e4dc70a03906e94e195051f59f3d61104fe246865a025a2f1a562eac7c483f6976b6c1eb'
]
nonceOffset: 78
nonceOffset before: 78
Generating swaps with params: {
  targetBlockNumber: 10,
  txsPerBundle: 1,
  sendRoute: 1,
  txStrategy: 'univ2',
  profRpcUrl: 'None',
  nonceOffset: 78
}
Generating swaps with params: {}
Current nonce for 0x2c57d1CFC6d5f8E4182a56b4cf75421472eBAEa4: 20
Contract Addresses:
AtomicSwap: 0x6C6340BA1Dc72c59197825cD94EcCC1f9c67416e
UniV2FactoryA: 0xB77d61Ea79c7Ea8bfa03d3604Ce5EaBfb95C2aB2
UniV2FactoryB: 0x154E2238a212Ee4209111D2F3F6351D80e5d74B6
WETH: 0xd676AF79742bCAeb4a71CF62b85d5ba2D1deaf86
DAI addresses: [ '0x1CD4aF4A9bF33474C802d31790A195335f7a9Ab8' ]
[0x2c57d1CFC6d5f8E4182a56b4cf75421472eBAEa4] swapping 0.708237105465742879 WETH for DAI
Nonce calculation debug:
- currentNonce (from getTransactionCount): 20
- nonce.override: 78
- nonce.offset: undefined
- Final nonce value: 98
Sending bundle: [
  '0x02f90176833018246285012a05f2008512a05f2000830249f0946c6340ba1dc72c59197825cd94eccc1f9c67416e80b901040cc7326300000000000000000000000000000000000000000000000000000000000000a000000000000000000000000000000000000000000000000009d429e52009561f000000000000000000000000b77d61ea79c7ea8bfa03d3604ce5eabfb95c2ab20000000000000000000000002c57d1cfc6d5f8e4182a56b4cf75421472ebaea400000000000000000000000000000000000000000000000000000000000000000000000000000000000000000000000000000000000000000000000000000002000000000000000000000000d676af79742bcaeb4a71cf62b85d5ba2d1deaf860000000000000000000000001cd4af4a9bf33474c802d31790a195335f7a9ab8c001a0c7419f8fbdbaf2516f229ed7a1a6d3274594d8ff9b5f64a9dbc49ac67ea9e827a00e49b8367dd66dd7db7940b8a19dbba7673f160a7ae9f1e28ca0bbf5349f3ff7'
]
nonceOffset: 79
nonceOffset before: 79
Generating swaps with params: {
  targetBlockNumber: 10,
  txsPerBundle: 1,
  sendRoute: 1,
  txStrategy: 'univ2',
  profRpcUrl: 'None',
  nonceOffset: 79
}
Generating swaps with params: {}
Current nonce for 0x2c57d1CFC6d5f8E4182a56b4cf75421472eBAEa4: 20
Contract Addresses:
AtomicSwap: 0x6C6340BA1Dc72c59197825cD94EcCC1f9c67416e
UniV2FactoryA: 0xB77d61Ea79c7Ea8bfa03d3604Ce5EaBfb95C2aB2
UniV2FactoryB: 0x154E2238a212Ee4209111D2F3F6351D80e5d74B6
WETH: 0xd676AF79742bCAeb4a71CF62b85d5ba2D1deaf86
DAI addresses: [ '0x1CD4aF4A9bF33474C802d31790A195335f7a9Ab8' ]
[0x2c57d1CFC6d5f8E4182a56b4cf75421472eBAEa4] swapping 843.0 DAI for WETH
Nonce calculation debug:
- currentNonce (from getTransactionCount): 20
- nonce.override: 79
- nonce.offset: undefined
- Final nonce value: 99
Sending bundle: [
  '0x02f90176833018246385012a05f2008512a05f2000830249f0946c6340ba1dc72c59197825cd94eccc1f9c67416e80b901040cc7326300000000000000000000000000000000000000000000000000000000000000a000000000000000000000000000000000000000000000002db2f9a198364c0000000000000000000000000000b77d61ea79c7ea8bfa03d3604ce5eabfb95c2ab20000000000000000000000002c57d1cfc6d5f8e4182a56b4cf75421472ebaea4000000000000000000000000000000000000000000000000000000000000000000000000000000000000000000000000000000000000000000000000000000020000000000000000000000001cd4af4a9bf33474c802d31790a195335f7a9ab8000000000000000000000000d676af79742bcaeb4a71cf62b85d5ba2d1deaf86c001a07a87cb09a7103e3dcbf8f02e9a3d23e7fd37b279f49a137966a06b20abb93b7fa05bef55ca3249364013ab5e0a6a3844e89b5c9223636fcba0f71649bd7c3d54a7'
]
nonceOffset: 80
nonceOffset before: 80
Generating swaps with params: {
  targetBlockNumber: 10,
  txsPerBundle: 1,
  sendRoute: 1,
  txStrategy: 'univ2',
  profRpcUrl: 'None',
  nonceOffset: 80
}
Generating swaps with params: {}
Current nonce for 0x2c57d1CFC6d5f8E4182a56b4cf75421472eBAEa4: 20
Contract Addresses:
AtomicSwap: 0x6C6340BA1Dc72c59197825cD94EcCC1f9c67416e
UniV2FactoryA: 0xB77d61Ea79c7Ea8bfa03d3604Ce5EaBfb95C2aB2
UniV2FactoryB: 0x154E2238a212Ee4209111D2F3F6351D80e5d74B6
WETH: 0xd676AF79742bCAeb4a71CF62b85d5ba2D1deaf86
DAI addresses: [ '0x1CD4aF4A9bF33474C802d31790A195335f7a9Ab8' ]
[0x2c57d1CFC6d5f8E4182a56b4cf75421472eBAEa4] swapping 0.294072363356428021 WETH for DAI
Nonce calculation debug:
- currentNonce (from getTransactionCount): 20
- nonce.override: 80
- nonce.offset: undefined
- Final nonce value: 100
Sending bundle: [
  '0x02f90176833018246485012a05f2008512a05f2000830249f0946c6340ba1dc72c59197825cd94eccc1f9c67416e80b901040cc7326300000000000000000000000000000000000000000000000000000000000000a00000000000000000000000000000000000000000000000000414c141a41e96f5000000000000000000000000154e2238a212ee4209111d2f3f6351d80e5d74b60000000000000000000000002c57d1cfc6d5f8e4182a56b4cf75421472ebaea400000000000000000000000000000000000000000000000000000000000000000000000000000000000000000000000000000000000000000000000000000002000000000000000000000000d676af79742bcaeb4a71cf62b85d5ba2d1deaf860000000000000000000000001cd4af4a9bf33474c802d31790a195335f7a9ab8c001a0228323644e6035c8071bc0182eba574be51fe29d19c3cd2247285402f03c369ea0614885fabd042ded1d79b04ae967ebfd0cb9125a74d5a9817cdaf4ab6777ddb6'
]
nonceOffset: 81
nonceOffset before: 81
Generating swaps with params: {
  targetBlockNumber: 10,
  txsPerBundle: 1,
  sendRoute: 1,
  txStrategy: 'univ2',
  profRpcUrl: 'None',
  nonceOffset: 81
}
Generating swaps with params: {}
Current nonce for 0x2c57d1CFC6d5f8E4182a56b4cf75421472eBAEa4: 20
Contract Addresses:
AtomicSwap: 0x6C6340BA1Dc72c59197825cD94EcCC1f9c67416e
UniV2FactoryA: 0xB77d61Ea79c7Ea8bfa03d3604Ce5EaBfb95C2aB2
UniV2FactoryB: 0x154E2238a212Ee4209111D2F3F6351D80e5d74B6
WETH: 0xd676AF79742bCAeb4a71CF62b85d5ba2D1deaf86
DAI addresses: [ '0x1CD4aF4A9bF33474C802d31790A195335f7a9Ab8' ]
[0x2c57d1CFC6d5f8E4182a56b4cf75421472eBAEa4] swapping 611.0 DAI for WETH
Nonce calculation debug:
- currentNonce (from getTransactionCount): 20
- nonce.override: 81
- nonce.offset: undefined
- Final nonce value: 101
Sending bundle: [
  '0x02f90176833018246585012a05f2008512a05f2000830249f0946c6340ba1dc72c59197825cd94eccc1f9c67416e80b901040cc7326300000000000000000000000000000000000000000000000000000000000000a00000000000000000000000000000000000000000000000211f540ec883ac0000000000000000000000000000b77d61ea79c7ea8bfa03d3604ce5eabfb95c2ab20000000000000000000000002c57d1cfc6d5f8e4182a56b4cf75421472ebaea4000000000000000000000000000000000000000000000000000000000000000000000000000000000000000000000000000000000000000000000000000000020000000000000000000000001cd4af4a9bf33474c802d31790a195335f7a9ab8000000000000000000000000d676af79742bcaeb4a71cf62b85d5ba2d1deaf86c001a0a49318d5072f1c4f4ccbd6ffcb73533be319d90b2a8d5b7eccf827811a1c4883a06aa3ae50c4ce243b7f3242aaa3edd437c15177966784143521c853ae90f044eb'
]
nonceOffset: 82
nonceOffset before: 82
Generating swaps with params: {
  targetBlockNumber: 10,
  txsPerBundle: 1,
  sendRoute: 1,
  txStrategy: 'univ2',
  profRpcUrl: 'None',
  nonceOffset: 82
}
Generating swaps with params: {}
Current nonce for 0x2c57d1CFC6d5f8E4182a56b4cf75421472eBAEa4: 20
Contract Addresses:
AtomicSwap: 0x6C6340BA1Dc72c59197825cD94EcCC1f9c67416e
UniV2FactoryA: 0xB77d61Ea79c7Ea8bfa03d3604Ce5EaBfb95C2aB2
UniV2FactoryB: 0x154E2238a212Ee4209111D2F3F6351D80e5d74B6
WETH: 0xd676AF79742bCAeb4a71CF62b85d5ba2D1deaf86
DAI addresses: [ '0x1CD4aF4A9bF33474C802d31790A195335f7a9Ab8' ]
[0x2c57d1CFC6d5f8E4182a56b4cf75421472eBAEa4] swapping 0.340769230769230769 WETH for DAI
Nonce calculation debug:
- currentNonce (from getTransactionCount): 20
- nonce.override: 82
- nonce.offset: undefined
- Final nonce value: 102
Sending bundle: [
  '0x02f90176833018246685012a05f2008512a05f2000830249f0946c6340ba1dc72c59197825cd94eccc1f9c67416e80b901040cc7326300000000000000000000000000000000000000000000000000000000000000a000000000000000000000000000000000000000000000000004baa7cf566213b1000000000000000000000000b77d61ea79c7ea8bfa03d3604ce5eabfb95c2ab20000000000000000000000002c57d1cfc6d5f8e4182a56b4cf75421472ebaea400000000000000000000000000000000000000000000000000000000000000000000000000000000000000000000000000000000000000000000000000000002000000000000000000000000d676af79742bcaeb4a71cf62b85d5ba2d1deaf860000000000000000000000001cd4af4a9bf33474c802d31790a195335f7a9ab8c001a0eab68bad93f2bbd6cc8955ecfc7633f9a9ed917166922ee978041ecc01ebbdbba024c91a1199168e156be5adf5d59b0983110a2f9af6a023d4f4722a12c7bdb426'
]
nonceOffset: 83
nonceOffset before: 83
Generating swaps with params: {
  targetBlockNumber: 10,
  txsPerBundle: 1,
  sendRoute: 1,
  txStrategy: 'univ2',
  profRpcUrl: 'None',
  nonceOffset: 83
}
Generating swaps with params: {}
Current nonce for 0x2c57d1CFC6d5f8E4182a56b4cf75421472eBAEa4: 20
Contract Addresses:
AtomicSwap: 0x6C6340BA1Dc72c59197825cD94EcCC1f9c67416e
UniV2FactoryA: 0xB77d61Ea79c7Ea8bfa03d3604Ce5EaBfb95C2aB2
UniV2FactoryB: 0x154E2238a212Ee4209111D2F3F6351D80e5d74B6
WETH: 0xd676AF79742bCAeb4a71CF62b85d5ba2D1deaf86
DAI addresses: [ '0x1CD4aF4A9bF33474C802d31790A195335f7a9Ab8' ]
[0x2c57d1CFC6d5f8E4182a56b4cf75421472eBAEa4] swapping 823.0 DAI for WETH
Nonce calculation debug:
- currentNonce (from getTransactionCount): 20
- nonce.override: 83
- nonce.offset: undefined
- Final nonce value: 103
Sending bundle: [
  '0x02f90176833018246785012a05f2008512a05f2000830249f0946c6340ba1dc72c59197825cd94eccc1f9c67416e80b901040cc7326300000000000000000000000000000000000000000000000000000000000000a000000000000000000000000000000000000000000000002c9d6b5b8f227c0000000000000000000000000000b77d61ea79c7ea8bfa03d3604ce5eabfb95c2ab20000000000000000000000002c57d1cfc6d5f8e4182a56b4cf75421472ebaea4000000000000000000000000000000000000000000000000000000000000000000000000000000000000000000000000000000000000000000000000000000020000000000000000000000001cd4af4a9bf33474c802d31790a195335f7a9ab8000000000000000000000000d676af79742bcaeb4a71cf62b85d5ba2d1deaf86c001a0f23c4d37c72e33c13427b5dd55f7b0d298207fb4b7b541e2fce7524631b361afa07ba6f8b01e552f0991399b66355d48e3dd75ba7db66ad19c102939fb006d8dce'
]
nonceOffset: 84
nonceOffset before: 84
Generating swaps with params: {
  targetBlockNumber: 10,
  txsPerBundle: 1,
  sendRoute: 1,
  txStrategy: 'univ2',
  profRpcUrl: 'None',
  nonceOffset: 84
}
Generating swaps with params: {}
Current nonce for 0x2c57d1CFC6d5f8E4182a56b4cf75421472eBAEa4: 20
Contract Addresses:
AtomicSwap: 0x6C6340BA1Dc72c59197825cD94EcCC1f9c67416e
UniV2FactoryA: 0xB77d61Ea79c7Ea8bfa03d3604Ce5EaBfb95C2aB2
UniV2FactoryB: 0x154E2238a212Ee4209111D2F3F6351D80e5d74B6
WETH: 0xd676AF79742bCAeb4a71CF62b85d5ba2D1deaf86
DAI addresses: [ '0x1CD4aF4A9bF33474C802d31790A195335f7a9Ab8' ]
[0x2c57d1CFC6d5f8E4182a56b4cf75421472eBAEa4] swapping 0.585516178736517719 WETH for DAI
Nonce calculation debug:
- currentNonce (from getTransactionCount): 20
- nonce.override: 84
- nonce.offset: undefined
- Final nonce value: 104
Sending bundle: [
  '0x02f90176833018246885012a05f2008512a05f2000830249f0946c6340ba1dc72c59197825cd94eccc1f9c67416e80b901040cc7326300000000000000000000000000000000000000000000000000000000000000a000000000000000000000000000000000000000000000000008202bdcc3d59257000000000000000000000000154e2238a212ee4209111d2f3f6351d80e5d74b60000000000000000000000002c57d1cfc6d5f8e4182a56b4cf75421472ebaea400000000000000000000000000000000000000000000000000000000000000000000000000000000000000000000000000000000000000000000000000000002000000000000000000000000d676af79742bcaeb4a71cf62b85d5ba2d1deaf860000000000000000000000001cd4af4a9bf33474c802d31790a195335f7a9ab8c001a0947289fa5e3fa3748565ec331993a657d0c8ade558789306e9dfb3c84a12dc72a02c8e6d1e7b58235898ba521a1c55d586af1054181e6a0b3c015e323af242c78e'
]
nonceOffset: 85
nonceOffset before: 85
Generating swaps with params: {
  targetBlockNumber: 10,
  txsPerBundle: 1,
  sendRoute: 1,
  txStrategy: 'univ2',
  profRpcUrl: 'None',
  nonceOffset: 85
}
Generating swaps with params: {}
Current nonce for 0x2c57d1CFC6d5f8E4182a56b4cf75421472eBAEa4: 20
Contract Addresses:
AtomicSwap: 0x6C6340BA1Dc72c59197825cD94EcCC1f9c67416e
UniV2FactoryA: 0xB77d61Ea79c7Ea8bfa03d3604Ce5EaBfb95C2aB2
UniV2FactoryB: 0x154E2238a212Ee4209111D2F3F6351D80e5d74B6
WETH: 0xd676AF79742bCAeb4a71CF62b85d5ba2D1deaf86
DAI addresses: [ '0x1CD4aF4A9bF33474C802d31790A195335f7a9Ab8' ]
[0x2c57d1CFC6d5f8E4182a56b4cf75421472eBAEa4] swapping 0.117013086989992301 WETH for DAI
Nonce calculation debug:
- currentNonce (from getTransactionCount): 20
- nonce.override: 85
- nonce.offset: undefined
- Final nonce value: 105
Sending bundle: [
  '0x02f90176833018246985012a05f2008512a05f2000830249f0946c6340ba1dc72c59197825cd94eccc1f9c67416e80b901040cc7326300000000000000000000000000000000000000000000000000000000000000a0000000000000000000000000000000000000000000000000019fb6c85c1c416d000000000000000000000000154e2238a212ee4209111d2f3f6351d80e5d74b60000000000000000000000002c57d1cfc6d5f8e4182a56b4cf75421472ebaea400000000000000000000000000000000000000000000000000000000000000000000000000000000000000000000000000000000000000000000000000000002000000000000000000000000d676af79742bcaeb4a71cf62b85d5ba2d1deaf860000000000000000000000001cd4af4a9bf33474c802d31790a195335f7a9ab8c080a0b7eb121a6c99d854b9c39c5f0b34c28acfc36d05a1598a461389dd41af6a6628a022665a59a5d77e551a08c30dc1bd75f8acb7f223a601c076ac0fdc9bbac6fd67'
]
nonceOffset: 86
nonceOffset before: 86
Generating swaps with params: {
  targetBlockNumber: 10,
  txsPerBundle: 1,
  sendRoute: 1,
  txStrategy: 'univ2',
  profRpcUrl: 'None',
  nonceOffset: 86
}
Generating swaps with params: {}
Current nonce for 0x2c57d1CFC6d5f8E4182a56b4cf75421472eBAEa4: 20
Contract Addresses:
AtomicSwap: 0x6C6340BA1Dc72c59197825cD94EcCC1f9c67416e
UniV2FactoryA: 0xB77d61Ea79c7Ea8bfa03d3604Ce5EaBfb95C2aB2
UniV2FactoryB: 0x154E2238a212Ee4209111D2F3F6351D80e5d74B6
WETH: 0xd676AF79742bCAeb4a71CF62b85d5ba2D1deaf86
DAI addresses: [ '0x1CD4aF4A9bF33474C802d31790A195335f7a9Ab8' ]
[0x2c57d1CFC6d5f8E4182a56b4cf75421472eBAEa4] swapping 0.792147806004618937 WETH for DAI
Nonce calculation debug:
- currentNonce (from getTransactionCount): 20
- nonce.override: 86
- nonce.offset: undefined
- Final nonce value: 106
Sending bundle: [
  '0x02f90176833018246a85012a05f2008512a05f2000830249f0946c6340ba1dc72c59197825cd94eccc1f9c67416e80b901040cc7326300000000000000000000000000000000000000000000000000000000000000a00000000000000000000000000000000000000000000000000afe463b8a82a6b9000000000000000000000000b77d61ea79c7ea8bfa03d3604ce5eabfb95c2ab20000000000000000000000002c57d1cfc6d5f8e4182a56b4cf75421472ebaea400000000000000000000000000000000000000000000000000000000000000000000000000000000000000000000000000000000000000000000000000000002000000000000000000000000d676af79742bcaeb4a71cf62b85d5ba2d1deaf860000000000000000000000001cd4af4a9bf33474c802d31790a195335f7a9ab8c001a06951bf43aed24a57ccaa6a22740bc6e633f6c867fa896519b90915bfd3816709a01fdedeade151dcc8611f824a030027bebedaf0ded1e7447020585220a66a5125'
]
nonceOffset: 87
nonceOffset before: 87
Generating swaps with params: {
  targetBlockNumber: 10,
  txsPerBundle: 1,
  sendRoute: 1,
  txStrategy: 'univ2',
  profRpcUrl: 'None',
  nonceOffset: 87
}
Generating swaps with params: {}
Current nonce for 0x2c57d1CFC6d5f8E4182a56b4cf75421472eBAEa4: 20
Contract Addresses:
AtomicSwap: 0x6C6340BA1Dc72c59197825cD94EcCC1f9c67416e
UniV2FactoryA: 0xB77d61Ea79c7Ea8bfa03d3604Ce5EaBfb95C2aB2
UniV2FactoryB: 0x154E2238a212Ee4209111D2F3F6351D80e5d74B6
WETH: 0xd676AF79742bCAeb4a71CF62b85d5ba2D1deaf86
DAI addresses: [ '0x1CD4aF4A9bF33474C802d31790A195335f7a9Ab8' ]
[0x2c57d1CFC6d5f8E4182a56b4cf75421472eBAEa4] swapping 218.0 DAI for WETH
Nonce calculation debug:
- currentNonce (from getTransactionCount): 20
- nonce.override: 87
- nonce.offset: undefined
- Final nonce value: 107
Sending bundle: [
  '0x02f90176833018246b85012a05f2008512a05f2000830249f0946c6340ba1dc72c59197825cd94eccc1f9c67416e80b901040cc7326300000000000000000000000000000000000000000000000000000000000000a000000000000000000000000000000000000000000000000bd15b94fc8b280000000000000000000000000000154e2238a212ee4209111d2f3f6351d80e5d74b60000000000000000000000002c57d1cfc6d5f8e4182a56b4cf75421472ebaea4000000000000000000000000000000000000000000000000000000000000000000000000000000000000000000000000000000000000000000000000000000020000000000000000000000001cd4af4a9bf33474c802d31790a195335f7a9ab8000000000000000000000000d676af79742bcaeb4a71cf62b85d5ba2d1deaf86c080a0c6399723a1cb1a8eb4d88b9193777cd574375b6718029f0649fc377de6fa642ca077f8c161fa540815afdecf6ec3b532914e547b112472da8519f1fda6e927d968'
]
nonceOffset: 88
nonceOffset before: 88
Generating swaps with params: {
  targetBlockNumber: 10,
  txsPerBundle: 1,
  sendRoute: 1,
  txStrategy: 'univ2',
  profRpcUrl: 'None',
  nonceOffset: 88
}
Generating swaps with params: {}
Current nonce for 0x2c57d1CFC6d5f8E4182a56b4cf75421472eBAEa4: 20
Contract Addresses:
AtomicSwap: 0x6C6340BA1Dc72c59197825cD94EcCC1f9c67416e
UniV2FactoryA: 0xB77d61Ea79c7Ea8bfa03d3604Ce5EaBfb95C2aB2
UniV2FactoryB: 0x154E2238a212Ee4209111D2F3F6351D80e5d74B6
WETH: 0xd676AF79742bCAeb4a71CF62b85d5ba2D1deaf86
DAI addresses: [ '0x1CD4aF4A9bF33474C802d31790A195335f7a9Ab8' ]
[0x2c57d1CFC6d5f8E4182a56b4cf75421472eBAEa4] swapping 415.0 DAI for WETH
Nonce calculation debug:
- currentNonce (from getTransactionCount): 20
- nonce.override: 88
- nonce.offset: undefined
- Final nonce value: 108
Sending bundle: [
  '0x02f90176833018246c85012a05f2008512a05f2000830249f0946c6340ba1dc72c59197825cd94eccc1f9c67416e80b901040cc7326300000000000000000000000000000000000000000000000000000000000000a00000000000000000000000000000000000000000000000167f482d3c5b1c0000000000000000000000000000154e2238a212ee4209111d2f3f6351d80e5d74b60000000000000000000000002c57d1cfc6d5f8e4182a56b4cf75421472ebaea4000000000000000000000000000000000000000000000000000000000000000000000000000000000000000000000000000000000000000000000000000000020000000000000000000000001cd4af4a9bf33474c802d31790a195335f7a9ab8000000000000000000000000d676af79742bcaeb4a71cf62b85d5ba2d1deaf86c001a0961bd1c75c19ecae044c055c3fab916d1f75b1475130b74dbdee89590d0002a1a014824a9641a49b69169b019d73f43aea0e4f31234f2eb8569fbd192e210c1e61'
]
nonceOffset: 89
nonceOffset before: 89
Generating swaps with params: {
  targetBlockNumber: 10,
  txsPerBundle: 1,
  sendRoute: 1,
  txStrategy: 'univ2',
  profRpcUrl: 'None',
  nonceOffset: 89
}
Generating swaps with params: {}
Current nonce for 0x2c57d1CFC6d5f8E4182a56b4cf75421472eBAEa4: 20
Contract Addresses:
AtomicSwap: 0x6C6340BA1Dc72c59197825cD94EcCC1f9c67416e
UniV2FactoryA: 0xB77d61Ea79c7Ea8bfa03d3604Ce5EaBfb95C2aB2
UniV2FactoryB: 0x154E2238a212Ee4209111D2F3F6351D80e5d74B6
WETH: 0xd676AF79742bCAeb4a71CF62b85d5ba2D1deaf86
DAI addresses: [ '0x1CD4aF4A9bF33474C802d31790A195335f7a9Ab8' ]
[0x2c57d1CFC6d5f8E4182a56b4cf75421472eBAEa4] swapping 0.760400616332819722 WETH for DAI
Nonce calculation debug:
- currentNonce (from getTransactionCount): 20
- nonce.override: 89
- nonce.offset: undefined
- Final nonce value: 109
Sending bundle: [
  '0x02f90176833018246d85012a05f2008512a05f2000830249f0946c6340ba1dc72c59197825cd94eccc1f9c67416e80b901040cc7326300000000000000000000000000000000000000000000000000000000000000a00000000000000000000000000000000000000000000000000a8d7c54ef817d0a000000000000000000000000154e2238a212ee4209111d2f3f6351d80e5d74b60000000000000000000000002c57d1cfc6d5f8e4182a56b4cf75421472ebaea400000000000000000000000000000000000000000000000000000000000000000000000000000000000000000000000000000000000000000000000000000002000000000000000000000000d676af79742bcaeb4a71cf62b85d5ba2d1deaf860000000000000000000000001cd4af4a9bf33474c802d31790a195335f7a9ab8c080a0e30d790bca3c719d7e3f90f5c73b0ad31d9db34c62fe33154f7adf7569eee012a06baf879e76064cbaa90ec4933903d43b851c140bca9bfa8b12847da0a8d5e8bf'
]
nonceOffset: 90
nonceOffset before: 90
Generating swaps with params: {
  targetBlockNumber: 10,
  txsPerBundle: 1,
  sendRoute: 1,
  txStrategy: 'univ2',
  profRpcUrl: 'None',
  nonceOffset: 90
}
Generating swaps with params: {}
Current nonce for 0x2c57d1CFC6d5f8E4182a56b4cf75421472eBAEa4: 20
Contract Addresses:
AtomicSwap: 0x6C6340BA1Dc72c59197825cD94EcCC1f9c67416e
UniV2FactoryA: 0xB77d61Ea79c7Ea8bfa03d3604Ce5EaBfb95C2aB2
UniV2FactoryB: 0x154E2238a212Ee4209111D2F3F6351D80e5d74B6
WETH: 0xd676AF79742bCAeb4a71CF62b85d5ba2D1deaf86
DAI addresses: [ '0x1CD4aF4A9bF33474C802d31790A195335f7a9Ab8' ]
[0x2c57d1CFC6d5f8E4182a56b4cf75421472eBAEa4] swapping 379.0 DAI for WETH
Nonce calculation debug:
- currentNonce (from getTransactionCount): 20
- nonce.override: 90
- nonce.offset: undefined
- Final nonce value: 110
Sending bundle: [
  '0x02f90176833018246e85012a05f2008512a05f2000830249f0946c6340ba1dc72c59197825cd94eccc1f9c67416e80b901040cc7326300000000000000000000000000000000000000000000000000000000000000a00000000000000000000000000000000000000000000000148bae7bf8d10c0000000000000000000000000000b77d61ea79c7ea8bfa03d3604ce5eabfb95c2ab20000000000000000000000002c57d1cfc6d5f8e4182a56b4cf75421472ebaea4000000000000000000000000000000000000000000000000000000000000000000000000000000000000000000000000000000000000000000000000000000020000000000000000000000001cd4af4a9bf33474c802d31790a195335f7a9ab8000000000000000000000000d676af79742bcaeb4a71cf62b85d5ba2d1deaf86c080a031b66370d3b529db9bcacd75d1ed4b0398a5ad255dff613d62112f50266add15a0047a2efbf0f644dff2d481f2f9a39a5b8cddd12326a15e1e33a131faaab336dc'
]
nonceOffset: 91
nonceOffset before: 91
Generating swaps with params: {
  targetBlockNumber: 10,
  txsPerBundle: 1,
  sendRoute: 1,
  txStrategy: 'univ2',
  profRpcUrl: 'None',
  nonceOffset: 91
}
Generating swaps with params: {}
Current nonce for 0x2c57d1CFC6d5f8E4182a56b4cf75421472eBAEa4: 20
Contract Addresses:
AtomicSwap: 0x6C6340BA1Dc72c59197825cD94EcCC1f9c67416e
UniV2FactoryA: 0xB77d61Ea79c7Ea8bfa03d3604Ce5EaBfb95C2aB2
UniV2FactoryB: 0x154E2238a212Ee4209111D2F3F6351D80e5d74B6
WETH: 0xd676AF79742bCAeb4a71CF62b85d5ba2D1deaf86
DAI addresses: [ '0x1CD4aF4A9bF33474C802d31790A195335f7a9Ab8' ]
[0x2c57d1CFC6d5f8E4182a56b4cf75421472eBAEa4] swapping 294.0 DAI for WETH
Nonce calculation debug:
- currentNonce (from getTransactionCount): 20
- nonce.override: 91
- nonce.offset: undefined
- Final nonce value: 111
Sending bundle: [
  '0x02f90176833018246f85012a05f2008512a05f2000830249f0946c6340ba1dc72c59197825cd94eccc1f9c67416e80b901040cc7326300000000000000000000000000000000000000000000000000000000000000a000000000000000000000000000000000000000000000000ff011d2523cd80000000000000000000000000000b77d61ea79c7ea8bfa03d3604ce5eabfb95c2ab20000000000000000000000002c57d1cfc6d5f8e4182a56b4cf75421472ebaea4000000000000000000000000000000000000000000000000000000000000000000000000000000000000000000000000000000000000000000000000000000020000000000000000000000001cd4af4a9bf33474c802d31790a195335f7a9ab8000000000000000000000000d676af79742bcaeb4a71cf62b85d5ba2d1deaf86c001a014601b8af2a058106ee60f6e33a70264f586ddbb4b752c2c4b36289c6e694d22a0581859891b064f6f671f0cf679fd0a0c981d96f5635208e7c04310d715bcea26'
]
nonceOffset: 92
nonceOffset before: 92
Generating swaps with params: {
  targetBlockNumber: 10,
  txsPerBundle: 1,
  sendRoute: 1,
  txStrategy: 'univ2',
  profRpcUrl: 'None',
  nonceOffset: 92
}
Generating swaps with params: {}
Current nonce for 0x2c57d1CFC6d5f8E4182a56b4cf75421472eBAEa4: 20
Contract Addresses:
AtomicSwap: 0x6C6340BA1Dc72c59197825cD94EcCC1f9c67416e
UniV2FactoryA: 0xB77d61Ea79c7Ea8bfa03d3604Ce5EaBfb95C2aB2
UniV2FactoryB: 0x154E2238a212Ee4209111D2F3F6351D80e5d74B6
WETH: 0xd676AF79742bCAeb4a71CF62b85d5ba2D1deaf86
DAI addresses: [ '0x1CD4aF4A9bF33474C802d31790A195335f7a9Ab8' ]
[0x2c57d1CFC6d5f8E4182a56b4cf75421472eBAEa4] swapping 0.799846035411855273 WETH for DAI
Nonce calculation debug:
- currentNonce (from getTransactionCount): 20
- nonce.override: 92
- nonce.offset: undefined
- Final nonce value: 112
Sending bundle: [
  '0x02f90176833018247085012a05f2008512a05f2000830249f0946c6340ba1dc72c59197825cd94eccc1f9c67416e80b901040cc7326300000000000000000000000000000000000000000000000000000000000000a00000000000000000000000000000000000000000000000000b199fbb3fba67a9000000000000000000000000b77d61ea79c7ea8bfa03d3604ce5eabfb95c2ab20000000000000000000000002c57d1cfc6d5f8e4182a56b4cf75421472ebaea400000000000000000000000000000000000000000000000000000000000000000000000000000000000000000000000000000000000000000000000000000002000000000000000000000000d676af79742bcaeb4a71cf62b85d5ba2d1deaf860000000000000000000000001cd4af4a9bf33474c802d31790a195335f7a9ab8c001a0350977fe3d5005572d5fa50e2cc99caa00d36dd0416e2c91d8b0bc2367951eeba0122c5aa94c777808561da79dae749a311ad9b1c2b4b146888ddcee02538cda74'
]
nonceOffset: 93
nonceOffset before: 93
Generating swaps with params: {
  targetBlockNumber: 10,
  txsPerBundle: 1,
  sendRoute: 1,
  txStrategy: 'univ2',
  profRpcUrl: 'None',
  nonceOffset: 93
}
Generating swaps with params: {}
Current nonce for 0x2c57d1CFC6d5f8E4182a56b4cf75421472eBAEa4: 20
Contract Addresses:
AtomicSwap: 0x6C6340BA1Dc72c59197825cD94EcCC1f9c67416e
UniV2FactoryA: 0xB77d61Ea79c7Ea8bfa03d3604Ce5EaBfb95C2aB2
UniV2FactoryB: 0x154E2238a212Ee4209111D2F3F6351D80e5d74B6
WETH: 0xd676AF79742bCAeb4a71CF62b85d5ba2D1deaf86
DAI addresses: [ '0x1CD4aF4A9bF33474C802d31790A195335f7a9Ab8' ]
[0x2c57d1CFC6d5f8E4182a56b4cf75421472eBAEa4] swapping 0.156274056966897613 WETH for DAI
Nonce calculation debug:
- currentNonce (from getTransactionCount): 20
- nonce.override: 93
- nonce.offset: undefined
- Final nonce value: 113
Sending bundle: [
  '0x02f90176833018247185012a05f2008512a05f2000830249f0946c6340ba1dc72c59197825cd94eccc1f9c67416e80b901040cc7326300000000000000000000000000000000000000000000000000000000000000a0000000000000000000000000000000000000000000000000022b326d451effcd000000000000000000000000154e2238a212ee4209111d2f3f6351d80e5d74b60000000000000000000000002c57d1cfc6d5f8e4182a56b4cf75421472ebaea400000000000000000000000000000000000000000000000000000000000000000000000000000000000000000000000000000000000000000000000000000002000000000000000000000000d676af79742bcaeb4a71cf62b85d5ba2d1deaf860000000000000000000000001cd4af4a9bf33474c802d31790a195335f7a9ab8c080a041c55132ba0002098f91a45bc9d5ac82731b4cefab85ccc545f3e530e48c7424a0505bdcc4d90ce8a10df6d504fc320d0db7687308b80a5bbb4ed30fd53b5bb377'
]
nonceOffset: 94
nonceOffset before: 94
Generating swaps with params: {
  targetBlockNumber: 10,
  txsPerBundle: 1,
  sendRoute: 1,
  txStrategy: 'univ2',
  profRpcUrl: 'None',
  nonceOffset: 94
}
Generating swaps with params: {}
Current nonce for 0x2c57d1CFC6d5f8E4182a56b4cf75421472eBAEa4: 20
Contract Addresses:
AtomicSwap: 0x6C6340BA1Dc72c59197825cD94EcCC1f9c67416e
UniV2FactoryA: 0xB77d61Ea79c7Ea8bfa03d3604Ce5EaBfb95C2aB2
UniV2FactoryB: 0x154E2238a212Ee4209111D2F3F6351D80e5d74B6
WETH: 0xd676AF79742bCAeb4a71CF62b85d5ba2D1deaf86
DAI addresses: [ '0x1CD4aF4A9bF33474C802d31790A195335f7a9Ab8' ]
[0x2c57d1CFC6d5f8E4182a56b4cf75421472eBAEa4] swapping 0.510392609699769053 WETH for DAI
Nonce calculation debug:
- currentNonce (from getTransactionCount): 20
- nonce.override: 94
- nonce.offset: undefined
- Final nonce value: 114
Sending bundle: [
  '0x02f90176833018247285012a05f2008512a05f2000830249f0946c6340ba1dc72c59197825cd94eccc1f9c67416e80b901040cc7326300000000000000000000000000000000000000000000000000000000000000a00000000000000000000000000000000000000000000000000715475fd523aadd000000000000000000000000b77d61ea79c7ea8bfa03d3604ce5eabfb95c2ab20000000000000000000000002c57d1cfc6d5f8e4182a56b4cf75421472ebaea400000000000000000000000000000000000000000000000000000000000000000000000000000000000000000000000000000000000000000000000000000002000000000000000000000000d676af79742bcaeb4a71cf62b85d5ba2d1deaf860000000000000000000000001cd4af4a9bf33474c802d31790a195335f7a9ab8c080a072995a8f77a2e2bdb26679e8b46039887bfbcec1d8f04881c1d768e8a9b3b6fca03384b571e3d25acbc65b9f193de8a0fa2ec5fb47882e39eff651515517ae6bab'
]
nonceOffset: 95
nonceOffset before: 95
Generating swaps with params: {
  targetBlockNumber: 10,
  txsPerBundle: 1,
  sendRoute: 1,
  txStrategy: 'univ2',
  profRpcUrl: 'None',
  nonceOffset: 95
}
Generating swaps with params: {}
Current nonce for 0x2c57d1CFC6d5f8E4182a56b4cf75421472eBAEa4: 20
Contract Addresses:
AtomicSwap: 0x6C6340BA1Dc72c59197825cD94EcCC1f9c67416e
UniV2FactoryA: 0xB77d61Ea79c7Ea8bfa03d3604Ce5EaBfb95C2aB2
UniV2FactoryB: 0x154E2238a212Ee4209111D2F3F6351D80e5d74B6
WETH: 0xd676AF79742bCAeb4a71CF62b85d5ba2D1deaf86
DAI addresses: [ '0x1CD4aF4A9bF33474C802d31790A195335f7a9Ab8' ]
[0x2c57d1CFC6d5f8E4182a56b4cf75421472eBAEa4] swapping 0.321538461538461538 WETH for DAI
Nonce calculation debug:
- currentNonce (from getTransactionCount): 20
- nonce.override: 95
- nonce.offset: undefined
- Final nonce value: 115
Sending bundle: [
  '0x02f90176833018247385012a05f2008512a05f2000830249f0946c6340ba1dc72c59197825cd94eccc1f9c67416e80b901040cc7326300000000000000000000000000000000000000000000000000000000000000a000000000000000000000000000000000000000000000000004765586f5a02762000000000000000000000000b77d61ea79c7ea8bfa03d3604ce5eabfb95c2ab20000000000000000000000002c57d1cfc6d5f8e4182a56b4cf75421472ebaea400000000000000000000000000000000000000000000000000000000000000000000000000000000000000000000000000000000000000000000000000000002000000000000000000000000d676af79742bcaeb4a71cf62b85d5ba2d1deaf860000000000000000000000001cd4af4a9bf33474c802d31790a195335f7a9ab8c001a0b33c9678c0509f2afc56c2621aceeb38808c45bd529c1bfe44ee1cc54b1ec2b2a0398bee01eae78473590c36d881cf7676c2fbc240e96a3ce54f1fff539846148d'
]
nonceOffset: 96
nonceOffset before: 96
Generating swaps with params: {
  targetBlockNumber: 10,
  txsPerBundle: 1,
  sendRoute: 1,
  txStrategy: 'univ2',
  profRpcUrl: 'None',
  nonceOffset: 96
}
Generating swaps with params: {}
Current nonce for 0x2c57d1CFC6d5f8E4182a56b4cf75421472eBAEa4: 20
Contract Addresses:
AtomicSwap: 0x6C6340BA1Dc72c59197825cD94EcCC1f9c67416e
UniV2FactoryA: 0xB77d61Ea79c7Ea8bfa03d3604Ce5EaBfb95C2aB2
UniV2FactoryB: 0x154E2238a212Ee4209111D2F3F6351D80e5d74B6
WETH: 0xd676AF79742bCAeb4a71CF62b85d5ba2D1deaf86
DAI addresses: [ '0x1CD4aF4A9bF33474C802d31790A195335f7a9Ab8' ]
[0x2c57d1CFC6d5f8E4182a56b4cf75421472eBAEa4] swapping 469.0 DAI for WETH
Nonce calculation debug:
- currentNonce (from getTransactionCount): 20
- nonce.override: 96
- nonce.offset: undefined
- Final nonce value: 116
Sending bundle: [
  '0x02f90176833018247485012a05f2008512a05f2000830249f0946c6340ba1dc72c59197825cd94eccc1f9c67416e80b901040cc7326300000000000000000000000000000000000000000000000000000000000000a00000000000000000000000000000000000000000000000196caeb721aa340000000000000000000000000000154e2238a212ee4209111d2f3f6351d80e5d74b60000000000000000000000002c57d1cfc6d5f8e4182a56b4cf75421472ebaea4000000000000000000000000000000000000000000000000000000000000000000000000000000000000000000000000000000000000000000000000000000020000000000000000000000001cd4af4a9bf33474c802d31790a195335f7a9ab8000000000000000000000000d676af79742bcaeb4a71cf62b85d5ba2d1deaf86c001a04742a1eb785b84aa763244ce09d76e19119523ec0f3f3e026a7726700cba8494a00b42fcac495662b00dd1bb152646461226840bf49e064e31af016f6936ab3ae6'
]
nonceOffset: 97
nonceOffset before: 97
Generating swaps with params: {
  targetBlockNumber: 10,
  txsPerBundle: 1,
  sendRoute: 1,
  txStrategy: 'univ2',
  profRpcUrl: 'None',
  nonceOffset: 97
}
Generating swaps with params: {}
Current nonce for 0x2c57d1CFC6d5f8E4182a56b4cf75421472eBAEa4: 20
Contract Addresses:
AtomicSwap: 0x6C6340BA1Dc72c59197825cD94EcCC1f9c67416e
UniV2FactoryA: 0xB77d61Ea79c7Ea8bfa03d3604Ce5EaBfb95C2aB2
UniV2FactoryB: 0x154E2238a212Ee4209111D2F3F6351D80e5d74B6
WETH: 0xd676AF79742bCAeb4a71CF62b85d5ba2D1deaf86
DAI addresses: [ '0x1CD4aF4A9bF33474C802d31790A195335f7a9Ab8' ]
[0x2c57d1CFC6d5f8E4182a56b4cf75421472eBAEa4] swapping 0.326923076923076923 WETH for DAI
Nonce calculation debug:
- currentNonce (from getTransactionCount): 20
- nonce.override: 97
- nonce.offset: undefined
- Final nonce value: 117
Sending bundle: [
  '0x02f90176833018247585012a05f2008512a05f2000830249f0946c6340ba1dc72c59197825cd94eccc1f9c67416e80b901040cc7326300000000000000000000000000000000000000000000000000000000000000a0000000000000000000000000000000000000000000000000048976ce6ce0b13b000000000000000000000000b77d61ea79c7ea8bfa03d3604ce5eabfb95c2ab20000000000000000000000002c57d1cfc6d5f8e4182a56b4cf75421472ebaea400000000000000000000000000000000000000000000000000000000000000000000000000000000000000000000000000000000000000000000000000000002000000000000000000000000d676af79742bcaeb4a71cf62b85d5ba2d1deaf860000000000000000000000001cd4af4a9bf33474c802d31790a195335f7a9ab8c001a0458f8e865cd095ff7355e6799c5a511b637fc262346c406f55785bca0e2afc97a00e2ed34d54dc176fb16bfe08eb782960ce626fd99e2b4676ee23687897887617'
]
nonceOffset: 98
nonceOffset before: 98
Generating swaps with params: {
  targetBlockNumber: 10,
  txsPerBundle: 1,
  sendRoute: 1,
  txStrategy: 'univ2',
  profRpcUrl: 'None',
  nonceOffset: 98
}
Generating swaps with params: {}
Current nonce for 0x2c57d1CFC6d5f8E4182a56b4cf75421472eBAEa4: 20
Contract Addresses:
AtomicSwap: 0x6C6340BA1Dc72c59197825cD94EcCC1f9c67416e
UniV2FactoryA: 0xB77d61Ea79c7Ea8bfa03d3604Ce5EaBfb95C2aB2
UniV2FactoryB: 0x154E2238a212Ee4209111D2F3F6351D80e5d74B6
WETH: 0xd676AF79742bCAeb4a71CF62b85d5ba2D1deaf86
DAI addresses: [ '0x1CD4aF4A9bF33474C802d31790A195335f7a9Ab8' ]
[0x2c57d1CFC6d5f8E4182a56b4cf75421472eBAEa4] swapping 0.82266769468003084 WETH for DAI
Nonce calculation debug:
- currentNonce (from getTransactionCount): 20
- nonce.override: 98
- nonce.offset: undefined
- Final nonce value: 118
Sending bundle: [
  '0x02f90176833018247685012a05f2008512a05f2000830249f0946c6340ba1dc72c59197825cd94eccc1f9c67416e80b901040cc7326300000000000000000000000000000000000000000000000000000000000000a00000000000000000000000000000000000000000000000000b6ab3e8dd97be78000000000000000000000000154e2238a212ee4209111d2f3f6351d80e5d74b60000000000000000000000002c57d1cfc6d5f8e4182a56b4cf75421472ebaea400000000000000000000000000000000000000000000000000000000000000000000000000000000000000000000000000000000000000000000000000000002000000000000000000000000d676af79742bcaeb4a71cf62b85d5ba2d1deaf860000000000000000000000001cd4af4a9bf33474c802d31790a195335f7a9ab8c001a0524f0fa328d733e81ac9b0f76363d1e0267748719c5ea65888d5776efb89db52a07cf37532c59e275c58a895e48bd954fd04a7b9343edad359fd102959d648e8ac'
]
nonceOffset: 99
nonceOffset before: 99
Generating swaps with params: {
  targetBlockNumber: 10,
  txsPerBundle: 1,
  sendRoute: 1,
  txStrategy: 'univ2',
  profRpcUrl: 'None',
  nonceOffset: 99
}
Generating swaps with params: {}
Current nonce for 0x2c57d1CFC6d5f8E4182a56b4cf75421472eBAEa4: 20
Contract Addresses:
AtomicSwap: 0x6C6340BA1Dc72c59197825cD94EcCC1f9c67416e
UniV2FactoryA: 0xB77d61Ea79c7Ea8bfa03d3604Ce5EaBfb95C2aB2
UniV2FactoryB: 0x154E2238a212Ee4209111D2F3F6351D80e5d74B6
WETH: 0xd676AF79742bCAeb4a71CF62b85d5ba2D1deaf86
DAI addresses: [ '0x1CD4aF4A9bF33474C802d31790A195335f7a9Ab8' ]
[0x2c57d1CFC6d5f8E4182a56b4cf75421472eBAEa4] swapping 247.0 DAI for WETH
Nonce calculation debug:
- currentNonce (from getTransactionCount): 20
- nonce.override: 99
- nonce.offset: undefined
- Final nonce value: 119
Sending bundle: [
  '0x02f90176833018247785012a05f2008512a05f2000830249f0946c6340ba1dc72c59197825cd94eccc1f9c67416e80b901040cc7326300000000000000000000000000000000000000000000000000000000000000a000000000000000000000000000000000000000000000000d63d04756817c0000000000000000000000000000b77d61ea79c7ea8bfa03d3604ce5eabfb95c2ab20000000000000000000000002c57d1cfc6d5f8e4182a56b4cf75421472ebaea4000000000000000000000000000000000000000000000000000000000000000000000000000000000000000000000000000000000000000000000000000000020000000000000000000000001cd4af4a9bf33474c802d31790a195335f7a9ab8000000000000000000000000d676af79742bcaeb4a71cf62b85d5ba2d1deaf86c080a0ab04a85fb3ed6fba9771c8b783a2cd301e7c495f01021c3a8196279c9425f1c6a06280b4350491b3041b20985b9752c99cf28dd2a8998c0d0afb8e4d5998127f11'
]
nonceOffset: 100
nonceOffset before: 100
Generating swaps with params: {
  targetBlockNumber: 10,
  txsPerBundle: 1,
  sendRoute: 1,
  txStrategy: 'univ2',
  profRpcUrl: 'None',
  nonceOffset: 100
}
Generating swaps with params: {}
Current nonce for 0x2c57d1CFC6d5f8E4182a56b4cf75421472eBAEa4: 20
Contract Addresses:
AtomicSwap: 0x6C6340BA1Dc72c59197825cD94EcCC1f9c67416e
UniV2FactoryA: 0xB77d61Ea79c7Ea8bfa03d3604Ce5EaBfb95C2aB2
UniV2FactoryB: 0x154E2238a212Ee4209111D2F3F6351D80e5d74B6
WETH: 0xd676AF79742bCAeb4a71CF62b85d5ba2D1deaf86
DAI addresses: [ '0x1CD4aF4A9bF33474C802d31790A195335f7a9Ab8' ]
[0x2c57d1CFC6d5f8E4182a56b4cf75421472eBAEa4] swapping 0.467642526964560862 WETH for DAI
Nonce calculation debug:
- currentNonce (from getTransactionCount): 20
- nonce.override: 100
- nonce.offset: undefined
- Final nonce value: 120
Sending bundle: [
  '0x02f90176833018247885012a05f2008512a05f2000830249f0946c6340ba1dc72c59197825cd94eccc1f9c67416e80b901040cc7326300000000000000000000000000000000000000000000000000000000000000a0000000000000000000000000000000000000000000000000067d66668d96b3de000000000000000000000000154e2238a212ee4209111d2f3f6351d80e5d74b60000000000000000000000002c57d1cfc6d5f8e4182a56b4cf75421472ebaea400000000000000000000000000000000000000000000000000000000000000000000000000000000000000000000000000000000000000000000000000000002000000000000000000000000d676af79742bcaeb4a71cf62b85d5ba2d1deaf860000000000000000000000001cd4af4a9bf33474c802d31790a195335f7a9ab8c001a08734ea886acdbad7d68d4c8cac1010f4ee951eb777bc69036769657d4f2015aea063d0ca0bf8360d3dfa85e315f38c4c9c87d74f50fd47de7291f907ff07adf8e1'
]
nonceOffset: 101
nonceOffset before: 101
Generating swaps with params: {
  targetBlockNumber: 10,
  txsPerBundle: 1,
  sendRoute: 1,
  txStrategy: 'univ2',
  profRpcUrl: 'None',
  nonceOffset: 101
}
Generating swaps with params: {}
Current nonce for 0x2c57d1CFC6d5f8E4182a56b4cf75421472eBAEa4: 20
Contract Addresses:
AtomicSwap: 0x6C6340BA1Dc72c59197825cD94EcCC1f9c67416e
UniV2FactoryA: 0xB77d61Ea79c7Ea8bfa03d3604Ce5EaBfb95C2aB2
UniV2FactoryB: 0x154E2238a212Ee4209111D2F3F6351D80e5d74B6
WETH: 0xd676AF79742bCAeb4a71CF62b85d5ba2D1deaf86
DAI addresses: [ '0x1CD4aF4A9bF33474C802d31790A195335f7a9Ab8' ]
[0x2c57d1CFC6d5f8E4182a56b4cf75421472eBAEa4] swapping 342.0 DAI for WETH
Nonce calculation debug:
- currentNonce (from getTransactionCount): 20
- nonce.override: 101
- nonce.offset: undefined
- Final nonce value: 121
Sending bundle: [
  '0x02f90176833018247985012a05f2008512a05f2000830249f0946c6340ba1dc72c59197825cd94eccc1f9c67416e80b901040cc7326300000000000000000000000000000000000000000000000000000000000000a00000000000000000000000000000000000000000000000128a3414019f980000000000000000000000000000b77d61ea79c7ea8bfa03d3604ce5eabfb95c2ab20000000000000000000000002c57d1cfc6d5f8e4182a56b4cf75421472ebaea4000000000000000000000000000000000000000000000000000000000000000000000000000000000000000000000000000000000000000000000000000000020000000000000000000000001cd4af4a9bf33474c802d31790a195335f7a9ab8000000000000000000000000d676af79742bcaeb4a71cf62b85d5ba2d1deaf86c001a01f3c5d6112ca11c6ef3c369c9a6702ebf868fafa7cb61c132aabb548e4c52ccca014b789e4322b234bfe266115923a906545936dd41d77bb7b96c18521a63574c4'
]
nonceOffset: 102
nonceOffset before: 102
Generating swaps with params: {
  targetBlockNumber: 10,
  txsPerBundle: 1,
  sendRoute: 1,
  txStrategy: 'univ2',
  profRpcUrl: 'None',
  nonceOffset: 102
}
Generating swaps with params: {}
Current nonce for 0x2c57d1CFC6d5f8E4182a56b4cf75421472eBAEa4: 20
Contract Addresses:
AtomicSwap: 0x6C6340BA1Dc72c59197825cD94EcCC1f9c67416e
UniV2FactoryA: 0xB77d61Ea79c7Ea8bfa03d3604Ce5EaBfb95C2aB2
UniV2FactoryB: 0x154E2238a212Ee4209111D2F3F6351D80e5d74B6
WETH: 0xd676AF79742bCAeb4a71CF62b85d5ba2D1deaf86
DAI addresses: [ '0x1CD4aF4A9bF33474C802d31790A195335f7a9Ab8' ]
[0x2c57d1CFC6d5f8E4182a56b4cf75421472eBAEa4] swapping 0.338461538461538461 WETH for DAI
Nonce calculation debug:
- currentNonce (from getTransactionCount): 20
- nonce.override: 102
- nonce.offset: undefined
- Final nonce value: 122
Sending bundle: [
  '0x02f90176833018247a85012a05f2008512a05f2000830249f0946c6340ba1dc72c59197825cd94eccc1f9c67416e80b901040cc7326300000000000000000000000000000000000000000000000000000000000000a000000000000000000000000000000000000000000000000004b274f9da21d89d000000000000000000000000b77d61ea79c7ea8bfa03d3604ce5eabfb95c2ab20000000000000000000000002c57d1cfc6d5f8e4182a56b4cf75421472ebaea400000000000000000000000000000000000000000000000000000000000000000000000000000000000000000000000000000000000000000000000000000002000000000000000000000000d676af79742bcaeb4a71cf62b85d5ba2d1deaf860000000000000000000000001cd4af4a9bf33474c802d31790a195335f7a9ab8c001a095585f9d7746c319ba7bede483a27833273a1af12c5ddacecce61d119ff0d190a04733e1846774395080744d32eaa773fb69d0f3090ba185da18ec837a3c40857e'
]
nonceOffset: 103
nonceOffset before: 103
Generating swaps with params: {
  targetBlockNumber: 10,
  txsPerBundle: 1,
  sendRoute: 1,
  txStrategy: 'univ2',
  profRpcUrl: 'None',
  nonceOffset: 103
}
Generating swaps with params: {}
Current nonce for 0x2c57d1CFC6d5f8E4182a56b4cf75421472eBAEa4: 20
Contract Addresses:
AtomicSwap: 0x6C6340BA1Dc72c59197825cD94EcCC1f9c67416e
UniV2FactoryA: 0xB77d61Ea79c7Ea8bfa03d3604Ce5EaBfb95C2aB2
UniV2FactoryB: 0x154E2238a212Ee4209111D2F3F6351D80e5d74B6
WETH: 0xd676AF79742bCAeb4a71CF62b85d5ba2D1deaf86
DAI addresses: [ '0x1CD4aF4A9bF33474C802d31790A195335f7a9Ab8' ]
[0x2c57d1CFC6d5f8E4182a56b4cf75421472eBAEa4] swapping 0.149345650500384911 WETH for DAI
Nonce calculation debug:
- currentNonce (from getTransactionCount): 20
- nonce.override: 103
- nonce.offset: undefined
- Final nonce value: 123
Sending bundle: [
  '0x02f90176833018247b85012a05f2008512a05f2000830249f0946c6340ba1dc72c59197825cd94eccc1f9c67416e80b901040cc7326300000000000000000000000000000000000000000000000000000000000000a000000000000000000000000000000000000000000000000002129513eed3388f000000000000000000000000154e2238a212ee4209111d2f3f6351d80e5d74b60000000000000000000000002c57d1cfc6d5f8e4182a56b4cf75421472ebaea400000000000000000000000000000000000000000000000000000000000000000000000000000000000000000000000000000000000000000000000000000002000000000000000000000000d676af79742bcaeb4a71cf62b85d5ba2d1deaf860000000000000000000000001cd4af4a9bf33474c802d31790a195335f7a9ab8c001a02ca7c31053404074b5bc4275d0935786f884ed24d7b62c65bb894706c0de4220a06d18f05ceee5d257b85f96e47c3beb10332949cf45124e5077fdec1d9d6f6f2b'
]
nonceOffset: 104
nonceOffset before: 104
Generating swaps with params: {
  targetBlockNumber: 10,
  txsPerBundle: 1,
  sendRoute: 1,
  txStrategy: 'univ2',
  profRpcUrl: 'None',
  nonceOffset: 104
}
Generating swaps with params: {}
Current nonce for 0x2c57d1CFC6d5f8E4182a56b4cf75421472eBAEa4: 20
Contract Addresses:
AtomicSwap: 0x6C6340BA1Dc72c59197825cD94EcCC1f9c67416e
UniV2FactoryA: 0xB77d61Ea79c7Ea8bfa03d3604Ce5EaBfb95C2aB2
UniV2FactoryB: 0x154E2238a212Ee4209111D2F3F6351D80e5d74B6
WETH: 0xd676AF79742bCAeb4a71CF62b85d5ba2D1deaf86
DAI addresses: [ '0x1CD4aF4A9bF33474C802d31790A195335f7a9Ab8' ]
[0x2c57d1CFC6d5f8E4182a56b4cf75421472eBAEa4] swapping 463.0 DAI for WETH
Nonce calculation debug:
- currentNonce (from getTransactionCount): 20
- nonce.override: 104
- nonce.offset: undefined
- Final nonce value: 124
Sending bundle: [
  '0x02f90176833018247c85012a05f2008512a05f2000830249f0946c6340ba1dc72c59197825cd94eccc1f9c67416e80b901040cc7326300000000000000000000000000000000000000000000000000000000000000a0000000000000000000000000000000000000000000000019196a6eebbddc0000000000000000000000000000b77d61ea79c7ea8bfa03d3604ce5eabfb95c2ab20000000000000000000000002c57d1cfc6d5f8e4182a56b4cf75421472ebaea4000000000000000000000000000000000000000000000000000000000000000000000000000000000000000000000000000000000000000000000000000000020000000000000000000000001cd4af4a9bf33474c802d31790a195335f7a9ab8000000000000000000000000d676af79742bcaeb4a71cf62b85d5ba2d1deaf86c001a03dc1e7d5da6f46597c932316280807739b09809344ba10da5a1cd1bd96949904a00a859c720a909351974a683050e1cccd00f0f02633afa75d48330f3473a1406c'
]
nonceOffset: 105
nonceOffset before: 105
Generating swaps with params: {
  targetBlockNumber: 10,
  txsPerBundle: 1,
  sendRoute: 1,
  txStrategy: 'univ2',
  profRpcUrl: 'None',
  nonceOffset: 105
}
Generating swaps with params: {}
Current nonce for 0x2c57d1CFC6d5f8E4182a56b4cf75421472eBAEa4: 20
Contract Addresses:
AtomicSwap: 0x6C6340BA1Dc72c59197825cD94EcCC1f9c67416e
UniV2FactoryA: 0xB77d61Ea79c7Ea8bfa03d3604Ce5EaBfb95C2aB2
UniV2FactoryB: 0x154E2238a212Ee4209111D2F3F6351D80e5d74B6
WETH: 0xd676AF79742bCAeb4a71CF62b85d5ba2D1deaf86
DAI addresses: [ '0x1CD4aF4A9bF33474C802d31790A195335f7a9Ab8' ]
[0x2c57d1CFC6d5f8E4182a56b4cf75421472eBAEa4] swapping 0.342571208622016936 WETH for DAI
Nonce calculation debug:
- currentNonce (from getTransactionCount): 20
- nonce.override: 105
- nonce.offset: undefined
- Final nonce value: 125
Sending bundle: [
  '0x02f90176833018247d85012a05f2008512a05f2000830249f0946c6340ba1dc72c59197825cd94eccc1f9c67416e80b901040cc7326300000000000000000000000000000000000000000000000000000000000000a000000000000000000000000000000000000000000000000004c10eb3003109a8000000000000000000000000154e2238a212ee4209111d2f3f6351d80e5d74b60000000000000000000000002c57d1cfc6d5f8e4182a56b4cf75421472ebaea400000000000000000000000000000000000000000000000000000000000000000000000000000000000000000000000000000000000000000000000000000002000000000000000000000000d676af79742bcaeb4a71cf62b85d5ba2d1deaf860000000000000000000000001cd4af4a9bf33474c802d31790a195335f7a9ab8c001a0a92d6975ec7b556ebd64c1e410a824020654451ac303ebc4ff3ed84d9333a416a06f351d3bdfba5024a3105ef35927f008e89ace063fe4aa56622f6fed8eb87f5e'
]
nonceOffset: 106
nonceOffset before: 106
Generating swaps with params: {
  targetBlockNumber: 10,
  txsPerBundle: 1,
  sendRoute: 1,
  txStrategy: 'univ2',
  profRpcUrl: 'None',
  nonceOffset: 106
}
Generating swaps with params: {}
Current nonce for 0x2c57d1CFC6d5f8E4182a56b4cf75421472eBAEa4: 20
Contract Addresses:
AtomicSwap: 0x6C6340BA1Dc72c59197825cD94EcCC1f9c67416e
UniV2FactoryA: 0xB77d61Ea79c7Ea8bfa03d3604Ce5EaBfb95C2aB2
UniV2FactoryB: 0x154E2238a212Ee4209111D2F3F6351D80e5d74B6
WETH: 0xd676AF79742bCAeb4a71CF62b85d5ba2D1deaf86
DAI addresses: [ '0x1CD4aF4A9bF33474C802d31790A195335f7a9Ab8' ]
[0x2c57d1CFC6d5f8E4182a56b4cf75421472eBAEa4] swapping 996.0 DAI for WETH
Nonce calculation debug:
- currentNonce (from getTransactionCount): 20
- nonce.override: 106
- nonce.offset: undefined
- Final nonce value: 126
Sending bundle: [
  '0x02f90176833018247e85012a05f2008512a05f2000830249f0946c6340ba1dc72c59197825cd94eccc1f9c67416e80b901040cc7326300000000000000000000000000000000000000000000000000000000000000a0000000000000000000000000000000000000000000000035fe46d2f741100000000000000000000000000000b77d61ea79c7ea8bfa03d3604ce5eabfb95c2ab20000000000000000000000002c57d1cfc6d5f8e4182a56b4cf75421472ebaea4000000000000000000000000000000000000000000000000000000000000000000000000000000000000000000000000000000000000000000000000000000020000000000000000000000001cd4af4a9bf33474c802d31790a195335f7a9ab8000000000000000000000000d676af79742bcaeb4a71cf62b85d5ba2d1deaf86c001a05737bcd884d9c01082cec984fd085f9ea27d19bdefb91e8c4db0a3ed5ebb25bba053414c1dea60990fb7ae842c393a037e097aa8abb2f27e57c684b8564e40bd18'
]
nonceOffset: 107
nonceOffset before: 107
Generating swaps with params: {
  targetBlockNumber: 10,
  txsPerBundle: 1,
  sendRoute: 1,
  txStrategy: 'univ2',
  profRpcUrl: 'None',
  nonceOffset: 107
}
Generating swaps with params: {}
Current nonce for 0x2c57d1CFC6d5f8E4182a56b4cf75421472eBAEa4: 20
Contract Addresses:
AtomicSwap: 0x6C6340BA1Dc72c59197825cD94EcCC1f9c67416e
UniV2FactoryA: 0xB77d61Ea79c7Ea8bfa03d3604Ce5EaBfb95C2aB2
UniV2FactoryB: 0x154E2238a212Ee4209111D2F3F6351D80e5d74B6
WETH: 0xd676AF79742bCAeb4a71CF62b85d5ba2D1deaf86
DAI addresses: [ '0x1CD4aF4A9bF33474C802d31790A195335f7a9Ab8' ]
[0x2c57d1CFC6d5f8E4182a56b4cf75421472eBAEa4] swapping 392.0 DAI for WETH
Nonce calculation debug:
- currentNonce (from getTransactionCount): 20
- nonce.override: 107
- nonce.offset: undefined
- Final nonce value: 127
Sending bundle: [
  '0x02f90176833018247f85012a05f2008512a05f2000830249f0946c6340ba1dc72c59197825cd94eccc1f9c67416e80b901040cc7326300000000000000000000000000000000000000000000000000000000000000a00000000000000000000000000000000000000000000000154017c31851200000000000000000000000000000b77d61ea79c7ea8bfa03d3604ce5eabfb95c2ab20000000000000000000000002c57d1cfc6d5f8e4182a56b4cf75421472ebaea4000000000000000000000000000000000000000000000000000000000000000000000000000000000000000000000000000000000000000000000000000000020000000000000000000000001cd4af4a9bf33474c802d31790a195335f7a9ab8000000000000000000000000d676af79742bcaeb4a71cf62b85d5ba2d1deaf86c001a0cc773f60407df43db6634bd60e88983b25a1e765e7ef99f6e8a2cd5c91ad42eaa01b49e8695151feed9ebc2e1d6a95cc8b7de2d2a59ea44247da4545a6229c3901'
]
nonceOffset: 108
nonceOffset before: 108
Generating swaps with params: {
  targetBlockNumber: 10,
  txsPerBundle: 1,
  sendRoute: 1,
  txStrategy: 'univ2',
  profRpcUrl: 'None',
  nonceOffset: 108
}
Generating swaps with params: {}
Current nonce for 0x2c57d1CFC6d5f8E4182a56b4cf75421472eBAEa4: 20
Contract Addresses:
AtomicSwap: 0x6C6340BA1Dc72c59197825cD94EcCC1f9c67416e
UniV2FactoryA: 0xB77d61Ea79c7Ea8bfa03d3604Ce5EaBfb95C2aB2
UniV2FactoryB: 0x154E2238a212Ee4209111D2F3F6351D80e5d74B6
WETH: 0xd676AF79742bCAeb4a71CF62b85d5ba2D1deaf86
DAI addresses: [ '0x1CD4aF4A9bF33474C802d31790A195335f7a9Ab8' ]
[0x2c57d1CFC6d5f8E4182a56b4cf75421472eBAEa4] swapping 0.638183217859892224 WETH for DAI
Nonce calculation debug:
- currentNonce (from getTransactionCount): 20
- nonce.override: 108
- nonce.offset: undefined
- Final nonce value: 128
Sending bundle: [
  '0x02f9017783301824818085012a05f2008512a05f2000830249f0946c6340ba1dc72c59197825cd94eccc1f9c67416e80b901040cc7326300000000000000000000000000000000000000000000000000000000000000a000000000000000000000000000000000000000000000000008db484162279400000000000000000000000000b77d61ea79c7ea8bfa03d3604ce5eabfb95c2ab20000000000000000000000002c57d1cfc6d5f8e4182a56b4cf75421472ebaea400000000000000000000000000000000000000000000000000000000000000000000000000000000000000000000000000000000000000000000000000000002000000000000000000000000d676af79742bcaeb4a71cf62b85d5ba2d1deaf860000000000000000000000001cd4af4a9bf33474c802d31790a195335f7a9ab8c080a0b836f88acf260db177ffc9a9bdab06912372e6b0ba5ed6675dbc424936217db5a07513ec6f3f9c690099e4989cd0154dec46333f609d47f828be6bbf922f9821bc'
]
nonceOffset: 109
nonceOffset before: 109
Generating swaps with params: {
  targetBlockNumber: 10,
  txsPerBundle: 1,
  sendRoute: 1,
  txStrategy: 'univ2',
  profRpcUrl: 'None',
  nonceOffset: 109
}
Generating swaps with params: {}
Current nonce for 0x2c57d1CFC6d5f8E4182a56b4cf75421472eBAEa4: 20
Contract Addresses:
AtomicSwap: 0x6C6340BA1Dc72c59197825cD94EcCC1f9c67416e
UniV2FactoryA: 0xB77d61Ea79c7Ea8bfa03d3604Ce5EaBfb95C2aB2
UniV2FactoryB: 0x154E2238a212Ee4209111D2F3F6351D80e5d74B6
WETH: 0xd676AF79742bCAeb4a71CF62b85d5ba2D1deaf86
DAI addresses: [ '0x1CD4aF4A9bF33474C802d31790A195335f7a9Ab8' ]
[0x2c57d1CFC6d5f8E4182a56b4cf75421472eBAEa4] swapping 1081.0 DAI for WETH
Nonce calculation debug:
- currentNonce (from getTransactionCount): 20
- nonce.override: 109
- nonce.offset: undefined
- Final nonce value: 129
Sending bundle: [
  '0x02f9017783301824818185012a05f2008512a05f2000830249f0946c6340ba1dc72c59197825cd94eccc1f9c67416e80b901040cc7326300000000000000000000000000000000000000000000000000000000000000a000000000000000000000000000000000000000000000003a99e37c9dd5440000000000000000000000000000154e2238a212ee4209111d2f3f6351d80e5d74b60000000000000000000000002c57d1cfc6d5f8e4182a56b4cf75421472ebaea4000000000000000000000000000000000000000000000000000000000000000000000000000000000000000000000000000000000000000000000000000000020000000000000000000000001cd4af4a9bf33474c802d31790a195335f7a9ab8000000000000000000000000d676af79742bcaeb4a71cf62b85d5ba2d1deaf86c001a0a9bb86fb1f9ae2977ccdf8208058239df05e3f31dc7559b7f8a8c52757b75044a002e4ac36b18b1ad65530e3b5d6be509a84ae0c35652f04c76b86d164cb919214'
]
nonceOffset: 110
nonceOffset before: 110
Generating swaps with params: {
  targetBlockNumber: 10,
  txsPerBundle: 1,
  sendRoute: 1,
  txStrategy: 'univ2',
  profRpcUrl: 'None',
  nonceOffset: 110
}
Generating swaps with params: {}
Current nonce for 0x2c57d1CFC6d5f8E4182a56b4cf75421472eBAEa4: 20
Contract Addresses:
AtomicSwap: 0x6C6340BA1Dc72c59197825cD94EcCC1f9c67416e
UniV2FactoryA: 0xB77d61Ea79c7Ea8bfa03d3604Ce5EaBfb95C2aB2
UniV2FactoryB: 0x154E2238a212Ee4209111D2F3F6351D80e5d74B6
WETH: 0xd676AF79742bCAeb4a71CF62b85d5ba2D1deaf86
DAI addresses: [ '0x1CD4aF4A9bF33474C802d31790A195335f7a9Ab8' ]
[0x2c57d1CFC6d5f8E4182a56b4cf75421472eBAEa4] swapping 0.596302003081664098 WETH for DAI
Nonce calculation debug:
- currentNonce (from getTransactionCount): 20
- nonce.override: 110
- nonce.offset: undefined
- Final nonce value: 130
Sending bundle: [
  '0x02f9017783301824818285012a05f2008512a05f2000830249f0946c6340ba1dc72c59197825cd94eccc1f9c67416e80b901040cc7326300000000000000000000000000000000000000000000000000000000000000a000000000000000000000000000000000000000000000000008467d8330895662000000000000000000000000154e2238a212ee4209111d2f3f6351d80e5d74b60000000000000000000000002c57d1cfc6d5f8e4182a56b4cf75421472ebaea400000000000000000000000000000000000000000000000000000000000000000000000000000000000000000000000000000000000000000000000000000002000000000000000000000000d676af79742bcaeb4a71cf62b85d5ba2d1deaf860000000000000000000000001cd4af4a9bf33474c802d31790a195335f7a9ab8c080a0c7313c294ab7e943dcec6aed7973b1d52e5904efa0a3e997216c42cc679f6e9da05b504154090db5895b9d209decd685fea0e7f310869cb217bcdb4f90d78f462f'
]
nonceOffset: 111
nonceOffset before: 111
Generating swaps with params: {
  targetBlockNumber: 10,
  txsPerBundle: 1,
  sendRoute: 1,
  txStrategy: 'univ2',
  profRpcUrl: 'None',
  nonceOffset: 111
}
Generating swaps with params: {}
Current nonce for 0x2c57d1CFC6d5f8E4182a56b4cf75421472eBAEa4: 20
Contract Addresses:
AtomicSwap: 0x6C6340BA1Dc72c59197825cD94EcCC1f9c67416e
UniV2FactoryA: 0xB77d61Ea79c7Ea8bfa03d3604Ce5EaBfb95C2aB2
UniV2FactoryB: 0x154E2238a212Ee4209111D2F3F6351D80e5d74B6
WETH: 0xd676AF79742bCAeb4a71CF62b85d5ba2D1deaf86
DAI addresses: [ '0x1CD4aF4A9bF33474C802d31790A195335f7a9Ab8' ]
[0x2c57d1CFC6d5f8E4182a56b4cf75421472eBAEa4] swapping 438.0 DAI for WETH
Nonce calculation debug:
- currentNonce (from getTransactionCount): 20
- nonce.override: 111
- nonce.offset: undefined
- Final nonce value: 131
Sending bundle: [
  '0x02f9017783301824818385012a05f2008512a05f2000830249f0946c6340ba1dc72c59197825cd94eccc1f9c67416e80b901040cc7326300000000000000000000000000000000000000000000000000000000000000a0000000000000000000000000000000000000000000000017be78976065180000000000000000000000000000b77d61ea79c7ea8bfa03d3604ce5eabfb95c2ab20000000000000000000000002c57d1cfc6d5f8e4182a56b4cf75421472ebaea4000000000000000000000000000000000000000000000000000000000000000000000000000000000000000000000000000000000000000000000000000000020000000000000000000000001cd4af4a9bf33474c802d31790a195335f7a9ab8000000000000000000000000d676af79742bcaeb4a71cf62b85d5ba2d1deaf86c080a08631fb5c8065d94d751dc92afdb7ce6813ce2ef99f0778f2c8264614a54ffccba07948c4b74cd591630ec433c482be7f207379a2cd7cacb090d2eeac3a68ac18fa'
]
nonceOffset: 112
nonceOffset before: 112
Generating swaps with params: {
  targetBlockNumber: 10,
  txsPerBundle: 1,
  sendRoute: 1,
  txStrategy: 'univ2',
  profRpcUrl: 'None',
  nonceOffset: 112
}
Generating swaps with params: {}
Current nonce for 0x2c57d1CFC6d5f8E4182a56b4cf75421472eBAEa4: 20
Contract Addresses:
AtomicSwap: 0x6C6340BA1Dc72c59197825cD94EcCC1f9c67416e
UniV2FactoryA: 0xB77d61Ea79c7Ea8bfa03d3604Ce5EaBfb95C2aB2
UniV2FactoryB: 0x154E2238a212Ee4209111D2F3F6351D80e5d74B6
WETH: 0xd676AF79742bCAeb4a71CF62b85d5ba2D1deaf86
DAI addresses: [ '0x1CD4aF4A9bF33474C802d31790A195335f7a9Ab8' ]
[0x2c57d1CFC6d5f8E4182a56b4cf75421472eBAEa4] swapping 475.0 DAI for WETH
Nonce calculation debug:
- currentNonce (from getTransactionCount): 20
- nonce.override: 112
- nonce.offset: undefined
- Final nonce value: 132
Sending bundle: [
  '0x02f9017783301824818485012a05f2008512a05f2000830249f0946c6340ba1dc72c59197825cd94eccc1f9c67416e80b901040cc7326300000000000000000000000000000000000000000000000000000000000000a0000000000000000000000000000000000000000000000019bff2ff57968c0000000000000000000000000000154e2238a212ee4209111d2f3f6351d80e5d74b60000000000000000000000002c57d1cfc6d5f8e4182a56b4cf75421472ebaea4000000000000000000000000000000000000000000000000000000000000000000000000000000000000000000000000000000000000000000000000000000020000000000000000000000001cd4af4a9bf33474c802d31790a195335f7a9ab8000000000000000000000000d676af79742bcaeb4a71cf62b85d5ba2d1deaf86c080a0c86faf1b6c8fd32bae76b0ffbcd78b69ddc47b8dc1ee09604fda13890d8bb812a01438238552ac6595c7627a2a9acae48af1a946d902f0f9cb53341bb099539ed6'
]
nonceOffset: 113
nonceOffset before: 113
Generating swaps with params: {
  targetBlockNumber: 10,
  txsPerBundle: 1,
  sendRoute: 1,
  txStrategy: 'univ2',
  profRpcUrl: 'None',
  nonceOffset: 113
}
Generating swaps with params: {}
Current nonce for 0x2c57d1CFC6d5f8E4182a56b4cf75421472eBAEa4: 20
Contract Addresses:
AtomicSwap: 0x6C6340BA1Dc72c59197825cD94EcCC1f9c67416e
UniV2FactoryA: 0xB77d61Ea79c7Ea8bfa03d3604Ce5EaBfb95C2aB2
UniV2FactoryB: 0x154E2238a212Ee4209111D2F3F6351D80e5d74B6
WETH: 0xd676AF79742bCAeb4a71CF62b85d5ba2D1deaf86
DAI addresses: [ '0x1CD4aF4A9bF33474C802d31790A195335f7a9Ab8' ]
[0x2c57d1CFC6d5f8E4182a56b4cf75421472eBAEa4] swapping 1030.0 DAI for WETH
Nonce calculation debug:
- currentNonce (from getTransactionCount): 20
- nonce.override: 113
- nonce.offset: undefined
- Final nonce value: 133
Sending bundle: [
  '0x02f9017783301824818585012a05f2008512a05f2000830249f0946c6340ba1dc72c59197825cd94eccc1f9c67416e80b901040cc7326300000000000000000000000000000000000000000000000000000000000000a0000000000000000000000000000000000000000000000037d61f16d37c580000000000000000000000000000154e2238a212ee4209111d2f3f6351d80e5d74b60000000000000000000000002c57d1cfc6d5f8e4182a56b4cf75421472ebaea4000000000000000000000000000000000000000000000000000000000000000000000000000000000000000000000000000000000000000000000000000000020000000000000000000000001cd4af4a9bf33474c802d31790a195335f7a9ab8000000000000000000000000d676af79742bcaeb4a71cf62b85d5ba2d1deaf86c080a03042054b4ef773ea6538584d4f48b16449cdac9e208cfc22729c2c5c3fd98768a00e485c88c646ea0c0cb20192dfd37e429bbf177e4b9cb2b88924a6c372c8f3cd'
]
nonceOffset: 114
nonceOffset before: 114
Generating swaps with params: {
  targetBlockNumber: 10,
  txsPerBundle: 1,
  sendRoute: 1,
  txStrategy: 'univ2',
  profRpcUrl: 'None',
  nonceOffset: 114
}
Generating swaps with params: {}
Current nonce for 0x2c57d1CFC6d5f8E4182a56b4cf75421472eBAEa4: 20
Contract Addresses:
AtomicSwap: 0x6C6340BA1Dc72c59197825cD94EcCC1f9c67416e
UniV2FactoryA: 0xB77d61Ea79c7Ea8bfa03d3604Ce5EaBfb95C2aB2
UniV2FactoryB: 0x154E2238a212Ee4209111D2F3F6351D80e5d74B6
WETH: 0xd676AF79742bCAeb4a71CF62b85d5ba2D1deaf86
DAI addresses: [ '0x1CD4aF4A9bF33474C802d31790A195335f7a9Ab8' ]
[0x2c57d1CFC6d5f8E4182a56b4cf75421472eBAEa4] swapping 0.491147036181678214 WETH for DAI
Nonce calculation debug:
- currentNonce (from getTransactionCount): 20
- nonce.override: 114
- nonce.offset: undefined
- Final nonce value: 134
Sending bundle: [
  '0x02f9017783301824818685012a05f2008512a05f2000830249f0946c6340ba1dc72c59197825cd94eccc1f9c67416e80b901040cc7326300000000000000000000000000000000000000000000000000000000000000a000000000000000000000000000000000000000000000000006d0e7a090184886000000000000000000000000b77d61ea79c7ea8bfa03d3604ce5eabfb95c2ab20000000000000000000000002c57d1cfc6d5f8e4182a56b4cf75421472ebaea400000000000000000000000000000000000000000000000000000000000000000000000000000000000000000000000000000000000000000000000000000002000000000000000000000000d676af79742bcaeb4a71cf62b85d5ba2d1deaf860000000000000000000000001cd4af4a9bf33474c802d31790a195335f7a9ab8c080a0f085ed7e7f8cb3205eb626e5c0f9f48ac146498d3437e09c1121dc7ab473c787a07732608106ae825b9f8d18c06bf87dae3f03aed83e95d2430d5b938280a6376e'
]
nonceOffset: 115
nonceOffset before: 115
Generating swaps with params: {
  targetBlockNumber: 10,
  txsPerBundle: 1,
  sendRoute: 1,
  txStrategy: 'univ2',
  profRpcUrl: 'None',
  nonceOffset: 115
}
Generating swaps with params: {}
Current nonce for 0x2c57d1CFC6d5f8E4182a56b4cf75421472eBAEa4: 20
Contract Addresses:
AtomicSwap: 0x6C6340BA1Dc72c59197825cD94EcCC1f9c67416e
UniV2FactoryA: 0xB77d61Ea79c7Ea8bfa03d3604Ce5EaBfb95C2aB2
UniV2FactoryB: 0x154E2238a212Ee4209111D2F3F6351D80e5d74B6
WETH: 0xd676AF79742bCAeb4a71CF62b85d5ba2D1deaf86
DAI addresses: [ '0x1CD4aF4A9bF33474C802d31790A195335f7a9Ab8' ]
[0x2c57d1CFC6d5f8E4182a56b4cf75421472eBAEa4] swapping 0.110769230769230769 WETH for DAI
Nonce calculation debug:
- currentNonce (from getTransactionCount): 20
- nonce.override: 115
- nonce.offset: undefined
- Final nonce value: 135
Sending bundle: [
  '0x02f9017783301824818785012a05f2008512a05f2000830249f0946c6340ba1dc72c59197825cd94eccc1f9c67416e80b901040cc7326300000000000000000000000000000000000000000000000000000000000000a0000000000000000000000000000000000000000000000000018988074c0b13b1000000000000000000000000b77d61ea79c7ea8bfa03d3604ce5eabfb95c2ab20000000000000000000000002c57d1cfc6d5f8e4182a56b4cf75421472ebaea400000000000000000000000000000000000000000000000000000000000000000000000000000000000000000000000000000000000000000000000000000002000000000000000000000000d676af79742bcaeb4a71cf62b85d5ba2d1deaf860000000000000000000000001cd4af4a9bf33474c802d31790a195335f7a9ab8c001a006ebb649cf3c7ac6061779316b359ff07ecb31b6a4fb501aa3d118541789778ca06a2f555c2406cd9f89df9f294476afd25867347903e4b0e25d11f5efe5ef9936'
]
nonceOffset: 116
nonceOffset before: 116
Generating swaps with params: {
  targetBlockNumber: 10,
  txsPerBundle: 1,
  sendRoute: 1,
  txStrategy: 'univ2',
  profRpcUrl: 'None',
  nonceOffset: 116
}
Generating swaps with params: {}
Current nonce for 0x2c57d1CFC6d5f8E4182a56b4cf75421472eBAEa4: 20
Contract Addresses:
AtomicSwap: 0x6C6340BA1Dc72c59197825cD94EcCC1f9c67416e
UniV2FactoryA: 0xB77d61Ea79c7Ea8bfa03d3604Ce5EaBfb95C2aB2
UniV2FactoryB: 0x154E2238a212Ee4209111D2F3F6351D80e5d74B6
WETH: 0xd676AF79742bCAeb4a71CF62b85d5ba2D1deaf86
DAI addresses: [ '0x1CD4aF4A9bF33474C802d31790A195335f7a9Ab8' ]
[0x2c57d1CFC6d5f8E4182a56b4cf75421472eBAEa4] swapping 0.654349499615088529 WETH for DAI
Nonce calculation debug:
- currentNonce (from getTransactionCount): 20
- nonce.override: 116
- nonce.offset: undefined
- Final nonce value: 136
Sending bundle: [
  '0x02f9017783301824818885012a05f2008512a05f2000830249f0946c6340ba1dc72c59197825cd94eccc1f9c67416e80b901040cc7326300000000000000000000000000000000000000000000000000000000000000a00000000000000000000000000000000000000000000000000914b7672b830f91000000000000000000000000b77d61ea79c7ea8bfa03d3604ce5eabfb95c2ab20000000000000000000000002c57d1cfc6d5f8e4182a56b4cf75421472ebaea400000000000000000000000000000000000000000000000000000000000000000000000000000000000000000000000000000000000000000000000000000002000000000000000000000000d676af79742bcaeb4a71cf62b85d5ba2d1deaf860000000000000000000000001cd4af4a9bf33474c802d31790a195335f7a9ab8c001a073bf420d2bfdd20ce5f99194047018602f34eda21796e70de97de76f7f3407f8a042cb7eb4adba4d332958143f16925f337c01ed66e1011d5d71f6979daec671f1'
]
nonceOffset: 117
nonceOffset before: 117
Generating swaps with params: {
  targetBlockNumber: 10,
  txsPerBundle: 1,
  sendRoute: 1,
  txStrategy: 'univ2',
  profRpcUrl: 'None',
  nonceOffset: 117
}
Generating swaps with params: {}
Current nonce for 0x2c57d1CFC6d5f8E4182a56b4cf75421472eBAEa4: 20
Contract Addresses:
AtomicSwap: 0x6C6340BA1Dc72c59197825cD94EcCC1f9c67416e
UniV2FactoryA: 0xB77d61Ea79c7Ea8bfa03d3604Ce5EaBfb95C2aB2
UniV2FactoryB: 0x154E2238a212Ee4209111D2F3F6351D80e5d74B6
WETH: 0xd676AF79742bCAeb4a71CF62b85d5ba2D1deaf86
DAI addresses: [ '0x1CD4aF4A9bF33474C802d31790A195335f7a9Ab8' ]
[0x2c57d1CFC6d5f8E4182a56b4cf75421472eBAEa4] swapping 0.360277136258660508 WETH for DAI
Nonce calculation debug:
- currentNonce (from getTransactionCount): 20
- nonce.override: 117
- nonce.offset: undefined
- Final nonce value: 137
Sending bundle: [
  '0x02f9017783301824818985012a05f2008512a05f2000830249f0946c6340ba1dc72c59197825cd94eccc1f9c67416e80b901040cc7326300000000000000000000000000000000000000000000000000000000000000a000000000000000000000000000000000000000000000000004fff6258764789c000000000000000000000000154e2238a212ee4209111d2f3f6351d80e5d74b60000000000000000000000002c57d1cfc6d5f8e4182a56b4cf75421472ebaea400000000000000000000000000000000000000000000000000000000000000000000000000000000000000000000000000000000000000000000000000000002000000000000000000000000d676af79742bcaeb4a71cf62b85d5ba2d1deaf860000000000000000000000001cd4af4a9bf33474c802d31790a195335f7a9ab8c080a0fd7f644b05a76f09b75c511c2aac2e7926f66909135d208b011fb3ebcba66707a00e5c9fbeed66246fa89b61046d734295bbff58984bf610c39380faa76b354c49'
]
nonceOffset: 118
nonceOffset before: 118
Generating swaps with params: {
  targetBlockNumber: 10,
  txsPerBundle: 1,
  sendRoute: 1,
  txStrategy: 'univ2',
  profRpcUrl: 'None',
  nonceOffset: 118
}
Generating swaps with params: {}
Current nonce for 0x2c57d1CFC6d5f8E4182a56b4cf75421472eBAEa4: 20
Contract Addresses:
AtomicSwap: 0x6C6340BA1Dc72c59197825cD94EcCC1f9c67416e
UniV2FactoryA: 0xB77d61Ea79c7Ea8bfa03d3604Ce5EaBfb95C2aB2
UniV2FactoryB: 0x154E2238a212Ee4209111D2F3F6351D80e5d74B6
WETH: 0xd676AF79742bCAeb4a71CF62b85d5ba2D1deaf86
DAI addresses: [ '0x1CD4aF4A9bF33474C802d31790A195335f7a9Ab8' ]
[0x2c57d1CFC6d5f8E4182a56b4cf75421472eBAEa4] swapping 0.31923076923076923 WETH for DAI
Nonce calculation debug:
- currentNonce (from getTransactionCount): 20
- nonce.override: 118
- nonce.offset: undefined
- Final nonce value: 138
Sending bundle: [
  '0x02f9017783301824818a85012a05f2008512a05f2000830249f0946c6340ba1dc72c59197825cd94eccc1f9c67416e80b901040cc7326300000000000000000000000000000000000000000000000000000000000000a0000000000000000000000000000000000000000000000000046e22b1795fec4e000000000000000000000000b77d61ea79c7ea8bfa03d3604ce5eabfb95c2ab20000000000000000000000002c57d1cfc6d5f8e4182a56b4cf75421472ebaea400000000000000000000000000000000000000000000000000000000000000000000000000000000000000000000000000000000000000000000000000000002000000000000000000000000d676af79742bcaeb4a71cf62b85d5ba2d1deaf860000000000000000000000001cd4af4a9bf33474c802d31790a195335f7a9ab8c001a0edce27fbc44a0d345e96e266e02e1eb3ab7943ab8f8df6a0a122856df13d89cba07dc0c3769638012bef96378180f8671dc7da72035f4248a896e7d415dc706fd4'
]
nonceOffset: 119
nonceOffset before: 119
Generating swaps with params: {
  targetBlockNumber: 10,
  txsPerBundle: 1,
  sendRoute: 1,
  txStrategy: 'univ2',
  profRpcUrl: 'None',
  nonceOffset: 119
}
Generating swaps with params: {}
Current nonce for 0x2c57d1CFC6d5f8E4182a56b4cf75421472eBAEa4: 20
Contract Addresses:
AtomicSwap: 0x6C6340BA1Dc72c59197825cD94EcCC1f9c67416e
UniV2FactoryA: 0xB77d61Ea79c7Ea8bfa03d3604Ce5EaBfb95C2aB2
UniV2FactoryB: 0x154E2238a212Ee4209111D2F3F6351D80e5d74B6
WETH: 0xd676AF79742bCAeb4a71CF62b85d5ba2D1deaf86
DAI addresses: [ '0x1CD4aF4A9bF33474C802d31790A195335f7a9Ab8' ]
[0x2c57d1CFC6d5f8E4182a56b4cf75421472eBAEa4] swapping 933.0 DAI for WETH
Nonce calculation debug:
- currentNonce (from getTransactionCount): 20
- nonce.override: 119
- nonce.offset: undefined
- Final nonce value: 139
Sending bundle: [
  '0x02f9017783301824818b85012a05f2008512a05f2000830249f0946c6340ba1dc72c59197825cd94eccc1f9c67416e80b901040cc7326300000000000000000000000000000000000000000000000000000000000000a000000000000000000000000000000000000000000000003293f9dcc10f740000000000000000000000000000b77d61ea79c7ea8bfa03d3604ce5eabfb95c2ab20000000000000000000000002c57d1cfc6d5f8e4182a56b4cf75421472ebaea4000000000000000000000000000000000000000000000000000000000000000000000000000000000000000000000000000000000000000000000000000000020000000000000000000000001cd4af4a9bf33474c802d31790a195335f7a9ab8000000000000000000000000d676af79742bcaeb4a71cf62b85d5ba2d1deaf86c080a02b6f933a69c2ca49f9a28122a805d41c771360bdefbe78092e039c355a3292e0a068bd2cc9a6286b37817c4ed02a9f922dae40026941935fd9ff28965059b42ef4'
]
nonceOffset: 120
nonceOffset before: 120
Generating swaps with params: {
  targetBlockNumber: 10,
  txsPerBundle: 1,
  sendRoute: 1,
  txStrategy: 'univ2',
  profRpcUrl: 'None',
  nonceOffset: 120
}
Generating swaps with params: {}
Current nonce for 0x2c57d1CFC6d5f8E4182a56b4cf75421472eBAEa4: 20
Contract Addresses:
AtomicSwap: 0x6C6340BA1Dc72c59197825cD94EcCC1f9c67416e
UniV2FactoryA: 0xB77d61Ea79c7Ea8bfa03d3604Ce5EaBfb95C2aB2
UniV2FactoryB: 0x154E2238a212Ee4209111D2F3F6351D80e5d74B6
WETH: 0xd676AF79742bCAeb4a71CF62b85d5ba2D1deaf86
DAI addresses: [ '0x1CD4aF4A9bF33474C802d31790A195335f7a9Ab8' ]
[0x2c57d1CFC6d5f8E4182a56b4cf75421472eBAEa4] swapping 245.0 DAI for WETH
Nonce calculation debug:
- currentNonce (from getTransactionCount): 20
- nonce.override: 120
- nonce.offset: undefined
- Final nonce value: 140
Sending bundle: [
  '0x02f9017783301824818c85012a05f2008512a05f2000830249f0946c6340ba1dc72c59197825cd94eccc1f9c67416e80b901040cc7326300000000000000000000000000000000000000000000000000000000000000a000000000000000000000000000000000000000000000000d480ed9ef32b40000000000000000000000000000154e2238a212ee4209111d2f3f6351d80e5d74b60000000000000000000000002c57d1cfc6d5f8e4182a56b4cf75421472ebaea4000000000000000000000000000000000000000000000000000000000000000000000000000000000000000000000000000000000000000000000000000000020000000000000000000000001cd4af4a9bf33474c802d31790a195335f7a9ab8000000000000000000000000d676af79742bcaeb4a71cf62b85d5ba2d1deaf86c001a0dbfe6756b7300f2636c861e84356cd6c72225c1cfef24b7a92945c19e160f9c9a03044a324bea23c577a1c8ce0286d2d151fae7f81d33ec23f209000b446b0d3ea'
]
nonceOffset: 121
nonceOffset before: 121
Generating swaps with params: {
  targetBlockNumber: 10,
  txsPerBundle: 1,
  sendRoute: 1,
  txStrategy: 'univ2',
  profRpcUrl: 'None',
  nonceOffset: 121
}
Generating swaps with params: {}
Current nonce for 0x2c57d1CFC6d5f8E4182a56b4cf75421472eBAEa4: 20
Contract Addresses:
AtomicSwap: 0x6C6340BA1Dc72c59197825cD94EcCC1f9c67416e
UniV2FactoryA: 0xB77d61Ea79c7Ea8bfa03d3604Ce5EaBfb95C2aB2
UniV2FactoryB: 0x154E2238a212Ee4209111D2F3F6351D80e5d74B6
WETH: 0xd676AF79742bCAeb4a71CF62b85d5ba2D1deaf86
DAI addresses: [ '0x1CD4aF4A9bF33474C802d31790A195335f7a9Ab8' ]
[0x2c57d1CFC6d5f8E4182a56b4cf75421472eBAEa4] swapping 916.0 DAI for WETH
Nonce calculation debug:
- currentNonce (from getTransactionCount): 20
- nonce.override: 121
- nonce.offset: undefined
- Final nonce value: 141
Sending bundle: [
  '0x02f9017783301824818d85012a05f2008512a05f2000830249f0946c6340ba1dc72c59197825cd94eccc1f9c67416e80b901040cc7326300000000000000000000000000000000000000000000000000000000000000a0000000000000000000000000000000000000000000000031a80dbad2f1d00000000000000000000000000000b77d61ea79c7ea8bfa03d3604ce5eabfb95c2ab20000000000000000000000002c57d1cfc6d5f8e4182a56b4cf75421472ebaea4000000000000000000000000000000000000000000000000000000000000000000000000000000000000000000000000000000000000000000000000000000020000000000000000000000001cd4af4a9bf33474c802d31790a195335f7a9ab8000000000000000000000000d676af79742bcaeb4a71cf62b85d5ba2d1deaf86c001a02fee744f1796eecd09f9dd9049238cb6b145a451d5f31068d2eaf93517a9548ca034a009935a9fd68d97b3051b91c2f423fe6128f45c1a099eff3ffb033490c317'
]
nonceOffset: 122
nonceOffset before: 122
Generating swaps with params: {
  targetBlockNumber: 10,
  txsPerBundle: 1,
  sendRoute: 1,
  txStrategy: 'univ2',
  profRpcUrl: 'None',
  nonceOffset: 122
}
Generating swaps with params: {}
Current nonce for 0x2c57d1CFC6d5f8E4182a56b4cf75421472eBAEa4: 20
Contract Addresses:
AtomicSwap: 0x6C6340BA1Dc72c59197825cD94EcCC1f9c67416e
UniV2FactoryA: 0xB77d61Ea79c7Ea8bfa03d3604Ce5EaBfb95C2aB2
UniV2FactoryB: 0x154E2238a212Ee4209111D2F3F6351D80e5d74B6
WETH: 0xd676AF79742bCAeb4a71CF62b85d5ba2D1deaf86
DAI addresses: [ '0x1CD4aF4A9bF33474C802d31790A195335f7a9Ab8' ]
[0x2c57d1CFC6d5f8E4182a56b4cf75421472eBAEa4] swapping 0.768875192604006163 WETH for DAI
Nonce calculation debug:
- currentNonce (from getTransactionCount): 20
- nonce.override: 122
- nonce.offset: undefined
- Final nonce value: 142
Sending bundle: [
  '0x02f9017783301824818e85012a05f2008512a05f2000830249f0946c6340ba1dc72c59197825cd94eccc1f9c67416e80b901040cc7326300000000000000000000000000000000000000000000000000000000000000a00000000000000000000000000000000000000000000000000aab97e9fbc59713000000000000000000000000154e2238a212ee4209111d2f3f6351d80e5d74b60000000000000000000000002c57d1cfc6d5f8e4182a56b4cf75421472ebaea400000000000000000000000000000000000000000000000000000000000000000000000000000000000000000000000000000000000000000000000000000002000000000000000000000000d676af79742bcaeb4a71cf62b85d5ba2d1deaf860000000000000000000000001cd4af4a9bf33474c802d31790a195335f7a9ab8c001a0b4d5e8d6392b28889d02dadd544435e42d4bdc8c1e58190adfd09cea4b2fdd01a03082db76f3c1c96192cedf445da6c36ca3fb8b6c73887f8260ab1564870d0b4f'
]
nonceOffset: 123
nonceOffset before: 123
Generating swaps with params: {
  targetBlockNumber: 10,
  txsPerBundle: 1,
  sendRoute: 1,
  txStrategy: 'univ2',
  profRpcUrl: 'None',
  nonceOffset: 123
}
Generating swaps with params: {}
Current nonce for 0x2c57d1CFC6d5f8E4182a56b4cf75421472eBAEa4: 20
Contract Addresses:
AtomicSwap: 0x6C6340BA1Dc72c59197825cD94EcCC1f9c67416e
UniV2FactoryA: 0xB77d61Ea79c7Ea8bfa03d3604Ce5EaBfb95C2aB2
UniV2FactoryB: 0x154E2238a212Ee4209111D2F3F6351D80e5d74B6
WETH: 0xd676AF79742bCAeb4a71CF62b85d5ba2D1deaf86
DAI addresses: [ '0x1CD4aF4A9bF33474C802d31790A195335f7a9Ab8' ]
[0x2c57d1CFC6d5f8E4182a56b4cf75421472eBAEa4] swapping 795.0 DAI for WETH
Nonce calculation debug:
- currentNonce (from getTransactionCount): 20
- nonce.override: 123
- nonce.offset: undefined
- Final nonce value: 143
Sending bundle: [
  '0x02f9017783301824818f85012a05f2008512a05f2000830249f0946c6340ba1dc72c59197825cd94eccc1f9c67416e80b901040cc7326300000000000000000000000000000000000000000000000000000000000000a000000000000000000000000000000000000000000000002b18d75fe8d38c0000000000000000000000000000b77d61ea79c7ea8bfa03d3604ce5eabfb95c2ab20000000000000000000000002c57d1cfc6d5f8e4182a56b4cf75421472ebaea4000000000000000000000000000000000000000000000000000000000000000000000000000000000000000000000000000000000000000000000000000000020000000000000000000000001cd4af4a9bf33474c802d31790a195335f7a9ab8000000000000000000000000d676af79742bcaeb4a71cf62b85d5ba2d1deaf86c080a0a45656d846d594fd9261c637a0344dbe1b20982d3750e4b79dfd1c0250f15afba01f9e81761f9f0c840e91a370b1bb546329f5a2c765163409534153e239e2d5d0'
]
nonceOffset: 124
nonceOffset before: 124
Generating swaps with params: {
  targetBlockNumber: 10,
  txsPerBundle: 1,
  sendRoute: 1,
  txStrategy: 'univ2',
  profRpcUrl: 'None',
  nonceOffset: 124
}
Generating swaps with params: {}
Current nonce for 0x2c57d1CFC6d5f8E4182a56b4cf75421472eBAEa4: 20
Contract Addresses:
AtomicSwap: 0x6C6340BA1Dc72c59197825cD94EcCC1f9c67416e
UniV2FactoryA: 0xB77d61Ea79c7Ea8bfa03d3604Ce5EaBfb95C2aB2
UniV2FactoryB: 0x154E2238a212Ee4209111D2F3F6351D80e5d74B6
WETH: 0xd676AF79742bCAeb4a71CF62b85d5ba2D1deaf86
DAI addresses: [ '0x1CD4aF4A9bF33474C802d31790A195335f7a9Ab8' ]
[0x2c57d1CFC6d5f8E4182a56b4cf75421472eBAEa4] swapping 0.209391839876828329 WETH for DAI
Nonce calculation debug:
- currentNonce (from getTransactionCount): 20
- nonce.override: 124
- nonce.offset: undefined
- Final nonce value: 144
Sending bundle: [
  '0x02f9017783301824819085012a05f2008512a05f2000830249f0946c6340ba1dc72c59197825cd94eccc1f9c67416e80b901040cc7326300000000000000000000000000000000000000000000000000000000000000a000000000000000000000000000000000000000000000000002e7e8c4dab94ca9000000000000000000000000154e2238a212ee4209111d2f3f6351d80e5d74b60000000000000000000000002c57d1cfc6d5f8e4182a56b4cf75421472ebaea400000000000000000000000000000000000000000000000000000000000000000000000000000000000000000000000000000000000000000000000000000002000000000000000000000000d676af79742bcaeb4a71cf62b85d5ba2d1deaf860000000000000000000000001cd4af4a9bf33474c802d31790a195335f7a9ab8c080a07d0cb21710f49cdabf8eeae025c2357e734df62cf966acac3c3d6e6e484d23aca01b7002e7d22d9ab31bcabe4300f2aa52f44a5c5ae96ee31d849999213c5365b4'
]
nonceOffset: 125
nonceOffset before: 125
Generating swaps with params: {
  targetBlockNumber: 10,
  txsPerBundle: 1,
  sendRoute: 1,
  txStrategy: 'univ2',
  profRpcUrl: 'None',
  nonceOffset: 125
}
Generating swaps with params: {}
Current nonce for 0x2c57d1CFC6d5f8E4182a56b4cf75421472eBAEa4: 20
Contract Addresses:
AtomicSwap: 0x6C6340BA1Dc72c59197825cD94EcCC1f9c67416e
UniV2FactoryA: 0xB77d61Ea79c7Ea8bfa03d3604Ce5EaBfb95C2aB2
UniV2FactoryB: 0x154E2238a212Ee4209111D2F3F6351D80e5d74B6
WETH: 0xd676AF79742bCAeb4a71CF62b85d5ba2D1deaf86
DAI addresses: [ '0x1CD4aF4A9bF33474C802d31790A195335f7a9Ab8' ]
[0x2c57d1CFC6d5f8E4182a56b4cf75421472eBAEa4] swapping 713.0 DAI for WETH
Nonce calculation debug:
- currentNonce (from getTransactionCount): 20
- nonce.override: 125
- nonce.offset: undefined
- Final nonce value: 145
Sending bundle: [
  '0x02f9017783301824819185012a05f2008512a05f2000830249f0946c6340ba1dc72c59197825cd94eccc1f9c67416e80b901040cc7326300000000000000000000000000000000000000000000000000000000000000a0000000000000000000000000000000000000000000000026a6dcda5d35840000000000000000000000000000154e2238a212ee4209111d2f3f6351d80e5d74b60000000000000000000000002c57d1cfc6d5f8e4182a56b4cf75421472ebaea4000000000000000000000000000000000000000000000000000000000000000000000000000000000000000000000000000000000000000000000000000000020000000000000000000000001cd4af4a9bf33474c802d31790a195335f7a9ab8000000000000000000000000d676af79742bcaeb4a71cf62b85d5ba2d1deaf86c001a0cd1c4f24259a8a59257e44c07cf3093f2b6fcefea85eb6db1083aa003674f989a06187b740fecf0ff7bd5af88e37cae9aa2e84a0076832e9b796e0dfe76848f234'
]
nonceOffset: 126
nonceOffset before: 126
Generating swaps with params: {
  targetBlockNumber: 10,
  txsPerBundle: 1,
  sendRoute: 1,
  txStrategy: 'univ2',
  profRpcUrl: 'None',
  nonceOffset: 126
}
Generating swaps with params: {}
Current nonce for 0x2c57d1CFC6d5f8E4182a56b4cf75421472eBAEa4: 20
Contract Addresses:
AtomicSwap: 0x6C6340BA1Dc72c59197825cD94EcCC1f9c67416e
UniV2FactoryA: 0xB77d61Ea79c7Ea8bfa03d3604Ce5EaBfb95C2aB2
UniV2FactoryB: 0x154E2238a212Ee4209111D2F3F6351D80e5d74B6
WETH: 0xd676AF79742bCAeb4a71CF62b85d5ba2D1deaf86
DAI addresses: [ '0x1CD4aF4A9bF33474C802d31790A195335f7a9Ab8' ]
[0x2c57d1CFC6d5f8E4182a56b4cf75421472eBAEa4] swapping 0.247692307692307692 WETH for DAI
Nonce calculation debug:
- currentNonce (from getTransactionCount): 20
- nonce.override: 126
- nonce.offset: undefined
- Final nonce value: 146
Sending bundle: [
  '0x02f9017783301824819285012a05f2008512a05f2000830249f0946c6340ba1dc72c59197825cd94eccc1f9c67416e80b901040cc7326300000000000000000000000000000000000000000000000000000000000000a0000000000000000000000000000000000000000000000000036ffad76d98c4ec000000000000000000000000b77d61ea79c7ea8bfa03d3604ce5eabfb95c2ab20000000000000000000000002c57d1cfc6d5f8e4182a56b4cf75421472ebaea400000000000000000000000000000000000000000000000000000000000000000000000000000000000000000000000000000000000000000000000000000002000000000000000000000000d676af79742bcaeb4a71cf62b85d5ba2d1deaf860000000000000000000000001cd4af4a9bf33474c802d31790a195335f7a9ab8c001a0e5080e5c64fb3d1cd7a5adc8a6665bd55d7e9dc424857c4f8227fcb125c40b1aa077fcf22fd43c6004ed001e998a94d4a8df6733983d582e42f071e3e063057827'
]
nonceOffset: 127
nonceOffset before: 127
Generating swaps with params: {
  targetBlockNumber: 10,
  txsPerBundle: 1,
  sendRoute: 1,
  txStrategy: 'univ2',
  profRpcUrl: 'None',
  nonceOffset: 127
}
Generating swaps with params: {}
Current nonce for 0x2c57d1CFC6d5f8E4182a56b4cf75421472eBAEa4: 20
Contract Addresses:
AtomicSwap: 0x6C6340BA1Dc72c59197825cD94EcCC1f9c67416e
UniV2FactoryA: 0xB77d61Ea79c7Ea8bfa03d3604Ce5EaBfb95C2aB2
UniV2FactoryB: 0x154E2238a212Ee4209111D2F3F6351D80e5d74B6
WETH: 0xd676AF79742bCAeb4a71CF62b85d5ba2D1deaf86
DAI addresses: [ '0x1CD4aF4A9bF33474C802d31790A195335f7a9Ab8' ]
[0x2c57d1CFC6d5f8E4182a56b4cf75421472eBAEa4] swapping 0.250962278675904541 WETH for DAI
Nonce calculation debug:
- currentNonce (from getTransactionCount): 20
- nonce.override: 127
- nonce.offset: undefined
- Final nonce value: 147
Sending bundle: [
  '0x02f9017783301824819385012a05f2008512a05f2000830249f0946c6340ba1dc72c59197825cd94eccc1f9c67416e80b901040cc7326300000000000000000000000000000000000000000000000000000000000000a0000000000000000000000000000000000000000000000000037b98dce07ff81d000000000000000000000000154e2238a212ee4209111d2f3f6351d80e5d74b60000000000000000000000002c57d1cfc6d5f8e4182a56b4cf75421472ebaea400000000000000000000000000000000000000000000000000000000000000000000000000000000000000000000000000000000000000000000000000000002000000000000000000000000d676af79742bcaeb4a71cf62b85d5ba2d1deaf860000000000000000000000001cd4af4a9bf33474c802d31790a195335f7a9ab8c080a0cfbe0090b8dbe7e958877491f728a41d0f53b2c9fdaa4cdea89b0964fc45726da0737c9b689cef9f9f102515161a74373b4f6b8edfaaa12b358592df3934be0d66'
]
nonceOffset: 128
nonceOffset before: 128
Generating swaps with params: {
  targetBlockNumber: 10,
  txsPerBundle: 1,
  sendRoute: 1,
  txStrategy: 'univ2',
  profRpcUrl: 'None',
  nonceOffset: 128
}
Generating swaps with params: {}
Current nonce for 0x2c57d1CFC6d5f8E4182a56b4cf75421472eBAEa4: 20
Contract Addresses:
AtomicSwap: 0x6C6340BA1Dc72c59197825cD94EcCC1f9c67416e
UniV2FactoryA: 0xB77d61Ea79c7Ea8bfa03d3604Ce5EaBfb95C2aB2
UniV2FactoryB: 0x154E2238a212Ee4209111D2F3F6351D80e5d74B6
WETH: 0xd676AF79742bCAeb4a71CF62b85d5ba2D1deaf86
DAI addresses: [ '0x1CD4aF4A9bF33474C802d31790A195335f7a9Ab8' ]
[0x2c57d1CFC6d5f8E4182a56b4cf75421472eBAEa4] swapping 0.365665896843725943 WETH for DAI
Nonce calculation debug:
- currentNonce (from getTransactionCount): 20
- nonce.override: 128
- nonce.offset: undefined
- Final nonce value: 148
Sending bundle: [
  '0x02f9017783301824819485012a05f2008512a05f2000830249f0946c6340ba1dc72c59197825cd94eccc1f9c67416e80b901040cc7326300000000000000000000000000000000000000000000000000000000000000a000000000000000000000000000000000000000000000000005131b321fd84c77000000000000000000000000154e2238a212ee4209111d2f3f6351d80e5d74b60000000000000000000000002c57d1cfc6d5f8e4182a56b4cf75421472ebaea400000000000000000000000000000000000000000000000000000000000000000000000000000000000000000000000000000000000000000000000000000002000000000000000000000000d676af79742bcaeb4a71cf62b85d5ba2d1deaf860000000000000000000000001cd4af4a9bf33474c802d31790a195335f7a9ab8c080a0e13b7c47d50277d76b7110df6acb50f39ecd869bf6d127f3ecbd21196c9da1ffa03248dfc72f25a2f9f66604c4e18f360e8c5244aa117ed776486bb2d8209e3b5b'
]
nonceOffset: 129
nonceOffset before: 129
Generating swaps with params: {
  targetBlockNumber: 10,
  txsPerBundle: 1,
  sendRoute: 1,
  txStrategy: 'univ2',
  profRpcUrl: 'None',
  nonceOffset: 129
}
Generating swaps with params: {}
Current nonce for 0x2c57d1CFC6d5f8E4182a56b4cf75421472eBAEa4: 20
Contract Addresses:
AtomicSwap: 0x6C6340BA1Dc72c59197825cD94EcCC1f9c67416e
UniV2FactoryA: 0xB77d61Ea79c7Ea8bfa03d3604Ce5EaBfb95C2aB2
UniV2FactoryB: 0x154E2238a212Ee4209111D2F3F6351D80e5d74B6
WETH: 0xd676AF79742bCAeb4a71CF62b85d5ba2D1deaf86
DAI addresses: [ '0x1CD4aF4A9bF33474C802d31790A195335f7a9Ab8' ]
[0x2c57d1CFC6d5f8E4182a56b4cf75421472eBAEa4] swapping 543.0 DAI for WETH
Nonce calculation debug:
- currentNonce (from getTransactionCount): 20
- nonce.override: 129
- nonce.offset: undefined
- Final nonce value: 149
Sending bundle: [
  '0x02f9017783301824819585012a05f2008512a05f2000830249f0946c6340ba1dc72c59197825cd94eccc1f9c67416e80b901040cc7326300000000000000000000000000000000000000000000000000000000000000a000000000000000000000000000000000000000000000001d6fa387100d1c0000000000000000000000000000154e2238a212ee4209111d2f3f6351d80e5d74b60000000000000000000000002c57d1cfc6d5f8e4182a56b4cf75421472ebaea4000000000000000000000000000000000000000000000000000000000000000000000000000000000000000000000000000000000000000000000000000000020000000000000000000000001cd4af4a9bf33474c802d31790a195335f7a9ab8000000000000000000000000d676af79742bcaeb4a71cf62b85d5ba2d1deaf86c080a0d13d17758b109a42f4084cfd805bccc82007879ee741332cb2974bec2bb034d5a0719680203cea13258fa4159f66d12da326a7c0976b50b4316e4bf3fac565293c'
]
nonceOffset: 130
nonceOffset before: 130
Generating swaps with params: {
  targetBlockNumber: 10,
  txsPerBundle: 1,
  sendRoute: 1,
  txStrategy: 'univ2',
  profRpcUrl: 'None',
  nonceOffset: 130
}
Generating swaps with params: {}
Current nonce for 0x2c57d1CFC6d5f8E4182a56b4cf75421472eBAEa4: 20
Contract Addresses:
AtomicSwap: 0x6C6340BA1Dc72c59197825cD94EcCC1f9c67416e
UniV2FactoryA: 0xB77d61Ea79c7Ea8bfa03d3604Ce5EaBfb95C2aB2
UniV2FactoryB: 0x154E2238a212Ee4209111D2F3F6351D80e5d74B6
WETH: 0xd676AF79742bCAeb4a71CF62b85d5ba2D1deaf86
DAI addresses: [ '0x1CD4aF4A9bF33474C802d31790A195335f7a9Ab8' ]
[0x2c57d1CFC6d5f8E4182a56b4cf75421472eBAEa4] swapping 0.768875192604006163 WETH for DAI
Nonce calculation debug:
- currentNonce (from getTransactionCount): 20
- nonce.override: 130
- nonce.offset: undefined
- Final nonce value: 150
Sending bundle: [
  '0x02f9017783301824819685012a05f2008512a05f2000830249f0946c6340ba1dc72c59197825cd94eccc1f9c67416e80b901040cc7326300000000000000000000000000000000000000000000000000000000000000a00000000000000000000000000000000000000000000000000aab97e9fbc59713000000000000000000000000154e2238a212ee4209111d2f3f6351d80e5d74b60000000000000000000000002c57d1cfc6d5f8e4182a56b4cf75421472ebaea400000000000000000000000000000000000000000000000000000000000000000000000000000000000000000000000000000000000000000000000000000002000000000000000000000000d676af79742bcaeb4a71cf62b85d5ba2d1deaf860000000000000000000000001cd4af4a9bf33474c802d31790a195335f7a9ab8c001a0ed2710c51d7e3400b7b8df31a84146b20a21e425a5969aabb4cbaafc707fbc1ba04e6b1012d16cdae76f5c872af2bc4ae6fc8c6f539bc4a974e12f951ae26f724b'
]
nonceOffset: 131
nonceOffset before: 131
Generating swaps with params: {
  targetBlockNumber: 10,
  txsPerBundle: 1,
  sendRoute: 1,
  txStrategy: 'univ2',
  profRpcUrl: 'None',
  nonceOffset: 131
}
Generating swaps with params: {}
Current nonce for 0x2c57d1CFC6d5f8E4182a56b4cf75421472eBAEa4: 20
Contract Addresses:
AtomicSwap: 0x6C6340BA1Dc72c59197825cD94EcCC1f9c67416e
UniV2FactoryA: 0xB77d61Ea79c7Ea8bfa03d3604Ce5EaBfb95C2aB2
UniV2FactoryB: 0x154E2238a212Ee4209111D2F3F6351D80e5d74B6
WETH: 0xd676AF79742bCAeb4a71CF62b85d5ba2D1deaf86
DAI addresses: [ '0x1CD4aF4A9bF33474C802d31790A195335f7a9Ab8' ]
[0x2c57d1CFC6d5f8E4182a56b4cf75421472eBAEa4] swapping 0.497688751926040061 WETH for DAI
Nonce calculation debug:
- currentNonce (from getTransactionCount): 20
- nonce.override: 131
- nonce.offset: undefined
- Final nonce value: 151
Sending bundle: [
  '0x02f9017783301824819785012a05f2008512a05f2000830249f0946c6340ba1dc72c59197825cd94eccc1f9c67416e80b901040cc7326300000000000000000000000000000000000000000000000000000000000000a000000000000000000000000000000000000000000000000006e82548734255fd000000000000000000000000154e2238a212ee4209111d2f3f6351d80e5d74b60000000000000000000000002c57d1cfc6d5f8e4182a56b4cf75421472ebaea400000000000000000000000000000000000000000000000000000000000000000000000000000000000000000000000000000000000000000000000000000002000000000000000000000000d676af79742bcaeb4a71cf62b85d5ba2d1deaf860000000000000000000000001cd4af4a9bf33474c802d31790a195335f7a9ab8c001a0cbeaad52f99663fb8627ecc8b4eaa3cf9ec5d2f6f3e8963efda30214f9e0da09a041e6b5cf3c40a5541cb417179055bfeda6622e056ec77265360e94508147e681'
]
nonceOffset: 132
nonceOffset before: 132
Generating swaps with params: {
  targetBlockNumber: 10,
  txsPerBundle: 1,
  sendRoute: 1,
  txStrategy: 'univ2',
  profRpcUrl: 'None',
  nonceOffset: 132
}
Generating swaps with params: {}
Current nonce for 0x2c57d1CFC6d5f8E4182a56b4cf75421472eBAEa4: 20
Contract Addresses:
AtomicSwap: 0x6C6340BA1Dc72c59197825cD94EcCC1f9c67416e
UniV2FactoryA: 0xB77d61Ea79c7Ea8bfa03d3604Ce5EaBfb95C2aB2
UniV2FactoryB: 0x154E2238a212Ee4209111D2F3F6351D80e5d74B6
WETH: 0xd676AF79742bCAeb4a71CF62b85d5ba2D1deaf86
DAI addresses: [ '0x1CD4aF4A9bF33474C802d31790A195335f7a9Ab8' ]
[0x2c57d1CFC6d5f8E4182a56b4cf75421472eBAEa4] swapping 1051.0 DAI for WETH
Nonce calculation debug:
- currentNonce (from getTransactionCount): 20
- nonce.override: 132
- nonce.offset: undefined
- Final nonce value: 152
Sending bundle: [
  '0x02f9017783301824819885012a05f2008512a05f2000830249f0946c6340ba1dc72c59197825cd94eccc1f9c67416e80b901040cc7326300000000000000000000000000000000000000000000000000000000000000a0000000000000000000000000000000000000000000000038f98e1390378c0000000000000000000000000000b77d61ea79c7ea8bfa03d3604ce5eabfb95c2ab20000000000000000000000002c57d1cfc6d5f8e4182a56b4cf75421472ebaea4000000000000000000000000000000000000000000000000000000000000000000000000000000000000000000000000000000000000000000000000000000020000000000000000000000001cd4af4a9bf33474c802d31790a195335f7a9ab8000000000000000000000000d676af79742bcaeb4a71cf62b85d5ba2d1deaf86c080a0c5c660eb3b9b118e77db4cf5227defa17fc774d2ca0d86284eee9f07a7dc70cda02567bccc63941e46114d762c36e28668f0eb5088ae976ed332c5d48a9d58fe22'
]
nonceOffset: 133
nonceOffset before: 133
Generating swaps with params: {
  targetBlockNumber: 10,
  txsPerBundle: 1,
  sendRoute: 1,
  txStrategy: 'univ2',
  profRpcUrl: 'None',
  nonceOffset: 133
}
Generating swaps with params: {}
Current nonce for 0x2c57d1CFC6d5f8E4182a56b4cf75421472eBAEa4: 20
Contract Addresses:
AtomicSwap: 0x6C6340BA1Dc72c59197825cD94EcCC1f9c67416e
UniV2FactoryA: 0xB77d61Ea79c7Ea8bfa03d3604Ce5EaBfb95C2aB2
UniV2FactoryB: 0x154E2238a212Ee4209111D2F3F6351D80e5d74B6
WETH: 0xd676AF79742bCAeb4a71CF62b85d5ba2D1deaf86
DAI addresses: [ '0x1CD4aF4A9bF33474C802d31790A195335f7a9Ab8' ]
[0x2c57d1CFC6d5f8E4182a56b4cf75421472eBAEa4] swapping 148.0 DAI for WETH
Nonce calculation debug:
- currentNonce (from getTransactionCount): 20
- nonce.override: 133
- nonce.offset: undefined
- Final nonce value: 153
Sending bundle: [
  '0x02f9017783301824819985012a05f2008512a05f2000830249f0946c6340ba1dc72c59197825cd94eccc1f9c67416e80b901040cc7326300000000000000000000000000000000000000000000000000000000000000a000000000000000000000000000000000000000000000000805e99fdcc5d00000000000000000000000000000b77d61ea79c7ea8bfa03d3604ce5eabfb95c2ab20000000000000000000000002c57d1cfc6d5f8e4182a56b4cf75421472ebaea4000000000000000000000000000000000000000000000000000000000000000000000000000000000000000000000000000000000000000000000000000000020000000000000000000000001cd4af4a9bf33474c802d31790a195335f7a9ab8000000000000000000000000d676af79742bcaeb4a71cf62b85d5ba2d1deaf86c001a0c94cf743d615f320345a209c396a762e57d2fe39032d34de2f67d08184e0e3d2a0423b0e13b13d94de221ba2640c72735006b1dda08477a3420603e989f839bdc4'
]
nonceOffset: 134
nonceOffset before: 134
Generating swaps with params: {
  targetBlockNumber: 10,
  txsPerBundle: 1,
  sendRoute: 1,
  txStrategy: 'univ2',
  profRpcUrl: 'None',
  nonceOffset: 134
}
Generating swaps with params: {}
Current nonce for 0x2c57d1CFC6d5f8E4182a56b4cf75421472eBAEa4: 20
Contract Addresses:
AtomicSwap: 0x6C6340BA1Dc72c59197825cD94EcCC1f9c67416e
UniV2FactoryA: 0xB77d61Ea79c7Ea8bfa03d3604Ce5EaBfb95C2aB2
UniV2FactoryB: 0x154E2238a212Ee4209111D2F3F6351D80e5d74B6
WETH: 0xd676AF79742bCAeb4a71CF62b85d5ba2D1deaf86
DAI addresses: [ '0x1CD4aF4A9bF33474C802d31790A195335f7a9Ab8' ]
[0x2c57d1CFC6d5f8E4182a56b4cf75421472eBAEa4] swapping 993.0 DAI for WETH
Nonce calculation debug:
- currentNonce (from getTransactionCount): 20
- nonce.override: 134
- nonce.offset: undefined
- Final nonce value: 154
Sending bundle: [
  '0x02f9017783301824819a85012a05f2008512a05f2000830249f0946c6340ba1dc72c59197825cd94eccc1f9c67416e80b901040cc7326300000000000000000000000000000000000000000000000000000000000000a0000000000000000000000000000000000000000000000035d4a4aedc4ae40000000000000000000000000000154e2238a212ee4209111d2f3f6351d80e5d74b60000000000000000000000002c57d1cfc6d5f8e4182a56b4cf75421472ebaea4000000000000000000000000000000000000000000000000000000000000000000000000000000000000000000000000000000000000000000000000000000020000000000000000000000001cd4af4a9bf33474c802d31790a195335f7a9ab8000000000000000000000000d676af79742bcaeb4a71cf62b85d5ba2d1deaf86c001a0c85db11ce45386bcecc7dd29247191c45798fe833ddfa9b063ee453a9e9c5c60a07214b233485fb048d6c44fb76095b5a6c922f80d4593c6b349e788c039c10158'
]
nonceOffset: 135
nonceOffset before: 135
Generating swaps with params: {
  targetBlockNumber: 10,
  txsPerBundle: 1,
  sendRoute: 1,
  txStrategy: 'univ2',
  profRpcUrl: 'None',
  nonceOffset: 135
}
Generating swaps with params: {}
Current nonce for 0x2c57d1CFC6d5f8E4182a56b4cf75421472eBAEa4: 20
Contract Addresses:
AtomicSwap: 0x6C6340BA1Dc72c59197825cD94EcCC1f9c67416e
UniV2FactoryA: 0xB77d61Ea79c7Ea8bfa03d3604Ce5EaBfb95C2aB2
UniV2FactoryB: 0x154E2238a212Ee4209111D2F3F6351D80e5d74B6
WETH: 0xd676AF79742bCAeb4a71CF62b85d5ba2D1deaf86
DAI addresses: [ '0x1CD4aF4A9bF33474C802d31790A195335f7a9Ab8' ]
[0x2c57d1CFC6d5f8E4182a56b4cf75421472eBAEa4] swapping 0.819091608929946112 WETH for DAI
Nonce calculation debug:
- currentNonce (from getTransactionCount): 20
- nonce.override: 135
- nonce.offset: undefined
- Final nonce value: 155
Sending bundle: [
  '0x02f9017783301824819b85012a05f2008512a05f2000830249f0946c6340ba1dc72c59197825cd94eccc1f9c67416e80b901040cc7326300000000000000000000000000000000000000000000000000000000000000a00000000000000000000000000000000000000000000000000b5dff7a84c5ca00000000000000000000000000b77d61ea79c7ea8bfa03d3604ce5eabfb95c2ab20000000000000000000000002c57d1cfc6d5f8e4182a56b4cf75421472ebaea400000000000000000000000000000000000000000000000000000000000000000000000000000000000000000000000000000000000000000000000000000002000000000000000000000000d676af79742bcaeb4a71cf62b85d5ba2d1deaf860000000000000000000000001cd4af4a9bf33474c802d31790a195335f7a9ab8c080a08f450d6c71d228e28f7bbc28c5f7ecb4ee4e5f668329f59ff7060e0ff9981870a02c109c1a971ea6a7e04c7a76b659d1f3df9fce9ada1a02927ebaca12bd2eaa54'
]
nonceOffset: 136
nonceOffset before: 136
Generating swaps with params: {
  targetBlockNumber: 10,
  txsPerBundle: 1,
  sendRoute: 1,
  txStrategy: 'univ2',
  profRpcUrl: 'None',
  nonceOffset: 136
}
Generating swaps with params: {}
Current nonce for 0x2c57d1CFC6d5f8E4182a56b4cf75421472eBAEa4: 20
Contract Addresses:
AtomicSwap: 0x6C6340BA1Dc72c59197825cD94EcCC1f9c67416e
UniV2FactoryA: 0xB77d61Ea79c7Ea8bfa03d3604Ce5EaBfb95C2aB2
UniV2FactoryB: 0x154E2238a212Ee4209111D2F3F6351D80e5d74B6
WETH: 0xd676AF79742bCAeb4a71CF62b85d5ba2D1deaf86
DAI addresses: [ '0x1CD4aF4A9bF33474C802d31790A195335f7a9Ab8' ]
[0x2c57d1CFC6d5f8E4182a56b4cf75421472eBAEa4] swapping 0.688751926040061633 WETH for DAI
Nonce calculation debug:
- currentNonce (from getTransactionCount): 20
- nonce.override: 136
- nonce.offset: undefined
- Final nonce value: 156
Sending bundle: [
  '0x02f9017783301824819c85012a05f2008512a05f2000830249f0946c6340ba1dc72c59197825cd94eccc1f9c67416e80b901040cc7326300000000000000000000000000000000000000000000000000000000000000a0000000000000000000000000000000000000000000000000098ef03a41fbe6c1000000000000000000000000154e2238a212ee4209111d2f3f6351d80e5d74b60000000000000000000000002c57d1cfc6d5f8e4182a56b4cf75421472ebaea400000000000000000000000000000000000000000000000000000000000000000000000000000000000000000000000000000000000000000000000000000002000000000000000000000000d676af79742bcaeb4a71cf62b85d5ba2d1deaf860000000000000000000000001cd4af4a9bf33474c802d31790a195335f7a9ab8c001a08ee3e86f33cb038b8d491357872589746c9f6bc69c776c6229539b28fff986f3a06c3ec192977dd9483f8ad07ed804d7176314539e11ebf4b5fa63e9e40092dc18'
]
nonceOffset: 137
nonceOffset before: 137
Generating swaps with params: {
  targetBlockNumber: 10,
  txsPerBundle: 1,
  sendRoute: 1,
  txStrategy: 'univ2',
  profRpcUrl: 'None',
  nonceOffset: 137
}
Generating swaps with params: {}
Current nonce for 0x2c57d1CFC6d5f8E4182a56b4cf75421472eBAEa4: 20
Contract Addresses:
AtomicSwap: 0x6C6340BA1Dc72c59197825cD94EcCC1f9c67416e
UniV2FactoryA: 0xB77d61Ea79c7Ea8bfa03d3604Ce5EaBfb95C2aB2
UniV2FactoryB: 0x154E2238a212Ee4209111D2F3F6351D80e5d74B6
WETH: 0xd676AF79742bCAeb4a71CF62b85d5ba2D1deaf86
DAI addresses: [ '0x1CD4aF4A9bF33474C802d31790A195335f7a9Ab8' ]
[0x2c57d1CFC6d5f8E4182a56b4cf75421472eBAEa4] swapping 0.785219399538106235 WETH for DAI
Nonce calculation debug:
- currentNonce (from getTransactionCount): 20
- nonce.override: 137
- nonce.offset: undefined
- Final nonce value: 157
Sending bundle: [
  '0x02f9017783301824819d85012a05f2008512a05f2000830249f0946c6340ba1dc72c59197825cd94eccc1f9c67416e80b901040cc7326300000000000000000000000000000000000000000000000000000000000000a00000000000000000000000000000000000000000000000000ae5a8e23436df7b000000000000000000000000b77d61ea79c7ea8bfa03d3604ce5eabfb95c2ab20000000000000000000000002c57d1cfc6d5f8e4182a56b4cf75421472ebaea400000000000000000000000000000000000000000000000000000000000000000000000000000000000000000000000000000000000000000000000000000002000000000000000000000000d676af79742bcaeb4a71cf62b85d5ba2d1deaf860000000000000000000000001cd4af4a9bf33474c802d31790a195335f7a9ab8c080a06d9e2abecddbb3bf2468048a6750e34075556c1a6166cbce55676e6a290949aca043a94bab30adcc3984867701ff7f82b3c5f7c903cef770f6840823672f023d7d'
]
nonceOffset: 138
nonceOffset before: 138
Generating swaps with params: {
  targetBlockNumber: 10,
  txsPerBundle: 1,
  sendRoute: 1,
  txStrategy: 'univ2',
  profRpcUrl: 'None',
  nonceOffset: 138
}
Generating swaps with params: {}
Current nonce for 0x2c57d1CFC6d5f8E4182a56b4cf75421472eBAEa4: 20
Contract Addresses:
AtomicSwap: 0x6C6340BA1Dc72c59197825cD94EcCC1f9c67416e
UniV2FactoryA: 0xB77d61Ea79c7Ea8bfa03d3604Ce5EaBfb95C2aB2
UniV2FactoryB: 0x154E2238a212Ee4209111D2F3F6351D80e5d74B6
WETH: 0xd676AF79742bCAeb4a71CF62b85d5ba2D1deaf86
DAI addresses: [ '0x1CD4aF4A9bF33474C802d31790A195335f7a9Ab8' ]
[0x2c57d1CFC6d5f8E4182a56b4cf75421472eBAEa4] swapping 690.0 DAI for WETH
Nonce calculation debug:
- currentNonce (from getTransactionCount): 20
- nonce.override: 138
- nonce.offset: undefined
- Final nonce value: 158
Sending bundle: [
  '0x02f9017783301824819e85012a05f2008512a05f2000830249f0946c6340ba1dc72c59197825cd94eccc1f9c67416e80b901040cc7326300000000000000000000000000000000000000000000000000000000000000a000000000000000000000000000000000000000000000002567ac70392b880000000000000000000000000000154e2238a212ee4209111d2f3f6351d80e5d74b60000000000000000000000002c57d1cfc6d5f8e4182a56b4cf75421472ebaea4000000000000000000000000000000000000000000000000000000000000000000000000000000000000000000000000000000000000000000000000000000020000000000000000000000001cd4af4a9bf33474c802d31790a195335f7a9ab8000000000000000000000000d676af79742bcaeb4a71cf62b85d5ba2d1deaf86c080a050141b9840d0a0e2ce9acb8fd4b4907e54d962c35309945ad7556c39027d4fd4a03c5279e5a93e7be37eec96b175ff4323870f7f963fda8aa370ef3cce1bf53ac6'
]
nonceOffset: 139
nonceOffset before: 139
Generating swaps with params: {
  targetBlockNumber: 10,
  txsPerBundle: 1,
  sendRoute: 1,
  txStrategy: 'univ2',
  profRpcUrl: 'None',
  nonceOffset: 139
}
Generating swaps with params: {}
Current nonce for 0x2c57d1CFC6d5f8E4182a56b4cf75421472eBAEa4: 20
Contract Addresses:
AtomicSwap: 0x6C6340BA1Dc72c59197825cD94EcCC1f9c67416e
UniV2FactoryA: 0xB77d61Ea79c7Ea8bfa03d3604Ce5EaBfb95C2aB2
UniV2FactoryB: 0x154E2238a212Ee4209111D2F3F6351D80e5d74B6
WETH: 0xd676AF79742bCAeb4a71CF62b85d5ba2D1deaf86
DAI addresses: [ '0x1CD4aF4A9bF33474C802d31790A195335f7a9Ab8' ]
[0x2c57d1CFC6d5f8E4182a56b4cf75421472eBAEa4] swapping 0.395993836671802773 WETH for DAI
Nonce calculation debug:
- currentNonce (from getTransactionCount): 20
- nonce.override: 139
- nonce.offset: undefined
- Final nonce value: 159
Sending bundle: [
  '0x02f9017783301824819f85012a05f2008512a05f2000830249f0946c6340ba1dc72c59197825cd94eccc1f9c67416e80b901040cc7326300000000000000000000000000000000000000000000000000000000000000a0000000000000000000000000000000000000000000000000057eda4be0111d95000000000000000000000000154e2238a212ee4209111d2f3f6351d80e5d74b60000000000000000000000002c57d1cfc6d5f8e4182a56b4cf75421472ebaea400000000000000000000000000000000000000000000000000000000000000000000000000000000000000000000000000000000000000000000000000000002000000000000000000000000d676af79742bcaeb4a71cf62b85d5ba2d1deaf860000000000000000000000001cd4af4a9bf33474c802d31790a195335f7a9ab8c001a0298d0394a2be8776cd007b65e422ea3fc543c879089b346950b6d7a3366c37f7a034a24c1f4049a631ae8fb19537fa62ce37c48a2e99bb531bd86f727738961584'
]
nonceOffset: 140
nonceOffset before: 140
Generating swaps with params: {
  targetBlockNumber: 10,
  txsPerBundle: 1,
  sendRoute: 1,
  txStrategy: 'univ2',
  profRpcUrl: 'None',
  nonceOffset: 140
}
Generating swaps with params: {}
Current nonce for 0x2c57d1CFC6d5f8E4182a56b4cf75421472eBAEa4: 20
Contract Addresses:
AtomicSwap: 0x6C6340BA1Dc72c59197825cD94EcCC1f9c67416e
UniV2FactoryA: 0xB77d61Ea79c7Ea8bfa03d3604Ce5EaBfb95C2aB2
UniV2FactoryB: 0x154E2238a212Ee4209111D2F3F6351D80e5d74B6
WETH: 0xd676AF79742bCAeb4a71CF62b85d5ba2D1deaf86
DAI addresses: [ '0x1CD4aF4A9bF33474C802d31790A195335f7a9Ab8' ]
[0x2c57d1CFC6d5f8E4182a56b4cf75421472eBAEa4] swapping 946.0 DAI for WETH
Nonce calculation debug:
- currentNonce (from getTransactionCount): 20
- nonce.override: 140
- nonce.offset: undefined
- Final nonce value: 160
Sending bundle: [
  '0x02f901778330182481a085012a05f2008512a05f2000830249f0946c6340ba1dc72c59197825cd94eccc1f9c67416e80b901040cc7326300000000000000000000000000000000000000000000000000000000000000a0000000000000000000000000000000000000000000000033486323e08f880000000000000000000000000000154e2238a212ee4209111d2f3f6351d80e5d74b60000000000000000000000002c57d1cfc6d5f8e4182a56b4cf75421472ebaea4000000000000000000000000000000000000000000000000000000000000000000000000000000000000000000000000000000000000000000000000000000020000000000000000000000001cd4af4a9bf33474c802d31790a195335f7a9ab8000000000000000000000000d676af79742bcaeb4a71cf62b85d5ba2d1deaf86c001a05c32ee6a5e52abfd9c0fb4bc6953c351e0439b2c26bbce66c4ad7f9c1fb93ff3a052c389475bef6d3b5d722ef4652f705301553201e9baffcf14297278245d3b87'
]
nonceOffset: 141
nonceOffset before: 141
Generating swaps with params: {
  targetBlockNumber: 10,
  txsPerBundle: 1,
  sendRoute: 1,
  txStrategy: 'univ2',
  profRpcUrl: 'None',
  nonceOffset: 141
}
Generating swaps with params: {}
Current nonce for 0x2c57d1CFC6d5f8E4182a56b4cf75421472eBAEa4: 20
Contract Addresses:
AtomicSwap: 0x6C6340BA1Dc72c59197825cD94EcCC1f9c67416e
UniV2FactoryA: 0xB77d61Ea79c7Ea8bfa03d3604Ce5EaBfb95C2aB2
UniV2FactoryB: 0x154E2238a212Ee4209111D2F3F6351D80e5d74B6
WETH: 0xd676AF79742bCAeb4a71CF62b85d5ba2D1deaf86
DAI addresses: [ '0x1CD4aF4A9bF33474C802d31790A195335f7a9Ab8' ]
[0x2c57d1CFC6d5f8E4182a56b4cf75421472eBAEa4] swapping 778.0 DAI for WETH
Nonce calculation debug:
- currentNonce (from getTransactionCount): 20
- nonce.override: 141
- nonce.offset: undefined
- Final nonce value: 161
Sending bundle: [
  '0x02f901778330182481a185012a05f2008512a05f2000830249f0946c6340ba1dc72c59197825cd94eccc1f9c67416e80b901040cc7326300000000000000000000000000000000000000000000000000000000000000a000000000000000000000000000000000000000000000002a2ceb3dfab5e80000000000000000000000000000154e2238a212ee4209111d2f3f6351d80e5d74b60000000000000000000000002c57d1cfc6d5f8e4182a56b4cf75421472ebaea4000000000000000000000000000000000000000000000000000000000000000000000000000000000000000000000000000000000000000000000000000000020000000000000000000000001cd4af4a9bf33474c802d31790a195335f7a9ab8000000000000000000000000d676af79742bcaeb4a71cf62b85d5ba2d1deaf86c080a0056ff1b78d39f03a2ea8b26b36336f965256c5242fb533465d13daa0bfe6200aa06bf8b675e2f27b8c36c16aa3f66d28ab4a057f141cb3d733a669492c31999625'
]
nonceOffset: 142
nonceOffset before: 142
Generating swaps with params: {
  targetBlockNumber: 10,
  txsPerBundle: 1,
  sendRoute: 1,
  txStrategy: 'univ2',
  profRpcUrl: 'None',
  nonceOffset: 142
}
Generating swaps with params: {}
Current nonce for 0x2c57d1CFC6d5f8E4182a56b4cf75421472eBAEa4: 20
Contract Addresses:
AtomicSwap: 0x6C6340BA1Dc72c59197825cD94EcCC1f9c67416e
UniV2FactoryA: 0xB77d61Ea79c7Ea8bfa03d3604Ce5EaBfb95C2aB2
UniV2FactoryB: 0x154E2238a212Ee4209111D2F3F6351D80e5d74B6
WETH: 0xd676AF79742bCAeb4a71CF62b85d5ba2D1deaf86
DAI addresses: [ '0x1CD4aF4A9bF33474C802d31790A195335f7a9Ab8' ]
[0x2c57d1CFC6d5f8E4182a56b4cf75421472eBAEa4] swapping 0.673343605546995377 WETH for DAI
Nonce calculation debug:
- currentNonce (from getTransactionCount): 20
- nonce.override: 142
- nonce.offset: undefined
- Final nonce value: 162
Sending bundle: [
  '0x02f901778330182481a285012a05f2008512a05f2000830249f0946c6340ba1dc72c59197825cd94eccc1f9c67416e80b901040cc7326300000000000000000000000000000000000000000000000000000000000000a0000000000000000000000000000000000000000000000000095832711468ceb1000000000000000000000000154e2238a212ee4209111d2f3f6351d80e5d74b60000000000000000000000002c57d1cfc6d5f8e4182a56b4cf75421472ebaea400000000000000000000000000000000000000000000000000000000000000000000000000000000000000000000000000000000000000000000000000000002000000000000000000000000d676af79742bcaeb4a71cf62b85d5ba2d1deaf860000000000000000000000001cd4af4a9bf33474c802d31790a195335f7a9ab8c001a060bfacc6ddd88ba209ccc33c3d465a7d99bb199d0fea2d1fb9bdc55f3c992862a07cf33423a8c9dc4d6eb0dbf54f8e5d5c1fcf256891645bd86587d4b2e17c5e8f'
]
nonceOffset: 143
nonceOffset before: 143
Generating swaps with params: {
  targetBlockNumber: 10,
  txsPerBundle: 1,
  sendRoute: 1,
  txStrategy: 'univ2',
  profRpcUrl: 'None',
  nonceOffset: 143
}
Generating swaps with params: {}
Current nonce for 0x2c57d1CFC6d5f8E4182a56b4cf75421472eBAEa4: 20
Contract Addresses:
AtomicSwap: 0x6C6340BA1Dc72c59197825cD94EcCC1f9c67416e
UniV2FactoryA: 0xB77d61Ea79c7Ea8bfa03d3604Ce5EaBfb95C2aB2
UniV2FactoryB: 0x154E2238a212Ee4209111D2F3F6351D80e5d74B6
WETH: 0xd676AF79742bCAeb4a71CF62b85d5ba2D1deaf86
DAI addresses: [ '0x1CD4aF4A9bF33474C802d31790A195335f7a9Ab8' ]
[0x2c57d1CFC6d5f8E4182a56b4cf75421472eBAEa4] swapping 209.0 DAI for WETH
Nonce calculation debug:
- currentNonce (from getTransactionCount): 20
- nonce.override: 143
- nonce.offset: undefined
- Final nonce value: 163
Sending bundle: [
  '0x02f901778330182481a385012a05f2008512a05f2000830249f0946c6340ba1dc72c59197825cd94eccc1f9c67416e80b901040cc7326300000000000000000000000000000000000000000000000000000000000000a000000000000000000000000000000000000000000000000b547528aba8a40000000000000000000000000000154e2238a212ee4209111d2f3f6351d80e5d74b60000000000000000000000002c57d1cfc6d5f8e4182a56b4cf75421472ebaea4000000000000000000000000000000000000000000000000000000000000000000000000000000000000000000000000000000000000000000000000000000020000000000000000000000001cd4af4a9bf33474c802d31790a195335f7a9ab8000000000000000000000000d676af79742bcaeb4a71cf62b85d5ba2d1deaf86c080a05e00c73ccd1ca63d5243526b097339f473ff8da8920e3a29bfcebb7f2bfaeb30a06c424f346d3b7504b7bfe337cf5b940ade291a0e164647989484f8f04f738a37'
]
nonceOffset: 144
nonceOffset before: 144
Generating swaps with params: {
  targetBlockNumber: 10,
  txsPerBundle: 1,
  sendRoute: 1,
  txStrategy: 'univ2',
  profRpcUrl: 'None',
  nonceOffset: 144
}
Generating swaps with params: {}
Current nonce for 0x2c57d1CFC6d5f8E4182a56b4cf75421472eBAEa4: 20
Contract Addresses:
AtomicSwap: 0x6C6340BA1Dc72c59197825cD94EcCC1f9c67416e
UniV2FactoryA: 0xB77d61Ea79c7Ea8bfa03d3604Ce5EaBfb95C2aB2
UniV2FactoryB: 0x154E2238a212Ee4209111D2F3F6351D80e5d74B6
WETH: 0xd676AF79742bCAeb4a71CF62b85d5ba2D1deaf86
DAI addresses: [ '0x1CD4aF4A9bF33474C802d31790A195335f7a9Ab8' ]
[0x2c57d1CFC6d5f8E4182a56b4cf75421472eBAEa4] swapping 0.556240369799691833 WETH for DAI
Nonce calculation debug:
- currentNonce (from getTransactionCount): 20
- nonce.override: 144
- nonce.offset: undefined
- Final nonce value: 164
Sending bundle: [
  '0x02f901778330182481a485012a05f2008512a05f2000830249f0946c6340ba1dc72c59197825cd94eccc1f9c67416e80b901040cc7326300000000000000000000000000000000000000000000000000000000000000a000000000000000000000000000000000000000000000000007b829ab53a47e39000000000000000000000000154e2238a212ee4209111d2f3f6351d80e5d74b60000000000000000000000002c57d1cfc6d5f8e4182a56b4cf75421472ebaea400000000000000000000000000000000000000000000000000000000000000000000000000000000000000000000000000000000000000000000000000000002000000000000000000000000d676af79742bcaeb4a71cf62b85d5ba2d1deaf860000000000000000000000001cd4af4a9bf33474c802d31790a195335f7a9ab8c080a00ea0d2e13fdd00deb0c09df524f5a3e60ec6cbe5f3e376bf838dddb0e6afba6ea024ef3cebeac75ce9e0a1743195a2fd8da49296ac917032be0ef61f419621b96b'
]
nonceOffset: 145
nonceOffset before: 145
Generating swaps with params: {
  targetBlockNumber: 10,
  txsPerBundle: 1,
  sendRoute: 1,
  txStrategy: 'univ2',
  profRpcUrl: 'None',
  nonceOffset: 145
}
Generating swaps with params: {}
Current nonce for 0x2c57d1CFC6d5f8E4182a56b4cf75421472eBAEa4: 20
Contract Addresses:
AtomicSwap: 0x6C6340BA1Dc72c59197825cD94EcCC1f9c67416e
UniV2FactoryA: 0xB77d61Ea79c7Ea8bfa03d3604Ce5EaBfb95C2aB2
UniV2FactoryB: 0x154E2238a212Ee4209111D2F3F6351D80e5d74B6
WETH: 0xd676AF79742bCAeb4a71CF62b85d5ba2D1deaf86
DAI addresses: [ '0x1CD4aF4A9bF33474C802d31790A195335f7a9Ab8' ]
[0x2c57d1CFC6d5f8E4182a56b4cf75421472eBAEa4] swapping 463.0 DAI for WETH
Nonce calculation debug:
- currentNonce (from getTransactionCount): 20
- nonce.override: 145
- nonce.offset: undefined
- Final nonce value: 165
Sending bundle: [
  '0x02f901778330182481a585012a05f2008512a05f2000830249f0946c6340ba1dc72c59197825cd94eccc1f9c67416e80b901040cc7326300000000000000000000000000000000000000000000000000000000000000a0000000000000000000000000000000000000000000000019196a6eebbddc0000000000000000000000000000154e2238a212ee4209111d2f3f6351d80e5d74b60000000000000000000000002c57d1cfc6d5f8e4182a56b4cf75421472ebaea4000000000000000000000000000000000000000000000000000000000000000000000000000000000000000000000000000000000000000000000000000000020000000000000000000000001cd4af4a9bf33474c802d31790a195335f7a9ab8000000000000000000000000d676af79742bcaeb4a71cf62b85d5ba2d1deaf86c080a09c0e27b7f68f5c913c0380ad9fe8543c9fca2dddd2608cbb5e0478d82fed8acba04c80ba6077d67f7a95caf29d8b3ffd1616fc7399e2d6544752fd5821e4b4201c'
]
nonceOffset: 146
nonceOffset before: 146
Generating swaps with params: {
  targetBlockNumber: 10,
  txsPerBundle: 1,
  sendRoute: 1,
  txStrategy: 'univ2',
  profRpcUrl: 'None',
  nonceOffset: 146
}
Generating swaps with params: {}
Current nonce for 0x2c57d1CFC6d5f8E4182a56b4cf75421472eBAEa4: 20
Contract Addresses:
AtomicSwap: 0x6C6340BA1Dc72c59197825cD94EcCC1f9c67416e
UniV2FactoryA: 0xB77d61Ea79c7Ea8bfa03d3604Ce5EaBfb95C2aB2
UniV2FactoryB: 0x154E2238a212Ee4209111D2F3F6351D80e5d74B6
WETH: 0xd676AF79742bCAeb4a71CF62b85d5ba2D1deaf86
DAI addresses: [ '0x1CD4aF4A9bF33474C802d31790A195335f7a9Ab8' ]
[0x2c57d1CFC6d5f8E4182a56b4cf75421472eBAEa4] swapping 830.0 DAI for WETH
Nonce calculation debug:
- currentNonce (from getTransactionCount): 20
- nonce.override: 146
- nonce.offset: undefined
- Final nonce value: 166
Sending bundle: [
  '0x02f901778330182481a685012a05f2008512a05f2000830249f0946c6340ba1dc72c59197825cd94eccc1f9c67416e80b901040cc7326300000000000000000000000000000000000000000000000000000000000000a000000000000000000000000000000000000000000000002cfe905a78b6380000000000000000000000000000b77d61ea79c7ea8bfa03d3604ce5eabfb95c2ab20000000000000000000000002c57d1cfc6d5f8e4182a56b4cf75421472ebaea4000000000000000000000000000000000000000000000000000000000000000000000000000000000000000000000000000000000000000000000000000000020000000000000000000000001cd4af4a9bf33474c802d31790a195335f7a9ab8000000000000000000000000d676af79742bcaeb4a71cf62b85d5ba2d1deaf86c080a0d5c85e4d642ebff788a58426eb4882433d22e06be6cd686042ed25c72a0b70a5a0390d9d4b256d9bb62c76583f5aa5481204f2331c1294d309dbf959d83c93d597'
]
nonceOffset: 147
nonceOffset before: 147
Generating swaps with params: {
  targetBlockNumber: 10,
  txsPerBundle: 1,
  sendRoute: 1,
  txStrategy: 'univ2',
  profRpcUrl: 'None',
  nonceOffset: 147
}
Generating swaps with params: {}
Current nonce for 0x2c57d1CFC6d5f8E4182a56b4cf75421472eBAEa4: 20
Contract Addresses:
AtomicSwap: 0x6C6340BA1Dc72c59197825cD94EcCC1f9c67416e
UniV2FactoryA: 0xB77d61Ea79c7Ea8bfa03d3604Ce5EaBfb95C2aB2
UniV2FactoryB: 0x154E2238a212Ee4209111D2F3F6351D80e5d74B6
WETH: 0xd676AF79742bCAeb4a71CF62b85d5ba2D1deaf86
DAI addresses: [ '0x1CD4aF4A9bF33474C802d31790A195335f7a9Ab8' ]
[0x2c57d1CFC6d5f8E4182a56b4cf75421472eBAEa4] swapping 1083.0 DAI for WETH
Nonce calculation debug:
- currentNonce (from getTransactionCount): 20
- nonce.override: 147
- nonce.offset: undefined
- Final nonce value: 167
Sending bundle: [
  '0x02f901778330182481a785012a05f2008512a05f2000830249f0946c6340ba1dc72c59197825cd94eccc1f9c67416e80b901040cc7326300000000000000000000000000000000000000000000000000000000000000a000000000000000000000000000000000000000000000003ab5a4ea05240c0000000000000000000000000000154e2238a212ee4209111d2f3f6351d80e5d74b60000000000000000000000002c57d1cfc6d5f8e4182a56b4cf75421472ebaea4000000000000000000000000000000000000000000000000000000000000000000000000000000000000000000000000000000000000000000000000000000020000000000000000000000001cd4af4a9bf33474c802d31790a195335f7a9ab8000000000000000000000000d676af79742bcaeb4a71cf62b85d5ba2d1deaf86c001a0050b68ba664a3ad9fb1b704131785fca57b0a8200da0d9c4076d9fb8aea3056ea04fd4f832bc60694cbf3d41c66cfa3fa046fb819e8857897d62a7b19b22fb800b'
]
nonceOffset: 148
nonceOffset before: 148
Generating swaps with params: {
  targetBlockNumber: 10,
  txsPerBundle: 1,
  sendRoute: 1,
  txStrategy: 'univ2',
  profRpcUrl: 'None',
  nonceOffset: 148
}
Generating swaps with params: {}
Current nonce for 0x2c57d1CFC6d5f8E4182a56b4cf75421472eBAEa4: 20
Contract Addresses:
AtomicSwap: 0x6C6340BA1Dc72c59197825cD94EcCC1f9c67416e
UniV2FactoryA: 0xB77d61Ea79c7Ea8bfa03d3604Ce5EaBfb95C2aB2
UniV2FactoryB: 0x154E2238a212Ee4209111D2F3F6351D80e5d74B6
WETH: 0xd676AF79742bCAeb4a71CF62b85d5ba2D1deaf86
DAI addresses: [ '0x1CD4aF4A9bF33474C802d31790A195335f7a9Ab8' ]
[0x2c57d1CFC6d5f8E4182a56b4cf75421472eBAEa4] swapping 0.765204003079291762 WETH for DAI
Nonce calculation debug:
- currentNonce (from getTransactionCount): 20
- nonce.override: 148
- nonce.offset: undefined
- Final nonce value: 168
Sending bundle: [
  '0x02f901778330182481a885012a05f2008512a05f2000830249f0946c6340ba1dc72c59197825cd94eccc1f9c67416e80b901040cc7326300000000000000000000000000000000000000000000000000000000000000a00000000000000000000000000000000000000000000000000a9e8cfc903f8372000000000000000000000000b77d61ea79c7ea8bfa03d3604ce5eabfb95c2ab20000000000000000000000002c57d1cfc6d5f8e4182a56b4cf75421472ebaea400000000000000000000000000000000000000000000000000000000000000000000000000000000000000000000000000000000000000000000000000000002000000000000000000000000d676af79742bcaeb4a71cf62b85d5ba2d1deaf860000000000000000000000001cd4af4a9bf33474c802d31790a195335f7a9ab8c080a03b2d0b9e5076cd4d723eb1767acaf504741d2d06150ac8b1baf5b0a7ee64f496a02dda44416f1a2052a43b17159b0a2f25c682394c0e8e14f615cd7f18a6c5d037'
]
nonceOffset: 149
nonceOffset before: 149
Generating swaps with params: {
  targetBlockNumber: 10,
  txsPerBundle: 1,
  sendRoute: 1,
  txStrategy: 'univ2',
  profRpcUrl: 'None',
  nonceOffset: 149
}
Generating swaps with params: {}
Current nonce for 0x2c57d1CFC6d5f8E4182a56b4cf75421472eBAEa4: 20
Contract Addresses:
AtomicSwap: 0x6C6340BA1Dc72c59197825cD94EcCC1f9c67416e
UniV2FactoryA: 0xB77d61Ea79c7Ea8bfa03d3604Ce5EaBfb95C2aB2
UniV2FactoryB: 0x154E2238a212Ee4209111D2F3F6351D80e5d74B6
WETH: 0xd676AF79742bCAeb4a71CF62b85d5ba2D1deaf86
DAI addresses: [ '0x1CD4aF4A9bF33474C802d31790A195335f7a9Ab8' ]
[0x2c57d1CFC6d5f8E4182a56b4cf75421472eBAEa4] swapping 0.811393379522709776 WETH for DAI
Nonce calculation debug:
- currentNonce (from getTransactionCount): 20
- nonce.override: 149
- nonce.offset: undefined
- Final nonce value: 169
Sending bundle: [
  '0x02f901778330182481a985012a05f2008512a05f2000830249f0946c6340ba1dc72c59197825cd94eccc1f9c67416e80b901040cc7326300000000000000000000000000000000000000000000000000000000000000a00000000000000000000000000000000000000000000000000b42a5facf8e0910000000000000000000000000b77d61ea79c7ea8bfa03d3604ce5eabfb95c2ab20000000000000000000000002c57d1cfc6d5f8e4182a56b4cf75421472ebaea400000000000000000000000000000000000000000000000000000000000000000000000000000000000000000000000000000000000000000000000000000002000000000000000000000000d676af79742bcaeb4a71cf62b85d5ba2d1deaf860000000000000000000000001cd4af4a9bf33474c802d31790a195335f7a9ab8c001a0d50fc65f6a42624832cece315233c465ae019f0a3628a50a14b4f9742a70aef9a047fcdc026ceda7f5f455f3798b870794284851147c1ea9437780d30297187cfe'
]
nonceOffset: 150
nonceOffset before: 150
Generating swaps with params: {
  targetBlockNumber: 10,
  txsPerBundle: 1,
  sendRoute: 1,
  txStrategy: 'univ2',
  profRpcUrl: 'None',
  nonceOffset: 150
}
Generating swaps with params: {}
Current nonce for 0x2c57d1CFC6d5f8E4182a56b4cf75421472eBAEa4: 20
Contract Addresses:
AtomicSwap: 0x6C6340BA1Dc72c59197825cD94EcCC1f9c67416e
UniV2FactoryA: 0xB77d61Ea79c7Ea8bfa03d3604Ce5EaBfb95C2aB2
UniV2FactoryB: 0x154E2238a212Ee4209111D2F3F6351D80e5d74B6
WETH: 0xd676AF79742bCAeb4a71CF62b85d5ba2D1deaf86
DAI addresses: [ '0x1CD4aF4A9bF33474C802d31790A195335f7a9Ab8' ]
[0x2c57d1CFC6d5f8E4182a56b4cf75421472eBAEa4] swapping 705.0 DAI for WETH
Nonce calculation debug:
- currentNonce (from getTransactionCount): 20
- nonce.override: 150
- nonce.offset: undefined
- Final nonce value: 170
Sending bundle: [
  '0x02f901778330182481aa85012a05f2008512a05f2000830249f0946c6340ba1dc72c59197825cd94eccc1f9c67416e80b901040cc7326300000000000000000000000000000000000000000000000000000000000000a000000000000000000000000000000000000000000000002637d724bffa640000000000000000000000000000b77d61ea79c7ea8bfa03d3604ce5eabfb95c2ab20000000000000000000000002c57d1cfc6d5f8e4182a56b4cf75421472ebaea4000000000000000000000000000000000000000000000000000000000000000000000000000000000000000000000000000000000000000000000000000000020000000000000000000000001cd4af4a9bf33474c802d31790a195335f7a9ab8000000000000000000000000d676af79742bcaeb4a71cf62b85d5ba2d1deaf86c001a05a42033aa179966cb06f0d7e273aa65663d3074e63b6a71a7a20327390e5edf7a016f28c45956d8f10fd688385d894465ee7399092b3ba25d929f427d8e2169bff'
]
nonceOffset: 151
nonceOffset before: 151
Generating swaps with params: {
  targetBlockNumber: 10,
  txsPerBundle: 1,
  sendRoute: 1,
  txStrategy: 'univ2',
  profRpcUrl: 'None',
  nonceOffset: 151
}
Generating swaps with params: {}
Current nonce for 0x2c57d1CFC6d5f8E4182a56b4cf75421472eBAEa4: 20
Contract Addresses:
AtomicSwap: 0x6C6340BA1Dc72c59197825cD94EcCC1f9c67416e
UniV2FactoryA: 0xB77d61Ea79c7Ea8bfa03d3604Ce5EaBfb95C2aB2
UniV2FactoryB: 0x154E2238a212Ee4209111D2F3F6351D80e5d74B6
WETH: 0xd676AF79742bCAeb4a71CF62b85d5ba2D1deaf86
DAI addresses: [ '0x1CD4aF4A9bF33474C802d31790A195335f7a9Ab8' ]
[0x2c57d1CFC6d5f8E4182a56b4cf75421472eBAEa4] swapping 326.0 DAI for WETH
Nonce calculation debug:
- currentNonce (from getTransactionCount): 20
- nonce.override: 151
- nonce.offset: undefined
- Final nonce value: 171
Sending bundle: [
  '0x02f901778330182481ab85012a05f2008512a05f2000830249f0946c6340ba1dc72c59197825cd94eccc1f9c67416e80b901040cc7326300000000000000000000000000000000000000000000000000000000000000a0000000000000000000000000000000000000000000000011ac28a8c729580000000000000000000000000000154e2238a212ee4209111d2f3f6351d80e5d74b60000000000000000000000002c57d1cfc6d5f8e4182a56b4cf75421472ebaea4000000000000000000000000000000000000000000000000000000000000000000000000000000000000000000000000000000000000000000000000000000020000000000000000000000001cd4af4a9bf33474c802d31790a195335f7a9ab8000000000000000000000000d676af79742bcaeb4a71cf62b85d5ba2d1deaf86c001a0d310d6954dfea9b6a280a4394487de369fd6ec095976d33aa9efa549c22ded2fa03e819aa195c6d44fb8640e9bb23ab58a467f968d5cd9fbdb093fdbb16affdfbb'
]
nonceOffset: 152
nonceOffset before: 152
Generating swaps with params: {
  targetBlockNumber: 10,
  txsPerBundle: 1,
  sendRoute: 1,
  txStrategy: 'univ2',
  profRpcUrl: 'None',
  nonceOffset: 152
}
Generating swaps with params: {}
Current nonce for 0x2c57d1CFC6d5f8E4182a56b4cf75421472eBAEa4: 20
Contract Addresses:
AtomicSwap: 0x6C6340BA1Dc72c59197825cD94EcCC1f9c67416e
UniV2FactoryA: 0xB77d61Ea79c7Ea8bfa03d3604Ce5EaBfb95C2aB2
UniV2FactoryB: 0x154E2238a212Ee4209111D2F3F6351D80e5d74B6
WETH: 0xd676AF79742bCAeb4a71CF62b85d5ba2D1deaf86
DAI addresses: [ '0x1CD4aF4A9bF33474C802d31790A195335f7a9Ab8' ]
[0x2c57d1CFC6d5f8E4182a56b4cf75421472eBAEa4] swapping 843.0 DAI for WETH
Nonce calculation debug:
- currentNonce (from getTransactionCount): 20
- nonce.override: 152
- nonce.offset: undefined
- Final nonce value: 172
Sending bundle: [
  '0x02f901778330182481ac85012a05f2008512a05f2000830249f0946c6340ba1dc72c59197825cd94eccc1f9c67416e80b901040cc7326300000000000000000000000000000000000000000000000000000000000000a000000000000000000000000000000000000000000000002db2f9a198364c0000000000000000000000000000154e2238a212ee4209111d2f3f6351d80e5d74b60000000000000000000000002c57d1cfc6d5f8e4182a56b4cf75421472ebaea4000000000000000000000000000000000000000000000000000000000000000000000000000000000000000000000000000000000000000000000000000000020000000000000000000000001cd4af4a9bf33474c802d31790a195335f7a9ab8000000000000000000000000d676af79742bcaeb4a71cf62b85d5ba2d1deaf86c080a06fe13f09c84d572f6afcd4ca498f0d4e7d2b6f37c538a41fa6e1cfd555cae2fea059230292d47faa49f8705a3d3a1b8f15a1a4579f21f84fd2f5137a8f2adde504'
]
nonceOffset: 153
nonceOffset before: 153
Generating swaps with params: {
  targetBlockNumber: 10,
  txsPerBundle: 1,
  sendRoute: 1,
  txStrategy: 'univ2',
  profRpcUrl: 'None',
  nonceOffset: 153
}
Generating swaps with params: {}
Current nonce for 0x2c57d1CFC6d5f8E4182a56b4cf75421472eBAEa4: 20
Contract Addresses:
AtomicSwap: 0x6C6340BA1Dc72c59197825cD94EcCC1f9c67416e
UniV2FactoryA: 0xB77d61Ea79c7Ea8bfa03d3604Ce5EaBfb95C2aB2
UniV2FactoryB: 0x154E2238a212Ee4209111D2F3F6351D80e5d74B6
WETH: 0xd676AF79742bCAeb4a71CF62b85d5ba2D1deaf86
DAI addresses: [ '0x1CD4aF4A9bF33474C802d31790A195335f7a9Ab8' ]
[0x2c57d1CFC6d5f8E4182a56b4cf75421472eBAEa4] swapping 604.0 DAI for WETH
Nonce calculation debug:
- currentNonce (from getTransactionCount): 20
- nonce.override: 153
- nonce.offset: undefined
- Final nonce value: 173
Sending bundle: [
  '0x02f901778330182481ad85012a05f2008512a05f2000830249f0946c6340ba1dc72c59197825cd94eccc1f9c67416e80b901040cc7326300000000000000000000000000000000000000000000000000000000000000a0000000000000000000000000000000000000000000000020be2f0fdeeff00000000000000000000000000000b77d61ea79c7ea8bfa03d3604ce5eabfb95c2ab20000000000000000000000002c57d1cfc6d5f8e4182a56b4cf75421472ebaea4000000000000000000000000000000000000000000000000000000000000000000000000000000000000000000000000000000000000000000000000000000020000000000000000000000001cd4af4a9bf33474c802d31790a195335f7a9ab8000000000000000000000000d676af79742bcaeb4a71cf62b85d5ba2d1deaf86c080a073826eac445e20d058ef4462af24ec9618aee19d1b6eecbd829d2519908eff85a0480163fb30c6fca2bc7b88755d4ca7f54825bc515e0875d162ba2a4cb7a5fc83'
]
nonceOffset: 154
nonceOffset before: 154
Generating swaps with params: {
  targetBlockNumber: 10,
  txsPerBundle: 1,
  sendRoute: 1,
  txStrategy: 'univ2',
  profRpcUrl: 'None',
  nonceOffset: 154
}
Generating swaps with params: {}
Current nonce for 0x2c57d1CFC6d5f8E4182a56b4cf75421472eBAEa4: 20
Contract Addresses:
AtomicSwap: 0x6C6340BA1Dc72c59197825cD94EcCC1f9c67416e
UniV2FactoryA: 0xB77d61Ea79c7Ea8bfa03d3604Ce5EaBfb95C2aB2
UniV2FactoryB: 0x154E2238a212Ee4209111D2F3F6351D80e5d74B6
WETH: 0xd676AF79742bCAeb4a71CF62b85d5ba2D1deaf86
DAI addresses: [ '0x1CD4aF4A9bF33474C802d31790A195335f7a9Ab8' ]
[0x2c57d1CFC6d5f8E4182a56b4cf75421472eBAEa4] swapping 663.0 DAI for WETH
Nonce calculation debug:
- currentNonce (from getTransactionCount): 20
- nonce.override: 154
- nonce.offset: undefined
- Final nonce value: 174
Sending bundle: [
  '0x02f901778330182481ae85012a05f2008512a05f2000830249f0946c6340ba1dc72c59197825cd94eccc1f9c67416e80b901040cc7326300000000000000000000000000000000000000000000000000000000000000a0000000000000000000000000000000000000000000000023f0f92b4683fc0000000000000000000000000000b77d61ea79c7ea8bfa03d3604ce5eabfb95c2ab20000000000000000000000002c57d1cfc6d5f8e4182a56b4cf75421472ebaea4000000000000000000000000000000000000000000000000000000000000000000000000000000000000000000000000000000000000000000000000000000020000000000000000000000001cd4af4a9bf33474c802d31790a195335f7a9ab8000000000000000000000000d676af79742bcaeb4a71cf62b85d5ba2d1deaf86c001a0ae5d100f419325b6a2974c71d2dffdcc9aaeba593678ba907bf04fad845094c4a040d0dedf0022b5be5f5d244963b93e579521e7961bf9b6bff0144169a9e52db0'
]
nonceOffset: 155
nonceOffset before: 155
Generating swaps with params: {
  targetBlockNumber: 10,
  txsPerBundle: 1,
  sendRoute: 1,
  txStrategy: 'univ2',
  profRpcUrl: 'None',
  nonceOffset: 155
}
Generating swaps with params: {}
Current nonce for 0x2c57d1CFC6d5f8E4182a56b4cf75421472eBAEa4: 20
Contract Addresses:
AtomicSwap: 0x6C6340BA1Dc72c59197825cD94EcCC1f9c67416e
UniV2FactoryA: 0xB77d61Ea79c7Ea8bfa03d3604Ce5EaBfb95C2aB2
UniV2FactoryB: 0x154E2238a212Ee4209111D2F3F6351D80e5d74B6
WETH: 0xd676AF79742bCAeb4a71CF62b85d5ba2D1deaf86
DAI addresses: [ '0x1CD4aF4A9bF33474C802d31790A195335f7a9Ab8' ]
[0x2c57d1CFC6d5f8E4182a56b4cf75421472eBAEa4] swapping 0.244615384615384615 WETH for DAI
Nonce calculation debug:
- currentNonce (from getTransactionCount): 20
- nonce.override: 155
- nonce.offset: undefined
- Final nonce value: 175
Sending bundle: [
  '0x02f901778330182481af85012a05f2008512a05f2000830249f0946c6340ba1dc72c59197825cd94eccc1f9c67416e80b901040cc7326300000000000000000000000000000000000000000000000000000000000000a000000000000000000000000000000000000000000000000003650c6572987627000000000000000000000000b77d61ea79c7ea8bfa03d3604ce5eabfb95c2ab20000000000000000000000002c57d1cfc6d5f8e4182a56b4cf75421472ebaea400000000000000000000000000000000000000000000000000000000000000000000000000000000000000000000000000000000000000000000000000000002000000000000000000000000d676af79742bcaeb4a71cf62b85d5ba2d1deaf860000000000000000000000001cd4af4a9bf33474c802d31790a195335f7a9ab8c001a0219a5fab3fc933162a887fb40aa9f53d7e19bf383747fce38f97d38948d8f1fba014736eebc4885c0caeb0f66c44225abbeeaab29c5d604062d6cde12c65252452'
]
nonceOffset: 156
nonceOffset before: 156
Generating swaps with params: {
  targetBlockNumber: 10,
  txsPerBundle: 1,
  sendRoute: 1,
  txStrategy: 'univ2',
  profRpcUrl: 'None',
  nonceOffset: 156
}
Generating swaps with params: {}
Current nonce for 0x2c57d1CFC6d5f8E4182a56b4cf75421472eBAEa4: 20
Contract Addresses:
AtomicSwap: 0x6C6340BA1Dc72c59197825cD94EcCC1f9c67416e
UniV2FactoryA: 0xB77d61Ea79c7Ea8bfa03d3604Ce5EaBfb95C2aB2
UniV2FactoryB: 0x154E2238a212Ee4209111D2F3F6351D80e5d74B6
WETH: 0xd676AF79742bCAeb4a71CF62b85d5ba2D1deaf86
DAI addresses: [ '0x1CD4aF4A9bF33474C802d31790A195335f7a9Ab8' ]
[0x2c57d1CFC6d5f8E4182a56b4cf75421472eBAEa4] swapping 0.695685670261941448 WETH for DAI
Nonce calculation debug:
- currentNonce (from getTransactionCount): 20
- nonce.override: 156
- nonce.offset: undefined
- Final nonce value: 176
Sending bundle: [
  '0x02f901778330182481b085012a05f2008512a05f2000830249f0946c6340ba1dc72c59197825cd94eccc1f9c67416e80b901040cc7326300000000000000000000000000000000000000000000000000000000000000a000000000000000000000000000000000000000000000000009a7926e634ae4c8000000000000000000000000154e2238a212ee4209111d2f3f6351d80e5d74b60000000000000000000000002c57d1cfc6d5f8e4182a56b4cf75421472ebaea400000000000000000000000000000000000000000000000000000000000000000000000000000000000000000000000000000000000000000000000000000002000000000000000000000000d676af79742bcaeb4a71cf62b85d5ba2d1deaf860000000000000000000000001cd4af4a9bf33474c802d31790a195335f7a9ab8c080a0f842f0973d71a11bb783c88268f6abbe402d95f541f1ec6708755afdab1d9f61a05680de4135d640f5bb87c62999944291062f76e13b7c21e67774d592595ab41e'
]
nonceOffset: 157
nonceOffset before: 157
Generating swaps with params: {
  targetBlockNumber: 10,
  txsPerBundle: 1,
  sendRoute: 1,
  txStrategy: 'univ2',
  profRpcUrl: 'None',
  nonceOffset: 157
}
Generating swaps with params: {}
Current nonce for 0x2c57d1CFC6d5f8E4182a56b4cf75421472eBAEa4: 20
Contract Addresses:
AtomicSwap: 0x6C6340BA1Dc72c59197825cD94EcCC1f9c67416e
UniV2FactoryA: 0xB77d61Ea79c7Ea8bfa03d3604Ce5EaBfb95C2aB2
UniV2FactoryB: 0x154E2238a212Ee4209111D2F3F6351D80e5d74B6
WETH: 0xd676AF79742bCAeb4a71CF62b85d5ba2D1deaf86
DAI addresses: [ '0x1CD4aF4A9bF33474C802d31790A195335f7a9Ab8' ]
[0x2c57d1CFC6d5f8E4182a56b4cf75421472eBAEa4] swapping 0.774865073245952197 WETH for DAI
Nonce calculation debug:
- currentNonce (from getTransactionCount): 20
- nonce.override: 157
- nonce.offset: undefined
- Final nonce value: 177
Sending bundle: [
  '0x02f901778330182481b185012a05f2008512a05f2000830249f0946c6340ba1dc72c59197825cd94eccc1f9c67416e80b901040cc7326300000000000000000000000000000000000000000000000000000000000000a00000000000000000000000000000000000000000000000000ac0dfadbfae98c5000000000000000000000000154e2238a212ee4209111d2f3f6351d80e5d74b60000000000000000000000002c57d1cfc6d5f8e4182a56b4cf75421472ebaea400000000000000000000000000000000000000000000000000000000000000000000000000000000000000000000000000000000000000000000000000000002000000000000000000000000d676af79742bcaeb4a71cf62b85d5ba2d1deaf860000000000000000000000001cd4af4a9bf33474c802d31790a195335f7a9ab8c001a0e67530caa1d5a8f84d7fae805415b0ee9f123fd1c064272d2fbd98d8395b6b8fa04af3c3e6d265db54703ec6f75b6a6913a88d7d92dedfa3e46159737197554d5a'
]
nonceOffset: 158
nonceOffset before: 158
Generating swaps with params: {
  targetBlockNumber: 10,
  txsPerBundle: 1,
  sendRoute: 1,
  txStrategy: 'univ2',
  profRpcUrl: 'None',
  nonceOffset: 158
}
Generating swaps with params: {}
Current nonce for 0x2c57d1CFC6d5f8E4182a56b4cf75421472eBAEa4: 20
Contract Addresses:
AtomicSwap: 0x6C6340BA1Dc72c59197825cD94EcCC1f9c67416e
UniV2FactoryA: 0xB77d61Ea79c7Ea8bfa03d3604Ce5EaBfb95C2aB2
UniV2FactoryB: 0x154E2238a212Ee4209111D2F3F6351D80e5d74B6
WETH: 0xd676AF79742bCAeb4a71CF62b85d5ba2D1deaf86
DAI addresses: [ '0x1CD4aF4A9bF33474C802d31790A195335f7a9Ab8' ]
[0x2c57d1CFC6d5f8E4182a56b4cf75421472eBAEa4] swapping 700.0 DAI for WETH
Nonce calculation debug:
- currentNonce (from getTransactionCount): 20
- nonce.override: 158
- nonce.offset: undefined
- Final nonce value: 178
Sending bundle: [
  '0x02f901778330182481b285012a05f2008512a05f2000830249f0946c6340ba1dc72c59197825cd94eccc1f9c67416e80b901040cc7326300000000000000000000000000000000000000000000000000000000000000a0000000000000000000000000000000000000000000000025f273933db5700000000000000000000000000000b77d61ea79c7ea8bfa03d3604ce5eabfb95c2ab20000000000000000000000002c57d1cfc6d5f8e4182a56b4cf75421472ebaea4000000000000000000000000000000000000000000000000000000000000000000000000000000000000000000000000000000000000000000000000000000020000000000000000000000001cd4af4a9bf33474c802d31790a195335f7a9ab8000000000000000000000000d676af79742bcaeb4a71cf62b85d5ba2d1deaf86c080a08765a164f4bcb3ab70ae711be42a05279fabb4726d12380a7d0ecf10ad719acca0032b04caf14bb7f05916c2dd160d93d2899ef5eafe0d10967ef5f4151541cda2'
]
nonceOffset: 159
nonceOffset before: 159
Generating swaps with params: {
  targetBlockNumber: 10,
  txsPerBundle: 1,
  sendRoute: 1,
  txStrategy: 'univ2',
  profRpcUrl: 'None',
  nonceOffset: 159
}
Generating swaps with params: {}
Current nonce for 0x2c57d1CFC6d5f8E4182a56b4cf75421472eBAEa4: 20
Contract Addresses:
AtomicSwap: 0x6C6340BA1Dc72c59197825cD94EcCC1f9c67416e
UniV2FactoryA: 0xB77d61Ea79c7Ea8bfa03d3604Ce5EaBfb95C2aB2
UniV2FactoryB: 0x154E2238a212Ee4209111D2F3F6351D80e5d74B6
WETH: 0xd676AF79742bCAeb4a71CF62b85d5ba2D1deaf86
DAI addresses: [ '0x1CD4aF4A9bF33474C802d31790A195335f7a9Ab8' ]
[0x2c57d1CFC6d5f8E4182a56b4cf75421472eBAEa4] swapping 0.736720554272517321 WETH for DAI
Nonce calculation debug:
- currentNonce (from getTransactionCount): 20
- nonce.override: 159
- nonce.offset: undefined
- Final nonce value: 179
Sending bundle: [
  '0x02f901778330182481b385012a05f2008512a05f2000830249f0946c6340ba1dc72c59197825cd94eccc1f9c67416e80b901040cc7326300000000000000000000000000000000000000000000000000000000000000a00000000000000000000000000000000000000000000000000a395b70d8246cc9000000000000000000000000b77d61ea79c7ea8bfa03d3604ce5eabfb95c2ab20000000000000000000000002c57d1cfc6d5f8e4182a56b4cf75421472ebaea400000000000000000000000000000000000000000000000000000000000000000000000000000000000000000000000000000000000000000000000000000002000000000000000000000000d676af79742bcaeb4a71cf62b85d5ba2d1deaf860000000000000000000000001cd4af4a9bf33474c802d31790a195335f7a9ab8c001a0b91fdee45f0749fcaffc41e5f37c675472b7a70bc2998cf67590d968c5ab5f1aa055f4ccaa7cb9c0f385c8d07d70ad61225b859039584d0258b91a7290964ffc9a'
]
nonceOffset: 160
nonceOffset before: 160
Generating swaps with params: {
  targetBlockNumber: 10,
  txsPerBundle: 1,
  sendRoute: 1,
  txStrategy: 'univ2',
  profRpcUrl: 'None',
  nonceOffset: 160
}
Generating swaps with params: {}
Current nonce for 0x2c57d1CFC6d5f8E4182a56b4cf75421472eBAEa4: 20
Contract Addresses:
AtomicSwap: 0x6C6340BA1Dc72c59197825cD94EcCC1f9c67416e
UniV2FactoryA: 0xB77d61Ea79c7Ea8bfa03d3604Ce5EaBfb95C2aB2
UniV2FactoryB: 0x154E2238a212Ee4209111D2F3F6351D80e5d74B6
WETH: 0xd676AF79742bCAeb4a71CF62b85d5ba2D1deaf86
DAI addresses: [ '0x1CD4aF4A9bF33474C802d31790A195335f7a9Ab8' ]
[0x2c57d1CFC6d5f8E4182a56b4cf75421472eBAEa4] swapping 0.164742109314857582 WETH for DAI
Nonce calculation debug:
- currentNonce (from getTransactionCount): 20
- nonce.override: 160
- nonce.offset: undefined
- Final nonce value: 180
Sending bundle: [
  '0x02f901778330182481b485012a05f2008512a05f2000830249f0946c6340ba1dc72c59197825cd94eccc1f9c67416e80b901040cc7326300000000000000000000000000000000000000000000000000000000000000a0000000000000000000000000000000000000000000000000024948135942ba6e000000000000000000000000154e2238a212ee4209111d2f3f6351d80e5d74b60000000000000000000000002c57d1cfc6d5f8e4182a56b4cf75421472ebaea400000000000000000000000000000000000000000000000000000000000000000000000000000000000000000000000000000000000000000000000000000002000000000000000000000000d676af79742bcaeb4a71cf62b85d5ba2d1deaf860000000000000000000000001cd4af4a9bf33474c802d31790a195335f7a9ab8c001a0c168a158f3dbe9a6b99c0ace33b930fe4b0a870310ac363ddec048a016c7d36ba0235854260ec3a054f1139ca01e60a62e54d042f8a0a8b9e8077020b69a716089'
]
nonceOffset: 161
nonceOffset before: 161
Generating swaps with params: {
  targetBlockNumber: 10,
  txsPerBundle: 1,
  sendRoute: 1,
  txStrategy: 'univ2',
  profRpcUrl: 'None',
  nonceOffset: 161
}
Generating swaps with params: {}
Current nonce for 0x2c57d1CFC6d5f8E4182a56b4cf75421472eBAEa4: 20
Contract Addresses:
AtomicSwap: 0x6C6340BA1Dc72c59197825cD94EcCC1f9c67416e
UniV2FactoryA: 0xB77d61Ea79c7Ea8bfa03d3604Ce5EaBfb95C2aB2
UniV2FactoryB: 0x154E2238a212Ee4209111D2F3F6351D80e5d74B6
WETH: 0xd676AF79742bCAeb4a71CF62b85d5ba2D1deaf86
DAI addresses: [ '0x1CD4aF4A9bF33474C802d31790A195335f7a9Ab8' ]
[0x2c57d1CFC6d5f8E4182a56b4cf75421472eBAEa4] swapping 528.0 DAI for WETH
Nonce calculation debug:
- currentNonce (from getTransactionCount): 20
- nonce.override: 161
- nonce.offset: undefined
- Final nonce value: 181
Sending bundle: [
  '0x02f901778330182481b585012a05f2008512a05f2000830249f0946c6340ba1dc72c59197825cd94eccc1f9c67416e80b901040cc7326300000000000000000000000000000000000000000000000000000000000000a000000000000000000000000000000000000000000000001c9f78d2893e400000000000000000000000000000b77d61ea79c7ea8bfa03d3604ce5eabfb95c2ab20000000000000000000000002c57d1cfc6d5f8e4182a56b4cf75421472ebaea4000000000000000000000000000000000000000000000000000000000000000000000000000000000000000000000000000000000000000000000000000000020000000000000000000000001cd4af4a9bf33474c802d31790a195335f7a9ab8000000000000000000000000d676af79742bcaeb4a71cf62b85d5ba2d1deaf86c080a0c9664567be67d527be37d4199bec455dff8cd006b8d6ff2686e6df738b8f6ea7a0301f4bbe54c0b4b58d374f99dff30d83861e5c2c6bfb473692d213f873445bb6'
]
nonceOffset: 162
nonceOffset before: 162
Generating swaps with params: {
  targetBlockNumber: 10,
  txsPerBundle: 1,
  sendRoute: 1,
  txStrategy: 'univ2',
  profRpcUrl: 'None',
  nonceOffset: 162
}
Generating swaps with params: {}
Current nonce for 0x2c57d1CFC6d5f8E4182a56b4cf75421472eBAEa4: 20
Contract Addresses:
AtomicSwap: 0x6C6340BA1Dc72c59197825cD94EcCC1f9c67416e
UniV2FactoryA: 0xB77d61Ea79c7Ea8bfa03d3604Ce5EaBfb95C2aB2
UniV2FactoryB: 0x154E2238a212Ee4209111D2F3F6351D80e5d74B6
WETH: 0xd676AF79742bCAeb4a71CF62b85d5ba2D1deaf86
DAI addresses: [ '0x1CD4aF4A9bF33474C802d31790A195335f7a9Ab8' ]
[0x2c57d1CFC6d5f8E4182a56b4cf75421472eBAEa4] swapping 0.561970746728252501 WETH for DAI
Nonce calculation debug:
- currentNonce (from getTransactionCount): 20
- nonce.override: 162
- nonce.offset: undefined
- Final nonce value: 182
Sending bundle: [
  '0x02f901778330182481b685012a05f2008512a05f2000830249f0946c6340ba1dc72c59197825cd94eccc1f9c67416e80b901040cc7326300000000000000000000000000000000000000000000000000000000000000a000000000000000000000000000000000000000000000000007cc856aace60455000000000000000000000000b77d61ea79c7ea8bfa03d3604ce5eabfb95c2ab20000000000000000000000002c57d1cfc6d5f8e4182a56b4cf75421472ebaea400000000000000000000000000000000000000000000000000000000000000000000000000000000000000000000000000000000000000000000000000000002000000000000000000000000d676af79742bcaeb4a71cf62b85d5ba2d1deaf860000000000000000000000001cd4af4a9bf33474c802d31790a195335f7a9ab8c080a0cfcb3e128b150879b10bb25755adeaaee8ce0b4d331b011012c98be62f35805fa06d0bdc5a1776a12b82f02dc79739e7b0ab447da08c926afa9d13e30d16c4294c'
]
nonceOffset: 163
nonceOffset before: 163
Generating swaps with params: {
  targetBlockNumber: 10,
  txsPerBundle: 1,
  sendRoute: 1,
  txStrategy: 'univ2',
  profRpcUrl: 'None',
  nonceOffset: 163
}
Generating swaps with params: {}
Current nonce for 0x2c57d1CFC6d5f8E4182a56b4cf75421472eBAEa4: 20
Contract Addresses:
AtomicSwap: 0x6C6340BA1Dc72c59197825cD94EcCC1f9c67416e
UniV2FactoryA: 0xB77d61Ea79c7Ea8bfa03d3604Ce5EaBfb95C2aB2
UniV2FactoryB: 0x154E2238a212Ee4209111D2F3F6351D80e5d74B6
WETH: 0xd676AF79742bCAeb4a71CF62b85d5ba2D1deaf86
DAI addresses: [ '0x1CD4aF4A9bF33474C802d31790A195335f7a9Ab8' ]
[0x2c57d1CFC6d5f8E4182a56b4cf75421472eBAEa4] swapping 770.0 DAI for WETH
Nonce calculation debug:
- currentNonce (from getTransactionCount): 20
- nonce.override: 163
- nonce.offset: undefined
- Final nonce value: 183
Sending bundle: [
  '0x02f901778330182481b785012a05f2008512a05f2000830249f0946c6340ba1dc72c59197825cd94eccc1f9c67416e80b901040cc7326300000000000000000000000000000000000000000000000000000000000000a0000000000000000000000000000000000000000000000029bde5885d7ac80000000000000000000000000000b77d61ea79c7ea8bfa03d3604ce5eabfb95c2ab20000000000000000000000002c57d1cfc6d5f8e4182a56b4cf75421472ebaea4000000000000000000000000000000000000000000000000000000000000000000000000000000000000000000000000000000000000000000000000000000020000000000000000000000001cd4af4a9bf33474c802d31790a195335f7a9ab8000000000000000000000000d676af79742bcaeb4a71cf62b85d5ba2d1deaf86c080a0a10ff26c3944a85fc6803bae6690d7888745f8d654a4b6b27a59976490a0a299a02137f783bf26f07993e6175a4d4db31dac3537298b82a5b9e268bd7a6313fcd7'
]
nonceOffset: 164
nonceOffset before: 164
Generating swaps with params: {
  targetBlockNumber: 10,
  txsPerBundle: 1,
  sendRoute: 1,
  txStrategy: 'univ2',
  profRpcUrl: 'None',
  nonceOffset: 164
}
Generating swaps with params: {}
Current nonce for 0x2c57d1CFC6d5f8E4182a56b4cf75421472eBAEa4: 20
Contract Addresses:
AtomicSwap: 0x6C6340BA1Dc72c59197825cD94EcCC1f9c67416e
UniV2FactoryA: 0xB77d61Ea79c7Ea8bfa03d3604Ce5EaBfb95C2aB2
UniV2FactoryB: 0x154E2238a212Ee4209111D2F3F6351D80e5d74B6
WETH: 0xd676AF79742bCAeb4a71CF62b85d5ba2D1deaf86
DAI addresses: [ '0x1CD4aF4A9bF33474C802d31790A195335f7a9Ab8' ]
[0x2c57d1CFC6d5f8E4182a56b4cf75421472eBAEa4] swapping 0.592449922958397534 WETH for DAI
Nonce calculation debug:
- currentNonce (from getTransactionCount): 20
- nonce.override: 164
- nonce.offset: undefined
- Final nonce value: 184
Sending bundle: [
  '0x02f901778330182481b885012a05f2008512a05f2000830249f0946c6340ba1dc72c59197825cd94eccc1f9c67416e80b901040cc7326300000000000000000000000000000000000000000000000000000000000000a00000000000000000000000000000000000000000000000000838ce10e524905e000000000000000000000000154e2238a212ee4209111d2f3f6351d80e5d74b60000000000000000000000002c57d1cfc6d5f8e4182a56b4cf75421472ebaea400000000000000000000000000000000000000000000000000000000000000000000000000000000000000000000000000000000000000000000000000000002000000000000000000000000d676af79742bcaeb4a71cf62b85d5ba2d1deaf860000000000000000000000001cd4af4a9bf33474c802d31790a195335f7a9ab8c001a0b8d257459107d2dc7dce4e801607bbd3cd820b37a80e387fbae775226647beaaa02dd1c186af350a40b21aaa610f12d135a92a86408014c64cb0012642b84aff7c'
]
nonceOffset: 165
nonceOffset before: 165
Generating swaps with params: {
  targetBlockNumber: 10,
  txsPerBundle: 1,
  sendRoute: 1,
  txStrategy: 'univ2',
  profRpcUrl: 'None',
  nonceOffset: 165
}
Generating swaps with params: {}
Current nonce for 0x2c57d1CFC6d5f8E4182a56b4cf75421472eBAEa4: 20
Contract Addresses:
AtomicSwap: 0x6C6340BA1Dc72c59197825cD94EcCC1f9c67416e
UniV2FactoryA: 0xB77d61Ea79c7Ea8bfa03d3604Ce5EaBfb95C2aB2
UniV2FactoryB: 0x154E2238a212Ee4209111D2F3F6351D80e5d74B6
WETH: 0xd676AF79742bCAeb4a71CF62b85d5ba2D1deaf86
DAI addresses: [ '0x1CD4aF4A9bF33474C802d31790A195335f7a9Ab8' ]
[0x2c57d1CFC6d5f8E4182a56b4cf75421472eBAEa4] swapping 0.68899153194765204 WETH for DAI
Nonce calculation debug:
- currentNonce (from getTransactionCount): 20
- nonce.override: 165
- nonce.offset: undefined
- Final nonce value: 185
Sending bundle: [
  '0x02f901778330182481b985012a05f2008512a05f2000830249f0946c6340ba1dc72c59197825cd94eccc1f9c67416e80b901040cc7326300000000000000000000000000000000000000000000000000000000000000a0000000000000000000000000000000000000000000000000098fca25dafdf3c8000000000000000000000000b77d61ea79c7ea8bfa03d3604ce5eabfb95c2ab20000000000000000000000002c57d1cfc6d5f8e4182a56b4cf75421472ebaea400000000000000000000000000000000000000000000000000000000000000000000000000000000000000000000000000000000000000000000000000000002000000000000000000000000d676af79742bcaeb4a71cf62b85d5ba2d1deaf860000000000000000000000001cd4af4a9bf33474c802d31790a195335f7a9ab8c080a004db32ccb5689311762b4b93177bebcb3f167691aae1a69dfa162a3a7bca3f9fa066d8c3ac4ca464f5a68601ef1adba65f3215424b831725c5d569a7247c27270c'
]
nonceOffset: 166
nonceOffset before: 166
Generating swaps with params: {
  targetBlockNumber: 10,
  txsPerBundle: 1,
  sendRoute: 1,
  txStrategy: 'univ2',
  profRpcUrl: 'None',
  nonceOffset: 166
}
Generating swaps with params: {}
Current nonce for 0x2c57d1CFC6d5f8E4182a56b4cf75421472eBAEa4: 20
Contract Addresses:
AtomicSwap: 0x6C6340BA1Dc72c59197825cD94EcCC1f9c67416e
UniV2FactoryA: 0xB77d61Ea79c7Ea8bfa03d3604Ce5EaBfb95C2aB2
UniV2FactoryB: 0x154E2238a212Ee4209111D2F3F6351D80e5d74B6
WETH: 0xd676AF79742bCAeb4a71CF62b85d5ba2D1deaf86
DAI addresses: [ '0x1CD4aF4A9bF33474C802d31790A195335f7a9Ab8' ]
[0x2c57d1CFC6d5f8E4182a56b4cf75421472eBAEa4] swapping 834.0 DAI for WETH
Nonce calculation debug:
- currentNonce (from getTransactionCount): 20
- nonce.override: 166
- nonce.offset: undefined
- Final nonce value: 186
Sending bundle: [
  '0x02f901778330182481ba85012a05f2008512a05f2000830249f0946c6340ba1dc72c59197825cd94eccc1f9c67416e80b901040cc7326300000000000000000000000000000000000000000000000000000000000000a000000000000000000000000000000000000000000000002d3613354753c80000000000000000000000000000b77d61ea79c7ea8bfa03d3604ce5eabfb95c2ab20000000000000000000000002c57d1cfc6d5f8e4182a56b4cf75421472ebaea4000000000000000000000000000000000000000000000000000000000000000000000000000000000000000000000000000000000000000000000000000000020000000000000000000000001cd4af4a9bf33474c802d31790a195335f7a9ab8000000000000000000000000d676af79742bcaeb4a71cf62b85d5ba2d1deaf86c001a0184c1298b19a0bd39912458579b8a6eb32ee9bccab3c0df4c554246f1a1759faa04a9a822c5e9987cef183be07a0ac9ac5d545ada6111d085e029f96f6dd032d79'
]
nonceOffset: 167
nonceOffset before: 167
Generating swaps with params: {
  targetBlockNumber: 10,
  txsPerBundle: 1,
  sendRoute: 1,
  txStrategy: 'univ2',
  profRpcUrl: 'None',
  nonceOffset: 167
}
Generating swaps with params: {}
Current nonce for 0x2c57d1CFC6d5f8E4182a56b4cf75421472eBAEa4: 20
Contract Addresses:
AtomicSwap: 0x6C6340BA1Dc72c59197825cD94EcCC1f9c67416e
UniV2FactoryA: 0xB77d61Ea79c7Ea8bfa03d3604Ce5EaBfb95C2aB2
UniV2FactoryB: 0x154E2238a212Ee4209111D2F3F6351D80e5d74B6
WETH: 0xd676AF79742bCAeb4a71CF62b85d5ba2D1deaf86
DAI addresses: [ '0x1CD4aF4A9bF33474C802d31790A195335f7a9Ab8' ]
[0x2c57d1CFC6d5f8E4182a56b4cf75421472eBAEa4] swapping 110.0 DAI for WETH
Nonce calculation debug:
- currentNonce (from getTransactionCount): 20
- nonce.override: 167
- nonce.offset: undefined
- Final nonce value: 187
Sending bundle: [
  '0x02f901778330182481bb85012a05f2008512a05f2000830249f0946c6340ba1dc72c59197825cd94eccc1f9c67416e80b901040cc7326300000000000000000000000000000000000000000000000000000000000000a0000000000000000000000000000000000000000000000005f68e8131ecf80000000000000000000000000000b77d61ea79c7ea8bfa03d3604ce5eabfb95c2ab20000000000000000000000002c57d1cfc6d5f8e4182a56b4cf75421472ebaea4000000000000000000000000000000000000000000000000000000000000000000000000000000000000000000000000000000000000000000000000000000020000000000000000000000001cd4af4a9bf33474c802d31790a195335f7a9ab8000000000000000000000000d676af79742bcaeb4a71cf62b85d5ba2d1deaf86c001a022ea21dc5f8fe5683105d4d00bc3712af0a9067f5341ee464bf2b132143c4979a028fc535845502e17828ab3a67949e8317be5b93a03de5e76814f4107f5ef4abf'
]
nonceOffset: 168
nonceOffset before: 168
Generating swaps with params: {
  targetBlockNumber: 10,
  txsPerBundle: 1,
  sendRoute: 1,
  txStrategy: 'univ2',
  profRpcUrl: 'None',
  nonceOffset: 168
}
Generating swaps with params: {}
Current nonce for 0x2c57d1CFC6d5f8E4182a56b4cf75421472eBAEa4: 20
Contract Addresses:
AtomicSwap: 0x6C6340BA1Dc72c59197825cD94EcCC1f9c67416e
UniV2FactoryA: 0xB77d61Ea79c7Ea8bfa03d3604Ce5EaBfb95C2aB2
UniV2FactoryB: 0x154E2238a212Ee4209111D2F3F6351D80e5d74B6
WETH: 0xd676AF79742bCAeb4a71CF62b85d5ba2D1deaf86
DAI addresses: [ '0x1CD4aF4A9bF33474C802d31790A195335f7a9Ab8' ]
[0x2c57d1CFC6d5f8E4182a56b4cf75421472eBAEa4] swapping 903.0 DAI for WETH
Nonce calculation debug:
- currentNonce (from getTransactionCount): 20
- nonce.override: 168
- nonce.offset: undefined
- Final nonce value: 188
Sending bundle: [
  '0x02f901778330182481bc85012a05f2008512a05f2000830249f0946c6340ba1dc72c59197825cd94eccc1f9c67416e80b901040cc7326300000000000000000000000000000000000000000000000000000000000000a0000000000000000000000000000000000000000000000030f3a473b371bc0000000000000000000000000000b77d61ea79c7ea8bfa03d3604ce5eabfb95c2ab20000000000000000000000002c57d1cfc6d5f8e4182a56b4cf75421472ebaea4000000000000000000000000000000000000000000000000000000000000000000000000000000000000000000000000000000000000000000000000000000020000000000000000000000001cd4af4a9bf33474c802d31790a195335f7a9ab8000000000000000000000000d676af79742bcaeb4a71cf62b85d5ba2d1deaf86c001a063c7f17435e6fda2decae1de90407cddf45b374a28036d149d3ecd47ae1f65f8a0030ca2e9085a1d9a938e9790d6500e9e346789e371bc8292c52301ba2e4a7a7b'
]
nonceOffset: 169
nonceOffset before: 169
Generating swaps with params: {
  targetBlockNumber: 10,
  txsPerBundle: 1,
  sendRoute: 1,
  txStrategy: 'univ2',
  profRpcUrl: 'None',
  nonceOffset: 169
}
Generating swaps with params: {}
Current nonce for 0x2c57d1CFC6d5f8E4182a56b4cf75421472eBAEa4: 20
Contract Addresses:
AtomicSwap: 0x6C6340BA1Dc72c59197825cD94EcCC1f9c67416e
UniV2FactoryA: 0xB77d61Ea79c7Ea8bfa03d3604Ce5EaBfb95C2aB2
UniV2FactoryB: 0x154E2238a212Ee4209111D2F3F6351D80e5d74B6
WETH: 0xd676AF79742bCAeb4a71CF62b85d5ba2D1deaf86
DAI addresses: [ '0x1CD4aF4A9bF33474C802d31790A195335f7a9Ab8' ]
[0x2c57d1CFC6d5f8E4182a56b4cf75421472eBAEa4] swapping 382.0 DAI for WETH
Nonce calculation debug:
- currentNonce (from getTransactionCount): 20
- nonce.override: 169
- nonce.offset: undefined
- Final nonce value: 189
Sending bundle: [
  '0x02f901778330182481bd85012a05f2008512a05f2000830249f0946c6340ba1dc72c59197825cd94eccc1f9c67416e80b901040cc7326300000000000000000000000000000000000000000000000000000000000000a0000000000000000000000000000000000000000000000014b550a013c7380000000000000000000000000000154e2238a212ee4209111d2f3f6351d80e5d74b60000000000000000000000002c57d1cfc6d5f8e4182a56b4cf75421472ebaea4000000000000000000000000000000000000000000000000000000000000000000000000000000000000000000000000000000000000000000000000000000020000000000000000000000001cd4af4a9bf33474c802d31790a195335f7a9ab8000000000000000000000000d676af79742bcaeb4a71cf62b85d5ba2d1deaf86c001a0f04d3583290e114e9fcff8d8890f76a03d3c011896640b2c36e4714a6cce5ceca01e2e88d565f530d94f00112aa91a522fea3d76e2735a99d29152753533053dd0'
]
nonceOffset: 170
nonceOffset before: 170
Generating swaps with params: {
  targetBlockNumber: 10,
  txsPerBundle: 1,
  sendRoute: 1,
  txStrategy: 'univ2',
  profRpcUrl: 'None',
  nonceOffset: 170
}
Generating swaps with params: {}
Current nonce for 0x2c57d1CFC6d5f8E4182a56b4cf75421472eBAEa4: 20
Contract Addresses:
AtomicSwap: 0x6C6340BA1Dc72c59197825cD94EcCC1f9c67416e
UniV2FactoryA: 0xB77d61Ea79c7Ea8bfa03d3604Ce5EaBfb95C2aB2
UniV2FactoryB: 0x154E2238a212Ee4209111D2F3F6351D80e5d74B6
WETH: 0xd676AF79742bCAeb4a71CF62b85d5ba2D1deaf86
DAI addresses: [ '0x1CD4aF4A9bF33474C802d31790A195335f7a9Ab8' ]
[0x2c57d1CFC6d5f8E4182a56b4cf75421472eBAEa4] swapping 0.598922247882986913 WETH for DAI
Nonce calculation debug:
- currentNonce (from getTransactionCount): 20
- nonce.override: 170
- nonce.offset: undefined
- Final nonce value: 190
Sending bundle: [
  '0x02f901778330182481be85012a05f2008512a05f2000830249f0946c6340ba1dc72c59197825cd94eccc1f9c67416e80b901040cc7326300000000000000000000000000000000000000000000000000000000000000a0000000000000000000000000000000000000000000000000084fcc9c7924d5a1000000000000000000000000b77d61ea79c7ea8bfa03d3604ce5eabfb95c2ab20000000000000000000000002c57d1cfc6d5f8e4182a56b4cf75421472ebaea400000000000000000000000000000000000000000000000000000000000000000000000000000000000000000000000000000000000000000000000000000002000000000000000000000000d676af79742bcaeb4a71cf62b85d5ba2d1deaf860000000000000000000000001cd4af4a9bf33474c802d31790a195335f7a9ab8c080a0b443d17727468ea425cba67e4bb3d6602316437382bb5e85144f25154c33c68ba06bc8cc9478e700f52fc7786f53c99ab587f47fbb65a4a6e362ff0077f0167bb3'
]
nonceOffset: 171
nonceOffset before: 171
Generating swaps with params: {
  targetBlockNumber: 10,
  txsPerBundle: 1,
  sendRoute: 1,
  txStrategy: 'univ2',
  profRpcUrl: 'None',
  nonceOffset: 171
}
Generating swaps with params: {}
Current nonce for 0x2c57d1CFC6d5f8E4182a56b4cf75421472eBAEa4: 20
Contract Addresses:
AtomicSwap: 0x6C6340BA1Dc72c59197825cD94EcCC1f9c67416e
UniV2FactoryA: 0xB77d61Ea79c7Ea8bfa03d3604Ce5EaBfb95C2aB2
UniV2FactoryB: 0x154E2238a212Ee4209111D2F3F6351D80e5d74B6
WETH: 0xd676AF79742bCAeb4a71CF62b85d5ba2D1deaf86
DAI addresses: [ '0x1CD4aF4A9bF33474C802d31790A195335f7a9Ab8' ]
[0x2c57d1CFC6d5f8E4182a56b4cf75421472eBAEa4] swapping 0.112307692307692307 WETH for DAI
Nonce calculation debug:
- currentNonce (from getTransactionCount): 20
- nonce.override: 171
- nonce.offset: undefined
- Final nonce value: 191
Sending bundle: [
  '0x02f901778330182481bf85012a05f2008512a05f2000830249f0946c6340ba1dc72c59197825cd94eccc1f9c67416e80b901040cc7326300000000000000000000000000000000000000000000000000000000000000a0000000000000000000000000000000000000000000000000018eff40498b3b13000000000000000000000000b77d61ea79c7ea8bfa03d3604ce5eabfb95c2ab20000000000000000000000002c57d1cfc6d5f8e4182a56b4cf75421472ebaea400000000000000000000000000000000000000000000000000000000000000000000000000000000000000000000000000000000000000000000000000000002000000000000000000000000d676af79742bcaeb4a71cf62b85d5ba2d1deaf860000000000000000000000001cd4af4a9bf33474c802d31790a195335f7a9ab8c080a03883998962bfc383ff091643d84d861491f21d5ae2f6fcaf85f561df63baea00a04fde5914d09103570ac28c8295182c95aae6a818d90251d07746907faf5de193'
]
nonceOffset: 172
nonceOffset before: 172
Generating swaps with params: {
  targetBlockNumber: 10,
  txsPerBundle: 1,
  sendRoute: 1,
  txStrategy: 'univ2',
  profRpcUrl: 'None',
  nonceOffset: 172
}
Generating swaps with params: {}
Current nonce for 0x2c57d1CFC6d5f8E4182a56b4cf75421472eBAEa4: 20
Contract Addresses:
AtomicSwap: 0x6C6340BA1Dc72c59197825cD94EcCC1f9c67416e
UniV2FactoryA: 0xB77d61Ea79c7Ea8bfa03d3604Ce5EaBfb95C2aB2
UniV2FactoryB: 0x154E2238a212Ee4209111D2F3F6351D80e5d74B6
WETH: 0xd676AF79742bCAeb4a71CF62b85d5ba2D1deaf86
DAI addresses: [ '0x1CD4aF4A9bF33474C802d31790A195335f7a9Ab8' ]
[0x2c57d1CFC6d5f8E4182a56b4cf75421472eBAEa4] swapping 0.493456505003849114 WETH for DAI
Nonce calculation debug:
- currentNonce (from getTransactionCount): 20
- nonce.override: 172
- nonce.offset: undefined
- Final nonce value: 192
Sending bundle: [
  '0x02f901778330182481c085012a05f2008512a05f2000830249f0946c6340ba1dc72c59197825cd94eccc1f9c67416e80b901040cc7326300000000000000000000000000000000000000000000000000000000000000a000000000000000000000000000000000000000000000000006d91c13acdc359a000000000000000000000000b77d61ea79c7ea8bfa03d3604ce5eabfb95c2ab20000000000000000000000002c57d1cfc6d5f8e4182a56b4cf75421472ebaea400000000000000000000000000000000000000000000000000000000000000000000000000000000000000000000000000000000000000000000000000000002000000000000000000000000d676af79742bcaeb4a71cf62b85d5ba2d1deaf860000000000000000000000001cd4af4a9bf33474c802d31790a195335f7a9ab8c001a077f9f46e955ddd45d5eabab3a31df8fbfe6b5aaa06dd1034de83230a917bafa6a06556833ee8b19cc9d540358a8f4f177c35b37e43ccecf93671888edec424bb9d'
]
nonceOffset: 173
nonceOffset before: 173
Generating swaps with params: {
  targetBlockNumber: 10,
  txsPerBundle: 1,
  sendRoute: 1,
  txStrategy: 'univ2',
  profRpcUrl: 'None',
  nonceOffset: 173
}
Generating swaps with params: {}
Current nonce for 0x2c57d1CFC6d5f8E4182a56b4cf75421472eBAEa4: 20
Contract Addresses:
AtomicSwap: 0x6C6340BA1Dc72c59197825cD94EcCC1f9c67416e
UniV2FactoryA: 0xB77d61Ea79c7Ea8bfa03d3604Ce5EaBfb95C2aB2
UniV2FactoryB: 0x154E2238a212Ee4209111D2F3F6351D80e5d74B6
WETH: 0xd676AF79742bCAeb4a71CF62b85d5ba2D1deaf86
DAI addresses: [ '0x1CD4aF4A9bF33474C802d31790A195335f7a9Ab8' ]
[0x2c57d1CFC6d5f8E4182a56b4cf75421472eBAEa4] swapping 0.424615384615384615 WETH for DAI
Nonce calculation debug:
- currentNonce (from getTransactionCount): 20
- nonce.override: 173
- nonce.offset: undefined
- Final nonce value: 193
Sending bundle: [
  '0x02f901778330182481c185012a05f2008512a05f2000830249f0946c6340ba1dc72c59197825cd94eccc1f9c67416e80b901040cc7326300000000000000000000000000000000000000000000000000000000000000a000000000000000000000000000000000000000000000000005e489714e2a7627000000000000000000000000b77d61ea79c7ea8bfa03d3604ce5eabfb95c2ab20000000000000000000000002c57d1cfc6d5f8e4182a56b4cf75421472ebaea400000000000000000000000000000000000000000000000000000000000000000000000000000000000000000000000000000000000000000000000000000002000000000000000000000000d676af79742bcaeb4a71cf62b85d5ba2d1deaf860000000000000000000000001cd4af4a9bf33474c802d31790a195335f7a9ab8c080a0670d98b74245d0bdc9642c99e3ef783bd7a001563522c539edf611ae527d0e0aa049842faff27db5aa8cf4dcd3c0154b128355e3604ee9b9fe89535d14fb9398db'
]
